2025-07-16 19:30:46,414 - INFO - Logger initialized. Writing detailed log to /home/projects/bagon/andreyg/Projects/Object_reps_neural/Programming/hugging_face/model_experiments/segformer/exp2TTC/logs/ttc_exp_20250716_193046.log
2025-07-16 19:30:46,414 - INFO - VideoProcessor initialized with 2 blobs to detect
2025-07-16 19:30:46,414 - INFO - Blob 1 memory strategy: running_average
2025-07-16 19:30:46,414 - INFO - Blob 1 running average window: 10
2025-07-16 19:30:46,414 - INFO - Blob 1 memory will freeze after frame: 80
2025-07-16 19:30:46,414 - INFO - Vanilla segmentation enabled
2025-07-16 19:30:46,414 - INFO - Initialized TTC Experiment with output dir: /home/projects/bagon/andreyg/Projects/Object_reps_neural/Programming/hugging_face/model_experiments/segformer/exp2TTC
2025-07-16 19:30:46,414 - INFO - TTC-specific configuration:
2025-07-16 19:30:46,414 - INFO -   - Blob 1 memory: running average of past 10 frames
2025-07-16 19:30:46,414 - INFO -   - Blob 1 memory updates stop after frame 80
2025-07-16 19:30:46,414 - INFO - Starting full TTC experiment
2025-07-16 19:30:46,415 - INFO - Found 99 video files to process
2025-07-16 19:30:46,415 - INFO - Reading participant CSV from /home/projects/bagon/andreyg/Projects/Object_reps_neural/Programming/hugging_face/model_experiments/exp2TTC_files/experiment2-CollisionDetection-Data.csv...
2025-07-16 19:30:46,432 - INFO - CSV loaded with 13974 rows and 10 columns.
2025-07-16 19:30:46,432 - INFO - Starting collision detection across videos and IoU thresholds...
2025-07-16 19:30:46,433 - INFO - Processing video: AConcave_FConcave
2025-07-16 19:30:46,433 - INFO - Video AConcave_FConcave already processed (found segformer_model-AConcave_FConcave.mp4), skipping video processing...
2025-07-16 19:30:46,441 - INFO - VanillaSegmentationSaver initialized with output dir: /home/projects/bagon/andreyg/Projects/Object_reps_neural/Programming/hugging_face/model_experiments/segformer/exp2TTC/processed_videos/segformer_model-AConcave_FConcave/org_segmentation
2025-07-16 19:30:46,444 - INFO - All collision results already exist for AConcave_FConcave
2025-07-16 19:30:46,445 - DEBUG - Loaded collision time for AConcave_FConcave at IoU 0.05: nan
2025-07-16 19:30:46,445 - DEBUG - Loaded collision time for AConcave_FConcave at IoU 0.1: nan
2025-07-16 19:30:46,445 - DEBUG - Loaded collision time for AConcave_FConcave at IoU 0.15: nan
2025-07-16 19:30:46,446 - DEBUG - Loaded collision time for AConcave_FConcave at IoU 0.2: nan
2025-07-16 19:30:46,446 - DEBUG - Loaded collision time for AConcave_FConcave at IoU 0.25: nan
2025-07-16 19:30:46,447 - DEBUG - Loaded collision time for AConcave_FConcave at IoU 0.3: nan
2025-07-16 19:30:46,447 - DEBUG - Loaded collision time for AConcave_FConcave at IoU 0.35: nan
2025-07-16 19:30:46,447 - DEBUG - Loaded collision time for AConcave_FConcave at IoU 0.4: nan
2025-07-16 19:30:46,447 - DEBUG - Loaded collision time for AConcave_FConcave at IoU 0.45: nan
2025-07-16 19:30:46,448 - DEBUG - Loaded collision time for AConcave_FConcave at IoU 0.5: nan
2025-07-16 19:30:46,448 - DEBUG - Loaded collision time for AConcave_FConcave at IoU 0.55: nan
2025-07-16 19:30:46,448 - DEBUG - Loaded collision time for AConcave_FConcave at IoU 0.6: nan
2025-07-16 19:30:46,449 - DEBUG - Loaded collision time for AConcave_FConcave at IoU 0.65: nan
2025-07-16 19:30:46,449 - DEBUG - Loaded collision time for AConcave_FConcave at IoU 0.7: nan
2025-07-16 19:30:46,449 - DEBUG - Loaded collision time for AConcave_FConcave at IoU 0.75: nan
2025-07-16 19:30:46,450 - DEBUG - Loaded collision time for AConcave_FConcave at IoU 0.8: nan
2025-07-16 19:30:46,450 - DEBUG - Loaded collision time for AConcave_FConcave at IoU 0.85: nan
2025-07-16 19:30:46,450 - DEBUG - Loaded collision time for AConcave_FConcave at IoU 0.9: nan
2025-07-16 19:30:46,450 - DEBUG - Loaded collision time for AConcave_FConcave at IoU 0.95: nan
2025-07-16 19:30:46,451 - INFO - Processing video: BConcave+AConcave+3500
2025-07-16 19:30:46,451 - INFO - Video BConcave+AConcave+3500 already processed (found segformer_model-BConcave+AConcave+3500.mp4), skipping video processing...
2025-07-16 19:30:46,458 - INFO - VanillaSegmentationSaver initialized with output dir: /home/projects/bagon/andreyg/Projects/Object_reps_neural/Programming/hugging_face/model_experiments/segformer/exp2TTC/processed_videos/segformer_model-BConcave+AConcave+3500/org_segmentation
2025-07-16 19:30:46,462 - INFO - All collision results already exist for BConcave+AConcave+3500
2025-07-16 19:30:46,463 - DEBUG - Loaded collision time for BConcave+AConcave+3500 at IoU 0.05: 3716.666666666667
2025-07-16 19:30:46,463 - DEBUG - Loaded collision time for BConcave+AConcave+3500 at IoU 0.1: 3783.333333333333
2025-07-16 19:30:46,463 - DEBUG - Loaded collision time for BConcave+AConcave+3500 at IoU 0.15: 3833.3333333333335
2025-07-16 19:30:46,463 - DEBUG - Loaded collision time for BConcave+AConcave+3500 at IoU 0.2: 3900.0
2025-07-16 19:30:46,464 - DEBUG - Loaded collision time for BConcave+AConcave+3500 at IoU 0.25: 3933.333333333333
2025-07-16 19:30:46,464 - DEBUG - Loaded collision time for BConcave+AConcave+3500 at IoU 0.3: 4016.6666666666665
2025-07-16 19:30:46,464 - DEBUG - Loaded collision time for BConcave+AConcave+3500 at IoU 0.35: nan
2025-07-16 19:30:46,465 - DEBUG - Loaded collision time for BConcave+AConcave+3500 at IoU 0.4: nan
2025-07-16 19:30:46,465 - DEBUG - Loaded collision time for BConcave+AConcave+3500 at IoU 0.45: nan
2025-07-16 19:30:46,465 - DEBUG - Loaded collision time for BConcave+AConcave+3500 at IoU 0.5: nan
2025-07-16 19:30:46,465 - DEBUG - Loaded collision time for BConcave+AConcave+3500 at IoU 0.55: nan
2025-07-16 19:30:46,465 - DEBUG - Loaded collision time for BConcave+AConcave+3500 at IoU 0.6: nan
2025-07-16 19:30:46,466 - DEBUG - Loaded collision time for BConcave+AConcave+3500 at IoU 0.65: nan
2025-07-16 19:30:46,466 - DEBUG - Loaded collision time for BConcave+AConcave+3500 at IoU 0.7: nan
2025-07-16 19:30:46,466 - DEBUG - Loaded collision time for BConcave+AConcave+3500 at IoU 0.75: nan
2025-07-16 19:30:46,466 - DEBUG - Loaded collision time for BConcave+AConcave+3500 at IoU 0.8: nan
2025-07-16 19:30:46,467 - DEBUG - Loaded collision time for BConcave+AConcave+3500 at IoU 0.85: nan
2025-07-16 19:30:46,467 - DEBUG - Loaded collision time for BConcave+AConcave+3500 at IoU 0.9: nan
2025-07-16 19:30:46,467 - DEBUG - Loaded collision time for BConcave+AConcave+3500 at IoU 0.95: nan
2025-07-16 19:30:46,467 - INFO - Processing video: BConcave+AConcave+3700_flipped
2025-07-16 19:30:46,468 - INFO - Video BConcave+AConcave+3700_flipped already processed (found segformer_model-BConcave+AConcave+3700_flipped.mp4), skipping video processing...
2025-07-16 19:30:46,474 - INFO - VanillaSegmentationSaver initialized with output dir: /home/projects/bagon/andreyg/Projects/Object_reps_neural/Programming/hugging_face/model_experiments/segformer/exp2TTC/processed_videos/segformer_model-BConcave+AConcave+3700_flipped/org_segmentation
2025-07-16 19:30:46,479 - INFO - All collision results already exist for BConcave+AConcave+3700_flipped
2025-07-16 19:30:46,479 - DEBUG - Loaded collision time for BConcave+AConcave+3700_flipped at IoU 0.05: nan
2025-07-16 19:30:46,479 - DEBUG - Loaded collision time for BConcave+AConcave+3700_flipped at IoU 0.1: nan
2025-07-16 19:30:46,479 - DEBUG - Loaded collision time for BConcave+AConcave+3700_flipped at IoU 0.15: nan
2025-07-16 19:30:46,480 - DEBUG - Loaded collision time for BConcave+AConcave+3700_flipped at IoU 0.2: nan
2025-07-16 19:30:46,480 - DEBUG - Loaded collision time for BConcave+AConcave+3700_flipped at IoU 0.25: nan
2025-07-16 19:30:46,480 - DEBUG - Loaded collision time for BConcave+AConcave+3700_flipped at IoU 0.3: nan
2025-07-16 19:30:46,480 - DEBUG - Loaded collision time for BConcave+AConcave+3700_flipped at IoU 0.35: nan
2025-07-16 19:30:46,481 - DEBUG - Loaded collision time for BConcave+AConcave+3700_flipped at IoU 0.4: nan
2025-07-16 19:30:46,481 - DEBUG - Loaded collision time for BConcave+AConcave+3700_flipped at IoU 0.45: nan
2025-07-16 19:30:46,481 - DEBUG - Loaded collision time for BConcave+AConcave+3700_flipped at IoU 0.5: nan
2025-07-16 19:30:46,482 - DEBUG - Loaded collision time for BConcave+AConcave+3700_flipped at IoU 0.55: nan
2025-07-16 19:30:46,482 - DEBUG - Loaded collision time for BConcave+AConcave+3700_flipped at IoU 0.6: nan
2025-07-16 19:30:46,482 - DEBUG - Loaded collision time for BConcave+AConcave+3700_flipped at IoU 0.65: nan
2025-07-16 19:30:46,482 - DEBUG - Loaded collision time for BConcave+AConcave+3700_flipped at IoU 0.7: nan
2025-07-16 19:30:46,483 - DEBUG - Loaded collision time for BConcave+AConcave+3700_flipped at IoU 0.75: nan
2025-07-16 19:30:46,483 - DEBUG - Loaded collision time for BConcave+AConcave+3700_flipped at IoU 0.8: nan
2025-07-16 19:30:46,483 - DEBUG - Loaded collision time for BConcave+AConcave+3700_flipped at IoU 0.85: nan
2025-07-16 19:30:46,484 - DEBUG - Loaded collision time for BConcave+AConcave+3700_flipped at IoU 0.9: nan
2025-07-16 19:30:46,484 - DEBUG - Loaded collision time for BConcave+AConcave+3700_flipped at IoU 0.95: nan
2025-07-16 19:30:46,484 - INFO - Processing video: BConcave+AConcave+3900
2025-07-16 19:30:46,485 - INFO - Video BConcave+AConcave+3900 already processed (found segformer_model-BConcave+AConcave+3900.mp4), skipping video processing...
2025-07-16 19:30:46,492 - INFO - VanillaSegmentationSaver initialized with output dir: /home/projects/bagon/andreyg/Projects/Object_reps_neural/Programming/hugging_face/model_experiments/segformer/exp2TTC/processed_videos/segformer_model-BConcave+AConcave+3900/org_segmentation
2025-07-16 19:30:46,496 - INFO - All collision results already exist for BConcave+AConcave+3900
2025-07-16 19:30:46,496 - DEBUG - Loaded collision time for BConcave+AConcave+3900 at IoU 0.05: 3666.6666666666665
2025-07-16 19:30:46,496 - DEBUG - Loaded collision time for BConcave+AConcave+3900 at IoU 0.1: 3816.666666666667
2025-07-16 19:30:46,496 - DEBUG - Loaded collision time for BConcave+AConcave+3900 at IoU 0.15: 3950.0
2025-07-16 19:30:46,497 - DEBUG - Loaded collision time for BConcave+AConcave+3900 at IoU 0.2: 4116.666666666666
2025-07-16 19:30:46,497 - DEBUG - Loaded collision time for BConcave+AConcave+3900 at IoU 0.25: 4266.666666666667
2025-07-16 19:30:46,497 - DEBUG - Loaded collision time for BConcave+AConcave+3900 at IoU 0.3: nan
2025-07-16 19:30:46,497 - DEBUG - Loaded collision time for BConcave+AConcave+3900 at IoU 0.35: nan
2025-07-16 19:30:46,498 - DEBUG - Loaded collision time for BConcave+AConcave+3900 at IoU 0.4: nan
2025-07-16 19:30:46,498 - DEBUG - Loaded collision time for BConcave+AConcave+3900 at IoU 0.45: nan
2025-07-16 19:30:46,498 - DEBUG - Loaded collision time for BConcave+AConcave+3900 at IoU 0.5: nan
2025-07-16 19:30:46,498 - DEBUG - Loaded collision time for BConcave+AConcave+3900 at IoU 0.55: nan
2025-07-16 19:30:46,499 - DEBUG - Loaded collision time for BConcave+AConcave+3900 at IoU 0.6: nan
2025-07-16 19:30:46,499 - DEBUG - Loaded collision time for BConcave+AConcave+3900 at IoU 0.65: nan
2025-07-16 19:30:46,499 - DEBUG - Loaded collision time for BConcave+AConcave+3900 at IoU 0.7: nan
2025-07-16 19:30:46,500 - DEBUG - Loaded collision time for BConcave+AConcave+3900 at IoU 0.75: nan
2025-07-16 19:30:46,500 - DEBUG - Loaded collision time for BConcave+AConcave+3900 at IoU 0.8: nan
2025-07-16 19:30:46,500 - DEBUG - Loaded collision time for BConcave+AConcave+3900 at IoU 0.85: nan
2025-07-16 19:30:46,501 - DEBUG - Loaded collision time for BConcave+AConcave+3900 at IoU 0.9: nan
2025-07-16 19:30:46,501 - DEBUG - Loaded collision time for BConcave+AConcave+3900 at IoU 0.95: nan
2025-07-16 19:30:46,501 - INFO - Processing video: BConcave+AConcave+4100_flipped
2025-07-16 19:30:46,501 - INFO - Video BConcave+AConcave+4100_flipped already processed (found segformer_model-BConcave+AConcave+4100_flipped.mp4), skipping video processing...
2025-07-16 19:30:46,508 - INFO - VanillaSegmentationSaver initialized with output dir: /home/projects/bagon/andreyg/Projects/Object_reps_neural/Programming/hugging_face/model_experiments/segformer/exp2TTC/processed_videos/segformer_model-BConcave+AConcave+4100_flipped/org_segmentation
2025-07-16 19:30:46,512 - INFO - All collision results already exist for BConcave+AConcave+4100_flipped
2025-07-16 19:30:46,512 - DEBUG - Loaded collision time for BConcave+AConcave+4100_flipped at IoU 0.05: nan
2025-07-16 19:30:46,513 - DEBUG - Loaded collision time for BConcave+AConcave+4100_flipped at IoU 0.1: nan
2025-07-16 19:30:46,513 - DEBUG - Loaded collision time for BConcave+AConcave+4100_flipped at IoU 0.15: nan
2025-07-16 19:30:46,513 - DEBUG - Loaded collision time for BConcave+AConcave+4100_flipped at IoU 0.2: nan
2025-07-16 19:30:46,513 - DEBUG - Loaded collision time for BConcave+AConcave+4100_flipped at IoU 0.25: nan
2025-07-16 19:30:46,514 - DEBUG - Loaded collision time for BConcave+AConcave+4100_flipped at IoU 0.3: nan
2025-07-16 19:30:46,514 - DEBUG - Loaded collision time for BConcave+AConcave+4100_flipped at IoU 0.35: nan
2025-07-16 19:30:46,515 - DEBUG - Loaded collision time for BConcave+AConcave+4100_flipped at IoU 0.4: nan
2025-07-16 19:30:46,515 - DEBUG - Loaded collision time for BConcave+AConcave+4100_flipped at IoU 0.45: nan
2025-07-16 19:30:46,515 - DEBUG - Loaded collision time for BConcave+AConcave+4100_flipped at IoU 0.5: nan
2025-07-16 19:30:46,516 - DEBUG - Loaded collision time for BConcave+AConcave+4100_flipped at IoU 0.55: nan
2025-07-16 19:30:46,516 - DEBUG - Loaded collision time for BConcave+AConcave+4100_flipped at IoU 0.6: nan
2025-07-16 19:30:46,517 - DEBUG - Loaded collision time for BConcave+AConcave+4100_flipped at IoU 0.65: nan
2025-07-16 19:30:46,517 - DEBUG - Loaded collision time for BConcave+AConcave+4100_flipped at IoU 0.7: nan
2025-07-16 19:30:46,517 - DEBUG - Loaded collision time for BConcave+AConcave+4100_flipped at IoU 0.75: nan
2025-07-16 19:30:46,517 - DEBUG - Loaded collision time for BConcave+AConcave+4100_flipped at IoU 0.8: nan
2025-07-16 19:30:46,518 - DEBUG - Loaded collision time for BConcave+AConcave+4100_flipped at IoU 0.85: nan
2025-07-16 19:30:46,518 - DEBUG - Loaded collision time for BConcave+AConcave+4100_flipped at IoU 0.9: nan
2025-07-16 19:30:46,518 - DEBUG - Loaded collision time for BConcave+AConcave+4100_flipped at IoU 0.95: nan
2025-07-16 19:30:46,518 - INFO - Processing video: BConcave+AConcave+4300
2025-07-16 19:30:46,519 - INFO - Video BConcave+AConcave+4300 already processed (found segformer_model-BConcave+AConcave+4300.mp4), skipping video processing...
2025-07-16 19:30:46,526 - INFO - VanillaSegmentationSaver initialized with output dir: /home/projects/bagon/andreyg/Projects/Object_reps_neural/Programming/hugging_face/model_experiments/segformer/exp2TTC/processed_videos/segformer_model-BConcave+AConcave+4300/org_segmentation
2025-07-16 19:30:46,530 - INFO - All collision results already exist for BConcave+AConcave+4300
2025-07-16 19:30:46,530 - DEBUG - Loaded collision time for BConcave+AConcave+4300 at IoU 0.05: 4500.0
2025-07-16 19:30:46,530 - DEBUG - Loaded collision time for BConcave+AConcave+4300 at IoU 0.1: 4550.0
2025-07-16 19:30:46,530 - DEBUG - Loaded collision time for BConcave+AConcave+4300 at IoU 0.15: 4600.0
2025-07-16 19:30:46,531 - DEBUG - Loaded collision time for BConcave+AConcave+4300 at IoU 0.2: 4650.0
2025-07-16 19:30:46,531 - DEBUG - Loaded collision time for BConcave+AConcave+4300 at IoU 0.25: 4683.333333333334
2025-07-16 19:30:46,532 - DEBUG - Loaded collision time for BConcave+AConcave+4300 at IoU 0.3: 4733.333333333333
2025-07-16 19:30:46,532 - DEBUG - Loaded collision time for BConcave+AConcave+4300 at IoU 0.35: 4800.0
2025-07-16 19:30:46,532 - DEBUG - Loaded collision time for BConcave+AConcave+4300 at IoU 0.4: nan
2025-07-16 19:30:46,532 - DEBUG - Loaded collision time for BConcave+AConcave+4300 at IoU 0.45: nan
2025-07-16 19:30:46,533 - DEBUG - Loaded collision time for BConcave+AConcave+4300 at IoU 0.5: nan
2025-07-16 19:30:46,533 - DEBUG - Loaded collision time for BConcave+AConcave+4300 at IoU 0.55: nan
2025-07-16 19:30:46,533 - DEBUG - Loaded collision time for BConcave+AConcave+4300 at IoU 0.6: nan
2025-07-16 19:30:46,533 - DEBUG - Loaded collision time for BConcave+AConcave+4300 at IoU 0.65: nan
2025-07-16 19:30:46,534 - DEBUG - Loaded collision time for BConcave+AConcave+4300 at IoU 0.7: nan
2025-07-16 19:30:46,534 - DEBUG - Loaded collision time for BConcave+AConcave+4300 at IoU 0.75: nan
2025-07-16 19:30:46,535 - DEBUG - Loaded collision time for BConcave+AConcave+4300 at IoU 0.8: nan
2025-07-16 19:30:46,535 - DEBUG - Loaded collision time for BConcave+AConcave+4300 at IoU 0.85: nan
2025-07-16 19:30:46,535 - DEBUG - Loaded collision time for BConcave+AConcave+4300 at IoU 0.9: nan
2025-07-16 19:30:46,535 - DEBUG - Loaded collision time for BConcave+AConcave+4300 at IoU 0.95: nan
2025-07-16 19:30:46,536 - INFO - Processing video: BConcave+AConcave+4500_flipped
2025-07-16 19:30:46,536 - INFO - Video BConcave+AConcave+4500_flipped already processed (found segformer_model-BConcave+AConcave+4500_flipped.mp4), skipping video processing...
2025-07-16 19:30:46,543 - INFO - VanillaSegmentationSaver initialized with output dir: /home/projects/bagon/andreyg/Projects/Object_reps_neural/Programming/hugging_face/model_experiments/segformer/exp2TTC/processed_videos/segformer_model-BConcave+AConcave+4500_flipped/org_segmentation
2025-07-16 19:30:46,546 - INFO - All collision results already exist for BConcave+AConcave+4500_flipped
2025-07-16 19:30:46,547 - DEBUG - Loaded collision time for BConcave+AConcave+4500_flipped at IoU 0.05: nan
2025-07-16 19:30:46,547 - DEBUG - Loaded collision time for BConcave+AConcave+4500_flipped at IoU 0.1: nan
2025-07-16 19:30:46,547 - DEBUG - Loaded collision time for BConcave+AConcave+4500_flipped at IoU 0.15: nan
2025-07-16 19:30:46,547 - DEBUG - Loaded collision time for BConcave+AConcave+4500_flipped at IoU 0.2: nan
2025-07-16 19:30:46,548 - DEBUG - Loaded collision time for BConcave+AConcave+4500_flipped at IoU 0.25: nan
2025-07-16 19:30:46,548 - DEBUG - Loaded collision time for BConcave+AConcave+4500_flipped at IoU 0.3: nan
2025-07-16 19:30:46,548 - DEBUG - Loaded collision time for BConcave+AConcave+4500_flipped at IoU 0.35: nan
2025-07-16 19:30:46,548 - DEBUG - Loaded collision time for BConcave+AConcave+4500_flipped at IoU 0.4: nan
2025-07-16 19:30:46,549 - DEBUG - Loaded collision time for BConcave+AConcave+4500_flipped at IoU 0.45: nan
2025-07-16 19:30:46,549 - DEBUG - Loaded collision time for BConcave+AConcave+4500_flipped at IoU 0.5: nan
2025-07-16 19:30:46,549 - DEBUG - Loaded collision time for BConcave+AConcave+4500_flipped at IoU 0.55: nan
2025-07-16 19:30:46,549 - DEBUG - Loaded collision time for BConcave+AConcave+4500_flipped at IoU 0.6: nan
2025-07-16 19:30:46,550 - DEBUG - Loaded collision time for BConcave+AConcave+4500_flipped at IoU 0.65: nan
2025-07-16 19:30:46,550 - DEBUG - Loaded collision time for BConcave+AConcave+4500_flipped at IoU 0.7: nan
2025-07-16 19:30:46,550 - DEBUG - Loaded collision time for BConcave+AConcave+4500_flipped at IoU 0.75: nan
2025-07-16 19:30:46,550 - DEBUG - Loaded collision time for BConcave+AConcave+4500_flipped at IoU 0.8: nan
2025-07-16 19:30:46,551 - DEBUG - Loaded collision time for BConcave+AConcave+4500_flipped at IoU 0.85: nan
2025-07-16 19:30:46,551 - DEBUG - Loaded collision time for BConcave+AConcave+4500_flipped at IoU 0.9: nan
2025-07-16 19:30:46,552 - DEBUG - Loaded collision time for BConcave+AConcave+4500_flipped at IoU 0.95: nan
2025-07-16 19:30:46,552 - INFO - Processing video: BConcave+AConvex+3500_flipped
2025-07-16 19:30:46,552 - INFO - Video BConcave+AConvex+3500_flipped already processed (found segformer_model-BConcave+AConvex+3500_flipped.mp4), skipping video processing...
2025-07-16 19:30:46,559 - INFO - VanillaSegmentationSaver initialized with output dir: /home/projects/bagon/andreyg/Projects/Object_reps_neural/Programming/hugging_face/model_experiments/segformer/exp2TTC/processed_videos/segformer_model-BConcave+AConvex+3500_flipped/org_segmentation
2025-07-16 19:30:46,562 - INFO - All collision results already exist for BConcave+AConvex+3500_flipped
2025-07-16 19:30:46,562 - DEBUG - Loaded collision time for BConcave+AConvex+3500_flipped at IoU 0.05: 3766.6666666666665
2025-07-16 19:30:46,562 - DEBUG - Loaded collision time for BConcave+AConvex+3500_flipped at IoU 0.1: 3900.0
2025-07-16 19:30:46,562 - DEBUG - Loaded collision time for BConcave+AConvex+3500_flipped at IoU 0.15: 4016.6666666666665
2025-07-16 19:30:46,562 - DEBUG - Loaded collision time for BConcave+AConvex+3500_flipped at IoU 0.2: 4366.666666666666
2025-07-16 19:30:46,563 - DEBUG - Loaded collision time for BConcave+AConvex+3500_flipped at IoU 0.25: 4666.666666666667
2025-07-16 19:30:46,563 - DEBUG - Loaded collision time for BConcave+AConvex+3500_flipped at IoU 0.3: 4666.666666666667
2025-07-16 19:30:46,563 - DEBUG - Loaded collision time for BConcave+AConvex+3500_flipped at IoU 0.35: 4666.666666666667
2025-07-16 19:30:46,564 - DEBUG - Loaded collision time for BConcave+AConvex+3500_flipped at IoU 0.4: 4666.666666666667
2025-07-16 19:30:46,564 - DEBUG - Loaded collision time for BConcave+AConvex+3500_flipped at IoU 0.45: 4666.666666666667
2025-07-16 19:30:46,564 - DEBUG - Loaded collision time for BConcave+AConvex+3500_flipped at IoU 0.5: 4666.666666666667
2025-07-16 19:30:46,564 - DEBUG - Loaded collision time for BConcave+AConvex+3500_flipped at IoU 0.55: nan
2025-07-16 19:30:46,564 - DEBUG - Loaded collision time for BConcave+AConvex+3500_flipped at IoU 0.6: nan
2025-07-16 19:30:46,565 - DEBUG - Loaded collision time for BConcave+AConvex+3500_flipped at IoU 0.65: nan
2025-07-16 19:30:46,565 - DEBUG - Loaded collision time for BConcave+AConvex+3500_flipped at IoU 0.7: nan
2025-07-16 19:30:46,565 - DEBUG - Loaded collision time for BConcave+AConvex+3500_flipped at IoU 0.75: nan
2025-07-16 19:30:46,566 - DEBUG - Loaded collision time for BConcave+AConvex+3500_flipped at IoU 0.8: nan
2025-07-16 19:30:46,566 - DEBUG - Loaded collision time for BConcave+AConvex+3500_flipped at IoU 0.85: nan
2025-07-16 19:30:46,566 - DEBUG - Loaded collision time for BConcave+AConvex+3500_flipped at IoU 0.9: nan
2025-07-16 19:30:46,566 - DEBUG - Loaded collision time for BConcave+AConvex+3500_flipped at IoU 0.95: nan
2025-07-16 19:30:46,567 - INFO - Processing video: BConcave+AConvex+3700
2025-07-16 19:30:46,567 - INFO - Video BConcave+AConvex+3700 already processed (found segformer_model-BConcave+AConvex+3700.mp4), skipping video processing...
2025-07-16 19:30:46,573 - INFO - VanillaSegmentationSaver initialized with output dir: /home/projects/bagon/andreyg/Projects/Object_reps_neural/Programming/hugging_face/model_experiments/segformer/exp2TTC/processed_videos/segformer_model-BConcave+AConvex+3700/org_segmentation
2025-07-16 19:30:46,576 - INFO - All collision results already exist for BConcave+AConvex+3700
2025-07-16 19:30:46,576 - DEBUG - Loaded collision time for BConcave+AConvex+3700 at IoU 0.05: 4150.0
2025-07-16 19:30:46,576 - DEBUG - Loaded collision time for BConcave+AConvex+3700 at IoU 0.1: nan
2025-07-16 19:30:46,576 - DEBUG - Loaded collision time for BConcave+AConvex+3700 at IoU 0.15: nan
2025-07-16 19:30:46,577 - DEBUG - Loaded collision time for BConcave+AConvex+3700 at IoU 0.2: nan
2025-07-16 19:30:46,577 - DEBUG - Loaded collision time for BConcave+AConvex+3700 at IoU 0.25: nan
2025-07-16 19:30:46,577 - DEBUG - Loaded collision time for BConcave+AConvex+3700 at IoU 0.3: nan
2025-07-16 19:30:46,577 - DEBUG - Loaded collision time for BConcave+AConvex+3700 at IoU 0.35: nan
2025-07-16 19:30:46,578 - DEBUG - Loaded collision time for BConcave+AConvex+3700 at IoU 0.4: nan
2025-07-16 19:30:46,578 - DEBUG - Loaded collision time for BConcave+AConvex+3700 at IoU 0.45: nan
2025-07-16 19:30:46,578 - DEBUG - Loaded collision time for BConcave+AConvex+3700 at IoU 0.5: nan
2025-07-16 19:30:46,578 - DEBUG - Loaded collision time for BConcave+AConvex+3700 at IoU 0.55: nan
2025-07-16 19:30:46,578 - DEBUG - Loaded collision time for BConcave+AConvex+3700 at IoU 0.6: nan
2025-07-16 19:30:46,579 - DEBUG - Loaded collision time for BConcave+AConvex+3700 at IoU 0.65: nan
2025-07-16 19:30:46,579 - DEBUG - Loaded collision time for BConcave+AConvex+3700 at IoU 0.7: nan
2025-07-16 19:30:46,579 - DEBUG - Loaded collision time for BConcave+AConvex+3700 at IoU 0.75: nan
2025-07-16 19:30:46,579 - DEBUG - Loaded collision time for BConcave+AConvex+3700 at IoU 0.8: nan
2025-07-16 19:30:46,580 - DEBUG - Loaded collision time for BConcave+AConvex+3700 at IoU 0.85: nan
2025-07-16 19:30:46,580 - DEBUG - Loaded collision time for BConcave+AConvex+3700 at IoU 0.9: nan
2025-07-16 19:30:46,580 - DEBUG - Loaded collision time for BConcave+AConvex+3700 at IoU 0.95: nan
2025-07-16 19:30:46,580 - INFO - Processing video: BConcave+AConvex+3900_flipped
2025-07-16 19:30:46,581 - INFO - Video BConcave+AConvex+3900_flipped already processed (found segformer_model-BConcave+AConvex+3900_flipped.mp4), skipping video processing...
2025-07-16 19:30:46,587 - INFO - VanillaSegmentationSaver initialized with output dir: /home/projects/bagon/andreyg/Projects/Object_reps_neural/Programming/hugging_face/model_experiments/segformer/exp2TTC/processed_videos/segformer_model-BConcave+AConvex+3900_flipped/org_segmentation
2025-07-16 19:30:46,591 - INFO - All collision results already exist for BConcave+AConvex+3900_flipped
2025-07-16 19:30:46,591 - DEBUG - Loaded collision time for BConcave+AConvex+3900_flipped at IoU 0.05: nan
2025-07-16 19:30:46,592 - DEBUG - Loaded collision time for BConcave+AConvex+3900_flipped at IoU 0.1: nan
2025-07-16 19:30:46,592 - DEBUG - Loaded collision time for BConcave+AConvex+3900_flipped at IoU 0.15: nan
2025-07-16 19:30:46,592 - DEBUG - Loaded collision time for BConcave+AConvex+3900_flipped at IoU 0.2: nan
2025-07-16 19:30:46,593 - DEBUG - Loaded collision time for BConcave+AConvex+3900_flipped at IoU 0.25: nan
2025-07-16 19:30:46,593 - DEBUG - Loaded collision time for BConcave+AConvex+3900_flipped at IoU 0.3: nan
2025-07-16 19:30:46,593 - DEBUG - Loaded collision time for BConcave+AConvex+3900_flipped at IoU 0.35: nan
2025-07-16 19:30:46,593 - DEBUG - Loaded collision time for BConcave+AConvex+3900_flipped at IoU 0.4: nan
2025-07-16 19:30:46,594 - DEBUG - Loaded collision time for BConcave+AConvex+3900_flipped at IoU 0.45: nan
2025-07-16 19:30:46,594 - DEBUG - Loaded collision time for BConcave+AConvex+3900_flipped at IoU 0.5: nan
2025-07-16 19:30:46,594 - DEBUG - Loaded collision time for BConcave+AConvex+3900_flipped at IoU 0.55: nan
2025-07-16 19:30:46,595 - DEBUG - Loaded collision time for BConcave+AConvex+3900_flipped at IoU 0.6: nan
2025-07-16 19:30:46,595 - DEBUG - Loaded collision time for BConcave+AConvex+3900_flipped at IoU 0.65: nan
2025-07-16 19:30:46,595 - DEBUG - Loaded collision time for BConcave+AConvex+3900_flipped at IoU 0.7: nan
2025-07-16 19:30:46,595 - DEBUG - Loaded collision time for BConcave+AConvex+3900_flipped at IoU 0.75: nan
2025-07-16 19:30:46,596 - DEBUG - Loaded collision time for BConcave+AConvex+3900_flipped at IoU 0.8: nan
2025-07-16 19:30:46,596 - DEBUG - Loaded collision time for BConcave+AConvex+3900_flipped at IoU 0.85: nan
2025-07-16 19:30:46,596 - DEBUG - Loaded collision time for BConcave+AConvex+3900_flipped at IoU 0.9: nan
2025-07-16 19:30:46,596 - DEBUG - Loaded collision time for BConcave+AConvex+3900_flipped at IoU 0.95: nan
2025-07-16 19:30:46,596 - INFO - Processing video: BConcave+AConvex+4100
2025-07-16 19:30:46,597 - INFO - Video BConcave+AConvex+4100 already processed (found segformer_model-BConcave+AConvex+4100.mp4), skipping video processing...
2025-07-16 19:30:46,603 - INFO - VanillaSegmentationSaver initialized with output dir: /home/projects/bagon/andreyg/Projects/Object_reps_neural/Programming/hugging_face/model_experiments/segformer/exp2TTC/processed_videos/segformer_model-BConcave+AConvex+4100/org_segmentation
2025-07-16 19:30:46,606 - INFO - All collision results already exist for BConcave+AConvex+4100
2025-07-16 19:30:46,606 - DEBUG - Loaded collision time for BConcave+AConvex+4100 at IoU 0.05: 4683.333333333334
2025-07-16 19:30:46,607 - DEBUG - Loaded collision time for BConcave+AConvex+4100 at IoU 0.1: 4866.666666666666
2025-07-16 19:30:46,607 - DEBUG - Loaded collision time for BConcave+AConvex+4100 at IoU 0.15: 5050.0
2025-07-16 19:30:46,607 - DEBUG - Loaded collision time for BConcave+AConvex+4100 at IoU 0.2: nan
2025-07-16 19:30:46,607 - DEBUG - Loaded collision time for BConcave+AConvex+4100 at IoU 0.25: nan
2025-07-16 19:30:46,608 - DEBUG - Loaded collision time for BConcave+AConvex+4100 at IoU 0.3: nan
2025-07-16 19:30:46,608 - DEBUG - Loaded collision time for BConcave+AConvex+4100 at IoU 0.35: nan
2025-07-16 19:30:46,608 - DEBUG - Loaded collision time for BConcave+AConvex+4100 at IoU 0.4: nan
2025-07-16 19:30:46,608 - DEBUG - Loaded collision time for BConcave+AConvex+4100 at IoU 0.45: nan
2025-07-16 19:30:46,609 - DEBUG - Loaded collision time for BConcave+AConvex+4100 at IoU 0.5: nan
2025-07-16 19:30:46,609 - DEBUG - Loaded collision time for BConcave+AConvex+4100 at IoU 0.55: nan
2025-07-16 19:30:46,609 - DEBUG - Loaded collision time for BConcave+AConvex+4100 at IoU 0.6: nan
2025-07-16 19:30:46,609 - DEBUG - Loaded collision time for BConcave+AConvex+4100 at IoU 0.65: nan
2025-07-16 19:30:46,610 - DEBUG - Loaded collision time for BConcave+AConvex+4100 at IoU 0.7: nan
2025-07-16 19:30:46,610 - DEBUG - Loaded collision time for BConcave+AConvex+4100 at IoU 0.75: nan
2025-07-16 19:30:46,610 - DEBUG - Loaded collision time for BConcave+AConvex+4100 at IoU 0.8: nan
2025-07-16 19:30:46,610 - DEBUG - Loaded collision time for BConcave+AConvex+4100 at IoU 0.85: nan
2025-07-16 19:30:46,611 - DEBUG - Loaded collision time for BConcave+AConvex+4100 at IoU 0.9: nan
2025-07-16 19:30:46,611 - DEBUG - Loaded collision time for BConcave+AConvex+4100 at IoU 0.95: nan
2025-07-16 19:30:46,611 - INFO - Processing video: BConcave+AConvex+4300_flipped
2025-07-16 19:30:46,611 - INFO - Video BConcave+AConvex+4300_flipped already processed (found segformer_model-BConcave+AConvex+4300_flipped.mp4), skipping video processing...
2025-07-16 19:30:46,618 - INFO - VanillaSegmentationSaver initialized with output dir: /home/projects/bagon/andreyg/Projects/Object_reps_neural/Programming/hugging_face/model_experiments/segformer/exp2TTC/processed_videos/segformer_model-BConcave+AConvex+4300_flipped/org_segmentation
2025-07-16 19:30:46,621 - INFO - All collision results already exist for BConcave+AConvex+4300_flipped
2025-07-16 19:30:46,622 - DEBUG - Loaded collision time for BConcave+AConvex+4300_flipped at IoU 0.05: nan
2025-07-16 19:30:46,622 - DEBUG - Loaded collision time for BConcave+AConvex+4300_flipped at IoU 0.1: nan
2025-07-16 19:30:46,622 - DEBUG - Loaded collision time for BConcave+AConvex+4300_flipped at IoU 0.15: nan
2025-07-16 19:30:46,623 - DEBUG - Loaded collision time for BConcave+AConvex+4300_flipped at IoU 0.2: nan
2025-07-16 19:30:46,623 - DEBUG - Loaded collision time for BConcave+AConvex+4300_flipped at IoU 0.25: nan
2025-07-16 19:30:46,624 - DEBUG - Loaded collision time for BConcave+AConvex+4300_flipped at IoU 0.3: nan
2025-07-16 19:30:46,624 - DEBUG - Loaded collision time for BConcave+AConvex+4300_flipped at IoU 0.35: nan
2025-07-16 19:30:46,624 - DEBUG - Loaded collision time for BConcave+AConvex+4300_flipped at IoU 0.4: nan
2025-07-16 19:30:46,625 - DEBUG - Loaded collision time for BConcave+AConvex+4300_flipped at IoU 0.45: nan
2025-07-16 19:30:46,625 - DEBUG - Loaded collision time for BConcave+AConvex+4300_flipped at IoU 0.5: nan
2025-07-16 19:30:46,625 - DEBUG - Loaded collision time for BConcave+AConvex+4300_flipped at IoU 0.55: nan
2025-07-16 19:30:46,626 - DEBUG - Loaded collision time for BConcave+AConvex+4300_flipped at IoU 0.6: nan
2025-07-16 19:30:46,626 - DEBUG - Loaded collision time for BConcave+AConvex+4300_flipped at IoU 0.65: nan
2025-07-16 19:30:46,627 - DEBUG - Loaded collision time for BConcave+AConvex+4300_flipped at IoU 0.7: nan
2025-07-16 19:30:46,627 - DEBUG - Loaded collision time for BConcave+AConvex+4300_flipped at IoU 0.75: nan
2025-07-16 19:30:46,627 - DEBUG - Loaded collision time for BConcave+AConvex+4300_flipped at IoU 0.8: nan
2025-07-16 19:30:46,628 - DEBUG - Loaded collision time for BConcave+AConvex+4300_flipped at IoU 0.85: nan
2025-07-16 19:30:46,628 - DEBUG - Loaded collision time for BConcave+AConvex+4300_flipped at IoU 0.9: nan
2025-07-16 19:30:46,628 - DEBUG - Loaded collision time for BConcave+AConvex+4300_flipped at IoU 0.95: nan
2025-07-16 19:30:46,628 - INFO - Processing video: BConcave+AConvex+4500
2025-07-16 19:30:46,629 - INFO - Video BConcave+AConvex+4500 already processed (found segformer_model-BConcave+AConvex+4500.mp4), skipping video processing...
2025-07-16 19:30:46,635 - INFO - VanillaSegmentationSaver initialized with output dir: /home/projects/bagon/andreyg/Projects/Object_reps_neural/Programming/hugging_face/model_experiments/segformer/exp2TTC/processed_videos/segformer_model-BConcave+AConvex+4500/org_segmentation
2025-07-16 19:30:46,638 - INFO - All collision results already exist for BConcave+AConvex+4500
2025-07-16 19:30:46,639 - DEBUG - Loaded collision time for BConcave+AConvex+4500 at IoU 0.05: 4766.666666666667
2025-07-16 19:30:46,639 - DEBUG - Loaded collision time for BConcave+AConvex+4500 at IoU 0.1: 4900.0
2025-07-16 19:30:46,639 - DEBUG - Loaded collision time for BConcave+AConvex+4500 at IoU 0.15: 5033.333333333333
2025-07-16 19:30:46,640 - DEBUG - Loaded collision time for BConcave+AConvex+4500 at IoU 0.2: nan
2025-07-16 19:30:46,640 - DEBUG - Loaded collision time for BConcave+AConvex+4500 at IoU 0.25: nan
2025-07-16 19:30:46,640 - DEBUG - Loaded collision time for BConcave+AConvex+4500 at IoU 0.3: nan
2025-07-16 19:30:46,641 - DEBUG - Loaded collision time for BConcave+AConvex+4500 at IoU 0.35: nan
2025-07-16 19:30:46,641 - DEBUG - Loaded collision time for BConcave+AConvex+4500 at IoU 0.4: nan
2025-07-16 19:30:46,641 - DEBUG - Loaded collision time for BConcave+AConvex+4500 at IoU 0.45: nan
2025-07-16 19:30:46,642 - DEBUG - Loaded collision time for BConcave+AConvex+4500 at IoU 0.5: nan
2025-07-16 19:30:46,642 - DEBUG - Loaded collision time for BConcave+AConvex+4500 at IoU 0.55: nan
2025-07-16 19:30:46,642 - DEBUG - Loaded collision time for BConcave+AConvex+4500 at IoU 0.6: nan
2025-07-16 19:30:46,643 - DEBUG - Loaded collision time for BConcave+AConvex+4500 at IoU 0.65: nan
2025-07-16 19:30:46,643 - DEBUG - Loaded collision time for BConcave+AConvex+4500 at IoU 0.7: nan
2025-07-16 19:30:46,643 - DEBUG - Loaded collision time for BConcave+AConvex+4500 at IoU 0.75: nan
2025-07-16 19:30:46,644 - DEBUG - Loaded collision time for BConcave+AConvex+4500 at IoU 0.8: nan
2025-07-16 19:30:46,644 - DEBUG - Loaded collision time for BConcave+AConvex+4500 at IoU 0.85: nan
2025-07-16 19:30:46,644 - DEBUG - Loaded collision time for BConcave+AConvex+4500 at IoU 0.9: nan
2025-07-16 19:30:46,645 - DEBUG - Loaded collision time for BConcave+AConvex+4500 at IoU 0.95: nan
2025-07-16 19:30:46,645 - INFO - Processing video: BConcave+BConcavePatient+3500
2025-07-16 19:30:46,645 - INFO - Video BConcave+BConcavePatient+3500 already processed (found segformer_model-BConcave+BConcavePatient+3500.mp4), skipping video processing...
2025-07-16 19:30:46,652 - INFO - VanillaSegmentationSaver initialized with output dir: /home/projects/bagon/andreyg/Projects/Object_reps_neural/Programming/hugging_face/model_experiments/segformer/exp2TTC/processed_videos/segformer_model-BConcave+BConcavePatient+3500/org_segmentation
2025-07-16 19:30:46,655 - INFO - All collision results already exist for BConcave+BConcavePatient+3500
2025-07-16 19:30:46,655 - DEBUG - Loaded collision time for BConcave+BConcavePatient+3500 at IoU 0.05: nan
2025-07-16 19:30:46,656 - DEBUG - Loaded collision time for BConcave+BConcavePatient+3500 at IoU 0.1: nan
2025-07-16 19:30:46,656 - DEBUG - Loaded collision time for BConcave+BConcavePatient+3500 at IoU 0.15: nan
2025-07-16 19:30:46,656 - DEBUG - Loaded collision time for BConcave+BConcavePatient+3500 at IoU 0.2: nan
2025-07-16 19:30:46,657 - DEBUG - Loaded collision time for BConcave+BConcavePatient+3500 at IoU 0.25: nan
2025-07-16 19:30:46,657 - DEBUG - Loaded collision time for BConcave+BConcavePatient+3500 at IoU 0.3: nan
2025-07-16 19:30:46,657 - DEBUG - Loaded collision time for BConcave+BConcavePatient+3500 at IoU 0.35: nan
2025-07-16 19:30:46,658 - DEBUG - Loaded collision time for BConcave+BConcavePatient+3500 at IoU 0.4: nan
2025-07-16 19:30:46,658 - DEBUG - Loaded collision time for BConcave+BConcavePatient+3500 at IoU 0.45: nan
2025-07-16 19:30:46,658 - DEBUG - Loaded collision time for BConcave+BConcavePatient+3500 at IoU 0.5: nan
2025-07-16 19:30:46,659 - DEBUG - Loaded collision time for BConcave+BConcavePatient+3500 at IoU 0.55: nan
2025-07-16 19:30:46,659 - DEBUG - Loaded collision time for BConcave+BConcavePatient+3500 at IoU 0.6: nan
2025-07-16 19:30:46,659 - DEBUG - Loaded collision time for BConcave+BConcavePatient+3500 at IoU 0.65: nan
2025-07-16 19:30:46,660 - DEBUG - Loaded collision time for BConcave+BConcavePatient+3500 at IoU 0.7: nan
2025-07-16 19:30:46,660 - DEBUG - Loaded collision time for BConcave+BConcavePatient+3500 at IoU 0.75: nan
2025-07-16 19:30:46,660 - DEBUG - Loaded collision time for BConcave+BConcavePatient+3500 at IoU 0.8: nan
2025-07-16 19:30:46,661 - DEBUG - Loaded collision time for BConcave+BConcavePatient+3500 at IoU 0.85: nan
2025-07-16 19:30:46,661 - DEBUG - Loaded collision time for BConcave+BConcavePatient+3500 at IoU 0.9: nan
2025-07-16 19:30:46,661 - DEBUG - Loaded collision time for BConcave+BConcavePatient+3500 at IoU 0.95: nan
2025-07-16 19:30:46,661 - INFO - Processing video: BConcave+BConcavePatient+3700_flipped
2025-07-16 19:30:46,662 - INFO - Video BConcave+BConcavePatient+3700_flipped already processed (found segformer_model-BConcave+BConcavePatient+3700_flipped.mp4), skipping video processing...
2025-07-16 19:30:46,669 - INFO - VanillaSegmentationSaver initialized with output dir: /home/projects/bagon/andreyg/Projects/Object_reps_neural/Programming/hugging_face/model_experiments/segformer/exp2TTC/processed_videos/segformer_model-BConcave+BConcavePatient+3700_flipped/org_segmentation
2025-07-16 19:30:46,672 - INFO - All collision results already exist for BConcave+BConcavePatient+3700_flipped
2025-07-16 19:30:46,673 - DEBUG - Loaded collision time for BConcave+BConcavePatient+3700_flipped at IoU 0.05: nan
2025-07-16 19:30:46,673 - DEBUG - Loaded collision time for BConcave+BConcavePatient+3700_flipped at IoU 0.1: nan
2025-07-16 19:30:46,673 - DEBUG - Loaded collision time for BConcave+BConcavePatient+3700_flipped at IoU 0.15: nan
2025-07-16 19:30:46,674 - DEBUG - Loaded collision time for BConcave+BConcavePatient+3700_flipped at IoU 0.2: nan
2025-07-16 19:30:46,674 - DEBUG - Loaded collision time for BConcave+BConcavePatient+3700_flipped at IoU 0.25: nan
2025-07-16 19:30:46,675 - DEBUG - Loaded collision time for BConcave+BConcavePatient+3700_flipped at IoU 0.3: nan
2025-07-16 19:30:46,675 - DEBUG - Loaded collision time for BConcave+BConcavePatient+3700_flipped at IoU 0.35: nan
2025-07-16 19:30:46,675 - DEBUG - Loaded collision time for BConcave+BConcavePatient+3700_flipped at IoU 0.4: nan
2025-07-16 19:30:46,676 - DEBUG - Loaded collision time for BConcave+BConcavePatient+3700_flipped at IoU 0.45: nan
2025-07-16 19:30:46,676 - DEBUG - Loaded collision time for BConcave+BConcavePatient+3700_flipped at IoU 0.5: nan
2025-07-16 19:30:46,676 - DEBUG - Loaded collision time for BConcave+BConcavePatient+3700_flipped at IoU 0.55: nan
2025-07-16 19:30:46,677 - DEBUG - Loaded collision time for BConcave+BConcavePatient+3700_flipped at IoU 0.6: nan
2025-07-16 19:30:46,677 - DEBUG - Loaded collision time for BConcave+BConcavePatient+3700_flipped at IoU 0.65: nan
2025-07-16 19:30:46,677 - DEBUG - Loaded collision time for BConcave+BConcavePatient+3700_flipped at IoU 0.7: nan
2025-07-16 19:30:46,678 - DEBUG - Loaded collision time for BConcave+BConcavePatient+3700_flipped at IoU 0.75: nan
2025-07-16 19:30:46,678 - DEBUG - Loaded collision time for BConcave+BConcavePatient+3700_flipped at IoU 0.8: nan
2025-07-16 19:30:46,678 - DEBUG - Loaded collision time for BConcave+BConcavePatient+3700_flipped at IoU 0.85: nan
2025-07-16 19:30:46,679 - DEBUG - Loaded collision time for BConcave+BConcavePatient+3700_flipped at IoU 0.9: nan
2025-07-16 19:30:46,679 - DEBUG - Loaded collision time for BConcave+BConcavePatient+3700_flipped at IoU 0.95: nan
2025-07-16 19:30:46,679 - INFO - Processing video: BConcave+BConcavePatient+3900
2025-07-16 19:30:46,680 - INFO - Video BConcave+BConcavePatient+3900 already processed (found segformer_model-BConcave+BConcavePatient+3900.mp4), skipping video processing...
2025-07-16 19:30:46,686 - INFO - VanillaSegmentationSaver initialized with output dir: /home/projects/bagon/andreyg/Projects/Object_reps_neural/Programming/hugging_face/model_experiments/segformer/exp2TTC/processed_videos/segformer_model-BConcave+BConcavePatient+3900/org_segmentation
2025-07-16 19:30:46,689 - INFO - All collision results already exist for BConcave+BConcavePatient+3900
2025-07-16 19:30:46,690 - DEBUG - Loaded collision time for BConcave+BConcavePatient+3900 at IoU 0.05: nan
2025-07-16 19:30:46,690 - DEBUG - Loaded collision time for BConcave+BConcavePatient+3900 at IoU 0.1: nan
2025-07-16 19:30:46,690 - DEBUG - Loaded collision time for BConcave+BConcavePatient+3900 at IoU 0.15: nan
2025-07-16 19:30:46,691 - DEBUG - Loaded collision time for BConcave+BConcavePatient+3900 at IoU 0.2: nan
2025-07-16 19:30:46,691 - DEBUG - Loaded collision time for BConcave+BConcavePatient+3900 at IoU 0.25: nan
2025-07-16 19:30:46,691 - DEBUG - Loaded collision time for BConcave+BConcavePatient+3900 at IoU 0.3: nan
2025-07-16 19:30:46,692 - DEBUG - Loaded collision time for BConcave+BConcavePatient+3900 at IoU 0.35: nan
2025-07-16 19:30:46,692 - DEBUG - Loaded collision time for BConcave+BConcavePatient+3900 at IoU 0.4: nan
2025-07-16 19:30:46,692 - DEBUG - Loaded collision time for BConcave+BConcavePatient+3900 at IoU 0.45: nan
2025-07-16 19:30:46,693 - DEBUG - Loaded collision time for BConcave+BConcavePatient+3900 at IoU 0.5: nan
2025-07-16 19:30:46,693 - DEBUG - Loaded collision time for BConcave+BConcavePatient+3900 at IoU 0.55: nan
2025-07-16 19:30:46,693 - DEBUG - Loaded collision time for BConcave+BConcavePatient+3900 at IoU 0.6: nan
2025-07-16 19:30:46,693 - DEBUG - Loaded collision time for BConcave+BConcavePatient+3900 at IoU 0.65: nan
2025-07-16 19:30:46,694 - DEBUG - Loaded collision time for BConcave+BConcavePatient+3900 at IoU 0.7: nan
2025-07-16 19:30:46,694 - DEBUG - Loaded collision time for BConcave+BConcavePatient+3900 at IoU 0.75: nan
2025-07-16 19:30:46,694 - DEBUG - Loaded collision time for BConcave+BConcavePatient+3900 at IoU 0.8: nan
2025-07-16 19:30:46,695 - DEBUG - Loaded collision time for BConcave+BConcavePatient+3900 at IoU 0.85: nan
2025-07-16 19:30:46,695 - DEBUG - Loaded collision time for BConcave+BConcavePatient+3900 at IoU 0.9: nan
2025-07-16 19:30:46,696 - DEBUG - Loaded collision time for BConcave+BConcavePatient+3900 at IoU 0.95: nan
2025-07-16 19:30:46,696 - INFO - Processing video: BConcave+BConcavePatient+4100_flipped
2025-07-16 19:30:46,696 - INFO - Video BConcave+BConcavePatient+4100_flipped already processed (found segformer_model-BConcave+BConcavePatient+4100_flipped.mp4), skipping video processing...
2025-07-16 19:30:46,703 - INFO - VanillaSegmentationSaver initialized with output dir: /home/projects/bagon/andreyg/Projects/Object_reps_neural/Programming/hugging_face/model_experiments/segformer/exp2TTC/processed_videos/segformer_model-BConcave+BConcavePatient+4100_flipped/org_segmentation
2025-07-16 19:30:46,705 - INFO - All collision results already exist for BConcave+BConcavePatient+4100_flipped
2025-07-16 19:30:46,706 - DEBUG - Loaded collision time for BConcave+BConcavePatient+4100_flipped at IoU 0.05: nan
2025-07-16 19:30:46,706 - DEBUG - Loaded collision time for BConcave+BConcavePatient+4100_flipped at IoU 0.1: nan
2025-07-16 19:30:46,706 - DEBUG - Loaded collision time for BConcave+BConcavePatient+4100_flipped at IoU 0.15: nan
2025-07-16 19:30:46,707 - DEBUG - Loaded collision time for BConcave+BConcavePatient+4100_flipped at IoU 0.2: nan
2025-07-16 19:30:46,707 - DEBUG - Loaded collision time for BConcave+BConcavePatient+4100_flipped at IoU 0.25: nan
2025-07-16 19:30:46,707 - DEBUG - Loaded collision time for BConcave+BConcavePatient+4100_flipped at IoU 0.3: nan
2025-07-16 19:30:46,708 - DEBUG - Loaded collision time for BConcave+BConcavePatient+4100_flipped at IoU 0.35: nan
2025-07-16 19:30:46,708 - DEBUG - Loaded collision time for BConcave+BConcavePatient+4100_flipped at IoU 0.4: nan
2025-07-16 19:30:46,709 - DEBUG - Loaded collision time for BConcave+BConcavePatient+4100_flipped at IoU 0.45: nan
2025-07-16 19:30:46,709 - DEBUG - Loaded collision time for BConcave+BConcavePatient+4100_flipped at IoU 0.5: nan
2025-07-16 19:30:46,709 - DEBUG - Loaded collision time for BConcave+BConcavePatient+4100_flipped at IoU 0.55: nan
2025-07-16 19:30:46,709 - DEBUG - Loaded collision time for BConcave+BConcavePatient+4100_flipped at IoU 0.6: nan
2025-07-16 19:30:46,710 - DEBUG - Loaded collision time for BConcave+BConcavePatient+4100_flipped at IoU 0.65: nan
2025-07-16 19:30:46,710 - DEBUG - Loaded collision time for BConcave+BConcavePatient+4100_flipped at IoU 0.7: nan
2025-07-16 19:30:46,710 - DEBUG - Loaded collision time for BConcave+BConcavePatient+4100_flipped at IoU 0.75: nan
2025-07-16 19:30:46,711 - DEBUG - Loaded collision time for BConcave+BConcavePatient+4100_flipped at IoU 0.8: nan
2025-07-16 19:30:46,711 - DEBUG - Loaded collision time for BConcave+BConcavePatient+4100_flipped at IoU 0.85: nan
2025-07-16 19:30:46,711 - DEBUG - Loaded collision time for BConcave+BConcavePatient+4100_flipped at IoU 0.9: nan
2025-07-16 19:30:46,712 - DEBUG - Loaded collision time for BConcave+BConcavePatient+4100_flipped at IoU 0.95: nan
2025-07-16 19:30:46,712 - INFO - Processing video: BConcave+BConcavePatient+4300
2025-07-16 19:30:46,712 - INFO - Video BConcave+BConcavePatient+4300 already processed (found segformer_model-BConcave+BConcavePatient+4300.mp4), skipping video processing...
2025-07-16 19:30:46,719 - INFO - VanillaSegmentationSaver initialized with output dir: /home/projects/bagon/andreyg/Projects/Object_reps_neural/Programming/hugging_face/model_experiments/segformer/exp2TTC/processed_videos/segformer_model-BConcave+BConcavePatient+4300/org_segmentation
2025-07-16 19:30:46,722 - INFO - All collision results already exist for BConcave+BConcavePatient+4300
2025-07-16 19:30:46,723 - DEBUG - Loaded collision time for BConcave+BConcavePatient+4300 at IoU 0.05: 4316.666666666666
2025-07-16 19:30:46,723 - DEBUG - Loaded collision time for BConcave+BConcavePatient+4300 at IoU 0.1: 4400.0
2025-07-16 19:30:46,723 - DEBUG - Loaded collision time for BConcave+BConcavePatient+4300 at IoU 0.15: 4466.666666666667
2025-07-16 19:30:46,724 - DEBUG - Loaded collision time for BConcave+BConcavePatient+4300 at IoU 0.2: 4533.333333333333
2025-07-16 19:30:46,724 - DEBUG - Loaded collision time for BConcave+BConcavePatient+4300 at IoU 0.25: 4583.333333333333
2025-07-16 19:30:46,724 - DEBUG - Loaded collision time for BConcave+BConcavePatient+4300 at IoU 0.3: 4650.0
2025-07-16 19:30:46,725 - DEBUG - Loaded collision time for BConcave+BConcavePatient+4300 at IoU 0.35: 4716.666666666667
2025-07-16 19:30:46,725 - DEBUG - Loaded collision time for BConcave+BConcavePatient+4300 at IoU 0.4: 4766.666666666667
2025-07-16 19:30:46,725 - DEBUG - Loaded collision time for BConcave+BConcavePatient+4300 at IoU 0.45: nan
2025-07-16 19:30:46,726 - DEBUG - Loaded collision time for BConcave+BConcavePatient+4300 at IoU 0.5: nan
2025-07-16 19:30:46,726 - DEBUG - Loaded collision time for BConcave+BConcavePatient+4300 at IoU 0.55: nan
2025-07-16 19:30:46,726 - DEBUG - Loaded collision time for BConcave+BConcavePatient+4300 at IoU 0.6: nan
2025-07-16 19:30:46,727 - DEBUG - Loaded collision time for BConcave+BConcavePatient+4300 at IoU 0.65: nan
2025-07-16 19:30:46,727 - DEBUG - Loaded collision time for BConcave+BConcavePatient+4300 at IoU 0.7: nan
2025-07-16 19:30:46,727 - DEBUG - Loaded collision time for BConcave+BConcavePatient+4300 at IoU 0.75: nan
2025-07-16 19:30:46,728 - DEBUG - Loaded collision time for BConcave+BConcavePatient+4300 at IoU 0.8: nan
2025-07-16 19:30:46,728 - DEBUG - Loaded collision time for BConcave+BConcavePatient+4300 at IoU 0.85: nan
2025-07-16 19:30:46,728 - DEBUG - Loaded collision time for BConcave+BConcavePatient+4300 at IoU 0.9: nan
2025-07-16 19:30:46,729 - DEBUG - Loaded collision time for BConcave+BConcavePatient+4300 at IoU 0.95: nan
2025-07-16 19:30:46,729 - INFO - Processing video: BConcave+BConcavePatient+4500_flipped
2025-07-16 19:30:46,729 - INFO - Video BConcave+BConcavePatient+4500_flipped already processed (found segformer_model-BConcave+BConcavePatient+4500_flipped.mp4), skipping video processing...
2025-07-16 19:30:46,736 - INFO - VanillaSegmentationSaver initialized with output dir: /home/projects/bagon/andreyg/Projects/Object_reps_neural/Programming/hugging_face/model_experiments/segformer/exp2TTC/processed_videos/segformer_model-BConcave+BConcavePatient+4500_flipped/org_segmentation
2025-07-16 19:30:46,739 - INFO - All collision results already exist for BConcave+BConcavePatient+4500_flipped
2025-07-16 19:30:46,739 - DEBUG - Loaded collision time for BConcave+BConcavePatient+4500_flipped at IoU 0.05: 4433.333333333334
2025-07-16 19:30:46,740 - DEBUG - Loaded collision time for BConcave+BConcavePatient+4500_flipped at IoU 0.1: 4550.0
2025-07-16 19:30:46,740 - DEBUG - Loaded collision time for BConcave+BConcavePatient+4500_flipped at IoU 0.15: 4616.666666666666
2025-07-16 19:30:46,740 - DEBUG - Loaded collision time for BConcave+BConcavePatient+4500_flipped at IoU 0.2: 4683.333333333334
2025-07-16 19:30:46,740 - DEBUG - Loaded collision time for BConcave+BConcavePatient+4500_flipped at IoU 0.25: 4750.0
2025-07-16 19:30:46,741 - DEBUG - Loaded collision time for BConcave+BConcavePatient+4500_flipped at IoU 0.3: 4783.333333333333
2025-07-16 19:30:46,741 - DEBUG - Loaded collision time for BConcave+BConcavePatient+4500_flipped at IoU 0.35: 4833.333333333333
2025-07-16 19:30:46,741 - DEBUG - Loaded collision time for BConcave+BConcavePatient+4500_flipped at IoU 0.4: 4883.333333333334
2025-07-16 19:30:46,742 - DEBUG - Loaded collision time for BConcave+BConcavePatient+4500_flipped at IoU 0.45: 4916.666666666667
2025-07-16 19:30:46,742 - DEBUG - Loaded collision time for BConcave+BConcavePatient+4500_flipped at IoU 0.5: 4950.0
2025-07-16 19:30:46,742 - DEBUG - Loaded collision time for BConcave+BConcavePatient+4500_flipped at IoU 0.55: 4983.333333333333
2025-07-16 19:30:46,742 - DEBUG - Loaded collision time for BConcave+BConcavePatient+4500_flipped at IoU 0.6: 5033.333333333333
2025-07-16 19:30:46,743 - DEBUG - Loaded collision time for BConcave+BConcavePatient+4500_flipped at IoU 0.65: 5066.666666666666
2025-07-16 19:30:46,743 - DEBUG - Loaded collision time for BConcave+BConcavePatient+4500_flipped at IoU 0.7: 5116.666666666666
2025-07-16 19:30:46,743 - DEBUG - Loaded collision time for BConcave+BConcavePatient+4500_flipped at IoU 0.75: nan
2025-07-16 19:30:46,743 - DEBUG - Loaded collision time for BConcave+BConcavePatient+4500_flipped at IoU 0.8: nan
2025-07-16 19:30:46,744 - DEBUG - Loaded collision time for BConcave+BConcavePatient+4500_flipped at IoU 0.85: nan
2025-07-16 19:30:46,744 - DEBUG - Loaded collision time for BConcave+BConcavePatient+4500_flipped at IoU 0.9: nan
2025-07-16 19:30:46,745 - DEBUG - Loaded collision time for BConcave+BConcavePatient+4500_flipped at IoU 0.95: nan
2025-07-16 19:30:46,745 - INFO - Processing video: BConcave+BConvex+3500_flipped
2025-07-16 19:30:46,745 - INFO - Video BConcave+BConvex+3500_flipped already processed (found segformer_model-BConcave+BConvex+3500_flipped.mp4), skipping video processing...
2025-07-16 19:30:46,752 - INFO - VanillaSegmentationSaver initialized with output dir: /home/projects/bagon/andreyg/Projects/Object_reps_neural/Programming/hugging_face/model_experiments/segformer/exp2TTC/processed_videos/segformer_model-BConcave+BConvex+3500_flipped/org_segmentation
2025-07-16 19:30:46,756 - INFO - All collision results already exist for BConcave+BConvex+3500_flipped
2025-07-16 19:30:46,757 - DEBUG - Loaded collision time for BConcave+BConvex+3500_flipped at IoU 0.05: 3800.0
2025-07-16 19:30:46,757 - DEBUG - Loaded collision time for BConcave+BConvex+3500_flipped at IoU 0.1: 3966.666666666667
2025-07-16 19:30:46,758 - DEBUG - Loaded collision time for BConcave+BConvex+3500_flipped at IoU 0.15: 4100.0
2025-07-16 19:30:46,758 - DEBUG - Loaded collision time for BConcave+BConvex+3500_flipped at IoU 0.2: 4200.0
2025-07-16 19:30:46,758 - DEBUG - Loaded collision time for BConcave+BConvex+3500_flipped at IoU 0.25: 4300.0
2025-07-16 19:30:46,759 - DEBUG - Loaded collision time for BConcave+BConvex+3500_flipped at IoU 0.3: 4416.666666666667
2025-07-16 19:30:46,759 - DEBUG - Loaded collision time for BConcave+BConvex+3500_flipped at IoU 0.35: 4500.0
2025-07-16 19:30:46,759 - DEBUG - Loaded collision time for BConcave+BConvex+3500_flipped at IoU 0.4: 4616.666666666666
2025-07-16 19:30:46,760 - DEBUG - Loaded collision time for BConcave+BConvex+3500_flipped at IoU 0.45: nan
2025-07-16 19:30:46,760 - DEBUG - Loaded collision time for BConcave+BConvex+3500_flipped at IoU 0.5: nan
2025-07-16 19:30:46,760 - DEBUG - Loaded collision time for BConcave+BConvex+3500_flipped at IoU 0.55: nan
2025-07-16 19:30:46,761 - DEBUG - Loaded collision time for BConcave+BConvex+3500_flipped at IoU 0.6: nan
2025-07-16 19:30:46,761 - DEBUG - Loaded collision time for BConcave+BConvex+3500_flipped at IoU 0.65: nan
2025-07-16 19:30:46,761 - DEBUG - Loaded collision time for BConcave+BConvex+3500_flipped at IoU 0.7: nan
2025-07-16 19:30:46,761 - DEBUG - Loaded collision time for BConcave+BConvex+3500_flipped at IoU 0.75: nan
2025-07-16 19:30:46,761 - DEBUG - Loaded collision time for BConcave+BConvex+3500_flipped at IoU 0.8: nan
2025-07-16 19:30:46,762 - DEBUG - Loaded collision time for BConcave+BConvex+3500_flipped at IoU 0.85: nan
2025-07-16 19:30:46,762 - DEBUG - Loaded collision time for BConcave+BConvex+3500_flipped at IoU 0.9: nan
2025-07-16 19:30:46,762 - DEBUG - Loaded collision time for BConcave+BConvex+3500_flipped at IoU 0.95: nan
2025-07-16 19:30:46,762 - INFO - Processing video: BConcave+BConvex+3700
2025-07-16 19:30:46,763 - INFO - Video BConcave+BConvex+3700 already processed (found segformer_model-BConcave+BConvex+3700.mp4), skipping video processing...
2025-07-16 19:30:46,769 - INFO - VanillaSegmentationSaver initialized with output dir: /home/projects/bagon/andreyg/Projects/Object_reps_neural/Programming/hugging_face/model_experiments/segformer/exp2TTC/processed_videos/segformer_model-BConcave+BConvex+3700/org_segmentation
2025-07-16 19:30:46,773 - INFO - All collision results already exist for BConcave+BConvex+3700
2025-07-16 19:30:46,773 - DEBUG - Loaded collision time for BConcave+BConvex+3700 at IoU 0.05: nan
2025-07-16 19:30:46,773 - DEBUG - Loaded collision time for BConcave+BConvex+3700 at IoU 0.1: nan
2025-07-16 19:30:46,774 - DEBUG - Loaded collision time for BConcave+BConvex+3700 at IoU 0.15: nan
2025-07-16 19:30:46,774 - DEBUG - Loaded collision time for BConcave+BConvex+3700 at IoU 0.2: nan
2025-07-16 19:30:46,774 - DEBUG - Loaded collision time for BConcave+BConvex+3700 at IoU 0.25: nan
2025-07-16 19:30:46,774 - DEBUG - Loaded collision time for BConcave+BConvex+3700 at IoU 0.3: nan
2025-07-16 19:30:46,774 - DEBUG - Loaded collision time for BConcave+BConvex+3700 at IoU 0.35: nan
2025-07-16 19:30:46,775 - DEBUG - Loaded collision time for BConcave+BConvex+3700 at IoU 0.4: nan
2025-07-16 19:30:46,775 - DEBUG - Loaded collision time for BConcave+BConvex+3700 at IoU 0.45: nan
2025-07-16 19:30:46,775 - DEBUG - Loaded collision time for BConcave+BConvex+3700 at IoU 0.5: nan
2025-07-16 19:30:46,776 - DEBUG - Loaded collision time for BConcave+BConvex+3700 at IoU 0.55: nan
2025-07-16 19:30:46,776 - DEBUG - Loaded collision time for BConcave+BConvex+3700 at IoU 0.6: nan
2025-07-16 19:30:46,776 - DEBUG - Loaded collision time for BConcave+BConvex+3700 at IoU 0.65: nan
2025-07-16 19:30:46,776 - DEBUG - Loaded collision time for BConcave+BConvex+3700 at IoU 0.7: nan
2025-07-16 19:30:46,777 - DEBUG - Loaded collision time for BConcave+BConvex+3700 at IoU 0.75: nan
2025-07-16 19:30:46,777 - DEBUG - Loaded collision time for BConcave+BConvex+3700 at IoU 0.8: nan
2025-07-16 19:30:46,777 - DEBUG - Loaded collision time for BConcave+BConvex+3700 at IoU 0.85: nan
2025-07-16 19:30:46,778 - DEBUG - Loaded collision time for BConcave+BConvex+3700 at IoU 0.9: nan
2025-07-16 19:30:46,778 - DEBUG - Loaded collision time for BConcave+BConvex+3700 at IoU 0.95: nan
2025-07-16 19:30:46,778 - INFO - Processing video: BConcave+BConvex+3900_flipped
2025-07-16 19:30:46,779 - INFO - Video BConcave+BConvex+3900_flipped already processed (found segformer_model-BConcave+BConvex+3900_flipped.mp4), skipping video processing...
2025-07-16 19:30:47,008 - INFO - VanillaSegmentationSaver initialized with output dir: /home/projects/bagon/andreyg/Projects/Object_reps_neural/Programming/hugging_face/model_experiments/segformer/exp2TTC/processed_videos/segformer_model-BConcave+BConvex+3900_flipped/org_segmentation
2025-07-16 19:30:47,012 - INFO - All collision results already exist for BConcave+BConvex+3900_flipped
2025-07-16 19:30:47,012 - DEBUG - Loaded collision time for BConcave+BConvex+3900_flipped at IoU 0.05: nan
2025-07-16 19:30:47,013 - DEBUG - Loaded collision time for BConcave+BConvex+3900_flipped at IoU 0.1: nan
2025-07-16 19:30:47,013 - DEBUG - Loaded collision time for BConcave+BConvex+3900_flipped at IoU 0.15: nan
2025-07-16 19:30:47,013 - DEBUG - Loaded collision time for BConcave+BConvex+3900_flipped at IoU 0.2: nan
2025-07-16 19:30:47,013 - DEBUG - Loaded collision time for BConcave+BConvex+3900_flipped at IoU 0.25: nan
2025-07-16 19:30:47,014 - DEBUG - Loaded collision time for BConcave+BConvex+3900_flipped at IoU 0.3: nan
2025-07-16 19:30:47,014 - DEBUG - Loaded collision time for BConcave+BConvex+3900_flipped at IoU 0.35: nan
2025-07-16 19:30:47,015 - DEBUG - Loaded collision time for BConcave+BConvex+3900_flipped at IoU 0.4: nan
2025-07-16 19:30:47,015 - DEBUG - Loaded collision time for BConcave+BConvex+3900_flipped at IoU 0.45: nan
2025-07-16 19:30:47,015 - DEBUG - Loaded collision time for BConcave+BConvex+3900_flipped at IoU 0.5: nan
2025-07-16 19:30:47,015 - DEBUG - Loaded collision time for BConcave+BConvex+3900_flipped at IoU 0.55: nan
2025-07-16 19:30:47,016 - DEBUG - Loaded collision time for BConcave+BConvex+3900_flipped at IoU 0.6: nan
2025-07-16 19:30:47,016 - DEBUG - Loaded collision time for BConcave+BConvex+3900_flipped at IoU 0.65: nan
2025-07-16 19:30:47,016 - DEBUG - Loaded collision time for BConcave+BConvex+3900_flipped at IoU 0.7: nan
2025-07-16 19:30:47,017 - DEBUG - Loaded collision time for BConcave+BConvex+3900_flipped at IoU 0.75: nan
2025-07-16 19:30:47,017 - DEBUG - Loaded collision time for BConcave+BConvex+3900_flipped at IoU 0.8: nan
2025-07-16 19:30:47,017 - DEBUG - Loaded collision time for BConcave+BConvex+3900_flipped at IoU 0.85: nan
2025-07-16 19:30:47,018 - DEBUG - Loaded collision time for BConcave+BConvex+3900_flipped at IoU 0.9: nan
2025-07-16 19:30:47,018 - DEBUG - Loaded collision time for BConcave+BConvex+3900_flipped at IoU 0.95: nan
2025-07-16 19:30:47,018 - INFO - Processing video: BConcave+BConvex+4100
2025-07-16 19:30:47,019 - INFO - Video BConcave+BConvex+4100 already processed (found segformer_model-BConcave+BConvex+4100.mp4), skipping video processing...
2025-07-16 19:30:47,025 - INFO - VanillaSegmentationSaver initialized with output dir: /home/projects/bagon/andreyg/Projects/Object_reps_neural/Programming/hugging_face/model_experiments/segformer/exp2TTC/processed_videos/segformer_model-BConcave+BConvex+4100/org_segmentation
2025-07-16 19:30:47,029 - INFO - All collision results already exist for BConcave+BConvex+4100
2025-07-16 19:30:47,030 - DEBUG - Loaded collision time for BConcave+BConvex+4100 at IoU 0.05: 4433.333333333334
2025-07-16 19:30:47,030 - DEBUG - Loaded collision time for BConcave+BConvex+4100 at IoU 0.1: 4583.333333333333
2025-07-16 19:30:47,030 - DEBUG - Loaded collision time for BConcave+BConvex+4100 at IoU 0.15: 4666.666666666667
2025-07-16 19:30:47,030 - DEBUG - Loaded collision time for BConcave+BConvex+4100 at IoU 0.2: nan
2025-07-16 19:30:47,031 - DEBUG - Loaded collision time for BConcave+BConvex+4100 at IoU 0.25: nan
2025-07-16 19:30:47,031 - DEBUG - Loaded collision time for BConcave+BConvex+4100 at IoU 0.3: nan
2025-07-16 19:30:47,031 - DEBUG - Loaded collision time for BConcave+BConvex+4100 at IoU 0.35: nan
2025-07-16 19:30:47,031 - DEBUG - Loaded collision time for BConcave+BConvex+4100 at IoU 0.4: nan
2025-07-16 19:30:47,032 - DEBUG - Loaded collision time for BConcave+BConvex+4100 at IoU 0.45: nan
2025-07-16 19:30:47,032 - DEBUG - Loaded collision time for BConcave+BConvex+4100 at IoU 0.5: nan
2025-07-16 19:30:47,033 - DEBUG - Loaded collision time for BConcave+BConvex+4100 at IoU 0.55: nan
2025-07-16 19:30:47,033 - DEBUG - Loaded collision time for BConcave+BConvex+4100 at IoU 0.6: nan
2025-07-16 19:30:47,033 - DEBUG - Loaded collision time for BConcave+BConvex+4100 at IoU 0.65: nan
2025-07-16 19:30:47,034 - DEBUG - Loaded collision time for BConcave+BConvex+4100 at IoU 0.7: nan
2025-07-16 19:30:47,034 - DEBUG - Loaded collision time for BConcave+BConvex+4100 at IoU 0.75: nan
2025-07-16 19:30:47,034 - DEBUG - Loaded collision time for BConcave+BConvex+4100 at IoU 0.8: nan
2025-07-16 19:30:47,035 - DEBUG - Loaded collision time for BConcave+BConvex+4100 at IoU 0.85: nan
2025-07-16 19:30:47,035 - DEBUG - Loaded collision time for BConcave+BConvex+4100 at IoU 0.9: nan
2025-07-16 19:30:47,035 - DEBUG - Loaded collision time for BConcave+BConvex+4100 at IoU 0.95: nan
2025-07-16 19:30:47,035 - INFO - Processing video: BConcave+BConvex+4300_flipped
2025-07-16 19:30:47,036 - INFO - Video BConcave+BConvex+4300_flipped already processed (found segformer_model-BConcave+BConvex+4300_flipped.mp4), skipping video processing...
2025-07-16 19:30:47,043 - INFO - VanillaSegmentationSaver initialized with output dir: /home/projects/bagon/andreyg/Projects/Object_reps_neural/Programming/hugging_face/model_experiments/segformer/exp2TTC/processed_videos/segformer_model-BConcave+BConvex+4300_flipped/org_segmentation
2025-07-16 19:30:47,047 - INFO - All collision results already exist for BConcave+BConvex+4300_flipped
2025-07-16 19:30:47,047 - DEBUG - Loaded collision time for BConcave+BConvex+4300_flipped at IoU 0.05: 4633.333333333334
2025-07-16 19:30:47,048 - DEBUG - Loaded collision time for BConcave+BConvex+4300_flipped at IoU 0.1: 4850.0
2025-07-16 19:30:47,048 - DEBUG - Loaded collision time for BConcave+BConvex+4300_flipped at IoU 0.15: 5033.333333333333
2025-07-16 19:30:47,048 - DEBUG - Loaded collision time for BConcave+BConvex+4300_flipped at IoU 0.2: 5200.0
2025-07-16 19:30:47,049 - DEBUG - Loaded collision time for BConcave+BConvex+4300_flipped at IoU 0.25: nan
2025-07-16 19:30:47,049 - DEBUG - Loaded collision time for BConcave+BConvex+4300_flipped at IoU 0.3: nan
2025-07-16 19:30:47,049 - DEBUG - Loaded collision time for BConcave+BConvex+4300_flipped at IoU 0.35: nan
2025-07-16 19:30:47,050 - DEBUG - Loaded collision time for BConcave+BConvex+4300_flipped at IoU 0.4: nan
2025-07-16 19:30:47,050 - DEBUG - Loaded collision time for BConcave+BConvex+4300_flipped at IoU 0.45: nan
2025-07-16 19:30:47,050 - DEBUG - Loaded collision time for BConcave+BConvex+4300_flipped at IoU 0.5: nan
2025-07-16 19:30:47,050 - DEBUG - Loaded collision time for BConcave+BConvex+4300_flipped at IoU 0.55: nan
2025-07-16 19:30:47,051 - DEBUG - Loaded collision time for BConcave+BConvex+4300_flipped at IoU 0.6: nan
2025-07-16 19:30:47,051 - DEBUG - Loaded collision time for BConcave+BConvex+4300_flipped at IoU 0.65: nan
2025-07-16 19:30:47,051 - DEBUG - Loaded collision time for BConcave+BConvex+4300_flipped at IoU 0.7: nan
2025-07-16 19:30:47,051 - DEBUG - Loaded collision time for BConcave+BConvex+4300_flipped at IoU 0.75: nan
2025-07-16 19:30:47,052 - DEBUG - Loaded collision time for BConcave+BConvex+4300_flipped at IoU 0.8: nan
2025-07-16 19:30:47,052 - DEBUG - Loaded collision time for BConcave+BConvex+4300_flipped at IoU 0.85: nan
2025-07-16 19:30:47,052 - DEBUG - Loaded collision time for BConcave+BConvex+4300_flipped at IoU 0.9: nan
2025-07-16 19:30:47,052 - DEBUG - Loaded collision time for BConcave+BConvex+4300_flipped at IoU 0.95: nan
2025-07-16 19:30:47,053 - INFO - Processing video: BConcave+BConvex+4500
2025-07-16 19:30:47,053 - INFO - Video BConcave+BConvex+4500 already processed (found segformer_model-BConcave+BConvex+4500.mp4), skipping video processing...
2025-07-16 19:30:47,060 - INFO - VanillaSegmentationSaver initialized with output dir: /home/projects/bagon/andreyg/Projects/Object_reps_neural/Programming/hugging_face/model_experiments/segformer/exp2TTC/processed_videos/segformer_model-BConcave+BConvex+4500/org_segmentation
2025-07-16 19:30:47,064 - INFO - All collision results already exist for BConcave+BConvex+4500
2025-07-16 19:30:47,064 - DEBUG - Loaded collision time for BConcave+BConvex+4500 at IoU 0.05: 4816.666666666666
2025-07-16 19:30:47,064 - DEBUG - Loaded collision time for BConcave+BConvex+4500 at IoU 0.1: nan
2025-07-16 19:30:47,065 - DEBUG - Loaded collision time for BConcave+BConvex+4500 at IoU 0.15: nan
2025-07-16 19:30:47,065 - DEBUG - Loaded collision time for BConcave+BConvex+4500 at IoU 0.2: nan
2025-07-16 19:30:47,065 - DEBUG - Loaded collision time for BConcave+BConvex+4500 at IoU 0.25: nan
2025-07-16 19:30:47,065 - DEBUG - Loaded collision time for BConcave+BConvex+4500 at IoU 0.3: nan
2025-07-16 19:30:47,066 - DEBUG - Loaded collision time for BConcave+BConvex+4500 at IoU 0.35: nan
2025-07-16 19:30:47,066 - DEBUG - Loaded collision time for BConcave+BConvex+4500 at IoU 0.4: nan
2025-07-16 19:30:47,066 - DEBUG - Loaded collision time for BConcave+BConvex+4500 at IoU 0.45: nan
2025-07-16 19:30:47,066 - DEBUG - Loaded collision time for BConcave+BConvex+4500 at IoU 0.5: nan
2025-07-16 19:30:47,067 - DEBUG - Loaded collision time for BConcave+BConvex+4500 at IoU 0.55: nan
2025-07-16 19:30:47,067 - DEBUG - Loaded collision time for BConcave+BConvex+4500 at IoU 0.6: nan
2025-07-16 19:30:47,067 - DEBUG - Loaded collision time for BConcave+BConvex+4500 at IoU 0.65: nan
2025-07-16 19:30:47,068 - DEBUG - Loaded collision time for BConcave+BConvex+4500 at IoU 0.7: nan
2025-07-16 19:30:47,068 - DEBUG - Loaded collision time for BConcave+BConvex+4500 at IoU 0.75: nan
2025-07-16 19:30:47,068 - DEBUG - Loaded collision time for BConcave+BConvex+4500 at IoU 0.8: nan
2025-07-16 19:30:47,068 - DEBUG - Loaded collision time for BConcave+BConvex+4500 at IoU 0.85: nan
2025-07-16 19:30:47,069 - DEBUG - Loaded collision time for BConcave+BConvex+4500 at IoU 0.9: nan
2025-07-16 19:30:47,069 - DEBUG - Loaded collision time for BConcave+BConvex+4500 at IoU 0.95: nan
2025-07-16 19:30:47,069 - INFO - Processing video: BConcave+CConcave+3500
2025-07-16 19:30:47,070 - INFO - Video BConcave+CConcave+3500 already processed (found segformer_model-BConcave+CConcave+3500.mp4), skipping video processing...
2025-07-16 19:30:47,077 - INFO - VanillaSegmentationSaver initialized with output dir: /home/projects/bagon/andreyg/Projects/Object_reps_neural/Programming/hugging_face/model_experiments/segformer/exp2TTC/processed_videos/segformer_model-BConcave+CConcave+3500/org_segmentation
2025-07-16 19:30:47,080 - INFO - All collision results already exist for BConcave+CConcave+3500
2025-07-16 19:30:47,081 - DEBUG - Loaded collision time for BConcave+CConcave+3500 at IoU 0.05: 3483.3333333333335
2025-07-16 19:30:47,081 - DEBUG - Loaded collision time for BConcave+CConcave+3500 at IoU 0.1: 3616.6666666666665
2025-07-16 19:30:47,081 - DEBUG - Loaded collision time for BConcave+CConcave+3500 at IoU 0.15: 3766.6666666666665
2025-07-16 19:30:47,081 - DEBUG - Loaded collision time for BConcave+CConcave+3500 at IoU 0.2: 4000.0
2025-07-16 19:30:47,082 - DEBUG - Loaded collision time for BConcave+CConcave+3500 at IoU 0.25: nan
2025-07-16 19:30:47,082 - DEBUG - Loaded collision time for BConcave+CConcave+3500 at IoU 0.3: nan
2025-07-16 19:30:47,082 - DEBUG - Loaded collision time for BConcave+CConcave+3500 at IoU 0.35: nan
2025-07-16 19:30:47,082 - DEBUG - Loaded collision time for BConcave+CConcave+3500 at IoU 0.4: nan
2025-07-16 19:30:47,083 - DEBUG - Loaded collision time for BConcave+CConcave+3500 at IoU 0.45: nan
2025-07-16 19:30:47,083 - DEBUG - Loaded collision time for BConcave+CConcave+3500 at IoU 0.5: nan
2025-07-16 19:30:47,083 - DEBUG - Loaded collision time for BConcave+CConcave+3500 at IoU 0.55: nan
2025-07-16 19:30:47,083 - DEBUG - Loaded collision time for BConcave+CConcave+3500 at IoU 0.6: nan
2025-07-16 19:30:47,084 - DEBUG - Loaded collision time for BConcave+CConcave+3500 at IoU 0.65: nan
2025-07-16 19:30:47,084 - DEBUG - Loaded collision time for BConcave+CConcave+3500 at IoU 0.7: nan
2025-07-16 19:30:47,084 - DEBUG - Loaded collision time for BConcave+CConcave+3500 at IoU 0.75: nan
2025-07-16 19:30:47,084 - DEBUG - Loaded collision time for BConcave+CConcave+3500 at IoU 0.8: nan
2025-07-16 19:30:47,085 - DEBUG - Loaded collision time for BConcave+CConcave+3500 at IoU 0.85: nan
2025-07-16 19:30:47,085 - DEBUG - Loaded collision time for BConcave+CConcave+3500 at IoU 0.9: nan
2025-07-16 19:30:47,085 - DEBUG - Loaded collision time for BConcave+CConcave+3500 at IoU 0.95: nan
2025-07-16 19:30:47,085 - INFO - Processing video: BConcave+CConcave+3700_flipped
2025-07-16 19:30:47,086 - INFO - Video BConcave+CConcave+3700_flipped already processed (found segformer_model-BConcave+CConcave+3700_flipped.mp4), skipping video processing...
2025-07-16 19:30:47,092 - INFO - VanillaSegmentationSaver initialized with output dir: /home/projects/bagon/andreyg/Projects/Object_reps_neural/Programming/hugging_face/model_experiments/segformer/exp2TTC/processed_videos/segformer_model-BConcave+CConcave+3700_flipped/org_segmentation
2025-07-16 19:30:47,094 - INFO - All collision results already exist for BConcave+CConcave+3700_flipped
2025-07-16 19:30:47,095 - DEBUG - Loaded collision time for BConcave+CConcave+3700_flipped at IoU 0.05: 3416.6666666666665
2025-07-16 19:30:47,095 - DEBUG - Loaded collision time for BConcave+CConcave+3700_flipped at IoU 0.1: 3416.6666666666665
2025-07-16 19:30:47,095 - DEBUG - Loaded collision time for BConcave+CConcave+3700_flipped at IoU 0.15: 3800.0
2025-07-16 19:30:47,095 - DEBUG - Loaded collision time for BConcave+CConcave+3700_flipped at IoU 0.2: 3966.666666666667
2025-07-16 19:30:47,095 - DEBUG - Loaded collision time for BConcave+CConcave+3700_flipped at IoU 0.25: 4016.6666666666665
2025-07-16 19:30:47,096 - DEBUG - Loaded collision time for BConcave+CConcave+3700_flipped at IoU 0.3: nan
2025-07-16 19:30:47,096 - DEBUG - Loaded collision time for BConcave+CConcave+3700_flipped at IoU 0.35: nan
2025-07-16 19:30:47,096 - DEBUG - Loaded collision time for BConcave+CConcave+3700_flipped at IoU 0.4: nan
2025-07-16 19:30:47,097 - DEBUG - Loaded collision time for BConcave+CConcave+3700_flipped at IoU 0.45: nan
2025-07-16 19:30:47,097 - DEBUG - Loaded collision time for BConcave+CConcave+3700_flipped at IoU 0.5: nan
2025-07-16 19:30:47,097 - DEBUG - Loaded collision time for BConcave+CConcave+3700_flipped at IoU 0.55: nan
2025-07-16 19:30:47,097 - DEBUG - Loaded collision time for BConcave+CConcave+3700_flipped at IoU 0.6: nan
2025-07-16 19:30:47,098 - DEBUG - Loaded collision time for BConcave+CConcave+3700_flipped at IoU 0.65: nan
2025-07-16 19:30:47,098 - DEBUG - Loaded collision time for BConcave+CConcave+3700_flipped at IoU 0.7: nan
2025-07-16 19:30:47,098 - DEBUG - Loaded collision time for BConcave+CConcave+3700_flipped at IoU 0.75: nan
2025-07-16 19:30:47,098 - DEBUG - Loaded collision time for BConcave+CConcave+3700_flipped at IoU 0.8: nan
2025-07-16 19:30:47,098 - DEBUG - Loaded collision time for BConcave+CConcave+3700_flipped at IoU 0.85: nan
2025-07-16 19:30:47,099 - DEBUG - Loaded collision time for BConcave+CConcave+3700_flipped at IoU 0.9: nan
2025-07-16 19:30:47,099 - DEBUG - Loaded collision time for BConcave+CConcave+3700_flipped at IoU 0.95: nan
2025-07-16 19:30:47,099 - INFO - Processing video: BConcave+CConcave+3900
2025-07-16 19:30:47,100 - INFO - Video BConcave+CConcave+3900 already processed (found segformer_model-BConcave+CConcave+3900.mp4), skipping video processing...
2025-07-16 19:30:47,106 - INFO - VanillaSegmentationSaver initialized with output dir: /home/projects/bagon/andreyg/Projects/Object_reps_neural/Programming/hugging_face/model_experiments/segformer/exp2TTC/processed_videos/segformer_model-BConcave+CConcave+3900/org_segmentation
2025-07-16 19:30:47,108 - INFO - All collision results already exist for BConcave+CConcave+3900
2025-07-16 19:30:47,109 - DEBUG - Loaded collision time for BConcave+CConcave+3900 at IoU 0.05: 4016.6666666666665
2025-07-16 19:30:47,109 - DEBUG - Loaded collision time for BConcave+CConcave+3900 at IoU 0.1: 4116.666666666666
2025-07-16 19:30:47,109 - DEBUG - Loaded collision time for BConcave+CConcave+3900 at IoU 0.15: 4233.333333333333
2025-07-16 19:30:47,109 - DEBUG - Loaded collision time for BConcave+CConcave+3900 at IoU 0.2: 4300.0
2025-07-16 19:30:47,110 - DEBUG - Loaded collision time for BConcave+CConcave+3900 at IoU 0.25: 4383.333333333334
2025-07-16 19:30:47,110 - DEBUG - Loaded collision time for BConcave+CConcave+3900 at IoU 0.3: 4466.666666666667
2025-07-16 19:30:47,110 - DEBUG - Loaded collision time for BConcave+CConcave+3900 at IoU 0.35: nan
2025-07-16 19:30:47,110 - DEBUG - Loaded collision time for BConcave+CConcave+3900 at IoU 0.4: nan
2025-07-16 19:30:47,111 - DEBUG - Loaded collision time for BConcave+CConcave+3900 at IoU 0.45: nan
2025-07-16 19:30:47,111 - DEBUG - Loaded collision time for BConcave+CConcave+3900 at IoU 0.5: nan
2025-07-16 19:30:47,111 - DEBUG - Loaded collision time for BConcave+CConcave+3900 at IoU 0.55: nan
2025-07-16 19:30:47,111 - DEBUG - Loaded collision time for BConcave+CConcave+3900 at IoU 0.6: nan
2025-07-16 19:30:47,112 - DEBUG - Loaded collision time for BConcave+CConcave+3900 at IoU 0.65: nan
2025-07-16 19:30:47,112 - DEBUG - Loaded collision time for BConcave+CConcave+3900 at IoU 0.7: nan
2025-07-16 19:30:47,112 - DEBUG - Loaded collision time for BConcave+CConcave+3900 at IoU 0.75: nan
2025-07-16 19:30:47,112 - DEBUG - Loaded collision time for BConcave+CConcave+3900 at IoU 0.8: nan
2025-07-16 19:30:47,113 - DEBUG - Loaded collision time for BConcave+CConcave+3900 at IoU 0.85: nan
2025-07-16 19:30:47,113 - DEBUG - Loaded collision time for BConcave+CConcave+3900 at IoU 0.9: nan
2025-07-16 19:30:47,113 - DEBUG - Loaded collision time for BConcave+CConcave+3900 at IoU 0.95: nan
2025-07-16 19:30:47,113 - INFO - Processing video: BConcave+CConcave+4100_flipped
2025-07-16 19:30:47,114 - INFO - Video BConcave+CConcave+4100_flipped already processed (found segformer_model-BConcave+CConcave+4100_flipped.mp4), skipping video processing...
2025-07-16 19:30:47,120 - INFO - VanillaSegmentationSaver initialized with output dir: /home/projects/bagon/andreyg/Projects/Object_reps_neural/Programming/hugging_face/model_experiments/segformer/exp2TTC/processed_videos/segformer_model-BConcave+CConcave+4100_flipped/org_segmentation
2025-07-16 19:30:47,123 - INFO - All collision results already exist for BConcave+CConcave+4100_flipped
2025-07-16 19:30:47,123 - DEBUG - Loaded collision time for BConcave+CConcave+4100_flipped at IoU 0.05: 4250.0
2025-07-16 19:30:47,123 - DEBUG - Loaded collision time for BConcave+CConcave+4100_flipped at IoU 0.1: 4350.0
2025-07-16 19:30:47,123 - DEBUG - Loaded collision time for BConcave+CConcave+4100_flipped at IoU 0.15: 4466.666666666667
2025-07-16 19:30:47,124 - DEBUG - Loaded collision time for BConcave+CConcave+4100_flipped at IoU 0.2: 4550.0
2025-07-16 19:30:47,124 - DEBUG - Loaded collision time for BConcave+CConcave+4100_flipped at IoU 0.25: 4650.0
2025-07-16 19:30:47,124 - DEBUG - Loaded collision time for BConcave+CConcave+4100_flipped at IoU 0.3: 4833.333333333333
2025-07-16 19:30:47,124 - DEBUG - Loaded collision time for BConcave+CConcave+4100_flipped at IoU 0.35: nan
2025-07-16 19:30:47,125 - DEBUG - Loaded collision time for BConcave+CConcave+4100_flipped at IoU 0.4: nan
2025-07-16 19:30:47,125 - DEBUG - Loaded collision time for BConcave+CConcave+4100_flipped at IoU 0.45: nan
2025-07-16 19:30:47,125 - DEBUG - Loaded collision time for BConcave+CConcave+4100_flipped at IoU 0.5: nan
2025-07-16 19:30:47,125 - DEBUG - Loaded collision time for BConcave+CConcave+4100_flipped at IoU 0.55: nan
2025-07-16 19:30:47,126 - DEBUG - Loaded collision time for BConcave+CConcave+4100_flipped at IoU 0.6: nan
2025-07-16 19:30:47,126 - DEBUG - Loaded collision time for BConcave+CConcave+4100_flipped at IoU 0.65: nan
2025-07-16 19:30:47,126 - DEBUG - Loaded collision time for BConcave+CConcave+4100_flipped at IoU 0.7: nan
2025-07-16 19:30:47,126 - DEBUG - Loaded collision time for BConcave+CConcave+4100_flipped at IoU 0.75: nan
2025-07-16 19:30:47,127 - DEBUG - Loaded collision time for BConcave+CConcave+4100_flipped at IoU 0.8: nan
2025-07-16 19:30:47,127 - DEBUG - Loaded collision time for BConcave+CConcave+4100_flipped at IoU 0.85: nan
2025-07-16 19:30:47,127 - DEBUG - Loaded collision time for BConcave+CConcave+4100_flipped at IoU 0.9: nan
2025-07-16 19:30:47,128 - DEBUG - Loaded collision time for BConcave+CConcave+4100_flipped at IoU 0.95: nan
2025-07-16 19:30:47,128 - INFO - Processing video: BConcave+CConcave+4300
2025-07-16 19:30:47,128 - INFO - Video BConcave+CConcave+4300 already processed (found segformer_model-BConcave+CConcave+4300.mp4), skipping video processing...
2025-07-16 19:30:47,134 - INFO - VanillaSegmentationSaver initialized with output dir: /home/projects/bagon/andreyg/Projects/Object_reps_neural/Programming/hugging_face/model_experiments/segformer/exp2TTC/processed_videos/segformer_model-BConcave+CConcave+4300/org_segmentation
2025-07-16 19:30:47,137 - INFO - All collision results already exist for BConcave+CConcave+4300
2025-07-16 19:30:47,137 - DEBUG - Loaded collision time for BConcave+CConcave+4300 at IoU 0.05: 4483.333333333333
2025-07-16 19:30:47,137 - DEBUG - Loaded collision time for BConcave+CConcave+4300 at IoU 0.1: 4600.0
2025-07-16 19:30:47,138 - DEBUG - Loaded collision time for BConcave+CConcave+4300 at IoU 0.15: 4683.333333333334
2025-07-16 19:30:47,138 - DEBUG - Loaded collision time for BConcave+CConcave+4300 at IoU 0.2: 4766.666666666667
2025-07-16 19:30:47,138 - DEBUG - Loaded collision time for BConcave+CConcave+4300 at IoU 0.25: 4850.0
2025-07-16 19:30:47,138 - DEBUG - Loaded collision time for BConcave+CConcave+4300 at IoU 0.3: 4950.0
2025-07-16 19:30:47,139 - DEBUG - Loaded collision time for BConcave+CConcave+4300 at IoU 0.35: 5100.0
2025-07-16 19:30:47,139 - DEBUG - Loaded collision time for BConcave+CConcave+4300 at IoU 0.4: nan
2025-07-16 19:30:47,139 - DEBUG - Loaded collision time for BConcave+CConcave+4300 at IoU 0.45: nan
2025-07-16 19:30:47,139 - DEBUG - Loaded collision time for BConcave+CConcave+4300 at IoU 0.5: nan
2025-07-16 19:30:47,140 - DEBUG - Loaded collision time for BConcave+CConcave+4300 at IoU 0.55: nan
2025-07-16 19:30:47,140 - DEBUG - Loaded collision time for BConcave+CConcave+4300 at IoU 0.6: nan
2025-07-16 19:30:47,140 - DEBUG - Loaded collision time for BConcave+CConcave+4300 at IoU 0.65: nan
2025-07-16 19:30:47,140 - DEBUG - Loaded collision time for BConcave+CConcave+4300 at IoU 0.7: nan
2025-07-16 19:30:47,140 - DEBUG - Loaded collision time for BConcave+CConcave+4300 at IoU 0.75: nan
2025-07-16 19:30:47,141 - DEBUG - Loaded collision time for BConcave+CConcave+4300 at IoU 0.8: nan
2025-07-16 19:30:47,141 - DEBUG - Loaded collision time for BConcave+CConcave+4300 at IoU 0.85: nan
2025-07-16 19:30:47,141 - DEBUG - Loaded collision time for BConcave+CConcave+4300 at IoU 0.9: nan
2025-07-16 19:30:47,142 - DEBUG - Loaded collision time for BConcave+CConcave+4300 at IoU 0.95: nan
2025-07-16 19:30:47,142 - INFO - Processing video: BConcave+CConcave+4500_flipped
2025-07-16 19:30:47,142 - INFO - Video BConcave+CConcave+4500_flipped already processed (found segformer_model-BConcave+CConcave+4500_flipped.mp4), skipping video processing...
2025-07-16 19:30:47,148 - INFO - VanillaSegmentationSaver initialized with output dir: /home/projects/bagon/andreyg/Projects/Object_reps_neural/Programming/hugging_face/model_experiments/segformer/exp2TTC/processed_videos/segformer_model-BConcave+CConcave+4500_flipped/org_segmentation
2025-07-16 19:30:47,152 - INFO - All collision results already exist for BConcave+CConcave+4500_flipped
2025-07-16 19:30:47,153 - DEBUG - Loaded collision time for BConcave+CConcave+4500_flipped at IoU 0.05: 4683.333333333334
2025-07-16 19:30:47,153 - DEBUG - Loaded collision time for BConcave+CConcave+4500_flipped at IoU 0.1: 4800.0
2025-07-16 19:30:47,153 - DEBUG - Loaded collision time for BConcave+CConcave+4500_flipped at IoU 0.15: 4866.666666666666
2025-07-16 19:30:47,154 - DEBUG - Loaded collision time for BConcave+CConcave+4500_flipped at IoU 0.2: 4966.666666666667
2025-07-16 19:30:47,154 - DEBUG - Loaded collision time for BConcave+CConcave+4500_flipped at IoU 0.25: 5033.333333333333
2025-07-16 19:30:47,154 - DEBUG - Loaded collision time for BConcave+CConcave+4500_flipped at IoU 0.3: 5116.666666666666
2025-07-16 19:30:47,154 - DEBUG - Loaded collision time for BConcave+CConcave+4500_flipped at IoU 0.35: 5316.666666666666
2025-07-16 19:30:47,155 - DEBUG - Loaded collision time for BConcave+CConcave+4500_flipped at IoU 0.4: nan
2025-07-16 19:30:47,155 - DEBUG - Loaded collision time for BConcave+CConcave+4500_flipped at IoU 0.45: nan
2025-07-16 19:30:47,155 - DEBUG - Loaded collision time for BConcave+CConcave+4500_flipped at IoU 0.5: nan
2025-07-16 19:30:47,155 - DEBUG - Loaded collision time for BConcave+CConcave+4500_flipped at IoU 0.55: nan
2025-07-16 19:30:47,156 - DEBUG - Loaded collision time for BConcave+CConcave+4500_flipped at IoU 0.6: nan
2025-07-16 19:30:47,156 - DEBUG - Loaded collision time for BConcave+CConcave+4500_flipped at IoU 0.65: nan
2025-07-16 19:30:47,156 - DEBUG - Loaded collision time for BConcave+CConcave+4500_flipped at IoU 0.7: nan
2025-07-16 19:30:47,157 - DEBUG - Loaded collision time for BConcave+CConcave+4500_flipped at IoU 0.75: nan
2025-07-16 19:30:47,157 - DEBUG - Loaded collision time for BConcave+CConcave+4500_flipped at IoU 0.8: nan
2025-07-16 19:30:47,157 - DEBUG - Loaded collision time for BConcave+CConcave+4500_flipped at IoU 0.85: nan
2025-07-16 19:30:47,157 - DEBUG - Loaded collision time for BConcave+CConcave+4500_flipped at IoU 0.9: nan
2025-07-16 19:30:47,158 - DEBUG - Loaded collision time for BConcave+CConcave+4500_flipped at IoU 0.95: nan
2025-07-16 19:30:47,158 - INFO - Processing video: BConcave+CConvex+3500_flipped
2025-07-16 19:30:47,158 - INFO - Video BConcave+CConvex+3500_flipped already processed (found segformer_model-BConcave+CConvex+3500_flipped.mp4), skipping video processing...
2025-07-16 19:30:47,165 - INFO - VanillaSegmentationSaver initialized with output dir: /home/projects/bagon/andreyg/Projects/Object_reps_neural/Programming/hugging_face/model_experiments/segformer/exp2TTC/processed_videos/segformer_model-BConcave+CConvex+3500_flipped/org_segmentation
2025-07-16 19:30:47,168 - INFO - All collision results already exist for BConcave+CConvex+3500_flipped
2025-07-16 19:30:47,168 - DEBUG - Loaded collision time for BConcave+CConvex+3500_flipped at IoU 0.05: nan
2025-07-16 19:30:47,168 - DEBUG - Loaded collision time for BConcave+CConvex+3500_flipped at IoU 0.1: nan
2025-07-16 19:30:47,169 - DEBUG - Loaded collision time for BConcave+CConvex+3500_flipped at IoU 0.15: nan
2025-07-16 19:30:47,169 - DEBUG - Loaded collision time for BConcave+CConvex+3500_flipped at IoU 0.2: nan
2025-07-16 19:30:47,169 - DEBUG - Loaded collision time for BConcave+CConvex+3500_flipped at IoU 0.25: nan
2025-07-16 19:30:47,169 - DEBUG - Loaded collision time for BConcave+CConvex+3500_flipped at IoU 0.3: nan
2025-07-16 19:30:47,170 - DEBUG - Loaded collision time for BConcave+CConvex+3500_flipped at IoU 0.35: nan
2025-07-16 19:30:47,170 - DEBUG - Loaded collision time for BConcave+CConvex+3500_flipped at IoU 0.4: nan
2025-07-16 19:30:47,170 - DEBUG - Loaded collision time for BConcave+CConvex+3500_flipped at IoU 0.45: nan
2025-07-16 19:30:47,170 - DEBUG - Loaded collision time for BConcave+CConvex+3500_flipped at IoU 0.5: nan
2025-07-16 19:30:47,171 - DEBUG - Loaded collision time for BConcave+CConvex+3500_flipped at IoU 0.55: nan
2025-07-16 19:30:47,171 - DEBUG - Loaded collision time for BConcave+CConvex+3500_flipped at IoU 0.6: nan
2025-07-16 19:30:47,171 - DEBUG - Loaded collision time for BConcave+CConvex+3500_flipped at IoU 0.65: nan
2025-07-16 19:30:47,171 - DEBUG - Loaded collision time for BConcave+CConvex+3500_flipped at IoU 0.7: nan
2025-07-16 19:30:47,171 - DEBUG - Loaded collision time for BConcave+CConvex+3500_flipped at IoU 0.75: nan
2025-07-16 19:30:47,172 - DEBUG - Loaded collision time for BConcave+CConvex+3500_flipped at IoU 0.8: nan
2025-07-16 19:30:47,172 - DEBUG - Loaded collision time for BConcave+CConvex+3500_flipped at IoU 0.85: nan
2025-07-16 19:30:47,172 - DEBUG - Loaded collision time for BConcave+CConvex+3500_flipped at IoU 0.9: nan
2025-07-16 19:30:47,172 - DEBUG - Loaded collision time for BConcave+CConvex+3500_flipped at IoU 0.95: nan
2025-07-16 19:30:47,172 - INFO - Processing video: BConcave+CConvex+3700
2025-07-16 19:30:47,173 - INFO - Video BConcave+CConvex+3700 already processed (found segformer_model-BConcave+CConvex+3700.mp4), skipping video processing...
2025-07-16 19:30:47,178 - INFO - VanillaSegmentationSaver initialized with output dir: /home/projects/bagon/andreyg/Projects/Object_reps_neural/Programming/hugging_face/model_experiments/segformer/exp2TTC/processed_videos/segformer_model-BConcave+CConvex+3700/org_segmentation
2025-07-16 19:30:47,181 - INFO - All collision results already exist for BConcave+CConvex+3700
2025-07-16 19:30:47,182 - DEBUG - Loaded collision time for BConcave+CConvex+3700 at IoU 0.05: 3966.666666666667
2025-07-16 19:30:47,182 - DEBUG - Loaded collision time for BConcave+CConvex+3700 at IoU 0.1: 4100.0
2025-07-16 19:30:47,182 - DEBUG - Loaded collision time for BConcave+CConvex+3700 at IoU 0.15: 4200.0
2025-07-16 19:30:47,183 - DEBUG - Loaded collision time for BConcave+CConvex+3700 at IoU 0.2: 4266.666666666667
2025-07-16 19:30:47,183 - DEBUG - Loaded collision time for BConcave+CConvex+3700 at IoU 0.25: 4333.333333333333
2025-07-16 19:30:47,183 - DEBUG - Loaded collision time for BConcave+CConvex+3700 at IoU 0.3: 4416.666666666667
2025-07-16 19:30:47,184 - DEBUG - Loaded collision time for BConcave+CConvex+3700 at IoU 0.35: 4500.0
2025-07-16 19:30:47,184 - DEBUG - Loaded collision time for BConcave+CConvex+3700 at IoU 0.4: 4666.666666666667
2025-07-16 19:30:47,184 - DEBUG - Loaded collision time for BConcave+CConvex+3700 at IoU 0.45: nan
2025-07-16 19:30:47,185 - DEBUG - Loaded collision time for BConcave+CConvex+3700 at IoU 0.5: nan
2025-07-16 19:30:47,185 - DEBUG - Loaded collision time for BConcave+CConvex+3700 at IoU 0.55: nan
2025-07-16 19:30:47,186 - DEBUG - Loaded collision time for BConcave+CConvex+3700 at IoU 0.6: nan
2025-07-16 19:30:47,186 - DEBUG - Loaded collision time for BConcave+CConvex+3700 at IoU 0.65: nan
2025-07-16 19:30:47,186 - DEBUG - Loaded collision time for BConcave+CConvex+3700 at IoU 0.7: nan
2025-07-16 19:30:47,187 - DEBUG - Loaded collision time for BConcave+CConvex+3700 at IoU 0.75: nan
2025-07-16 19:30:47,187 - DEBUG - Loaded collision time for BConcave+CConvex+3700 at IoU 0.8: nan
2025-07-16 19:30:47,187 - DEBUG - Loaded collision time for BConcave+CConvex+3700 at IoU 0.85: nan
2025-07-16 19:30:47,188 - DEBUG - Loaded collision time for BConcave+CConvex+3700 at IoU 0.9: nan
2025-07-16 19:30:47,188 - DEBUG - Loaded collision time for BConcave+CConvex+3700 at IoU 0.95: nan
2025-07-16 19:30:47,188 - INFO - Processing video: BConcave+CConvex+3900_flipped
2025-07-16 19:30:47,189 - INFO - Video BConcave+CConvex+3900_flipped already processed (found segformer_model-BConcave+CConvex+3900_flipped.mp4), skipping video processing...
2025-07-16 19:30:47,195 - INFO - VanillaSegmentationSaver initialized with output dir: /home/projects/bagon/andreyg/Projects/Object_reps_neural/Programming/hugging_face/model_experiments/segformer/exp2TTC/processed_videos/segformer_model-BConcave+CConvex+3900_flipped/org_segmentation
2025-07-16 19:30:47,199 - INFO - All collision results already exist for BConcave+CConvex+3900_flipped
2025-07-16 19:30:47,199 - DEBUG - Loaded collision time for BConcave+CConvex+3900_flipped at IoU 0.05: 4150.0
2025-07-16 19:30:47,200 - DEBUG - Loaded collision time for BConcave+CConvex+3900_flipped at IoU 0.1: 4283.333333333333
2025-07-16 19:30:47,200 - DEBUG - Loaded collision time for BConcave+CConvex+3900_flipped at IoU 0.15: 4400.0
2025-07-16 19:30:47,200 - DEBUG - Loaded collision time for BConcave+CConvex+3900_flipped at IoU 0.2: 4483.333333333333
2025-07-16 19:30:47,200 - DEBUG - Loaded collision time for BConcave+CConvex+3900_flipped at IoU 0.25: 4550.0
2025-07-16 19:30:47,200 - DEBUG - Loaded collision time for BConcave+CConvex+3900_flipped at IoU 0.3: 4616.666666666666
2025-07-16 19:30:47,201 - DEBUG - Loaded collision time for BConcave+CConvex+3900_flipped at IoU 0.35: 4716.666666666667
2025-07-16 19:30:47,201 - DEBUG - Loaded collision time for BConcave+CConvex+3900_flipped at IoU 0.4: nan
2025-07-16 19:30:47,201 - DEBUG - Loaded collision time for BConcave+CConvex+3900_flipped at IoU 0.45: nan
2025-07-16 19:30:47,201 - DEBUG - Loaded collision time for BConcave+CConvex+3900_flipped at IoU 0.5: nan
2025-07-16 19:30:47,202 - DEBUG - Loaded collision time for BConcave+CConvex+3900_flipped at IoU 0.55: nan
2025-07-16 19:30:47,202 - DEBUG - Loaded collision time for BConcave+CConvex+3900_flipped at IoU 0.6: nan
2025-07-16 19:30:47,202 - DEBUG - Loaded collision time for BConcave+CConvex+3900_flipped at IoU 0.65: nan
2025-07-16 19:30:47,202 - DEBUG - Loaded collision time for BConcave+CConvex+3900_flipped at IoU 0.7: nan
2025-07-16 19:30:47,203 - DEBUG - Loaded collision time for BConcave+CConvex+3900_flipped at IoU 0.75: nan
2025-07-16 19:30:47,203 - DEBUG - Loaded collision time for BConcave+CConvex+3900_flipped at IoU 0.8: nan
2025-07-16 19:30:47,203 - DEBUG - Loaded collision time for BConcave+CConvex+3900_flipped at IoU 0.85: nan
2025-07-16 19:30:47,203 - DEBUG - Loaded collision time for BConcave+CConvex+3900_flipped at IoU 0.9: nan
2025-07-16 19:30:47,204 - DEBUG - Loaded collision time for BConcave+CConvex+3900_flipped at IoU 0.95: nan
2025-07-16 19:30:47,204 - INFO - Processing video: BConcave+CConvex+4100
2025-07-16 19:30:47,204 - INFO - Video BConcave+CConvex+4100 already processed (found segformer_model-BConcave+CConvex+4100.mp4), skipping video processing...
2025-07-16 19:30:47,210 - INFO - VanillaSegmentationSaver initialized with output dir: /home/projects/bagon/andreyg/Projects/Object_reps_neural/Programming/hugging_face/model_experiments/segformer/exp2TTC/processed_videos/segformer_model-BConcave+CConvex+4100/org_segmentation
2025-07-16 19:30:47,213 - INFO - All collision results already exist for BConcave+CConvex+4100
2025-07-16 19:30:47,213 - DEBUG - Loaded collision time for BConcave+CConvex+4100 at IoU 0.05: 4416.666666666667
2025-07-16 19:30:47,214 - DEBUG - Loaded collision time for BConcave+CConvex+4100 at IoU 0.1: 4550.0
2025-07-16 19:30:47,214 - DEBUG - Loaded collision time for BConcave+CConvex+4100 at IoU 0.15: 4633.333333333334
2025-07-16 19:30:47,214 - DEBUG - Loaded collision time for BConcave+CConvex+4100 at IoU 0.2: 4700.0
2025-07-16 19:30:47,214 - DEBUG - Loaded collision time for BConcave+CConvex+4100 at IoU 0.25: 4766.666666666667
2025-07-16 19:30:47,215 - DEBUG - Loaded collision time for BConcave+CConvex+4100 at IoU 0.3: 4933.333333333334
2025-07-16 19:30:47,215 - DEBUG - Loaded collision time for BConcave+CConvex+4100 at IoU 0.35: nan
2025-07-16 19:30:47,215 - DEBUG - Loaded collision time for BConcave+CConvex+4100 at IoU 0.4: nan
2025-07-16 19:30:47,215 - DEBUG - Loaded collision time for BConcave+CConvex+4100 at IoU 0.45: nan
2025-07-16 19:30:47,216 - DEBUG - Loaded collision time for BConcave+CConvex+4100 at IoU 0.5: nan
2025-07-16 19:30:47,216 - DEBUG - Loaded collision time for BConcave+CConvex+4100 at IoU 0.55: nan
2025-07-16 19:30:47,216 - DEBUG - Loaded collision time for BConcave+CConvex+4100 at IoU 0.6: nan
2025-07-16 19:30:47,216 - DEBUG - Loaded collision time for BConcave+CConvex+4100 at IoU 0.65: nan
2025-07-16 19:30:47,217 - DEBUG - Loaded collision time for BConcave+CConvex+4100 at IoU 0.7: nan
2025-07-16 19:30:47,217 - DEBUG - Loaded collision time for BConcave+CConvex+4100 at IoU 0.75: nan
2025-07-16 19:30:47,217 - DEBUG - Loaded collision time for BConcave+CConvex+4100 at IoU 0.8: nan
2025-07-16 19:30:47,217 - DEBUG - Loaded collision time for BConcave+CConvex+4100 at IoU 0.85: nan
2025-07-16 19:30:47,218 - DEBUG - Loaded collision time for BConcave+CConvex+4100 at IoU 0.9: nan
2025-07-16 19:30:47,218 - DEBUG - Loaded collision time for BConcave+CConvex+4100 at IoU 0.95: nan
2025-07-16 19:30:47,218 - INFO - Processing video: BConcave+CConvex+4300_flipped
2025-07-16 19:30:47,218 - INFO - Video BConcave+CConvex+4300_flipped already processed (found segformer_model-BConcave+CConvex+4300_flipped.mp4), skipping video processing...
2025-07-16 19:30:47,224 - INFO - VanillaSegmentationSaver initialized with output dir: /home/projects/bagon/andreyg/Projects/Object_reps_neural/Programming/hugging_face/model_experiments/segformer/exp2TTC/processed_videos/segformer_model-BConcave+CConvex+4300_flipped/org_segmentation
2025-07-16 19:30:47,228 - INFO - All collision results already exist for BConcave+CConvex+4300_flipped
2025-07-16 19:30:47,228 - DEBUG - Loaded collision time for BConcave+CConvex+4300_flipped at IoU 0.05: 4550.0
2025-07-16 19:30:47,228 - DEBUG - Loaded collision time for BConcave+CConvex+4300_flipped at IoU 0.1: 4666.666666666667
2025-07-16 19:30:47,228 - DEBUG - Loaded collision time for BConcave+CConvex+4300_flipped at IoU 0.15: 4766.666666666667
2025-07-16 19:30:47,229 - DEBUG - Loaded collision time for BConcave+CConvex+4300_flipped at IoU 0.2: 4850.0
2025-07-16 19:30:47,229 - DEBUG - Loaded collision time for BConcave+CConvex+4300_flipped at IoU 0.25: 4933.333333333334
2025-07-16 19:30:47,229 - DEBUG - Loaded collision time for BConcave+CConvex+4300_flipped at IoU 0.3: 5050.0
2025-07-16 19:30:47,229 - DEBUG - Loaded collision time for BConcave+CConvex+4300_flipped at IoU 0.35: nan
2025-07-16 19:30:47,230 - DEBUG - Loaded collision time for BConcave+CConvex+4300_flipped at IoU 0.4: nan
2025-07-16 19:30:47,230 - DEBUG - Loaded collision time for BConcave+CConvex+4300_flipped at IoU 0.45: nan
2025-07-16 19:30:47,230 - DEBUG - Loaded collision time for BConcave+CConvex+4300_flipped at IoU 0.5: nan
2025-07-16 19:30:47,231 - DEBUG - Loaded collision time for BConcave+CConvex+4300_flipped at IoU 0.55: nan
2025-07-16 19:30:47,231 - DEBUG - Loaded collision time for BConcave+CConvex+4300_flipped at IoU 0.6: nan
2025-07-16 19:30:47,231 - DEBUG - Loaded collision time for BConcave+CConvex+4300_flipped at IoU 0.65: nan
2025-07-16 19:30:47,231 - DEBUG - Loaded collision time for BConcave+CConvex+4300_flipped at IoU 0.7: nan
2025-07-16 19:30:47,232 - DEBUG - Loaded collision time for BConcave+CConvex+4300_flipped at IoU 0.75: nan
2025-07-16 19:30:47,232 - DEBUG - Loaded collision time for BConcave+CConvex+4300_flipped at IoU 0.8: nan
2025-07-16 19:30:47,232 - DEBUG - Loaded collision time for BConcave+CConvex+4300_flipped at IoU 0.85: nan
2025-07-16 19:30:47,233 - DEBUG - Loaded collision time for BConcave+CConvex+4300_flipped at IoU 0.9: nan
2025-07-16 19:30:47,233 - DEBUG - Loaded collision time for BConcave+CConvex+4300_flipped at IoU 0.95: nan
2025-07-16 19:30:47,233 - INFO - Processing video: BConcave+CConvex+4500
2025-07-16 19:30:47,233 - INFO - Video BConcave+CConvex+4500 already processed (found segformer_model-BConcave+CConvex+4500.mp4), skipping video processing...
2025-07-16 19:30:47,240 - INFO - VanillaSegmentationSaver initialized with output dir: /home/projects/bagon/andreyg/Projects/Object_reps_neural/Programming/hugging_face/model_experiments/segformer/exp2TTC/processed_videos/segformer_model-BConcave+CConvex+4500/org_segmentation
2025-07-16 19:30:47,244 - INFO - All collision results already exist for BConcave+CConvex+4500
2025-07-16 19:30:47,245 - DEBUG - Loaded collision time for BConcave+CConvex+4500 at IoU 0.05: 4766.666666666667
2025-07-16 19:30:47,245 - DEBUG - Loaded collision time for BConcave+CConvex+4500 at IoU 0.1: 4900.0
2025-07-16 19:30:47,245 - DEBUG - Loaded collision time for BConcave+CConvex+4500 at IoU 0.15: 5000.0
2025-07-16 19:30:47,245 - DEBUG - Loaded collision time for BConcave+CConvex+4500 at IoU 0.2: 5083.333333333333
2025-07-16 19:30:47,246 - DEBUG - Loaded collision time for BConcave+CConvex+4500 at IoU 0.25: 5150.0
2025-07-16 19:30:47,246 - DEBUG - Loaded collision time for BConcave+CConvex+4500 at IoU 0.3: 5216.666666666667
2025-07-16 19:30:47,246 - DEBUG - Loaded collision time for BConcave+CConvex+4500 at IoU 0.35: 5316.666666666666
2025-07-16 19:30:47,246 - DEBUG - Loaded collision time for BConcave+CConvex+4500 at IoU 0.4: nan
2025-07-16 19:30:47,247 - DEBUG - Loaded collision time for BConcave+CConvex+4500 at IoU 0.45: nan
2025-07-16 19:30:47,247 - DEBUG - Loaded collision time for BConcave+CConvex+4500 at IoU 0.5: nan
2025-07-16 19:30:47,247 - DEBUG - Loaded collision time for BConcave+CConvex+4500 at IoU 0.55: nan
2025-07-16 19:30:47,248 - DEBUG - Loaded collision time for BConcave+CConvex+4500 at IoU 0.6: nan
2025-07-16 19:30:47,248 - DEBUG - Loaded collision time for BConcave+CConvex+4500 at IoU 0.65: nan
2025-07-16 19:30:47,248 - DEBUG - Loaded collision time for BConcave+CConvex+4500 at IoU 0.7: nan
2025-07-16 19:30:47,248 - DEBUG - Loaded collision time for BConcave+CConvex+4500 at IoU 0.75: nan
2025-07-16 19:30:47,249 - DEBUG - Loaded collision time for BConcave+CConvex+4500 at IoU 0.8: nan
2025-07-16 19:30:47,249 - DEBUG - Loaded collision time for BConcave+CConvex+4500 at IoU 0.85: nan
2025-07-16 19:30:47,249 - DEBUG - Loaded collision time for BConcave+CConvex+4500 at IoU 0.9: nan
2025-07-16 19:30:47,250 - DEBUG - Loaded collision time for BConcave+CConvex+4500 at IoU 0.95: nan
2025-07-16 19:30:47,250 - INFO - Processing video: BConcave+DConcave+3500
2025-07-16 19:30:47,250 - INFO - Video BConcave+DConcave+3500 already processed (found segformer_model-BConcave+DConcave+3500.mp4), skipping video processing...
2025-07-16 19:30:47,256 - INFO - VanillaSegmentationSaver initialized with output dir: /home/projects/bagon/andreyg/Projects/Object_reps_neural/Programming/hugging_face/model_experiments/segformer/exp2TTC/processed_videos/segformer_model-BConcave+DConcave+3500/org_segmentation
2025-07-16 19:30:47,259 - INFO - All collision results already exist for BConcave+DConcave+3500
2025-07-16 19:30:47,259 - DEBUG - Loaded collision time for BConcave+DConcave+3500 at IoU 0.05: 3733.3333333333335
2025-07-16 19:30:47,259 - DEBUG - Loaded collision time for BConcave+DConcave+3500 at IoU 0.1: 3833.3333333333335
2025-07-16 19:30:47,260 - DEBUG - Loaded collision time for BConcave+DConcave+3500 at IoU 0.15: 3983.3333333333335
2025-07-16 19:30:47,260 - DEBUG - Loaded collision time for BConcave+DConcave+3500 at IoU 0.2: 4183.333333333334
2025-07-16 19:30:47,260 - DEBUG - Loaded collision time for BConcave+DConcave+3500 at IoU 0.25: nan
2025-07-16 19:30:47,261 - DEBUG - Loaded collision time for BConcave+DConcave+3500 at IoU 0.3: nan
2025-07-16 19:30:47,261 - DEBUG - Loaded collision time for BConcave+DConcave+3500 at IoU 0.35: nan
2025-07-16 19:30:47,261 - DEBUG - Loaded collision time for BConcave+DConcave+3500 at IoU 0.4: nan
2025-07-16 19:30:47,261 - DEBUG - Loaded collision time for BConcave+DConcave+3500 at IoU 0.45: nan
2025-07-16 19:30:47,262 - DEBUG - Loaded collision time for BConcave+DConcave+3500 at IoU 0.5: nan
2025-07-16 19:30:47,262 - DEBUG - Loaded collision time for BConcave+DConcave+3500 at IoU 0.55: nan
2025-07-16 19:30:47,262 - DEBUG - Loaded collision time for BConcave+DConcave+3500 at IoU 0.6: nan
2025-07-16 19:30:47,263 - DEBUG - Loaded collision time for BConcave+DConcave+3500 at IoU 0.65: nan
2025-07-16 19:30:47,263 - DEBUG - Loaded collision time for BConcave+DConcave+3500 at IoU 0.7: nan
2025-07-16 19:30:47,263 - DEBUG - Loaded collision time for BConcave+DConcave+3500 at IoU 0.75: nan
2025-07-16 19:30:47,263 - DEBUG - Loaded collision time for BConcave+DConcave+3500 at IoU 0.8: nan
2025-07-16 19:30:47,264 - DEBUG - Loaded collision time for BConcave+DConcave+3500 at IoU 0.85: nan
2025-07-16 19:30:47,264 - DEBUG - Loaded collision time for BConcave+DConcave+3500 at IoU 0.9: nan
2025-07-16 19:30:47,264 - DEBUG - Loaded collision time for BConcave+DConcave+3500 at IoU 0.95: nan
2025-07-16 19:30:47,264 - INFO - Processing video: BConcave+DConcave+3700_flipped
2025-07-16 19:30:47,265 - INFO - Video BConcave+DConcave+3700_flipped already processed (found segformer_model-BConcave+DConcave+3700_flipped.mp4), skipping video processing...
2025-07-16 19:30:47,271 - INFO - VanillaSegmentationSaver initialized with output dir: /home/projects/bagon/andreyg/Projects/Object_reps_neural/Programming/hugging_face/model_experiments/segformer/exp2TTC/processed_videos/segformer_model-BConcave+DConcave+3700_flipped/org_segmentation
2025-07-16 19:30:47,274 - INFO - All collision results already exist for BConcave+DConcave+3700_flipped
2025-07-16 19:30:47,275 - DEBUG - Loaded collision time for BConcave+DConcave+3700_flipped at IoU 0.05: 3883.3333333333335
2025-07-16 19:30:47,275 - DEBUG - Loaded collision time for BConcave+DConcave+3700_flipped at IoU 0.1: 4000.0
2025-07-16 19:30:47,275 - DEBUG - Loaded collision time for BConcave+DConcave+3700_flipped at IoU 0.15: 4100.0
2025-07-16 19:30:47,276 - DEBUG - Loaded collision time for BConcave+DConcave+3700_flipped at IoU 0.2: 4200.0
2025-07-16 19:30:47,276 - DEBUG - Loaded collision time for BConcave+DConcave+3700_flipped at IoU 0.25: 4333.333333333333
2025-07-16 19:30:47,276 - DEBUG - Loaded collision time for BConcave+DConcave+3700_flipped at IoU 0.3: 4416.666666666667
2025-07-16 19:30:47,276 - DEBUG - Loaded collision time for BConcave+DConcave+3700_flipped at IoU 0.35: 4550.0
2025-07-16 19:30:47,277 - DEBUG - Loaded collision time for BConcave+DConcave+3700_flipped at IoU 0.4: nan
2025-07-16 19:30:47,277 - DEBUG - Loaded collision time for BConcave+DConcave+3700_flipped at IoU 0.45: nan
2025-07-16 19:30:47,277 - DEBUG - Loaded collision time for BConcave+DConcave+3700_flipped at IoU 0.5: nan
2025-07-16 19:30:47,278 - DEBUG - Loaded collision time for BConcave+DConcave+3700_flipped at IoU 0.55: nan
2025-07-16 19:30:47,278 - DEBUG - Loaded collision time for BConcave+DConcave+3700_flipped at IoU 0.6: nan
2025-07-16 19:30:47,278 - DEBUG - Loaded collision time for BConcave+DConcave+3700_flipped at IoU 0.65: nan
2025-07-16 19:30:47,278 - DEBUG - Loaded collision time for BConcave+DConcave+3700_flipped at IoU 0.7: nan
2025-07-16 19:30:47,279 - DEBUG - Loaded collision time for BConcave+DConcave+3700_flipped at IoU 0.75: nan
2025-07-16 19:30:47,279 - DEBUG - Loaded collision time for BConcave+DConcave+3700_flipped at IoU 0.8: nan
2025-07-16 19:30:47,279 - DEBUG - Loaded collision time for BConcave+DConcave+3700_flipped at IoU 0.85: nan
2025-07-16 19:30:47,280 - DEBUG - Loaded collision time for BConcave+DConcave+3700_flipped at IoU 0.9: nan
2025-07-16 19:30:47,280 - DEBUG - Loaded collision time for BConcave+DConcave+3700_flipped at IoU 0.95: nan
2025-07-16 19:30:47,280 - INFO - Processing video: BConcave+DConcave+3900
2025-07-16 19:30:47,281 - INFO - Video BConcave+DConcave+3900 already processed (found segformer_model-BConcave+DConcave+3900.mp4), skipping video processing...
2025-07-16 19:30:47,287 - INFO - VanillaSegmentationSaver initialized with output dir: /home/projects/bagon/andreyg/Projects/Object_reps_neural/Programming/hugging_face/model_experiments/segformer/exp2TTC/processed_videos/segformer_model-BConcave+DConcave+3900/org_segmentation
2025-07-16 19:30:47,290 - INFO - All collision results already exist for BConcave+DConcave+3900
2025-07-16 19:30:47,291 - DEBUG - Loaded collision time for BConcave+DConcave+3900 at IoU 0.05: 4083.333333333333
2025-07-16 19:30:47,291 - DEBUG - Loaded collision time for BConcave+DConcave+3900 at IoU 0.1: 4150.0
2025-07-16 19:30:47,291 - DEBUG - Loaded collision time for BConcave+DConcave+3900 at IoU 0.15: 4216.666666666667
2025-07-16 19:30:47,292 - DEBUG - Loaded collision time for BConcave+DConcave+3900 at IoU 0.2: 4283.333333333333
2025-07-16 19:30:47,292 - DEBUG - Loaded collision time for BConcave+DConcave+3900 at IoU 0.25: 4366.666666666666
2025-07-16 19:30:47,292 - DEBUG - Loaded collision time for BConcave+DConcave+3900 at IoU 0.3: 4483.333333333333
2025-07-16 19:30:47,293 - DEBUG - Loaded collision time for BConcave+DConcave+3900 at IoU 0.35: 4600.0
2025-07-16 19:30:47,293 - DEBUG - Loaded collision time for BConcave+DConcave+3900 at IoU 0.4: nan
2025-07-16 19:30:47,293 - DEBUG - Loaded collision time for BConcave+DConcave+3900 at IoU 0.45: nan
2025-07-16 19:30:47,293 - DEBUG - Loaded collision time for BConcave+DConcave+3900 at IoU 0.5: nan
2025-07-16 19:30:47,294 - DEBUG - Loaded collision time for BConcave+DConcave+3900 at IoU 0.55: nan
2025-07-16 19:30:47,294 - DEBUG - Loaded collision time for BConcave+DConcave+3900 at IoU 0.6: nan
2025-07-16 19:30:47,294 - DEBUG - Loaded collision time for BConcave+DConcave+3900 at IoU 0.65: nan
2025-07-16 19:30:47,295 - DEBUG - Loaded collision time for BConcave+DConcave+3900 at IoU 0.7: nan
2025-07-16 19:30:47,295 - DEBUG - Loaded collision time for BConcave+DConcave+3900 at IoU 0.75: nan
2025-07-16 19:30:47,295 - DEBUG - Loaded collision time for BConcave+DConcave+3900 at IoU 0.8: nan
2025-07-16 19:30:47,296 - DEBUG - Loaded collision time for BConcave+DConcave+3900 at IoU 0.85: nan
2025-07-16 19:30:47,296 - DEBUG - Loaded collision time for BConcave+DConcave+3900 at IoU 0.9: nan
2025-07-16 19:30:47,296 - DEBUG - Loaded collision time for BConcave+DConcave+3900 at IoU 0.95: nan
2025-07-16 19:30:47,296 - INFO - Processing video: BConcave+DConcave+4100_flipped
2025-07-16 19:30:47,297 - INFO - Video BConcave+DConcave+4100_flipped already processed (found segformer_model-BConcave+DConcave+4100_flipped.mp4), skipping video processing...
2025-07-16 19:30:47,303 - INFO - VanillaSegmentationSaver initialized with output dir: /home/projects/bagon/andreyg/Projects/Object_reps_neural/Programming/hugging_face/model_experiments/segformer/exp2TTC/processed_videos/segformer_model-BConcave+DConcave+4100_flipped/org_segmentation
2025-07-16 19:30:47,306 - INFO - All collision results already exist for BConcave+DConcave+4100_flipped
2025-07-16 19:30:47,306 - DEBUG - Loaded collision time for BConcave+DConcave+4100_flipped at IoU 0.05: 4333.333333333333
2025-07-16 19:30:47,306 - DEBUG - Loaded collision time for BConcave+DConcave+4100_flipped at IoU 0.1: 4400.0
2025-07-16 19:30:47,307 - DEBUG - Loaded collision time for BConcave+DConcave+4100_flipped at IoU 0.15: 4450.0
2025-07-16 19:30:47,307 - DEBUG - Loaded collision time for BConcave+DConcave+4100_flipped at IoU 0.2: 4500.0
2025-07-16 19:30:47,308 - DEBUG - Loaded collision time for BConcave+DConcave+4100_flipped at IoU 0.25: 4566.666666666666
2025-07-16 19:30:47,308 - DEBUG - Loaded collision time for BConcave+DConcave+4100_flipped at IoU 0.3: 4616.666666666666
2025-07-16 19:30:47,308 - DEBUG - Loaded collision time for BConcave+DConcave+4100_flipped at IoU 0.35: 4683.333333333334
2025-07-16 19:30:47,308 - DEBUG - Loaded collision time for BConcave+DConcave+4100_flipped at IoU 0.4: 4733.333333333333
2025-07-16 19:30:47,309 - DEBUG - Loaded collision time for BConcave+DConcave+4100_flipped at IoU 0.45: 4766.666666666667
2025-07-16 19:30:47,309 - DEBUG - Loaded collision time for BConcave+DConcave+4100_flipped at IoU 0.5: 4850.0
2025-07-16 19:30:47,309 - DEBUG - Loaded collision time for BConcave+DConcave+4100_flipped at IoU 0.55: nan
2025-07-16 19:30:47,310 - DEBUG - Loaded collision time for BConcave+DConcave+4100_flipped at IoU 0.6: nan
2025-07-16 19:30:47,310 - DEBUG - Loaded collision time for BConcave+DConcave+4100_flipped at IoU 0.65: nan
2025-07-16 19:30:47,310 - DEBUG - Loaded collision time for BConcave+DConcave+4100_flipped at IoU 0.7: nan
2025-07-16 19:30:47,311 - DEBUG - Loaded collision time for BConcave+DConcave+4100_flipped at IoU 0.75: nan
2025-07-16 19:30:47,311 - DEBUG - Loaded collision time for BConcave+DConcave+4100_flipped at IoU 0.8: nan
2025-07-16 19:30:47,311 - DEBUG - Loaded collision time for BConcave+DConcave+4100_flipped at IoU 0.85: nan
2025-07-16 19:30:47,312 - DEBUG - Loaded collision time for BConcave+DConcave+4100_flipped at IoU 0.9: nan
2025-07-16 19:30:47,312 - DEBUG - Loaded collision time for BConcave+DConcave+4100_flipped at IoU 0.95: nan
2025-07-16 19:30:47,312 - INFO - Processing video: BConcave+DConcave+4300
2025-07-16 19:30:47,313 - INFO - Video BConcave+DConcave+4300 already processed (found segformer_model-BConcave+DConcave+4300.mp4), skipping video processing...
2025-07-16 19:30:47,319 - INFO - VanillaSegmentationSaver initialized with output dir: /home/projects/bagon/andreyg/Projects/Object_reps_neural/Programming/hugging_face/model_experiments/segformer/exp2TTC/processed_videos/segformer_model-BConcave+DConcave+4300/org_segmentation
2025-07-16 19:30:47,322 - INFO - All collision results already exist for BConcave+DConcave+4300
2025-07-16 19:30:47,322 - DEBUG - Loaded collision time for BConcave+DConcave+4300 at IoU 0.05: 4766.666666666667
2025-07-16 19:30:47,322 - DEBUG - Loaded collision time for BConcave+DConcave+4300 at IoU 0.1: nan
2025-07-16 19:30:47,323 - DEBUG - Loaded collision time for BConcave+DConcave+4300 at IoU 0.15: nan
2025-07-16 19:30:47,323 - DEBUG - Loaded collision time for BConcave+DConcave+4300 at IoU 0.2: nan
2025-07-16 19:30:47,323 - DEBUG - Loaded collision time for BConcave+DConcave+4300 at IoU 0.25: nan
2025-07-16 19:30:47,324 - DEBUG - Loaded collision time for BConcave+DConcave+4300 at IoU 0.3: nan
2025-07-16 19:30:47,324 - DEBUG - Loaded collision time for BConcave+DConcave+4300 at IoU 0.35: nan
2025-07-16 19:30:47,324 - DEBUG - Loaded collision time for BConcave+DConcave+4300 at IoU 0.4: nan
2025-07-16 19:30:47,325 - DEBUG - Loaded collision time for BConcave+DConcave+4300 at IoU 0.45: nan
2025-07-16 19:30:47,325 - DEBUG - Loaded collision time for BConcave+DConcave+4300 at IoU 0.5: nan
2025-07-16 19:30:47,325 - DEBUG - Loaded collision time for BConcave+DConcave+4300 at IoU 0.55: nan
2025-07-16 19:30:47,325 - DEBUG - Loaded collision time for BConcave+DConcave+4300 at IoU 0.6: nan
2025-07-16 19:30:47,326 - DEBUG - Loaded collision time for BConcave+DConcave+4300 at IoU 0.65: nan
2025-07-16 19:30:47,326 - DEBUG - Loaded collision time for BConcave+DConcave+4300 at IoU 0.7: nan
2025-07-16 19:30:47,326 - DEBUG - Loaded collision time for BConcave+DConcave+4300 at IoU 0.75: nan
2025-07-16 19:30:47,326 - DEBUG - Loaded collision time for BConcave+DConcave+4300 at IoU 0.8: nan
2025-07-16 19:30:47,327 - DEBUG - Loaded collision time for BConcave+DConcave+4300 at IoU 0.85: nan
2025-07-16 19:30:47,327 - DEBUG - Loaded collision time for BConcave+DConcave+4300 at IoU 0.9: nan
2025-07-16 19:30:47,327 - DEBUG - Loaded collision time for BConcave+DConcave+4300 at IoU 0.95: nan
2025-07-16 19:30:47,327 - INFO - Processing video: BConcave+DConcave+4500_flipped
2025-07-16 19:30:47,328 - INFO - Video BConcave+DConcave+4500_flipped already processed (found segformer_model-BConcave+DConcave+4500_flipped.mp4), skipping video processing...
2025-07-16 19:30:47,336 - INFO - VanillaSegmentationSaver initialized with output dir: /home/projects/bagon/andreyg/Projects/Object_reps_neural/Programming/hugging_face/model_experiments/segformer/exp2TTC/processed_videos/segformer_model-BConcave+DConcave+4500_flipped/org_segmentation
2025-07-16 19:30:47,339 - INFO - All collision results already exist for BConcave+DConcave+4500_flipped
2025-07-16 19:30:47,340 - DEBUG - Loaded collision time for BConcave+DConcave+4500_flipped at IoU 0.05: nan
2025-07-16 19:30:47,340 - DEBUG - Loaded collision time for BConcave+DConcave+4500_flipped at IoU 0.1: nan
2025-07-16 19:30:47,341 - DEBUG - Loaded collision time for BConcave+DConcave+4500_flipped at IoU 0.15: nan
2025-07-16 19:30:47,341 - DEBUG - Loaded collision time for BConcave+DConcave+4500_flipped at IoU 0.2: nan
2025-07-16 19:30:47,341 - DEBUG - Loaded collision time for BConcave+DConcave+4500_flipped at IoU 0.25: nan
2025-07-16 19:30:47,341 - DEBUG - Loaded collision time for BConcave+DConcave+4500_flipped at IoU 0.3: nan
2025-07-16 19:30:47,342 - DEBUG - Loaded collision time for BConcave+DConcave+4500_flipped at IoU 0.35: nan
2025-07-16 19:30:47,342 - DEBUG - Loaded collision time for BConcave+DConcave+4500_flipped at IoU 0.4: nan
2025-07-16 19:30:47,342 - DEBUG - Loaded collision time for BConcave+DConcave+4500_flipped at IoU 0.45: nan
2025-07-16 19:30:47,343 - DEBUG - Loaded collision time for BConcave+DConcave+4500_flipped at IoU 0.5: nan
2025-07-16 19:30:47,343 - DEBUG - Loaded collision time for BConcave+DConcave+4500_flipped at IoU 0.55: nan
2025-07-16 19:30:47,343 - DEBUG - Loaded collision time for BConcave+DConcave+4500_flipped at IoU 0.6: nan
2025-07-16 19:30:47,344 - DEBUG - Loaded collision time for BConcave+DConcave+4500_flipped at IoU 0.65: nan
2025-07-16 19:30:47,344 - DEBUG - Loaded collision time for BConcave+DConcave+4500_flipped at IoU 0.7: nan
2025-07-16 19:30:47,344 - DEBUG - Loaded collision time for BConcave+DConcave+4500_flipped at IoU 0.75: nan
2025-07-16 19:30:47,345 - DEBUG - Loaded collision time for BConcave+DConcave+4500_flipped at IoU 0.8: nan
2025-07-16 19:30:47,345 - DEBUG - Loaded collision time for BConcave+DConcave+4500_flipped at IoU 0.85: nan
2025-07-16 19:30:47,346 - DEBUG - Loaded collision time for BConcave+DConcave+4500_flipped at IoU 0.9: nan
2025-07-16 19:30:47,346 - DEBUG - Loaded collision time for BConcave+DConcave+4500_flipped at IoU 0.95: nan
2025-07-16 19:30:47,346 - INFO - Processing video: BConcave+DConvex+3500_flipped
2025-07-16 19:30:47,346 - INFO - Video BConcave+DConvex+3500_flipped already processed (found segformer_model-BConcave+DConvex+3500_flipped.mp4), skipping video processing...
2025-07-16 19:30:47,354 - INFO - VanillaSegmentationSaver initialized with output dir: /home/projects/bagon/andreyg/Projects/Object_reps_neural/Programming/hugging_face/model_experiments/segformer/exp2TTC/processed_videos/segformer_model-BConcave+DConvex+3500_flipped/org_segmentation
2025-07-16 19:30:47,581 - INFO - All collision results already exist for BConcave+DConvex+3500_flipped
2025-07-16 19:30:47,581 - DEBUG - Loaded collision time for BConcave+DConvex+3500_flipped at IoU 0.05: nan
2025-07-16 19:30:47,582 - DEBUG - Loaded collision time for BConcave+DConvex+3500_flipped at IoU 0.1: nan
2025-07-16 19:30:47,582 - DEBUG - Loaded collision time for BConcave+DConvex+3500_flipped at IoU 0.15: nan
2025-07-16 19:30:47,582 - DEBUG - Loaded collision time for BConcave+DConvex+3500_flipped at IoU 0.2: nan
2025-07-16 19:30:47,583 - DEBUG - Loaded collision time for BConcave+DConvex+3500_flipped at IoU 0.25: nan
2025-07-16 19:30:47,583 - DEBUG - Loaded collision time for BConcave+DConvex+3500_flipped at IoU 0.3: nan
2025-07-16 19:30:47,583 - DEBUG - Loaded collision time for BConcave+DConvex+3500_flipped at IoU 0.35: nan
2025-07-16 19:30:47,583 - DEBUG - Loaded collision time for BConcave+DConvex+3500_flipped at IoU 0.4: nan
2025-07-16 19:30:47,584 - DEBUG - Loaded collision time for BConcave+DConvex+3500_flipped at IoU 0.45: nan
2025-07-16 19:30:47,584 - DEBUG - Loaded collision time for BConcave+DConvex+3500_flipped at IoU 0.5: nan
2025-07-16 19:30:47,584 - DEBUG - Loaded collision time for BConcave+DConvex+3500_flipped at IoU 0.55: nan
2025-07-16 19:30:47,584 - DEBUG - Loaded collision time for BConcave+DConvex+3500_flipped at IoU 0.6: nan
2025-07-16 19:30:47,585 - DEBUG - Loaded collision time for BConcave+DConvex+3500_flipped at IoU 0.65: nan
2025-07-16 19:30:47,585 - DEBUG - Loaded collision time for BConcave+DConvex+3500_flipped at IoU 0.7: nan
2025-07-16 19:30:47,585 - DEBUG - Loaded collision time for BConcave+DConvex+3500_flipped at IoU 0.75: nan
2025-07-16 19:30:47,585 - DEBUG - Loaded collision time for BConcave+DConvex+3500_flipped at IoU 0.8: nan
2025-07-16 19:30:47,585 - DEBUG - Loaded collision time for BConcave+DConvex+3500_flipped at IoU 0.85: nan
2025-07-16 19:30:47,586 - DEBUG - Loaded collision time for BConcave+DConvex+3500_flipped at IoU 0.9: nan
2025-07-16 19:30:47,586 - DEBUG - Loaded collision time for BConcave+DConvex+3500_flipped at IoU 0.95: nan
2025-07-16 19:30:47,586 - INFO - Processing video: BConcave+DConvex+3700
2025-07-16 19:30:47,587 - INFO - Video BConcave+DConvex+3700 already processed (found segformer_model-BConcave+DConvex+3700.mp4), skipping video processing...
2025-07-16 19:30:47,594 - INFO - VanillaSegmentationSaver initialized with output dir: /home/projects/bagon/andreyg/Projects/Object_reps_neural/Programming/hugging_face/model_experiments/segformer/exp2TTC/processed_videos/segformer_model-BConcave+DConvex+3700/org_segmentation
2025-07-16 19:30:47,598 - INFO - All collision results already exist for BConcave+DConvex+3700
2025-07-16 19:30:47,598 - DEBUG - Loaded collision time for BConcave+DConvex+3700 at IoU 0.05: 4600.0
2025-07-16 19:30:47,598 - DEBUG - Loaded collision time for BConcave+DConvex+3700 at IoU 0.1: 4650.0
2025-07-16 19:30:47,599 - DEBUG - Loaded collision time for BConcave+DConvex+3700 at IoU 0.15: 4700.0
2025-07-16 19:30:47,599 - DEBUG - Loaded collision time for BConcave+DConvex+3700 at IoU 0.2: 4783.333333333333
2025-07-16 19:30:47,599 - DEBUG - Loaded collision time for BConcave+DConvex+3700 at IoU 0.25: nan
2025-07-16 19:30:47,600 - DEBUG - Loaded collision time for BConcave+DConvex+3700 at IoU 0.3: nan
2025-07-16 19:30:47,600 - DEBUG - Loaded collision time for BConcave+DConvex+3700 at IoU 0.35: nan
2025-07-16 19:30:47,600 - DEBUG - Loaded collision time for BConcave+DConvex+3700 at IoU 0.4: nan
2025-07-16 19:30:47,601 - DEBUG - Loaded collision time for BConcave+DConvex+3700 at IoU 0.45: nan
2025-07-16 19:30:47,601 - DEBUG - Loaded collision time for BConcave+DConvex+3700 at IoU 0.5: nan
2025-07-16 19:30:47,601 - DEBUG - Loaded collision time for BConcave+DConvex+3700 at IoU 0.55: nan
2025-07-16 19:30:47,601 - DEBUG - Loaded collision time for BConcave+DConvex+3700 at IoU 0.6: nan
2025-07-16 19:30:47,602 - DEBUG - Loaded collision time for BConcave+DConvex+3700 at IoU 0.65: nan
2025-07-16 19:30:47,602 - DEBUG - Loaded collision time for BConcave+DConvex+3700 at IoU 0.7: nan
2025-07-16 19:30:47,602 - DEBUG - Loaded collision time for BConcave+DConvex+3700 at IoU 0.75: nan
2025-07-16 19:30:47,602 - DEBUG - Loaded collision time for BConcave+DConvex+3700 at IoU 0.8: nan
2025-07-16 19:30:47,603 - DEBUG - Loaded collision time for BConcave+DConvex+3700 at IoU 0.85: nan
2025-07-16 19:30:47,603 - DEBUG - Loaded collision time for BConcave+DConvex+3700 at IoU 0.9: nan
2025-07-16 19:30:47,604 - DEBUG - Loaded collision time for BConcave+DConvex+3700 at IoU 0.95: nan
2025-07-16 19:30:47,604 - INFO - Processing video: BConcave+DConvex+3900_flipped
2025-07-16 19:30:47,604 - INFO - Video BConcave+DConvex+3900_flipped already processed (found segformer_model-BConcave+DConvex+3900_flipped.mp4), skipping video processing...
2025-07-16 19:30:47,611 - INFO - VanillaSegmentationSaver initialized with output dir: /home/projects/bagon/andreyg/Projects/Object_reps_neural/Programming/hugging_face/model_experiments/segformer/exp2TTC/processed_videos/segformer_model-BConcave+DConvex+3900_flipped/org_segmentation
2025-07-16 19:30:47,615 - INFO - All collision results already exist for BConcave+DConvex+3900_flipped
2025-07-16 19:30:47,615 - DEBUG - Loaded collision time for BConcave+DConvex+3900_flipped at IoU 0.05: 4316.666666666666
2025-07-16 19:30:47,615 - DEBUG - Loaded collision time for BConcave+DConvex+3900_flipped at IoU 0.1: 4483.333333333333
2025-07-16 19:30:47,615 - DEBUG - Loaded collision time for BConcave+DConvex+3900_flipped at IoU 0.15: 4566.666666666666
2025-07-16 19:30:47,616 - DEBUG - Loaded collision time for BConcave+DConvex+3900_flipped at IoU 0.2: 4916.666666666667
2025-07-16 19:30:47,616 - DEBUG - Loaded collision time for BConcave+DConvex+3900_flipped at IoU 0.25: nan
2025-07-16 19:30:47,616 - DEBUG - Loaded collision time for BConcave+DConvex+3900_flipped at IoU 0.3: nan
2025-07-16 19:30:47,616 - DEBUG - Loaded collision time for BConcave+DConvex+3900_flipped at IoU 0.35: nan
2025-07-16 19:30:47,617 - DEBUG - Loaded collision time for BConcave+DConvex+3900_flipped at IoU 0.4: nan
2025-07-16 19:30:47,617 - DEBUG - Loaded collision time for BConcave+DConvex+3900_flipped at IoU 0.45: nan
2025-07-16 19:30:47,617 - DEBUG - Loaded collision time for BConcave+DConvex+3900_flipped at IoU 0.5: nan
2025-07-16 19:30:47,617 - DEBUG - Loaded collision time for BConcave+DConvex+3900_flipped at IoU 0.55: nan
2025-07-16 19:30:47,618 - DEBUG - Loaded collision time for BConcave+DConvex+3900_flipped at IoU 0.6: nan
2025-07-16 19:30:47,618 - DEBUG - Loaded collision time for BConcave+DConvex+3900_flipped at IoU 0.65: nan
2025-07-16 19:30:47,618 - DEBUG - Loaded collision time for BConcave+DConvex+3900_flipped at IoU 0.7: nan
2025-07-16 19:30:47,619 - DEBUG - Loaded collision time for BConcave+DConvex+3900_flipped at IoU 0.75: nan
2025-07-16 19:30:47,619 - DEBUG - Loaded collision time for BConcave+DConvex+3900_flipped at IoU 0.8: nan
2025-07-16 19:30:47,619 - DEBUG - Loaded collision time for BConcave+DConvex+3900_flipped at IoU 0.85: nan
2025-07-16 19:30:47,619 - DEBUG - Loaded collision time for BConcave+DConvex+3900_flipped at IoU 0.9: nan
2025-07-16 19:30:47,620 - DEBUG - Loaded collision time for BConcave+DConvex+3900_flipped at IoU 0.95: nan
2025-07-16 19:30:47,620 - INFO - Processing video: BConcave+DConvex+4100
2025-07-16 19:30:47,620 - INFO - Video BConcave+DConvex+4100 already processed (found segformer_model-BConcave+DConvex+4100.mp4), skipping video processing...
2025-07-16 19:30:47,627 - INFO - VanillaSegmentationSaver initialized with output dir: /home/projects/bagon/andreyg/Projects/Object_reps_neural/Programming/hugging_face/model_experiments/segformer/exp2TTC/processed_videos/segformer_model-BConcave+DConvex+4100/org_segmentation
2025-07-16 19:30:47,631 - INFO - All collision results already exist for BConcave+DConvex+4100
2025-07-16 19:30:47,631 - DEBUG - Loaded collision time for BConcave+DConvex+4100 at IoU 0.05: 4700.0
2025-07-16 19:30:47,631 - DEBUG - Loaded collision time for BConcave+DConvex+4100 at IoU 0.1: 4866.666666666666
2025-07-16 19:30:47,632 - DEBUG - Loaded collision time for BConcave+DConvex+4100 at IoU 0.15: 5083.333333333333
2025-07-16 19:30:47,632 - DEBUG - Loaded collision time for BConcave+DConvex+4100 at IoU 0.2: nan
2025-07-16 19:30:47,632 - DEBUG - Loaded collision time for BConcave+DConvex+4100 at IoU 0.25: nan
2025-07-16 19:30:47,633 - DEBUG - Loaded collision time for BConcave+DConvex+4100 at IoU 0.3: nan
2025-07-16 19:30:47,633 - DEBUG - Loaded collision time for BConcave+DConvex+4100 at IoU 0.35: nan
2025-07-16 19:30:47,633 - DEBUG - Loaded collision time for BConcave+DConvex+4100 at IoU 0.4: nan
2025-07-16 19:30:47,633 - DEBUG - Loaded collision time for BConcave+DConvex+4100 at IoU 0.45: nan
2025-07-16 19:30:47,634 - DEBUG - Loaded collision time for BConcave+DConvex+4100 at IoU 0.5: nan
2025-07-16 19:30:47,634 - DEBUG - Loaded collision time for BConcave+DConvex+4100 at IoU 0.55: nan
2025-07-16 19:30:47,634 - DEBUG - Loaded collision time for BConcave+DConvex+4100 at IoU 0.6: nan
2025-07-16 19:30:47,634 - DEBUG - Loaded collision time for BConcave+DConvex+4100 at IoU 0.65: nan
2025-07-16 19:30:47,635 - DEBUG - Loaded collision time for BConcave+DConvex+4100 at IoU 0.7: nan
2025-07-16 19:30:47,635 - DEBUG - Loaded collision time for BConcave+DConvex+4100 at IoU 0.75: nan
2025-07-16 19:30:47,635 - DEBUG - Loaded collision time for BConcave+DConvex+4100 at IoU 0.8: nan
2025-07-16 19:30:47,635 - DEBUG - Loaded collision time for BConcave+DConvex+4100 at IoU 0.85: nan
2025-07-16 19:30:47,636 - DEBUG - Loaded collision time for BConcave+DConvex+4100 at IoU 0.9: nan
2025-07-16 19:30:47,636 - DEBUG - Loaded collision time for BConcave+DConvex+4100 at IoU 0.95: nan
2025-07-16 19:30:47,636 - INFO - Processing video: BConcave+DConvex+4300_flipped
2025-07-16 19:30:47,637 - INFO - Video BConcave+DConvex+4300_flipped already processed (found segformer_model-BConcave+DConvex+4300_flipped.mp4), skipping video processing...
2025-07-16 19:30:47,644 - INFO - VanillaSegmentationSaver initialized with output dir: /home/projects/bagon/andreyg/Projects/Object_reps_neural/Programming/hugging_face/model_experiments/segformer/exp2TTC/processed_videos/segformer_model-BConcave+DConvex+4300_flipped/org_segmentation
2025-07-16 19:30:47,648 - INFO - All collision results already exist for BConcave+DConvex+4300_flipped
2025-07-16 19:30:47,648 - DEBUG - Loaded collision time for BConcave+DConvex+4300_flipped at IoU 0.05: 4716.666666666667
2025-07-16 19:30:47,648 - DEBUG - Loaded collision time for BConcave+DConvex+4300_flipped at IoU 0.1: 4850.0
2025-07-16 19:30:47,648 - DEBUG - Loaded collision time for BConcave+DConvex+4300_flipped at IoU 0.15: 4916.666666666667
2025-07-16 19:30:47,649 - DEBUG - Loaded collision time for BConcave+DConvex+4300_flipped at IoU 0.2: 5016.666666666667
2025-07-16 19:30:47,649 - DEBUG - Loaded collision time for BConcave+DConvex+4300_flipped at IoU 0.25: 5283.333333333333
2025-07-16 19:30:47,649 - DEBUG - Loaded collision time for BConcave+DConvex+4300_flipped at IoU 0.3: 5433.333333333334
2025-07-16 19:30:47,649 - DEBUG - Loaded collision time for BConcave+DConvex+4300_flipped at IoU 0.35: nan
2025-07-16 19:30:47,650 - DEBUG - Loaded collision time for BConcave+DConvex+4300_flipped at IoU 0.4: nan
2025-07-16 19:30:47,650 - DEBUG - Loaded collision time for BConcave+DConvex+4300_flipped at IoU 0.45: nan
2025-07-16 19:30:47,650 - DEBUG - Loaded collision time for BConcave+DConvex+4300_flipped at IoU 0.5: nan
2025-07-16 19:30:47,650 - DEBUG - Loaded collision time for BConcave+DConvex+4300_flipped at IoU 0.55: nan
2025-07-16 19:30:47,651 - DEBUG - Loaded collision time for BConcave+DConvex+4300_flipped at IoU 0.6: nan
2025-07-16 19:30:47,651 - DEBUG - Loaded collision time for BConcave+DConvex+4300_flipped at IoU 0.65: nan
2025-07-16 19:30:47,651 - DEBUG - Loaded collision time for BConcave+DConvex+4300_flipped at IoU 0.7: nan
2025-07-16 19:30:47,652 - DEBUG - Loaded collision time for BConcave+DConvex+4300_flipped at IoU 0.75: nan
2025-07-16 19:30:47,652 - DEBUG - Loaded collision time for BConcave+DConvex+4300_flipped at IoU 0.8: nan
2025-07-16 19:30:47,652 - DEBUG - Loaded collision time for BConcave+DConvex+4300_flipped at IoU 0.85: nan
2025-07-16 19:30:47,652 - DEBUG - Loaded collision time for BConcave+DConvex+4300_flipped at IoU 0.9: nan
2025-07-16 19:30:47,653 - DEBUG - Loaded collision time for BConcave+DConvex+4300_flipped at IoU 0.95: nan
2025-07-16 19:30:47,653 - INFO - Processing video: BConcave+DConvex+4500
2025-07-16 19:30:47,653 - INFO - Video BConcave+DConvex+4500 already processed (found segformer_model-BConcave+DConvex+4500.mp4), skipping video processing...
2025-07-16 19:30:47,659 - INFO - VanillaSegmentationSaver initialized with output dir: /home/projects/bagon/andreyg/Projects/Object_reps_neural/Programming/hugging_face/model_experiments/segformer/exp2TTC/processed_videos/segformer_model-BConcave+DConvex+4500/org_segmentation
2025-07-16 19:30:47,662 - INFO - All collision results already exist for BConcave+DConvex+4500
2025-07-16 19:30:47,662 - DEBUG - Loaded collision time for BConcave+DConvex+4500 at IoU 0.05: 5083.333333333333
2025-07-16 19:30:47,662 - DEBUG - Loaded collision time for BConcave+DConvex+4500 at IoU 0.1: 5166.666666666667
2025-07-16 19:30:47,663 - DEBUG - Loaded collision time for BConcave+DConvex+4500 at IoU 0.15: 5266.666666666667
2025-07-16 19:30:47,663 - DEBUG - Loaded collision time for BConcave+DConvex+4500 at IoU 0.2: nan
2025-07-16 19:30:47,663 - DEBUG - Loaded collision time for BConcave+DConvex+4500 at IoU 0.25: nan
2025-07-16 19:30:47,664 - DEBUG - Loaded collision time for BConcave+DConvex+4500 at IoU 0.3: nan
2025-07-16 19:30:47,664 - DEBUG - Loaded collision time for BConcave+DConvex+4500 at IoU 0.35: nan
2025-07-16 19:30:47,664 - DEBUG - Loaded collision time for BConcave+DConvex+4500 at IoU 0.4: nan
2025-07-16 19:30:47,664 - DEBUG - Loaded collision time for BConcave+DConvex+4500 at IoU 0.45: nan
2025-07-16 19:30:47,665 - DEBUG - Loaded collision time for BConcave+DConvex+4500 at IoU 0.5: nan
2025-07-16 19:30:47,665 - DEBUG - Loaded collision time for BConcave+DConvex+4500 at IoU 0.55: nan
2025-07-16 19:30:47,665 - DEBUG - Loaded collision time for BConcave+DConvex+4500 at IoU 0.6: nan
2025-07-16 19:30:47,665 - DEBUG - Loaded collision time for BConcave+DConvex+4500 at IoU 0.65: nan
2025-07-16 19:30:47,666 - DEBUG - Loaded collision time for BConcave+DConvex+4500 at IoU 0.7: nan
2025-07-16 19:30:47,666 - DEBUG - Loaded collision time for BConcave+DConvex+4500 at IoU 0.75: nan
2025-07-16 19:30:47,666 - DEBUG - Loaded collision time for BConcave+DConvex+4500 at IoU 0.8: nan
2025-07-16 19:30:47,667 - DEBUG - Loaded collision time for BConcave+DConvex+4500 at IoU 0.85: nan
2025-07-16 19:30:47,667 - DEBUG - Loaded collision time for BConcave+DConvex+4500 at IoU 0.9: nan
2025-07-16 19:30:47,667 - DEBUG - Loaded collision time for BConcave+DConvex+4500 at IoU 0.95: nan
2025-07-16 19:30:47,667 - INFO - Processing video: BConcave+EConcave+3500_flipped
2025-07-16 19:30:47,668 - INFO - Video BConcave+EConcave+3500_flipped already processed (found segformer_model-BConcave+EConcave+3500_flipped.mp4), skipping video processing...
2025-07-16 19:30:47,674 - INFO - VanillaSegmentationSaver initialized with output dir: /home/projects/bagon/andreyg/Projects/Object_reps_neural/Programming/hugging_face/model_experiments/segformer/exp2TTC/processed_videos/segformer_model-BConcave+EConcave+3500_flipped/org_segmentation
2025-07-16 19:30:47,678 - INFO - All collision results already exist for BConcave+EConcave+3500_flipped
2025-07-16 19:30:47,678 - DEBUG - Loaded collision time for BConcave+EConcave+3500_flipped at IoU 0.05: 3700.0
2025-07-16 19:30:47,678 - DEBUG - Loaded collision time for BConcave+EConcave+3500_flipped at IoU 0.1: 3850.0
2025-07-16 19:30:47,678 - DEBUG - Loaded collision time for BConcave+EConcave+3500_flipped at IoU 0.15: 4000.0
2025-07-16 19:30:47,679 - DEBUG - Loaded collision time for BConcave+EConcave+3500_flipped at IoU 0.2: nan
2025-07-16 19:30:47,679 - DEBUG - Loaded collision time for BConcave+EConcave+3500_flipped at IoU 0.25: nan
2025-07-16 19:30:47,679 - DEBUG - Loaded collision time for BConcave+EConcave+3500_flipped at IoU 0.3: nan
2025-07-16 19:30:47,679 - DEBUG - Loaded collision time for BConcave+EConcave+3500_flipped at IoU 0.35: nan
2025-07-16 19:30:47,680 - DEBUG - Loaded collision time for BConcave+EConcave+3500_flipped at IoU 0.4: nan
2025-07-16 19:30:47,680 - DEBUG - Loaded collision time for BConcave+EConcave+3500_flipped at IoU 0.45: nan
2025-07-16 19:30:47,680 - DEBUG - Loaded collision time for BConcave+EConcave+3500_flipped at IoU 0.5: nan
2025-07-16 19:30:47,680 - DEBUG - Loaded collision time for BConcave+EConcave+3500_flipped at IoU 0.55: nan
2025-07-16 19:30:47,681 - DEBUG - Loaded collision time for BConcave+EConcave+3500_flipped at IoU 0.6: nan
2025-07-16 19:30:47,681 - DEBUG - Loaded collision time for BConcave+EConcave+3500_flipped at IoU 0.65: nan
2025-07-16 19:30:47,681 - DEBUG - Loaded collision time for BConcave+EConcave+3500_flipped at IoU 0.7: nan
2025-07-16 19:30:47,681 - DEBUG - Loaded collision time for BConcave+EConcave+3500_flipped at IoU 0.75: nan
2025-07-16 19:30:47,682 - DEBUG - Loaded collision time for BConcave+EConcave+3500_flipped at IoU 0.8: nan
2025-07-16 19:30:47,682 - DEBUG - Loaded collision time for BConcave+EConcave+3500_flipped at IoU 0.85: nan
2025-07-16 19:30:47,682 - DEBUG - Loaded collision time for BConcave+EConcave+3500_flipped at IoU 0.9: nan
2025-07-16 19:30:47,682 - DEBUG - Loaded collision time for BConcave+EConcave+3500_flipped at IoU 0.95: nan
2025-07-16 19:30:47,682 - INFO - Processing video: BConcave+EConcave+3700
2025-07-16 19:30:47,683 - INFO - Video BConcave+EConcave+3700 already processed (found segformer_model-BConcave+EConcave+3700.mp4), skipping video processing...
2025-07-16 19:30:47,688 - INFO - VanillaSegmentationSaver initialized with output dir: /home/projects/bagon/andreyg/Projects/Object_reps_neural/Programming/hugging_face/model_experiments/segformer/exp2TTC/processed_videos/segformer_model-BConcave+EConcave+3700/org_segmentation
2025-07-16 19:30:47,692 - INFO - All collision results already exist for BConcave+EConcave+3700
2025-07-16 19:30:47,692 - DEBUG - Loaded collision time for BConcave+EConcave+3700 at IoU 0.05: 3900.0
2025-07-16 19:30:47,692 - DEBUG - Loaded collision time for BConcave+EConcave+3700 at IoU 0.1: 4033.333333333333
2025-07-16 19:30:47,693 - DEBUG - Loaded collision time for BConcave+EConcave+3700 at IoU 0.15: 4283.333333333333
2025-07-16 19:30:47,693 - DEBUG - Loaded collision time for BConcave+EConcave+3700 at IoU 0.2: nan
2025-07-16 19:30:47,693 - DEBUG - Loaded collision time for BConcave+EConcave+3700 at IoU 0.25: nan
2025-07-16 19:30:47,694 - DEBUG - Loaded collision time for BConcave+EConcave+3700 at IoU 0.3: nan
2025-07-16 19:30:47,694 - DEBUG - Loaded collision time for BConcave+EConcave+3700 at IoU 0.35: nan
2025-07-16 19:30:47,695 - DEBUG - Loaded collision time for BConcave+EConcave+3700 at IoU 0.4: nan
2025-07-16 19:30:47,695 - DEBUG - Loaded collision time for BConcave+EConcave+3700 at IoU 0.45: nan
2025-07-16 19:30:47,695 - DEBUG - Loaded collision time for BConcave+EConcave+3700 at IoU 0.5: nan
2025-07-16 19:30:47,695 - DEBUG - Loaded collision time for BConcave+EConcave+3700 at IoU 0.55: nan
2025-07-16 19:30:47,696 - DEBUG - Loaded collision time for BConcave+EConcave+3700 at IoU 0.6: nan
2025-07-16 19:30:47,696 - DEBUG - Loaded collision time for BConcave+EConcave+3700 at IoU 0.65: nan
2025-07-16 19:30:47,696 - DEBUG - Loaded collision time for BConcave+EConcave+3700 at IoU 0.7: nan
2025-07-16 19:30:47,696 - DEBUG - Loaded collision time for BConcave+EConcave+3700 at IoU 0.75: nan
2025-07-16 19:30:47,697 - DEBUG - Loaded collision time for BConcave+EConcave+3700 at IoU 0.8: nan
2025-07-16 19:30:47,697 - DEBUG - Loaded collision time for BConcave+EConcave+3700 at IoU 0.85: nan
2025-07-16 19:30:47,697 - DEBUG - Loaded collision time for BConcave+EConcave+3700 at IoU 0.9: nan
2025-07-16 19:30:47,698 - DEBUG - Loaded collision time for BConcave+EConcave+3700 at IoU 0.95: nan
2025-07-16 19:30:47,698 - INFO - Processing video: BConcave+EConcave+3900_flipped
2025-07-16 19:30:47,698 - INFO - Video BConcave+EConcave+3900_flipped already processed (found segformer_model-BConcave+EConcave+3900_flipped.mp4), skipping video processing...
2025-07-16 19:30:47,705 - INFO - VanillaSegmentationSaver initialized with output dir: /home/projects/bagon/andreyg/Projects/Object_reps_neural/Programming/hugging_face/model_experiments/segformer/exp2TTC/processed_videos/segformer_model-BConcave+EConcave+3900_flipped/org_segmentation
2025-07-16 19:30:47,709 - INFO - All collision results already exist for BConcave+EConcave+3900_flipped
2025-07-16 19:30:47,709 - DEBUG - Loaded collision time for BConcave+EConcave+3900_flipped at IoU 0.05: 4066.6666666666665
2025-07-16 19:30:47,709 - DEBUG - Loaded collision time for BConcave+EConcave+3900_flipped at IoU 0.1: 4116.666666666666
2025-07-16 19:30:47,710 - DEBUG - Loaded collision time for BConcave+EConcave+3900_flipped at IoU 0.15: 4283.333333333333
2025-07-16 19:30:47,710 - DEBUG - Loaded collision time for BConcave+EConcave+3900_flipped at IoU 0.2: 4383.333333333334
2025-07-16 19:30:47,710 - DEBUG - Loaded collision time for BConcave+EConcave+3900_flipped at IoU 0.25: nan
2025-07-16 19:30:47,710 - DEBUG - Loaded collision time for BConcave+EConcave+3900_flipped at IoU 0.3: nan
2025-07-16 19:30:47,711 - DEBUG - Loaded collision time for BConcave+EConcave+3900_flipped at IoU 0.35: nan
2025-07-16 19:30:47,711 - DEBUG - Loaded collision time for BConcave+EConcave+3900_flipped at IoU 0.4: nan
2025-07-16 19:30:47,711 - DEBUG - Loaded collision time for BConcave+EConcave+3900_flipped at IoU 0.45: nan
2025-07-16 19:30:47,711 - DEBUG - Loaded collision time for BConcave+EConcave+3900_flipped at IoU 0.5: nan
2025-07-16 19:30:47,711 - DEBUG - Loaded collision time for BConcave+EConcave+3900_flipped at IoU 0.55: nan
2025-07-16 19:30:47,712 - DEBUG - Loaded collision time for BConcave+EConcave+3900_flipped at IoU 0.6: nan
2025-07-16 19:30:47,712 - DEBUG - Loaded collision time for BConcave+EConcave+3900_flipped at IoU 0.65: nan
2025-07-16 19:30:47,712 - DEBUG - Loaded collision time for BConcave+EConcave+3900_flipped at IoU 0.7: nan
2025-07-16 19:30:47,712 - DEBUG - Loaded collision time for BConcave+EConcave+3900_flipped at IoU 0.75: nan
2025-07-16 19:30:47,713 - DEBUG - Loaded collision time for BConcave+EConcave+3900_flipped at IoU 0.8: nan
2025-07-16 19:30:47,713 - DEBUG - Loaded collision time for BConcave+EConcave+3900_flipped at IoU 0.85: nan
2025-07-16 19:30:47,713 - DEBUG - Loaded collision time for BConcave+EConcave+3900_flipped at IoU 0.9: nan
2025-07-16 19:30:47,713 - DEBUG - Loaded collision time for BConcave+EConcave+3900_flipped at IoU 0.95: nan
2025-07-16 19:30:47,713 - INFO - Processing video: BConcave+EConcave+4100
2025-07-16 19:30:47,714 - INFO - Video BConcave+EConcave+4100 already processed (found segformer_model-BConcave+EConcave+4100.mp4), skipping video processing...
2025-07-16 19:30:47,720 - INFO - VanillaSegmentationSaver initialized with output dir: /home/projects/bagon/andreyg/Projects/Object_reps_neural/Programming/hugging_face/model_experiments/segformer/exp2TTC/processed_videos/segformer_model-BConcave+EConcave+4100/org_segmentation
2025-07-16 19:30:47,722 - INFO - All collision results already exist for BConcave+EConcave+4100
2025-07-16 19:30:47,722 - DEBUG - Loaded collision time for BConcave+EConcave+4100 at IoU 0.05: 4300.0
2025-07-16 19:30:47,723 - DEBUG - Loaded collision time for BConcave+EConcave+4100 at IoU 0.1: 4416.666666666667
2025-07-16 19:30:47,723 - DEBUG - Loaded collision time for BConcave+EConcave+4100 at IoU 0.15: 4566.666666666666
2025-07-16 19:30:47,723 - DEBUG - Loaded collision time for BConcave+EConcave+4100 at IoU 0.2: nan
2025-07-16 19:30:47,723 - DEBUG - Loaded collision time for BConcave+EConcave+4100 at IoU 0.25: nan
2025-07-16 19:30:47,723 - DEBUG - Loaded collision time for BConcave+EConcave+4100 at IoU 0.3: nan
2025-07-16 19:30:47,724 - DEBUG - Loaded collision time for BConcave+EConcave+4100 at IoU 0.35: nan
2025-07-16 19:30:47,724 - DEBUG - Loaded collision time for BConcave+EConcave+4100 at IoU 0.4: nan
2025-07-16 19:30:47,724 - DEBUG - Loaded collision time for BConcave+EConcave+4100 at IoU 0.45: nan
2025-07-16 19:30:47,724 - DEBUG - Loaded collision time for BConcave+EConcave+4100 at IoU 0.5: nan
2025-07-16 19:30:47,725 - DEBUG - Loaded collision time for BConcave+EConcave+4100 at IoU 0.55: nan
2025-07-16 19:30:47,725 - DEBUG - Loaded collision time for BConcave+EConcave+4100 at IoU 0.6: nan
2025-07-16 19:30:47,725 - DEBUG - Loaded collision time for BConcave+EConcave+4100 at IoU 0.65: nan
2025-07-16 19:30:47,725 - DEBUG - Loaded collision time for BConcave+EConcave+4100 at IoU 0.7: nan
2025-07-16 19:30:47,726 - DEBUG - Loaded collision time for BConcave+EConcave+4100 at IoU 0.75: nan
2025-07-16 19:30:47,726 - DEBUG - Loaded collision time for BConcave+EConcave+4100 at IoU 0.8: nan
2025-07-16 19:30:47,726 - DEBUG - Loaded collision time for BConcave+EConcave+4100 at IoU 0.85: nan
2025-07-16 19:30:47,726 - DEBUG - Loaded collision time for BConcave+EConcave+4100 at IoU 0.9: nan
2025-07-16 19:30:47,727 - DEBUG - Loaded collision time for BConcave+EConcave+4100 at IoU 0.95: nan
2025-07-16 19:30:47,727 - INFO - Processing video: BConcave+EConcave+4300_flipped
2025-07-16 19:30:47,727 - INFO - Video BConcave+EConcave+4300_flipped already processed (found segformer_model-BConcave+EConcave+4300_flipped.mp4), skipping video processing...
2025-07-16 19:30:47,733 - INFO - VanillaSegmentationSaver initialized with output dir: /home/projects/bagon/andreyg/Projects/Object_reps_neural/Programming/hugging_face/model_experiments/segformer/exp2TTC/processed_videos/segformer_model-BConcave+EConcave+4300_flipped/org_segmentation
2025-07-16 19:30:47,737 - INFO - All collision results already exist for BConcave+EConcave+4300_flipped
2025-07-16 19:30:47,737 - DEBUG - Loaded collision time for BConcave+EConcave+4300_flipped at IoU 0.05: 4500.0
2025-07-16 19:30:47,737 - DEBUG - Loaded collision time for BConcave+EConcave+4300_flipped at IoU 0.1: 4633.333333333334
2025-07-16 19:30:47,738 - DEBUG - Loaded collision time for BConcave+EConcave+4300_flipped at IoU 0.15: nan
2025-07-16 19:30:47,738 - DEBUG - Loaded collision time for BConcave+EConcave+4300_flipped at IoU 0.2: nan
2025-07-16 19:30:47,738 - DEBUG - Loaded collision time for BConcave+EConcave+4300_flipped at IoU 0.25: nan
2025-07-16 19:30:47,738 - DEBUG - Loaded collision time for BConcave+EConcave+4300_flipped at IoU 0.3: nan
2025-07-16 19:30:47,738 - DEBUG - Loaded collision time for BConcave+EConcave+4300_flipped at IoU 0.35: nan
2025-07-16 19:30:47,739 - DEBUG - Loaded collision time for BConcave+EConcave+4300_flipped at IoU 0.4: nan
2025-07-16 19:30:47,739 - DEBUG - Loaded collision time for BConcave+EConcave+4300_flipped at IoU 0.45: nan
2025-07-16 19:30:47,740 - DEBUG - Loaded collision time for BConcave+EConcave+4300_flipped at IoU 0.5: nan
2025-07-16 19:30:47,740 - DEBUG - Loaded collision time for BConcave+EConcave+4300_flipped at IoU 0.55: nan
2025-07-16 19:30:47,740 - DEBUG - Loaded collision time for BConcave+EConcave+4300_flipped at IoU 0.6: nan
2025-07-16 19:30:47,741 - DEBUG - Loaded collision time for BConcave+EConcave+4300_flipped at IoU 0.65: nan
2025-07-16 19:30:47,741 - DEBUG - Loaded collision time for BConcave+EConcave+4300_flipped at IoU 0.7: nan
2025-07-16 19:30:47,741 - DEBUG - Loaded collision time for BConcave+EConcave+4300_flipped at IoU 0.75: nan
2025-07-16 19:30:47,741 - DEBUG - Loaded collision time for BConcave+EConcave+4300_flipped at IoU 0.8: nan
2025-07-16 19:30:47,742 - DEBUG - Loaded collision time for BConcave+EConcave+4300_flipped at IoU 0.85: nan
2025-07-16 19:30:47,742 - DEBUG - Loaded collision time for BConcave+EConcave+4300_flipped at IoU 0.9: nan
2025-07-16 19:30:47,742 - DEBUG - Loaded collision time for BConcave+EConcave+4300_flipped at IoU 0.95: nan
2025-07-16 19:30:47,742 - INFO - Processing video: BConcave+EConcave+4500
2025-07-16 19:30:47,742 - INFO - Video BConcave+EConcave+4500 already processed (found segformer_model-BConcave+EConcave+4500.mp4), skipping video processing...
2025-07-16 19:30:47,749 - INFO - VanillaSegmentationSaver initialized with output dir: /home/projects/bagon/andreyg/Projects/Object_reps_neural/Programming/hugging_face/model_experiments/segformer/exp2TTC/processed_videos/segformer_model-BConcave+EConcave+4500/org_segmentation
2025-07-16 19:30:47,752 - INFO - All collision results already exist for BConcave+EConcave+4500
2025-07-16 19:30:47,753 - DEBUG - Loaded collision time for BConcave+EConcave+4500 at IoU 0.05: 3966.666666666667
2025-07-16 19:30:47,753 - DEBUG - Loaded collision time for BConcave+EConcave+4500 at IoU 0.1: 4150.0
2025-07-16 19:30:47,753 - DEBUG - Loaded collision time for BConcave+EConcave+4500 at IoU 0.15: 4283.333333333333
2025-07-16 19:30:47,754 - DEBUG - Loaded collision time for BConcave+EConcave+4500 at IoU 0.2: 4416.666666666667
2025-07-16 19:30:47,754 - DEBUG - Loaded collision time for BConcave+EConcave+4500 at IoU 0.25: 4533.333333333333
2025-07-16 19:30:47,754 - DEBUG - Loaded collision time for BConcave+EConcave+4500 at IoU 0.3: 4650.0
2025-07-16 19:30:47,754 - DEBUG - Loaded collision time for BConcave+EConcave+4500 at IoU 0.35: 4750.0
2025-07-16 19:30:47,755 - DEBUG - Loaded collision time for BConcave+EConcave+4500 at IoU 0.4: nan
2025-07-16 19:30:47,755 - DEBUG - Loaded collision time for BConcave+EConcave+4500 at IoU 0.45: nan
2025-07-16 19:30:47,756 - DEBUG - Loaded collision time for BConcave+EConcave+4500 at IoU 0.5: nan
2025-07-16 19:30:47,756 - DEBUG - Loaded collision time for BConcave+EConcave+4500 at IoU 0.55: nan
2025-07-16 19:30:47,756 - DEBUG - Loaded collision time for BConcave+EConcave+4500 at IoU 0.6: nan
2025-07-16 19:30:47,756 - DEBUG - Loaded collision time for BConcave+EConcave+4500 at IoU 0.65: nan
2025-07-16 19:30:47,757 - DEBUG - Loaded collision time for BConcave+EConcave+4500 at IoU 0.7: nan
2025-07-16 19:30:47,757 - DEBUG - Loaded collision time for BConcave+EConcave+4500 at IoU 0.75: nan
2025-07-16 19:30:47,757 - DEBUG - Loaded collision time for BConcave+EConcave+4500 at IoU 0.8: nan
2025-07-16 19:30:47,758 - DEBUG - Loaded collision time for BConcave+EConcave+4500 at IoU 0.85: nan
2025-07-16 19:30:47,758 - DEBUG - Loaded collision time for BConcave+EConcave+4500 at IoU 0.9: nan
2025-07-16 19:30:47,758 - DEBUG - Loaded collision time for BConcave+EConcave+4500 at IoU 0.95: nan
2025-07-16 19:30:47,758 - INFO - Processing video: BConcave+EConvex+3500
2025-07-16 19:30:47,759 - INFO - Video BConcave+EConvex+3500 already processed (found segformer_model-BConcave+EConvex+3500.mp4), skipping video processing...
2025-07-16 19:30:47,766 - INFO - VanillaSegmentationSaver initialized with output dir: /home/projects/bagon/andreyg/Projects/Object_reps_neural/Programming/hugging_face/model_experiments/segformer/exp2TTC/processed_videos/segformer_model-BConcave+EConvex+3500/org_segmentation
2025-07-16 19:30:47,770 - INFO - All collision results already exist for BConcave+EConvex+3500
2025-07-16 19:30:47,770 - DEBUG - Loaded collision time for BConcave+EConvex+3500 at IoU 0.05: 3733.3333333333335
2025-07-16 19:30:47,770 - DEBUG - Loaded collision time for BConcave+EConvex+3500 at IoU 0.1: 3850.0
2025-07-16 19:30:47,771 - DEBUG - Loaded collision time for BConcave+EConvex+3500 at IoU 0.15: 3950.0
2025-07-16 19:30:47,771 - DEBUG - Loaded collision time for BConcave+EConvex+3500 at IoU 0.2: 4066.6666666666665
2025-07-16 19:30:47,772 - DEBUG - Loaded collision time for BConcave+EConvex+3500 at IoU 0.25: 4233.333333333333
2025-07-16 19:30:47,772 - DEBUG - Loaded collision time for BConcave+EConvex+3500 at IoU 0.3: nan
2025-07-16 19:30:47,772 - DEBUG - Loaded collision time for BConcave+EConvex+3500 at IoU 0.35: nan
2025-07-16 19:30:47,772 - DEBUG - Loaded collision time for BConcave+EConvex+3500 at IoU 0.4: nan
2025-07-16 19:30:47,773 - DEBUG - Loaded collision time for BConcave+EConvex+3500 at IoU 0.45: nan
2025-07-16 19:30:47,773 - DEBUG - Loaded collision time for BConcave+EConvex+3500 at IoU 0.5: nan
2025-07-16 19:30:47,773 - DEBUG - Loaded collision time for BConcave+EConvex+3500 at IoU 0.55: nan
2025-07-16 19:30:47,774 - DEBUG - Loaded collision time for BConcave+EConvex+3500 at IoU 0.6: nan
2025-07-16 19:30:47,774 - DEBUG - Loaded collision time for BConcave+EConvex+3500 at IoU 0.65: nan
2025-07-16 19:30:47,774 - DEBUG - Loaded collision time for BConcave+EConvex+3500 at IoU 0.7: nan
2025-07-16 19:30:47,775 - DEBUG - Loaded collision time for BConcave+EConvex+3500 at IoU 0.75: nan
2025-07-16 19:30:47,775 - DEBUG - Loaded collision time for BConcave+EConvex+3500 at IoU 0.8: nan
2025-07-16 19:30:47,775 - DEBUG - Loaded collision time for BConcave+EConvex+3500 at IoU 0.85: nan
2025-07-16 19:30:47,775 - DEBUG - Loaded collision time for BConcave+EConvex+3500 at IoU 0.9: nan
2025-07-16 19:30:47,776 - DEBUG - Loaded collision time for BConcave+EConvex+3500 at IoU 0.95: nan
2025-07-16 19:30:47,776 - INFO - Processing video: BConcave+EConvex+3700_flipped
2025-07-16 19:30:47,777 - INFO - Video BConcave+EConvex+3700_flipped already processed (found segformer_model-BConcave+EConvex+3700_flipped.mp4), skipping video processing...
2025-07-16 19:30:47,783 - INFO - VanillaSegmentationSaver initialized with output dir: /home/projects/bagon/andreyg/Projects/Object_reps_neural/Programming/hugging_face/model_experiments/segformer/exp2TTC/processed_videos/segformer_model-BConcave+EConvex+3700_flipped/org_segmentation
2025-07-16 19:30:47,786 - INFO - All collision results already exist for BConcave+EConvex+3700_flipped
2025-07-16 19:30:47,786 - DEBUG - Loaded collision time for BConcave+EConvex+3700_flipped at IoU 0.05: 3966.666666666667
2025-07-16 19:30:47,786 - DEBUG - Loaded collision time for BConcave+EConvex+3700_flipped at IoU 0.1: 4066.6666666666665
2025-07-16 19:30:47,786 - DEBUG - Loaded collision time for BConcave+EConvex+3700_flipped at IoU 0.15: 4150.0
2025-07-16 19:30:47,787 - DEBUG - Loaded collision time for BConcave+EConvex+3700_flipped at IoU 0.2: 4266.666666666667
2025-07-16 19:30:47,787 - DEBUG - Loaded collision time for BConcave+EConvex+3700_flipped at IoU 0.25: 4383.333333333334
2025-07-16 19:30:47,787 - DEBUG - Loaded collision time for BConcave+EConvex+3700_flipped at IoU 0.3: nan
2025-07-16 19:30:47,787 - DEBUG - Loaded collision time for BConcave+EConvex+3700_flipped at IoU 0.35: nan
2025-07-16 19:30:47,788 - DEBUG - Loaded collision time for BConcave+EConvex+3700_flipped at IoU 0.4: nan
2025-07-16 19:30:47,788 - DEBUG - Loaded collision time for BConcave+EConvex+3700_flipped at IoU 0.45: nan
2025-07-16 19:30:47,788 - DEBUG - Loaded collision time for BConcave+EConvex+3700_flipped at IoU 0.5: nan
2025-07-16 19:30:47,788 - DEBUG - Loaded collision time for BConcave+EConvex+3700_flipped at IoU 0.55: nan
2025-07-16 19:30:47,789 - DEBUG - Loaded collision time for BConcave+EConvex+3700_flipped at IoU 0.6: nan
2025-07-16 19:30:47,789 - DEBUG - Loaded collision time for BConcave+EConvex+3700_flipped at IoU 0.65: nan
2025-07-16 19:30:47,789 - DEBUG - Loaded collision time for BConcave+EConvex+3700_flipped at IoU 0.7: nan
2025-07-16 19:30:47,789 - DEBUG - Loaded collision time for BConcave+EConvex+3700_flipped at IoU 0.75: nan
2025-07-16 19:30:47,789 - DEBUG - Loaded collision time for BConcave+EConvex+3700_flipped at IoU 0.8: nan
2025-07-16 19:30:47,790 - DEBUG - Loaded collision time for BConcave+EConvex+3700_flipped at IoU 0.85: nan
2025-07-16 19:30:47,790 - DEBUG - Loaded collision time for BConcave+EConvex+3700_flipped at IoU 0.9: nan
2025-07-16 19:30:47,790 - DEBUG - Loaded collision time for BConcave+EConvex+3700_flipped at IoU 0.95: nan
2025-07-16 19:30:47,790 - INFO - Processing video: BConcave+EConvex+3900
2025-07-16 19:30:47,791 - INFO - Video BConcave+EConvex+3900 already processed (found segformer_model-BConcave+EConvex+3900.mp4), skipping video processing...
2025-07-16 19:30:47,797 - INFO - VanillaSegmentationSaver initialized with output dir: /home/projects/bagon/andreyg/Projects/Object_reps_neural/Programming/hugging_face/model_experiments/segformer/exp2TTC/processed_videos/segformer_model-BConcave+EConvex+3900/org_segmentation
2025-07-16 19:30:47,801 - INFO - All collision results already exist for BConcave+EConvex+3900
2025-07-16 19:30:47,801 - DEBUG - Loaded collision time for BConcave+EConvex+3900 at IoU 0.05: 4150.0
2025-07-16 19:30:47,801 - DEBUG - Loaded collision time for BConcave+EConvex+3900 at IoU 0.1: 4250.0
2025-07-16 19:30:47,802 - DEBUG - Loaded collision time for BConcave+EConvex+3900 at IoU 0.15: 4366.666666666666
2025-07-16 19:30:47,802 - DEBUG - Loaded collision time for BConcave+EConvex+3900 at IoU 0.2: 4466.666666666667
2025-07-16 19:30:47,802 - DEBUG - Loaded collision time for BConcave+EConvex+3900 at IoU 0.25: 4633.333333333334
2025-07-16 19:30:47,802 - DEBUG - Loaded collision time for BConcave+EConvex+3900 at IoU 0.3: nan
2025-07-16 19:30:47,803 - DEBUG - Loaded collision time for BConcave+EConvex+3900 at IoU 0.35: nan
2025-07-16 19:30:47,803 - DEBUG - Loaded collision time for BConcave+EConvex+3900 at IoU 0.4: nan
2025-07-16 19:30:47,803 - DEBUG - Loaded collision time for BConcave+EConvex+3900 at IoU 0.45: nan
2025-07-16 19:30:47,803 - DEBUG - Loaded collision time for BConcave+EConvex+3900 at IoU 0.5: nan
2025-07-16 19:30:47,804 - DEBUG - Loaded collision time for BConcave+EConvex+3900 at IoU 0.55: nan
2025-07-16 19:30:47,804 - DEBUG - Loaded collision time for BConcave+EConvex+3900 at IoU 0.6: nan
2025-07-16 19:30:47,804 - DEBUG - Loaded collision time for BConcave+EConvex+3900 at IoU 0.65: nan
2025-07-16 19:30:47,805 - DEBUG - Loaded collision time for BConcave+EConvex+3900 at IoU 0.7: nan
2025-07-16 19:30:47,805 - DEBUG - Loaded collision time for BConcave+EConvex+3900 at IoU 0.75: nan
2025-07-16 19:30:47,805 - DEBUG - Loaded collision time for BConcave+EConvex+3900 at IoU 0.8: nan
2025-07-16 19:30:47,805 - DEBUG - Loaded collision time for BConcave+EConvex+3900 at IoU 0.85: nan
2025-07-16 19:30:47,806 - DEBUG - Loaded collision time for BConcave+EConvex+3900 at IoU 0.9: nan
2025-07-16 19:30:47,806 - DEBUG - Loaded collision time for BConcave+EConvex+3900 at IoU 0.95: nan
2025-07-16 19:30:47,806 - INFO - Processing video: BConcave+EConvex+4100_flipped
2025-07-16 19:30:47,806 - INFO - Video BConcave+EConvex+4100_flipped already processed (found segformer_model-BConcave+EConvex+4100_flipped.mp4), skipping video processing...
2025-07-16 19:30:47,813 - INFO - VanillaSegmentationSaver initialized with output dir: /home/projects/bagon/andreyg/Projects/Object_reps_neural/Programming/hugging_face/model_experiments/segformer/exp2TTC/processed_videos/segformer_model-BConcave+EConvex+4100_flipped/org_segmentation
2025-07-16 19:30:47,816 - INFO - All collision results already exist for BConcave+EConvex+4100_flipped
2025-07-16 19:30:47,817 - DEBUG - Loaded collision time for BConcave+EConvex+4100_flipped at IoU 0.05: 4350.0
2025-07-16 19:30:47,817 - DEBUG - Loaded collision time for BConcave+EConvex+4100_flipped at IoU 0.1: 4466.666666666667
2025-07-16 19:30:47,817 - DEBUG - Loaded collision time for BConcave+EConvex+4100_flipped at IoU 0.15: 4566.666666666666
2025-07-16 19:30:47,818 - DEBUG - Loaded collision time for BConcave+EConvex+4100_flipped at IoU 0.2: 4650.0
2025-07-16 19:30:47,818 - DEBUG - Loaded collision time for BConcave+EConvex+4100_flipped at IoU 0.25: 4766.666666666667
2025-07-16 19:30:47,818 - DEBUG - Loaded collision time for BConcave+EConvex+4100_flipped at IoU 0.3: 4866.666666666666
2025-07-16 19:30:47,818 - DEBUG - Loaded collision time for BConcave+EConvex+4100_flipped at IoU 0.35: nan
2025-07-16 19:30:47,819 - DEBUG - Loaded collision time for BConcave+EConvex+4100_flipped at IoU 0.4: nan
2025-07-16 19:30:47,819 - DEBUG - Loaded collision time for BConcave+EConvex+4100_flipped at IoU 0.45: nan
2025-07-16 19:30:47,819 - DEBUG - Loaded collision time for BConcave+EConvex+4100_flipped at IoU 0.5: nan
2025-07-16 19:30:47,819 - DEBUG - Loaded collision time for BConcave+EConvex+4100_flipped at IoU 0.55: nan
2025-07-16 19:30:47,820 - DEBUG - Loaded collision time for BConcave+EConvex+4100_flipped at IoU 0.6: nan
2025-07-16 19:30:47,820 - DEBUG - Loaded collision time for BConcave+EConvex+4100_flipped at IoU 0.65: nan
2025-07-16 19:30:47,820 - DEBUG - Loaded collision time for BConcave+EConvex+4100_flipped at IoU 0.7: nan
2025-07-16 19:30:47,820 - DEBUG - Loaded collision time for BConcave+EConvex+4100_flipped at IoU 0.75: nan
2025-07-16 19:30:47,821 - DEBUG - Loaded collision time for BConcave+EConvex+4100_flipped at IoU 0.8: nan
2025-07-16 19:30:47,821 - DEBUG - Loaded collision time for BConcave+EConvex+4100_flipped at IoU 0.85: nan
2025-07-16 19:30:47,821 - DEBUG - Loaded collision time for BConcave+EConvex+4100_flipped at IoU 0.9: nan
2025-07-16 19:30:47,821 - DEBUG - Loaded collision time for BConcave+EConvex+4100_flipped at IoU 0.95: nan
2025-07-16 19:30:47,821 - INFO - Processing video: BConcave+EConvex+4300
2025-07-16 19:30:47,822 - INFO - Video BConcave+EConvex+4300 already processed (found segformer_model-BConcave+EConvex+4300.mp4), skipping video processing...
2025-07-16 19:30:47,828 - INFO - VanillaSegmentationSaver initialized with output dir: /home/projects/bagon/andreyg/Projects/Object_reps_neural/Programming/hugging_face/model_experiments/segformer/exp2TTC/processed_videos/segformer_model-BConcave+EConvex+4300/org_segmentation
2025-07-16 19:30:47,831 - INFO - All collision results already exist for BConcave+EConvex+4300
2025-07-16 19:30:47,831 - DEBUG - Loaded collision time for BConcave+EConvex+4300 at IoU 0.05: 4550.0
2025-07-16 19:30:47,832 - DEBUG - Loaded collision time for BConcave+EConvex+4300 at IoU 0.1: 4683.333333333334
2025-07-16 19:30:47,832 - DEBUG - Loaded collision time for BConcave+EConvex+4300 at IoU 0.15: 4733.333333333333
2025-07-16 19:30:47,832 - DEBUG - Loaded collision time for BConcave+EConvex+4300 at IoU 0.2: 4800.0
2025-07-16 19:30:47,832 - DEBUG - Loaded collision time for BConcave+EConvex+4300 at IoU 0.25: 4916.666666666667
2025-07-16 19:30:47,833 - DEBUG - Loaded collision time for BConcave+EConvex+4300 at IoU 0.3: nan
2025-07-16 19:30:47,833 - DEBUG - Loaded collision time for BConcave+EConvex+4300 at IoU 0.35: nan
2025-07-16 19:30:47,834 - DEBUG - Loaded collision time for BConcave+EConvex+4300 at IoU 0.4: nan
2025-07-16 19:30:47,834 - DEBUG - Loaded collision time for BConcave+EConvex+4300 at IoU 0.45: nan
2025-07-16 19:30:47,834 - DEBUG - Loaded collision time for BConcave+EConvex+4300 at IoU 0.5: nan
2025-07-16 19:30:47,835 - DEBUG - Loaded collision time for BConcave+EConvex+4300 at IoU 0.55: nan
2025-07-16 19:30:47,835 - DEBUG - Loaded collision time for BConcave+EConvex+4300 at IoU 0.6: nan
2025-07-16 19:30:47,835 - DEBUG - Loaded collision time for BConcave+EConvex+4300 at IoU 0.65: nan
2025-07-16 19:30:47,835 - DEBUG - Loaded collision time for BConcave+EConvex+4300 at IoU 0.7: nan
2025-07-16 19:30:47,836 - DEBUG - Loaded collision time for BConcave+EConvex+4300 at IoU 0.75: nan
2025-07-16 19:30:47,836 - DEBUG - Loaded collision time for BConcave+EConvex+4300 at IoU 0.8: nan
2025-07-16 19:30:47,836 - DEBUG - Loaded collision time for BConcave+EConvex+4300 at IoU 0.85: nan
2025-07-16 19:30:47,837 - DEBUG - Loaded collision time for BConcave+EConvex+4300 at IoU 0.9: nan
2025-07-16 19:30:47,837 - DEBUG - Loaded collision time for BConcave+EConvex+4300 at IoU 0.95: nan
2025-07-16 19:30:47,837 - INFO - Processing video: BConcave+EConvex+4500_flipped
2025-07-16 19:30:47,838 - INFO - Video BConcave+EConvex+4500_flipped already processed (found segformer_model-BConcave+EConvex+4500_flipped.mp4), skipping video processing...
2025-07-16 19:30:47,844 - INFO - VanillaSegmentationSaver initialized with output dir: /home/projects/bagon/andreyg/Projects/Object_reps_neural/Programming/hugging_face/model_experiments/segformer/exp2TTC/processed_videos/segformer_model-BConcave+EConvex+4500_flipped/org_segmentation
2025-07-16 19:30:47,848 - INFO - All collision results already exist for BConcave+EConvex+4500_flipped
2025-07-16 19:30:47,848 - DEBUG - Loaded collision time for BConcave+EConvex+4500_flipped at IoU 0.05: 4733.333333333333
2025-07-16 19:30:47,848 - DEBUG - Loaded collision time for BConcave+EConvex+4500_flipped at IoU 0.1: 4833.333333333333
2025-07-16 19:30:47,848 - DEBUG - Loaded collision time for BConcave+EConvex+4500_flipped at IoU 0.15: 4900.0
2025-07-16 19:30:47,849 - DEBUG - Loaded collision time for BConcave+EConvex+4500_flipped at IoU 0.2: 5000.0
2025-07-16 19:30:47,849 - DEBUG - Loaded collision time for BConcave+EConvex+4500_flipped at IoU 0.25: 5050.0
2025-07-16 19:30:47,849 - DEBUG - Loaded collision time for BConcave+EConvex+4500_flipped at IoU 0.3: 5216.666666666667
2025-07-16 19:30:47,849 - DEBUG - Loaded collision time for BConcave+EConvex+4500_flipped at IoU 0.35: nan
2025-07-16 19:30:47,850 - DEBUG - Loaded collision time for BConcave+EConvex+4500_flipped at IoU 0.4: nan
2025-07-16 19:30:47,850 - DEBUG - Loaded collision time for BConcave+EConvex+4500_flipped at IoU 0.45: nan
2025-07-16 19:30:47,850 - DEBUG - Loaded collision time for BConcave+EConvex+4500_flipped at IoU 0.5: nan
2025-07-16 19:30:47,851 - DEBUG - Loaded collision time for BConcave+EConvex+4500_flipped at IoU 0.55: nan
2025-07-16 19:30:47,851 - DEBUG - Loaded collision time for BConcave+EConvex+4500_flipped at IoU 0.6: nan
2025-07-16 19:30:47,851 - DEBUG - Loaded collision time for BConcave+EConvex+4500_flipped at IoU 0.65: nan
2025-07-16 19:30:47,851 - DEBUG - Loaded collision time for BConcave+EConvex+4500_flipped at IoU 0.7: nan
2025-07-16 19:30:47,852 - DEBUG - Loaded collision time for BConcave+EConvex+4500_flipped at IoU 0.75: nan
2025-07-16 19:30:47,852 - DEBUG - Loaded collision time for BConcave+EConvex+4500_flipped at IoU 0.8: nan
2025-07-16 19:30:47,852 - DEBUG - Loaded collision time for BConcave+EConvex+4500_flipped at IoU 0.85: nan
2025-07-16 19:30:47,852 - DEBUG - Loaded collision time for BConcave+EConvex+4500_flipped at IoU 0.9: nan
2025-07-16 19:30:47,853 - DEBUG - Loaded collision time for BConcave+EConvex+4500_flipped at IoU 0.95: nan
2025-07-16 19:30:47,853 - INFO - Processing video: BConcave+FConcave+3500_flipped
2025-07-16 19:30:47,853 - INFO - Video BConcave+FConcave+3500_flipped already processed (found segformer_model-BConcave+FConcave+3500_flipped.mp4), skipping video processing...
2025-07-16 19:30:47,860 - INFO - VanillaSegmentationSaver initialized with output dir: /home/projects/bagon/andreyg/Projects/Object_reps_neural/Programming/hugging_face/model_experiments/segformer/exp2TTC/processed_videos/segformer_model-BConcave+FConcave+3500_flipped/org_segmentation
2025-07-16 19:30:47,864 - INFO - All collision results already exist for BConcave+FConcave+3500_flipped
2025-07-16 19:30:47,864 - DEBUG - Loaded collision time for BConcave+FConcave+3500_flipped at IoU 0.05: 4116.666666666666
2025-07-16 19:30:47,864 - DEBUG - Loaded collision time for BConcave+FConcave+3500_flipped at IoU 0.1: 4333.333333333333
2025-07-16 19:30:47,865 - DEBUG - Loaded collision time for BConcave+FConcave+3500_flipped at IoU 0.15: nan
2025-07-16 19:30:47,865 - DEBUG - Loaded collision time for BConcave+FConcave+3500_flipped at IoU 0.2: nan
2025-07-16 19:30:47,865 - DEBUG - Loaded collision time for BConcave+FConcave+3500_flipped at IoU 0.25: nan
2025-07-16 19:30:47,865 - DEBUG - Loaded collision time for BConcave+FConcave+3500_flipped at IoU 0.3: nan
2025-07-16 19:30:47,866 - DEBUG - Loaded collision time for BConcave+FConcave+3500_flipped at IoU 0.35: nan
2025-07-16 19:30:47,866 - DEBUG - Loaded collision time for BConcave+FConcave+3500_flipped at IoU 0.4: nan
2025-07-16 19:30:47,866 - DEBUG - Loaded collision time for BConcave+FConcave+3500_flipped at IoU 0.45: nan
2025-07-16 19:30:47,866 - DEBUG - Loaded collision time for BConcave+FConcave+3500_flipped at IoU 0.5: nan
2025-07-16 19:30:47,867 - DEBUG - Loaded collision time for BConcave+FConcave+3500_flipped at IoU 0.55: nan
2025-07-16 19:30:47,867 - DEBUG - Loaded collision time for BConcave+FConcave+3500_flipped at IoU 0.6: nan
2025-07-16 19:30:47,867 - DEBUG - Loaded collision time for BConcave+FConcave+3500_flipped at IoU 0.65: nan
2025-07-16 19:30:47,868 - DEBUG - Loaded collision time for BConcave+FConcave+3500_flipped at IoU 0.7: nan
2025-07-16 19:30:47,868 - DEBUG - Loaded collision time for BConcave+FConcave+3500_flipped at IoU 0.75: nan
2025-07-16 19:30:47,868 - DEBUG - Loaded collision time for BConcave+FConcave+3500_flipped at IoU 0.8: nan
2025-07-16 19:30:47,869 - DEBUG - Loaded collision time for BConcave+FConcave+3500_flipped at IoU 0.85: nan
2025-07-16 19:30:47,869 - DEBUG - Loaded collision time for BConcave+FConcave+3500_flipped at IoU 0.9: nan
2025-07-16 19:30:47,869 - DEBUG - Loaded collision time for BConcave+FConcave+3500_flipped at IoU 0.95: nan
2025-07-16 19:30:47,869 - INFO - Processing video: BConcave+FConcave+3700
2025-07-16 19:30:47,870 - INFO - Video BConcave+FConcave+3700 already processed (found segformer_model-BConcave+FConcave+3700.mp4), skipping video processing...
2025-07-16 19:30:47,877 - INFO - VanillaSegmentationSaver initialized with output dir: /home/projects/bagon/andreyg/Projects/Object_reps_neural/Programming/hugging_face/model_experiments/segformer/exp2TTC/processed_videos/segformer_model-BConcave+FConcave+3700/org_segmentation
2025-07-16 19:30:47,880 - INFO - All collision results already exist for BConcave+FConcave+3700
2025-07-16 19:30:47,880 - DEBUG - Loaded collision time for BConcave+FConcave+3700 at IoU 0.05: 3766.6666666666665
2025-07-16 19:30:47,881 - DEBUG - Loaded collision time for BConcave+FConcave+3700 at IoU 0.1: 4316.666666666666
2025-07-16 19:30:47,881 - DEBUG - Loaded collision time for BConcave+FConcave+3700 at IoU 0.15: nan
2025-07-16 19:30:47,881 - DEBUG - Loaded collision time for BConcave+FConcave+3700 at IoU 0.2: nan
2025-07-16 19:30:47,881 - DEBUG - Loaded collision time for BConcave+FConcave+3700 at IoU 0.25: nan
2025-07-16 19:30:47,882 - DEBUG - Loaded collision time for BConcave+FConcave+3700 at IoU 0.3: nan
2025-07-16 19:30:47,882 - DEBUG - Loaded collision time for BConcave+FConcave+3700 at IoU 0.35: nan
2025-07-16 19:30:47,882 - DEBUG - Loaded collision time for BConcave+FConcave+3700 at IoU 0.4: nan
2025-07-16 19:30:47,882 - DEBUG - Loaded collision time for BConcave+FConcave+3700 at IoU 0.45: nan
2025-07-16 19:30:47,883 - DEBUG - Loaded collision time for BConcave+FConcave+3700 at IoU 0.5: nan
2025-07-16 19:30:47,883 - DEBUG - Loaded collision time for BConcave+FConcave+3700 at IoU 0.55: nan
2025-07-16 19:30:47,883 - DEBUG - Loaded collision time for BConcave+FConcave+3700 at IoU 0.6: nan
2025-07-16 19:30:47,883 - DEBUG - Loaded collision time for BConcave+FConcave+3700 at IoU 0.65: nan
2025-07-16 19:30:47,884 - DEBUG - Loaded collision time for BConcave+FConcave+3700 at IoU 0.7: nan
2025-07-16 19:30:47,884 - DEBUG - Loaded collision time for BConcave+FConcave+3700 at IoU 0.75: nan
2025-07-16 19:30:47,884 - DEBUG - Loaded collision time for BConcave+FConcave+3700 at IoU 0.8: nan
2025-07-16 19:30:47,884 - DEBUG - Loaded collision time for BConcave+FConcave+3700 at IoU 0.85: nan
2025-07-16 19:30:47,885 - DEBUG - Loaded collision time for BConcave+FConcave+3700 at IoU 0.9: nan
2025-07-16 19:30:47,885 - DEBUG - Loaded collision time for BConcave+FConcave+3700 at IoU 0.95: nan
2025-07-16 19:30:47,885 - INFO - Processing video: BConcave+FConcave+3900_flipped
2025-07-16 19:30:47,885 - INFO - Video BConcave+FConcave+3900_flipped already processed (found segformer_model-BConcave+FConcave+3900_flipped.mp4), skipping video processing...
2025-07-16 19:30:47,891 - INFO - VanillaSegmentationSaver initialized with output dir: /home/projects/bagon/andreyg/Projects/Object_reps_neural/Programming/hugging_face/model_experiments/segformer/exp2TTC/processed_videos/segformer_model-BConcave+FConcave+3900_flipped/org_segmentation
2025-07-16 19:30:47,893 - INFO - All collision results already exist for BConcave+FConcave+3900_flipped
2025-07-16 19:30:47,894 - DEBUG - Loaded collision time for BConcave+FConcave+3900_flipped at IoU 0.05: 4033.333333333333
2025-07-16 19:30:47,894 - DEBUG - Loaded collision time for BConcave+FConcave+3900_flipped at IoU 0.1: 4350.0
2025-07-16 19:30:47,894 - DEBUG - Loaded collision time for BConcave+FConcave+3900_flipped at IoU 0.15: 5000.0
2025-07-16 19:30:47,894 - DEBUG - Loaded collision time for BConcave+FConcave+3900_flipped at IoU 0.2: 5383.333333333334
2025-07-16 19:30:47,895 - DEBUG - Loaded collision time for BConcave+FConcave+3900_flipped at IoU 0.25: nan
2025-07-16 19:30:47,895 - DEBUG - Loaded collision time for BConcave+FConcave+3900_flipped at IoU 0.3: nan
2025-07-16 19:30:47,895 - DEBUG - Loaded collision time for BConcave+FConcave+3900_flipped at IoU 0.35: nan
2025-07-16 19:30:47,895 - DEBUG - Loaded collision time for BConcave+FConcave+3900_flipped at IoU 0.4: nan
2025-07-16 19:30:47,896 - DEBUG - Loaded collision time for BConcave+FConcave+3900_flipped at IoU 0.45: nan
2025-07-16 19:30:47,896 - DEBUG - Loaded collision time for BConcave+FConcave+3900_flipped at IoU 0.5: nan
2025-07-16 19:30:47,896 - DEBUG - Loaded collision time for BConcave+FConcave+3900_flipped at IoU 0.55: nan
2025-07-16 19:30:47,896 - DEBUG - Loaded collision time for BConcave+FConcave+3900_flipped at IoU 0.6: nan
2025-07-16 19:30:47,897 - DEBUG - Loaded collision time for BConcave+FConcave+3900_flipped at IoU 0.65: nan
2025-07-16 19:30:47,897 - DEBUG - Loaded collision time for BConcave+FConcave+3900_flipped at IoU 0.7: nan
2025-07-16 19:30:47,897 - DEBUG - Loaded collision time for BConcave+FConcave+3900_flipped at IoU 0.75: nan
2025-07-16 19:30:47,897 - DEBUG - Loaded collision time for BConcave+FConcave+3900_flipped at IoU 0.8: nan
2025-07-16 19:30:47,897 - DEBUG - Loaded collision time for BConcave+FConcave+3900_flipped at IoU 0.85: nan
2025-07-16 19:30:47,898 - DEBUG - Loaded collision time for BConcave+FConcave+3900_flipped at IoU 0.9: nan
2025-07-16 19:30:47,898 - DEBUG - Loaded collision time for BConcave+FConcave+3900_flipped at IoU 0.95: nan
2025-07-16 19:30:47,898 - INFO - Processing video: BConcave+FConcave+4100
2025-07-16 19:30:47,898 - INFO - Video BConcave+FConcave+4100 already processed (found segformer_model-BConcave+FConcave+4100.mp4), skipping video processing...
2025-07-16 19:30:47,904 - INFO - VanillaSegmentationSaver initialized with output dir: /home/projects/bagon/andreyg/Projects/Object_reps_neural/Programming/hugging_face/model_experiments/segformer/exp2TTC/processed_videos/segformer_model-BConcave+FConcave+4100/org_segmentation
2025-07-16 19:30:47,907 - INFO - All collision results already exist for BConcave+FConcave+4100
2025-07-16 19:30:47,907 - DEBUG - Loaded collision time for BConcave+FConcave+4100 at IoU 0.05: 4016.6666666666665
2025-07-16 19:30:47,907 - DEBUG - Loaded collision time for BConcave+FConcave+4100 at IoU 0.1: 4200.0
2025-07-16 19:30:47,908 - DEBUG - Loaded collision time for BConcave+FConcave+4100 at IoU 0.15: nan
2025-07-16 19:30:47,908 - DEBUG - Loaded collision time for BConcave+FConcave+4100 at IoU 0.2: nan
2025-07-16 19:30:47,908 - DEBUG - Loaded collision time for BConcave+FConcave+4100 at IoU 0.25: nan
2025-07-16 19:30:47,908 - DEBUG - Loaded collision time for BConcave+FConcave+4100 at IoU 0.3: nan
2025-07-16 19:30:47,909 - DEBUG - Loaded collision time for BConcave+FConcave+4100 at IoU 0.35: nan
2025-07-16 19:30:47,909 - DEBUG - Loaded collision time for BConcave+FConcave+4100 at IoU 0.4: nan
2025-07-16 19:30:47,909 - DEBUG - Loaded collision time for BConcave+FConcave+4100 at IoU 0.45: nan
2025-07-16 19:30:47,909 - DEBUG - Loaded collision time for BConcave+FConcave+4100 at IoU 0.5: nan
2025-07-16 19:30:47,910 - DEBUG - Loaded collision time for BConcave+FConcave+4100 at IoU 0.55: nan
2025-07-16 19:30:47,910 - DEBUG - Loaded collision time for BConcave+FConcave+4100 at IoU 0.6: nan
2025-07-16 19:30:47,910 - DEBUG - Loaded collision time for BConcave+FConcave+4100 at IoU 0.65: nan
2025-07-16 19:30:47,910 - DEBUG - Loaded collision time for BConcave+FConcave+4100 at IoU 0.7: nan
2025-07-16 19:30:47,911 - DEBUG - Loaded collision time for BConcave+FConcave+4100 at IoU 0.75: nan
2025-07-16 19:30:47,911 - DEBUG - Loaded collision time for BConcave+FConcave+4100 at IoU 0.8: nan
2025-07-16 19:30:47,911 - DEBUG - Loaded collision time for BConcave+FConcave+4100 at IoU 0.85: nan
2025-07-16 19:30:47,911 - DEBUG - Loaded collision time for BConcave+FConcave+4100 at IoU 0.9: nan
2025-07-16 19:30:47,912 - DEBUG - Loaded collision time for BConcave+FConcave+4100 at IoU 0.95: nan
2025-07-16 19:30:47,912 - INFO - Processing video: BConcave+FConcave+4300_flipped
2025-07-16 19:30:47,912 - INFO - Video BConcave+FConcave+4300_flipped already processed (found segformer_model-BConcave+FConcave+4300_flipped.mp4), skipping video processing...
2025-07-16 19:30:47,918 - INFO - VanillaSegmentationSaver initialized with output dir: /home/projects/bagon/andreyg/Projects/Object_reps_neural/Programming/hugging_face/model_experiments/segformer/exp2TTC/processed_videos/segformer_model-BConcave+FConcave+4300_flipped/org_segmentation
2025-07-16 19:30:47,921 - INFO - All collision results already exist for BConcave+FConcave+4300_flipped
2025-07-16 19:30:47,921 - DEBUG - Loaded collision time for BConcave+FConcave+4300_flipped at IoU 0.05: 4283.333333333333
2025-07-16 19:30:47,921 - DEBUG - Loaded collision time for BConcave+FConcave+4300_flipped at IoU 0.1: nan
2025-07-16 19:30:47,921 - DEBUG - Loaded collision time for BConcave+FConcave+4300_flipped at IoU 0.15: nan
2025-07-16 19:30:47,922 - DEBUG - Loaded collision time for BConcave+FConcave+4300_flipped at IoU 0.2: nan
2025-07-16 19:30:47,922 - DEBUG - Loaded collision time for BConcave+FConcave+4300_flipped at IoU 0.25: nan
2025-07-16 19:30:47,922 - DEBUG - Loaded collision time for BConcave+FConcave+4300_flipped at IoU 0.3: nan
2025-07-16 19:30:47,922 - DEBUG - Loaded collision time for BConcave+FConcave+4300_flipped at IoU 0.35: nan
2025-07-16 19:30:47,923 - DEBUG - Loaded collision time for BConcave+FConcave+4300_flipped at IoU 0.4: nan
2025-07-16 19:30:47,923 - DEBUG - Loaded collision time for BConcave+FConcave+4300_flipped at IoU 0.45: nan
2025-07-16 19:30:47,923 - DEBUG - Loaded collision time for BConcave+FConcave+4300_flipped at IoU 0.5: nan
2025-07-16 19:30:47,923 - DEBUG - Loaded collision time for BConcave+FConcave+4300_flipped at IoU 0.55: nan
2025-07-16 19:30:47,923 - DEBUG - Loaded collision time for BConcave+FConcave+4300_flipped at IoU 0.6: nan
2025-07-16 19:30:47,924 - DEBUG - Loaded collision time for BConcave+FConcave+4300_flipped at IoU 0.65: nan
2025-07-16 19:30:47,924 - DEBUG - Loaded collision time for BConcave+FConcave+4300_flipped at IoU 0.7: nan
2025-07-16 19:30:47,924 - DEBUG - Loaded collision time for BConcave+FConcave+4300_flipped at IoU 0.75: nan
2025-07-16 19:30:47,925 - DEBUG - Loaded collision time for BConcave+FConcave+4300_flipped at IoU 0.8: nan
2025-07-16 19:30:47,925 - DEBUG - Loaded collision time for BConcave+FConcave+4300_flipped at IoU 0.85: nan
2025-07-16 19:30:47,925 - DEBUG - Loaded collision time for BConcave+FConcave+4300_flipped at IoU 0.9: nan
2025-07-16 19:30:47,925 - DEBUG - Loaded collision time for BConcave+FConcave+4300_flipped at IoU 0.95: nan
2025-07-16 19:30:47,925 - INFO - Processing video: BConcave+FConcave+4500
2025-07-16 19:30:47,926 - INFO - Video BConcave+FConcave+4500 already processed (found segformer_model-BConcave+FConcave+4500.mp4), skipping video processing...
2025-07-16 19:30:47,932 - INFO - VanillaSegmentationSaver initialized with output dir: /home/projects/bagon/andreyg/Projects/Object_reps_neural/Programming/hugging_face/model_experiments/segformer/exp2TTC/processed_videos/segformer_model-BConcave+FConcave+4500/org_segmentation
2025-07-16 19:30:47,935 - INFO - All collision results already exist for BConcave+FConcave+4500
2025-07-16 19:30:47,935 - DEBUG - Loaded collision time for BConcave+FConcave+4500 at IoU 0.05: 4500.0
2025-07-16 19:30:47,935 - DEBUG - Loaded collision time for BConcave+FConcave+4500 at IoU 0.1: 4866.666666666666
2025-07-16 19:30:47,935 - DEBUG - Loaded collision time for BConcave+FConcave+4500 at IoU 0.15: 5183.333333333334
2025-07-16 19:30:47,935 - DEBUG - Loaded collision time for BConcave+FConcave+4500 at IoU 0.2: nan
2025-07-16 19:30:47,936 - DEBUG - Loaded collision time for BConcave+FConcave+4500 at IoU 0.25: nan
2025-07-16 19:30:47,936 - DEBUG - Loaded collision time for BConcave+FConcave+4500 at IoU 0.3: nan
2025-07-16 19:30:47,936 - DEBUG - Loaded collision time for BConcave+FConcave+4500 at IoU 0.35: nan
2025-07-16 19:30:47,937 - DEBUG - Loaded collision time for BConcave+FConcave+4500 at IoU 0.4: nan
2025-07-16 19:30:47,937 - DEBUG - Loaded collision time for BConcave+FConcave+4500 at IoU 0.45: nan
2025-07-16 19:30:47,937 - DEBUG - Loaded collision time for BConcave+FConcave+4500 at IoU 0.5: nan
2025-07-16 19:30:47,937 - DEBUG - Loaded collision time for BConcave+FConcave+4500 at IoU 0.55: nan
2025-07-16 19:30:47,937 - DEBUG - Loaded collision time for BConcave+FConcave+4500 at IoU 0.6: nan
2025-07-16 19:30:47,938 - DEBUG - Loaded collision time for BConcave+FConcave+4500 at IoU 0.65: nan
2025-07-16 19:30:47,938 - DEBUG - Loaded collision time for BConcave+FConcave+4500 at IoU 0.7: nan
2025-07-16 19:30:47,938 - DEBUG - Loaded collision time for BConcave+FConcave+4500 at IoU 0.75: nan
2025-07-16 19:30:47,938 - DEBUG - Loaded collision time for BConcave+FConcave+4500 at IoU 0.8: nan
2025-07-16 19:30:47,939 - DEBUG - Loaded collision time for BConcave+FConcave+4500 at IoU 0.85: nan
2025-07-16 19:30:47,939 - DEBUG - Loaded collision time for BConcave+FConcave+4500 at IoU 0.9: nan
2025-07-16 19:30:47,939 - DEBUG - Loaded collision time for BConcave+FConcave+4500 at IoU 0.95: nan
2025-07-16 19:30:47,939 - INFO - Processing video: BConcave+FConvex+3500
2025-07-16 19:30:47,940 - INFO - Video BConcave+FConvex+3500 already processed (found segformer_model-BConcave+FConvex+3500.mp4), skipping video processing...
2025-07-16 19:30:47,945 - INFO - VanillaSegmentationSaver initialized with output dir: /home/projects/bagon/andreyg/Projects/Object_reps_neural/Programming/hugging_face/model_experiments/segformer/exp2TTC/processed_videos/segformer_model-BConcave+FConvex+3500/org_segmentation
2025-07-16 19:30:47,948 - INFO - All collision results already exist for BConcave+FConvex+3500
2025-07-16 19:30:47,948 - DEBUG - Loaded collision time for BConcave+FConvex+3500 at IoU 0.05: 3900.0
2025-07-16 19:30:47,948 - DEBUG - Loaded collision time for BConcave+FConvex+3500 at IoU 0.1: 4050.0
2025-07-16 19:30:47,949 - DEBUG - Loaded collision time for BConcave+FConvex+3500 at IoU 0.15: 4133.333333333334
2025-07-16 19:30:47,949 - DEBUG - Loaded collision time for BConcave+FConvex+3500 at IoU 0.2: 4216.666666666667
2025-07-16 19:30:47,949 - DEBUG - Loaded collision time for BConcave+FConvex+3500 at IoU 0.25: 4283.333333333333
2025-07-16 19:30:47,949 - DEBUG - Loaded collision time for BConcave+FConvex+3500 at IoU 0.3: 4350.0
2025-07-16 19:30:47,950 - DEBUG - Loaded collision time for BConcave+FConvex+3500 at IoU 0.35: 4433.333333333334
2025-07-16 19:30:47,950 - DEBUG - Loaded collision time for BConcave+FConvex+3500 at IoU 0.4: 4500.0
2025-07-16 19:30:47,950 - DEBUG - Loaded collision time for BConcave+FConvex+3500 at IoU 0.45: 4583.333333333333
2025-07-16 19:30:47,950 - DEBUG - Loaded collision time for BConcave+FConvex+3500 at IoU 0.5: 4666.666666666667
2025-07-16 19:30:47,951 - DEBUG - Loaded collision time for BConcave+FConvex+3500 at IoU 0.55: nan
2025-07-16 19:30:47,951 - DEBUG - Loaded collision time for BConcave+FConvex+3500 at IoU 0.6: nan
2025-07-16 19:30:47,951 - DEBUG - Loaded collision time for BConcave+FConvex+3500 at IoU 0.65: nan
2025-07-16 19:30:47,951 - DEBUG - Loaded collision time for BConcave+FConvex+3500 at IoU 0.7: nan
2025-07-16 19:30:47,951 - DEBUG - Loaded collision time for BConcave+FConvex+3500 at IoU 0.75: nan
2025-07-16 19:30:47,952 - DEBUG - Loaded collision time for BConcave+FConvex+3500 at IoU 0.8: nan
2025-07-16 19:30:47,952 - DEBUG - Loaded collision time for BConcave+FConvex+3500 at IoU 0.85: nan
2025-07-16 19:30:47,952 - DEBUG - Loaded collision time for BConcave+FConvex+3500 at IoU 0.9: nan
2025-07-16 19:30:47,953 - DEBUG - Loaded collision time for BConcave+FConvex+3500 at IoU 0.95: nan
2025-07-16 19:30:47,953 - INFO - Processing video: BConcave+FConvex+3700_flipped
2025-07-16 19:30:47,953 - INFO - Video BConcave+FConvex+3700_flipped already processed (found segformer_model-BConcave+FConvex+3700_flipped.mp4), skipping video processing...
2025-07-16 19:30:47,959 - INFO - VanillaSegmentationSaver initialized with output dir: /home/projects/bagon/andreyg/Projects/Object_reps_neural/Programming/hugging_face/model_experiments/segformer/exp2TTC/processed_videos/segformer_model-BConcave+FConvex+3700_flipped/org_segmentation
2025-07-16 19:30:47,962 - INFO - All collision results already exist for BConcave+FConvex+3700_flipped
2025-07-16 19:30:47,962 - DEBUG - Loaded collision time for BConcave+FConvex+3700_flipped at IoU 0.05: 4066.6666666666665
2025-07-16 19:30:47,962 - DEBUG - Loaded collision time for BConcave+FConvex+3700_flipped at IoU 0.1: 4250.0
2025-07-16 19:30:47,962 - DEBUG - Loaded collision time for BConcave+FConvex+3700_flipped at IoU 0.15: 4366.666666666666
2025-07-16 19:30:47,963 - DEBUG - Loaded collision time for BConcave+FConvex+3700_flipped at IoU 0.2: 4483.333333333333
2025-07-16 19:30:47,963 - DEBUG - Loaded collision time for BConcave+FConvex+3700_flipped at IoU 0.25: 4633.333333333334
2025-07-16 19:30:47,963 - DEBUG - Loaded collision time for BConcave+FConvex+3700_flipped at IoU 0.3: 4750.0
2025-07-16 19:30:47,963 - DEBUG - Loaded collision time for BConcave+FConvex+3700_flipped at IoU 0.35: nan
2025-07-16 19:30:47,963 - DEBUG - Loaded collision time for BConcave+FConvex+3700_flipped at IoU 0.4: nan
2025-07-16 19:30:47,964 - DEBUG - Loaded collision time for BConcave+FConvex+3700_flipped at IoU 0.45: nan
2025-07-16 19:30:47,964 - DEBUG - Loaded collision time for BConcave+FConvex+3700_flipped at IoU 0.5: nan
2025-07-16 19:30:47,964 - DEBUG - Loaded collision time for BConcave+FConvex+3700_flipped at IoU 0.55: nan
2025-07-16 19:30:47,964 - DEBUG - Loaded collision time for BConcave+FConvex+3700_flipped at IoU 0.6: nan
2025-07-16 19:30:47,965 - DEBUG - Loaded collision time for BConcave+FConvex+3700_flipped at IoU 0.65: nan
2025-07-16 19:30:47,965 - DEBUG - Loaded collision time for BConcave+FConvex+3700_flipped at IoU 0.7: nan
2025-07-16 19:30:47,965 - DEBUG - Loaded collision time for BConcave+FConvex+3700_flipped at IoU 0.75: nan
2025-07-16 19:30:47,965 - DEBUG - Loaded collision time for BConcave+FConvex+3700_flipped at IoU 0.8: nan
2025-07-16 19:30:47,966 - DEBUG - Loaded collision time for BConcave+FConvex+3700_flipped at IoU 0.85: nan
2025-07-16 19:30:47,966 - DEBUG - Loaded collision time for BConcave+FConvex+3700_flipped at IoU 0.9: nan
2025-07-16 19:30:47,966 - DEBUG - Loaded collision time for BConcave+FConvex+3700_flipped at IoU 0.95: nan
2025-07-16 19:30:47,966 - INFO - Processing video: BConcave+FConvex+3900
2025-07-16 19:30:47,967 - INFO - Video BConcave+FConvex+3900 already processed (found segformer_model-BConcave+FConvex+3900.mp4), skipping video processing...
2025-07-16 19:30:47,973 - INFO - VanillaSegmentationSaver initialized with output dir: /home/projects/bagon/andreyg/Projects/Object_reps_neural/Programming/hugging_face/model_experiments/segformer/exp2TTC/processed_videos/segformer_model-BConcave+FConvex+3900/org_segmentation
2025-07-16 19:30:47,975 - INFO - All collision results already exist for BConcave+FConvex+3900
2025-07-16 19:30:47,976 - DEBUG - Loaded collision time for BConcave+FConvex+3900 at IoU 0.05: 4283.333333333333
2025-07-16 19:30:47,976 - DEBUG - Loaded collision time for BConcave+FConvex+3900 at IoU 0.1: 4416.666666666667
2025-07-16 19:30:47,976 - DEBUG - Loaded collision time for BConcave+FConvex+3900 at IoU 0.15: 4516.666666666667
2025-07-16 19:30:47,976 - DEBUG - Loaded collision time for BConcave+FConvex+3900 at IoU 0.2: 4600.0
2025-07-16 19:30:47,977 - DEBUG - Loaded collision time for BConcave+FConvex+3900 at IoU 0.25: 4683.333333333334
2025-07-16 19:30:47,977 - DEBUG - Loaded collision time for BConcave+FConvex+3900 at IoU 0.3: 4750.0
2025-07-16 19:30:47,977 - DEBUG - Loaded collision time for BConcave+FConvex+3900 at IoU 0.35: 4816.666666666666
2025-07-16 19:30:47,977 - DEBUG - Loaded collision time for BConcave+FConvex+3900 at IoU 0.4: 4883.333333333334
2025-07-16 19:30:47,978 - DEBUG - Loaded collision time for BConcave+FConvex+3900 at IoU 0.45: 4966.666666666667
2025-07-16 19:30:47,978 - DEBUG - Loaded collision time for BConcave+FConvex+3900 at IoU 0.5: 5033.333333333333
2025-07-16 19:30:47,978 - DEBUG - Loaded collision time for BConcave+FConvex+3900 at IoU 0.55: nan
2025-07-16 19:30:47,979 - DEBUG - Loaded collision time for BConcave+FConvex+3900 at IoU 0.6: nan
2025-07-16 19:30:47,979 - DEBUG - Loaded collision time for BConcave+FConvex+3900 at IoU 0.65: nan
2025-07-16 19:30:47,979 - DEBUG - Loaded collision time for BConcave+FConvex+3900 at IoU 0.7: nan
2025-07-16 19:30:47,979 - DEBUG - Loaded collision time for BConcave+FConvex+3900 at IoU 0.75: nan
2025-07-16 19:30:47,980 - DEBUG - Loaded collision time for BConcave+FConvex+3900 at IoU 0.8: nan
2025-07-16 19:30:47,980 - DEBUG - Loaded collision time for BConcave+FConvex+3900 at IoU 0.85: nan
2025-07-16 19:30:47,980 - DEBUG - Loaded collision time for BConcave+FConvex+3900 at IoU 0.9: nan
2025-07-16 19:30:47,981 - DEBUG - Loaded collision time for BConcave+FConvex+3900 at IoU 0.95: nan
2025-07-16 19:30:47,981 - INFO - Processing video: BConcave+FConvex+4100_flipped
2025-07-16 19:30:47,981 - INFO - Video BConcave+FConvex+4100_flipped already processed (found segformer_model-BConcave+FConvex+4100_flipped.mp4), skipping video processing...
2025-07-16 19:30:47,987 - INFO - VanillaSegmentationSaver initialized with output dir: /home/projects/bagon/andreyg/Projects/Object_reps_neural/Programming/hugging_face/model_experiments/segformer/exp2TTC/processed_videos/segformer_model-BConcave+FConvex+4100_flipped/org_segmentation
2025-07-16 19:30:47,990 - INFO - All collision results already exist for BConcave+FConvex+4100_flipped
2025-07-16 19:30:47,990 - DEBUG - Loaded collision time for BConcave+FConvex+4100_flipped at IoU 0.05: 4383.333333333334
2025-07-16 19:30:47,990 - DEBUG - Loaded collision time for BConcave+FConvex+4100_flipped at IoU 0.1: 4500.0
2025-07-16 19:30:47,990 - DEBUG - Loaded collision time for BConcave+FConvex+4100_flipped at IoU 0.15: 4633.333333333334
2025-07-16 19:30:47,991 - DEBUG - Loaded collision time for BConcave+FConvex+4100_flipped at IoU 0.2: 4700.0
2025-07-16 19:30:47,991 - DEBUG - Loaded collision time for BConcave+FConvex+4100_flipped at IoU 0.25: 4850.0
2025-07-16 19:30:47,991 - DEBUG - Loaded collision time for BConcave+FConvex+4100_flipped at IoU 0.3: 5000.0
2025-07-16 19:30:47,991 - DEBUG - Loaded collision time for BConcave+FConvex+4100_flipped at IoU 0.35: 5166.666666666667
2025-07-16 19:30:47,991 - DEBUG - Loaded collision time for BConcave+FConvex+4100_flipped at IoU 0.4: nan
2025-07-16 19:30:47,992 - DEBUG - Loaded collision time for BConcave+FConvex+4100_flipped at IoU 0.45: nan
2025-07-16 19:30:47,992 - DEBUG - Loaded collision time for BConcave+FConvex+4100_flipped at IoU 0.5: nan
2025-07-16 19:30:47,992 - DEBUG - Loaded collision time for BConcave+FConvex+4100_flipped at IoU 0.55: nan
2025-07-16 19:30:47,992 - DEBUG - Loaded collision time for BConcave+FConvex+4100_flipped at IoU 0.6: nan
2025-07-16 19:30:47,993 - DEBUG - Loaded collision time for BConcave+FConvex+4100_flipped at IoU 0.65: nan
2025-07-16 19:30:47,993 - DEBUG - Loaded collision time for BConcave+FConvex+4100_flipped at IoU 0.7: nan
2025-07-16 19:30:47,993 - DEBUG - Loaded collision time for BConcave+FConvex+4100_flipped at IoU 0.75: nan
2025-07-16 19:30:47,994 - DEBUG - Loaded collision time for BConcave+FConvex+4100_flipped at IoU 0.8: nan
2025-07-16 19:30:47,994 - DEBUG - Loaded collision time for BConcave+FConvex+4100_flipped at IoU 0.85: nan
2025-07-16 19:30:47,994 - DEBUG - Loaded collision time for BConcave+FConvex+4100_flipped at IoU 0.9: nan
2025-07-16 19:30:47,994 - DEBUG - Loaded collision time for BConcave+FConvex+4100_flipped at IoU 0.95: nan
2025-07-16 19:30:47,994 - INFO - Processing video: BConcave+FConvex+4300
2025-07-16 19:30:47,995 - INFO - Video BConcave+FConvex+4300 already processed (found segformer_model-BConcave+FConvex+4300.mp4), skipping video processing...
2025-07-16 19:30:48,001 - INFO - VanillaSegmentationSaver initialized with output dir: /home/projects/bagon/andreyg/Projects/Object_reps_neural/Programming/hugging_face/model_experiments/segformer/exp2TTC/processed_videos/segformer_model-BConcave+FConvex+4300/org_segmentation
2025-07-16 19:30:48,004 - INFO - All collision results already exist for BConcave+FConvex+4300
2025-07-16 19:30:48,004 - DEBUG - Loaded collision time for BConcave+FConvex+4300 at IoU 0.05: 4750.0
2025-07-16 19:30:48,004 - DEBUG - Loaded collision time for BConcave+FConvex+4300 at IoU 0.1: 4900.0
2025-07-16 19:30:48,005 - DEBUG - Loaded collision time for BConcave+FConvex+4300 at IoU 0.15: 5016.666666666667
2025-07-16 19:30:48,005 - DEBUG - Loaded collision time for BConcave+FConvex+4300 at IoU 0.2: 5083.333333333333
2025-07-16 19:30:48,005 - DEBUG - Loaded collision time for BConcave+FConvex+4300 at IoU 0.25: 5150.0
2025-07-16 19:30:48,005 - DEBUG - Loaded collision time for BConcave+FConvex+4300 at IoU 0.3: 5200.0
2025-07-16 19:30:48,005 - DEBUG - Loaded collision time for BConcave+FConvex+4300 at IoU 0.35: 5250.0
2025-07-16 19:30:48,006 - DEBUG - Loaded collision time for BConcave+FConvex+4300 at IoU 0.4: 5333.333333333333
2025-07-16 19:30:48,006 - DEBUG - Loaded collision time for BConcave+FConvex+4300 at IoU 0.45: nan
2025-07-16 19:30:48,006 - DEBUG - Loaded collision time for BConcave+FConvex+4300 at IoU 0.5: nan
2025-07-16 19:30:48,006 - DEBUG - Loaded collision time for BConcave+FConvex+4300 at IoU 0.55: nan
2025-07-16 19:30:48,007 - DEBUG - Loaded collision time for BConcave+FConvex+4300 at IoU 0.6: nan
2025-07-16 19:30:48,007 - DEBUG - Loaded collision time for BConcave+FConvex+4300 at IoU 0.65: nan
2025-07-16 19:30:48,007 - DEBUG - Loaded collision time for BConcave+FConvex+4300 at IoU 0.7: nan
2025-07-16 19:30:48,007 - DEBUG - Loaded collision time for BConcave+FConvex+4300 at IoU 0.75: nan
2025-07-16 19:30:48,008 - DEBUG - Loaded collision time for BConcave+FConvex+4300 at IoU 0.8: nan
2025-07-16 19:30:48,008 - DEBUG - Loaded collision time for BConcave+FConvex+4300 at IoU 0.85: nan
2025-07-16 19:30:48,008 - DEBUG - Loaded collision time for BConcave+FConvex+4300 at IoU 0.9: nan
2025-07-16 19:30:48,008 - DEBUG - Loaded collision time for BConcave+FConvex+4300 at IoU 0.95: nan
2025-07-16 19:30:48,008 - INFO - Processing video: BConcave+FConvex+4500_flipped
2025-07-16 19:30:48,009 - INFO - Video BConcave+FConvex+4500_flipped already processed (found segformer_model-BConcave+FConvex+4500_flipped.mp4), skipping video processing...
2025-07-16 19:30:48,016 - INFO - VanillaSegmentationSaver initialized with output dir: /home/projects/bagon/andreyg/Projects/Object_reps_neural/Programming/hugging_face/model_experiments/segformer/exp2TTC/processed_videos/segformer_model-BConcave+FConvex+4500_flipped/org_segmentation
2025-07-16 19:30:48,019 - INFO - All collision results already exist for BConcave+FConvex+4500_flipped
2025-07-16 19:30:48,020 - DEBUG - Loaded collision time for BConcave+FConvex+4500_flipped at IoU 0.05: 4916.666666666667
2025-07-16 19:30:48,020 - DEBUG - Loaded collision time for BConcave+FConvex+4500_flipped at IoU 0.1: 4983.333333333333
2025-07-16 19:30:48,020 - DEBUG - Loaded collision time for BConcave+FConvex+4500_flipped at IoU 0.15: 5116.666666666666
2025-07-16 19:30:48,020 - DEBUG - Loaded collision time for BConcave+FConvex+4500_flipped at IoU 0.2: 5250.0
2025-07-16 19:30:48,021 - DEBUG - Loaded collision time for BConcave+FConvex+4500_flipped at IoU 0.25: 5283.333333333333
2025-07-16 19:30:48,021 - DEBUG - Loaded collision time for BConcave+FConvex+4500_flipped at IoU 0.3: 5400.0
2025-07-16 19:30:48,021 - DEBUG - Loaded collision time for BConcave+FConvex+4500_flipped at IoU 0.35: 5433.333333333334
2025-07-16 19:30:48,021 - DEBUG - Loaded collision time for BConcave+FConvex+4500_flipped at IoU 0.4: 5466.666666666667
2025-07-16 19:30:48,022 - DEBUG - Loaded collision time for BConcave+FConvex+4500_flipped at IoU 0.45: nan
2025-07-16 19:30:48,022 - DEBUG - Loaded collision time for BConcave+FConvex+4500_flipped at IoU 0.5: nan
2025-07-16 19:30:48,022 - DEBUG - Loaded collision time for BConcave+FConvex+4500_flipped at IoU 0.55: nan
2025-07-16 19:30:48,022 - DEBUG - Loaded collision time for BConcave+FConvex+4500_flipped at IoU 0.6: nan
2025-07-16 19:30:48,023 - DEBUG - Loaded collision time for BConcave+FConvex+4500_flipped at IoU 0.65: nan
2025-07-16 19:30:48,023 - DEBUG - Loaded collision time for BConcave+FConvex+4500_flipped at IoU 0.7: nan
2025-07-16 19:30:48,024 - DEBUG - Loaded collision time for BConcave+FConvex+4500_flipped at IoU 0.75: nan
2025-07-16 19:30:48,024 - DEBUG - Loaded collision time for BConcave+FConvex+4500_flipped at IoU 0.8: nan
2025-07-16 19:30:48,024 - DEBUG - Loaded collision time for BConcave+FConvex+4500_flipped at IoU 0.85: nan
2025-07-16 19:30:48,024 - DEBUG - Loaded collision time for BConcave+FConvex+4500_flipped at IoU 0.9: nan
2025-07-16 19:30:48,024 - DEBUG - Loaded collision time for BConcave+FConvex+4500_flipped at IoU 0.95: nan
2025-07-16 19:30:48,025 - INFO - Processing video: BConcave+gConcave+3500_flipped
2025-07-16 19:30:48,025 - INFO - Video BConcave+gConcave+3500_flipped already processed (found segformer_model-BConcave+gConcave+3500_flipped.mp4), skipping video processing...
2025-07-16 19:30:48,032 - INFO - VanillaSegmentationSaver initialized with output dir: /home/projects/bagon/andreyg/Projects/Object_reps_neural/Programming/hugging_face/model_experiments/segformer/exp2TTC/processed_videos/segformer_model-BConcave+gConcave+3500_flipped/org_segmentation
2025-07-16 19:30:48,036 - INFO - All collision results already exist for BConcave+gConcave+3500_flipped
2025-07-16 19:30:48,036 - DEBUG - Loaded collision time for BConcave+gConcave+3500_flipped at IoU 0.05: 1616.6666666666667
2025-07-16 19:30:48,036 - DEBUG - Loaded collision time for BConcave+gConcave+3500_flipped at IoU 0.1: 3316.666666666667
2025-07-16 19:30:48,037 - DEBUG - Loaded collision time for BConcave+gConcave+3500_flipped at IoU 0.15: 3316.666666666667
2025-07-16 19:30:48,037 - DEBUG - Loaded collision time for BConcave+gConcave+3500_flipped at IoU 0.2: 3333.3333333333335
2025-07-16 19:30:48,037 - DEBUG - Loaded collision time for BConcave+gConcave+3500_flipped at IoU 0.25: 3333.3333333333335
2025-07-16 19:30:48,037 - DEBUG - Loaded collision time for BConcave+gConcave+3500_flipped at IoU 0.3: 3383.3333333333335
2025-07-16 19:30:48,038 - DEBUG - Loaded collision time for BConcave+gConcave+3500_flipped at IoU 0.35: 3483.3333333333335
2025-07-16 19:30:48,038 - DEBUG - Loaded collision time for BConcave+gConcave+3500_flipped at IoU 0.4: 3500.0
2025-07-16 19:30:48,038 - DEBUG - Loaded collision time for BConcave+gConcave+3500_flipped at IoU 0.45: 3500.0
2025-07-16 19:30:48,038 - DEBUG - Loaded collision time for BConcave+gConcave+3500_flipped at IoU 0.5: nan
2025-07-16 19:30:48,038 - DEBUG - Loaded collision time for BConcave+gConcave+3500_flipped at IoU 0.55: nan
2025-07-16 19:30:48,039 - DEBUG - Loaded collision time for BConcave+gConcave+3500_flipped at IoU 0.6: nan
2025-07-16 19:30:48,039 - DEBUG - Loaded collision time for BConcave+gConcave+3500_flipped at IoU 0.65: nan
2025-07-16 19:30:48,039 - DEBUG - Loaded collision time for BConcave+gConcave+3500_flipped at IoU 0.7: nan
2025-07-16 19:30:48,039 - DEBUG - Loaded collision time for BConcave+gConcave+3500_flipped at IoU 0.75: nan
2025-07-16 19:30:48,040 - DEBUG - Loaded collision time for BConcave+gConcave+3500_flipped at IoU 0.8: nan
2025-07-16 19:30:48,040 - DEBUG - Loaded collision time for BConcave+gConcave+3500_flipped at IoU 0.85: nan
2025-07-16 19:30:48,040 - DEBUG - Loaded collision time for BConcave+gConcave+3500_flipped at IoU 0.9: nan
2025-07-16 19:30:48,040 - DEBUG - Loaded collision time for BConcave+gConcave+3500_flipped at IoU 0.95: nan
2025-07-16 19:30:48,040 - INFO - Processing video: BConcave+gConcave+3700
2025-07-16 19:30:48,041 - INFO - Video BConcave+gConcave+3700 already processed (found segformer_model-BConcave+gConcave+3700.mp4), skipping video processing...
2025-07-16 19:30:48,047 - INFO - VanillaSegmentationSaver initialized with output dir: /home/projects/bagon/andreyg/Projects/Object_reps_neural/Programming/hugging_face/model_experiments/segformer/exp2TTC/processed_videos/segformer_model-BConcave+gConcave+3700/org_segmentation
2025-07-16 19:30:48,049 - INFO - All collision results already exist for BConcave+gConcave+3700
2025-07-16 19:30:48,050 - DEBUG - Loaded collision time for BConcave+gConcave+3700 at IoU 0.05: nan
2025-07-16 19:30:48,050 - DEBUG - Loaded collision time for BConcave+gConcave+3700 at IoU 0.1: nan
2025-07-16 19:30:48,050 - DEBUG - Loaded collision time for BConcave+gConcave+3700 at IoU 0.15: nan
2025-07-16 19:30:48,050 - DEBUG - Loaded collision time for BConcave+gConcave+3700 at IoU 0.2: nan
2025-07-16 19:30:48,050 - DEBUG - Loaded collision time for BConcave+gConcave+3700 at IoU 0.25: nan
2025-07-16 19:30:48,051 - DEBUG - Loaded collision time for BConcave+gConcave+3700 at IoU 0.3: nan
2025-07-16 19:30:48,051 - DEBUG - Loaded collision time for BConcave+gConcave+3700 at IoU 0.35: nan
2025-07-16 19:30:48,051 - DEBUG - Loaded collision time for BConcave+gConcave+3700 at IoU 0.4: nan
2025-07-16 19:30:48,052 - DEBUG - Loaded collision time for BConcave+gConcave+3700 at IoU 0.45: nan
2025-07-16 19:30:48,052 - DEBUG - Loaded collision time for BConcave+gConcave+3700 at IoU 0.5: nan
2025-07-16 19:30:48,052 - DEBUG - Loaded collision time for BConcave+gConcave+3700 at IoU 0.55: nan
2025-07-16 19:30:48,052 - DEBUG - Loaded collision time for BConcave+gConcave+3700 at IoU 0.6: nan
2025-07-16 19:30:48,052 - DEBUG - Loaded collision time for BConcave+gConcave+3700 at IoU 0.65: nan
2025-07-16 19:30:48,053 - DEBUG - Loaded collision time for BConcave+gConcave+3700 at IoU 0.7: nan
2025-07-16 19:30:48,053 - DEBUG - Loaded collision time for BConcave+gConcave+3700 at IoU 0.75: nan
2025-07-16 19:30:48,053 - DEBUG - Loaded collision time for BConcave+gConcave+3700 at IoU 0.8: nan
2025-07-16 19:30:48,053 - DEBUG - Loaded collision time for BConcave+gConcave+3700 at IoU 0.85: nan
2025-07-16 19:30:48,054 - DEBUG - Loaded collision time for BConcave+gConcave+3700 at IoU 0.9: nan
2025-07-16 19:30:48,054 - DEBUG - Loaded collision time for BConcave+gConcave+3700 at IoU 0.95: nan
2025-07-16 19:30:48,054 - INFO - Processing video: BConcave+gConcave+3900_flipped
2025-07-16 19:30:48,054 - INFO - Video BConcave+gConcave+3900_flipped already processed (found segformer_model-BConcave+gConcave+3900_flipped.mp4), skipping video processing...
2025-07-16 19:30:48,060 - INFO - VanillaSegmentationSaver initialized with output dir: /home/projects/bagon/andreyg/Projects/Object_reps_neural/Programming/hugging_face/model_experiments/segformer/exp2TTC/processed_videos/segformer_model-BConcave+gConcave+3900_flipped/org_segmentation
2025-07-16 19:30:48,064 - INFO - All collision results already exist for BConcave+gConcave+3900_flipped
2025-07-16 19:30:48,064 - DEBUG - Loaded collision time for BConcave+gConcave+3900_flipped at IoU 0.05: nan
2025-07-16 19:30:48,064 - DEBUG - Loaded collision time for BConcave+gConcave+3900_flipped at IoU 0.1: nan
2025-07-16 19:30:48,064 - DEBUG - Loaded collision time for BConcave+gConcave+3900_flipped at IoU 0.15: nan
2025-07-16 19:30:48,065 - DEBUG - Loaded collision time for BConcave+gConcave+3900_flipped at IoU 0.2: nan
2025-07-16 19:30:48,065 - DEBUG - Loaded collision time for BConcave+gConcave+3900_flipped at IoU 0.25: nan
2025-07-16 19:30:48,065 - DEBUG - Loaded collision time for BConcave+gConcave+3900_flipped at IoU 0.3: nan
2025-07-16 19:30:48,065 - DEBUG - Loaded collision time for BConcave+gConcave+3900_flipped at IoU 0.35: nan
2025-07-16 19:30:48,066 - DEBUG - Loaded collision time for BConcave+gConcave+3900_flipped at IoU 0.4: nan
2025-07-16 19:30:48,066 - DEBUG - Loaded collision time for BConcave+gConcave+3900_flipped at IoU 0.45: nan
2025-07-16 19:30:48,066 - DEBUG - Loaded collision time for BConcave+gConcave+3900_flipped at IoU 0.5: nan
2025-07-16 19:30:48,066 - DEBUG - Loaded collision time for BConcave+gConcave+3900_flipped at IoU 0.55: nan
2025-07-16 19:30:48,066 - DEBUG - Loaded collision time for BConcave+gConcave+3900_flipped at IoU 0.6: nan
2025-07-16 19:30:48,067 - DEBUG - Loaded collision time for BConcave+gConcave+3900_flipped at IoU 0.65: nan
2025-07-16 19:30:48,067 - DEBUG - Loaded collision time for BConcave+gConcave+3900_flipped at IoU 0.7: nan
2025-07-16 19:30:48,067 - DEBUG - Loaded collision time for BConcave+gConcave+3900_flipped at IoU 0.75: nan
2025-07-16 19:30:48,067 - DEBUG - Loaded collision time for BConcave+gConcave+3900_flipped at IoU 0.8: nan
2025-07-16 19:30:48,068 - DEBUG - Loaded collision time for BConcave+gConcave+3900_flipped at IoU 0.85: nan
2025-07-16 19:30:48,068 - DEBUG - Loaded collision time for BConcave+gConcave+3900_flipped at IoU 0.9: nan
2025-07-16 19:30:48,068 - DEBUG - Loaded collision time for BConcave+gConcave+3900_flipped at IoU 0.95: nan
2025-07-16 19:30:48,068 - INFO - Processing video: BConcave+gConcave+4100
2025-07-16 19:30:48,069 - INFO - Video BConcave+gConcave+4100 already processed (found segformer_model-BConcave+gConcave+4100.mp4), skipping video processing...
2025-07-16 19:30:48,074 - INFO - VanillaSegmentationSaver initialized with output dir: /home/projects/bagon/andreyg/Projects/Object_reps_neural/Programming/hugging_face/model_experiments/segformer/exp2TTC/processed_videos/segformer_model-BConcave+gConcave+4100/org_segmentation
2025-07-16 19:30:48,077 - INFO - All collision results already exist for BConcave+gConcave+4100
2025-07-16 19:30:48,077 - DEBUG - Loaded collision time for BConcave+gConcave+4100 at IoU 0.05: nan
2025-07-16 19:30:48,077 - DEBUG - Loaded collision time for BConcave+gConcave+4100 at IoU 0.1: nan
2025-07-16 19:30:48,078 - DEBUG - Loaded collision time for BConcave+gConcave+4100 at IoU 0.15: nan
2025-07-16 19:30:48,078 - DEBUG - Loaded collision time for BConcave+gConcave+4100 at IoU 0.2: nan
2025-07-16 19:30:48,078 - DEBUG - Loaded collision time for BConcave+gConcave+4100 at IoU 0.25: nan
2025-07-16 19:30:48,078 - DEBUG - Loaded collision time for BConcave+gConcave+4100 at IoU 0.3: nan
2025-07-16 19:30:48,079 - DEBUG - Loaded collision time for BConcave+gConcave+4100 at IoU 0.35: nan
2025-07-16 19:30:48,079 - DEBUG - Loaded collision time for BConcave+gConcave+4100 at IoU 0.4: nan
2025-07-16 19:30:48,079 - DEBUG - Loaded collision time for BConcave+gConcave+4100 at IoU 0.45: nan
2025-07-16 19:30:48,079 - DEBUG - Loaded collision time for BConcave+gConcave+4100 at IoU 0.5: nan
2025-07-16 19:30:48,080 - DEBUG - Loaded collision time for BConcave+gConcave+4100 at IoU 0.55: nan
2025-07-16 19:30:48,080 - DEBUG - Loaded collision time for BConcave+gConcave+4100 at IoU 0.6: nan
2025-07-16 19:30:48,080 - DEBUG - Loaded collision time for BConcave+gConcave+4100 at IoU 0.65: nan
2025-07-16 19:30:48,080 - DEBUG - Loaded collision time for BConcave+gConcave+4100 at IoU 0.7: nan
2025-07-16 19:30:48,081 - DEBUG - Loaded collision time for BConcave+gConcave+4100 at IoU 0.75: nan
2025-07-16 19:30:48,081 - DEBUG - Loaded collision time for BConcave+gConcave+4100 at IoU 0.8: nan
2025-07-16 19:30:48,081 - DEBUG - Loaded collision time for BConcave+gConcave+4100 at IoU 0.85: nan
2025-07-16 19:30:48,081 - DEBUG - Loaded collision time for BConcave+gConcave+4100 at IoU 0.9: nan
2025-07-16 19:30:48,081 - DEBUG - Loaded collision time for BConcave+gConcave+4100 at IoU 0.95: nan
2025-07-16 19:30:48,082 - INFO - Processing video: BConcave+gConcave+4300_flipped
2025-07-16 19:30:48,082 - INFO - Video BConcave+gConcave+4300_flipped already processed (found segformer_model-BConcave+gConcave+4300_flipped.mp4), skipping video processing...
2025-07-16 19:30:48,088 - INFO - VanillaSegmentationSaver initialized with output dir: /home/projects/bagon/andreyg/Projects/Object_reps_neural/Programming/hugging_face/model_experiments/segformer/exp2TTC/processed_videos/segformer_model-BConcave+gConcave+4300_flipped/org_segmentation
2025-07-16 19:30:48,091 - INFO - All collision results already exist for BConcave+gConcave+4300_flipped
2025-07-16 19:30:48,091 - DEBUG - Loaded collision time for BConcave+gConcave+4300_flipped at IoU 0.05: nan
2025-07-16 19:30:48,091 - DEBUG - Loaded collision time for BConcave+gConcave+4300_flipped at IoU 0.1: nan
2025-07-16 19:30:48,091 - DEBUG - Loaded collision time for BConcave+gConcave+4300_flipped at IoU 0.15: nan
2025-07-16 19:30:48,092 - DEBUG - Loaded collision time for BConcave+gConcave+4300_flipped at IoU 0.2: nan
2025-07-16 19:30:48,092 - DEBUG - Loaded collision time for BConcave+gConcave+4300_flipped at IoU 0.25: nan
2025-07-16 19:30:48,092 - DEBUG - Loaded collision time for BConcave+gConcave+4300_flipped at IoU 0.3: nan
2025-07-16 19:30:48,092 - DEBUG - Loaded collision time for BConcave+gConcave+4300_flipped at IoU 0.35: nan
2025-07-16 19:30:48,092 - DEBUG - Loaded collision time for BConcave+gConcave+4300_flipped at IoU 0.4: nan
2025-07-16 19:30:48,093 - DEBUG - Loaded collision time for BConcave+gConcave+4300_flipped at IoU 0.45: nan
2025-07-16 19:30:48,093 - DEBUG - Loaded collision time for BConcave+gConcave+4300_flipped at IoU 0.5: nan
2025-07-16 19:30:48,093 - DEBUG - Loaded collision time for BConcave+gConcave+4300_flipped at IoU 0.55: nan
2025-07-16 19:30:48,093 - DEBUG - Loaded collision time for BConcave+gConcave+4300_flipped at IoU 0.6: nan
2025-07-16 19:30:48,094 - DEBUG - Loaded collision time for BConcave+gConcave+4300_flipped at IoU 0.65: nan
2025-07-16 19:30:48,094 - DEBUG - Loaded collision time for BConcave+gConcave+4300_flipped at IoU 0.7: nan
2025-07-16 19:30:48,094 - DEBUG - Loaded collision time for BConcave+gConcave+4300_flipped at IoU 0.75: nan
2025-07-16 19:30:48,094 - DEBUG - Loaded collision time for BConcave+gConcave+4300_flipped at IoU 0.8: nan
2025-07-16 19:30:48,095 - DEBUG - Loaded collision time for BConcave+gConcave+4300_flipped at IoU 0.85: nan
2025-07-16 19:30:48,095 - DEBUG - Loaded collision time for BConcave+gConcave+4300_flipped at IoU 0.9: nan
2025-07-16 19:30:48,095 - DEBUG - Loaded collision time for BConcave+gConcave+4300_flipped at IoU 0.95: nan
2025-07-16 19:30:48,095 - INFO - Processing video: BConcave+gConcave+4500
2025-07-16 19:30:48,096 - INFO - Video BConcave+gConcave+4500 already processed (found segformer_model-BConcave+gConcave+4500.mp4), skipping video processing...
2025-07-16 19:30:48,102 - INFO - VanillaSegmentationSaver initialized with output dir: /home/projects/bagon/andreyg/Projects/Object_reps_neural/Programming/hugging_face/model_experiments/segformer/exp2TTC/processed_videos/segformer_model-BConcave+gConcave+4500/org_segmentation
2025-07-16 19:30:48,105 - INFO - All collision results already exist for BConcave+gConcave+4500
2025-07-16 19:30:48,105 - DEBUG - Loaded collision time for BConcave+gConcave+4500 at IoU 0.05: nan
2025-07-16 19:30:48,105 - DEBUG - Loaded collision time for BConcave+gConcave+4500 at IoU 0.1: nan
2025-07-16 19:30:48,105 - DEBUG - Loaded collision time for BConcave+gConcave+4500 at IoU 0.15: nan
2025-07-16 19:30:48,106 - DEBUG - Loaded collision time for BConcave+gConcave+4500 at IoU 0.2: nan
2025-07-16 19:30:48,106 - DEBUG - Loaded collision time for BConcave+gConcave+4500 at IoU 0.25: nan
2025-07-16 19:30:48,106 - DEBUG - Loaded collision time for BConcave+gConcave+4500 at IoU 0.3: nan
2025-07-16 19:30:48,106 - DEBUG - Loaded collision time for BConcave+gConcave+4500 at IoU 0.35: nan
2025-07-16 19:30:48,107 - DEBUG - Loaded collision time for BConcave+gConcave+4500 at IoU 0.4: nan
2025-07-16 19:30:48,107 - DEBUG - Loaded collision time for BConcave+gConcave+4500 at IoU 0.45: nan
2025-07-16 19:30:48,107 - DEBUG - Loaded collision time for BConcave+gConcave+4500 at IoU 0.5: nan
2025-07-16 19:30:48,107 - DEBUG - Loaded collision time for BConcave+gConcave+4500 at IoU 0.55: nan
2025-07-16 19:30:48,108 - DEBUG - Loaded collision time for BConcave+gConcave+4500 at IoU 0.6: nan
2025-07-16 19:30:48,108 - DEBUG - Loaded collision time for BConcave+gConcave+4500 at IoU 0.65: nan
2025-07-16 19:30:48,108 - DEBUG - Loaded collision time for BConcave+gConcave+4500 at IoU 0.7: nan
2025-07-16 19:30:48,108 - DEBUG - Loaded collision time for BConcave+gConcave+4500 at IoU 0.75: nan
2025-07-16 19:30:48,109 - DEBUG - Loaded collision time for BConcave+gConcave+4500 at IoU 0.8: nan
2025-07-16 19:30:48,109 - DEBUG - Loaded collision time for BConcave+gConcave+4500 at IoU 0.85: nan
2025-07-16 19:30:48,109 - DEBUG - Loaded collision time for BConcave+gConcave+4500 at IoU 0.9: nan
2025-07-16 19:30:48,109 - DEBUG - Loaded collision time for BConcave+gConcave+4500 at IoU 0.95: nan
2025-07-16 19:30:48,109 - INFO - Processing video: BConcave+gConvex+3500
2025-07-16 19:30:48,110 - INFO - Video BConcave+gConvex+3500 already processed (found segformer_model-BConcave+gConvex+3500.mp4), skipping video processing...
2025-07-16 19:30:48,116 - INFO - VanillaSegmentationSaver initialized with output dir: /home/projects/bagon/andreyg/Projects/Object_reps_neural/Programming/hugging_face/model_experiments/segformer/exp2TTC/processed_videos/segformer_model-BConcave+gConvex+3500/org_segmentation
2025-07-16 19:30:48,118 - INFO - All collision results already exist for BConcave+gConvex+3500
2025-07-16 19:30:48,118 - DEBUG - Loaded collision time for BConcave+gConvex+3500 at IoU 0.05: 3750.0
2025-07-16 19:30:48,119 - DEBUG - Loaded collision time for BConcave+gConvex+3500 at IoU 0.1: 4016.6666666666665
2025-07-16 19:30:48,119 - DEBUG - Loaded collision time for BConcave+gConvex+3500 at IoU 0.15: 4200.0
2025-07-16 19:30:48,119 - DEBUG - Loaded collision time for BConcave+gConvex+3500 at IoU 0.2: nan
2025-07-16 19:30:48,119 - DEBUG - Loaded collision time for BConcave+gConvex+3500 at IoU 0.25: nan
2025-07-16 19:30:48,120 - DEBUG - Loaded collision time for BConcave+gConvex+3500 at IoU 0.3: nan
2025-07-16 19:30:48,120 - DEBUG - Loaded collision time for BConcave+gConvex+3500 at IoU 0.35: nan
2025-07-16 19:30:48,120 - DEBUG - Loaded collision time for BConcave+gConvex+3500 at IoU 0.4: nan
2025-07-16 19:30:48,120 - DEBUG - Loaded collision time for BConcave+gConvex+3500 at IoU 0.45: nan
2025-07-16 19:30:48,121 - DEBUG - Loaded collision time for BConcave+gConvex+3500 at IoU 0.5: nan
2025-07-16 19:30:48,121 - DEBUG - Loaded collision time for BConcave+gConvex+3500 at IoU 0.55: nan
2025-07-16 19:30:48,121 - DEBUG - Loaded collision time for BConcave+gConvex+3500 at IoU 0.6: nan
2025-07-16 19:30:48,121 - DEBUG - Loaded collision time for BConcave+gConvex+3500 at IoU 0.65: nan
2025-07-16 19:30:48,121 - DEBUG - Loaded collision time for BConcave+gConvex+3500 at IoU 0.7: nan
2025-07-16 19:30:48,122 - DEBUG - Loaded collision time for BConcave+gConvex+3500 at IoU 0.75: nan
2025-07-16 19:30:48,122 - DEBUG - Loaded collision time for BConcave+gConvex+3500 at IoU 0.8: nan
2025-07-16 19:30:48,122 - DEBUG - Loaded collision time for BConcave+gConvex+3500 at IoU 0.85: nan
2025-07-16 19:30:48,122 - DEBUG - Loaded collision time for BConcave+gConvex+3500 at IoU 0.9: nan
2025-07-16 19:30:48,123 - DEBUG - Loaded collision time for BConcave+gConvex+3500 at IoU 0.95: nan
2025-07-16 19:30:48,123 - INFO - Processing video: BConcave+gConvex+3700_flipped
2025-07-16 19:30:48,123 - INFO - Video BConcave+gConvex+3700_flipped already processed (found segformer_model-BConcave+gConvex+3700_flipped.mp4), skipping video processing...
2025-07-16 19:30:48,129 - INFO - VanillaSegmentationSaver initialized with output dir: /home/projects/bagon/andreyg/Projects/Object_reps_neural/Programming/hugging_face/model_experiments/segformer/exp2TTC/processed_videos/segformer_model-BConcave+gConvex+3700_flipped/org_segmentation
2025-07-16 19:30:48,132 - INFO - All collision results already exist for BConcave+gConvex+3700_flipped
2025-07-16 19:30:48,132 - DEBUG - Loaded collision time for BConcave+gConvex+3700_flipped at IoU 0.05: 4116.666666666666
2025-07-16 19:30:48,132 - DEBUG - Loaded collision time for BConcave+gConvex+3700_flipped at IoU 0.1: nan
2025-07-16 19:30:48,133 - DEBUG - Loaded collision time for BConcave+gConvex+3700_flipped at IoU 0.15: nan
2025-07-16 19:30:48,133 - DEBUG - Loaded collision time for BConcave+gConvex+3700_flipped at IoU 0.2: nan
2025-07-16 19:30:48,133 - DEBUG - Loaded collision time for BConcave+gConvex+3700_flipped at IoU 0.25: nan
2025-07-16 19:30:48,133 - DEBUG - Loaded collision time for BConcave+gConvex+3700_flipped at IoU 0.3: nan
2025-07-16 19:30:48,134 - DEBUG - Loaded collision time for BConcave+gConvex+3700_flipped at IoU 0.35: nan
2025-07-16 19:30:48,134 - DEBUG - Loaded collision time for BConcave+gConvex+3700_flipped at IoU 0.4: nan
2025-07-16 19:30:48,134 - DEBUG - Loaded collision time for BConcave+gConvex+3700_flipped at IoU 0.45: nan
2025-07-16 19:30:48,134 - DEBUG - Loaded collision time for BConcave+gConvex+3700_flipped at IoU 0.5: nan
2025-07-16 19:30:48,135 - DEBUG - Loaded collision time for BConcave+gConvex+3700_flipped at IoU 0.55: nan
2025-07-16 19:30:48,135 - DEBUG - Loaded collision time for BConcave+gConvex+3700_flipped at IoU 0.6: nan
2025-07-16 19:30:48,135 - DEBUG - Loaded collision time for BConcave+gConvex+3700_flipped at IoU 0.65: nan
2025-07-16 19:30:48,135 - DEBUG - Loaded collision time for BConcave+gConvex+3700_flipped at IoU 0.7: nan
2025-07-16 19:30:48,135 - DEBUG - Loaded collision time for BConcave+gConvex+3700_flipped at IoU 0.75: nan
2025-07-16 19:30:48,136 - DEBUG - Loaded collision time for BConcave+gConvex+3700_flipped at IoU 0.8: nan
2025-07-16 19:30:48,136 - DEBUG - Loaded collision time for BConcave+gConvex+3700_flipped at IoU 0.85: nan
2025-07-16 19:30:48,136 - DEBUG - Loaded collision time for BConcave+gConvex+3700_flipped at IoU 0.9: nan
2025-07-16 19:30:48,136 - DEBUG - Loaded collision time for BConcave+gConvex+3700_flipped at IoU 0.95: nan
2025-07-16 19:30:48,136 - INFO - Processing video: BConcave+gConvex+3900
2025-07-16 19:30:48,137 - INFO - Video BConcave+gConvex+3900 already processed (found segformer_model-BConcave+gConvex+3900.mp4), skipping video processing...
2025-07-16 19:30:48,143 - INFO - VanillaSegmentationSaver initialized with output dir: /home/projects/bagon/andreyg/Projects/Object_reps_neural/Programming/hugging_face/model_experiments/segformer/exp2TTC/processed_videos/segformer_model-BConcave+gConvex+3900/org_segmentation
2025-07-16 19:30:48,146 - INFO - All collision results already exist for BConcave+gConvex+3900
2025-07-16 19:30:48,146 - DEBUG - Loaded collision time for BConcave+gConvex+3900 at IoU 0.05: 4316.666666666666
2025-07-16 19:30:48,146 - DEBUG - Loaded collision time for BConcave+gConvex+3900 at IoU 0.1: 4516.666666666667
2025-07-16 19:30:48,147 - DEBUG - Loaded collision time for BConcave+gConvex+3900 at IoU 0.15: nan
2025-07-16 19:30:48,147 - DEBUG - Loaded collision time for BConcave+gConvex+3900 at IoU 0.2: nan
2025-07-16 19:30:48,147 - DEBUG - Loaded collision time for BConcave+gConvex+3900 at IoU 0.25: nan
2025-07-16 19:30:48,147 - DEBUG - Loaded collision time for BConcave+gConvex+3900 at IoU 0.3: nan
2025-07-16 19:30:48,148 - DEBUG - Loaded collision time for BConcave+gConvex+3900 at IoU 0.35: nan
2025-07-16 19:30:48,148 - DEBUG - Loaded collision time for BConcave+gConvex+3900 at IoU 0.4: nan
2025-07-16 19:30:48,148 - DEBUG - Loaded collision time for BConcave+gConvex+3900 at IoU 0.45: nan
2025-07-16 19:30:48,148 - DEBUG - Loaded collision time for BConcave+gConvex+3900 at IoU 0.5: nan
2025-07-16 19:30:48,149 - DEBUG - Loaded collision time for BConcave+gConvex+3900 at IoU 0.55: nan
2025-07-16 19:30:48,149 - DEBUG - Loaded collision time for BConcave+gConvex+3900 at IoU 0.6: nan
2025-07-16 19:30:48,149 - DEBUG - Loaded collision time for BConcave+gConvex+3900 at IoU 0.65: nan
2025-07-16 19:30:48,149 - DEBUG - Loaded collision time for BConcave+gConvex+3900 at IoU 0.7: nan
2025-07-16 19:30:48,149 - DEBUG - Loaded collision time for BConcave+gConvex+3900 at IoU 0.75: nan
2025-07-16 19:30:48,150 - DEBUG - Loaded collision time for BConcave+gConvex+3900 at IoU 0.8: nan
2025-07-16 19:30:48,150 - DEBUG - Loaded collision time for BConcave+gConvex+3900 at IoU 0.85: nan
2025-07-16 19:30:48,150 - DEBUG - Loaded collision time for BConcave+gConvex+3900 at IoU 0.9: nan
2025-07-16 19:30:48,151 - DEBUG - Loaded collision time for BConcave+gConvex+3900 at IoU 0.95: nan
2025-07-16 19:30:48,151 - INFO - Processing video: BConcave+gConvex+4100_flipped
2025-07-16 19:30:48,151 - INFO - Video BConcave+gConvex+4100_flipped already processed (found segformer_model-BConcave+gConvex+4100_flipped.mp4), skipping video processing...
2025-07-16 19:30:48,157 - INFO - VanillaSegmentationSaver initialized with output dir: /home/projects/bagon/andreyg/Projects/Object_reps_neural/Programming/hugging_face/model_experiments/segformer/exp2TTC/processed_videos/segformer_model-BConcave+gConvex+4100_flipped/org_segmentation
2025-07-16 19:30:48,160 - INFO - All collision results already exist for BConcave+gConvex+4100_flipped
2025-07-16 19:30:48,160 - DEBUG - Loaded collision time for BConcave+gConvex+4100_flipped at IoU 0.05: nan
2025-07-16 19:30:48,161 - DEBUG - Loaded collision time for BConcave+gConvex+4100_flipped at IoU 0.1: nan
2025-07-16 19:30:48,161 - DEBUG - Loaded collision time for BConcave+gConvex+4100_flipped at IoU 0.15: nan
2025-07-16 19:30:48,161 - DEBUG - Loaded collision time for BConcave+gConvex+4100_flipped at IoU 0.2: nan
2025-07-16 19:30:48,161 - DEBUG - Loaded collision time for BConcave+gConvex+4100_flipped at IoU 0.25: nan
2025-07-16 19:30:48,161 - DEBUG - Loaded collision time for BConcave+gConvex+4100_flipped at IoU 0.3: nan
2025-07-16 19:30:48,162 - DEBUG - Loaded collision time for BConcave+gConvex+4100_flipped at IoU 0.35: nan
2025-07-16 19:30:48,162 - DEBUG - Loaded collision time for BConcave+gConvex+4100_flipped at IoU 0.4: nan
2025-07-16 19:30:48,162 - DEBUG - Loaded collision time for BConcave+gConvex+4100_flipped at IoU 0.45: nan
2025-07-16 19:30:48,162 - DEBUG - Loaded collision time for BConcave+gConvex+4100_flipped at IoU 0.5: nan
2025-07-16 19:30:48,163 - DEBUG - Loaded collision time for BConcave+gConvex+4100_flipped at IoU 0.55: nan
2025-07-16 19:30:48,163 - DEBUG - Loaded collision time for BConcave+gConvex+4100_flipped at IoU 0.6: nan
2025-07-16 19:30:48,163 - DEBUG - Loaded collision time for BConcave+gConvex+4100_flipped at IoU 0.65: nan
2025-07-16 19:30:48,163 - DEBUG - Loaded collision time for BConcave+gConvex+4100_flipped at IoU 0.7: nan
2025-07-16 19:30:48,164 - DEBUG - Loaded collision time for BConcave+gConvex+4100_flipped at IoU 0.75: nan
2025-07-16 19:30:48,164 - DEBUG - Loaded collision time for BConcave+gConvex+4100_flipped at IoU 0.8: nan
2025-07-16 19:30:48,164 - DEBUG - Loaded collision time for BConcave+gConvex+4100_flipped at IoU 0.85: nan
2025-07-16 19:30:48,164 - DEBUG - Loaded collision time for BConcave+gConvex+4100_flipped at IoU 0.9: nan
2025-07-16 19:30:48,164 - DEBUG - Loaded collision time for BConcave+gConvex+4100_flipped at IoU 0.95: nan
2025-07-16 19:30:48,165 - INFO - Processing video: BConcave+gConvex+4300
2025-07-16 19:30:48,165 - INFO - Video BConcave+gConvex+4300 already processed (found segformer_model-BConcave+gConvex+4300.mp4), skipping video processing...
2025-07-16 19:30:48,171 - INFO - VanillaSegmentationSaver initialized with output dir: /home/projects/bagon/andreyg/Projects/Object_reps_neural/Programming/hugging_face/model_experiments/segformer/exp2TTC/processed_videos/segformer_model-BConcave+gConvex+4300/org_segmentation
2025-07-16 19:30:48,174 - INFO - All collision results already exist for BConcave+gConvex+4300
2025-07-16 19:30:48,174 - DEBUG - Loaded collision time for BConcave+gConvex+4300 at IoU 0.05: 4483.333333333333
2025-07-16 19:30:48,174 - DEBUG - Loaded collision time for BConcave+gConvex+4300 at IoU 0.1: 4683.333333333334
2025-07-16 19:30:48,174 - DEBUG - Loaded collision time for BConcave+gConvex+4300 at IoU 0.15: 4816.666666666666
2025-07-16 19:30:48,175 - DEBUG - Loaded collision time for BConcave+gConvex+4300 at IoU 0.2: nan
2025-07-16 19:30:48,175 - DEBUG - Loaded collision time for BConcave+gConvex+4300 at IoU 0.25: nan
2025-07-16 19:30:48,175 - DEBUG - Loaded collision time for BConcave+gConvex+4300 at IoU 0.3: nan
2025-07-16 19:30:48,176 - DEBUG - Loaded collision time for BConcave+gConvex+4300 at IoU 0.35: nan
2025-07-16 19:30:48,176 - DEBUG - Loaded collision time for BConcave+gConvex+4300 at IoU 0.4: nan
2025-07-16 19:30:48,176 - DEBUG - Loaded collision time for BConcave+gConvex+4300 at IoU 0.45: nan
2025-07-16 19:30:48,176 - DEBUG - Loaded collision time for BConcave+gConvex+4300 at IoU 0.5: nan
2025-07-16 19:30:48,176 - DEBUG - Loaded collision time for BConcave+gConvex+4300 at IoU 0.55: nan
2025-07-16 19:30:48,177 - DEBUG - Loaded collision time for BConcave+gConvex+4300 at IoU 0.6: nan
2025-07-16 19:30:48,177 - DEBUG - Loaded collision time for BConcave+gConvex+4300 at IoU 0.65: nan
2025-07-16 19:30:48,177 - DEBUG - Loaded collision time for BConcave+gConvex+4300 at IoU 0.7: nan
2025-07-16 19:30:48,177 - DEBUG - Loaded collision time for BConcave+gConvex+4300 at IoU 0.75: nan
2025-07-16 19:30:48,178 - DEBUG - Loaded collision time for BConcave+gConvex+4300 at IoU 0.8: nan
2025-07-16 19:30:48,178 - DEBUG - Loaded collision time for BConcave+gConvex+4300 at IoU 0.85: nan
2025-07-16 19:30:48,178 - DEBUG - Loaded collision time for BConcave+gConvex+4300 at IoU 0.9: nan
2025-07-16 19:30:48,178 - DEBUG - Loaded collision time for BConcave+gConvex+4300 at IoU 0.95: nan
2025-07-16 19:30:48,178 - INFO - Processing video: BConcave+gConvex+4500_flipped
2025-07-16 19:30:48,179 - INFO - Video BConcave+gConvex+4500_flipped already processed (found segformer_model-BConcave+gConvex+4500_flipped.mp4), skipping video processing...
2025-07-16 19:30:48,185 - INFO - VanillaSegmentationSaver initialized with output dir: /home/projects/bagon/andreyg/Projects/Object_reps_neural/Programming/hugging_face/model_experiments/segformer/exp2TTC/processed_videos/segformer_model-BConcave+gConvex+4500_flipped/org_segmentation
2025-07-16 19:30:48,188 - INFO - All collision results already exist for BConcave+gConvex+4500_flipped
2025-07-16 19:30:48,188 - DEBUG - Loaded collision time for BConcave+gConvex+4500_flipped at IoU 0.05: 3500.0
2025-07-16 19:30:48,188 - DEBUG - Loaded collision time for BConcave+gConvex+4500_flipped at IoU 0.1: 5433.333333333334
2025-07-16 19:30:48,188 - DEBUG - Loaded collision time for BConcave+gConvex+4500_flipped at IoU 0.15: nan
2025-07-16 19:30:48,189 - DEBUG - Loaded collision time for BConcave+gConvex+4500_flipped at IoU 0.2: nan
2025-07-16 19:30:48,189 - DEBUG - Loaded collision time for BConcave+gConvex+4500_flipped at IoU 0.25: nan
2025-07-16 19:30:48,189 - DEBUG - Loaded collision time for BConcave+gConvex+4500_flipped at IoU 0.3: nan
2025-07-16 19:30:48,189 - DEBUG - Loaded collision time for BConcave+gConvex+4500_flipped at IoU 0.35: nan
2025-07-16 19:30:48,189 - DEBUG - Loaded collision time for BConcave+gConvex+4500_flipped at IoU 0.4: nan
2025-07-16 19:30:48,190 - DEBUG - Loaded collision time for BConcave+gConvex+4500_flipped at IoU 0.45: nan
2025-07-16 19:30:48,190 - DEBUG - Loaded collision time for BConcave+gConvex+4500_flipped at IoU 0.5: nan
2025-07-16 19:30:48,190 - DEBUG - Loaded collision time for BConcave+gConvex+4500_flipped at IoU 0.55: nan
2025-07-16 19:30:48,191 - DEBUG - Loaded collision time for BConcave+gConvex+4500_flipped at IoU 0.6: nan
2025-07-16 19:30:48,191 - DEBUG - Loaded collision time for BConcave+gConvex+4500_flipped at IoU 0.65: nan
2025-07-16 19:30:48,191 - DEBUG - Loaded collision time for BConcave+gConvex+4500_flipped at IoU 0.7: nan
2025-07-16 19:30:48,191 - DEBUG - Loaded collision time for BConcave+gConvex+4500_flipped at IoU 0.75: nan
2025-07-16 19:30:48,192 - DEBUG - Loaded collision time for BConcave+gConvex+4500_flipped at IoU 0.8: nan
2025-07-16 19:30:48,192 - DEBUG - Loaded collision time for BConcave+gConvex+4500_flipped at IoU 0.85: nan
2025-07-16 19:30:48,192 - DEBUG - Loaded collision time for BConcave+gConvex+4500_flipped at IoU 0.9: nan
2025-07-16 19:30:48,192 - DEBUG - Loaded collision time for BConcave+gConvex+4500_flipped at IoU 0.95: nan
2025-07-16 19:30:48,192 - INFO - Processing video: BConcave+hConcave+3500_flipped
2025-07-16 19:30:48,193 - INFO - Video BConcave+hConcave+3500_flipped already processed (found segformer_model-BConcave+hConcave+3500_flipped.mp4), skipping video processing...
2025-07-16 19:30:48,199 - INFO - VanillaSegmentationSaver initialized with output dir: /home/projects/bagon/andreyg/Projects/Object_reps_neural/Programming/hugging_face/model_experiments/segformer/exp2TTC/processed_videos/segformer_model-BConcave+hConcave+3500_flipped/org_segmentation
2025-07-16 19:30:48,201 - INFO - All collision results already exist for BConcave+hConcave+3500_flipped
2025-07-16 19:30:48,201 - DEBUG - Loaded collision time for BConcave+hConcave+3500_flipped at IoU 0.05: 3983.3333333333335
2025-07-16 19:30:48,202 - DEBUG - Loaded collision time for BConcave+hConcave+3500_flipped at IoU 0.1: 4066.6666666666665
2025-07-16 19:30:48,202 - DEBUG - Loaded collision time for BConcave+hConcave+3500_flipped at IoU 0.15: 4150.0
2025-07-16 19:30:48,202 - DEBUG - Loaded collision time for BConcave+hConcave+3500_flipped at IoU 0.2: 4316.666666666666
2025-07-16 19:30:48,202 - DEBUG - Loaded collision time for BConcave+hConcave+3500_flipped at IoU 0.25: nan
2025-07-16 19:30:48,202 - DEBUG - Loaded collision time for BConcave+hConcave+3500_flipped at IoU 0.3: nan
2025-07-16 19:30:48,203 - DEBUG - Loaded collision time for BConcave+hConcave+3500_flipped at IoU 0.35: nan
2025-07-16 19:30:48,203 - DEBUG - Loaded collision time for BConcave+hConcave+3500_flipped at IoU 0.4: nan
2025-07-16 19:30:48,203 - DEBUG - Loaded collision time for BConcave+hConcave+3500_flipped at IoU 0.45: nan
2025-07-16 19:30:48,203 - DEBUG - Loaded collision time for BConcave+hConcave+3500_flipped at IoU 0.5: nan
2025-07-16 19:30:48,203 - DEBUG - Loaded collision time for BConcave+hConcave+3500_flipped at IoU 0.55: nan
2025-07-16 19:30:48,204 - DEBUG - Loaded collision time for BConcave+hConcave+3500_flipped at IoU 0.6: nan
2025-07-16 19:30:48,204 - DEBUG - Loaded collision time for BConcave+hConcave+3500_flipped at IoU 0.65: nan
2025-07-16 19:30:48,204 - DEBUG - Loaded collision time for BConcave+hConcave+3500_flipped at IoU 0.7: nan
2025-07-16 19:30:48,204 - DEBUG - Loaded collision time for BConcave+hConcave+3500_flipped at IoU 0.75: nan
2025-07-16 19:30:48,205 - DEBUG - Loaded collision time for BConcave+hConcave+3500_flipped at IoU 0.8: nan
2025-07-16 19:30:48,205 - DEBUG - Loaded collision time for BConcave+hConcave+3500_flipped at IoU 0.85: nan
2025-07-16 19:30:48,205 - DEBUG - Loaded collision time for BConcave+hConcave+3500_flipped at IoU 0.9: nan
2025-07-16 19:30:48,205 - DEBUG - Loaded collision time for BConcave+hConcave+3500_flipped at IoU 0.95: nan
2025-07-16 19:30:48,205 - INFO - Processing video: BConcave+hConcave+3700
2025-07-16 19:30:48,206 - INFO - Video BConcave+hConcave+3700 already processed (found segformer_model-BConcave+hConcave+3700.mp4), skipping video processing...
2025-07-16 19:30:48,212 - INFO - VanillaSegmentationSaver initialized with output dir: /home/projects/bagon/andreyg/Projects/Object_reps_neural/Programming/hugging_face/model_experiments/segformer/exp2TTC/processed_videos/segformer_model-BConcave+hConcave+3700/org_segmentation
2025-07-16 19:30:48,214 - INFO - All collision results already exist for BConcave+hConcave+3700
2025-07-16 19:30:48,215 - DEBUG - Loaded collision time for BConcave+hConcave+3700 at IoU 0.05: 4083.333333333333
2025-07-16 19:30:48,215 - DEBUG - Loaded collision time for BConcave+hConcave+3700 at IoU 0.1: 4250.0
2025-07-16 19:30:48,215 - DEBUG - Loaded collision time for BConcave+hConcave+3700 at IoU 0.15: 4366.666666666666
2025-07-16 19:30:48,215 - DEBUG - Loaded collision time for BConcave+hConcave+3700 at IoU 0.2: 4466.666666666667
2025-07-16 19:30:48,216 - DEBUG - Loaded collision time for BConcave+hConcave+3700 at IoU 0.25: 4550.0
2025-07-16 19:30:48,216 - DEBUG - Loaded collision time for BConcave+hConcave+3700 at IoU 0.3: 4666.666666666667
2025-07-16 19:30:48,216 - DEBUG - Loaded collision time for BConcave+hConcave+3700 at IoU 0.35: nan
2025-07-16 19:30:48,216 - DEBUG - Loaded collision time for BConcave+hConcave+3700 at IoU 0.4: nan
2025-07-16 19:30:48,216 - DEBUG - Loaded collision time for BConcave+hConcave+3700 at IoU 0.45: nan
2025-07-16 19:30:48,217 - DEBUG - Loaded collision time for BConcave+hConcave+3700 at IoU 0.5: nan
2025-07-16 19:30:48,217 - DEBUG - Loaded collision time for BConcave+hConcave+3700 at IoU 0.55: nan
2025-07-16 19:30:48,217 - DEBUG - Loaded collision time for BConcave+hConcave+3700 at IoU 0.6: nan
2025-07-16 19:30:48,217 - DEBUG - Loaded collision time for BConcave+hConcave+3700 at IoU 0.65: nan
2025-07-16 19:30:48,218 - DEBUG - Loaded collision time for BConcave+hConcave+3700 at IoU 0.7: nan
2025-07-16 19:30:48,218 - DEBUG - Loaded collision time for BConcave+hConcave+3700 at IoU 0.75: nan
2025-07-16 19:30:48,218 - DEBUG - Loaded collision time for BConcave+hConcave+3700 at IoU 0.8: nan
2025-07-16 19:30:48,218 - DEBUG - Loaded collision time for BConcave+hConcave+3700 at IoU 0.85: nan
2025-07-16 19:30:48,219 - DEBUG - Loaded collision time for BConcave+hConcave+3700 at IoU 0.9: nan
2025-07-16 19:30:48,219 - DEBUG - Loaded collision time for BConcave+hConcave+3700 at IoU 0.95: nan
2025-07-16 19:30:48,219 - INFO - Processing video: BConcave+hConcave+3900_flipped
2025-07-16 19:30:48,219 - INFO - Video BConcave+hConcave+3900_flipped already processed (found segformer_model-BConcave+hConcave+3900_flipped.mp4), skipping video processing...
2025-07-16 19:30:48,225 - INFO - VanillaSegmentationSaver initialized with output dir: /home/projects/bagon/andreyg/Projects/Object_reps_neural/Programming/hugging_face/model_experiments/segformer/exp2TTC/processed_videos/segformer_model-BConcave+hConcave+3900_flipped/org_segmentation
2025-07-16 19:30:48,228 - INFO - All collision results already exist for BConcave+hConcave+3900_flipped
2025-07-16 19:30:48,229 - DEBUG - Loaded collision time for BConcave+hConcave+3900_flipped at IoU 0.05: 4250.0
2025-07-16 19:30:48,229 - DEBUG - Loaded collision time for BConcave+hConcave+3900_flipped at IoU 0.1: 4383.333333333334
2025-07-16 19:30:48,229 - DEBUG - Loaded collision time for BConcave+hConcave+3900_flipped at IoU 0.15: 4466.666666666667
2025-07-16 19:30:48,229 - DEBUG - Loaded collision time for BConcave+hConcave+3900_flipped at IoU 0.2: 4550.0
2025-07-16 19:30:48,230 - DEBUG - Loaded collision time for BConcave+hConcave+3900_flipped at IoU 0.25: 4633.333333333334
2025-07-16 19:30:48,230 - DEBUG - Loaded collision time for BConcave+hConcave+3900_flipped at IoU 0.3: 4816.666666666666
2025-07-16 19:30:48,230 - DEBUG - Loaded collision time for BConcave+hConcave+3900_flipped at IoU 0.35: nan
2025-07-16 19:30:48,230 - DEBUG - Loaded collision time for BConcave+hConcave+3900_flipped at IoU 0.4: nan
2025-07-16 19:30:48,231 - DEBUG - Loaded collision time for BConcave+hConcave+3900_flipped at IoU 0.45: nan
2025-07-16 19:30:48,231 - DEBUG - Loaded collision time for BConcave+hConcave+3900_flipped at IoU 0.5: nan
2025-07-16 19:30:48,231 - DEBUG - Loaded collision time for BConcave+hConcave+3900_flipped at IoU 0.55: nan
2025-07-16 19:30:48,231 - DEBUG - Loaded collision time for BConcave+hConcave+3900_flipped at IoU 0.6: nan
2025-07-16 19:30:48,232 - DEBUG - Loaded collision time for BConcave+hConcave+3900_flipped at IoU 0.65: nan
2025-07-16 19:30:48,232 - DEBUG - Loaded collision time for BConcave+hConcave+3900_flipped at IoU 0.7: nan
2025-07-16 19:30:48,232 - DEBUG - Loaded collision time for BConcave+hConcave+3900_flipped at IoU 0.75: nan
2025-07-16 19:30:48,232 - DEBUG - Loaded collision time for BConcave+hConcave+3900_flipped at IoU 0.8: nan
2025-07-16 19:30:48,232 - DEBUG - Loaded collision time for BConcave+hConcave+3900_flipped at IoU 0.85: nan
2025-07-16 19:30:48,233 - DEBUG - Loaded collision time for BConcave+hConcave+3900_flipped at IoU 0.9: nan
2025-07-16 19:30:48,233 - DEBUG - Loaded collision time for BConcave+hConcave+3900_flipped at IoU 0.95: nan
2025-07-16 19:30:48,233 - INFO - Processing video: BConcave+hConcave+4100
2025-07-16 19:30:48,233 - INFO - Video BConcave+hConcave+4100 already processed (found segformer_model-BConcave+hConcave+4100.mp4), skipping video processing...
2025-07-16 19:30:48,239 - INFO - VanillaSegmentationSaver initialized with output dir: /home/projects/bagon/andreyg/Projects/Object_reps_neural/Programming/hugging_face/model_experiments/segformer/exp2TTC/processed_videos/segformer_model-BConcave+hConcave+4100/org_segmentation
2025-07-16 19:30:48,242 - INFO - All collision results already exist for BConcave+hConcave+4100
2025-07-16 19:30:48,243 - DEBUG - Loaded collision time for BConcave+hConcave+4100 at IoU 0.05: nan
2025-07-16 19:30:48,244 - DEBUG - Loaded collision time for BConcave+hConcave+4100 at IoU 0.1: nan
2025-07-16 19:30:48,244 - DEBUG - Loaded collision time for BConcave+hConcave+4100 at IoU 0.15: nan
2025-07-16 19:30:48,244 - DEBUG - Loaded collision time for BConcave+hConcave+4100 at IoU 0.2: nan
2025-07-16 19:30:48,244 - DEBUG - Loaded collision time for BConcave+hConcave+4100 at IoU 0.25: nan
2025-07-16 19:30:48,245 - DEBUG - Loaded collision time for BConcave+hConcave+4100 at IoU 0.3: nan
2025-07-16 19:30:48,245 - DEBUG - Loaded collision time for BConcave+hConcave+4100 at IoU 0.35: nan
2025-07-16 19:30:48,245 - DEBUG - Loaded collision time for BConcave+hConcave+4100 at IoU 0.4: nan
2025-07-16 19:30:48,245 - DEBUG - Loaded collision time for BConcave+hConcave+4100 at IoU 0.45: nan
2025-07-16 19:30:48,246 - DEBUG - Loaded collision time for BConcave+hConcave+4100 at IoU 0.5: nan
2025-07-16 19:30:48,246 - DEBUG - Loaded collision time for BConcave+hConcave+4100 at IoU 0.55: nan
2025-07-16 19:30:48,246 - DEBUG - Loaded collision time for BConcave+hConcave+4100 at IoU 0.6: nan
2025-07-16 19:30:48,246 - DEBUG - Loaded collision time for BConcave+hConcave+4100 at IoU 0.65: nan
2025-07-16 19:30:48,247 - DEBUG - Loaded collision time for BConcave+hConcave+4100 at IoU 0.7: nan
2025-07-16 19:30:48,247 - DEBUG - Loaded collision time for BConcave+hConcave+4100 at IoU 0.75: nan
2025-07-16 19:30:48,247 - DEBUG - Loaded collision time for BConcave+hConcave+4100 at IoU 0.8: nan
2025-07-16 19:30:48,248 - DEBUG - Loaded collision time for BConcave+hConcave+4100 at IoU 0.85: nan
2025-07-16 19:30:48,248 - DEBUG - Loaded collision time for BConcave+hConcave+4100 at IoU 0.9: nan
2025-07-16 19:30:48,248 - DEBUG - Loaded collision time for BConcave+hConcave+4100 at IoU 0.95: nan
2025-07-16 19:30:48,248 - INFO - Processing video: BConcave+hConcave+4300_flipped
2025-07-16 19:30:48,249 - INFO - Video BConcave+hConcave+4300_flipped already processed (found segformer_model-BConcave+hConcave+4300_flipped.mp4), skipping video processing...
2025-07-16 19:30:48,255 - INFO - VanillaSegmentationSaver initialized with output dir: /home/projects/bagon/andreyg/Projects/Object_reps_neural/Programming/hugging_face/model_experiments/segformer/exp2TTC/processed_videos/segformer_model-BConcave+hConcave+4300_flipped/org_segmentation
2025-07-16 19:30:48,258 - INFO - All collision results already exist for BConcave+hConcave+4300_flipped
2025-07-16 19:30:48,258 - DEBUG - Loaded collision time for BConcave+hConcave+4300_flipped at IoU 0.05: 4783.333333333333
2025-07-16 19:30:48,259 - DEBUG - Loaded collision time for BConcave+hConcave+4300_flipped at IoU 0.1: 4916.666666666667
2025-07-16 19:30:48,259 - DEBUG - Loaded collision time for BConcave+hConcave+4300_flipped at IoU 0.15: 5050.0
2025-07-16 19:30:48,259 - DEBUG - Loaded collision time for BConcave+hConcave+4300_flipped at IoU 0.2: nan
2025-07-16 19:30:48,260 - DEBUG - Loaded collision time for BConcave+hConcave+4300_flipped at IoU 0.25: nan
2025-07-16 19:30:48,260 - DEBUG - Loaded collision time for BConcave+hConcave+4300_flipped at IoU 0.3: nan
2025-07-16 19:30:48,260 - DEBUG - Loaded collision time for BConcave+hConcave+4300_flipped at IoU 0.35: nan
2025-07-16 19:30:48,260 - DEBUG - Loaded collision time for BConcave+hConcave+4300_flipped at IoU 0.4: nan
2025-07-16 19:30:48,261 - DEBUG - Loaded collision time for BConcave+hConcave+4300_flipped at IoU 0.45: nan
2025-07-16 19:30:48,261 - DEBUG - Loaded collision time for BConcave+hConcave+4300_flipped at IoU 0.5: nan
2025-07-16 19:30:48,261 - DEBUG - Loaded collision time for BConcave+hConcave+4300_flipped at IoU 0.55: nan
2025-07-16 19:30:48,261 - DEBUG - Loaded collision time for BConcave+hConcave+4300_flipped at IoU 0.6: nan
2025-07-16 19:30:48,262 - DEBUG - Loaded collision time for BConcave+hConcave+4300_flipped at IoU 0.65: nan
2025-07-16 19:30:48,262 - DEBUG - Loaded collision time for BConcave+hConcave+4300_flipped at IoU 0.7: nan
2025-07-16 19:30:48,262 - DEBUG - Loaded collision time for BConcave+hConcave+4300_flipped at IoU 0.75: nan
2025-07-16 19:30:48,262 - DEBUG - Loaded collision time for BConcave+hConcave+4300_flipped at IoU 0.8: nan
2025-07-16 19:30:48,263 - DEBUG - Loaded collision time for BConcave+hConcave+4300_flipped at IoU 0.85: nan
2025-07-16 19:30:48,263 - DEBUG - Loaded collision time for BConcave+hConcave+4300_flipped at IoU 0.9: nan
2025-07-16 19:30:48,263 - DEBUG - Loaded collision time for BConcave+hConcave+4300_flipped at IoU 0.95: nan
2025-07-16 19:30:48,263 - INFO - Processing video: BConcave+hConcave+4500
2025-07-16 19:30:48,264 - INFO - Video BConcave+hConcave+4500 already processed (found segformer_model-BConcave+hConcave+4500.mp4), skipping video processing...
2025-07-16 19:30:48,270 - INFO - VanillaSegmentationSaver initialized with output dir: /home/projects/bagon/andreyg/Projects/Object_reps_neural/Programming/hugging_face/model_experiments/segformer/exp2TTC/processed_videos/segformer_model-BConcave+hConcave+4500/org_segmentation
2025-07-16 19:30:48,273 - INFO - All collision results already exist for BConcave+hConcave+4500
2025-07-16 19:30:48,273 - DEBUG - Loaded collision time for BConcave+hConcave+4500 at IoU 0.05: nan
2025-07-16 19:30:48,273 - DEBUG - Loaded collision time for BConcave+hConcave+4500 at IoU 0.1: nan
2025-07-16 19:30:48,274 - DEBUG - Loaded collision time for BConcave+hConcave+4500 at IoU 0.15: nan
2025-07-16 19:30:48,274 - DEBUG - Loaded collision time for BConcave+hConcave+4500 at IoU 0.2: nan
2025-07-16 19:30:48,274 - DEBUG - Loaded collision time for BConcave+hConcave+4500 at IoU 0.25: nan
2025-07-16 19:30:48,274 - DEBUG - Loaded collision time for BConcave+hConcave+4500 at IoU 0.3: nan
2025-07-16 19:30:48,274 - DEBUG - Loaded collision time for BConcave+hConcave+4500 at IoU 0.35: nan
2025-07-16 19:30:48,275 - DEBUG - Loaded collision time for BConcave+hConcave+4500 at IoU 0.4: nan
2025-07-16 19:30:48,275 - DEBUG - Loaded collision time for BConcave+hConcave+4500 at IoU 0.45: nan
2025-07-16 19:30:48,275 - DEBUG - Loaded collision time for BConcave+hConcave+4500 at IoU 0.5: nan
2025-07-16 19:30:48,275 - DEBUG - Loaded collision time for BConcave+hConcave+4500 at IoU 0.55: nan
2025-07-16 19:30:48,276 - DEBUG - Loaded collision time for BConcave+hConcave+4500 at IoU 0.6: nan
2025-07-16 19:30:48,276 - DEBUG - Loaded collision time for BConcave+hConcave+4500 at IoU 0.65: nan
2025-07-16 19:30:48,276 - DEBUG - Loaded collision time for BConcave+hConcave+4500 at IoU 0.7: nan
2025-07-16 19:30:48,277 - DEBUG - Loaded collision time for BConcave+hConcave+4500 at IoU 0.75: nan
2025-07-16 19:30:48,277 - DEBUG - Loaded collision time for BConcave+hConcave+4500 at IoU 0.8: nan
2025-07-16 19:30:48,277 - DEBUG - Loaded collision time for BConcave+hConcave+4500 at IoU 0.85: nan
2025-07-16 19:30:48,278 - DEBUG - Loaded collision time for BConcave+hConcave+4500 at IoU 0.9: nan
2025-07-16 19:30:48,278 - DEBUG - Loaded collision time for BConcave+hConcave+4500 at IoU 0.95: nan
2025-07-16 19:30:48,278 - INFO - Processing video: BConcave+hConvex+3500
2025-07-16 19:30:48,278 - INFO - Video BConcave+hConvex+3500 already processed (found segformer_model-BConcave+hConvex+3500.mp4), skipping video processing...
2025-07-16 19:30:48,285 - INFO - VanillaSegmentationSaver initialized with output dir: /home/projects/bagon/andreyg/Projects/Object_reps_neural/Programming/hugging_face/model_experiments/segformer/exp2TTC/processed_videos/segformer_model-BConcave+hConvex+3500/org_segmentation
2025-07-16 19:30:48,288 - INFO - All collision results already exist for BConcave+hConvex+3500
2025-07-16 19:30:48,288 - DEBUG - Loaded collision time for BConcave+hConvex+3500 at IoU 0.05: 4250.0
2025-07-16 19:30:48,289 - DEBUG - Loaded collision time for BConcave+hConvex+3500 at IoU 0.1: 4400.0
2025-07-16 19:30:48,289 - DEBUG - Loaded collision time for BConcave+hConvex+3500 at IoU 0.15: 4516.666666666667
2025-07-16 19:30:48,289 - DEBUG - Loaded collision time for BConcave+hConvex+3500 at IoU 0.2: 4600.0
2025-07-16 19:30:48,290 - DEBUG - Loaded collision time for BConcave+hConvex+3500 at IoU 0.25: nan
2025-07-16 19:30:48,290 - DEBUG - Loaded collision time for BConcave+hConvex+3500 at IoU 0.3: nan
2025-07-16 19:30:48,290 - DEBUG - Loaded collision time for BConcave+hConvex+3500 at IoU 0.35: nan
2025-07-16 19:30:48,290 - DEBUG - Loaded collision time for BConcave+hConvex+3500 at IoU 0.4: nan
2025-07-16 19:30:48,291 - DEBUG - Loaded collision time for BConcave+hConvex+3500 at IoU 0.45: nan
2025-07-16 19:30:48,291 - DEBUG - Loaded collision time for BConcave+hConvex+3500 at IoU 0.5: nan
2025-07-16 19:30:48,291 - DEBUG - Loaded collision time for BConcave+hConvex+3500 at IoU 0.55: nan
2025-07-16 19:30:48,291 - DEBUG - Loaded collision time for BConcave+hConvex+3500 at IoU 0.6: nan
2025-07-16 19:30:48,292 - DEBUG - Loaded collision time for BConcave+hConvex+3500 at IoU 0.65: nan
2025-07-16 19:30:48,292 - DEBUG - Loaded collision time for BConcave+hConvex+3500 at IoU 0.7: nan
2025-07-16 19:30:48,293 - DEBUG - Loaded collision time for BConcave+hConvex+3500 at IoU 0.75: nan
2025-07-16 19:30:48,293 - DEBUG - Loaded collision time for BConcave+hConvex+3500 at IoU 0.8: nan
2025-07-16 19:30:48,293 - DEBUG - Loaded collision time for BConcave+hConvex+3500 at IoU 0.85: nan
2025-07-16 19:30:48,293 - DEBUG - Loaded collision time for BConcave+hConvex+3500 at IoU 0.9: nan
2025-07-16 19:30:48,294 - DEBUG - Loaded collision time for BConcave+hConvex+3500 at IoU 0.95: nan
2025-07-16 19:30:48,294 - INFO - Processing video: BConcave+hConvex+3700_flipped
2025-07-16 19:30:48,294 - INFO - Video BConcave+hConvex+3700_flipped already processed (found segformer_model-BConcave+hConvex+3700_flipped.mp4), skipping video processing...
2025-07-16 19:30:48,301 - INFO - VanillaSegmentationSaver initialized with output dir: /home/projects/bagon/andreyg/Projects/Object_reps_neural/Programming/hugging_face/model_experiments/segformer/exp2TTC/processed_videos/segformer_model-BConcave+hConvex+3700_flipped/org_segmentation
2025-07-16 19:30:48,305 - INFO - All collision results already exist for BConcave+hConvex+3700_flipped
2025-07-16 19:30:48,305 - DEBUG - Loaded collision time for BConcave+hConvex+3700_flipped at IoU 0.05: 4133.333333333334
2025-07-16 19:30:48,306 - DEBUG - Loaded collision time for BConcave+hConvex+3700_flipped at IoU 0.1: 4416.666666666667
2025-07-16 19:30:48,306 - DEBUG - Loaded collision time for BConcave+hConvex+3700_flipped at IoU 0.15: 4616.666666666666
2025-07-16 19:30:48,306 - DEBUG - Loaded collision time for BConcave+hConvex+3700_flipped at IoU 0.2: 4766.666666666667
2025-07-16 19:30:48,307 - DEBUG - Loaded collision time for BConcave+hConvex+3700_flipped at IoU 0.25: 4916.666666666667
2025-07-16 19:30:48,307 - DEBUG - Loaded collision time for BConcave+hConvex+3700_flipped at IoU 0.3: nan
2025-07-16 19:30:48,307 - DEBUG - Loaded collision time for BConcave+hConvex+3700_flipped at IoU 0.35: nan
2025-07-16 19:30:48,307 - DEBUG - Loaded collision time for BConcave+hConvex+3700_flipped at IoU 0.4: nan
2025-07-16 19:30:48,308 - DEBUG - Loaded collision time for BConcave+hConvex+3700_flipped at IoU 0.45: nan
2025-07-16 19:30:48,308 - DEBUG - Loaded collision time for BConcave+hConvex+3700_flipped at IoU 0.5: nan
2025-07-16 19:30:48,308 - DEBUG - Loaded collision time for BConcave+hConvex+3700_flipped at IoU 0.55: nan
2025-07-16 19:30:48,308 - DEBUG - Loaded collision time for BConcave+hConvex+3700_flipped at IoU 0.6: nan
2025-07-16 19:30:48,309 - DEBUG - Loaded collision time for BConcave+hConvex+3700_flipped at IoU 0.65: nan
2025-07-16 19:30:48,309 - DEBUG - Loaded collision time for BConcave+hConvex+3700_flipped at IoU 0.7: nan
2025-07-16 19:30:48,309 - DEBUG - Loaded collision time for BConcave+hConvex+3700_flipped at IoU 0.75: nan
2025-07-16 19:30:48,309 - DEBUG - Loaded collision time for BConcave+hConvex+3700_flipped at IoU 0.8: nan
2025-07-16 19:30:48,309 - DEBUG - Loaded collision time for BConcave+hConvex+3700_flipped at IoU 0.85: nan
2025-07-16 19:30:48,310 - DEBUG - Loaded collision time for BConcave+hConvex+3700_flipped at IoU 0.9: nan
2025-07-16 19:30:48,310 - DEBUG - Loaded collision time for BConcave+hConvex+3700_flipped at IoU 0.95: nan
2025-07-16 19:30:48,311 - INFO - Processing video: BConcave+hConvex+3900
2025-07-16 19:30:48,311 - INFO - Video BConcave+hConvex+3900 already processed (found segformer_model-BConcave+hConvex+3900.mp4), skipping video processing...
2025-07-16 19:30:48,318 - INFO - VanillaSegmentationSaver initialized with output dir: /home/projects/bagon/andreyg/Projects/Object_reps_neural/Programming/hugging_face/model_experiments/segformer/exp2TTC/processed_videos/segformer_model-BConcave+hConvex+3900/org_segmentation
2025-07-16 19:30:48,323 - INFO - All collision results already exist for BConcave+hConvex+3900
2025-07-16 19:30:48,323 - DEBUG - Loaded collision time for BConcave+hConvex+3900 at IoU 0.05: 4433.333333333334
2025-07-16 19:30:48,323 - DEBUG - Loaded collision time for BConcave+hConvex+3900 at IoU 0.1: 4733.333333333333
2025-07-16 19:30:48,324 - DEBUG - Loaded collision time for BConcave+hConvex+3900 at IoU 0.15: 4900.0
2025-07-16 19:30:48,324 - DEBUG - Loaded collision time for BConcave+hConvex+3900 at IoU 0.2: 5116.666666666666
2025-07-16 19:30:48,324 - DEBUG - Loaded collision time for BConcave+hConvex+3900 at IoU 0.25: nan
2025-07-16 19:30:48,324 - DEBUG - Loaded collision time for BConcave+hConvex+3900 at IoU 0.3: nan
2025-07-16 19:30:48,325 - DEBUG - Loaded collision time for BConcave+hConvex+3900 at IoU 0.35: nan
2025-07-16 19:30:48,325 - DEBUG - Loaded collision time for BConcave+hConvex+3900 at IoU 0.4: nan
2025-07-16 19:30:48,325 - DEBUG - Loaded collision time for BConcave+hConvex+3900 at IoU 0.45: nan
2025-07-16 19:30:48,325 - DEBUG - Loaded collision time for BConcave+hConvex+3900 at IoU 0.5: nan
2025-07-16 19:30:48,326 - DEBUG - Loaded collision time for BConcave+hConvex+3900 at IoU 0.55: nan
2025-07-16 19:30:48,326 - DEBUG - Loaded collision time for BConcave+hConvex+3900 at IoU 0.6: nan
2025-07-16 19:30:48,326 - DEBUG - Loaded collision time for BConcave+hConvex+3900 at IoU 0.65: nan
2025-07-16 19:30:48,326 - DEBUG - Loaded collision time for BConcave+hConvex+3900 at IoU 0.7: nan
2025-07-16 19:30:48,327 - DEBUG - Loaded collision time for BConcave+hConvex+3900 at IoU 0.75: nan
2025-07-16 19:30:48,327 - DEBUG - Loaded collision time for BConcave+hConvex+3900 at IoU 0.8: nan
2025-07-16 19:30:48,327 - DEBUG - Loaded collision time for BConcave+hConvex+3900 at IoU 0.85: nan
2025-07-16 19:30:48,328 - DEBUG - Loaded collision time for BConcave+hConvex+3900 at IoU 0.9: nan
2025-07-16 19:30:48,328 - DEBUG - Loaded collision time for BConcave+hConvex+3900 at IoU 0.95: nan
2025-07-16 19:30:48,328 - INFO - Processing video: BConcave+hConvex+4100_flipped
2025-07-16 19:30:48,329 - INFO - Video BConcave+hConvex+4100_flipped already processed (found segformer_model-BConcave+hConvex+4100_flipped.mp4), skipping video processing...
2025-07-16 19:30:48,336 - INFO - VanillaSegmentationSaver initialized with output dir: /home/projects/bagon/andreyg/Projects/Object_reps_neural/Programming/hugging_face/model_experiments/segformer/exp2TTC/processed_videos/segformer_model-BConcave+hConvex+4100_flipped/org_segmentation
2025-07-16 19:30:48,339 - INFO - All collision results already exist for BConcave+hConvex+4100_flipped
2025-07-16 19:30:48,340 - DEBUG - Loaded collision time for BConcave+hConvex+4100_flipped at IoU 0.05: 4650.0
2025-07-16 19:30:48,340 - DEBUG - Loaded collision time for BConcave+hConvex+4100_flipped at IoU 0.1: 4833.333333333333
2025-07-16 19:30:48,340 - DEBUG - Loaded collision time for BConcave+hConvex+4100_flipped at IoU 0.15: 5000.0
2025-07-16 19:30:48,340 - DEBUG - Loaded collision time for BConcave+hConvex+4100_flipped at IoU 0.2: 5183.333333333334
2025-07-16 19:30:48,341 - DEBUG - Loaded collision time for BConcave+hConvex+4100_flipped at IoU 0.25: 5383.333333333334
2025-07-16 19:30:48,341 - DEBUG - Loaded collision time for BConcave+hConvex+4100_flipped at IoU 0.3: nan
2025-07-16 19:30:48,341 - DEBUG - Loaded collision time for BConcave+hConvex+4100_flipped at IoU 0.35: nan
2025-07-16 19:30:48,341 - DEBUG - Loaded collision time for BConcave+hConvex+4100_flipped at IoU 0.4: nan
2025-07-16 19:30:48,342 - DEBUG - Loaded collision time for BConcave+hConvex+4100_flipped at IoU 0.45: nan
2025-07-16 19:30:48,342 - DEBUG - Loaded collision time for BConcave+hConvex+4100_flipped at IoU 0.5: nan
2025-07-16 19:30:48,342 - DEBUG - Loaded collision time for BConcave+hConvex+4100_flipped at IoU 0.55: nan
2025-07-16 19:30:48,342 - DEBUG - Loaded collision time for BConcave+hConvex+4100_flipped at IoU 0.6: nan
2025-07-16 19:30:48,343 - DEBUG - Loaded collision time for BConcave+hConvex+4100_flipped at IoU 0.65: nan
2025-07-16 19:30:48,343 - DEBUG - Loaded collision time for BConcave+hConvex+4100_flipped at IoU 0.7: nan
2025-07-16 19:30:48,343 - DEBUG - Loaded collision time for BConcave+hConvex+4100_flipped at IoU 0.75: nan
2025-07-16 19:30:48,343 - DEBUG - Loaded collision time for BConcave+hConvex+4100_flipped at IoU 0.8: nan
2025-07-16 19:30:48,344 - DEBUG - Loaded collision time for BConcave+hConvex+4100_flipped at IoU 0.85: nan
2025-07-16 19:30:48,344 - DEBUG - Loaded collision time for BConcave+hConvex+4100_flipped at IoU 0.9: nan
2025-07-16 19:30:48,344 - DEBUG - Loaded collision time for BConcave+hConvex+4100_flipped at IoU 0.95: nan
2025-07-16 19:30:48,344 - INFO - Processing video: BConcave+hConvex+4300
2025-07-16 19:30:48,345 - INFO - Video BConcave+hConvex+4300 already processed (found segformer_model-BConcave+hConvex+4300.mp4), skipping video processing...
2025-07-16 19:30:48,351 - INFO - VanillaSegmentationSaver initialized with output dir: /home/projects/bagon/andreyg/Projects/Object_reps_neural/Programming/hugging_face/model_experiments/segformer/exp2TTC/processed_videos/segformer_model-BConcave+hConvex+4300/org_segmentation
2025-07-16 19:30:48,355 - INFO - All collision results already exist for BConcave+hConvex+4300
2025-07-16 19:30:48,355 - DEBUG - Loaded collision time for BConcave+hConvex+4300 at IoU 0.05: nan
2025-07-16 19:30:48,356 - DEBUG - Loaded collision time for BConcave+hConvex+4300 at IoU 0.1: nan
2025-07-16 19:30:48,356 - DEBUG - Loaded collision time for BConcave+hConvex+4300 at IoU 0.15: nan
2025-07-16 19:30:48,356 - DEBUG - Loaded collision time for BConcave+hConvex+4300 at IoU 0.2: nan
2025-07-16 19:30:48,356 - DEBUG - Loaded collision time for BConcave+hConvex+4300 at IoU 0.25: nan
2025-07-16 19:30:48,356 - DEBUG - Loaded collision time for BConcave+hConvex+4300 at IoU 0.3: nan
2025-07-16 19:30:48,357 - DEBUG - Loaded collision time for BConcave+hConvex+4300 at IoU 0.35: nan
2025-07-16 19:30:48,357 - DEBUG - Loaded collision time for BConcave+hConvex+4300 at IoU 0.4: nan
2025-07-16 19:30:48,358 - DEBUG - Loaded collision time for BConcave+hConvex+4300 at IoU 0.45: nan
2025-07-16 19:30:48,358 - DEBUG - Loaded collision time for BConcave+hConvex+4300 at IoU 0.5: nan
2025-07-16 19:30:48,358 - DEBUG - Loaded collision time for BConcave+hConvex+4300 at IoU 0.55: nan
2025-07-16 19:30:48,359 - DEBUG - Loaded collision time for BConcave+hConvex+4300 at IoU 0.6: nan
2025-07-16 19:30:48,359 - DEBUG - Loaded collision time for BConcave+hConvex+4300 at IoU 0.65: nan
2025-07-16 19:30:48,359 - DEBUG - Loaded collision time for BConcave+hConvex+4300 at IoU 0.7: nan
2025-07-16 19:30:48,360 - DEBUG - Loaded collision time for BConcave+hConvex+4300 at IoU 0.75: nan
2025-07-16 19:30:48,360 - DEBUG - Loaded collision time for BConcave+hConvex+4300 at IoU 0.8: nan
2025-07-16 19:30:48,360 - DEBUG - Loaded collision time for BConcave+hConvex+4300 at IoU 0.85: nan
2025-07-16 19:30:48,360 - DEBUG - Loaded collision time for BConcave+hConvex+4300 at IoU 0.9: nan
2025-07-16 19:30:48,361 - DEBUG - Loaded collision time for BConcave+hConvex+4300 at IoU 0.95: nan
2025-07-16 19:30:48,361 - INFO - Processing video: BConcave+hConvex+4500_flipped
2025-07-16 19:30:48,361 - INFO - Video BConcave+hConvex+4500_flipped already processed (found segformer_model-BConcave+hConvex+4500_flipped.mp4), skipping video processing...
2025-07-16 19:30:48,368 - INFO - VanillaSegmentationSaver initialized with output dir: /home/projects/bagon/andreyg/Projects/Object_reps_neural/Programming/hugging_face/model_experiments/segformer/exp2TTC/processed_videos/segformer_model-BConcave+hConvex+4500_flipped/org_segmentation
2025-07-16 19:30:48,372 - INFO - All collision results already exist for BConcave+hConvex+4500_flipped
2025-07-16 19:30:48,373 - DEBUG - Loaded collision time for BConcave+hConvex+4500_flipped at IoU 0.05: 5000.0
2025-07-16 19:30:48,373 - DEBUG - Loaded collision time for BConcave+hConvex+4500_flipped at IoU 0.1: 5183.333333333334
2025-07-16 19:30:48,373 - DEBUG - Loaded collision time for BConcave+hConvex+4500_flipped at IoU 0.15: 5366.666666666666
2025-07-16 19:30:48,374 - DEBUG - Loaded collision time for BConcave+hConvex+4500_flipped at IoU 0.2: nan
2025-07-16 19:30:48,374 - DEBUG - Loaded collision time for BConcave+hConvex+4500_flipped at IoU 0.25: nan
2025-07-16 19:30:48,375 - DEBUG - Loaded collision time for BConcave+hConvex+4500_flipped at IoU 0.3: nan
2025-07-16 19:30:48,375 - DEBUG - Loaded collision time for BConcave+hConvex+4500_flipped at IoU 0.35: nan
2025-07-16 19:30:48,375 - DEBUG - Loaded collision time for BConcave+hConvex+4500_flipped at IoU 0.4: nan
2025-07-16 19:30:48,376 - DEBUG - Loaded collision time for BConcave+hConvex+4500_flipped at IoU 0.45: nan
2025-07-16 19:30:48,376 - DEBUG - Loaded collision time for BConcave+hConvex+4500_flipped at IoU 0.5: nan
2025-07-16 19:30:48,376 - DEBUG - Loaded collision time for BConcave+hConvex+4500_flipped at IoU 0.55: nan
2025-07-16 19:30:48,376 - DEBUG - Loaded collision time for BConcave+hConvex+4500_flipped at IoU 0.6: nan
2025-07-16 19:30:48,377 - DEBUG - Loaded collision time for BConcave+hConvex+4500_flipped at IoU 0.65: nan
2025-07-16 19:30:48,377 - DEBUG - Loaded collision time for BConcave+hConvex+4500_flipped at IoU 0.7: nan
2025-07-16 19:30:48,377 - DEBUG - Loaded collision time for BConcave+hConvex+4500_flipped at IoU 0.75: nan
2025-07-16 19:30:48,378 - DEBUG - Loaded collision time for BConcave+hConvex+4500_flipped at IoU 0.8: nan
2025-07-16 19:30:48,378 - DEBUG - Loaded collision time for BConcave+hConvex+4500_flipped at IoU 0.85: nan
2025-07-16 19:30:48,378 - DEBUG - Loaded collision time for BConcave+hConvex+4500_flipped at IoU 0.9: nan
2025-07-16 19:30:48,378 - DEBUG - Loaded collision time for BConcave+hConvex+4500_flipped at IoU 0.95: nan
2025-07-16 19:30:48,378 - INFO - Processing video: squareA+squareP+4433+L
2025-07-16 19:30:48,379 - INFO - Video squareA+squareP+4433+L already processed (found segformer_model-squareA+squareP+4433+L.mp4), skipping video processing...
2025-07-16 19:30:48,386 - INFO - VanillaSegmentationSaver initialized with output dir: /home/projects/bagon/andreyg/Projects/Object_reps_neural/Programming/hugging_face/model_experiments/segformer/exp2TTC/processed_videos/segformer_model-squareA+squareP+4433+L/org_segmentation
2025-07-16 19:30:48,390 - INFO - All collision results already exist for squareA+squareP+4433+L
2025-07-16 19:30:48,390 - DEBUG - Loaded collision time for squareA+squareP+4433+L at IoU 0.05: 4566.666666666666
2025-07-16 19:30:48,391 - DEBUG - Loaded collision time for squareA+squareP+4433+L at IoU 0.1: 4616.666666666666
2025-07-16 19:30:48,391 - DEBUG - Loaded collision time for squareA+squareP+4433+L at IoU 0.15: 4733.333333333333
2025-07-16 19:30:48,392 - DEBUG - Loaded collision time for squareA+squareP+4433+L at IoU 0.2: 4766.666666666667
2025-07-16 19:30:48,392 - DEBUG - Loaded collision time for squareA+squareP+4433+L at IoU 0.25: 4833.333333333333
2025-07-16 19:30:48,392 - DEBUG - Loaded collision time for squareA+squareP+4433+L at IoU 0.3: 4866.666666666666
2025-07-16 19:30:48,392 - DEBUG - Loaded collision time for squareA+squareP+4433+L at IoU 0.35: 4950.0
2025-07-16 19:30:48,393 - DEBUG - Loaded collision time for squareA+squareP+4433+L at IoU 0.4: 5033.333333333333
2025-07-16 19:30:48,393 - DEBUG - Loaded collision time for squareA+squareP+4433+L at IoU 0.45: 5050.0
2025-07-16 19:30:48,393 - DEBUG - Loaded collision time for squareA+squareP+4433+L at IoU 0.5: 5116.666666666666
2025-07-16 19:30:48,393 - DEBUG - Loaded collision time for squareA+squareP+4433+L at IoU 0.55: 5133.333333333334
2025-07-16 19:30:48,394 - DEBUG - Loaded collision time for squareA+squareP+4433+L at IoU 0.6: 5216.666666666667
2025-07-16 19:30:48,394 - DEBUG - Loaded collision time for squareA+squareP+4433+L at IoU 0.65: 5216.666666666667
2025-07-16 19:30:48,394 - DEBUG - Loaded collision time for squareA+squareP+4433+L at IoU 0.7: 5233.333333333333
2025-07-16 19:30:48,394 - DEBUG - Loaded collision time for squareA+squareP+4433+L at IoU 0.75: 5283.333333333333
2025-07-16 19:30:48,395 - DEBUG - Loaded collision time for squareA+squareP+4433+L at IoU 0.8: nan
2025-07-16 19:30:48,395 - DEBUG - Loaded collision time for squareA+squareP+4433+L at IoU 0.85: nan
2025-07-16 19:30:48,395 - DEBUG - Loaded collision time for squareA+squareP+4433+L at IoU 0.9: nan
2025-07-16 19:30:48,395 - DEBUG - Loaded collision time for squareA+squareP+4433+L at IoU 0.95: nan
2025-07-16 19:30:48,396 - INFO - Processing video: squareA+squareP+4433+R_flipped
2025-07-16 19:30:48,396 - INFO - Video squareA+squareP+4433+R_flipped already processed (found segformer_model-squareA+squareP+4433+R_flipped.mp4), skipping video processing...
2025-07-16 19:30:48,402 - INFO - VanillaSegmentationSaver initialized with output dir: /home/projects/bagon/andreyg/Projects/Object_reps_neural/Programming/hugging_face/model_experiments/segformer/exp2TTC/processed_videos/segformer_model-squareA+squareP+4433+R_flipped/org_segmentation
2025-07-16 19:30:48,406 - INFO - All collision results already exist for squareA+squareP+4433+R_flipped
2025-07-16 19:30:48,406 - DEBUG - Loaded collision time for squareA+squareP+4433+R_flipped at IoU 0.05: nan
2025-07-16 19:30:48,406 - DEBUG - Loaded collision time for squareA+squareP+4433+R_flipped at IoU 0.1: nan
2025-07-16 19:30:48,406 - DEBUG - Loaded collision time for squareA+squareP+4433+R_flipped at IoU 0.15: nan
2025-07-16 19:30:48,407 - DEBUG - Loaded collision time for squareA+squareP+4433+R_flipped at IoU 0.2: nan
2025-07-16 19:30:48,407 - DEBUG - Loaded collision time for squareA+squareP+4433+R_flipped at IoU 0.25: nan
2025-07-16 19:30:48,407 - DEBUG - Loaded collision time for squareA+squareP+4433+R_flipped at IoU 0.3: nan
2025-07-16 19:30:48,407 - DEBUG - Loaded collision time for squareA+squareP+4433+R_flipped at IoU 0.35: nan
2025-07-16 19:30:48,408 - DEBUG - Loaded collision time for squareA+squareP+4433+R_flipped at IoU 0.4: nan
2025-07-16 19:30:48,408 - DEBUG - Loaded collision time for squareA+squareP+4433+R_flipped at IoU 0.45: nan
2025-07-16 19:30:48,408 - DEBUG - Loaded collision time for squareA+squareP+4433+R_flipped at IoU 0.5: nan
2025-07-16 19:30:48,408 - DEBUG - Loaded collision time for squareA+squareP+4433+R_flipped at IoU 0.55: nan
2025-07-16 19:30:48,409 - DEBUG - Loaded collision time for squareA+squareP+4433+R_flipped at IoU 0.6: nan
2025-07-16 19:30:48,409 - DEBUG - Loaded collision time for squareA+squareP+4433+R_flipped at IoU 0.65: nan
2025-07-16 19:30:48,409 - DEBUG - Loaded collision time for squareA+squareP+4433+R_flipped at IoU 0.7: nan
2025-07-16 19:30:48,409 - DEBUG - Loaded collision time for squareA+squareP+4433+R_flipped at IoU 0.75: nan
2025-07-16 19:30:48,409 - DEBUG - Loaded collision time for squareA+squareP+4433+R_flipped at IoU 0.8: nan
2025-07-16 19:30:48,410 - DEBUG - Loaded collision time for squareA+squareP+4433+R_flipped at IoU 0.85: nan
2025-07-16 19:30:48,410 - DEBUG - Loaded collision time for squareA+squareP+4433+R_flipped at IoU 0.9: nan
2025-07-16 19:30:48,410 - DEBUG - Loaded collision time for squareA+squareP+4433+R_flipped at IoU 0.95: nan
2025-07-16 19:30:48,411 - INFO - Collecting collision data from all videos for analysis...
2025-07-16 19:30:48,411 - DEBUG - Collected collision time for AConcave_FConcave at IoU 0.05: nan
2025-07-16 19:30:48,411 - DEBUG - Collected collision time for AConcave_FConcave at IoU 0.1: nan
2025-07-16 19:30:48,412 - DEBUG - Collected collision time for AConcave_FConcave at IoU 0.15: nan
2025-07-16 19:30:48,412 - DEBUG - Collected collision time for AConcave_FConcave at IoU 0.2: nan
2025-07-16 19:30:48,412 - DEBUG - Collected collision time for AConcave_FConcave at IoU 0.25: nan
2025-07-16 19:30:48,412 - DEBUG - Collected collision time for AConcave_FConcave at IoU 0.3: nan
2025-07-16 19:30:48,413 - DEBUG - Collected collision time for AConcave_FConcave at IoU 0.35: nan
2025-07-16 19:30:48,413 - DEBUG - Collected collision time for AConcave_FConcave at IoU 0.4: nan
2025-07-16 19:30:48,413 - DEBUG - Collected collision time for AConcave_FConcave at IoU 0.45: nan
2025-07-16 19:30:48,413 - DEBUG - Collected collision time for AConcave_FConcave at IoU 0.5: nan
2025-07-16 19:30:48,413 - DEBUG - Collected collision time for AConcave_FConcave at IoU 0.55: nan
2025-07-16 19:30:48,413 - DEBUG - Collected collision time for AConcave_FConcave at IoU 0.6: nan
2025-07-16 19:30:48,414 - DEBUG - Collected collision time for AConcave_FConcave at IoU 0.65: nan
2025-07-16 19:30:48,414 - DEBUG - Collected collision time for AConcave_FConcave at IoU 0.7: nan
2025-07-16 19:30:48,414 - DEBUG - Collected collision time for AConcave_FConcave at IoU 0.75: nan
2025-07-16 19:30:48,414 - DEBUG - Collected collision time for AConcave_FConcave at IoU 0.8: nan
2025-07-16 19:30:48,415 - DEBUG - Collected collision time for AConcave_FConcave at IoU 0.85: nan
2025-07-16 19:30:48,415 - DEBUG - Collected collision time for AConcave_FConcave at IoU 0.9: nan
2025-07-16 19:30:48,415 - DEBUG - Collected collision time for AConcave_FConcave at IoU 0.95: nan
2025-07-16 19:30:48,415 - DEBUG - Collected collision time for BConcave+AConcave+3500 at IoU 0.05: 3716.666666666667
2025-07-16 19:30:48,416 - DEBUG - Collected collision time for BConcave+AConcave+3500 at IoU 0.1: 3783.333333333333
2025-07-16 19:30:48,416 - DEBUG - Collected collision time for BConcave+AConcave+3500 at IoU 0.15: 3833.3333333333335
2025-07-16 19:30:48,416 - DEBUG - Collected collision time for BConcave+AConcave+3500 at IoU 0.2: 3900.0
2025-07-16 19:30:48,416 - DEBUG - Collected collision time for BConcave+AConcave+3500 at IoU 0.25: 3933.333333333333
2025-07-16 19:30:48,417 - DEBUG - Collected collision time for BConcave+AConcave+3500 at IoU 0.3: 4016.6666666666665
2025-07-16 19:30:48,417 - DEBUG - Collected collision time for BConcave+AConcave+3500 at IoU 0.35: nan
2025-07-16 19:30:48,417 - DEBUG - Collected collision time for BConcave+AConcave+3500 at IoU 0.4: nan
2025-07-16 19:30:48,417 - DEBUG - Collected collision time for BConcave+AConcave+3500 at IoU 0.45: nan
2025-07-16 19:30:48,417 - DEBUG - Collected collision time for BConcave+AConcave+3500 at IoU 0.5: nan
2025-07-16 19:30:48,418 - DEBUG - Collected collision time for BConcave+AConcave+3500 at IoU 0.55: nan
2025-07-16 19:30:48,418 - DEBUG - Collected collision time for BConcave+AConcave+3500 at IoU 0.6: nan
2025-07-16 19:30:48,418 - DEBUG - Collected collision time for BConcave+AConcave+3500 at IoU 0.65: nan
2025-07-16 19:30:48,418 - DEBUG - Collected collision time for BConcave+AConcave+3500 at IoU 0.7: nan
2025-07-16 19:30:48,418 - DEBUG - Collected collision time for BConcave+AConcave+3500 at IoU 0.75: nan
2025-07-16 19:30:48,419 - DEBUG - Collected collision time for BConcave+AConcave+3500 at IoU 0.8: nan
2025-07-16 19:30:48,419 - DEBUG - Collected collision time for BConcave+AConcave+3500 at IoU 0.85: nan
2025-07-16 19:30:48,419 - DEBUG - Collected collision time for BConcave+AConcave+3500 at IoU 0.9: nan
2025-07-16 19:30:48,420 - DEBUG - Collected collision time for BConcave+AConcave+3500 at IoU 0.95: nan
2025-07-16 19:30:48,420 - DEBUG - Collected collision time for BConcave+AConcave+3700_flipped at IoU 0.05: nan
2025-07-16 19:30:48,420 - DEBUG - Collected collision time for BConcave+AConcave+3700_flipped at IoU 0.1: nan
2025-07-16 19:30:48,421 - DEBUG - Collected collision time for BConcave+AConcave+3700_flipped at IoU 0.15: nan
2025-07-16 19:30:48,421 - DEBUG - Collected collision time for BConcave+AConcave+3700_flipped at IoU 0.2: nan
2025-07-16 19:30:48,421 - DEBUG - Collected collision time for BConcave+AConcave+3700_flipped at IoU 0.25: nan
2025-07-16 19:30:48,421 - DEBUG - Collected collision time for BConcave+AConcave+3700_flipped at IoU 0.3: nan
2025-07-16 19:30:48,421 - DEBUG - Collected collision time for BConcave+AConcave+3700_flipped at IoU 0.35: nan
2025-07-16 19:30:48,422 - DEBUG - Collected collision time for BConcave+AConcave+3700_flipped at IoU 0.4: nan
2025-07-16 19:30:48,422 - DEBUG - Collected collision time for BConcave+AConcave+3700_flipped at IoU 0.45: nan
2025-07-16 19:30:48,422 - DEBUG - Collected collision time for BConcave+AConcave+3700_flipped at IoU 0.5: nan
2025-07-16 19:30:48,423 - DEBUG - Collected collision time for BConcave+AConcave+3700_flipped at IoU 0.55: nan
2025-07-16 19:30:48,423 - DEBUG - Collected collision time for BConcave+AConcave+3700_flipped at IoU 0.6: nan
2025-07-16 19:30:48,423 - DEBUG - Collected collision time for BConcave+AConcave+3700_flipped at IoU 0.65: nan
2025-07-16 19:30:48,424 - DEBUG - Collected collision time for BConcave+AConcave+3700_flipped at IoU 0.7: nan
2025-07-16 19:30:48,424 - DEBUG - Collected collision time for BConcave+AConcave+3700_flipped at IoU 0.75: nan
2025-07-16 19:30:48,424 - DEBUG - Collected collision time for BConcave+AConcave+3700_flipped at IoU 0.8: nan
2025-07-16 19:30:48,425 - DEBUG - Collected collision time for BConcave+AConcave+3700_flipped at IoU 0.85: nan
2025-07-16 19:30:48,425 - DEBUG - Collected collision time for BConcave+AConcave+3700_flipped at IoU 0.9: nan
2025-07-16 19:30:48,425 - DEBUG - Collected collision time for BConcave+AConcave+3700_flipped at IoU 0.95: nan
2025-07-16 19:30:48,425 - DEBUG - Collected collision time for BConcave+AConcave+3900 at IoU 0.05: 3666.6666666666665
2025-07-16 19:30:48,426 - DEBUG - Collected collision time for BConcave+AConcave+3900 at IoU 0.1: 3816.666666666667
2025-07-16 19:30:48,426 - DEBUG - Collected collision time for BConcave+AConcave+3900 at IoU 0.15: 3950.0
2025-07-16 19:30:48,426 - DEBUG - Collected collision time for BConcave+AConcave+3900 at IoU 0.2: 4116.666666666666
2025-07-16 19:30:48,426 - DEBUG - Collected collision time for BConcave+AConcave+3900 at IoU 0.25: 4266.666666666667
2025-07-16 19:30:48,427 - DEBUG - Collected collision time for BConcave+AConcave+3900 at IoU 0.3: nan
2025-07-16 19:30:48,427 - DEBUG - Collected collision time for BConcave+AConcave+3900 at IoU 0.35: nan
2025-07-16 19:30:48,427 - DEBUG - Collected collision time for BConcave+AConcave+3900 at IoU 0.4: nan
2025-07-16 19:30:48,428 - DEBUG - Collected collision time for BConcave+AConcave+3900 at IoU 0.45: nan
2025-07-16 19:30:48,428 - DEBUG - Collected collision time for BConcave+AConcave+3900 at IoU 0.5: nan
2025-07-16 19:30:48,428 - DEBUG - Collected collision time for BConcave+AConcave+3900 at IoU 0.55: nan
2025-07-16 19:30:48,429 - DEBUG - Collected collision time for BConcave+AConcave+3900 at IoU 0.6: nan
2025-07-16 19:30:48,429 - DEBUG - Collected collision time for BConcave+AConcave+3900 at IoU 0.65: nan
2025-07-16 19:30:48,429 - DEBUG - Collected collision time for BConcave+AConcave+3900 at IoU 0.7: nan
2025-07-16 19:30:48,429 - DEBUG - Collected collision time for BConcave+AConcave+3900 at IoU 0.75: nan
2025-07-16 19:30:48,429 - DEBUG - Collected collision time for BConcave+AConcave+3900 at IoU 0.8: nan
2025-07-16 19:30:48,430 - DEBUG - Collected collision time for BConcave+AConcave+3900 at IoU 0.85: nan
2025-07-16 19:30:48,430 - DEBUG - Collected collision time for BConcave+AConcave+3900 at IoU 0.9: nan
2025-07-16 19:30:48,430 - DEBUG - Collected collision time for BConcave+AConcave+3900 at IoU 0.95: nan
2025-07-16 19:30:48,430 - DEBUG - Collected collision time for BConcave+AConcave+4100_flipped at IoU 0.05: nan
2025-07-16 19:30:48,430 - DEBUG - Collected collision time for BConcave+AConcave+4100_flipped at IoU 0.1: nan
2025-07-16 19:30:48,431 - DEBUG - Collected collision time for BConcave+AConcave+4100_flipped at IoU 0.15: nan
2025-07-16 19:30:48,431 - DEBUG - Collected collision time for BConcave+AConcave+4100_flipped at IoU 0.2: nan
2025-07-16 19:30:48,431 - DEBUG - Collected collision time for BConcave+AConcave+4100_flipped at IoU 0.25: nan
2025-07-16 19:30:48,432 - DEBUG - Collected collision time for BConcave+AConcave+4100_flipped at IoU 0.3: nan
2025-07-16 19:30:48,432 - DEBUG - Collected collision time for BConcave+AConcave+4100_flipped at IoU 0.35: nan
2025-07-16 19:30:48,432 - DEBUG - Collected collision time for BConcave+AConcave+4100_flipped at IoU 0.4: nan
2025-07-16 19:30:48,432 - DEBUG - Collected collision time for BConcave+AConcave+4100_flipped at IoU 0.45: nan
2025-07-16 19:30:48,433 - DEBUG - Collected collision time for BConcave+AConcave+4100_flipped at IoU 0.5: nan
2025-07-16 19:30:48,433 - DEBUG - Collected collision time for BConcave+AConcave+4100_flipped at IoU 0.55: nan
2025-07-16 19:30:48,433 - DEBUG - Collected collision time for BConcave+AConcave+4100_flipped at IoU 0.6: nan
2025-07-16 19:30:48,433 - DEBUG - Collected collision time for BConcave+AConcave+4100_flipped at IoU 0.65: nan
2025-07-16 19:30:48,434 - DEBUG - Collected collision time for BConcave+AConcave+4100_flipped at IoU 0.7: nan
2025-07-16 19:30:48,434 - DEBUG - Collected collision time for BConcave+AConcave+4100_flipped at IoU 0.75: nan
2025-07-16 19:30:48,434 - DEBUG - Collected collision time for BConcave+AConcave+4100_flipped at IoU 0.8: nan
2025-07-16 19:30:48,434 - DEBUG - Collected collision time for BConcave+AConcave+4100_flipped at IoU 0.85: nan
2025-07-16 19:30:48,435 - DEBUG - Collected collision time for BConcave+AConcave+4100_flipped at IoU 0.9: nan
2025-07-16 19:30:48,435 - DEBUG - Collected collision time for BConcave+AConcave+4100_flipped at IoU 0.95: nan
2025-07-16 19:30:48,436 - DEBUG - Collected collision time for BConcave+AConcave+4300 at IoU 0.05: 4500.0
2025-07-16 19:30:48,436 - DEBUG - Collected collision time for BConcave+AConcave+4300 at IoU 0.1: 4550.0
2025-07-16 19:30:48,436 - DEBUG - Collected collision time for BConcave+AConcave+4300 at IoU 0.15: 4600.0
2025-07-16 19:30:48,436 - DEBUG - Collected collision time for BConcave+AConcave+4300 at IoU 0.2: 4650.0
2025-07-16 19:30:48,436 - DEBUG - Collected collision time for BConcave+AConcave+4300 at IoU 0.25: 4683.333333333334
2025-07-16 19:30:48,437 - DEBUG - Collected collision time for BConcave+AConcave+4300 at IoU 0.3: 4733.333333333333
2025-07-16 19:30:48,437 - DEBUG - Collected collision time for BConcave+AConcave+4300 at IoU 0.35: 4800.0
2025-07-16 19:30:48,437 - DEBUG - Collected collision time for BConcave+AConcave+4300 at IoU 0.4: nan
2025-07-16 19:30:48,437 - DEBUG - Collected collision time for BConcave+AConcave+4300 at IoU 0.45: nan
2025-07-16 19:30:48,438 - DEBUG - Collected collision time for BConcave+AConcave+4300 at IoU 0.5: nan
2025-07-16 19:30:48,438 - DEBUG - Collected collision time for BConcave+AConcave+4300 at IoU 0.55: nan
2025-07-16 19:30:48,438 - DEBUG - Collected collision time for BConcave+AConcave+4300 at IoU 0.6: nan
2025-07-16 19:30:48,439 - DEBUG - Collected collision time for BConcave+AConcave+4300 at IoU 0.65: nan
2025-07-16 19:30:48,439 - DEBUG - Collected collision time for BConcave+AConcave+4300 at IoU 0.7: nan
2025-07-16 19:30:48,439 - DEBUG - Collected collision time for BConcave+AConcave+4300 at IoU 0.75: nan
2025-07-16 19:30:48,439 - DEBUG - Collected collision time for BConcave+AConcave+4300 at IoU 0.8: nan
2025-07-16 19:30:48,440 - DEBUG - Collected collision time for BConcave+AConcave+4300 at IoU 0.85: nan
2025-07-16 19:30:48,440 - DEBUG - Collected collision time for BConcave+AConcave+4300 at IoU 0.9: nan
2025-07-16 19:30:48,440 - DEBUG - Collected collision time for BConcave+AConcave+4300 at IoU 0.95: nan
2025-07-16 19:30:48,441 - DEBUG - Collected collision time for BConcave+AConcave+4500_flipped at IoU 0.05: nan
2025-07-16 19:30:48,441 - DEBUG - Collected collision time for BConcave+AConcave+4500_flipped at IoU 0.1: nan
2025-07-16 19:30:48,441 - DEBUG - Collected collision time for BConcave+AConcave+4500_flipped at IoU 0.15: nan
2025-07-16 19:30:48,441 - DEBUG - Collected collision time for BConcave+AConcave+4500_flipped at IoU 0.2: nan
2025-07-16 19:30:48,441 - DEBUG - Collected collision time for BConcave+AConcave+4500_flipped at IoU 0.25: nan
2025-07-16 19:30:48,442 - DEBUG - Collected collision time for BConcave+AConcave+4500_flipped at IoU 0.3: nan
2025-07-16 19:30:48,442 - DEBUG - Collected collision time for BConcave+AConcave+4500_flipped at IoU 0.35: nan
2025-07-16 19:30:48,442 - DEBUG - Collected collision time for BConcave+AConcave+4500_flipped at IoU 0.4: nan
2025-07-16 19:30:48,443 - DEBUG - Collected collision time for BConcave+AConcave+4500_flipped at IoU 0.45: nan
2025-07-16 19:30:48,443 - DEBUG - Collected collision time for BConcave+AConcave+4500_flipped at IoU 0.5: nan
2025-07-16 19:30:48,443 - DEBUG - Collected collision time for BConcave+AConcave+4500_flipped at IoU 0.55: nan
2025-07-16 19:30:48,443 - DEBUG - Collected collision time for BConcave+AConcave+4500_flipped at IoU 0.6: nan
2025-07-16 19:30:48,444 - DEBUG - Collected collision time for BConcave+AConcave+4500_flipped at IoU 0.65: nan
2025-07-16 19:30:48,444 - DEBUG - Collected collision time for BConcave+AConcave+4500_flipped at IoU 0.7: nan
2025-07-16 19:30:48,444 - DEBUG - Collected collision time for BConcave+AConcave+4500_flipped at IoU 0.75: nan
2025-07-16 19:30:48,445 - DEBUG - Collected collision time for BConcave+AConcave+4500_flipped at IoU 0.8: nan
2025-07-16 19:30:48,445 - DEBUG - Collected collision time for BConcave+AConcave+4500_flipped at IoU 0.85: nan
2025-07-16 19:30:48,445 - DEBUG - Collected collision time for BConcave+AConcave+4500_flipped at IoU 0.9: nan
2025-07-16 19:30:48,446 - DEBUG - Collected collision time for BConcave+AConcave+4500_flipped at IoU 0.95: nan
2025-07-16 19:30:48,446 - DEBUG - Collected collision time for BConcave+AConvex+3500_flipped at IoU 0.05: 3766.6666666666665
2025-07-16 19:30:48,446 - DEBUG - Collected collision time for BConcave+AConvex+3500_flipped at IoU 0.1: 3900.0
2025-07-16 19:30:48,446 - DEBUG - Collected collision time for BConcave+AConvex+3500_flipped at IoU 0.15: 4016.6666666666665
2025-07-16 19:30:48,447 - DEBUG - Collected collision time for BConcave+AConvex+3500_flipped at IoU 0.2: 4366.666666666666
2025-07-16 19:30:48,447 - DEBUG - Collected collision time for BConcave+AConvex+3500_flipped at IoU 0.25: 4666.666666666667
2025-07-16 19:30:48,447 - DEBUG - Collected collision time for BConcave+AConvex+3500_flipped at IoU 0.3: 4666.666666666667
2025-07-16 19:30:48,447 - DEBUG - Collected collision time for BConcave+AConvex+3500_flipped at IoU 0.35: 4666.666666666667
2025-07-16 19:30:48,447 - DEBUG - Collected collision time for BConcave+AConvex+3500_flipped at IoU 0.4: 4666.666666666667
2025-07-16 19:30:48,448 - DEBUG - Collected collision time for BConcave+AConvex+3500_flipped at IoU 0.45: 4666.666666666667
2025-07-16 19:30:48,448 - DEBUG - Collected collision time for BConcave+AConvex+3500_flipped at IoU 0.5: 4666.666666666667
2025-07-16 19:30:48,448 - DEBUG - Collected collision time for BConcave+AConvex+3500_flipped at IoU 0.55: nan
2025-07-16 19:30:48,449 - DEBUG - Collected collision time for BConcave+AConvex+3500_flipped at IoU 0.6: nan
2025-07-16 19:30:48,449 - DEBUG - Collected collision time for BConcave+AConvex+3500_flipped at IoU 0.65: nan
2025-07-16 19:30:48,449 - DEBUG - Collected collision time for BConcave+AConvex+3500_flipped at IoU 0.7: nan
2025-07-16 19:30:48,449 - DEBUG - Collected collision time for BConcave+AConvex+3500_flipped at IoU 0.75: nan
2025-07-16 19:30:48,449 - DEBUG - Collected collision time for BConcave+AConvex+3500_flipped at IoU 0.8: nan
2025-07-16 19:30:48,450 - DEBUG - Collected collision time for BConcave+AConvex+3500_flipped at IoU 0.85: nan
2025-07-16 19:30:48,450 - DEBUG - Collected collision time for BConcave+AConvex+3500_flipped at IoU 0.9: nan
2025-07-16 19:30:48,450 - DEBUG - Collected collision time for BConcave+AConvex+3500_flipped at IoU 0.95: nan
2025-07-16 19:30:48,451 - DEBUG - Collected collision time for BConcave+AConvex+3700 at IoU 0.05: 4150.0
2025-07-16 19:30:48,451 - DEBUG - Collected collision time for BConcave+AConvex+3700 at IoU 0.1: nan
2025-07-16 19:30:48,451 - DEBUG - Collected collision time for BConcave+AConvex+3700 at IoU 0.15: nan
2025-07-16 19:30:48,451 - DEBUG - Collected collision time for BConcave+AConvex+3700 at IoU 0.2: nan
2025-07-16 19:30:48,451 - DEBUG - Collected collision time for BConcave+AConvex+3700 at IoU 0.25: nan
2025-07-16 19:30:48,452 - DEBUG - Collected collision time for BConcave+AConvex+3700 at IoU 0.3: nan
2025-07-16 19:30:48,452 - DEBUG - Collected collision time for BConcave+AConvex+3700 at IoU 0.35: nan
2025-07-16 19:30:48,452 - DEBUG - Collected collision time for BConcave+AConvex+3700 at IoU 0.4: nan
2025-07-16 19:30:48,452 - DEBUG - Collected collision time for BConcave+AConvex+3700 at IoU 0.45: nan
2025-07-16 19:30:48,453 - DEBUG - Collected collision time for BConcave+AConvex+3700 at IoU 0.5: nan
2025-07-16 19:30:48,453 - DEBUG - Collected collision time for BConcave+AConvex+3700 at IoU 0.55: nan
2025-07-16 19:30:48,453 - DEBUG - Collected collision time for BConcave+AConvex+3700 at IoU 0.6: nan
2025-07-16 19:30:48,454 - DEBUG - Collected collision time for BConcave+AConvex+3700 at IoU 0.65: nan
2025-07-16 19:30:48,454 - DEBUG - Collected collision time for BConcave+AConvex+3700 at IoU 0.7: nan
2025-07-16 19:30:48,454 - DEBUG - Collected collision time for BConcave+AConvex+3700 at IoU 0.75: nan
2025-07-16 19:30:48,454 - DEBUG - Collected collision time for BConcave+AConvex+3700 at IoU 0.8: nan
2025-07-16 19:30:48,454 - DEBUG - Collected collision time for BConcave+AConvex+3700 at IoU 0.85: nan
2025-07-16 19:30:48,455 - DEBUG - Collected collision time for BConcave+AConvex+3700 at IoU 0.9: nan
2025-07-16 19:30:48,455 - DEBUG - Collected collision time for BConcave+AConvex+3700 at IoU 0.95: nan
2025-07-16 19:30:48,455 - DEBUG - Collected collision time for BConcave+AConvex+3900_flipped at IoU 0.05: nan
2025-07-16 19:30:48,455 - DEBUG - Collected collision time for BConcave+AConvex+3900_flipped at IoU 0.1: nan
2025-07-16 19:30:48,455 - DEBUG - Collected collision time for BConcave+AConvex+3900_flipped at IoU 0.15: nan
2025-07-16 19:30:48,456 - DEBUG - Collected collision time for BConcave+AConvex+3900_flipped at IoU 0.2: nan
2025-07-16 19:30:48,456 - DEBUG - Collected collision time for BConcave+AConvex+3900_flipped at IoU 0.25: nan
2025-07-16 19:30:48,456 - DEBUG - Collected collision time for BConcave+AConvex+3900_flipped at IoU 0.3: nan
2025-07-16 19:30:48,457 - DEBUG - Collected collision time for BConcave+AConvex+3900_flipped at IoU 0.35: nan
2025-07-16 19:30:48,457 - DEBUG - Collected collision time for BConcave+AConvex+3900_flipped at IoU 0.4: nan
2025-07-16 19:30:48,457 - DEBUG - Collected collision time for BConcave+AConvex+3900_flipped at IoU 0.45: nan
2025-07-16 19:30:48,457 - DEBUG - Collected collision time for BConcave+AConvex+3900_flipped at IoU 0.5: nan
2025-07-16 19:30:48,458 - DEBUG - Collected collision time for BConcave+AConvex+3900_flipped at IoU 0.55: nan
2025-07-16 19:30:48,458 - DEBUG - Collected collision time for BConcave+AConvex+3900_flipped at IoU 0.6: nan
2025-07-16 19:30:48,458 - DEBUG - Collected collision time for BConcave+AConvex+3900_flipped at IoU 0.65: nan
2025-07-16 19:30:48,458 - DEBUG - Collected collision time for BConcave+AConvex+3900_flipped at IoU 0.7: nan
2025-07-16 19:30:48,458 - DEBUG - Collected collision time for BConcave+AConvex+3900_flipped at IoU 0.75: nan
2025-07-16 19:30:48,459 - DEBUG - Collected collision time for BConcave+AConvex+3900_flipped at IoU 0.8: nan
2025-07-16 19:30:48,459 - DEBUG - Collected collision time for BConcave+AConvex+3900_flipped at IoU 0.85: nan
2025-07-16 19:30:48,459 - DEBUG - Collected collision time for BConcave+AConvex+3900_flipped at IoU 0.9: nan
2025-07-16 19:30:48,460 - DEBUG - Collected collision time for BConcave+AConvex+3900_flipped at IoU 0.95: nan
2025-07-16 19:30:48,460 - DEBUG - Collected collision time for BConcave+AConvex+4100 at IoU 0.05: 4683.333333333334
2025-07-16 19:30:48,460 - DEBUG - Collected collision time for BConcave+AConvex+4100 at IoU 0.1: 4866.666666666666
2025-07-16 19:30:48,461 - DEBUG - Collected collision time for BConcave+AConvex+4100 at IoU 0.15: 5050.0
2025-07-16 19:30:48,461 - DEBUG - Collected collision time for BConcave+AConvex+4100 at IoU 0.2: nan
2025-07-16 19:30:48,461 - DEBUG - Collected collision time for BConcave+AConvex+4100 at IoU 0.25: nan
2025-07-16 19:30:48,461 - DEBUG - Collected collision time for BConcave+AConvex+4100 at IoU 0.3: nan
2025-07-16 19:30:48,462 - DEBUG - Collected collision time for BConcave+AConvex+4100 at IoU 0.35: nan
2025-07-16 19:30:48,462 - DEBUG - Collected collision time for BConcave+AConvex+4100 at IoU 0.4: nan
2025-07-16 19:30:48,462 - DEBUG - Collected collision time for BConcave+AConvex+4100 at IoU 0.45: nan
2025-07-16 19:30:48,462 - DEBUG - Collected collision time for BConcave+AConvex+4100 at IoU 0.5: nan
2025-07-16 19:30:48,462 - DEBUG - Collected collision time for BConcave+AConvex+4100 at IoU 0.55: nan
2025-07-16 19:30:48,463 - DEBUG - Collected collision time for BConcave+AConvex+4100 at IoU 0.6: nan
2025-07-16 19:30:48,463 - DEBUG - Collected collision time for BConcave+AConvex+4100 at IoU 0.65: nan
2025-07-16 19:30:48,463 - DEBUG - Collected collision time for BConcave+AConvex+4100 at IoU 0.7: nan
2025-07-16 19:30:48,464 - DEBUG - Collected collision time for BConcave+AConvex+4100 at IoU 0.75: nan
2025-07-16 19:30:48,464 - DEBUG - Collected collision time for BConcave+AConvex+4100 at IoU 0.8: nan
2025-07-16 19:30:48,464 - DEBUG - Collected collision time for BConcave+AConvex+4100 at IoU 0.85: nan
2025-07-16 19:30:48,464 - DEBUG - Collected collision time for BConcave+AConvex+4100 at IoU 0.9: nan
2025-07-16 19:30:48,465 - DEBUG - Collected collision time for BConcave+AConvex+4100 at IoU 0.95: nan
2025-07-16 19:30:48,465 - DEBUG - Collected collision time for BConcave+AConvex+4300_flipped at IoU 0.05: nan
2025-07-16 19:30:48,466 - DEBUG - Collected collision time for BConcave+AConvex+4300_flipped at IoU 0.1: nan
2025-07-16 19:30:48,466 - DEBUG - Collected collision time for BConcave+AConvex+4300_flipped at IoU 0.15: nan
2025-07-16 19:30:48,466 - DEBUG - Collected collision time for BConcave+AConvex+4300_flipped at IoU 0.2: nan
2025-07-16 19:30:48,466 - DEBUG - Collected collision time for BConcave+AConvex+4300_flipped at IoU 0.25: nan
2025-07-16 19:30:48,467 - DEBUG - Collected collision time for BConcave+AConvex+4300_flipped at IoU 0.3: nan
2025-07-16 19:30:48,467 - DEBUG - Collected collision time for BConcave+AConvex+4300_flipped at IoU 0.35: nan
2025-07-16 19:30:48,467 - DEBUG - Collected collision time for BConcave+AConvex+4300_flipped at IoU 0.4: nan
2025-07-16 19:30:48,467 - DEBUG - Collected collision time for BConcave+AConvex+4300_flipped at IoU 0.45: nan
2025-07-16 19:30:48,468 - DEBUG - Collected collision time for BConcave+AConvex+4300_flipped at IoU 0.5: nan
2025-07-16 19:30:48,468 - DEBUG - Collected collision time for BConcave+AConvex+4300_flipped at IoU 0.55: nan
2025-07-16 19:30:48,468 - DEBUG - Collected collision time for BConcave+AConvex+4300_flipped at IoU 0.6: nan
2025-07-16 19:30:48,468 - DEBUG - Collected collision time for BConcave+AConvex+4300_flipped at IoU 0.65: nan
2025-07-16 19:30:48,469 - DEBUG - Collected collision time for BConcave+AConvex+4300_flipped at IoU 0.7: nan
2025-07-16 19:30:48,469 - DEBUG - Collected collision time for BConcave+AConvex+4300_flipped at IoU 0.75: nan
2025-07-16 19:30:48,470 - DEBUG - Collected collision time for BConcave+AConvex+4300_flipped at IoU 0.8: nan
2025-07-16 19:30:48,470 - DEBUG - Collected collision time for BConcave+AConvex+4300_flipped at IoU 0.85: nan
2025-07-16 19:30:48,470 - DEBUG - Collected collision time for BConcave+AConvex+4300_flipped at IoU 0.9: nan
2025-07-16 19:30:48,471 - DEBUG - Collected collision time for BConcave+AConvex+4300_flipped at IoU 0.95: nan
2025-07-16 19:30:48,471 - DEBUG - Collected collision time for BConcave+AConvex+4500 at IoU 0.05: 4766.666666666667
2025-07-16 19:30:48,471 - DEBUG - Collected collision time for BConcave+AConvex+4500 at IoU 0.1: 4900.0
2025-07-16 19:30:48,471 - DEBUG - Collected collision time for BConcave+AConvex+4500 at IoU 0.15: 5033.333333333333
2025-07-16 19:30:48,472 - DEBUG - Collected collision time for BConcave+AConvex+4500 at IoU 0.2: nan
2025-07-16 19:30:48,472 - DEBUG - Collected collision time for BConcave+AConvex+4500 at IoU 0.25: nan
2025-07-16 19:30:48,472 - DEBUG - Collected collision time for BConcave+AConvex+4500 at IoU 0.3: nan
2025-07-16 19:30:48,473 - DEBUG - Collected collision time for BConcave+AConvex+4500 at IoU 0.35: nan
2025-07-16 19:30:48,473 - DEBUG - Collected collision time for BConcave+AConvex+4500 at IoU 0.4: nan
2025-07-16 19:30:48,473 - DEBUG - Collected collision time for BConcave+AConvex+4500 at IoU 0.45: nan
2025-07-16 19:30:48,474 - DEBUG - Collected collision time for BConcave+AConvex+4500 at IoU 0.5: nan
2025-07-16 19:30:48,474 - DEBUG - Collected collision time for BConcave+AConvex+4500 at IoU 0.55: nan
2025-07-16 19:30:48,474 - DEBUG - Collected collision time for BConcave+AConvex+4500 at IoU 0.6: nan
2025-07-16 19:30:48,475 - DEBUG - Collected collision time for BConcave+AConvex+4500 at IoU 0.65: nan
2025-07-16 19:30:48,475 - DEBUG - Collected collision time for BConcave+AConvex+4500 at IoU 0.7: nan
2025-07-16 19:30:48,475 - DEBUG - Collected collision time for BConcave+AConvex+4500 at IoU 0.75: nan
2025-07-16 19:30:48,476 - DEBUG - Collected collision time for BConcave+AConvex+4500 at IoU 0.8: nan
2025-07-16 19:30:48,476 - DEBUG - Collected collision time for BConcave+AConvex+4500 at IoU 0.85: nan
2025-07-16 19:30:48,476 - DEBUG - Collected collision time for BConcave+AConvex+4500 at IoU 0.9: nan
2025-07-16 19:30:48,476 - DEBUG - Collected collision time for BConcave+AConvex+4500 at IoU 0.95: nan
2025-07-16 19:30:48,477 - DEBUG - Collected collision time for BConcave+BConcavePatient+3500 at IoU 0.05: nan
2025-07-16 19:30:48,477 - DEBUG - Collected collision time for BConcave+BConcavePatient+3500 at IoU 0.1: nan
2025-07-16 19:30:48,477 - DEBUG - Collected collision time for BConcave+BConcavePatient+3500 at IoU 0.15: nan
2025-07-16 19:30:48,478 - DEBUG - Collected collision time for BConcave+BConcavePatient+3500 at IoU 0.2: nan
2025-07-16 19:30:48,478 - DEBUG - Collected collision time for BConcave+BConcavePatient+3500 at IoU 0.25: nan
2025-07-16 19:30:48,478 - DEBUG - Collected collision time for BConcave+BConcavePatient+3500 at IoU 0.3: nan
2025-07-16 19:30:48,478 - DEBUG - Collected collision time for BConcave+BConcavePatient+3500 at IoU 0.35: nan
2025-07-16 19:30:48,479 - DEBUG - Collected collision time for BConcave+BConcavePatient+3500 at IoU 0.4: nan
2025-07-16 19:30:48,479 - DEBUG - Collected collision time for BConcave+BConcavePatient+3500 at IoU 0.45: nan
2025-07-16 19:30:48,479 - DEBUG - Collected collision time for BConcave+BConcavePatient+3500 at IoU 0.5: nan
2025-07-16 19:30:48,480 - DEBUG - Collected collision time for BConcave+BConcavePatient+3500 at IoU 0.55: nan
2025-07-16 19:30:48,480 - DEBUG - Collected collision time for BConcave+BConcavePatient+3500 at IoU 0.6: nan
2025-07-16 19:30:48,480 - DEBUG - Collected collision time for BConcave+BConcavePatient+3500 at IoU 0.65: nan
2025-07-16 19:30:48,481 - DEBUG - Collected collision time for BConcave+BConcavePatient+3500 at IoU 0.7: nan
2025-07-16 19:30:48,481 - DEBUG - Collected collision time for BConcave+BConcavePatient+3500 at IoU 0.75: nan
2025-07-16 19:30:48,482 - DEBUG - Collected collision time for BConcave+BConcavePatient+3500 at IoU 0.8: nan
2025-07-16 19:30:48,482 - DEBUG - Collected collision time for BConcave+BConcavePatient+3500 at IoU 0.85: nan
2025-07-16 19:30:48,482 - DEBUG - Collected collision time for BConcave+BConcavePatient+3500 at IoU 0.9: nan
2025-07-16 19:30:48,483 - DEBUG - Collected collision time for BConcave+BConcavePatient+3500 at IoU 0.95: nan
2025-07-16 19:30:48,483 - DEBUG - Collected collision time for BConcave+BConcavePatient+3700_flipped at IoU 0.05: nan
2025-07-16 19:30:48,483 - DEBUG - Collected collision time for BConcave+BConcavePatient+3700_flipped at IoU 0.1: nan
2025-07-16 19:30:48,483 - DEBUG - Collected collision time for BConcave+BConcavePatient+3700_flipped at IoU 0.15: nan
2025-07-16 19:30:48,483 - DEBUG - Collected collision time for BConcave+BConcavePatient+3700_flipped at IoU 0.2: nan
2025-07-16 19:30:48,484 - DEBUG - Collected collision time for BConcave+BConcavePatient+3700_flipped at IoU 0.25: nan
2025-07-16 19:30:48,484 - DEBUG - Collected collision time for BConcave+BConcavePatient+3700_flipped at IoU 0.3: nan
2025-07-16 19:30:48,484 - DEBUG - Collected collision time for BConcave+BConcavePatient+3700_flipped at IoU 0.35: nan
2025-07-16 19:30:48,484 - DEBUG - Collected collision time for BConcave+BConcavePatient+3700_flipped at IoU 0.4: nan
2025-07-16 19:30:48,485 - DEBUG - Collected collision time for BConcave+BConcavePatient+3700_flipped at IoU 0.45: nan
2025-07-16 19:30:48,485 - DEBUG - Collected collision time for BConcave+BConcavePatient+3700_flipped at IoU 0.5: nan
2025-07-16 19:30:48,485 - DEBUG - Collected collision time for BConcave+BConcavePatient+3700_flipped at IoU 0.55: nan
2025-07-16 19:30:48,486 - DEBUG - Collected collision time for BConcave+BConcavePatient+3700_flipped at IoU 0.6: nan
2025-07-16 19:30:48,486 - DEBUG - Collected collision time for BConcave+BConcavePatient+3700_flipped at IoU 0.65: nan
2025-07-16 19:30:48,486 - DEBUG - Collected collision time for BConcave+BConcavePatient+3700_flipped at IoU 0.7: nan
2025-07-16 19:30:48,486 - DEBUG - Collected collision time for BConcave+BConcavePatient+3700_flipped at IoU 0.75: nan
2025-07-16 19:30:48,487 - DEBUG - Collected collision time for BConcave+BConcavePatient+3700_flipped at IoU 0.8: nan
2025-07-16 19:30:48,487 - DEBUG - Collected collision time for BConcave+BConcavePatient+3700_flipped at IoU 0.85: nan
2025-07-16 19:30:48,487 - DEBUG - Collected collision time for BConcave+BConcavePatient+3700_flipped at IoU 0.9: nan
2025-07-16 19:30:48,487 - DEBUG - Collected collision time for BConcave+BConcavePatient+3700_flipped at IoU 0.95: nan
2025-07-16 19:30:48,487 - DEBUG - Collected collision time for BConcave+BConcavePatient+3900 at IoU 0.05: nan
2025-07-16 19:30:48,488 - DEBUG - Collected collision time for BConcave+BConcavePatient+3900 at IoU 0.1: nan
2025-07-16 19:30:48,488 - DEBUG - Collected collision time for BConcave+BConcavePatient+3900 at IoU 0.15: nan
2025-07-16 19:30:48,488 - DEBUG - Collected collision time for BConcave+BConcavePatient+3900 at IoU 0.2: nan
2025-07-16 19:30:48,489 - DEBUG - Collected collision time for BConcave+BConcavePatient+3900 at IoU 0.25: nan
2025-07-16 19:30:48,489 - DEBUG - Collected collision time for BConcave+BConcavePatient+3900 at IoU 0.3: nan
2025-07-16 19:30:48,489 - DEBUG - Collected collision time for BConcave+BConcavePatient+3900 at IoU 0.35: nan
2025-07-16 19:30:48,489 - DEBUG - Collected collision time for BConcave+BConcavePatient+3900 at IoU 0.4: nan
2025-07-16 19:30:48,490 - DEBUG - Collected collision time for BConcave+BConcavePatient+3900 at IoU 0.45: nan
2025-07-16 19:30:48,490 - DEBUG - Collected collision time for BConcave+BConcavePatient+3900 at IoU 0.5: nan
2025-07-16 19:30:48,490 - DEBUG - Collected collision time for BConcave+BConcavePatient+3900 at IoU 0.55: nan
2025-07-16 19:30:48,491 - DEBUG - Collected collision time for BConcave+BConcavePatient+3900 at IoU 0.6: nan
2025-07-16 19:30:48,491 - DEBUG - Collected collision time for BConcave+BConcavePatient+3900 at IoU 0.65: nan
2025-07-16 19:30:48,491 - DEBUG - Collected collision time for BConcave+BConcavePatient+3900 at IoU 0.7: nan
2025-07-16 19:30:48,491 - DEBUG - Collected collision time for BConcave+BConcavePatient+3900 at IoU 0.75: nan
2025-07-16 19:30:48,491 - DEBUG - Collected collision time for BConcave+BConcavePatient+3900 at IoU 0.8: nan
2025-07-16 19:30:48,492 - DEBUG - Collected collision time for BConcave+BConcavePatient+3900 at IoU 0.85: nan
2025-07-16 19:30:48,492 - DEBUG - Collected collision time for BConcave+BConcavePatient+3900 at IoU 0.9: nan
2025-07-16 19:30:48,492 - DEBUG - Collected collision time for BConcave+BConcavePatient+3900 at IoU 0.95: nan
2025-07-16 19:30:48,493 - DEBUG - Collected collision time for BConcave+BConcavePatient+4100_flipped at IoU 0.05: nan
2025-07-16 19:30:48,493 - DEBUG - Collected collision time for BConcave+BConcavePatient+4100_flipped at IoU 0.1: nan
2025-07-16 19:30:48,493 - DEBUG - Collected collision time for BConcave+BConcavePatient+4100_flipped at IoU 0.15: nan
2025-07-16 19:30:48,493 - DEBUG - Collected collision time for BConcave+BConcavePatient+4100_flipped at IoU 0.2: nan
2025-07-16 19:30:48,494 - DEBUG - Collected collision time for BConcave+BConcavePatient+4100_flipped at IoU 0.25: nan
2025-07-16 19:30:48,494 - DEBUG - Collected collision time for BConcave+BConcavePatient+4100_flipped at IoU 0.3: nan
2025-07-16 19:30:48,494 - DEBUG - Collected collision time for BConcave+BConcavePatient+4100_flipped at IoU 0.35: nan
2025-07-16 19:30:48,494 - DEBUG - Collected collision time for BConcave+BConcavePatient+4100_flipped at IoU 0.4: nan
2025-07-16 19:30:48,495 - DEBUG - Collected collision time for BConcave+BConcavePatient+4100_flipped at IoU 0.45: nan
2025-07-16 19:30:48,495 - DEBUG - Collected collision time for BConcave+BConcavePatient+4100_flipped at IoU 0.5: nan
2025-07-16 19:30:48,495 - DEBUG - Collected collision time for BConcave+BConcavePatient+4100_flipped at IoU 0.55: nan
2025-07-16 19:30:48,495 - DEBUG - Collected collision time for BConcave+BConcavePatient+4100_flipped at IoU 0.6: nan
2025-07-16 19:30:48,496 - DEBUG - Collected collision time for BConcave+BConcavePatient+4100_flipped at IoU 0.65: nan
2025-07-16 19:30:48,496 - DEBUG - Collected collision time for BConcave+BConcavePatient+4100_flipped at IoU 0.7: nan
2025-07-16 19:30:48,496 - DEBUG - Collected collision time for BConcave+BConcavePatient+4100_flipped at IoU 0.75: nan
2025-07-16 19:30:48,497 - DEBUG - Collected collision time for BConcave+BConcavePatient+4100_flipped at IoU 0.8: nan
2025-07-16 19:30:48,497 - DEBUG - Collected collision time for BConcave+BConcavePatient+4100_flipped at IoU 0.85: nan
2025-07-16 19:30:48,498 - DEBUG - Collected collision time for BConcave+BConcavePatient+4100_flipped at IoU 0.9: nan
2025-07-16 19:30:48,498 - DEBUG - Collected collision time for BConcave+BConcavePatient+4100_flipped at IoU 0.95: nan
2025-07-16 19:30:48,499 - DEBUG - Collected collision time for BConcave+BConcavePatient+4300 at IoU 0.05: 4316.666666666666
2025-07-16 19:30:48,499 - DEBUG - Collected collision time for BConcave+BConcavePatient+4300 at IoU 0.1: 4400.0
2025-07-16 19:30:48,499 - DEBUG - Collected collision time for BConcave+BConcavePatient+4300 at IoU 0.15: 4466.666666666667
2025-07-16 19:30:48,499 - DEBUG - Collected collision time for BConcave+BConcavePatient+4300 at IoU 0.2: 4533.333333333333
2025-07-16 19:30:48,500 - DEBUG - Collected collision time for BConcave+BConcavePatient+4300 at IoU 0.25: 4583.333333333333
2025-07-16 19:30:48,500 - DEBUG - Collected collision time for BConcave+BConcavePatient+4300 at IoU 0.3: 4650.0
2025-07-16 19:30:48,501 - DEBUG - Collected collision time for BConcave+BConcavePatient+4300 at IoU 0.35: 4716.666666666667
2025-07-16 19:30:48,501 - DEBUG - Collected collision time for BConcave+BConcavePatient+4300 at IoU 0.4: 4766.666666666667
2025-07-16 19:30:48,501 - DEBUG - Collected collision time for BConcave+BConcavePatient+4300 at IoU 0.45: nan
2025-07-16 19:30:48,501 - DEBUG - Collected collision time for BConcave+BConcavePatient+4300 at IoU 0.5: nan
2025-07-16 19:30:48,502 - DEBUG - Collected collision time for BConcave+BConcavePatient+4300 at IoU 0.55: nan
2025-07-16 19:30:48,502 - DEBUG - Collected collision time for BConcave+BConcavePatient+4300 at IoU 0.6: nan
2025-07-16 19:30:48,502 - DEBUG - Collected collision time for BConcave+BConcavePatient+4300 at IoU 0.65: nan
2025-07-16 19:30:48,503 - DEBUG - Collected collision time for BConcave+BConcavePatient+4300 at IoU 0.7: nan
2025-07-16 19:30:48,503 - DEBUG - Collected collision time for BConcave+BConcavePatient+4300 at IoU 0.75: nan
2025-07-16 19:30:48,503 - DEBUG - Collected collision time for BConcave+BConcavePatient+4300 at IoU 0.8: nan
2025-07-16 19:30:48,503 - DEBUG - Collected collision time for BConcave+BConcavePatient+4300 at IoU 0.85: nan
2025-07-16 19:30:48,504 - DEBUG - Collected collision time for BConcave+BConcavePatient+4300 at IoU 0.9: nan
2025-07-16 19:30:48,504 - DEBUG - Collected collision time for BConcave+BConcavePatient+4300 at IoU 0.95: nan
2025-07-16 19:30:48,504 - DEBUG - Collected collision time for BConcave+BConcavePatient+4500_flipped at IoU 0.05: 4433.333333333334
2025-07-16 19:30:48,505 - DEBUG - Collected collision time for BConcave+BConcavePatient+4500_flipped at IoU 0.1: 4550.0
2025-07-16 19:30:48,505 - DEBUG - Collected collision time for BConcave+BConcavePatient+4500_flipped at IoU 0.15: 4616.666666666666
2025-07-16 19:30:48,505 - DEBUG - Collected collision time for BConcave+BConcavePatient+4500_flipped at IoU 0.2: 4683.333333333334
2025-07-16 19:30:48,506 - DEBUG - Collected collision time for BConcave+BConcavePatient+4500_flipped at IoU 0.25: 4750.0
2025-07-16 19:30:48,506 - DEBUG - Collected collision time for BConcave+BConcavePatient+4500_flipped at IoU 0.3: 4783.333333333333
2025-07-16 19:30:48,507 - DEBUG - Collected collision time for BConcave+BConcavePatient+4500_flipped at IoU 0.35: 4833.333333333333
2025-07-16 19:30:48,507 - DEBUG - Collected collision time for BConcave+BConcavePatient+4500_flipped at IoU 0.4: 4883.333333333334
2025-07-16 19:30:48,507 - DEBUG - Collected collision time for BConcave+BConcavePatient+4500_flipped at IoU 0.45: 4916.666666666667
2025-07-16 19:30:48,507 - DEBUG - Collected collision time for BConcave+BConcavePatient+4500_flipped at IoU 0.5: 4950.0
2025-07-16 19:30:48,508 - DEBUG - Collected collision time for BConcave+BConcavePatient+4500_flipped at IoU 0.55: 4983.333333333333
2025-07-16 19:30:48,508 - DEBUG - Collected collision time for BConcave+BConcavePatient+4500_flipped at IoU 0.6: 5033.333333333333
2025-07-16 19:30:48,509 - DEBUG - Collected collision time for BConcave+BConcavePatient+4500_flipped at IoU 0.65: 5066.666666666666
2025-07-16 19:30:48,509 - DEBUG - Collected collision time for BConcave+BConcavePatient+4500_flipped at IoU 0.7: 5116.666666666666
2025-07-16 19:30:48,509 - DEBUG - Collected collision time for BConcave+BConcavePatient+4500_flipped at IoU 0.75: nan
2025-07-16 19:30:48,509 - DEBUG - Collected collision time for BConcave+BConcavePatient+4500_flipped at IoU 0.8: nan
2025-07-16 19:30:48,510 - DEBUG - Collected collision time for BConcave+BConcavePatient+4500_flipped at IoU 0.85: nan
2025-07-16 19:30:48,510 - DEBUG - Collected collision time for BConcave+BConcavePatient+4500_flipped at IoU 0.9: nan
2025-07-16 19:30:48,510 - DEBUG - Collected collision time for BConcave+BConcavePatient+4500_flipped at IoU 0.95: nan
2025-07-16 19:30:48,511 - DEBUG - Collected collision time for BConcave+BConvex+3500_flipped at IoU 0.05: 3800.0
2025-07-16 19:30:48,511 - DEBUG - Collected collision time for BConcave+BConvex+3500_flipped at IoU 0.1: 3966.666666666667
2025-07-16 19:30:48,511 - DEBUG - Collected collision time for BConcave+BConvex+3500_flipped at IoU 0.15: 4100.0
2025-07-16 19:30:48,512 - DEBUG - Collected collision time for BConcave+BConvex+3500_flipped at IoU 0.2: 4200.0
2025-07-16 19:30:48,512 - DEBUG - Collected collision time for BConcave+BConvex+3500_flipped at IoU 0.25: 4300.0
2025-07-16 19:30:48,512 - DEBUG - Collected collision time for BConcave+BConvex+3500_flipped at IoU 0.3: 4416.666666666667
2025-07-16 19:30:48,513 - DEBUG - Collected collision time for BConcave+BConvex+3500_flipped at IoU 0.35: 4500.0
2025-07-16 19:30:48,513 - DEBUG - Collected collision time for BConcave+BConvex+3500_flipped at IoU 0.4: 4616.666666666666
2025-07-16 19:30:48,513 - DEBUG - Collected collision time for BConcave+BConvex+3500_flipped at IoU 0.45: nan
2025-07-16 19:30:48,513 - DEBUG - Collected collision time for BConcave+BConvex+3500_flipped at IoU 0.5: nan
2025-07-16 19:30:48,514 - DEBUG - Collected collision time for BConcave+BConvex+3500_flipped at IoU 0.55: nan
2025-07-16 19:30:48,514 - DEBUG - Collected collision time for BConcave+BConvex+3500_flipped at IoU 0.6: nan
2025-07-16 19:30:48,514 - DEBUG - Collected collision time for BConcave+BConvex+3500_flipped at IoU 0.65: nan
2025-07-16 19:30:48,515 - DEBUG - Collected collision time for BConcave+BConvex+3500_flipped at IoU 0.7: nan
2025-07-16 19:30:48,515 - DEBUG - Collected collision time for BConcave+BConvex+3500_flipped at IoU 0.75: nan
2025-07-16 19:30:48,515 - DEBUG - Collected collision time for BConcave+BConvex+3500_flipped at IoU 0.8: nan
2025-07-16 19:30:48,515 - DEBUG - Collected collision time for BConcave+BConvex+3500_flipped at IoU 0.85: nan
2025-07-16 19:30:48,516 - DEBUG - Collected collision time for BConcave+BConvex+3500_flipped at IoU 0.9: nan
2025-07-16 19:30:48,516 - DEBUG - Collected collision time for BConcave+BConvex+3500_flipped at IoU 0.95: nan
2025-07-16 19:30:48,516 - DEBUG - Collected collision time for BConcave+BConvex+3700 at IoU 0.05: nan
2025-07-16 19:30:48,517 - DEBUG - Collected collision time for BConcave+BConvex+3700 at IoU 0.1: nan
2025-07-16 19:30:48,517 - DEBUG - Collected collision time for BConcave+BConvex+3700 at IoU 0.15: nan
2025-07-16 19:30:48,517 - DEBUG - Collected collision time for BConcave+BConvex+3700 at IoU 0.2: nan
2025-07-16 19:30:48,517 - DEBUG - Collected collision time for BConcave+BConvex+3700 at IoU 0.25: nan
2025-07-16 19:30:48,518 - DEBUG - Collected collision time for BConcave+BConvex+3700 at IoU 0.3: nan
2025-07-16 19:30:48,518 - DEBUG - Collected collision time for BConcave+BConvex+3700 at IoU 0.35: nan
2025-07-16 19:30:48,518 - DEBUG - Collected collision time for BConcave+BConvex+3700 at IoU 0.4: nan
2025-07-16 19:30:48,519 - DEBUG - Collected collision time for BConcave+BConvex+3700 at IoU 0.45: nan
2025-07-16 19:30:48,519 - DEBUG - Collected collision time for BConcave+BConvex+3700 at IoU 0.5: nan
2025-07-16 19:30:48,519 - DEBUG - Collected collision time for BConcave+BConvex+3700 at IoU 0.55: nan
2025-07-16 19:30:48,519 - DEBUG - Collected collision time for BConcave+BConvex+3700 at IoU 0.6: nan
2025-07-16 19:30:48,520 - DEBUG - Collected collision time for BConcave+BConvex+3700 at IoU 0.65: nan
2025-07-16 19:30:48,520 - DEBUG - Collected collision time for BConcave+BConvex+3700 at IoU 0.7: nan
2025-07-16 19:30:48,520 - DEBUG - Collected collision time for BConcave+BConvex+3700 at IoU 0.75: nan
2025-07-16 19:30:48,520 - DEBUG - Collected collision time for BConcave+BConvex+3700 at IoU 0.8: nan
2025-07-16 19:30:48,521 - DEBUG - Collected collision time for BConcave+BConvex+3700 at IoU 0.85: nan
2025-07-16 19:30:48,521 - DEBUG - Collected collision time for BConcave+BConvex+3700 at IoU 0.9: nan
2025-07-16 19:30:48,521 - DEBUG - Collected collision time for BConcave+BConvex+3700 at IoU 0.95: nan
2025-07-16 19:30:48,521 - DEBUG - Collected collision time for BConcave+BConvex+3900_flipped at IoU 0.05: nan
2025-07-16 19:30:48,522 - DEBUG - Collected collision time for BConcave+BConvex+3900_flipped at IoU 0.1: nan
2025-07-16 19:30:48,522 - DEBUG - Collected collision time for BConcave+BConvex+3900_flipped at IoU 0.15: nan
2025-07-16 19:30:48,522 - DEBUG - Collected collision time for BConcave+BConvex+3900_flipped at IoU 0.2: nan
2025-07-16 19:30:48,523 - DEBUG - Collected collision time for BConcave+BConvex+3900_flipped at IoU 0.25: nan
2025-07-16 19:30:48,523 - DEBUG - Collected collision time for BConcave+BConvex+3900_flipped at IoU 0.3: nan
2025-07-16 19:30:48,523 - DEBUG - Collected collision time for BConcave+BConvex+3900_flipped at IoU 0.35: nan
2025-07-16 19:30:48,524 - DEBUG - Collected collision time for BConcave+BConvex+3900_flipped at IoU 0.4: nan
2025-07-16 19:30:48,524 - DEBUG - Collected collision time for BConcave+BConvex+3900_flipped at IoU 0.45: nan
2025-07-16 19:30:48,524 - DEBUG - Collected collision time for BConcave+BConvex+3900_flipped at IoU 0.5: nan
2025-07-16 19:30:48,524 - DEBUG - Collected collision time for BConcave+BConvex+3900_flipped at IoU 0.55: nan
2025-07-16 19:30:48,525 - DEBUG - Collected collision time for BConcave+BConvex+3900_flipped at IoU 0.6: nan
2025-07-16 19:30:48,525 - DEBUG - Collected collision time for BConcave+BConvex+3900_flipped at IoU 0.65: nan
2025-07-16 19:30:48,525 - DEBUG - Collected collision time for BConcave+BConvex+3900_flipped at IoU 0.7: nan
2025-07-16 19:30:48,525 - DEBUG - Collected collision time for BConcave+BConvex+3900_flipped at IoU 0.75: nan
2025-07-16 19:30:48,526 - DEBUG - Collected collision time for BConcave+BConvex+3900_flipped at IoU 0.8: nan
2025-07-16 19:30:48,526 - DEBUG - Collected collision time for BConcave+BConvex+3900_flipped at IoU 0.85: nan
2025-07-16 19:30:48,526 - DEBUG - Collected collision time for BConcave+BConvex+3900_flipped at IoU 0.9: nan
2025-07-16 19:30:48,526 - DEBUG - Collected collision time for BConcave+BConvex+3900_flipped at IoU 0.95: nan
2025-07-16 19:30:48,527 - DEBUG - Collected collision time for BConcave+BConvex+4100 at IoU 0.05: 4433.333333333334
2025-07-16 19:30:48,527 - DEBUG - Collected collision time for BConcave+BConvex+4100 at IoU 0.1: 4583.333333333333
2025-07-16 19:30:48,528 - DEBUG - Collected collision time for BConcave+BConvex+4100 at IoU 0.15: 4666.666666666667
2025-07-16 19:30:48,528 - DEBUG - Collected collision time for BConcave+BConvex+4100 at IoU 0.2: nan
2025-07-16 19:30:48,528 - DEBUG - Collected collision time for BConcave+BConvex+4100 at IoU 0.25: nan
2025-07-16 19:30:48,528 - DEBUG - Collected collision time for BConcave+BConvex+4100 at IoU 0.3: nan
2025-07-16 19:30:48,529 - DEBUG - Collected collision time for BConcave+BConvex+4100 at IoU 0.35: nan
2025-07-16 19:30:48,529 - DEBUG - Collected collision time for BConcave+BConvex+4100 at IoU 0.4: nan
2025-07-16 19:30:48,529 - DEBUG - Collected collision time for BConcave+BConvex+4100 at IoU 0.45: nan
2025-07-16 19:30:48,530 - DEBUG - Collected collision time for BConcave+BConvex+4100 at IoU 0.5: nan
2025-07-16 19:30:48,530 - DEBUG - Collected collision time for BConcave+BConvex+4100 at IoU 0.55: nan
2025-07-16 19:30:48,530 - DEBUG - Collected collision time for BConcave+BConvex+4100 at IoU 0.6: nan
2025-07-16 19:30:48,531 - DEBUG - Collected collision time for BConcave+BConvex+4100 at IoU 0.65: nan
2025-07-16 19:30:48,531 - DEBUG - Collected collision time for BConcave+BConvex+4100 at IoU 0.7: nan
2025-07-16 19:30:48,531 - DEBUG - Collected collision time for BConcave+BConvex+4100 at IoU 0.75: nan
2025-07-16 19:30:48,531 - DEBUG - Collected collision time for BConcave+BConvex+4100 at IoU 0.8: nan
2025-07-16 19:30:48,532 - DEBUG - Collected collision time for BConcave+BConvex+4100 at IoU 0.85: nan
2025-07-16 19:30:48,532 - DEBUG - Collected collision time for BConcave+BConvex+4100 at IoU 0.9: nan
2025-07-16 19:30:48,532 - DEBUG - Collected collision time for BConcave+BConvex+4100 at IoU 0.95: nan
2025-07-16 19:30:48,532 - DEBUG - Collected collision time for BConcave+BConvex+4300_flipped at IoU 0.05: 4633.333333333334
2025-07-16 19:30:48,533 - DEBUG - Collected collision time for BConcave+BConvex+4300_flipped at IoU 0.1: 4850.0
2025-07-16 19:30:48,533 - DEBUG - Collected collision time for BConcave+BConvex+4300_flipped at IoU 0.15: 5033.333333333333
2025-07-16 19:30:48,534 - DEBUG - Collected collision time for BConcave+BConvex+4300_flipped at IoU 0.2: 5200.0
2025-07-16 19:30:48,534 - DEBUG - Collected collision time for BConcave+BConvex+4300_flipped at IoU 0.25: nan
2025-07-16 19:30:48,534 - DEBUG - Collected collision time for BConcave+BConvex+4300_flipped at IoU 0.3: nan
2025-07-16 19:30:48,535 - DEBUG - Collected collision time for BConcave+BConvex+4300_flipped at IoU 0.35: nan
2025-07-16 19:30:48,535 - DEBUG - Collected collision time for BConcave+BConvex+4300_flipped at IoU 0.4: nan
2025-07-16 19:30:48,535 - DEBUG - Collected collision time for BConcave+BConvex+4300_flipped at IoU 0.45: nan
2025-07-16 19:30:48,535 - DEBUG - Collected collision time for BConcave+BConvex+4300_flipped at IoU 0.5: nan
2025-07-16 19:30:48,536 - DEBUG - Collected collision time for BConcave+BConvex+4300_flipped at IoU 0.55: nan
2025-07-16 19:30:48,536 - DEBUG - Collected collision time for BConcave+BConvex+4300_flipped at IoU 0.6: nan
2025-07-16 19:30:48,536 - DEBUG - Collected collision time for BConcave+BConvex+4300_flipped at IoU 0.65: nan
2025-07-16 19:30:48,536 - DEBUG - Collected collision time for BConcave+BConvex+4300_flipped at IoU 0.7: nan
2025-07-16 19:30:48,537 - DEBUG - Collected collision time for BConcave+BConvex+4300_flipped at IoU 0.75: nan
2025-07-16 19:30:48,537 - DEBUG - Collected collision time for BConcave+BConvex+4300_flipped at IoU 0.8: nan
2025-07-16 19:30:48,537 - DEBUG - Collected collision time for BConcave+BConvex+4300_flipped at IoU 0.85: nan
2025-07-16 19:30:48,537 - DEBUG - Collected collision time for BConcave+BConvex+4300_flipped at IoU 0.9: nan
2025-07-16 19:30:48,538 - DEBUG - Collected collision time for BConcave+BConvex+4300_flipped at IoU 0.95: nan
2025-07-16 19:30:48,538 - DEBUG - Collected collision time for BConcave+BConvex+4500 at IoU 0.05: 4816.666666666666
2025-07-16 19:30:48,538 - DEBUG - Collected collision time for BConcave+BConvex+4500 at IoU 0.1: nan
2025-07-16 19:30:48,538 - DEBUG - Collected collision time for BConcave+BConvex+4500 at IoU 0.15: nan
2025-07-16 19:30:48,539 - DEBUG - Collected collision time for BConcave+BConvex+4500 at IoU 0.2: nan
2025-07-16 19:30:48,539 - DEBUG - Collected collision time for BConcave+BConvex+4500 at IoU 0.25: nan
2025-07-16 19:30:48,539 - DEBUG - Collected collision time for BConcave+BConvex+4500 at IoU 0.3: nan
2025-07-16 19:30:48,539 - DEBUG - Collected collision time for BConcave+BConvex+4500 at IoU 0.35: nan
2025-07-16 19:30:48,539 - DEBUG - Collected collision time for BConcave+BConvex+4500 at IoU 0.4: nan
2025-07-16 19:30:48,540 - DEBUG - Collected collision time for BConcave+BConvex+4500 at IoU 0.45: nan
2025-07-16 19:30:48,540 - DEBUG - Collected collision time for BConcave+BConvex+4500 at IoU 0.5: nan
2025-07-16 19:30:48,540 - DEBUG - Collected collision time for BConcave+BConvex+4500 at IoU 0.55: nan
2025-07-16 19:30:48,541 - DEBUG - Collected collision time for BConcave+BConvex+4500 at IoU 0.6: nan
2025-07-16 19:30:48,541 - DEBUG - Collected collision time for BConcave+BConvex+4500 at IoU 0.65: nan
2025-07-16 19:30:48,541 - DEBUG - Collected collision time for BConcave+BConvex+4500 at IoU 0.7: nan
2025-07-16 19:30:48,542 - DEBUG - Collected collision time for BConcave+BConvex+4500 at IoU 0.75: nan
2025-07-16 19:30:48,542 - DEBUG - Collected collision time for BConcave+BConvex+4500 at IoU 0.8: nan
2025-07-16 19:30:48,542 - DEBUG - Collected collision time for BConcave+BConvex+4500 at IoU 0.85: nan
2025-07-16 19:30:48,543 - DEBUG - Collected collision time for BConcave+BConvex+4500 at IoU 0.9: nan
2025-07-16 19:30:48,543 - DEBUG - Collected collision time for BConcave+BConvex+4500 at IoU 0.95: nan
2025-07-16 19:30:48,544 - DEBUG - Collected collision time for BConcave+CConcave+3500 at IoU 0.05: 3483.3333333333335
2025-07-16 19:30:48,544 - DEBUG - Collected collision time for BConcave+CConcave+3500 at IoU 0.1: 3616.6666666666665
2025-07-16 19:30:48,544 - DEBUG - Collected collision time for BConcave+CConcave+3500 at IoU 0.15: 3766.6666666666665
2025-07-16 19:30:48,544 - DEBUG - Collected collision time for BConcave+CConcave+3500 at IoU 0.2: 4000.0
2025-07-16 19:30:48,544 - DEBUG - Collected collision time for BConcave+CConcave+3500 at IoU 0.25: nan
2025-07-16 19:30:48,545 - DEBUG - Collected collision time for BConcave+CConcave+3500 at IoU 0.3: nan
2025-07-16 19:30:48,545 - DEBUG - Collected collision time for BConcave+CConcave+3500 at IoU 0.35: nan
2025-07-16 19:30:48,546 - DEBUG - Collected collision time for BConcave+CConcave+3500 at IoU 0.4: nan
2025-07-16 19:30:48,546 - DEBUG - Collected collision time for BConcave+CConcave+3500 at IoU 0.45: nan
2025-07-16 19:30:48,546 - DEBUG - Collected collision time for BConcave+CConcave+3500 at IoU 0.5: nan
2025-07-16 19:30:48,546 - DEBUG - Collected collision time for BConcave+CConcave+3500 at IoU 0.55: nan
2025-07-16 19:30:48,547 - DEBUG - Collected collision time for BConcave+CConcave+3500 at IoU 0.6: nan
2025-07-16 19:30:48,547 - DEBUG - Collected collision time for BConcave+CConcave+3500 at IoU 0.65: nan
2025-07-16 19:30:48,547 - DEBUG - Collected collision time for BConcave+CConcave+3500 at IoU 0.7: nan
2025-07-16 19:30:48,548 - DEBUG - Collected collision time for BConcave+CConcave+3500 at IoU 0.75: nan
2025-07-16 19:30:48,548 - DEBUG - Collected collision time for BConcave+CConcave+3500 at IoU 0.8: nan
2025-07-16 19:30:48,548 - DEBUG - Collected collision time for BConcave+CConcave+3500 at IoU 0.85: nan
2025-07-16 19:30:48,549 - DEBUG - Collected collision time for BConcave+CConcave+3500 at IoU 0.9: nan
2025-07-16 19:30:48,549 - DEBUG - Collected collision time for BConcave+CConcave+3500 at IoU 0.95: nan
2025-07-16 19:30:48,549 - DEBUG - Collected collision time for BConcave+CConcave+3700_flipped at IoU 0.05: 3416.6666666666665
2025-07-16 19:30:48,549 - DEBUG - Collected collision time for BConcave+CConcave+3700_flipped at IoU 0.1: 3416.6666666666665
2025-07-16 19:30:48,550 - DEBUG - Collected collision time for BConcave+CConcave+3700_flipped at IoU 0.15: 3800.0
2025-07-16 19:30:48,550 - DEBUG - Collected collision time for BConcave+CConcave+3700_flipped at IoU 0.2: 3966.666666666667
2025-07-16 19:30:48,550 - DEBUG - Collected collision time for BConcave+CConcave+3700_flipped at IoU 0.25: 4016.6666666666665
2025-07-16 19:30:48,550 - DEBUG - Collected collision time for BConcave+CConcave+3700_flipped at IoU 0.3: nan
2025-07-16 19:30:48,551 - DEBUG - Collected collision time for BConcave+CConcave+3700_flipped at IoU 0.35: nan
2025-07-16 19:30:48,551 - DEBUG - Collected collision time for BConcave+CConcave+3700_flipped at IoU 0.4: nan
2025-07-16 19:30:48,551 - DEBUG - Collected collision time for BConcave+CConcave+3700_flipped at IoU 0.45: nan
2025-07-16 19:30:48,552 - DEBUG - Collected collision time for BConcave+CConcave+3700_flipped at IoU 0.5: nan
2025-07-16 19:30:48,552 - DEBUG - Collected collision time for BConcave+CConcave+3700_flipped at IoU 0.55: nan
2025-07-16 19:30:48,552 - DEBUG - Collected collision time for BConcave+CConcave+3700_flipped at IoU 0.6: nan
2025-07-16 19:30:48,553 - DEBUG - Collected collision time for BConcave+CConcave+3700_flipped at IoU 0.65: nan
2025-07-16 19:30:48,553 - DEBUG - Collected collision time for BConcave+CConcave+3700_flipped at IoU 0.7: nan
2025-07-16 19:30:48,553 - DEBUG - Collected collision time for BConcave+CConcave+3700_flipped at IoU 0.75: nan
2025-07-16 19:30:48,553 - DEBUG - Collected collision time for BConcave+CConcave+3700_flipped at IoU 0.8: nan
2025-07-16 19:30:48,554 - DEBUG - Collected collision time for BConcave+CConcave+3700_flipped at IoU 0.85: nan
2025-07-16 19:30:48,554 - DEBUG - Collected collision time for BConcave+CConcave+3700_flipped at IoU 0.9: nan
2025-07-16 19:30:48,554 - DEBUG - Collected collision time for BConcave+CConcave+3700_flipped at IoU 0.95: nan
2025-07-16 19:30:48,554 - DEBUG - Collected collision time for BConcave+CConcave+3900 at IoU 0.05: 4016.6666666666665
2025-07-16 19:30:48,555 - DEBUG - Collected collision time for BConcave+CConcave+3900 at IoU 0.1: 4116.666666666666
2025-07-16 19:30:48,555 - DEBUG - Collected collision time for BConcave+CConcave+3900 at IoU 0.15: 4233.333333333333
2025-07-16 19:30:48,555 - DEBUG - Collected collision time for BConcave+CConcave+3900 at IoU 0.2: 4300.0
2025-07-16 19:30:48,555 - DEBUG - Collected collision time for BConcave+CConcave+3900 at IoU 0.25: 4383.333333333334
2025-07-16 19:30:48,555 - DEBUG - Collected collision time for BConcave+CConcave+3900 at IoU 0.3: 4466.666666666667
2025-07-16 19:30:48,556 - DEBUG - Collected collision time for BConcave+CConcave+3900 at IoU 0.35: nan
2025-07-16 19:30:48,556 - DEBUG - Collected collision time for BConcave+CConcave+3900 at IoU 0.4: nan
2025-07-16 19:30:48,556 - DEBUG - Collected collision time for BConcave+CConcave+3900 at IoU 0.45: nan
2025-07-16 19:30:48,556 - DEBUG - Collected collision time for BConcave+CConcave+3900 at IoU 0.5: nan
2025-07-16 19:30:48,557 - DEBUG - Collected collision time for BConcave+CConcave+3900 at IoU 0.55: nan
2025-07-16 19:30:48,557 - DEBUG - Collected collision time for BConcave+CConcave+3900 at IoU 0.6: nan
2025-07-16 19:30:48,557 - DEBUG - Collected collision time for BConcave+CConcave+3900 at IoU 0.65: nan
2025-07-16 19:30:48,557 - DEBUG - Collected collision time for BConcave+CConcave+3900 at IoU 0.7: nan
2025-07-16 19:30:48,557 - DEBUG - Collected collision time for BConcave+CConcave+3900 at IoU 0.75: nan
2025-07-16 19:30:48,558 - DEBUG - Collected collision time for BConcave+CConcave+3900 at IoU 0.8: nan
2025-07-16 19:30:48,558 - DEBUG - Collected collision time for BConcave+CConcave+3900 at IoU 0.85: nan
2025-07-16 19:30:48,558 - DEBUG - Collected collision time for BConcave+CConcave+3900 at IoU 0.9: nan
2025-07-16 19:30:48,558 - DEBUG - Collected collision time for BConcave+CConcave+3900 at IoU 0.95: nan
2025-07-16 19:30:48,559 - DEBUG - Collected collision time for BConcave+CConcave+4100_flipped at IoU 0.05: 4250.0
2025-07-16 19:30:48,559 - DEBUG - Collected collision time for BConcave+CConcave+4100_flipped at IoU 0.1: 4350.0
2025-07-16 19:30:48,559 - DEBUG - Collected collision time for BConcave+CConcave+4100_flipped at IoU 0.15: 4466.666666666667
2025-07-16 19:30:48,559 - DEBUG - Collected collision time for BConcave+CConcave+4100_flipped at IoU 0.2: 4550.0
2025-07-16 19:30:48,559 - DEBUG - Collected collision time for BConcave+CConcave+4100_flipped at IoU 0.25: 4650.0
2025-07-16 19:30:48,560 - DEBUG - Collected collision time for BConcave+CConcave+4100_flipped at IoU 0.3: 4833.333333333333
2025-07-16 19:30:48,560 - DEBUG - Collected collision time for BConcave+CConcave+4100_flipped at IoU 0.35: nan
2025-07-16 19:30:48,560 - DEBUG - Collected collision time for BConcave+CConcave+4100_flipped at IoU 0.4: nan
2025-07-16 19:30:48,560 - DEBUG - Collected collision time for BConcave+CConcave+4100_flipped at IoU 0.45: nan
2025-07-16 19:30:48,561 - DEBUG - Collected collision time for BConcave+CConcave+4100_flipped at IoU 0.5: nan
2025-07-16 19:30:48,561 - DEBUG - Collected collision time for BConcave+CConcave+4100_flipped at IoU 0.55: nan
2025-07-16 19:30:48,561 - DEBUG - Collected collision time for BConcave+CConcave+4100_flipped at IoU 0.6: nan
2025-07-16 19:30:48,561 - DEBUG - Collected collision time for BConcave+CConcave+4100_flipped at IoU 0.65: nan
2025-07-16 19:30:48,561 - DEBUG - Collected collision time for BConcave+CConcave+4100_flipped at IoU 0.7: nan
2025-07-16 19:30:48,562 - DEBUG - Collected collision time for BConcave+CConcave+4100_flipped at IoU 0.75: nan
2025-07-16 19:30:48,562 - DEBUG - Collected collision time for BConcave+CConcave+4100_flipped at IoU 0.8: nan
2025-07-16 19:30:48,562 - DEBUG - Collected collision time for BConcave+CConcave+4100_flipped at IoU 0.85: nan
2025-07-16 19:30:48,562 - DEBUG - Collected collision time for BConcave+CConcave+4100_flipped at IoU 0.9: nan
2025-07-16 19:30:48,562 - DEBUG - Collected collision time for BConcave+CConcave+4100_flipped at IoU 0.95: nan
2025-07-16 19:30:48,563 - DEBUG - Collected collision time for BConcave+CConcave+4300 at IoU 0.05: 4483.333333333333
2025-07-16 19:30:48,563 - DEBUG - Collected collision time for BConcave+CConcave+4300 at IoU 0.1: 4600.0
2025-07-16 19:30:48,563 - DEBUG - Collected collision time for BConcave+CConcave+4300 at IoU 0.15: 4683.333333333334
2025-07-16 19:30:48,563 - DEBUG - Collected collision time for BConcave+CConcave+4300 at IoU 0.2: 4766.666666666667
2025-07-16 19:30:48,564 - DEBUG - Collected collision time for BConcave+CConcave+4300 at IoU 0.25: 4850.0
2025-07-16 19:30:48,564 - DEBUG - Collected collision time for BConcave+CConcave+4300 at IoU 0.3: 4950.0
2025-07-16 19:30:48,564 - DEBUG - Collected collision time for BConcave+CConcave+4300 at IoU 0.35: 5100.0
2025-07-16 19:30:48,564 - DEBUG - Collected collision time for BConcave+CConcave+4300 at IoU 0.4: nan
2025-07-16 19:30:48,564 - DEBUG - Collected collision time for BConcave+CConcave+4300 at IoU 0.45: nan
2025-07-16 19:30:48,565 - DEBUG - Collected collision time for BConcave+CConcave+4300 at IoU 0.5: nan
2025-07-16 19:30:48,565 - DEBUG - Collected collision time for BConcave+CConcave+4300 at IoU 0.55: nan
2025-07-16 19:30:48,565 - DEBUG - Collected collision time for BConcave+CConcave+4300 at IoU 0.6: nan
2025-07-16 19:30:48,565 - DEBUG - Collected collision time for BConcave+CConcave+4300 at IoU 0.65: nan
2025-07-16 19:30:48,566 - DEBUG - Collected collision time for BConcave+CConcave+4300 at IoU 0.7: nan
2025-07-16 19:30:48,566 - DEBUG - Collected collision time for BConcave+CConcave+4300 at IoU 0.75: nan
2025-07-16 19:30:48,566 - DEBUG - Collected collision time for BConcave+CConcave+4300 at IoU 0.8: nan
2025-07-16 19:30:48,566 - DEBUG - Collected collision time for BConcave+CConcave+4300 at IoU 0.85: nan
2025-07-16 19:30:48,566 - DEBUG - Collected collision time for BConcave+CConcave+4300 at IoU 0.9: nan
2025-07-16 19:30:48,567 - DEBUG - Collected collision time for BConcave+CConcave+4300 at IoU 0.95: nan
2025-07-16 19:30:48,567 - DEBUG - Collected collision time for BConcave+CConcave+4500_flipped at IoU 0.05: 4683.333333333334
2025-07-16 19:30:48,567 - DEBUG - Collected collision time for BConcave+CConcave+4500_flipped at IoU 0.1: 4800.0
2025-07-16 19:30:48,567 - DEBUG - Collected collision time for BConcave+CConcave+4500_flipped at IoU 0.15: 4866.666666666666
2025-07-16 19:30:48,567 - DEBUG - Collected collision time for BConcave+CConcave+4500_flipped at IoU 0.2: 4966.666666666667
2025-07-16 19:30:48,568 - DEBUG - Collected collision time for BConcave+CConcave+4500_flipped at IoU 0.25: 5033.333333333333
2025-07-16 19:30:48,568 - DEBUG - Collected collision time for BConcave+CConcave+4500_flipped at IoU 0.3: 5116.666666666666
2025-07-16 19:30:48,568 - DEBUG - Collected collision time for BConcave+CConcave+4500_flipped at IoU 0.35: 5316.666666666666
2025-07-16 19:30:48,568 - DEBUG - Collected collision time for BConcave+CConcave+4500_flipped at IoU 0.4: nan
2025-07-16 19:30:48,568 - DEBUG - Collected collision time for BConcave+CConcave+4500_flipped at IoU 0.45: nan
2025-07-16 19:30:48,569 - DEBUG - Collected collision time for BConcave+CConcave+4500_flipped at IoU 0.5: nan
2025-07-16 19:30:48,569 - DEBUG - Collected collision time for BConcave+CConcave+4500_flipped at IoU 0.55: nan
2025-07-16 19:30:48,569 - DEBUG - Collected collision time for BConcave+CConcave+4500_flipped at IoU 0.6: nan
2025-07-16 19:30:48,569 - DEBUG - Collected collision time for BConcave+CConcave+4500_flipped at IoU 0.65: nan
2025-07-16 19:30:48,570 - DEBUG - Collected collision time for BConcave+CConcave+4500_flipped at IoU 0.7: nan
2025-07-16 19:30:48,570 - DEBUG - Collected collision time for BConcave+CConcave+4500_flipped at IoU 0.75: nan
2025-07-16 19:30:48,570 - DEBUG - Collected collision time for BConcave+CConcave+4500_flipped at IoU 0.8: nan
2025-07-16 19:30:48,570 - DEBUG - Collected collision time for BConcave+CConcave+4500_flipped at IoU 0.85: nan
2025-07-16 19:30:48,570 - DEBUG - Collected collision time for BConcave+CConcave+4500_flipped at IoU 0.9: nan
2025-07-16 19:30:48,571 - DEBUG - Collected collision time for BConcave+CConcave+4500_flipped at IoU 0.95: nan
2025-07-16 19:30:48,571 - DEBUG - Collected collision time for BConcave+CConvex+3500_flipped at IoU 0.05: nan
2025-07-16 19:30:48,571 - DEBUG - Collected collision time for BConcave+CConvex+3500_flipped at IoU 0.1: nan
2025-07-16 19:30:48,571 - DEBUG - Collected collision time for BConcave+CConvex+3500_flipped at IoU 0.15: nan
2025-07-16 19:30:48,571 - DEBUG - Collected collision time for BConcave+CConvex+3500_flipped at IoU 0.2: nan
2025-07-16 19:30:48,572 - DEBUG - Collected collision time for BConcave+CConvex+3500_flipped at IoU 0.25: nan
2025-07-16 19:30:48,572 - DEBUG - Collected collision time for BConcave+CConvex+3500_flipped at IoU 0.3: nan
2025-07-16 19:30:48,572 - DEBUG - Collected collision time for BConcave+CConvex+3500_flipped at IoU 0.35: nan
2025-07-16 19:30:48,572 - DEBUG - Collected collision time for BConcave+CConvex+3500_flipped at IoU 0.4: nan
2025-07-16 19:30:48,572 - DEBUG - Collected collision time for BConcave+CConvex+3500_flipped at IoU 0.45: nan
2025-07-16 19:30:48,573 - DEBUG - Collected collision time for BConcave+CConvex+3500_flipped at IoU 0.5: nan
2025-07-16 19:30:48,573 - DEBUG - Collected collision time for BConcave+CConvex+3500_flipped at IoU 0.55: nan
2025-07-16 19:30:48,573 - DEBUG - Collected collision time for BConcave+CConvex+3500_flipped at IoU 0.6: nan
2025-07-16 19:30:48,573 - DEBUG - Collected collision time for BConcave+CConvex+3500_flipped at IoU 0.65: nan
2025-07-16 19:30:48,573 - DEBUG - Collected collision time for BConcave+CConvex+3500_flipped at IoU 0.7: nan
2025-07-16 19:30:48,574 - DEBUG - Collected collision time for BConcave+CConvex+3500_flipped at IoU 0.75: nan
2025-07-16 19:30:48,574 - DEBUG - Collected collision time for BConcave+CConvex+3500_flipped at IoU 0.8: nan
2025-07-16 19:30:48,574 - DEBUG - Collected collision time for BConcave+CConvex+3500_flipped at IoU 0.85: nan
2025-07-16 19:30:48,574 - DEBUG - Collected collision time for BConcave+CConvex+3500_flipped at IoU 0.9: nan
2025-07-16 19:30:48,575 - DEBUG - Collected collision time for BConcave+CConvex+3500_flipped at IoU 0.95: nan
2025-07-16 19:30:48,575 - DEBUG - Collected collision time for BConcave+CConvex+3700 at IoU 0.05: 3966.666666666667
2025-07-16 19:30:48,575 - DEBUG - Collected collision time for BConcave+CConvex+3700 at IoU 0.1: 4100.0
2025-07-16 19:30:48,575 - DEBUG - Collected collision time for BConcave+CConvex+3700 at IoU 0.15: 4200.0
2025-07-16 19:30:48,575 - DEBUG - Collected collision time for BConcave+CConvex+3700 at IoU 0.2: 4266.666666666667
2025-07-16 19:30:48,576 - DEBUG - Collected collision time for BConcave+CConvex+3700 at IoU 0.25: 4333.333333333333
2025-07-16 19:30:48,576 - DEBUG - Collected collision time for BConcave+CConvex+3700 at IoU 0.3: 4416.666666666667
2025-07-16 19:30:48,576 - DEBUG - Collected collision time for BConcave+CConvex+3700 at IoU 0.35: 4500.0
2025-07-16 19:30:48,577 - DEBUG - Collected collision time for BConcave+CConvex+3700 at IoU 0.4: 4666.666666666667
2025-07-16 19:30:48,577 - DEBUG - Collected collision time for BConcave+CConvex+3700 at IoU 0.45: nan
2025-07-16 19:30:48,577 - DEBUG - Collected collision time for BConcave+CConvex+3700 at IoU 0.5: nan
2025-07-16 19:30:48,577 - DEBUG - Collected collision time for BConcave+CConvex+3700 at IoU 0.55: nan
2025-07-16 19:30:48,578 - DEBUG - Collected collision time for BConcave+CConvex+3700 at IoU 0.6: nan
2025-07-16 19:30:48,578 - DEBUG - Collected collision time for BConcave+CConvex+3700 at IoU 0.65: nan
2025-07-16 19:30:48,578 - DEBUG - Collected collision time for BConcave+CConvex+3700 at IoU 0.7: nan
2025-07-16 19:30:48,578 - DEBUG - Collected collision time for BConcave+CConvex+3700 at IoU 0.75: nan
2025-07-16 19:30:48,578 - DEBUG - Collected collision time for BConcave+CConvex+3700 at IoU 0.8: nan
2025-07-16 19:30:48,579 - DEBUG - Collected collision time for BConcave+CConvex+3700 at IoU 0.85: nan
2025-07-16 19:30:48,579 - DEBUG - Collected collision time for BConcave+CConvex+3700 at IoU 0.9: nan
2025-07-16 19:30:48,579 - DEBUG - Collected collision time for BConcave+CConvex+3700 at IoU 0.95: nan
2025-07-16 19:30:48,580 - DEBUG - Collected collision time for BConcave+CConvex+3900_flipped at IoU 0.05: 4150.0
2025-07-16 19:30:48,580 - DEBUG - Collected collision time for BConcave+CConvex+3900_flipped at IoU 0.1: 4283.333333333333
2025-07-16 19:30:48,580 - DEBUG - Collected collision time for BConcave+CConvex+3900_flipped at IoU 0.15: 4400.0
2025-07-16 19:30:48,580 - DEBUG - Collected collision time for BConcave+CConvex+3900_flipped at IoU 0.2: 4483.333333333333
2025-07-16 19:30:48,581 - DEBUG - Collected collision time for BConcave+CConvex+3900_flipped at IoU 0.25: 4550.0
2025-07-16 19:30:48,581 - DEBUG - Collected collision time for BConcave+CConvex+3900_flipped at IoU 0.3: 4616.666666666666
2025-07-16 19:30:48,581 - DEBUG - Collected collision time for BConcave+CConvex+3900_flipped at IoU 0.35: 4716.666666666667
2025-07-16 19:30:48,582 - DEBUG - Collected collision time for BConcave+CConvex+3900_flipped at IoU 0.4: nan
2025-07-16 19:30:48,582 - DEBUG - Collected collision time for BConcave+CConvex+3900_flipped at IoU 0.45: nan
2025-07-16 19:30:48,582 - DEBUG - Collected collision time for BConcave+CConvex+3900_flipped at IoU 0.5: nan
2025-07-16 19:30:48,583 - DEBUG - Collected collision time for BConcave+CConvex+3900_flipped at IoU 0.55: nan
2025-07-16 19:30:48,583 - DEBUG - Collected collision time for BConcave+CConvex+3900_flipped at IoU 0.6: nan
2025-07-16 19:30:48,583 - DEBUG - Collected collision time for BConcave+CConvex+3900_flipped at IoU 0.65: nan
2025-07-16 19:30:48,583 - DEBUG - Collected collision time for BConcave+CConvex+3900_flipped at IoU 0.7: nan
2025-07-16 19:30:48,584 - DEBUG - Collected collision time for BConcave+CConvex+3900_flipped at IoU 0.75: nan
2025-07-16 19:30:48,584 - DEBUG - Collected collision time for BConcave+CConvex+3900_flipped at IoU 0.8: nan
2025-07-16 19:30:48,584 - DEBUG - Collected collision time for BConcave+CConvex+3900_flipped at IoU 0.85: nan
2025-07-16 19:30:48,584 - DEBUG - Collected collision time for BConcave+CConvex+3900_flipped at IoU 0.9: nan
2025-07-16 19:30:48,585 - DEBUG - Collected collision time for BConcave+CConvex+3900_flipped at IoU 0.95: nan
2025-07-16 19:30:48,585 - DEBUG - Collected collision time for BConcave+CConvex+4100 at IoU 0.05: 4416.666666666667
2025-07-16 19:30:48,585 - DEBUG - Collected collision time for BConcave+CConvex+4100 at IoU 0.1: 4550.0
2025-07-16 19:30:48,586 - DEBUG - Collected collision time for BConcave+CConvex+4100 at IoU 0.15: 4633.333333333334
2025-07-16 19:30:48,586 - DEBUG - Collected collision time for BConcave+CConvex+4100 at IoU 0.2: 4700.0
2025-07-16 19:30:48,587 - DEBUG - Collected collision time for BConcave+CConvex+4100 at IoU 0.25: 4766.666666666667
2025-07-16 19:30:48,587 - DEBUG - Collected collision time for BConcave+CConvex+4100 at IoU 0.3: 4933.333333333334
2025-07-16 19:30:48,587 - DEBUG - Collected collision time for BConcave+CConvex+4100 at IoU 0.35: nan
2025-07-16 19:30:48,587 - DEBUG - Collected collision time for BConcave+CConvex+4100 at IoU 0.4: nan
2025-07-16 19:30:48,587 - DEBUG - Collected collision time for BConcave+CConvex+4100 at IoU 0.45: nan
2025-07-16 19:30:48,588 - DEBUG - Collected collision time for BConcave+CConvex+4100 at IoU 0.5: nan
2025-07-16 19:30:48,588 - DEBUG - Collected collision time for BConcave+CConvex+4100 at IoU 0.55: nan
2025-07-16 19:30:48,588 - DEBUG - Collected collision time for BConcave+CConvex+4100 at IoU 0.6: nan
2025-07-16 19:30:48,588 - DEBUG - Collected collision time for BConcave+CConvex+4100 at IoU 0.65: nan
2025-07-16 19:30:48,589 - DEBUG - Collected collision time for BConcave+CConvex+4100 at IoU 0.7: nan
2025-07-16 19:30:48,589 - DEBUG - Collected collision time for BConcave+CConvex+4100 at IoU 0.75: nan
2025-07-16 19:30:48,589 - DEBUG - Collected collision time for BConcave+CConvex+4100 at IoU 0.8: nan
2025-07-16 19:30:48,590 - DEBUG - Collected collision time for BConcave+CConvex+4100 at IoU 0.85: nan
2025-07-16 19:30:48,590 - DEBUG - Collected collision time for BConcave+CConvex+4100 at IoU 0.9: nan
2025-07-16 19:30:48,590 - DEBUG - Collected collision time for BConcave+CConvex+4100 at IoU 0.95: nan
2025-07-16 19:30:48,590 - DEBUG - Collected collision time for BConcave+CConvex+4300_flipped at IoU 0.05: 4550.0
2025-07-16 19:30:48,591 - DEBUG - Collected collision time for BConcave+CConvex+4300_flipped at IoU 0.1: 4666.666666666667
2025-07-16 19:30:48,591 - DEBUG - Collected collision time for BConcave+CConvex+4300_flipped at IoU 0.15: 4766.666666666667
2025-07-16 19:30:48,591 - DEBUG - Collected collision time for BConcave+CConvex+4300_flipped at IoU 0.2: 4850.0
2025-07-16 19:30:48,592 - DEBUG - Collected collision time for BConcave+CConvex+4300_flipped at IoU 0.25: 4933.333333333334
2025-07-16 19:30:48,592 - DEBUG - Collected collision time for BConcave+CConvex+4300_flipped at IoU 0.3: 5050.0
2025-07-16 19:30:48,592 - DEBUG - Collected collision time for BConcave+CConvex+4300_flipped at IoU 0.35: nan
2025-07-16 19:30:48,592 - DEBUG - Collected collision time for BConcave+CConvex+4300_flipped at IoU 0.4: nan
2025-07-16 19:30:48,592 - DEBUG - Collected collision time for BConcave+CConvex+4300_flipped at IoU 0.45: nan
2025-07-16 19:30:48,593 - DEBUG - Collected collision time for BConcave+CConvex+4300_flipped at IoU 0.5: nan
2025-07-16 19:30:48,593 - DEBUG - Collected collision time for BConcave+CConvex+4300_flipped at IoU 0.55: nan
2025-07-16 19:30:48,593 - DEBUG - Collected collision time for BConcave+CConvex+4300_flipped at IoU 0.6: nan
2025-07-16 19:30:48,594 - DEBUG - Collected collision time for BConcave+CConvex+4300_flipped at IoU 0.65: nan
2025-07-16 19:30:48,594 - DEBUG - Collected collision time for BConcave+CConvex+4300_flipped at IoU 0.7: nan
2025-07-16 19:30:48,594 - DEBUG - Collected collision time for BConcave+CConvex+4300_flipped at IoU 0.75: nan
2025-07-16 19:30:48,595 - DEBUG - Collected collision time for BConcave+CConvex+4300_flipped at IoU 0.8: nan
2025-07-16 19:30:48,595 - DEBUG - Collected collision time for BConcave+CConvex+4300_flipped at IoU 0.85: nan
2025-07-16 19:30:48,595 - DEBUG - Collected collision time for BConcave+CConvex+4300_flipped at IoU 0.9: nan
2025-07-16 19:30:48,596 - DEBUG - Collected collision time for BConcave+CConvex+4300_flipped at IoU 0.95: nan
2025-07-16 19:30:48,596 - DEBUG - Collected collision time for BConcave+CConvex+4500 at IoU 0.05: 4766.666666666667
2025-07-16 19:30:48,596 - DEBUG - Collected collision time for BConcave+CConvex+4500 at IoU 0.1: 4900.0
2025-07-16 19:30:48,596 - DEBUG - Collected collision time for BConcave+CConvex+4500 at IoU 0.15: 5000.0
2025-07-16 19:30:48,597 - DEBUG - Collected collision time for BConcave+CConvex+4500 at IoU 0.2: 5083.333333333333
2025-07-16 19:30:48,597 - DEBUG - Collected collision time for BConcave+CConvex+4500 at IoU 0.25: 5150.0
2025-07-16 19:30:48,597 - DEBUG - Collected collision time for BConcave+CConvex+4500 at IoU 0.3: 5216.666666666667
2025-07-16 19:30:48,597 - DEBUG - Collected collision time for BConcave+CConvex+4500 at IoU 0.35: 5316.666666666666
2025-07-16 19:30:48,597 - DEBUG - Collected collision time for BConcave+CConvex+4500 at IoU 0.4: nan
2025-07-16 19:30:48,598 - DEBUG - Collected collision time for BConcave+CConvex+4500 at IoU 0.45: nan
2025-07-16 19:30:48,598 - DEBUG - Collected collision time for BConcave+CConvex+4500 at IoU 0.5: nan
2025-07-16 19:30:48,598 - DEBUG - Collected collision time for BConcave+CConvex+4500 at IoU 0.55: nan
2025-07-16 19:30:48,598 - DEBUG - Collected collision time for BConcave+CConvex+4500 at IoU 0.6: nan
2025-07-16 19:30:48,599 - DEBUG - Collected collision time for BConcave+CConvex+4500 at IoU 0.65: nan
2025-07-16 19:30:48,599 - DEBUG - Collected collision time for BConcave+CConvex+4500 at IoU 0.7: nan
2025-07-16 19:30:48,599 - DEBUG - Collected collision time for BConcave+CConvex+4500 at IoU 0.75: nan
2025-07-16 19:30:48,599 - DEBUG - Collected collision time for BConcave+CConvex+4500 at IoU 0.8: nan
2025-07-16 19:30:48,599 - DEBUG - Collected collision time for BConcave+CConvex+4500 at IoU 0.85: nan
2025-07-16 19:30:48,600 - DEBUG - Collected collision time for BConcave+CConvex+4500 at IoU 0.9: nan
2025-07-16 19:30:48,600 - DEBUG - Collected collision time for BConcave+CConvex+4500 at IoU 0.95: nan
2025-07-16 19:30:48,600 - DEBUG - Collected collision time for BConcave+DConcave+3500 at IoU 0.05: 3733.3333333333335
2025-07-16 19:30:48,600 - DEBUG - Collected collision time for BConcave+DConcave+3500 at IoU 0.1: 3833.3333333333335
2025-07-16 19:30:48,601 - DEBUG - Collected collision time for BConcave+DConcave+3500 at IoU 0.15: 3983.3333333333335
2025-07-16 19:30:48,601 - DEBUG - Collected collision time for BConcave+DConcave+3500 at IoU 0.2: 4183.333333333334
2025-07-16 19:30:48,601 - DEBUG - Collected collision time for BConcave+DConcave+3500 at IoU 0.25: nan
2025-07-16 19:30:48,601 - DEBUG - Collected collision time for BConcave+DConcave+3500 at IoU 0.3: nan
2025-07-16 19:30:48,601 - DEBUG - Collected collision time for BConcave+DConcave+3500 at IoU 0.35: nan
2025-07-16 19:30:48,602 - DEBUG - Collected collision time for BConcave+DConcave+3500 at IoU 0.4: nan
2025-07-16 19:30:48,602 - DEBUG - Collected collision time for BConcave+DConcave+3500 at IoU 0.45: nan
2025-07-16 19:30:48,602 - DEBUG - Collected collision time for BConcave+DConcave+3500 at IoU 0.5: nan
2025-07-16 19:30:48,602 - DEBUG - Collected collision time for BConcave+DConcave+3500 at IoU 0.55: nan
2025-07-16 19:30:48,603 - DEBUG - Collected collision time for BConcave+DConcave+3500 at IoU 0.6: nan
2025-07-16 19:30:48,603 - DEBUG - Collected collision time for BConcave+DConcave+3500 at IoU 0.65: nan
2025-07-16 19:30:48,603 - DEBUG - Collected collision time for BConcave+DConcave+3500 at IoU 0.7: nan
2025-07-16 19:30:48,603 - DEBUG - Collected collision time for BConcave+DConcave+3500 at IoU 0.75: nan
2025-07-16 19:30:48,604 - DEBUG - Collected collision time for BConcave+DConcave+3500 at IoU 0.8: nan
2025-07-16 19:30:48,604 - DEBUG - Collected collision time for BConcave+DConcave+3500 at IoU 0.85: nan
2025-07-16 19:30:48,604 - DEBUG - Collected collision time for BConcave+DConcave+3500 at IoU 0.9: nan
2025-07-16 19:30:48,604 - DEBUG - Collected collision time for BConcave+DConcave+3500 at IoU 0.95: nan
2025-07-16 19:30:48,605 - DEBUG - Collected collision time for BConcave+DConcave+3700_flipped at IoU 0.05: 3883.3333333333335
2025-07-16 19:30:48,605 - DEBUG - Collected collision time for BConcave+DConcave+3700_flipped at IoU 0.1: 4000.0
2025-07-16 19:30:48,605 - DEBUG - Collected collision time for BConcave+DConcave+3700_flipped at IoU 0.15: 4100.0
2025-07-16 19:30:48,605 - DEBUG - Collected collision time for BConcave+DConcave+3700_flipped at IoU 0.2: 4200.0
2025-07-16 19:30:48,605 - DEBUG - Collected collision time for BConcave+DConcave+3700_flipped at IoU 0.25: 4333.333333333333
2025-07-16 19:30:48,606 - DEBUG - Collected collision time for BConcave+DConcave+3700_flipped at IoU 0.3: 4416.666666666667
2025-07-16 19:30:48,606 - DEBUG - Collected collision time for BConcave+DConcave+3700_flipped at IoU 0.35: 4550.0
2025-07-16 19:30:48,606 - DEBUG - Collected collision time for BConcave+DConcave+3700_flipped at IoU 0.4: nan
2025-07-16 19:30:48,606 - DEBUG - Collected collision time for BConcave+DConcave+3700_flipped at IoU 0.45: nan
2025-07-16 19:30:48,607 - DEBUG - Collected collision time for BConcave+DConcave+3700_flipped at IoU 0.5: nan
2025-07-16 19:30:48,607 - DEBUG - Collected collision time for BConcave+DConcave+3700_flipped at IoU 0.55: nan
2025-07-16 19:30:48,607 - DEBUG - Collected collision time for BConcave+DConcave+3700_flipped at IoU 0.6: nan
2025-07-16 19:30:48,607 - DEBUG - Collected collision time for BConcave+DConcave+3700_flipped at IoU 0.65: nan
2025-07-16 19:30:48,607 - DEBUG - Collected collision time for BConcave+DConcave+3700_flipped at IoU 0.7: nan
2025-07-16 19:30:48,608 - DEBUG - Collected collision time for BConcave+DConcave+3700_flipped at IoU 0.75: nan
2025-07-16 19:30:48,608 - DEBUG - Collected collision time for BConcave+DConcave+3700_flipped at IoU 0.8: nan
2025-07-16 19:30:48,608 - DEBUG - Collected collision time for BConcave+DConcave+3700_flipped at IoU 0.85: nan
2025-07-16 19:30:48,608 - DEBUG - Collected collision time for BConcave+DConcave+3700_flipped at IoU 0.9: nan
2025-07-16 19:30:48,608 - DEBUG - Collected collision time for BConcave+DConcave+3700_flipped at IoU 0.95: nan
2025-07-16 19:30:48,609 - DEBUG - Collected collision time for BConcave+DConcave+3900 at IoU 0.05: 4083.333333333333
2025-07-16 19:30:48,609 - DEBUG - Collected collision time for BConcave+DConcave+3900 at IoU 0.1: 4150.0
2025-07-16 19:30:48,609 - DEBUG - Collected collision time for BConcave+DConcave+3900 at IoU 0.15: 4216.666666666667
2025-07-16 19:30:48,609 - DEBUG - Collected collision time for BConcave+DConcave+3900 at IoU 0.2: 4283.333333333333
2025-07-16 19:30:48,609 - DEBUG - Collected collision time for BConcave+DConcave+3900 at IoU 0.25: 4366.666666666666
2025-07-16 19:30:48,610 - DEBUG - Collected collision time for BConcave+DConcave+3900 at IoU 0.3: 4483.333333333333
2025-07-16 19:30:48,610 - DEBUG - Collected collision time for BConcave+DConcave+3900 at IoU 0.35: 4600.0
2025-07-16 19:30:48,610 - DEBUG - Collected collision time for BConcave+DConcave+3900 at IoU 0.4: nan
2025-07-16 19:30:48,610 - DEBUG - Collected collision time for BConcave+DConcave+3900 at IoU 0.45: nan
2025-07-16 19:30:48,610 - DEBUG - Collected collision time for BConcave+DConcave+3900 at IoU 0.5: nan
2025-07-16 19:30:48,611 - DEBUG - Collected collision time for BConcave+DConcave+3900 at IoU 0.55: nan
2025-07-16 19:30:48,611 - DEBUG - Collected collision time for BConcave+DConcave+3900 at IoU 0.6: nan
2025-07-16 19:30:48,611 - DEBUG - Collected collision time for BConcave+DConcave+3900 at IoU 0.65: nan
2025-07-16 19:30:48,611 - DEBUG - Collected collision time for BConcave+DConcave+3900 at IoU 0.7: nan
2025-07-16 19:30:48,611 - DEBUG - Collected collision time for BConcave+DConcave+3900 at IoU 0.75: nan
2025-07-16 19:30:48,612 - DEBUG - Collected collision time for BConcave+DConcave+3900 at IoU 0.8: nan
2025-07-16 19:30:48,612 - DEBUG - Collected collision time for BConcave+DConcave+3900 at IoU 0.85: nan
2025-07-16 19:30:48,612 - DEBUG - Collected collision time for BConcave+DConcave+3900 at IoU 0.9: nan
2025-07-16 19:30:48,612 - DEBUG - Collected collision time for BConcave+DConcave+3900 at IoU 0.95: nan
2025-07-16 19:30:48,612 - DEBUG - Collected collision time for BConcave+DConcave+4100_flipped at IoU 0.05: 4333.333333333333
2025-07-16 19:30:48,613 - DEBUG - Collected collision time for BConcave+DConcave+4100_flipped at IoU 0.1: 4400.0
2025-07-16 19:30:48,613 - DEBUG - Collected collision time for BConcave+DConcave+4100_flipped at IoU 0.15: 4450.0
2025-07-16 19:30:48,613 - DEBUG - Collected collision time for BConcave+DConcave+4100_flipped at IoU 0.2: 4500.0
2025-07-16 19:30:48,613 - DEBUG - Collected collision time for BConcave+DConcave+4100_flipped at IoU 0.25: 4566.666666666666
2025-07-16 19:30:48,614 - DEBUG - Collected collision time for BConcave+DConcave+4100_flipped at IoU 0.3: 4616.666666666666
2025-07-16 19:30:48,614 - DEBUG - Collected collision time for BConcave+DConcave+4100_flipped at IoU 0.35: 4683.333333333334
2025-07-16 19:30:48,614 - DEBUG - Collected collision time for BConcave+DConcave+4100_flipped at IoU 0.4: 4733.333333333333
2025-07-16 19:30:48,614 - DEBUG - Collected collision time for BConcave+DConcave+4100_flipped at IoU 0.45: 4766.666666666667
2025-07-16 19:30:48,614 - DEBUG - Collected collision time for BConcave+DConcave+4100_flipped at IoU 0.5: 4850.0
2025-07-16 19:30:48,615 - DEBUG - Collected collision time for BConcave+DConcave+4100_flipped at IoU 0.55: nan
2025-07-16 19:30:48,615 - DEBUG - Collected collision time for BConcave+DConcave+4100_flipped at IoU 0.6: nan
2025-07-16 19:30:48,615 - DEBUG - Collected collision time for BConcave+DConcave+4100_flipped at IoU 0.65: nan
2025-07-16 19:30:48,615 - DEBUG - Collected collision time for BConcave+DConcave+4100_flipped at IoU 0.7: nan
2025-07-16 19:30:48,615 - DEBUG - Collected collision time for BConcave+DConcave+4100_flipped at IoU 0.75: nan
2025-07-16 19:30:48,616 - DEBUG - Collected collision time for BConcave+DConcave+4100_flipped at IoU 0.8: nan
2025-07-16 19:30:48,616 - DEBUG - Collected collision time for BConcave+DConcave+4100_flipped at IoU 0.85: nan
2025-07-16 19:30:48,616 - DEBUG - Collected collision time for BConcave+DConcave+4100_flipped at IoU 0.9: nan
2025-07-16 19:30:48,616 - DEBUG - Collected collision time for BConcave+DConcave+4100_flipped at IoU 0.95: nan
2025-07-16 19:30:48,617 - DEBUG - Collected collision time for BConcave+DConcave+4300 at IoU 0.05: 4766.666666666667
2025-07-16 19:30:48,617 - DEBUG - Collected collision time for BConcave+DConcave+4300 at IoU 0.1: nan
2025-07-16 19:30:48,617 - DEBUG - Collected collision time for BConcave+DConcave+4300 at IoU 0.15: nan
2025-07-16 19:30:48,617 - DEBUG - Collected collision time for BConcave+DConcave+4300 at IoU 0.2: nan
2025-07-16 19:30:48,617 - DEBUG - Collected collision time for BConcave+DConcave+4300 at IoU 0.25: nan
2025-07-16 19:30:48,618 - DEBUG - Collected collision time for BConcave+DConcave+4300 at IoU 0.3: nan
2025-07-16 19:30:48,618 - DEBUG - Collected collision time for BConcave+DConcave+4300 at IoU 0.35: nan
2025-07-16 19:30:48,618 - DEBUG - Collected collision time for BConcave+DConcave+4300 at IoU 0.4: nan
2025-07-16 19:30:48,618 - DEBUG - Collected collision time for BConcave+DConcave+4300 at IoU 0.45: nan
2025-07-16 19:30:48,618 - DEBUG - Collected collision time for BConcave+DConcave+4300 at IoU 0.5: nan
2025-07-16 19:30:48,619 - DEBUG - Collected collision time for BConcave+DConcave+4300 at IoU 0.55: nan
2025-07-16 19:30:48,619 - DEBUG - Collected collision time for BConcave+DConcave+4300 at IoU 0.6: nan
2025-07-16 19:30:48,619 - DEBUG - Collected collision time for BConcave+DConcave+4300 at IoU 0.65: nan
2025-07-16 19:30:48,619 - DEBUG - Collected collision time for BConcave+DConcave+4300 at IoU 0.7: nan
2025-07-16 19:30:48,619 - DEBUG - Collected collision time for BConcave+DConcave+4300 at IoU 0.75: nan
2025-07-16 19:30:48,620 - DEBUG - Collected collision time for BConcave+DConcave+4300 at IoU 0.8: nan
2025-07-16 19:30:48,620 - DEBUG - Collected collision time for BConcave+DConcave+4300 at IoU 0.85: nan
2025-07-16 19:30:48,620 - DEBUG - Collected collision time for BConcave+DConcave+4300 at IoU 0.9: nan
2025-07-16 19:30:48,620 - DEBUG - Collected collision time for BConcave+DConcave+4300 at IoU 0.95: nan
2025-07-16 19:30:48,620 - DEBUG - Collected collision time for BConcave+DConcave+4500_flipped at IoU 0.05: nan
2025-07-16 19:30:48,621 - DEBUG - Collected collision time for BConcave+DConcave+4500_flipped at IoU 0.1: nan
2025-07-16 19:30:48,621 - DEBUG - Collected collision time for BConcave+DConcave+4500_flipped at IoU 0.15: nan
2025-07-16 19:30:48,621 - DEBUG - Collected collision time for BConcave+DConcave+4500_flipped at IoU 0.2: nan
2025-07-16 19:30:48,621 - DEBUG - Collected collision time for BConcave+DConcave+4500_flipped at IoU 0.25: nan
2025-07-16 19:30:48,622 - DEBUG - Collected collision time for BConcave+DConcave+4500_flipped at IoU 0.3: nan
2025-07-16 19:30:48,622 - DEBUG - Collected collision time for BConcave+DConcave+4500_flipped at IoU 0.35: nan
2025-07-16 19:30:48,622 - DEBUG - Collected collision time for BConcave+DConcave+4500_flipped at IoU 0.4: nan
2025-07-16 19:30:48,622 - DEBUG - Collected collision time for BConcave+DConcave+4500_flipped at IoU 0.45: nan
2025-07-16 19:30:48,622 - DEBUG - Collected collision time for BConcave+DConcave+4500_flipped at IoU 0.5: nan
2025-07-16 19:30:48,623 - DEBUG - Collected collision time for BConcave+DConcave+4500_flipped at IoU 0.55: nan
2025-07-16 19:30:48,623 - DEBUG - Collected collision time for BConcave+DConcave+4500_flipped at IoU 0.6: nan
2025-07-16 19:30:48,623 - DEBUG - Collected collision time for BConcave+DConcave+4500_flipped at IoU 0.65: nan
2025-07-16 19:30:48,623 - DEBUG - Collected collision time for BConcave+DConcave+4500_flipped at IoU 0.7: nan
2025-07-16 19:30:48,624 - DEBUG - Collected collision time for BConcave+DConcave+4500_flipped at IoU 0.75: nan
2025-07-16 19:30:48,624 - DEBUG - Collected collision time for BConcave+DConcave+4500_flipped at IoU 0.8: nan
2025-07-16 19:30:48,624 - DEBUG - Collected collision time for BConcave+DConcave+4500_flipped at IoU 0.85: nan
2025-07-16 19:30:48,624 - DEBUG - Collected collision time for BConcave+DConcave+4500_flipped at IoU 0.9: nan
2025-07-16 19:30:48,624 - DEBUG - Collected collision time for BConcave+DConcave+4500_flipped at IoU 0.95: nan
2025-07-16 19:30:48,625 - DEBUG - Collected collision time for BConcave+DConvex+3500_flipped at IoU 0.05: nan
2025-07-16 19:30:48,625 - DEBUG - Collected collision time for BConcave+DConvex+3500_flipped at IoU 0.1: nan
2025-07-16 19:30:48,625 - DEBUG - Collected collision time for BConcave+DConvex+3500_flipped at IoU 0.15: nan
2025-07-16 19:30:48,626 - DEBUG - Collected collision time for BConcave+DConvex+3500_flipped at IoU 0.2: nan
2025-07-16 19:30:48,626 - DEBUG - Collected collision time for BConcave+DConvex+3500_flipped at IoU 0.25: nan
2025-07-16 19:30:48,626 - DEBUG - Collected collision time for BConcave+DConvex+3500_flipped at IoU 0.3: nan
2025-07-16 19:30:48,626 - DEBUG - Collected collision time for BConcave+DConvex+3500_flipped at IoU 0.35: nan
2025-07-16 19:30:48,626 - DEBUG - Collected collision time for BConcave+DConvex+3500_flipped at IoU 0.4: nan
2025-07-16 19:30:48,627 - DEBUG - Collected collision time for BConcave+DConvex+3500_flipped at IoU 0.45: nan
2025-07-16 19:30:48,627 - DEBUG - Collected collision time for BConcave+DConvex+3500_flipped at IoU 0.5: nan
2025-07-16 19:30:48,627 - DEBUG - Collected collision time for BConcave+DConvex+3500_flipped at IoU 0.55: nan
2025-07-16 19:30:48,627 - DEBUG - Collected collision time for BConcave+DConvex+3500_flipped at IoU 0.6: nan
2025-07-16 19:30:48,627 - DEBUG - Collected collision time for BConcave+DConvex+3500_flipped at IoU 0.65: nan
2025-07-16 19:30:48,628 - DEBUG - Collected collision time for BConcave+DConvex+3500_flipped at IoU 0.7: nan
2025-07-16 19:30:48,628 - DEBUG - Collected collision time for BConcave+DConvex+3500_flipped at IoU 0.75: nan
2025-07-16 19:30:48,628 - DEBUG - Collected collision time for BConcave+DConvex+3500_flipped at IoU 0.8: nan
2025-07-16 19:30:48,628 - DEBUG - Collected collision time for BConcave+DConvex+3500_flipped at IoU 0.85: nan
2025-07-16 19:30:48,629 - DEBUG - Collected collision time for BConcave+DConvex+3500_flipped at IoU 0.9: nan
2025-07-16 19:30:48,629 - DEBUG - Collected collision time for BConcave+DConvex+3500_flipped at IoU 0.95: nan
2025-07-16 19:30:48,629 - DEBUG - Collected collision time for BConcave+DConvex+3700 at IoU 0.05: 4600.0
2025-07-16 19:30:48,629 - DEBUG - Collected collision time for BConcave+DConvex+3700 at IoU 0.1: 4650.0
2025-07-16 19:30:48,630 - DEBUG - Collected collision time for BConcave+DConvex+3700 at IoU 0.15: 4700.0
2025-07-16 19:30:48,630 - DEBUG - Collected collision time for BConcave+DConvex+3700 at IoU 0.2: 4783.333333333333
2025-07-16 19:30:48,630 - DEBUG - Collected collision time for BConcave+DConvex+3700 at IoU 0.25: nan
2025-07-16 19:30:48,630 - DEBUG - Collected collision time for BConcave+DConvex+3700 at IoU 0.3: nan
2025-07-16 19:30:48,630 - DEBUG - Collected collision time for BConcave+DConvex+3700 at IoU 0.35: nan
2025-07-16 19:30:48,631 - DEBUG - Collected collision time for BConcave+DConvex+3700 at IoU 0.4: nan
2025-07-16 19:30:48,631 - DEBUG - Collected collision time for BConcave+DConvex+3700 at IoU 0.45: nan
2025-07-16 19:30:48,631 - DEBUG - Collected collision time for BConcave+DConvex+3700 at IoU 0.5: nan
2025-07-16 19:30:48,631 - DEBUG - Collected collision time for BConcave+DConvex+3700 at IoU 0.55: nan
2025-07-16 19:30:48,632 - DEBUG - Collected collision time for BConcave+DConvex+3700 at IoU 0.6: nan
2025-07-16 19:30:48,632 - DEBUG - Collected collision time for BConcave+DConvex+3700 at IoU 0.65: nan
2025-07-16 19:30:48,632 - DEBUG - Collected collision time for BConcave+DConvex+3700 at IoU 0.7: nan
2025-07-16 19:30:48,632 - DEBUG - Collected collision time for BConcave+DConvex+3700 at IoU 0.75: nan
2025-07-16 19:30:48,632 - DEBUG - Collected collision time for BConcave+DConvex+3700 at IoU 0.8: nan
2025-07-16 19:30:48,633 - DEBUG - Collected collision time for BConcave+DConvex+3700 at IoU 0.85: nan
2025-07-16 19:30:48,633 - DEBUG - Collected collision time for BConcave+DConvex+3700 at IoU 0.9: nan
2025-07-16 19:30:48,633 - DEBUG - Collected collision time for BConcave+DConvex+3700 at IoU 0.95: nan
2025-07-16 19:30:48,633 - DEBUG - Collected collision time for BConcave+DConvex+3900_flipped at IoU 0.05: 4316.666666666666
2025-07-16 19:30:48,634 - DEBUG - Collected collision time for BConcave+DConvex+3900_flipped at IoU 0.1: 4483.333333333333
2025-07-16 19:30:48,634 - DEBUG - Collected collision time for BConcave+DConvex+3900_flipped at IoU 0.15: 4566.666666666666
2025-07-16 19:30:48,634 - DEBUG - Collected collision time for BConcave+DConvex+3900_flipped at IoU 0.2: 4916.666666666667
2025-07-16 19:30:48,634 - DEBUG - Collected collision time for BConcave+DConvex+3900_flipped at IoU 0.25: nan
2025-07-16 19:30:48,634 - DEBUG - Collected collision time for BConcave+DConvex+3900_flipped at IoU 0.3: nan
2025-07-16 19:30:48,635 - DEBUG - Collected collision time for BConcave+DConvex+3900_flipped at IoU 0.35: nan
2025-07-16 19:30:48,635 - DEBUG - Collected collision time for BConcave+DConvex+3900_flipped at IoU 0.4: nan
2025-07-16 19:30:48,635 - DEBUG - Collected collision time for BConcave+DConvex+3900_flipped at IoU 0.45: nan
2025-07-16 19:30:48,635 - DEBUG - Collected collision time for BConcave+DConvex+3900_flipped at IoU 0.5: nan
2025-07-16 19:30:48,635 - DEBUG - Collected collision time for BConcave+DConvex+3900_flipped at IoU 0.55: nan
2025-07-16 19:30:48,636 - DEBUG - Collected collision time for BConcave+DConvex+3900_flipped at IoU 0.6: nan
2025-07-16 19:30:48,636 - DEBUG - Collected collision time for BConcave+DConvex+3900_flipped at IoU 0.65: nan
2025-07-16 19:30:48,636 - DEBUG - Collected collision time for BConcave+DConvex+3900_flipped at IoU 0.7: nan
2025-07-16 19:30:48,636 - DEBUG - Collected collision time for BConcave+DConvex+3900_flipped at IoU 0.75: nan
2025-07-16 19:30:48,637 - DEBUG - Collected collision time for BConcave+DConvex+3900_flipped at IoU 0.8: nan
2025-07-16 19:30:48,637 - DEBUG - Collected collision time for BConcave+DConvex+3900_flipped at IoU 0.85: nan
2025-07-16 19:30:48,637 - DEBUG - Collected collision time for BConcave+DConvex+3900_flipped at IoU 0.9: nan
2025-07-16 19:30:48,637 - DEBUG - Collected collision time for BConcave+DConvex+3900_flipped at IoU 0.95: nan
2025-07-16 19:30:48,637 - DEBUG - Collected collision time for BConcave+DConvex+4100 at IoU 0.05: 4700.0
2025-07-16 19:30:48,638 - DEBUG - Collected collision time for BConcave+DConvex+4100 at IoU 0.1: 4866.666666666666
2025-07-16 19:30:48,638 - DEBUG - Collected collision time for BConcave+DConvex+4100 at IoU 0.15: 5083.333333333333
2025-07-16 19:30:48,638 - DEBUG - Collected collision time for BConcave+DConvex+4100 at IoU 0.2: nan
2025-07-16 19:30:48,638 - DEBUG - Collected collision time for BConcave+DConvex+4100 at IoU 0.25: nan
2025-07-16 19:30:48,638 - DEBUG - Collected collision time for BConcave+DConvex+4100 at IoU 0.3: nan
2025-07-16 19:30:48,639 - DEBUG - Collected collision time for BConcave+DConvex+4100 at IoU 0.35: nan
2025-07-16 19:30:48,639 - DEBUG - Collected collision time for BConcave+DConvex+4100 at IoU 0.4: nan
2025-07-16 19:30:48,639 - DEBUG - Collected collision time for BConcave+DConvex+4100 at IoU 0.45: nan
2025-07-16 19:30:48,639 - DEBUG - Collected collision time for BConcave+DConvex+4100 at IoU 0.5: nan
2025-07-16 19:30:48,639 - DEBUG - Collected collision time for BConcave+DConvex+4100 at IoU 0.55: nan
2025-07-16 19:30:48,640 - DEBUG - Collected collision time for BConcave+DConvex+4100 at IoU 0.6: nan
2025-07-16 19:30:48,640 - DEBUG - Collected collision time for BConcave+DConvex+4100 at IoU 0.65: nan
2025-07-16 19:30:48,640 - DEBUG - Collected collision time for BConcave+DConvex+4100 at IoU 0.7: nan
2025-07-16 19:30:48,640 - DEBUG - Collected collision time for BConcave+DConvex+4100 at IoU 0.75: nan
2025-07-16 19:30:48,640 - DEBUG - Collected collision time for BConcave+DConvex+4100 at IoU 0.8: nan
2025-07-16 19:30:48,641 - DEBUG - Collected collision time for BConcave+DConvex+4100 at IoU 0.85: nan
2025-07-16 19:30:48,641 - DEBUG - Collected collision time for BConcave+DConvex+4100 at IoU 0.9: nan
2025-07-16 19:30:48,641 - DEBUG - Collected collision time for BConcave+DConvex+4100 at IoU 0.95: nan
2025-07-16 19:30:48,641 - DEBUG - Collected collision time for BConcave+DConvex+4300_flipped at IoU 0.05: 4716.666666666667
2025-07-16 19:30:48,642 - DEBUG - Collected collision time for BConcave+DConvex+4300_flipped at IoU 0.1: 4850.0
2025-07-16 19:30:48,642 - DEBUG - Collected collision time for BConcave+DConvex+4300_flipped at IoU 0.15: 4916.666666666667
2025-07-16 19:30:48,642 - DEBUG - Collected collision time for BConcave+DConvex+4300_flipped at IoU 0.2: 5016.666666666667
2025-07-16 19:30:48,642 - DEBUG - Collected collision time for BConcave+DConvex+4300_flipped at IoU 0.25: 5283.333333333333
2025-07-16 19:30:48,643 - DEBUG - Collected collision time for BConcave+DConvex+4300_flipped at IoU 0.3: 5433.333333333334
2025-07-16 19:30:48,643 - DEBUG - Collected collision time for BConcave+DConvex+4300_flipped at IoU 0.35: nan
2025-07-16 19:30:48,643 - DEBUG - Collected collision time for BConcave+DConvex+4300_flipped at IoU 0.4: nan
2025-07-16 19:30:48,643 - DEBUG - Collected collision time for BConcave+DConvex+4300_flipped at IoU 0.45: nan
2025-07-16 19:30:48,644 - DEBUG - Collected collision time for BConcave+DConvex+4300_flipped at IoU 0.5: nan
2025-07-16 19:30:48,644 - DEBUG - Collected collision time for BConcave+DConvex+4300_flipped at IoU 0.55: nan
2025-07-16 19:30:48,644 - DEBUG - Collected collision time for BConcave+DConvex+4300_flipped at IoU 0.6: nan
2025-07-16 19:30:48,645 - DEBUG - Collected collision time for BConcave+DConvex+4300_flipped at IoU 0.65: nan
2025-07-16 19:30:48,645 - DEBUG - Collected collision time for BConcave+DConvex+4300_flipped at IoU 0.7: nan
2025-07-16 19:30:48,645 - DEBUG - Collected collision time for BConcave+DConvex+4300_flipped at IoU 0.75: nan
2025-07-16 19:30:48,645 - DEBUG - Collected collision time for BConcave+DConvex+4300_flipped at IoU 0.8: nan
2025-07-16 19:30:48,646 - DEBUG - Collected collision time for BConcave+DConvex+4300_flipped at IoU 0.85: nan
2025-07-16 19:30:48,646 - DEBUG - Collected collision time for BConcave+DConvex+4300_flipped at IoU 0.9: nan
2025-07-16 19:30:48,646 - DEBUG - Collected collision time for BConcave+DConvex+4300_flipped at IoU 0.95: nan
2025-07-16 19:30:48,646 - DEBUG - Collected collision time for BConcave+DConvex+4500 at IoU 0.05: 5083.333333333333
2025-07-16 19:30:48,647 - DEBUG - Collected collision time for BConcave+DConvex+4500 at IoU 0.1: 5166.666666666667
2025-07-16 19:30:48,647 - DEBUG - Collected collision time for BConcave+DConvex+4500 at IoU 0.15: 5266.666666666667
2025-07-16 19:30:48,647 - DEBUG - Collected collision time for BConcave+DConvex+4500 at IoU 0.2: nan
2025-07-16 19:30:48,647 - DEBUG - Collected collision time for BConcave+DConvex+4500 at IoU 0.25: nan
2025-07-16 19:30:48,648 - DEBUG - Collected collision time for BConcave+DConvex+4500 at IoU 0.3: nan
2025-07-16 19:30:48,648 - DEBUG - Collected collision time for BConcave+DConvex+4500 at IoU 0.35: nan
2025-07-16 19:30:48,648 - DEBUG - Collected collision time for BConcave+DConvex+4500 at IoU 0.4: nan
2025-07-16 19:30:48,648 - DEBUG - Collected collision time for BConcave+DConvex+4500 at IoU 0.45: nan
2025-07-16 19:30:48,649 - DEBUG - Collected collision time for BConcave+DConvex+4500 at IoU 0.5: nan
2025-07-16 19:30:48,649 - DEBUG - Collected collision time for BConcave+DConvex+4500 at IoU 0.55: nan
2025-07-16 19:30:48,649 - DEBUG - Collected collision time for BConcave+DConvex+4500 at IoU 0.6: nan
2025-07-16 19:30:48,649 - DEBUG - Collected collision time for BConcave+DConvex+4500 at IoU 0.65: nan
2025-07-16 19:30:48,650 - DEBUG - Collected collision time for BConcave+DConvex+4500 at IoU 0.7: nan
2025-07-16 19:30:48,650 - DEBUG - Collected collision time for BConcave+DConvex+4500 at IoU 0.75: nan
2025-07-16 19:30:48,650 - DEBUG - Collected collision time for BConcave+DConvex+4500 at IoU 0.8: nan
2025-07-16 19:30:48,650 - DEBUG - Collected collision time for BConcave+DConvex+4500 at IoU 0.85: nan
2025-07-16 19:30:48,651 - DEBUG - Collected collision time for BConcave+DConvex+4500 at IoU 0.9: nan
2025-07-16 19:30:48,651 - DEBUG - Collected collision time for BConcave+DConvex+4500 at IoU 0.95: nan
2025-07-16 19:30:48,651 - DEBUG - Collected collision time for BConcave+EConcave+3500_flipped at IoU 0.05: 3700.0
2025-07-16 19:30:48,652 - DEBUG - Collected collision time for BConcave+EConcave+3500_flipped at IoU 0.1: 3850.0
2025-07-16 19:30:48,652 - DEBUG - Collected collision time for BConcave+EConcave+3500_flipped at IoU 0.15: 4000.0
2025-07-16 19:30:48,652 - DEBUG - Collected collision time for BConcave+EConcave+3500_flipped at IoU 0.2: nan
2025-07-16 19:30:48,652 - DEBUG - Collected collision time for BConcave+EConcave+3500_flipped at IoU 0.25: nan
2025-07-16 19:30:48,652 - DEBUG - Collected collision time for BConcave+EConcave+3500_flipped at IoU 0.3: nan
2025-07-16 19:30:48,653 - DEBUG - Collected collision time for BConcave+EConcave+3500_flipped at IoU 0.35: nan
2025-07-16 19:30:48,653 - DEBUG - Collected collision time for BConcave+EConcave+3500_flipped at IoU 0.4: nan
2025-07-16 19:30:48,653 - DEBUG - Collected collision time for BConcave+EConcave+3500_flipped at IoU 0.45: nan
2025-07-16 19:30:48,653 - DEBUG - Collected collision time for BConcave+EConcave+3500_flipped at IoU 0.5: nan
2025-07-16 19:30:48,654 - DEBUG - Collected collision time for BConcave+EConcave+3500_flipped at IoU 0.55: nan
2025-07-16 19:30:48,654 - DEBUG - Collected collision time for BConcave+EConcave+3500_flipped at IoU 0.6: nan
2025-07-16 19:30:48,654 - DEBUG - Collected collision time for BConcave+EConcave+3500_flipped at IoU 0.65: nan
2025-07-16 19:30:48,654 - DEBUG - Collected collision time for BConcave+EConcave+3500_flipped at IoU 0.7: nan
2025-07-16 19:30:48,655 - DEBUG - Collected collision time for BConcave+EConcave+3500_flipped at IoU 0.75: nan
2025-07-16 19:30:48,655 - DEBUG - Collected collision time for BConcave+EConcave+3500_flipped at IoU 0.8: nan
2025-07-16 19:30:48,655 - DEBUG - Collected collision time for BConcave+EConcave+3500_flipped at IoU 0.85: nan
2025-07-16 19:30:48,656 - DEBUG - Collected collision time for BConcave+EConcave+3500_flipped at IoU 0.9: nan
2025-07-16 19:30:48,656 - DEBUG - Collected collision time for BConcave+EConcave+3500_flipped at IoU 0.95: nan
2025-07-16 19:30:48,656 - DEBUG - Collected collision time for BConcave+EConcave+3700 at IoU 0.05: 3900.0
2025-07-16 19:30:48,656 - DEBUG - Collected collision time for BConcave+EConcave+3700 at IoU 0.1: 4033.333333333333
2025-07-16 19:30:48,657 - DEBUG - Collected collision time for BConcave+EConcave+3700 at IoU 0.15: 4283.333333333333
2025-07-16 19:30:48,657 - DEBUG - Collected collision time for BConcave+EConcave+3700 at IoU 0.2: nan
2025-07-16 19:30:48,657 - DEBUG - Collected collision time for BConcave+EConcave+3700 at IoU 0.25: nan
2025-07-16 19:30:48,657 - DEBUG - Collected collision time for BConcave+EConcave+3700 at IoU 0.3: nan
2025-07-16 19:30:48,658 - DEBUG - Collected collision time for BConcave+EConcave+3700 at IoU 0.35: nan
2025-07-16 19:30:48,658 - DEBUG - Collected collision time for BConcave+EConcave+3700 at IoU 0.4: nan
2025-07-16 19:30:48,658 - DEBUG - Collected collision time for BConcave+EConcave+3700 at IoU 0.45: nan
2025-07-16 19:30:48,658 - DEBUG - Collected collision time for BConcave+EConcave+3700 at IoU 0.5: nan
2025-07-16 19:30:48,659 - DEBUG - Collected collision time for BConcave+EConcave+3700 at IoU 0.55: nan
2025-07-16 19:30:48,659 - DEBUG - Collected collision time for BConcave+EConcave+3700 at IoU 0.6: nan
2025-07-16 19:30:48,659 - DEBUG - Collected collision time for BConcave+EConcave+3700 at IoU 0.65: nan
2025-07-16 19:30:48,659 - DEBUG - Collected collision time for BConcave+EConcave+3700 at IoU 0.7: nan
2025-07-16 19:30:48,660 - DEBUG - Collected collision time for BConcave+EConcave+3700 at IoU 0.75: nan
2025-07-16 19:30:48,660 - DEBUG - Collected collision time for BConcave+EConcave+3700 at IoU 0.8: nan
2025-07-16 19:30:48,660 - DEBUG - Collected collision time for BConcave+EConcave+3700 at IoU 0.85: nan
2025-07-16 19:30:48,661 - DEBUG - Collected collision time for BConcave+EConcave+3700 at IoU 0.9: nan
2025-07-16 19:30:48,661 - DEBUG - Collected collision time for BConcave+EConcave+3700 at IoU 0.95: nan
2025-07-16 19:30:48,661 - DEBUG - Collected collision time for BConcave+EConcave+3900_flipped at IoU 0.05: 4066.6666666666665
2025-07-16 19:30:48,661 - DEBUG - Collected collision time for BConcave+EConcave+3900_flipped at IoU 0.1: 4116.666666666666
2025-07-16 19:30:48,662 - DEBUG - Collected collision time for BConcave+EConcave+3900_flipped at IoU 0.15: 4283.333333333333
2025-07-16 19:30:48,662 - DEBUG - Collected collision time for BConcave+EConcave+3900_flipped at IoU 0.2: 4383.333333333334
2025-07-16 19:30:48,662 - DEBUG - Collected collision time for BConcave+EConcave+3900_flipped at IoU 0.25: nan
2025-07-16 19:30:48,663 - DEBUG - Collected collision time for BConcave+EConcave+3900_flipped at IoU 0.3: nan
2025-07-16 19:30:48,663 - DEBUG - Collected collision time for BConcave+EConcave+3900_flipped at IoU 0.35: nan
2025-07-16 19:30:48,663 - DEBUG - Collected collision time for BConcave+EConcave+3900_flipped at IoU 0.4: nan
2025-07-16 19:30:48,663 - DEBUG - Collected collision time for BConcave+EConcave+3900_flipped at IoU 0.45: nan
2025-07-16 19:30:48,664 - DEBUG - Collected collision time for BConcave+EConcave+3900_flipped at IoU 0.5: nan
2025-07-16 19:30:48,664 - DEBUG - Collected collision time for BConcave+EConcave+3900_flipped at IoU 0.55: nan
2025-07-16 19:30:48,664 - DEBUG - Collected collision time for BConcave+EConcave+3900_flipped at IoU 0.6: nan
2025-07-16 19:30:48,664 - DEBUG - Collected collision time for BConcave+EConcave+3900_flipped at IoU 0.65: nan
2025-07-16 19:30:48,666 - DEBUG - Collected collision time for BConcave+EConcave+3900_flipped at IoU 0.7: nan
2025-07-16 19:30:48,666 - DEBUG - Collected collision time for BConcave+EConcave+3900_flipped at IoU 0.75: nan
2025-07-16 19:30:48,666 - DEBUG - Collected collision time for BConcave+EConcave+3900_flipped at IoU 0.8: nan
2025-07-16 19:30:48,667 - DEBUG - Collected collision time for BConcave+EConcave+3900_flipped at IoU 0.85: nan
2025-07-16 19:30:48,667 - DEBUG - Collected collision time for BConcave+EConcave+3900_flipped at IoU 0.9: nan
2025-07-16 19:30:48,667 - DEBUG - Collected collision time for BConcave+EConcave+3900_flipped at IoU 0.95: nan
2025-07-16 19:30:48,668 - DEBUG - Collected collision time for BConcave+EConcave+4100 at IoU 0.05: 4300.0
2025-07-16 19:30:48,668 - DEBUG - Collected collision time for BConcave+EConcave+4100 at IoU 0.1: 4416.666666666667
2025-07-16 19:30:48,668 - DEBUG - Collected collision time for BConcave+EConcave+4100 at IoU 0.15: 4566.666666666666
2025-07-16 19:30:48,668 - DEBUG - Collected collision time for BConcave+EConcave+4100 at IoU 0.2: nan
2025-07-16 19:30:48,669 - DEBUG - Collected collision time for BConcave+EConcave+4100 at IoU 0.25: nan
2025-07-16 19:30:48,669 - DEBUG - Collected collision time for BConcave+EConcave+4100 at IoU 0.3: nan
2025-07-16 19:30:48,669 - DEBUG - Collected collision time for BConcave+EConcave+4100 at IoU 0.35: nan
2025-07-16 19:30:48,670 - DEBUG - Collected collision time for BConcave+EConcave+4100 at IoU 0.4: nan
2025-07-16 19:30:48,670 - DEBUG - Collected collision time for BConcave+EConcave+4100 at IoU 0.45: nan
2025-07-16 19:30:48,670 - DEBUG - Collected collision time for BConcave+EConcave+4100 at IoU 0.5: nan
2025-07-16 19:30:48,670 - DEBUG - Collected collision time for BConcave+EConcave+4100 at IoU 0.55: nan
2025-07-16 19:30:48,671 - DEBUG - Collected collision time for BConcave+EConcave+4100 at IoU 0.6: nan
2025-07-16 19:30:48,671 - DEBUG - Collected collision time for BConcave+EConcave+4100 at IoU 0.65: nan
2025-07-16 19:30:48,671 - DEBUG - Collected collision time for BConcave+EConcave+4100 at IoU 0.7: nan
2025-07-16 19:30:48,671 - DEBUG - Collected collision time for BConcave+EConcave+4100 at IoU 0.75: nan
2025-07-16 19:30:48,672 - DEBUG - Collected collision time for BConcave+EConcave+4100 at IoU 0.8: nan
2025-07-16 19:30:48,672 - DEBUG - Collected collision time for BConcave+EConcave+4100 at IoU 0.85: nan
2025-07-16 19:30:48,672 - DEBUG - Collected collision time for BConcave+EConcave+4100 at IoU 0.9: nan
2025-07-16 19:30:48,673 - DEBUG - Collected collision time for BConcave+EConcave+4100 at IoU 0.95: nan
2025-07-16 19:30:48,673 - DEBUG - Collected collision time for BConcave+EConcave+4300_flipped at IoU 0.05: 4500.0
2025-07-16 19:30:48,673 - DEBUG - Collected collision time for BConcave+EConcave+4300_flipped at IoU 0.1: 4633.333333333334
2025-07-16 19:30:48,673 - DEBUG - Collected collision time for BConcave+EConcave+4300_flipped at IoU 0.15: nan
2025-07-16 19:30:48,674 - DEBUG - Collected collision time for BConcave+EConcave+4300_flipped at IoU 0.2: nan
2025-07-16 19:30:48,674 - DEBUG - Collected collision time for BConcave+EConcave+4300_flipped at IoU 0.25: nan
2025-07-16 19:30:48,674 - DEBUG - Collected collision time for BConcave+EConcave+4300_flipped at IoU 0.3: nan
2025-07-16 19:30:48,675 - DEBUG - Collected collision time for BConcave+EConcave+4300_flipped at IoU 0.35: nan
2025-07-16 19:30:48,675 - DEBUG - Collected collision time for BConcave+EConcave+4300_flipped at IoU 0.4: nan
2025-07-16 19:30:48,675 - DEBUG - Collected collision time for BConcave+EConcave+4300_flipped at IoU 0.45: nan
2025-07-16 19:30:48,675 - DEBUG - Collected collision time for BConcave+EConcave+4300_flipped at IoU 0.5: nan
2025-07-16 19:30:48,676 - DEBUG - Collected collision time for BConcave+EConcave+4300_flipped at IoU 0.55: nan
2025-07-16 19:30:48,676 - DEBUG - Collected collision time for BConcave+EConcave+4300_flipped at IoU 0.6: nan
2025-07-16 19:30:48,676 - DEBUG - Collected collision time for BConcave+EConcave+4300_flipped at IoU 0.65: nan
2025-07-16 19:30:48,677 - DEBUG - Collected collision time for BConcave+EConcave+4300_flipped at IoU 0.7: nan
2025-07-16 19:30:48,677 - DEBUG - Collected collision time for BConcave+EConcave+4300_flipped at IoU 0.75: nan
2025-07-16 19:30:48,678 - DEBUG - Collected collision time for BConcave+EConcave+4300_flipped at IoU 0.8: nan
2025-07-16 19:30:48,678 - DEBUG - Collected collision time for BConcave+EConcave+4300_flipped at IoU 0.85: nan
2025-07-16 19:30:48,678 - DEBUG - Collected collision time for BConcave+EConcave+4300_flipped at IoU 0.9: nan
2025-07-16 19:30:48,678 - DEBUG - Collected collision time for BConcave+EConcave+4300_flipped at IoU 0.95: nan
2025-07-16 19:30:48,679 - DEBUG - Collected collision time for BConcave+EConcave+4500 at IoU 0.05: 3966.666666666667
2025-07-16 19:30:48,679 - DEBUG - Collected collision time for BConcave+EConcave+4500 at IoU 0.1: 4150.0
2025-07-16 19:30:48,679 - DEBUG - Collected collision time for BConcave+EConcave+4500 at IoU 0.15: 4283.333333333333
2025-07-16 19:30:48,679 - DEBUG - Collected collision time for BConcave+EConcave+4500 at IoU 0.2: 4416.666666666667
2025-07-16 19:30:48,680 - DEBUG - Collected collision time for BConcave+EConcave+4500 at IoU 0.25: 4533.333333333333
2025-07-16 19:30:48,680 - DEBUG - Collected collision time for BConcave+EConcave+4500 at IoU 0.3: 4650.0
2025-07-16 19:30:48,680 - DEBUG - Collected collision time for BConcave+EConcave+4500 at IoU 0.35: 4750.0
2025-07-16 19:30:48,680 - DEBUG - Collected collision time for BConcave+EConcave+4500 at IoU 0.4: nan
2025-07-16 19:30:48,681 - DEBUG - Collected collision time for BConcave+EConcave+4500 at IoU 0.45: nan
2025-07-16 19:30:48,681 - DEBUG - Collected collision time for BConcave+EConcave+4500 at IoU 0.5: nan
2025-07-16 19:30:48,682 - DEBUG - Collected collision time for BConcave+EConcave+4500 at IoU 0.55: nan
2025-07-16 19:30:48,682 - DEBUG - Collected collision time for BConcave+EConcave+4500 at IoU 0.6: nan
2025-07-16 19:30:48,682 - DEBUG - Collected collision time for BConcave+EConcave+4500 at IoU 0.65: nan
2025-07-16 19:30:48,683 - DEBUG - Collected collision time for BConcave+EConcave+4500 at IoU 0.7: nan
2025-07-16 19:30:48,683 - DEBUG - Collected collision time for BConcave+EConcave+4500 at IoU 0.75: nan
2025-07-16 19:30:48,683 - DEBUG - Collected collision time for BConcave+EConcave+4500 at IoU 0.8: nan
2025-07-16 19:30:48,683 - DEBUG - Collected collision time for BConcave+EConcave+4500 at IoU 0.85: nan
2025-07-16 19:30:48,684 - DEBUG - Collected collision time for BConcave+EConcave+4500 at IoU 0.9: nan
2025-07-16 19:30:48,684 - DEBUG - Collected collision time for BConcave+EConcave+4500 at IoU 0.95: nan
2025-07-16 19:30:48,684 - DEBUG - Collected collision time for BConcave+EConvex+3500 at IoU 0.05: 3733.3333333333335
2025-07-16 19:30:48,685 - DEBUG - Collected collision time for BConcave+EConvex+3500 at IoU 0.1: 3850.0
2025-07-16 19:30:48,685 - DEBUG - Collected collision time for BConcave+EConvex+3500 at IoU 0.15: 3950.0
2025-07-16 19:30:48,685 - DEBUG - Collected collision time for BConcave+EConvex+3500 at IoU 0.2: 4066.6666666666665
2025-07-16 19:30:48,686 - DEBUG - Collected collision time for BConcave+EConvex+3500 at IoU 0.25: 4233.333333333333
2025-07-16 19:30:48,686 - DEBUG - Collected collision time for BConcave+EConvex+3500 at IoU 0.3: nan
2025-07-16 19:30:48,686 - DEBUG - Collected collision time for BConcave+EConvex+3500 at IoU 0.35: nan
2025-07-16 19:30:48,686 - DEBUG - Collected collision time for BConcave+EConvex+3500 at IoU 0.4: nan
2025-07-16 19:30:48,687 - DEBUG - Collected collision time for BConcave+EConvex+3500 at IoU 0.45: nan
2025-07-16 19:30:48,687 - DEBUG - Collected collision time for BConcave+EConvex+3500 at IoU 0.5: nan
2025-07-16 19:30:48,687 - DEBUG - Collected collision time for BConcave+EConvex+3500 at IoU 0.55: nan
2025-07-16 19:30:48,688 - DEBUG - Collected collision time for BConcave+EConvex+3500 at IoU 0.6: nan
2025-07-16 19:30:48,688 - DEBUG - Collected collision time for BConcave+EConvex+3500 at IoU 0.65: nan
2025-07-16 19:30:48,688 - DEBUG - Collected collision time for BConcave+EConvex+3500 at IoU 0.7: nan
2025-07-16 19:30:48,688 - DEBUG - Collected collision time for BConcave+EConvex+3500 at IoU 0.75: nan
2025-07-16 19:30:48,689 - DEBUG - Collected collision time for BConcave+EConvex+3500 at IoU 0.8: nan
2025-07-16 19:30:48,689 - DEBUG - Collected collision time for BConcave+EConvex+3500 at IoU 0.85: nan
2025-07-16 19:30:48,689 - DEBUG - Collected collision time for BConcave+EConvex+3500 at IoU 0.9: nan
2025-07-16 19:30:48,690 - DEBUG - Collected collision time for BConcave+EConvex+3500 at IoU 0.95: nan
2025-07-16 19:30:48,690 - DEBUG - Collected collision time for BConcave+EConvex+3700_flipped at IoU 0.05: 3966.666666666667
2025-07-16 19:30:48,690 - DEBUG - Collected collision time for BConcave+EConvex+3700_flipped at IoU 0.1: 4066.6666666666665
2025-07-16 19:30:48,690 - DEBUG - Collected collision time for BConcave+EConvex+3700_flipped at IoU 0.15: 4150.0
2025-07-16 19:30:48,691 - DEBUG - Collected collision time for BConcave+EConvex+3700_flipped at IoU 0.2: 4266.666666666667
2025-07-16 19:30:48,691 - DEBUG - Collected collision time for BConcave+EConvex+3700_flipped at IoU 0.25: 4383.333333333334
2025-07-16 19:30:48,691 - DEBUG - Collected collision time for BConcave+EConvex+3700_flipped at IoU 0.3: nan
2025-07-16 19:30:48,692 - DEBUG - Collected collision time for BConcave+EConvex+3700_flipped at IoU 0.35: nan
2025-07-16 19:30:48,692 - DEBUG - Collected collision time for BConcave+EConvex+3700_flipped at IoU 0.4: nan
2025-07-16 19:30:48,692 - DEBUG - Collected collision time for BConcave+EConvex+3700_flipped at IoU 0.45: nan
2025-07-16 19:30:48,693 - DEBUG - Collected collision time for BConcave+EConvex+3700_flipped at IoU 0.5: nan
2025-07-16 19:30:48,693 - DEBUG - Collected collision time for BConcave+EConvex+3700_flipped at IoU 0.55: nan
2025-07-16 19:30:48,694 - DEBUG - Collected collision time for BConcave+EConvex+3700_flipped at IoU 0.6: nan
2025-07-16 19:30:48,694 - DEBUG - Collected collision time for BConcave+EConvex+3700_flipped at IoU 0.65: nan
2025-07-16 19:30:48,694 - DEBUG - Collected collision time for BConcave+EConvex+3700_flipped at IoU 0.7: nan
2025-07-16 19:30:48,695 - DEBUG - Collected collision time for BConcave+EConvex+3700_flipped at IoU 0.75: nan
2025-07-16 19:30:48,695 - DEBUG - Collected collision time for BConcave+EConvex+3700_flipped at IoU 0.8: nan
2025-07-16 19:30:48,695 - DEBUG - Collected collision time for BConcave+EConvex+3700_flipped at IoU 0.85: nan
2025-07-16 19:30:48,695 - DEBUG - Collected collision time for BConcave+EConvex+3700_flipped at IoU 0.9: nan
2025-07-16 19:30:48,696 - DEBUG - Collected collision time for BConcave+EConvex+3700_flipped at IoU 0.95: nan
2025-07-16 19:30:48,696 - DEBUG - Collected collision time for BConcave+EConvex+3900 at IoU 0.05: 4150.0
2025-07-16 19:30:48,696 - DEBUG - Collected collision time for BConcave+EConvex+3900 at IoU 0.1: 4250.0
2025-07-16 19:30:48,697 - DEBUG - Collected collision time for BConcave+EConvex+3900 at IoU 0.15: 4366.666666666666
2025-07-16 19:30:48,697 - DEBUG - Collected collision time for BConcave+EConvex+3900 at IoU 0.2: 4466.666666666667
2025-07-16 19:30:48,697 - DEBUG - Collected collision time for BConcave+EConvex+3900 at IoU 0.25: 4633.333333333334
2025-07-16 19:30:48,698 - DEBUG - Collected collision time for BConcave+EConvex+3900 at IoU 0.3: nan
2025-07-16 19:30:48,698 - DEBUG - Collected collision time for BConcave+EConvex+3900 at IoU 0.35: nan
2025-07-16 19:30:48,698 - DEBUG - Collected collision time for BConcave+EConvex+3900 at IoU 0.4: nan
2025-07-16 19:30:48,698 - DEBUG - Collected collision time for BConcave+EConvex+3900 at IoU 0.45: nan
2025-07-16 19:30:48,699 - DEBUG - Collected collision time for BConcave+EConvex+3900 at IoU 0.5: nan
2025-07-16 19:30:48,699 - DEBUG - Collected collision time for BConcave+EConvex+3900 at IoU 0.55: nan
2025-07-16 19:30:48,699 - DEBUG - Collected collision time for BConcave+EConvex+3900 at IoU 0.6: nan
2025-07-16 19:30:48,700 - DEBUG - Collected collision time for BConcave+EConvex+3900 at IoU 0.65: nan
2025-07-16 19:30:48,700 - DEBUG - Collected collision time for BConcave+EConvex+3900 at IoU 0.7: nan
2025-07-16 19:30:48,700 - DEBUG - Collected collision time for BConcave+EConvex+3900 at IoU 0.75: nan
2025-07-16 19:30:48,700 - DEBUG - Collected collision time for BConcave+EConvex+3900 at IoU 0.8: nan
2025-07-16 19:30:48,701 - DEBUG - Collected collision time for BConcave+EConvex+3900 at IoU 0.85: nan
2025-07-16 19:30:48,701 - DEBUG - Collected collision time for BConcave+EConvex+3900 at IoU 0.9: nan
2025-07-16 19:30:48,701 - DEBUG - Collected collision time for BConcave+EConvex+3900 at IoU 0.95: nan
2025-07-16 19:30:48,702 - DEBUG - Collected collision time for BConcave+EConvex+4100_flipped at IoU 0.05: 4350.0
2025-07-16 19:30:48,702 - DEBUG - Collected collision time for BConcave+EConvex+4100_flipped at IoU 0.1: 4466.666666666667
2025-07-16 19:30:48,702 - DEBUG - Collected collision time for BConcave+EConvex+4100_flipped at IoU 0.15: 4566.666666666666
2025-07-16 19:30:48,702 - DEBUG - Collected collision time for BConcave+EConvex+4100_flipped at IoU 0.2: 4650.0
2025-07-16 19:30:48,703 - DEBUG - Collected collision time for BConcave+EConvex+4100_flipped at IoU 0.25: 4766.666666666667
2025-07-16 19:30:48,703 - DEBUG - Collected collision time for BConcave+EConvex+4100_flipped at IoU 0.3: 4866.666666666666
2025-07-16 19:30:48,704 - DEBUG - Collected collision time for BConcave+EConvex+4100_flipped at IoU 0.35: nan
2025-07-16 19:30:48,704 - DEBUG - Collected collision time for BConcave+EConvex+4100_flipped at IoU 0.4: nan
2025-07-16 19:30:48,704 - DEBUG - Collected collision time for BConcave+EConvex+4100_flipped at IoU 0.45: nan
2025-07-16 19:30:48,704 - DEBUG - Collected collision time for BConcave+EConvex+4100_flipped at IoU 0.5: nan
2025-07-16 19:30:48,705 - DEBUG - Collected collision time for BConcave+EConvex+4100_flipped at IoU 0.55: nan
2025-07-16 19:30:48,705 - DEBUG - Collected collision time for BConcave+EConvex+4100_flipped at IoU 0.6: nan
2025-07-16 19:30:48,705 - DEBUG - Collected collision time for BConcave+EConvex+4100_flipped at IoU 0.65: nan
2025-07-16 19:30:48,706 - DEBUG - Collected collision time for BConcave+EConvex+4100_flipped at IoU 0.7: nan
2025-07-16 19:30:48,706 - DEBUG - Collected collision time for BConcave+EConvex+4100_flipped at IoU 0.75: nan
2025-07-16 19:30:48,706 - DEBUG - Collected collision time for BConcave+EConvex+4100_flipped at IoU 0.8: nan
2025-07-16 19:30:48,707 - DEBUG - Collected collision time for BConcave+EConvex+4100_flipped at IoU 0.85: nan
2025-07-16 19:30:48,707 - DEBUG - Collected collision time for BConcave+EConvex+4100_flipped at IoU 0.9: nan
2025-07-16 19:30:48,707 - DEBUG - Collected collision time for BConcave+EConvex+4100_flipped at IoU 0.95: nan
2025-07-16 19:30:48,707 - DEBUG - Collected collision time for BConcave+EConvex+4300 at IoU 0.05: 4550.0
2025-07-16 19:30:48,708 - DEBUG - Collected collision time for BConcave+EConvex+4300 at IoU 0.1: 4683.333333333334
2025-07-16 19:30:48,708 - DEBUG - Collected collision time for BConcave+EConvex+4300 at IoU 0.15: 4733.333333333333
2025-07-16 19:30:48,708 - DEBUG - Collected collision time for BConcave+EConvex+4300 at IoU 0.2: 4800.0
2025-07-16 19:30:48,709 - DEBUG - Collected collision time for BConcave+EConvex+4300 at IoU 0.25: 4916.666666666667
2025-07-16 19:30:48,709 - DEBUG - Collected collision time for BConcave+EConvex+4300 at IoU 0.3: nan
2025-07-16 19:30:48,709 - DEBUG - Collected collision time for BConcave+EConvex+4300 at IoU 0.35: nan
2025-07-16 19:30:48,710 - DEBUG - Collected collision time for BConcave+EConvex+4300 at IoU 0.4: nan
2025-07-16 19:30:48,710 - DEBUG - Collected collision time for BConcave+EConvex+4300 at IoU 0.45: nan
2025-07-16 19:30:48,711 - DEBUG - Collected collision time for BConcave+EConvex+4300 at IoU 0.5: nan
2025-07-16 19:30:48,711 - DEBUG - Collected collision time for BConcave+EConvex+4300 at IoU 0.55: nan
2025-07-16 19:30:48,711 - DEBUG - Collected collision time for BConcave+EConvex+4300 at IoU 0.6: nan
2025-07-16 19:30:48,711 - DEBUG - Collected collision time for BConcave+EConvex+4300 at IoU 0.65: nan
2025-07-16 19:30:48,712 - DEBUG - Collected collision time for BConcave+EConvex+4300 at IoU 0.7: nan
2025-07-16 19:30:48,712 - DEBUG - Collected collision time for BConcave+EConvex+4300 at IoU 0.75: nan
2025-07-16 19:30:48,713 - DEBUG - Collected collision time for BConcave+EConvex+4300 at IoU 0.8: nan
2025-07-16 19:30:48,713 - DEBUG - Collected collision time for BConcave+EConvex+4300 at IoU 0.85: nan
2025-07-16 19:30:48,713 - DEBUG - Collected collision time for BConcave+EConvex+4300 at IoU 0.9: nan
2025-07-16 19:30:48,713 - DEBUG - Collected collision time for BConcave+EConvex+4300 at IoU 0.95: nan
2025-07-16 19:30:48,714 - DEBUG - Collected collision time for BConcave+EConvex+4500_flipped at IoU 0.05: 4733.333333333333
2025-07-16 19:30:48,714 - DEBUG - Collected collision time for BConcave+EConvex+4500_flipped at IoU 0.1: 4833.333333333333
2025-07-16 19:30:48,714 - DEBUG - Collected collision time for BConcave+EConvex+4500_flipped at IoU 0.15: 4900.0
2025-07-16 19:30:48,715 - DEBUG - Collected collision time for BConcave+EConvex+4500_flipped at IoU 0.2: 5000.0
2025-07-16 19:30:48,715 - DEBUG - Collected collision time for BConcave+EConvex+4500_flipped at IoU 0.25: 5050.0
2025-07-16 19:30:48,715 - DEBUG - Collected collision time for BConcave+EConvex+4500_flipped at IoU 0.3: 5216.666666666667
2025-07-16 19:30:48,715 - DEBUG - Collected collision time for BConcave+EConvex+4500_flipped at IoU 0.35: nan
2025-07-16 19:30:48,716 - DEBUG - Collected collision time for BConcave+EConvex+4500_flipped at IoU 0.4: nan
2025-07-16 19:30:48,716 - DEBUG - Collected collision time for BConcave+EConvex+4500_flipped at IoU 0.45: nan
2025-07-16 19:30:48,716 - DEBUG - Collected collision time for BConcave+EConvex+4500_flipped at IoU 0.5: nan
2025-07-16 19:30:48,717 - DEBUG - Collected collision time for BConcave+EConvex+4500_flipped at IoU 0.55: nan
2025-07-16 19:30:48,717 - DEBUG - Collected collision time for BConcave+EConvex+4500_flipped at IoU 0.6: nan
2025-07-16 19:30:48,717 - DEBUG - Collected collision time for BConcave+EConvex+4500_flipped at IoU 0.65: nan
2025-07-16 19:30:48,717 - DEBUG - Collected collision time for BConcave+EConvex+4500_flipped at IoU 0.7: nan
2025-07-16 19:30:48,718 - DEBUG - Collected collision time for BConcave+EConvex+4500_flipped at IoU 0.75: nan
2025-07-16 19:30:48,718 - DEBUG - Collected collision time for BConcave+EConvex+4500_flipped at IoU 0.8: nan
2025-07-16 19:30:48,718 - DEBUG - Collected collision time for BConcave+EConvex+4500_flipped at IoU 0.85: nan
2025-07-16 19:30:48,718 - DEBUG - Collected collision time for BConcave+EConvex+4500_flipped at IoU 0.9: nan
2025-07-16 19:30:48,719 - DEBUG - Collected collision time for BConcave+EConvex+4500_flipped at IoU 0.95: nan
2025-07-16 19:30:48,719 - DEBUG - Collected collision time for BConcave+FConcave+3500_flipped at IoU 0.05: 4116.666666666666
2025-07-16 19:30:48,720 - DEBUG - Collected collision time for BConcave+FConcave+3500_flipped at IoU 0.1: 4333.333333333333
2025-07-16 19:30:48,720 - DEBUG - Collected collision time for BConcave+FConcave+3500_flipped at IoU 0.15: nan
2025-07-16 19:30:48,720 - DEBUG - Collected collision time for BConcave+FConcave+3500_flipped at IoU 0.2: nan
2025-07-16 19:30:48,721 - DEBUG - Collected collision time for BConcave+FConcave+3500_flipped at IoU 0.25: nan
2025-07-16 19:30:48,721 - DEBUG - Collected collision time for BConcave+FConcave+3500_flipped at IoU 0.3: nan
2025-07-16 19:30:48,721 - DEBUG - Collected collision time for BConcave+FConcave+3500_flipped at IoU 0.35: nan
2025-07-16 19:30:48,722 - DEBUG - Collected collision time for BConcave+FConcave+3500_flipped at IoU 0.4: nan
2025-07-16 19:30:48,722 - DEBUG - Collected collision time for BConcave+FConcave+3500_flipped at IoU 0.45: nan
2025-07-16 19:30:48,722 - DEBUG - Collected collision time for BConcave+FConcave+3500_flipped at IoU 0.5: nan
2025-07-16 19:30:48,722 - DEBUG - Collected collision time for BConcave+FConcave+3500_flipped at IoU 0.55: nan
2025-07-16 19:30:48,723 - DEBUG - Collected collision time for BConcave+FConcave+3500_flipped at IoU 0.6: nan
2025-07-16 19:30:48,723 - DEBUG - Collected collision time for BConcave+FConcave+3500_flipped at IoU 0.65: nan
2025-07-16 19:30:48,723 - DEBUG - Collected collision time for BConcave+FConcave+3500_flipped at IoU 0.7: nan
2025-07-16 19:30:48,724 - DEBUG - Collected collision time for BConcave+FConcave+3500_flipped at IoU 0.75: nan
2025-07-16 19:30:48,724 - DEBUG - Collected collision time for BConcave+FConcave+3500_flipped at IoU 0.8: nan
2025-07-16 19:30:48,724 - DEBUG - Collected collision time for BConcave+FConcave+3500_flipped at IoU 0.85: nan
2025-07-16 19:30:48,724 - DEBUG - Collected collision time for BConcave+FConcave+3500_flipped at IoU 0.9: nan
2025-07-16 19:30:48,725 - DEBUG - Collected collision time for BConcave+FConcave+3500_flipped at IoU 0.95: nan
2025-07-16 19:30:48,725 - DEBUG - Collected collision time for BConcave+FConcave+3700 at IoU 0.05: 3766.6666666666665
2025-07-16 19:30:48,725 - DEBUG - Collected collision time for BConcave+FConcave+3700 at IoU 0.1: 4316.666666666666
2025-07-16 19:30:48,726 - DEBUG - Collected collision time for BConcave+FConcave+3700 at IoU 0.15: nan
2025-07-16 19:30:48,726 - DEBUG - Collected collision time for BConcave+FConcave+3700 at IoU 0.2: nan
2025-07-16 19:30:48,726 - DEBUG - Collected collision time for BConcave+FConcave+3700 at IoU 0.25: nan
2025-07-16 19:30:48,727 - DEBUG - Collected collision time for BConcave+FConcave+3700 at IoU 0.3: nan
2025-07-16 19:30:48,727 - DEBUG - Collected collision time for BConcave+FConcave+3700 at IoU 0.35: nan
2025-07-16 19:30:48,728 - DEBUG - Collected collision time for BConcave+FConcave+3700 at IoU 0.4: nan
2025-07-16 19:30:48,728 - DEBUG - Collected collision time for BConcave+FConcave+3700 at IoU 0.45: nan
2025-07-16 19:30:48,728 - DEBUG - Collected collision time for BConcave+FConcave+3700 at IoU 0.5: nan
2025-07-16 19:30:48,729 - DEBUG - Collected collision time for BConcave+FConcave+3700 at IoU 0.55: nan
2025-07-16 19:30:48,729 - DEBUG - Collected collision time for BConcave+FConcave+3700 at IoU 0.6: nan
2025-07-16 19:30:48,729 - DEBUG - Collected collision time for BConcave+FConcave+3700 at IoU 0.65: nan
2025-07-16 19:30:48,729 - DEBUG - Collected collision time for BConcave+FConcave+3700 at IoU 0.7: nan
2025-07-16 19:30:48,730 - DEBUG - Collected collision time for BConcave+FConcave+3700 at IoU 0.75: nan
2025-07-16 19:30:48,730 - DEBUG - Collected collision time for BConcave+FConcave+3700 at IoU 0.8: nan
2025-07-16 19:30:48,730 - DEBUG - Collected collision time for BConcave+FConcave+3700 at IoU 0.85: nan
2025-07-16 19:30:48,730 - DEBUG - Collected collision time for BConcave+FConcave+3700 at IoU 0.9: nan
2025-07-16 19:30:48,731 - DEBUG - Collected collision time for BConcave+FConcave+3700 at IoU 0.95: nan
2025-07-16 19:30:48,731 - DEBUG - Collected collision time for BConcave+FConcave+3900_flipped at IoU 0.05: 4033.333333333333
2025-07-16 19:30:48,731 - DEBUG - Collected collision time for BConcave+FConcave+3900_flipped at IoU 0.1: 4350.0
2025-07-16 19:30:48,732 - DEBUG - Collected collision time for BConcave+FConcave+3900_flipped at IoU 0.15: 5000.0
2025-07-16 19:30:48,732 - DEBUG - Collected collision time for BConcave+FConcave+3900_flipped at IoU 0.2: 5383.333333333334
2025-07-16 19:30:48,732 - DEBUG - Collected collision time for BConcave+FConcave+3900_flipped at IoU 0.25: nan
2025-07-16 19:30:48,732 - DEBUG - Collected collision time for BConcave+FConcave+3900_flipped at IoU 0.3: nan
2025-07-16 19:30:48,733 - DEBUG - Collected collision time for BConcave+FConcave+3900_flipped at IoU 0.35: nan
2025-07-16 19:30:48,733 - DEBUG - Collected collision time for BConcave+FConcave+3900_flipped at IoU 0.4: nan
2025-07-16 19:30:48,733 - DEBUG - Collected collision time for BConcave+FConcave+3900_flipped at IoU 0.45: nan
2025-07-16 19:30:48,734 - DEBUG - Collected collision time for BConcave+FConcave+3900_flipped at IoU 0.5: nan
2025-07-16 19:30:48,734 - DEBUG - Collected collision time for BConcave+FConcave+3900_flipped at IoU 0.55: nan
2025-07-16 19:30:48,734 - DEBUG - Collected collision time for BConcave+FConcave+3900_flipped at IoU 0.6: nan
2025-07-16 19:30:48,735 - DEBUG - Collected collision time for BConcave+FConcave+3900_flipped at IoU 0.65: nan
2025-07-16 19:30:48,735 - DEBUG - Collected collision time for BConcave+FConcave+3900_flipped at IoU 0.7: nan
2025-07-16 19:30:48,735 - DEBUG - Collected collision time for BConcave+FConcave+3900_flipped at IoU 0.75: nan
2025-07-16 19:30:48,736 - DEBUG - Collected collision time for BConcave+FConcave+3900_flipped at IoU 0.8: nan
2025-07-16 19:30:48,736 - DEBUG - Collected collision time for BConcave+FConcave+3900_flipped at IoU 0.85: nan
2025-07-16 19:30:48,736 - DEBUG - Collected collision time for BConcave+FConcave+3900_flipped at IoU 0.9: nan
2025-07-16 19:30:48,736 - DEBUG - Collected collision time for BConcave+FConcave+3900_flipped at IoU 0.95: nan
2025-07-16 19:30:48,737 - DEBUG - Collected collision time for BConcave+FConcave+4100 at IoU 0.05: 4016.6666666666665
2025-07-16 19:30:48,737 - DEBUG - Collected collision time for BConcave+FConcave+4100 at IoU 0.1: 4200.0
2025-07-16 19:30:48,737 - DEBUG - Collected collision time for BConcave+FConcave+4100 at IoU 0.15: nan
2025-07-16 19:30:48,737 - DEBUG - Collected collision time for BConcave+FConcave+4100 at IoU 0.2: nan
2025-07-16 19:30:48,738 - DEBUG - Collected collision time for BConcave+FConcave+4100 at IoU 0.25: nan
2025-07-16 19:30:48,738 - DEBUG - Collected collision time for BConcave+FConcave+4100 at IoU 0.3: nan
2025-07-16 19:30:48,739 - DEBUG - Collected collision time for BConcave+FConcave+4100 at IoU 0.35: nan
2025-07-16 19:30:48,739 - DEBUG - Collected collision time for BConcave+FConcave+4100 at IoU 0.4: nan
2025-07-16 19:30:48,740 - DEBUG - Collected collision time for BConcave+FConcave+4100 at IoU 0.45: nan
2025-07-16 19:30:48,740 - DEBUG - Collected collision time for BConcave+FConcave+4100 at IoU 0.5: nan
2025-07-16 19:30:48,740 - DEBUG - Collected collision time for BConcave+FConcave+4100 at IoU 0.55: nan
2025-07-16 19:30:48,741 - DEBUG - Collected collision time for BConcave+FConcave+4100 at IoU 0.6: nan
2025-07-16 19:30:48,741 - DEBUG - Collected collision time for BConcave+FConcave+4100 at IoU 0.65: nan
2025-07-16 19:30:48,741 - DEBUG - Collected collision time for BConcave+FConcave+4100 at IoU 0.7: nan
2025-07-16 19:30:48,741 - DEBUG - Collected collision time for BConcave+FConcave+4100 at IoU 0.75: nan
2025-07-16 19:30:48,742 - DEBUG - Collected collision time for BConcave+FConcave+4100 at IoU 0.8: nan
2025-07-16 19:30:48,742 - DEBUG - Collected collision time for BConcave+FConcave+4100 at IoU 0.85: nan
2025-07-16 19:30:48,742 - DEBUG - Collected collision time for BConcave+FConcave+4100 at IoU 0.9: nan
2025-07-16 19:30:48,742 - DEBUG - Collected collision time for BConcave+FConcave+4100 at IoU 0.95: nan
2025-07-16 19:30:48,743 - DEBUG - Collected collision time for BConcave+FConcave+4300_flipped at IoU 0.05: 4283.333333333333
2025-07-16 19:30:48,743 - DEBUG - Collected collision time for BConcave+FConcave+4300_flipped at IoU 0.1: nan
2025-07-16 19:30:48,743 - DEBUG - Collected collision time for BConcave+FConcave+4300_flipped at IoU 0.15: nan
2025-07-16 19:30:48,744 - DEBUG - Collected collision time for BConcave+FConcave+4300_flipped at IoU 0.2: nan
2025-07-16 19:30:48,744 - DEBUG - Collected collision time for BConcave+FConcave+4300_flipped at IoU 0.25: nan
2025-07-16 19:30:48,745 - DEBUG - Collected collision time for BConcave+FConcave+4300_flipped at IoU 0.3: nan
2025-07-16 19:30:48,745 - DEBUG - Collected collision time for BConcave+FConcave+4300_flipped at IoU 0.35: nan
2025-07-16 19:30:48,745 - DEBUG - Collected collision time for BConcave+FConcave+4300_flipped at IoU 0.4: nan
2025-07-16 19:30:48,746 - DEBUG - Collected collision time for BConcave+FConcave+4300_flipped at IoU 0.45: nan
2025-07-16 19:30:48,746 - DEBUG - Collected collision time for BConcave+FConcave+4300_flipped at IoU 0.5: nan
2025-07-16 19:30:48,746 - DEBUG - Collected collision time for BConcave+FConcave+4300_flipped at IoU 0.55: nan
2025-07-16 19:30:48,746 - DEBUG - Collected collision time for BConcave+FConcave+4300_flipped at IoU 0.6: nan
2025-07-16 19:30:48,747 - DEBUG - Collected collision time for BConcave+FConcave+4300_flipped at IoU 0.65: nan
2025-07-16 19:30:48,747 - DEBUG - Collected collision time for BConcave+FConcave+4300_flipped at IoU 0.7: nan
2025-07-16 19:30:48,747 - DEBUG - Collected collision time for BConcave+FConcave+4300_flipped at IoU 0.75: nan
2025-07-16 19:30:48,748 - DEBUG - Collected collision time for BConcave+FConcave+4300_flipped at IoU 0.8: nan
2025-07-16 19:30:48,748 - DEBUG - Collected collision time for BConcave+FConcave+4300_flipped at IoU 0.85: nan
2025-07-16 19:30:48,748 - DEBUG - Collected collision time for BConcave+FConcave+4300_flipped at IoU 0.9: nan
2025-07-16 19:30:48,748 - DEBUG - Collected collision time for BConcave+FConcave+4300_flipped at IoU 0.95: nan
2025-07-16 19:30:48,749 - DEBUG - Collected collision time for BConcave+FConcave+4500 at IoU 0.05: 4500.0
2025-07-16 19:30:48,749 - DEBUG - Collected collision time for BConcave+FConcave+4500 at IoU 0.1: 4866.666666666666
2025-07-16 19:30:48,749 - DEBUG - Collected collision time for BConcave+FConcave+4500 at IoU 0.15: 5183.333333333334
2025-07-16 19:30:48,750 - DEBUG - Collected collision time for BConcave+FConcave+4500 at IoU 0.2: nan
2025-07-16 19:30:48,750 - DEBUG - Collected collision time for BConcave+FConcave+4500 at IoU 0.25: nan
2025-07-16 19:30:48,750 - DEBUG - Collected collision time for BConcave+FConcave+4500 at IoU 0.3: nan
2025-07-16 19:30:48,750 - DEBUG - Collected collision time for BConcave+FConcave+4500 at IoU 0.35: nan
2025-07-16 19:30:48,751 - DEBUG - Collected collision time for BConcave+FConcave+4500 at IoU 0.4: nan
2025-07-16 19:30:48,751 - DEBUG - Collected collision time for BConcave+FConcave+4500 at IoU 0.45: nan
2025-07-16 19:30:48,752 - DEBUG - Collected collision time for BConcave+FConcave+4500 at IoU 0.5: nan
2025-07-16 19:30:48,752 - DEBUG - Collected collision time for BConcave+FConcave+4500 at IoU 0.55: nan
2025-07-16 19:30:48,752 - DEBUG - Collected collision time for BConcave+FConcave+4500 at IoU 0.6: nan
2025-07-16 19:30:48,752 - DEBUG - Collected collision time for BConcave+FConcave+4500 at IoU 0.65: nan
2025-07-16 19:30:48,753 - DEBUG - Collected collision time for BConcave+FConcave+4500 at IoU 0.7: nan
2025-07-16 19:30:48,753 - DEBUG - Collected collision time for BConcave+FConcave+4500 at IoU 0.75: nan
2025-07-16 19:30:48,753 - DEBUG - Collected collision time for BConcave+FConcave+4500 at IoU 0.8: nan
2025-07-16 19:30:48,753 - DEBUG - Collected collision time for BConcave+FConcave+4500 at IoU 0.85: nan
2025-07-16 19:30:48,754 - DEBUG - Collected collision time for BConcave+FConcave+4500 at IoU 0.9: nan
2025-07-16 19:30:48,754 - DEBUG - Collected collision time for BConcave+FConcave+4500 at IoU 0.95: nan
2025-07-16 19:30:48,754 - DEBUG - Collected collision time for BConcave+FConvex+3500 at IoU 0.05: 3900.0
2025-07-16 19:30:48,754 - DEBUG - Collected collision time for BConcave+FConvex+3500 at IoU 0.1: 4050.0
2025-07-16 19:30:48,755 - DEBUG - Collected collision time for BConcave+FConvex+3500 at IoU 0.15: 4133.333333333334
2025-07-16 19:30:48,755 - DEBUG - Collected collision time for BConcave+FConvex+3500 at IoU 0.2: 4216.666666666667
2025-07-16 19:30:48,755 - DEBUG - Collected collision time for BConcave+FConvex+3500 at IoU 0.25: 4283.333333333333
2025-07-16 19:30:48,756 - DEBUG - Collected collision time for BConcave+FConvex+3500 at IoU 0.3: 4350.0
2025-07-16 19:30:48,756 - DEBUG - Collected collision time for BConcave+FConvex+3500 at IoU 0.35: 4433.333333333334
2025-07-16 19:30:48,756 - DEBUG - Collected collision time for BConcave+FConvex+3500 at IoU 0.4: 4500.0
2025-07-16 19:30:48,757 - DEBUG - Collected collision time for BConcave+FConvex+3500 at IoU 0.45: 4583.333333333333
2025-07-16 19:30:48,757 - DEBUG - Collected collision time for BConcave+FConvex+3500 at IoU 0.5: 4666.666666666667
2025-07-16 19:30:48,757 - DEBUG - Collected collision time for BConcave+FConvex+3500 at IoU 0.55: nan
2025-07-16 19:30:48,757 - DEBUG - Collected collision time for BConcave+FConvex+3500 at IoU 0.6: nan
2025-07-16 19:30:48,758 - DEBUG - Collected collision time for BConcave+FConvex+3500 at IoU 0.65: nan
2025-07-16 19:30:48,758 - DEBUG - Collected collision time for BConcave+FConvex+3500 at IoU 0.7: nan
2025-07-16 19:30:48,758 - DEBUG - Collected collision time for BConcave+FConvex+3500 at IoU 0.75: nan
2025-07-16 19:30:48,759 - DEBUG - Collected collision time for BConcave+FConvex+3500 at IoU 0.8: nan
2025-07-16 19:30:48,759 - DEBUG - Collected collision time for BConcave+FConvex+3500 at IoU 0.85: nan
2025-07-16 19:30:48,759 - DEBUG - Collected collision time for BConcave+FConvex+3500 at IoU 0.9: nan
2025-07-16 19:30:48,759 - DEBUG - Collected collision time for BConcave+FConvex+3500 at IoU 0.95: nan
2025-07-16 19:30:48,760 - DEBUG - Collected collision time for BConcave+FConvex+3700_flipped at IoU 0.05: 4066.6666666666665
2025-07-16 19:30:48,760 - DEBUG - Collected collision time for BConcave+FConvex+3700_flipped at IoU 0.1: 4250.0
2025-07-16 19:30:48,760 - DEBUG - Collected collision time for BConcave+FConvex+3700_flipped at IoU 0.15: 4366.666666666666
2025-07-16 19:30:48,761 - DEBUG - Collected collision time for BConcave+FConvex+3700_flipped at IoU 0.2: 4483.333333333333
2025-07-16 19:30:48,761 - DEBUG - Collected collision time for BConcave+FConvex+3700_flipped at IoU 0.25: 4633.333333333334
2025-07-16 19:30:48,762 - DEBUG - Collected collision time for BConcave+FConvex+3700_flipped at IoU 0.3: 4750.0
2025-07-16 19:30:48,762 - DEBUG - Collected collision time for BConcave+FConvex+3700_flipped at IoU 0.35: nan
2025-07-16 19:30:48,762 - DEBUG - Collected collision time for BConcave+FConvex+3700_flipped at IoU 0.4: nan
2025-07-16 19:30:48,763 - DEBUG - Collected collision time for BConcave+FConvex+3700_flipped at IoU 0.45: nan
2025-07-16 19:30:48,763 - DEBUG - Collected collision time for BConcave+FConvex+3700_flipped at IoU 0.5: nan
2025-07-16 19:30:48,763 - DEBUG - Collected collision time for BConcave+FConvex+3700_flipped at IoU 0.55: nan
2025-07-16 19:30:48,764 - DEBUG - Collected collision time for BConcave+FConvex+3700_flipped at IoU 0.6: nan
2025-07-16 19:30:48,764 - DEBUG - Collected collision time for BConcave+FConvex+3700_flipped at IoU 0.65: nan
2025-07-16 19:30:48,764 - DEBUG - Collected collision time for BConcave+FConvex+3700_flipped at IoU 0.7: nan
2025-07-16 19:30:48,764 - DEBUG - Collected collision time for BConcave+FConvex+3700_flipped at IoU 0.75: nan
2025-07-16 19:30:48,765 - DEBUG - Collected collision time for BConcave+FConvex+3700_flipped at IoU 0.8: nan
2025-07-16 19:30:48,765 - DEBUG - Collected collision time for BConcave+FConvex+3700_flipped at IoU 0.85: nan
2025-07-16 19:30:48,765 - DEBUG - Collected collision time for BConcave+FConvex+3700_flipped at IoU 0.9: nan
2025-07-16 19:30:48,765 - DEBUG - Collected collision time for BConcave+FConvex+3700_flipped at IoU 0.95: nan
2025-07-16 19:30:48,766 - DEBUG - Collected collision time for BConcave+FConvex+3900 at IoU 0.05: 4283.333333333333
2025-07-16 19:30:48,766 - DEBUG - Collected collision time for BConcave+FConvex+3900 at IoU 0.1: 4416.666666666667
2025-07-16 19:30:48,766 - DEBUG - Collected collision time for BConcave+FConvex+3900 at IoU 0.15: 4516.666666666667
2025-07-16 19:30:48,767 - DEBUG - Collected collision time for BConcave+FConvex+3900 at IoU 0.2: 4600.0
2025-07-16 19:30:48,767 - DEBUG - Collected collision time for BConcave+FConvex+3900 at IoU 0.25: 4683.333333333334
2025-07-16 19:30:48,767 - DEBUG - Collected collision time for BConcave+FConvex+3900 at IoU 0.3: 4750.0
2025-07-16 19:30:48,767 - DEBUG - Collected collision time for BConcave+FConvex+3900 at IoU 0.35: 4816.666666666666
2025-07-16 19:30:48,768 - DEBUG - Collected collision time for BConcave+FConvex+3900 at IoU 0.4: 4883.333333333334
2025-07-16 19:30:48,768 - DEBUG - Collected collision time for BConcave+FConvex+3900 at IoU 0.45: 4966.666666666667
2025-07-16 19:30:48,768 - DEBUG - Collected collision time for BConcave+FConvex+3900 at IoU 0.5: 5033.333333333333
2025-07-16 19:30:48,769 - DEBUG - Collected collision time for BConcave+FConvex+3900 at IoU 0.55: nan
2025-07-16 19:30:48,769 - DEBUG - Collected collision time for BConcave+FConvex+3900 at IoU 0.6: nan
2025-07-16 19:30:48,769 - DEBUG - Collected collision time for BConcave+FConvex+3900 at IoU 0.65: nan
2025-07-16 19:30:48,769 - DEBUG - Collected collision time for BConcave+FConvex+3900 at IoU 0.7: nan
2025-07-16 19:30:48,770 - DEBUG - Collected collision time for BConcave+FConvex+3900 at IoU 0.75: nan
2025-07-16 19:30:48,770 - DEBUG - Collected collision time for BConcave+FConvex+3900 at IoU 0.8: nan
2025-07-16 19:30:48,770 - DEBUG - Collected collision time for BConcave+FConvex+3900 at IoU 0.85: nan
2025-07-16 19:30:48,771 - DEBUG - Collected collision time for BConcave+FConvex+3900 at IoU 0.9: nan
2025-07-16 19:30:48,771 - DEBUG - Collected collision time for BConcave+FConvex+3900 at IoU 0.95: nan
2025-07-16 19:30:48,771 - DEBUG - Collected collision time for BConcave+FConvex+4100_flipped at IoU 0.05: 4383.333333333334
2025-07-16 19:30:48,772 - DEBUG - Collected collision time for BConcave+FConvex+4100_flipped at IoU 0.1: 4500.0
2025-07-16 19:30:48,772 - DEBUG - Collected collision time for BConcave+FConvex+4100_flipped at IoU 0.15: 4633.333333333334
2025-07-16 19:30:48,772 - DEBUG - Collected collision time for BConcave+FConvex+4100_flipped at IoU 0.2: 4700.0
2025-07-16 19:30:48,773 - DEBUG - Collected collision time for BConcave+FConvex+4100_flipped at IoU 0.25: 4850.0
2025-07-16 19:30:48,773 - DEBUG - Collected collision time for BConcave+FConvex+4100_flipped at IoU 0.3: 5000.0
2025-07-16 19:30:48,773 - DEBUG - Collected collision time for BConcave+FConvex+4100_flipped at IoU 0.35: 5166.666666666667
2025-07-16 19:30:48,773 - DEBUG - Collected collision time for BConcave+FConvex+4100_flipped at IoU 0.4: nan
2025-07-16 19:30:48,774 - DEBUG - Collected collision time for BConcave+FConvex+4100_flipped at IoU 0.45: nan
2025-07-16 19:30:48,774 - DEBUG - Collected collision time for BConcave+FConvex+4100_flipped at IoU 0.5: nan
2025-07-16 19:30:48,774 - DEBUG - Collected collision time for BConcave+FConvex+4100_flipped at IoU 0.55: nan
2025-07-16 19:30:48,775 - DEBUG - Collected collision time for BConcave+FConvex+4100_flipped at IoU 0.6: nan
2025-07-16 19:30:48,775 - DEBUG - Collected collision time for BConcave+FConvex+4100_flipped at IoU 0.65: nan
2025-07-16 19:30:48,775 - DEBUG - Collected collision time for BConcave+FConvex+4100_flipped at IoU 0.7: nan
2025-07-16 19:30:48,776 - DEBUG - Collected collision time for BConcave+FConvex+4100_flipped at IoU 0.75: nan
2025-07-16 19:30:48,776 - DEBUG - Collected collision time for BConcave+FConvex+4100_flipped at IoU 0.8: nan
2025-07-16 19:30:48,776 - DEBUG - Collected collision time for BConcave+FConvex+4100_flipped at IoU 0.85: nan
2025-07-16 19:30:48,776 - DEBUG - Collected collision time for BConcave+FConvex+4100_flipped at IoU 0.9: nan
2025-07-16 19:30:48,777 - DEBUG - Collected collision time for BConcave+FConvex+4100_flipped at IoU 0.95: nan
2025-07-16 19:30:48,777 - DEBUG - Collected collision time for BConcave+FConvex+4300 at IoU 0.05: 4750.0
2025-07-16 19:30:48,777 - DEBUG - Collected collision time for BConcave+FConvex+4300 at IoU 0.1: 4900.0
2025-07-16 19:30:48,778 - DEBUG - Collected collision time for BConcave+FConvex+4300 at IoU 0.15: 5016.666666666667
2025-07-16 19:30:48,778 - DEBUG - Collected collision time for BConcave+FConvex+4300 at IoU 0.2: 5083.333333333333
2025-07-16 19:30:48,778 - DEBUG - Collected collision time for BConcave+FConvex+4300 at IoU 0.25: 5150.0
2025-07-16 19:30:48,778 - DEBUG - Collected collision time for BConcave+FConvex+4300 at IoU 0.3: 5200.0
2025-07-16 19:30:48,779 - DEBUG - Collected collision time for BConcave+FConvex+4300 at IoU 0.35: 5250.0
2025-07-16 19:30:48,779 - DEBUG - Collected collision time for BConcave+FConvex+4300 at IoU 0.4: 5333.333333333333
2025-07-16 19:30:48,780 - DEBUG - Collected collision time for BConcave+FConvex+4300 at IoU 0.45: nan
2025-07-16 19:30:48,780 - DEBUG - Collected collision time for BConcave+FConvex+4300 at IoU 0.5: nan
2025-07-16 19:30:48,781 - DEBUG - Collected collision time for BConcave+FConvex+4300 at IoU 0.55: nan
2025-07-16 19:30:48,781 - DEBUG - Collected collision time for BConcave+FConvex+4300 at IoU 0.6: nan
2025-07-16 19:30:48,781 - DEBUG - Collected collision time for BConcave+FConvex+4300 at IoU 0.65: nan
2025-07-16 19:30:48,781 - DEBUG - Collected collision time for BConcave+FConvex+4300 at IoU 0.7: nan
2025-07-16 19:30:48,782 - DEBUG - Collected collision time for BConcave+FConvex+4300 at IoU 0.75: nan
2025-07-16 19:30:48,782 - DEBUG - Collected collision time for BConcave+FConvex+4300 at IoU 0.8: nan
2025-07-16 19:30:48,782 - DEBUG - Collected collision time for BConcave+FConvex+4300 at IoU 0.85: nan
2025-07-16 19:30:48,782 - DEBUG - Collected collision time for BConcave+FConvex+4300 at IoU 0.9: nan
2025-07-16 19:30:48,783 - DEBUG - Collected collision time for BConcave+FConvex+4300 at IoU 0.95: nan
2025-07-16 19:30:48,783 - DEBUG - Collected collision time for BConcave+FConvex+4500_flipped at IoU 0.05: 4916.666666666667
2025-07-16 19:30:48,783 - DEBUG - Collected collision time for BConcave+FConvex+4500_flipped at IoU 0.1: 4983.333333333333
2025-07-16 19:30:48,783 - DEBUG - Collected collision time for BConcave+FConvex+4500_flipped at IoU 0.15: 5116.666666666666
2025-07-16 19:30:48,784 - DEBUG - Collected collision time for BConcave+FConvex+4500_flipped at IoU 0.2: 5250.0
2025-07-16 19:30:48,784 - DEBUG - Collected collision time for BConcave+FConvex+4500_flipped at IoU 0.25: 5283.333333333333
2025-07-16 19:30:48,784 - DEBUG - Collected collision time for BConcave+FConvex+4500_flipped at IoU 0.3: 5400.0
2025-07-16 19:30:48,785 - DEBUG - Collected collision time for BConcave+FConvex+4500_flipped at IoU 0.35: 5433.333333333334
2025-07-16 19:30:48,785 - DEBUG - Collected collision time for BConcave+FConvex+4500_flipped at IoU 0.4: 5466.666666666667
2025-07-16 19:30:48,785 - DEBUG - Collected collision time for BConcave+FConvex+4500_flipped at IoU 0.45: nan
2025-07-16 19:30:48,785 - DEBUG - Collected collision time for BConcave+FConvex+4500_flipped at IoU 0.5: nan
2025-07-16 19:30:48,786 - DEBUG - Collected collision time for BConcave+FConvex+4500_flipped at IoU 0.55: nan
2025-07-16 19:30:48,786 - DEBUG - Collected collision time for BConcave+FConvex+4500_flipped at IoU 0.6: nan
2025-07-16 19:30:48,787 - DEBUG - Collected collision time for BConcave+FConvex+4500_flipped at IoU 0.65: nan
2025-07-16 19:30:48,787 - DEBUG - Collected collision time for BConcave+FConvex+4500_flipped at IoU 0.7: nan
2025-07-16 19:30:48,787 - DEBUG - Collected collision time for BConcave+FConvex+4500_flipped at IoU 0.75: nan
2025-07-16 19:30:48,787 - DEBUG - Collected collision time for BConcave+FConvex+4500_flipped at IoU 0.8: nan
2025-07-16 19:30:48,788 - DEBUG - Collected collision time for BConcave+FConvex+4500_flipped at IoU 0.85: nan
2025-07-16 19:30:48,788 - DEBUG - Collected collision time for BConcave+FConvex+4500_flipped at IoU 0.9: nan
2025-07-16 19:30:48,788 - DEBUG - Collected collision time for BConcave+FConvex+4500_flipped at IoU 0.95: nan
2025-07-16 19:30:48,788 - DEBUG - Collected collision time for BConcave+gConcave+3500_flipped at IoU 0.05: 1616.6666666666667
2025-07-16 19:30:48,789 - DEBUG - Collected collision time for BConcave+gConcave+3500_flipped at IoU 0.1: 3316.666666666667
2025-07-16 19:30:48,789 - DEBUG - Collected collision time for BConcave+gConcave+3500_flipped at IoU 0.15: 3316.666666666667
2025-07-16 19:30:48,789 - DEBUG - Collected collision time for BConcave+gConcave+3500_flipped at IoU 0.2: 3333.3333333333335
2025-07-16 19:30:48,790 - DEBUG - Collected collision time for BConcave+gConcave+3500_flipped at IoU 0.25: 3333.3333333333335
2025-07-16 19:30:48,790 - DEBUG - Collected collision time for BConcave+gConcave+3500_flipped at IoU 0.3: 3383.3333333333335
2025-07-16 19:30:48,790 - DEBUG - Collected collision time for BConcave+gConcave+3500_flipped at IoU 0.35: 3483.3333333333335
2025-07-16 19:30:48,791 - DEBUG - Collected collision time for BConcave+gConcave+3500_flipped at IoU 0.4: 3500.0
2025-07-16 19:30:48,791 - DEBUG - Collected collision time for BConcave+gConcave+3500_flipped at IoU 0.45: 3500.0
2025-07-16 19:30:48,792 - DEBUG - Collected collision time for BConcave+gConcave+3500_flipped at IoU 0.5: nan
2025-07-16 19:30:48,792 - DEBUG - Collected collision time for BConcave+gConcave+3500_flipped at IoU 0.55: nan
2025-07-16 19:30:48,792 - DEBUG - Collected collision time for BConcave+gConcave+3500_flipped at IoU 0.6: nan
2025-07-16 19:30:48,793 - DEBUG - Collected collision time for BConcave+gConcave+3500_flipped at IoU 0.65: nan
2025-07-16 19:30:48,793 - DEBUG - Collected collision time for BConcave+gConcave+3500_flipped at IoU 0.7: nan
2025-07-16 19:30:48,793 - DEBUG - Collected collision time for BConcave+gConcave+3500_flipped at IoU 0.75: nan
2025-07-16 19:30:48,793 - DEBUG - Collected collision time for BConcave+gConcave+3500_flipped at IoU 0.8: nan
2025-07-16 19:30:48,794 - DEBUG - Collected collision time for BConcave+gConcave+3500_flipped at IoU 0.85: nan
2025-07-16 19:30:48,794 - DEBUG - Collected collision time for BConcave+gConcave+3500_flipped at IoU 0.9: nan
2025-07-16 19:30:48,794 - DEBUG - Collected collision time for BConcave+gConcave+3500_flipped at IoU 0.95: nan
2025-07-16 19:30:48,795 - DEBUG - Collected collision time for BConcave+gConcave+3700 at IoU 0.05: nan
2025-07-16 19:30:48,795 - DEBUG - Collected collision time for BConcave+gConcave+3700 at IoU 0.1: nan
2025-07-16 19:30:48,795 - DEBUG - Collected collision time for BConcave+gConcave+3700 at IoU 0.15: nan
2025-07-16 19:30:48,796 - DEBUG - Collected collision time for BConcave+gConcave+3700 at IoU 0.2: nan
2025-07-16 19:30:48,796 - DEBUG - Collected collision time for BConcave+gConcave+3700 at IoU 0.25: nan
2025-07-16 19:30:48,796 - DEBUG - Collected collision time for BConcave+gConcave+3700 at IoU 0.3: nan
2025-07-16 19:30:48,796 - DEBUG - Collected collision time for BConcave+gConcave+3700 at IoU 0.35: nan
2025-07-16 19:30:48,797 - DEBUG - Collected collision time for BConcave+gConcave+3700 at IoU 0.4: nan
2025-07-16 19:30:48,797 - DEBUG - Collected collision time for BConcave+gConcave+3700 at IoU 0.45: nan
2025-07-16 19:30:48,798 - DEBUG - Collected collision time for BConcave+gConcave+3700 at IoU 0.5: nan
2025-07-16 19:30:48,798 - DEBUG - Collected collision time for BConcave+gConcave+3700 at IoU 0.55: nan
2025-07-16 19:30:48,798 - DEBUG - Collected collision time for BConcave+gConcave+3700 at IoU 0.6: nan
2025-07-16 19:30:48,799 - DEBUG - Collected collision time for BConcave+gConcave+3700 at IoU 0.65: nan
2025-07-16 19:30:48,799 - DEBUG - Collected collision time for BConcave+gConcave+3700 at IoU 0.7: nan
2025-07-16 19:30:48,800 - DEBUG - Collected collision time for BConcave+gConcave+3700 at IoU 0.75: nan
2025-07-16 19:30:48,800 - DEBUG - Collected collision time for BConcave+gConcave+3700 at IoU 0.8: nan
2025-07-16 19:30:48,800 - DEBUG - Collected collision time for BConcave+gConcave+3700 at IoU 0.85: nan
2025-07-16 19:30:48,801 - DEBUG - Collected collision time for BConcave+gConcave+3700 at IoU 0.9: nan
2025-07-16 19:30:48,801 - DEBUG - Collected collision time for BConcave+gConcave+3700 at IoU 0.95: nan
2025-07-16 19:30:48,801 - DEBUG - Collected collision time for BConcave+gConcave+3900_flipped at IoU 0.05: nan
2025-07-16 19:30:48,801 - DEBUG - Collected collision time for BConcave+gConcave+3900_flipped at IoU 0.1: nan
2025-07-16 19:30:48,802 - DEBUG - Collected collision time for BConcave+gConcave+3900_flipped at IoU 0.15: nan
2025-07-16 19:30:48,802 - DEBUG - Collected collision time for BConcave+gConcave+3900_flipped at IoU 0.2: nan
2025-07-16 19:30:48,802 - DEBUG - Collected collision time for BConcave+gConcave+3900_flipped at IoU 0.25: nan
2025-07-16 19:30:48,802 - DEBUG - Collected collision time for BConcave+gConcave+3900_flipped at IoU 0.3: nan
2025-07-16 19:30:48,803 - DEBUG - Collected collision time for BConcave+gConcave+3900_flipped at IoU 0.35: nan
2025-07-16 19:30:48,803 - DEBUG - Collected collision time for BConcave+gConcave+3900_flipped at IoU 0.4: nan
2025-07-16 19:30:48,803 - DEBUG - Collected collision time for BConcave+gConcave+3900_flipped at IoU 0.45: nan
2025-07-16 19:30:48,804 - DEBUG - Collected collision time for BConcave+gConcave+3900_flipped at IoU 0.5: nan
2025-07-16 19:30:48,804 - DEBUG - Collected collision time for BConcave+gConcave+3900_flipped at IoU 0.55: nan
2025-07-16 19:30:48,804 - DEBUG - Collected collision time for BConcave+gConcave+3900_flipped at IoU 0.6: nan
2025-07-16 19:30:48,804 - DEBUG - Collected collision time for BConcave+gConcave+3900_flipped at IoU 0.65: nan
2025-07-16 19:30:48,805 - DEBUG - Collected collision time for BConcave+gConcave+3900_flipped at IoU 0.7: nan
2025-07-16 19:30:48,805 - DEBUG - Collected collision time for BConcave+gConcave+3900_flipped at IoU 0.75: nan
2025-07-16 19:30:48,805 - DEBUG - Collected collision time for BConcave+gConcave+3900_flipped at IoU 0.8: nan
2025-07-16 19:30:48,805 - DEBUG - Collected collision time for BConcave+gConcave+3900_flipped at IoU 0.85: nan
2025-07-16 19:30:48,806 - DEBUG - Collected collision time for BConcave+gConcave+3900_flipped at IoU 0.9: nan
2025-07-16 19:30:48,806 - DEBUG - Collected collision time for BConcave+gConcave+3900_flipped at IoU 0.95: nan
2025-07-16 19:30:48,806 - DEBUG - Collected collision time for BConcave+gConcave+4100 at IoU 0.05: nan
2025-07-16 19:30:48,807 - DEBUG - Collected collision time for BConcave+gConcave+4100 at IoU 0.1: nan
2025-07-16 19:30:48,807 - DEBUG - Collected collision time for BConcave+gConcave+4100 at IoU 0.15: nan
2025-07-16 19:30:48,807 - DEBUG - Collected collision time for BConcave+gConcave+4100 at IoU 0.2: nan
2025-07-16 19:30:48,807 - DEBUG - Collected collision time for BConcave+gConcave+4100 at IoU 0.25: nan
2025-07-16 19:30:48,808 - DEBUG - Collected collision time for BConcave+gConcave+4100 at IoU 0.3: nan
2025-07-16 19:30:48,808 - DEBUG - Collected collision time for BConcave+gConcave+4100 at IoU 0.35: nan
2025-07-16 19:30:48,808 - DEBUG - Collected collision time for BConcave+gConcave+4100 at IoU 0.4: nan
2025-07-16 19:30:48,809 - DEBUG - Collected collision time for BConcave+gConcave+4100 at IoU 0.45: nan
2025-07-16 19:30:48,809 - DEBUG - Collected collision time for BConcave+gConcave+4100 at IoU 0.5: nan
2025-07-16 19:30:48,810 - DEBUG - Collected collision time for BConcave+gConcave+4100 at IoU 0.55: nan
2025-07-16 19:30:48,810 - DEBUG - Collected collision time for BConcave+gConcave+4100 at IoU 0.6: nan
2025-07-16 19:30:48,810 - DEBUG - Collected collision time for BConcave+gConcave+4100 at IoU 0.65: nan
2025-07-16 19:30:48,811 - DEBUG - Collected collision time for BConcave+gConcave+4100 at IoU 0.7: nan
2025-07-16 19:30:48,811 - DEBUG - Collected collision time for BConcave+gConcave+4100 at IoU 0.75: nan
2025-07-16 19:30:48,811 - DEBUG - Collected collision time for BConcave+gConcave+4100 at IoU 0.8: nan
2025-07-16 19:30:48,812 - DEBUG - Collected collision time for BConcave+gConcave+4100 at IoU 0.85: nan
2025-07-16 19:30:48,812 - DEBUG - Collected collision time for BConcave+gConcave+4100 at IoU 0.9: nan
2025-07-16 19:30:48,812 - DEBUG - Collected collision time for BConcave+gConcave+4100 at IoU 0.95: nan
2025-07-16 19:30:48,813 - DEBUG - Collected collision time for BConcave+gConcave+4300_flipped at IoU 0.05: nan
2025-07-16 19:30:48,813 - DEBUG - Collected collision time for BConcave+gConcave+4300_flipped at IoU 0.1: nan
2025-07-16 19:30:48,813 - DEBUG - Collected collision time for BConcave+gConcave+4300_flipped at IoU 0.15: nan
2025-07-16 19:30:48,814 - DEBUG - Collected collision time for BConcave+gConcave+4300_flipped at IoU 0.2: nan
2025-07-16 19:30:48,814 - DEBUG - Collected collision time for BConcave+gConcave+4300_flipped at IoU 0.25: nan
2025-07-16 19:30:48,815 - DEBUG - Collected collision time for BConcave+gConcave+4300_flipped at IoU 0.3: nan
2025-07-16 19:30:48,815 - DEBUG - Collected collision time for BConcave+gConcave+4300_flipped at IoU 0.35: nan
2025-07-16 19:30:48,815 - DEBUG - Collected collision time for BConcave+gConcave+4300_flipped at IoU 0.4: nan
2025-07-16 19:30:48,816 - DEBUG - Collected collision time for BConcave+gConcave+4300_flipped at IoU 0.45: nan
2025-07-16 19:30:48,816 - DEBUG - Collected collision time for BConcave+gConcave+4300_flipped at IoU 0.5: nan
2025-07-16 19:30:48,816 - DEBUG - Collected collision time for BConcave+gConcave+4300_flipped at IoU 0.55: nan
2025-07-16 19:30:48,817 - DEBUG - Collected collision time for BConcave+gConcave+4300_flipped at IoU 0.6: nan
2025-07-16 19:30:48,817 - DEBUG - Collected collision time for BConcave+gConcave+4300_flipped at IoU 0.65: nan
2025-07-16 19:30:48,817 - DEBUG - Collected collision time for BConcave+gConcave+4300_flipped at IoU 0.7: nan
2025-07-16 19:30:48,818 - DEBUG - Collected collision time for BConcave+gConcave+4300_flipped at IoU 0.75: nan
2025-07-16 19:30:48,818 - DEBUG - Collected collision time for BConcave+gConcave+4300_flipped at IoU 0.8: nan
2025-07-16 19:30:48,818 - DEBUG - Collected collision time for BConcave+gConcave+4300_flipped at IoU 0.85: nan
2025-07-16 19:30:48,819 - DEBUG - Collected collision time for BConcave+gConcave+4300_flipped at IoU 0.9: nan
2025-07-16 19:30:48,819 - DEBUG - Collected collision time for BConcave+gConcave+4300_flipped at IoU 0.95: nan
2025-07-16 19:30:48,819 - DEBUG - Collected collision time for BConcave+gConcave+4500 at IoU 0.05: nan
2025-07-16 19:30:48,819 - DEBUG - Collected collision time for BConcave+gConcave+4500 at IoU 0.1: nan
2025-07-16 19:30:48,820 - DEBUG - Collected collision time for BConcave+gConcave+4500 at IoU 0.15: nan
2025-07-16 19:30:48,820 - DEBUG - Collected collision time for BConcave+gConcave+4500 at IoU 0.2: nan
2025-07-16 19:30:48,820 - DEBUG - Collected collision time for BConcave+gConcave+4500 at IoU 0.25: nan
2025-07-16 19:30:48,820 - DEBUG - Collected collision time for BConcave+gConcave+4500 at IoU 0.3: nan
2025-07-16 19:30:48,821 - DEBUG - Collected collision time for BConcave+gConcave+4500 at IoU 0.35: nan
2025-07-16 19:30:48,821 - DEBUG - Collected collision time for BConcave+gConcave+4500 at IoU 0.4: nan
2025-07-16 19:30:48,821 - DEBUG - Collected collision time for BConcave+gConcave+4500 at IoU 0.45: nan
2025-07-16 19:30:48,822 - DEBUG - Collected collision time for BConcave+gConcave+4500 at IoU 0.5: nan
2025-07-16 19:30:48,822 - DEBUG - Collected collision time for BConcave+gConcave+4500 at IoU 0.55: nan
2025-07-16 19:30:48,822 - DEBUG - Collected collision time for BConcave+gConcave+4500 at IoU 0.6: nan
2025-07-16 19:30:48,823 - DEBUG - Collected collision time for BConcave+gConcave+4500 at IoU 0.65: nan
2025-07-16 19:30:48,823 - DEBUG - Collected collision time for BConcave+gConcave+4500 at IoU 0.7: nan
2025-07-16 19:30:48,823 - DEBUG - Collected collision time for BConcave+gConcave+4500 at IoU 0.75: nan
2025-07-16 19:30:48,823 - DEBUG - Collected collision time for BConcave+gConcave+4500 at IoU 0.8: nan
2025-07-16 19:30:48,824 - DEBUG - Collected collision time for BConcave+gConcave+4500 at IoU 0.85: nan
2025-07-16 19:30:48,824 - DEBUG - Collected collision time for BConcave+gConcave+4500 at IoU 0.9: nan
2025-07-16 19:30:48,824 - DEBUG - Collected collision time for BConcave+gConcave+4500 at IoU 0.95: nan
2025-07-16 19:30:48,824 - DEBUG - Collected collision time for BConcave+gConvex+3500 at IoU 0.05: 3750.0
2025-07-16 19:30:48,825 - DEBUG - Collected collision time for BConcave+gConvex+3500 at IoU 0.1: 4016.6666666666665
2025-07-16 19:30:48,825 - DEBUG - Collected collision time for BConcave+gConvex+3500 at IoU 0.15: 4200.0
2025-07-16 19:30:48,825 - DEBUG - Collected collision time for BConcave+gConvex+3500 at IoU 0.2: nan
2025-07-16 19:30:48,825 - DEBUG - Collected collision time for BConcave+gConvex+3500 at IoU 0.25: nan
2025-07-16 19:30:48,826 - DEBUG - Collected collision time for BConcave+gConvex+3500 at IoU 0.3: nan
2025-07-16 19:30:48,826 - DEBUG - Collected collision time for BConcave+gConvex+3500 at IoU 0.35: nan
2025-07-16 19:30:48,826 - DEBUG - Collected collision time for BConcave+gConvex+3500 at IoU 0.4: nan
2025-07-16 19:30:48,827 - DEBUG - Collected collision time for BConcave+gConvex+3500 at IoU 0.45: nan
2025-07-16 19:30:48,827 - DEBUG - Collected collision time for BConcave+gConvex+3500 at IoU 0.5: nan
2025-07-16 19:30:48,827 - DEBUG - Collected collision time for BConcave+gConvex+3500 at IoU 0.55: nan
2025-07-16 19:30:48,828 - DEBUG - Collected collision time for BConcave+gConvex+3500 at IoU 0.6: nan
2025-07-16 19:30:48,828 - DEBUG - Collected collision time for BConcave+gConvex+3500 at IoU 0.65: nan
2025-07-16 19:30:48,828 - DEBUG - Collected collision time for BConcave+gConvex+3500 at IoU 0.7: nan
2025-07-16 19:30:48,829 - DEBUG - Collected collision time for BConcave+gConvex+3500 at IoU 0.75: nan
2025-07-16 19:30:48,829 - DEBUG - Collected collision time for BConcave+gConvex+3500 at IoU 0.8: nan
2025-07-16 19:30:48,829 - DEBUG - Collected collision time for BConcave+gConvex+3500 at IoU 0.85: nan
2025-07-16 19:30:48,830 - DEBUG - Collected collision time for BConcave+gConvex+3500 at IoU 0.9: nan
2025-07-16 19:30:48,830 - DEBUG - Collected collision time for BConcave+gConvex+3500 at IoU 0.95: nan
2025-07-16 19:30:48,830 - DEBUG - Collected collision time for BConcave+gConvex+3700_flipped at IoU 0.05: 4116.666666666666
2025-07-16 19:30:48,830 - DEBUG - Collected collision time for BConcave+gConvex+3700_flipped at IoU 0.1: nan
2025-07-16 19:30:48,830 - DEBUG - Collected collision time for BConcave+gConvex+3700_flipped at IoU 0.15: nan
2025-07-16 19:30:48,831 - DEBUG - Collected collision time for BConcave+gConvex+3700_flipped at IoU 0.2: nan
2025-07-16 19:30:48,831 - DEBUG - Collected collision time for BConcave+gConvex+3700_flipped at IoU 0.25: nan
2025-07-16 19:30:48,831 - DEBUG - Collected collision time for BConcave+gConvex+3700_flipped at IoU 0.3: nan
2025-07-16 19:30:48,831 - DEBUG - Collected collision time for BConcave+gConvex+3700_flipped at IoU 0.35: nan
2025-07-16 19:30:48,832 - DEBUG - Collected collision time for BConcave+gConvex+3700_flipped at IoU 0.4: nan
2025-07-16 19:30:48,832 - DEBUG - Collected collision time for BConcave+gConvex+3700_flipped at IoU 0.45: nan
2025-07-16 19:30:48,832 - DEBUG - Collected collision time for BConcave+gConvex+3700_flipped at IoU 0.5: nan
2025-07-16 19:30:48,832 - DEBUG - Collected collision time for BConcave+gConvex+3700_flipped at IoU 0.55: nan
2025-07-16 19:30:48,832 - DEBUG - Collected collision time for BConcave+gConvex+3700_flipped at IoU 0.6: nan
2025-07-16 19:30:48,833 - DEBUG - Collected collision time for BConcave+gConvex+3700_flipped at IoU 0.65: nan
2025-07-16 19:30:48,833 - DEBUG - Collected collision time for BConcave+gConvex+3700_flipped at IoU 0.7: nan
2025-07-16 19:30:48,833 - DEBUG - Collected collision time for BConcave+gConvex+3700_flipped at IoU 0.75: nan
2025-07-16 19:30:48,833 - DEBUG - Collected collision time for BConcave+gConvex+3700_flipped at IoU 0.8: nan
2025-07-16 19:30:48,834 - DEBUG - Collected collision time for BConcave+gConvex+3700_flipped at IoU 0.85: nan
2025-07-16 19:30:48,834 - DEBUG - Collected collision time for BConcave+gConvex+3700_flipped at IoU 0.9: nan
2025-07-16 19:30:48,834 - DEBUG - Collected collision time for BConcave+gConvex+3700_flipped at IoU 0.95: nan
2025-07-16 19:30:48,834 - DEBUG - Collected collision time for BConcave+gConvex+3900 at IoU 0.05: 4316.666666666666
2025-07-16 19:30:48,835 - DEBUG - Collected collision time for BConcave+gConvex+3900 at IoU 0.1: 4516.666666666667
2025-07-16 19:30:48,835 - DEBUG - Collected collision time for BConcave+gConvex+3900 at IoU 0.15: nan
2025-07-16 19:30:48,835 - DEBUG - Collected collision time for BConcave+gConvex+3900 at IoU 0.2: nan
2025-07-16 19:30:48,835 - DEBUG - Collected collision time for BConcave+gConvex+3900 at IoU 0.25: nan
2025-07-16 19:30:48,836 - DEBUG - Collected collision time for BConcave+gConvex+3900 at IoU 0.3: nan
2025-07-16 19:30:48,836 - DEBUG - Collected collision time for BConcave+gConvex+3900 at IoU 0.35: nan
2025-07-16 19:30:48,836 - DEBUG - Collected collision time for BConcave+gConvex+3900 at IoU 0.4: nan
2025-07-16 19:30:48,836 - DEBUG - Collected collision time for BConcave+gConvex+3900 at IoU 0.45: nan
2025-07-16 19:30:48,837 - DEBUG - Collected collision time for BConcave+gConvex+3900 at IoU 0.5: nan
2025-07-16 19:30:48,837 - DEBUG - Collected collision time for BConcave+gConvex+3900 at IoU 0.55: nan
2025-07-16 19:30:48,837 - DEBUG - Collected collision time for BConcave+gConvex+3900 at IoU 0.6: nan
2025-07-16 19:30:48,837 - DEBUG - Collected collision time for BConcave+gConvex+3900 at IoU 0.65: nan
2025-07-16 19:30:48,838 - DEBUG - Collected collision time for BConcave+gConvex+3900 at IoU 0.7: nan
2025-07-16 19:30:48,838 - DEBUG - Collected collision time for BConcave+gConvex+3900 at IoU 0.75: nan
2025-07-16 19:30:48,838 - DEBUG - Collected collision time for BConcave+gConvex+3900 at IoU 0.8: nan
2025-07-16 19:30:48,838 - DEBUG - Collected collision time for BConcave+gConvex+3900 at IoU 0.85: nan
2025-07-16 19:30:48,839 - DEBUG - Collected collision time for BConcave+gConvex+3900 at IoU 0.9: nan
2025-07-16 19:30:48,839 - DEBUG - Collected collision time for BConcave+gConvex+3900 at IoU 0.95: nan
2025-07-16 19:30:48,839 - DEBUG - Collected collision time for BConcave+gConvex+4100_flipped at IoU 0.05: nan
2025-07-16 19:30:48,839 - DEBUG - Collected collision time for BConcave+gConvex+4100_flipped at IoU 0.1: nan
2025-07-16 19:30:48,839 - DEBUG - Collected collision time for BConcave+gConvex+4100_flipped at IoU 0.15: nan
2025-07-16 19:30:48,840 - DEBUG - Collected collision time for BConcave+gConvex+4100_flipped at IoU 0.2: nan
2025-07-16 19:30:48,840 - DEBUG - Collected collision time for BConcave+gConvex+4100_flipped at IoU 0.25: nan
2025-07-16 19:30:48,840 - DEBUG - Collected collision time for BConcave+gConvex+4100_flipped at IoU 0.3: nan
2025-07-16 19:30:48,840 - DEBUG - Collected collision time for BConcave+gConvex+4100_flipped at IoU 0.35: nan
2025-07-16 19:30:48,840 - DEBUG - Collected collision time for BConcave+gConvex+4100_flipped at IoU 0.4: nan
2025-07-16 19:30:48,841 - DEBUG - Collected collision time for BConcave+gConvex+4100_flipped at IoU 0.45: nan
2025-07-16 19:30:48,841 - DEBUG - Collected collision time for BConcave+gConvex+4100_flipped at IoU 0.5: nan
2025-07-16 19:30:48,841 - DEBUG - Collected collision time for BConcave+gConvex+4100_flipped at IoU 0.55: nan
2025-07-16 19:30:48,841 - DEBUG - Collected collision time for BConcave+gConvex+4100_flipped at IoU 0.6: nan
2025-07-16 19:30:48,841 - DEBUG - Collected collision time for BConcave+gConvex+4100_flipped at IoU 0.65: nan
2025-07-16 19:30:48,842 - DEBUG - Collected collision time for BConcave+gConvex+4100_flipped at IoU 0.7: nan
2025-07-16 19:30:48,842 - DEBUG - Collected collision time for BConcave+gConvex+4100_flipped at IoU 0.75: nan
2025-07-16 19:30:48,842 - DEBUG - Collected collision time for BConcave+gConvex+4100_flipped at IoU 0.8: nan
2025-07-16 19:30:48,842 - DEBUG - Collected collision time for BConcave+gConvex+4100_flipped at IoU 0.85: nan
2025-07-16 19:30:48,842 - DEBUG - Collected collision time for BConcave+gConvex+4100_flipped at IoU 0.9: nan
2025-07-16 19:30:48,843 - DEBUG - Collected collision time for BConcave+gConvex+4100_flipped at IoU 0.95: nan
2025-07-16 19:30:48,843 - DEBUG - Collected collision time for BConcave+gConvex+4300 at IoU 0.05: 4483.333333333333
2025-07-16 19:30:48,843 - DEBUG - Collected collision time for BConcave+gConvex+4300 at IoU 0.1: 4683.333333333334
2025-07-16 19:30:48,843 - DEBUG - Collected collision time for BConcave+gConvex+4300 at IoU 0.15: 4816.666666666666
2025-07-16 19:30:48,844 - DEBUG - Collected collision time for BConcave+gConvex+4300 at IoU 0.2: nan
2025-07-16 19:30:48,844 - DEBUG - Collected collision time for BConcave+gConvex+4300 at IoU 0.25: nan
2025-07-16 19:30:48,844 - DEBUG - Collected collision time for BConcave+gConvex+4300 at IoU 0.3: nan
2025-07-16 19:30:48,844 - DEBUG - Collected collision time for BConcave+gConvex+4300 at IoU 0.35: nan
2025-07-16 19:30:48,844 - DEBUG - Collected collision time for BConcave+gConvex+4300 at IoU 0.4: nan
2025-07-16 19:30:48,845 - DEBUG - Collected collision time for BConcave+gConvex+4300 at IoU 0.45: nan
2025-07-16 19:30:48,845 - DEBUG - Collected collision time for BConcave+gConvex+4300 at IoU 0.5: nan
2025-07-16 19:30:48,845 - DEBUG - Collected collision time for BConcave+gConvex+4300 at IoU 0.55: nan
2025-07-16 19:30:48,845 - DEBUG - Collected collision time for BConcave+gConvex+4300 at IoU 0.6: nan
2025-07-16 19:30:48,845 - DEBUG - Collected collision time for BConcave+gConvex+4300 at IoU 0.65: nan
2025-07-16 19:30:48,846 - DEBUG - Collected collision time for BConcave+gConvex+4300 at IoU 0.7: nan
2025-07-16 19:30:48,846 - DEBUG - Collected collision time for BConcave+gConvex+4300 at IoU 0.75: nan
2025-07-16 19:30:48,846 - DEBUG - Collected collision time for BConcave+gConvex+4300 at IoU 0.8: nan
2025-07-16 19:30:48,846 - DEBUG - Collected collision time for BConcave+gConvex+4300 at IoU 0.85: nan
2025-07-16 19:30:48,846 - DEBUG - Collected collision time for BConcave+gConvex+4300 at IoU 0.9: nan
2025-07-16 19:30:48,847 - DEBUG - Collected collision time for BConcave+gConvex+4300 at IoU 0.95: nan
2025-07-16 19:30:48,847 - DEBUG - Collected collision time for BConcave+gConvex+4500_flipped at IoU 0.05: 3500.0
2025-07-16 19:30:48,847 - DEBUG - Collected collision time for BConcave+gConvex+4500_flipped at IoU 0.1: 5433.333333333334
2025-07-16 19:30:48,847 - DEBUG - Collected collision time for BConcave+gConvex+4500_flipped at IoU 0.15: nan
2025-07-16 19:30:48,847 - DEBUG - Collected collision time for BConcave+gConvex+4500_flipped at IoU 0.2: nan
2025-07-16 19:30:48,848 - DEBUG - Collected collision time for BConcave+gConvex+4500_flipped at IoU 0.25: nan
2025-07-16 19:30:48,848 - DEBUG - Collected collision time for BConcave+gConvex+4500_flipped at IoU 0.3: nan
2025-07-16 19:30:48,848 - DEBUG - Collected collision time for BConcave+gConvex+4500_flipped at IoU 0.35: nan
2025-07-16 19:30:48,848 - DEBUG - Collected collision time for BConcave+gConvex+4500_flipped at IoU 0.4: nan
2025-07-16 19:30:48,848 - DEBUG - Collected collision time for BConcave+gConvex+4500_flipped at IoU 0.45: nan
2025-07-16 19:30:48,849 - DEBUG - Collected collision time for BConcave+gConvex+4500_flipped at IoU 0.5: nan
2025-07-16 19:30:48,849 - DEBUG - Collected collision time for BConcave+gConvex+4500_flipped at IoU 0.55: nan
2025-07-16 19:30:48,849 - DEBUG - Collected collision time for BConcave+gConvex+4500_flipped at IoU 0.6: nan
2025-07-16 19:30:48,850 - DEBUG - Collected collision time for BConcave+gConvex+4500_flipped at IoU 0.65: nan
2025-07-16 19:30:48,850 - DEBUG - Collected collision time for BConcave+gConvex+4500_flipped at IoU 0.7: nan
2025-07-16 19:30:48,850 - DEBUG - Collected collision time for BConcave+gConvex+4500_flipped at IoU 0.75: nan
2025-07-16 19:30:48,850 - DEBUG - Collected collision time for BConcave+gConvex+4500_flipped at IoU 0.8: nan
2025-07-16 19:30:48,851 - DEBUG - Collected collision time for BConcave+gConvex+4500_flipped at IoU 0.85: nan
2025-07-16 19:30:48,851 - DEBUG - Collected collision time for BConcave+gConvex+4500_flipped at IoU 0.9: nan
2025-07-16 19:30:48,851 - DEBUG - Collected collision time for BConcave+gConvex+4500_flipped at IoU 0.95: nan
2025-07-16 19:30:48,851 - DEBUG - Collected collision time for BConcave+hConcave+3500_flipped at IoU 0.05: 3983.3333333333335
2025-07-16 19:30:48,852 - DEBUG - Collected collision time for BConcave+hConcave+3500_flipped at IoU 0.1: 4066.6666666666665
2025-07-16 19:30:48,852 - DEBUG - Collected collision time for BConcave+hConcave+3500_flipped at IoU 0.15: 4150.0
2025-07-16 19:30:48,852 - DEBUG - Collected collision time for BConcave+hConcave+3500_flipped at IoU 0.2: 4316.666666666666
2025-07-16 19:30:48,852 - DEBUG - Collected collision time for BConcave+hConcave+3500_flipped at IoU 0.25: nan
2025-07-16 19:30:48,852 - DEBUG - Collected collision time for BConcave+hConcave+3500_flipped at IoU 0.3: nan
2025-07-16 19:30:48,853 - DEBUG - Collected collision time for BConcave+hConcave+3500_flipped at IoU 0.35: nan
2025-07-16 19:30:48,853 - DEBUG - Collected collision time for BConcave+hConcave+3500_flipped at IoU 0.4: nan
2025-07-16 19:30:48,853 - DEBUG - Collected collision time for BConcave+hConcave+3500_flipped at IoU 0.45: nan
2025-07-16 19:30:48,854 - DEBUG - Collected collision time for BConcave+hConcave+3500_flipped at IoU 0.5: nan
2025-07-16 19:30:48,854 - DEBUG - Collected collision time for BConcave+hConcave+3500_flipped at IoU 0.55: nan
2025-07-16 19:30:48,854 - DEBUG - Collected collision time for BConcave+hConcave+3500_flipped at IoU 0.6: nan
2025-07-16 19:30:48,854 - DEBUG - Collected collision time for BConcave+hConcave+3500_flipped at IoU 0.65: nan
2025-07-16 19:30:48,855 - DEBUG - Collected collision time for BConcave+hConcave+3500_flipped at IoU 0.7: nan
2025-07-16 19:30:48,855 - DEBUG - Collected collision time for BConcave+hConcave+3500_flipped at IoU 0.75: nan
2025-07-16 19:30:48,855 - DEBUG - Collected collision time for BConcave+hConcave+3500_flipped at IoU 0.8: nan
2025-07-16 19:30:48,855 - DEBUG - Collected collision time for BConcave+hConcave+3500_flipped at IoU 0.85: nan
2025-07-16 19:30:48,856 - DEBUG - Collected collision time for BConcave+hConcave+3500_flipped at IoU 0.9: nan
2025-07-16 19:30:48,856 - DEBUG - Collected collision time for BConcave+hConcave+3500_flipped at IoU 0.95: nan
2025-07-16 19:30:48,856 - DEBUG - Collected collision time for BConcave+hConcave+3700 at IoU 0.05: 4083.333333333333
2025-07-16 19:30:48,857 - DEBUG - Collected collision time for BConcave+hConcave+3700 at IoU 0.1: 4250.0
2025-07-16 19:30:48,857 - DEBUG - Collected collision time for BConcave+hConcave+3700 at IoU 0.15: 4366.666666666666
2025-07-16 19:30:48,857 - DEBUG - Collected collision time for BConcave+hConcave+3700 at IoU 0.2: 4466.666666666667
2025-07-16 19:30:48,857 - DEBUG - Collected collision time for BConcave+hConcave+3700 at IoU 0.25: 4550.0
2025-07-16 19:30:48,858 - DEBUG - Collected collision time for BConcave+hConcave+3700 at IoU 0.3: 4666.666666666667
2025-07-16 19:30:48,858 - DEBUG - Collected collision time for BConcave+hConcave+3700 at IoU 0.35: nan
2025-07-16 19:30:48,858 - DEBUG - Collected collision time for BConcave+hConcave+3700 at IoU 0.4: nan
2025-07-16 19:30:48,859 - DEBUG - Collected collision time for BConcave+hConcave+3700 at IoU 0.45: nan
2025-07-16 19:30:48,859 - DEBUG - Collected collision time for BConcave+hConcave+3700 at IoU 0.5: nan
2025-07-16 19:30:48,859 - DEBUG - Collected collision time for BConcave+hConcave+3700 at IoU 0.55: nan
2025-07-16 19:30:48,859 - DEBUG - Collected collision time for BConcave+hConcave+3700 at IoU 0.6: nan
2025-07-16 19:30:48,860 - DEBUG - Collected collision time for BConcave+hConcave+3700 at IoU 0.65: nan
2025-07-16 19:30:48,860 - DEBUG - Collected collision time for BConcave+hConcave+3700 at IoU 0.7: nan
2025-07-16 19:30:48,860 - DEBUG - Collected collision time for BConcave+hConcave+3700 at IoU 0.75: nan
2025-07-16 19:30:48,861 - DEBUG - Collected collision time for BConcave+hConcave+3700 at IoU 0.8: nan
2025-07-16 19:30:48,861 - DEBUG - Collected collision time for BConcave+hConcave+3700 at IoU 0.85: nan
2025-07-16 19:30:48,861 - DEBUG - Collected collision time for BConcave+hConcave+3700 at IoU 0.9: nan
2025-07-16 19:30:48,862 - DEBUG - Collected collision time for BConcave+hConcave+3700 at IoU 0.95: nan
2025-07-16 19:30:48,862 - DEBUG - Collected collision time for BConcave+hConcave+3900_flipped at IoU 0.05: 4250.0
2025-07-16 19:30:48,862 - DEBUG - Collected collision time for BConcave+hConcave+3900_flipped at IoU 0.1: 4383.333333333334
2025-07-16 19:30:48,862 - DEBUG - Collected collision time for BConcave+hConcave+3900_flipped at IoU 0.15: 4466.666666666667
2025-07-16 19:30:48,863 - DEBUG - Collected collision time for BConcave+hConcave+3900_flipped at IoU 0.2: 4550.0
2025-07-16 19:30:48,863 - DEBUG - Collected collision time for BConcave+hConcave+3900_flipped at IoU 0.25: 4633.333333333334
2025-07-16 19:30:48,863 - DEBUG - Collected collision time for BConcave+hConcave+3900_flipped at IoU 0.3: 4816.666666666666
2025-07-16 19:30:48,863 - DEBUG - Collected collision time for BConcave+hConcave+3900_flipped at IoU 0.35: nan
2025-07-16 19:30:48,864 - DEBUG - Collected collision time for BConcave+hConcave+3900_flipped at IoU 0.4: nan
2025-07-16 19:30:48,864 - DEBUG - Collected collision time for BConcave+hConcave+3900_flipped at IoU 0.45: nan
2025-07-16 19:30:48,864 - DEBUG - Collected collision time for BConcave+hConcave+3900_flipped at IoU 0.5: nan
2025-07-16 19:30:48,865 - DEBUG - Collected collision time for BConcave+hConcave+3900_flipped at IoU 0.55: nan
2025-07-16 19:30:48,865 - DEBUG - Collected collision time for BConcave+hConcave+3900_flipped at IoU 0.6: nan
2025-07-16 19:30:48,866 - DEBUG - Collected collision time for BConcave+hConcave+3900_flipped at IoU 0.65: nan
2025-07-16 19:30:48,866 - DEBUG - Collected collision time for BConcave+hConcave+3900_flipped at IoU 0.7: nan
2025-07-16 19:30:48,866 - DEBUG - Collected collision time for BConcave+hConcave+3900_flipped at IoU 0.75: nan
2025-07-16 19:30:48,866 - DEBUG - Collected collision time for BConcave+hConcave+3900_flipped at IoU 0.8: nan
2025-07-16 19:30:48,867 - DEBUG - Collected collision time for BConcave+hConcave+3900_flipped at IoU 0.85: nan
2025-07-16 19:30:48,867 - DEBUG - Collected collision time for BConcave+hConcave+3900_flipped at IoU 0.9: nan
2025-07-16 19:30:48,867 - DEBUG - Collected collision time for BConcave+hConcave+3900_flipped at IoU 0.95: nan
2025-07-16 19:30:48,868 - DEBUG - Collected collision time for BConcave+hConcave+4100 at IoU 0.05: nan
2025-07-16 19:30:48,868 - DEBUG - Collected collision time for BConcave+hConcave+4100 at IoU 0.1: nan
2025-07-16 19:30:48,868 - DEBUG - Collected collision time for BConcave+hConcave+4100 at IoU 0.15: nan
2025-07-16 19:30:48,868 - DEBUG - Collected collision time for BConcave+hConcave+4100 at IoU 0.2: nan
2025-07-16 19:30:48,869 - DEBUG - Collected collision time for BConcave+hConcave+4100 at IoU 0.25: nan
2025-07-16 19:30:48,869 - DEBUG - Collected collision time for BConcave+hConcave+4100 at IoU 0.3: nan
2025-07-16 19:30:48,870 - DEBUG - Collected collision time for BConcave+hConcave+4100 at IoU 0.35: nan
2025-07-16 19:30:48,870 - DEBUG - Collected collision time for BConcave+hConcave+4100 at IoU 0.4: nan
2025-07-16 19:30:48,870 - DEBUG - Collected collision time for BConcave+hConcave+4100 at IoU 0.45: nan
2025-07-16 19:30:48,870 - DEBUG - Collected collision time for BConcave+hConcave+4100 at IoU 0.5: nan
2025-07-16 19:30:48,871 - DEBUG - Collected collision time for BConcave+hConcave+4100 at IoU 0.55: nan
2025-07-16 19:30:48,871 - DEBUG - Collected collision time for BConcave+hConcave+4100 at IoU 0.6: nan
2025-07-16 19:30:48,871 - DEBUG - Collected collision time for BConcave+hConcave+4100 at IoU 0.65: nan
2025-07-16 19:30:48,872 - DEBUG - Collected collision time for BConcave+hConcave+4100 at IoU 0.7: nan
2025-07-16 19:30:48,872 - DEBUG - Collected collision time for BConcave+hConcave+4100 at IoU 0.75: nan
2025-07-16 19:30:48,872 - DEBUG - Collected collision time for BConcave+hConcave+4100 at IoU 0.8: nan
2025-07-16 19:30:48,873 - DEBUG - Collected collision time for BConcave+hConcave+4100 at IoU 0.85: nan
2025-07-16 19:30:48,873 - DEBUG - Collected collision time for BConcave+hConcave+4100 at IoU 0.9: nan
2025-07-16 19:30:48,873 - DEBUG - Collected collision time for BConcave+hConcave+4100 at IoU 0.95: nan
2025-07-16 19:30:48,873 - DEBUG - Collected collision time for BConcave+hConcave+4300_flipped at IoU 0.05: 4783.333333333333
2025-07-16 19:30:48,874 - DEBUG - Collected collision time for BConcave+hConcave+4300_flipped at IoU 0.1: 4916.666666666667
2025-07-16 19:30:48,874 - DEBUG - Collected collision time for BConcave+hConcave+4300_flipped at IoU 0.15: 5050.0
2025-07-16 19:30:48,874 - DEBUG - Collected collision time for BConcave+hConcave+4300_flipped at IoU 0.2: nan
2025-07-16 19:30:48,875 - DEBUG - Collected collision time for BConcave+hConcave+4300_flipped at IoU 0.25: nan
2025-07-16 19:30:48,875 - DEBUG - Collected collision time for BConcave+hConcave+4300_flipped at IoU 0.3: nan
2025-07-16 19:30:48,875 - DEBUG - Collected collision time for BConcave+hConcave+4300_flipped at IoU 0.35: nan
2025-07-16 19:30:48,876 - DEBUG - Collected collision time for BConcave+hConcave+4300_flipped at IoU 0.4: nan
2025-07-16 19:30:48,876 - DEBUG - Collected collision time for BConcave+hConcave+4300_flipped at IoU 0.45: nan
2025-07-16 19:30:48,876 - DEBUG - Collected collision time for BConcave+hConcave+4300_flipped at IoU 0.5: nan
2025-07-16 19:30:48,877 - DEBUG - Collected collision time for BConcave+hConcave+4300_flipped at IoU 0.55: nan
2025-07-16 19:30:48,877 - DEBUG - Collected collision time for BConcave+hConcave+4300_flipped at IoU 0.6: nan
2025-07-16 19:30:48,877 - DEBUG - Collected collision time for BConcave+hConcave+4300_flipped at IoU 0.65: nan
2025-07-16 19:30:48,878 - DEBUG - Collected collision time for BConcave+hConcave+4300_flipped at IoU 0.7: nan
2025-07-16 19:30:48,878 - DEBUG - Collected collision time for BConcave+hConcave+4300_flipped at IoU 0.75: nan
2025-07-16 19:30:48,878 - DEBUG - Collected collision time for BConcave+hConcave+4300_flipped at IoU 0.8: nan
2025-07-16 19:30:48,878 - DEBUG - Collected collision time for BConcave+hConcave+4300_flipped at IoU 0.85: nan
2025-07-16 19:30:48,879 - DEBUG - Collected collision time for BConcave+hConcave+4300_flipped at IoU 0.9: nan
2025-07-16 19:30:48,879 - DEBUG - Collected collision time for BConcave+hConcave+4300_flipped at IoU 0.95: nan
2025-07-16 19:30:48,879 - DEBUG - Collected collision time for BConcave+hConcave+4500 at IoU 0.05: nan
2025-07-16 19:30:48,880 - DEBUG - Collected collision time for BConcave+hConcave+4500 at IoU 0.1: nan
2025-07-16 19:30:48,880 - DEBUG - Collected collision time for BConcave+hConcave+4500 at IoU 0.15: nan
2025-07-16 19:30:48,880 - DEBUG - Collected collision time for BConcave+hConcave+4500 at IoU 0.2: nan
2025-07-16 19:30:48,881 - DEBUG - Collected collision time for BConcave+hConcave+4500 at IoU 0.25: nan
2025-07-16 19:30:48,881 - DEBUG - Collected collision time for BConcave+hConcave+4500 at IoU 0.3: nan
2025-07-16 19:30:48,881 - DEBUG - Collected collision time for BConcave+hConcave+4500 at IoU 0.35: nan
2025-07-16 19:30:48,882 - DEBUG - Collected collision time for BConcave+hConcave+4500 at IoU 0.4: nan
2025-07-16 19:30:48,882 - DEBUG - Collected collision time for BConcave+hConcave+4500 at IoU 0.45: nan
2025-07-16 19:30:48,882 - DEBUG - Collected collision time for BConcave+hConcave+4500 at IoU 0.5: nan
2025-07-16 19:30:48,882 - DEBUG - Collected collision time for BConcave+hConcave+4500 at IoU 0.55: nan
2025-07-16 19:30:48,883 - DEBUG - Collected collision time for BConcave+hConcave+4500 at IoU 0.6: nan
2025-07-16 19:30:48,883 - DEBUG - Collected collision time for BConcave+hConcave+4500 at IoU 0.65: nan
2025-07-16 19:30:48,883 - DEBUG - Collected collision time for BConcave+hConcave+4500 at IoU 0.7: nan
2025-07-16 19:30:48,884 - DEBUG - Collected collision time for BConcave+hConcave+4500 at IoU 0.75: nan
2025-07-16 19:30:48,884 - DEBUG - Collected collision time for BConcave+hConcave+4500 at IoU 0.8: nan
2025-07-16 19:30:48,884 - DEBUG - Collected collision time for BConcave+hConcave+4500 at IoU 0.85: nan
2025-07-16 19:30:48,885 - DEBUG - Collected collision time for BConcave+hConcave+4500 at IoU 0.9: nan
2025-07-16 19:30:48,885 - DEBUG - Collected collision time for BConcave+hConcave+4500 at IoU 0.95: nan
2025-07-16 19:30:48,885 - DEBUG - Collected collision time for BConcave+hConvex+3500 at IoU 0.05: 4250.0
2025-07-16 19:30:48,886 - DEBUG - Collected collision time for BConcave+hConvex+3500 at IoU 0.1: 4400.0
2025-07-16 19:30:48,886 - DEBUG - Collected collision time for BConcave+hConvex+3500 at IoU 0.15: 4516.666666666667
2025-07-16 19:30:48,887 - DEBUG - Collected collision time for BConcave+hConvex+3500 at IoU 0.2: 4600.0
2025-07-16 19:30:48,887 - DEBUG - Collected collision time for BConcave+hConvex+3500 at IoU 0.25: nan
2025-07-16 19:30:48,887 - DEBUG - Collected collision time for BConcave+hConvex+3500 at IoU 0.3: nan
2025-07-16 19:30:48,887 - DEBUG - Collected collision time for BConcave+hConvex+3500 at IoU 0.35: nan
2025-07-16 19:30:48,887 - DEBUG - Collected collision time for BConcave+hConvex+3500 at IoU 0.4: nan
2025-07-16 19:30:48,888 - DEBUG - Collected collision time for BConcave+hConvex+3500 at IoU 0.45: nan
2025-07-16 19:30:48,888 - DEBUG - Collected collision time for BConcave+hConvex+3500 at IoU 0.5: nan
2025-07-16 19:30:48,888 - DEBUG - Collected collision time for BConcave+hConvex+3500 at IoU 0.55: nan
2025-07-16 19:30:48,889 - DEBUG - Collected collision time for BConcave+hConvex+3500 at IoU 0.6: nan
2025-07-16 19:30:48,889 - DEBUG - Collected collision time for BConcave+hConvex+3500 at IoU 0.65: nan
2025-07-16 19:30:48,889 - DEBUG - Collected collision time for BConcave+hConvex+3500 at IoU 0.7: nan
2025-07-16 19:30:48,890 - DEBUG - Collected collision time for BConcave+hConvex+3500 at IoU 0.75: nan
2025-07-16 19:30:48,890 - DEBUG - Collected collision time for BConcave+hConvex+3500 at IoU 0.8: nan
2025-07-16 19:30:48,890 - DEBUG - Collected collision time for BConcave+hConvex+3500 at IoU 0.85: nan
2025-07-16 19:30:48,890 - DEBUG - Collected collision time for BConcave+hConvex+3500 at IoU 0.9: nan
2025-07-16 19:30:48,891 - DEBUG - Collected collision time for BConcave+hConvex+3500 at IoU 0.95: nan
2025-07-16 19:30:48,891 - DEBUG - Collected collision time for BConcave+hConvex+3700_flipped at IoU 0.05: 4133.333333333334
2025-07-16 19:30:48,892 - DEBUG - Collected collision time for BConcave+hConvex+3700_flipped at IoU 0.1: 4416.666666666667
2025-07-16 19:30:48,892 - DEBUG - Collected collision time for BConcave+hConvex+3700_flipped at IoU 0.15: 4616.666666666666
2025-07-16 19:30:48,892 - DEBUG - Collected collision time for BConcave+hConvex+3700_flipped at IoU 0.2: 4766.666666666667
2025-07-16 19:30:48,892 - DEBUG - Collected collision time for BConcave+hConvex+3700_flipped at IoU 0.25: 4916.666666666667
2025-07-16 19:30:48,893 - DEBUG - Collected collision time for BConcave+hConvex+3700_flipped at IoU 0.3: nan
2025-07-16 19:30:48,893 - DEBUG - Collected collision time for BConcave+hConvex+3700_flipped at IoU 0.35: nan
2025-07-16 19:30:48,893 - DEBUG - Collected collision time for BConcave+hConvex+3700_flipped at IoU 0.4: nan
2025-07-16 19:30:48,894 - DEBUG - Collected collision time for BConcave+hConvex+3700_flipped at IoU 0.45: nan
2025-07-16 19:30:48,894 - DEBUG - Collected collision time for BConcave+hConvex+3700_flipped at IoU 0.5: nan
2025-07-16 19:30:48,894 - DEBUG - Collected collision time for BConcave+hConvex+3700_flipped at IoU 0.55: nan
2025-07-16 19:30:48,894 - DEBUG - Collected collision time for BConcave+hConvex+3700_flipped at IoU 0.6: nan
2025-07-16 19:30:48,895 - DEBUG - Collected collision time for BConcave+hConvex+3700_flipped at IoU 0.65: nan
2025-07-16 19:30:48,895 - DEBUG - Collected collision time for BConcave+hConvex+3700_flipped at IoU 0.7: nan
2025-07-16 19:30:48,895 - DEBUG - Collected collision time for BConcave+hConvex+3700_flipped at IoU 0.75: nan
2025-07-16 19:30:48,896 - DEBUG - Collected collision time for BConcave+hConvex+3700_flipped at IoU 0.8: nan
2025-07-16 19:30:48,896 - DEBUG - Collected collision time for BConcave+hConvex+3700_flipped at IoU 0.85: nan
2025-07-16 19:30:48,896 - DEBUG - Collected collision time for BConcave+hConvex+3700_flipped at IoU 0.9: nan
2025-07-16 19:30:48,896 - DEBUG - Collected collision time for BConcave+hConvex+3700_flipped at IoU 0.95: nan
2025-07-16 19:30:48,897 - DEBUG - Collected collision time for BConcave+hConvex+3900 at IoU 0.05: 4433.333333333334
2025-07-16 19:30:48,897 - DEBUG - Collected collision time for BConcave+hConvex+3900 at IoU 0.1: 4733.333333333333
2025-07-16 19:30:48,897 - DEBUG - Collected collision time for BConcave+hConvex+3900 at IoU 0.15: 4900.0
2025-07-16 19:30:48,897 - DEBUG - Collected collision time for BConcave+hConvex+3900 at IoU 0.2: 5116.666666666666
2025-07-16 19:30:48,898 - DEBUG - Collected collision time for BConcave+hConvex+3900 at IoU 0.25: nan
2025-07-16 19:30:48,898 - DEBUG - Collected collision time for BConcave+hConvex+3900 at IoU 0.3: nan
2025-07-16 19:30:48,898 - DEBUG - Collected collision time for BConcave+hConvex+3900 at IoU 0.35: nan
2025-07-16 19:30:48,899 - DEBUG - Collected collision time for BConcave+hConvex+3900 at IoU 0.4: nan
2025-07-16 19:30:48,899 - DEBUG - Collected collision time for BConcave+hConvex+3900 at IoU 0.45: nan
2025-07-16 19:30:48,899 - DEBUG - Collected collision time for BConcave+hConvex+3900 at IoU 0.5: nan
2025-07-16 19:30:48,899 - DEBUG - Collected collision time for BConcave+hConvex+3900 at IoU 0.55: nan
2025-07-16 19:30:48,900 - DEBUG - Collected collision time for BConcave+hConvex+3900 at IoU 0.6: nan
2025-07-16 19:30:48,900 - DEBUG - Collected collision time for BConcave+hConvex+3900 at IoU 0.65: nan
2025-07-16 19:30:48,900 - DEBUG - Collected collision time for BConcave+hConvex+3900 at IoU 0.7: nan
2025-07-16 19:30:48,901 - DEBUG - Collected collision time for BConcave+hConvex+3900 at IoU 0.75: nan
2025-07-16 19:30:48,901 - DEBUG - Collected collision time for BConcave+hConvex+3900 at IoU 0.8: nan
2025-07-16 19:30:48,901 - DEBUG - Collected collision time for BConcave+hConvex+3900 at IoU 0.85: nan
2025-07-16 19:30:48,902 - DEBUG - Collected collision time for BConcave+hConvex+3900 at IoU 0.9: nan
2025-07-16 19:30:48,902 - DEBUG - Collected collision time for BConcave+hConvex+3900 at IoU 0.95: nan
2025-07-16 19:30:48,903 - DEBUG - Collected collision time for BConcave+hConvex+4100_flipped at IoU 0.05: 4650.0
2025-07-16 19:30:48,903 - DEBUG - Collected collision time for BConcave+hConvex+4100_flipped at IoU 0.1: 4833.333333333333
2025-07-16 19:30:48,904 - DEBUG - Collected collision time for BConcave+hConvex+4100_flipped at IoU 0.15: 5000.0
2025-07-16 19:30:48,904 - DEBUG - Collected collision time for BConcave+hConvex+4100_flipped at IoU 0.2: 5183.333333333334
2025-07-16 19:30:48,904 - DEBUG - Collected collision time for BConcave+hConvex+4100_flipped at IoU 0.25: 5383.333333333334
2025-07-16 19:30:48,904 - DEBUG - Collected collision time for BConcave+hConvex+4100_flipped at IoU 0.3: nan
2025-07-16 19:30:48,904 - DEBUG - Collected collision time for BConcave+hConvex+4100_flipped at IoU 0.35: nan
2025-07-16 19:30:48,905 - DEBUG - Collected collision time for BConcave+hConvex+4100_flipped at IoU 0.4: nan
2025-07-16 19:30:48,905 - DEBUG - Collected collision time for BConcave+hConvex+4100_flipped at IoU 0.45: nan
2025-07-16 19:30:48,906 - DEBUG - Collected collision time for BConcave+hConvex+4100_flipped at IoU 0.5: nan
2025-07-16 19:30:48,906 - DEBUG - Collected collision time for BConcave+hConvex+4100_flipped at IoU 0.55: nan
2025-07-16 19:30:48,906 - DEBUG - Collected collision time for BConcave+hConvex+4100_flipped at IoU 0.6: nan
2025-07-16 19:30:48,907 - DEBUG - Collected collision time for BConcave+hConvex+4100_flipped at IoU 0.65: nan
2025-07-16 19:30:48,907 - DEBUG - Collected collision time for BConcave+hConvex+4100_flipped at IoU 0.7: nan
2025-07-16 19:30:48,907 - DEBUG - Collected collision time for BConcave+hConvex+4100_flipped at IoU 0.75: nan
2025-07-16 19:30:48,907 - DEBUG - Collected collision time for BConcave+hConvex+4100_flipped at IoU 0.8: nan
2025-07-16 19:30:48,908 - DEBUG - Collected collision time for BConcave+hConvex+4100_flipped at IoU 0.85: nan
2025-07-16 19:30:48,908 - DEBUG - Collected collision time for BConcave+hConvex+4100_flipped at IoU 0.9: nan
2025-07-16 19:30:48,908 - DEBUG - Collected collision time for BConcave+hConvex+4100_flipped at IoU 0.95: nan
2025-07-16 19:30:48,908 - DEBUG - Collected collision time for BConcave+hConvex+4300 at IoU 0.05: nan
2025-07-16 19:30:48,909 - DEBUG - Collected collision time for BConcave+hConvex+4300 at IoU 0.1: nan
2025-07-16 19:30:48,909 - DEBUG - Collected collision time for BConcave+hConvex+4300 at IoU 0.15: nan
2025-07-16 19:30:48,909 - DEBUG - Collected collision time for BConcave+hConvex+4300 at IoU 0.2: nan
2025-07-16 19:30:48,909 - DEBUG - Collected collision time for BConcave+hConvex+4300 at IoU 0.25: nan
2025-07-16 19:30:48,909 - DEBUG - Collected collision time for BConcave+hConvex+4300 at IoU 0.3: nan
2025-07-16 19:30:48,910 - DEBUG - Collected collision time for BConcave+hConvex+4300 at IoU 0.35: nan
2025-07-16 19:30:48,910 - DEBUG - Collected collision time for BConcave+hConvex+4300 at IoU 0.4: nan
2025-07-16 19:30:48,910 - DEBUG - Collected collision time for BConcave+hConvex+4300 at IoU 0.45: nan
2025-07-16 19:30:48,910 - DEBUG - Collected collision time for BConcave+hConvex+4300 at IoU 0.5: nan
2025-07-16 19:30:48,911 - DEBUG - Collected collision time for BConcave+hConvex+4300 at IoU 0.55: nan
2025-07-16 19:30:48,911 - DEBUG - Collected collision time for BConcave+hConvex+4300 at IoU 0.6: nan
2025-07-16 19:30:48,911 - DEBUG - Collected collision time for BConcave+hConvex+4300 at IoU 0.65: nan
2025-07-16 19:30:48,911 - DEBUG - Collected collision time for BConcave+hConvex+4300 at IoU 0.7: nan
2025-07-16 19:30:48,912 - DEBUG - Collected collision time for BConcave+hConvex+4300 at IoU 0.75: nan
2025-07-16 19:30:48,912 - DEBUG - Collected collision time for BConcave+hConvex+4300 at IoU 0.8: nan
2025-07-16 19:30:48,912 - DEBUG - Collected collision time for BConcave+hConvex+4300 at IoU 0.85: nan
2025-07-16 19:30:48,913 - DEBUG - Collected collision time for BConcave+hConvex+4300 at IoU 0.9: nan
2025-07-16 19:30:48,913 - DEBUG - Collected collision time for BConcave+hConvex+4300 at IoU 0.95: nan
2025-07-16 19:30:48,913 - DEBUG - Collected collision time for BConcave+hConvex+4500_flipped at IoU 0.05: 5000.0
2025-07-16 19:30:48,914 - DEBUG - Collected collision time for BConcave+hConvex+4500_flipped at IoU 0.1: 5183.333333333334
2025-07-16 19:30:48,914 - DEBUG - Collected collision time for BConcave+hConvex+4500_flipped at IoU 0.15: 5366.666666666666
2025-07-16 19:30:48,914 - DEBUG - Collected collision time for BConcave+hConvex+4500_flipped at IoU 0.2: nan
2025-07-16 19:30:48,914 - DEBUG - Collected collision time for BConcave+hConvex+4500_flipped at IoU 0.25: nan
2025-07-16 19:30:48,915 - DEBUG - Collected collision time for BConcave+hConvex+4500_flipped at IoU 0.3: nan
2025-07-16 19:30:48,915 - DEBUG - Collected collision time for BConcave+hConvex+4500_flipped at IoU 0.35: nan
2025-07-16 19:30:48,915 - DEBUG - Collected collision time for BConcave+hConvex+4500_flipped at IoU 0.4: nan
2025-07-16 19:30:48,915 - DEBUG - Collected collision time for BConcave+hConvex+4500_flipped at IoU 0.45: nan
2025-07-16 19:30:48,916 - DEBUG - Collected collision time for BConcave+hConvex+4500_flipped at IoU 0.5: nan
2025-07-16 19:30:48,916 - DEBUG - Collected collision time for BConcave+hConvex+4500_flipped at IoU 0.55: nan
2025-07-16 19:30:48,916 - DEBUG - Collected collision time for BConcave+hConvex+4500_flipped at IoU 0.6: nan
2025-07-16 19:30:48,916 - DEBUG - Collected collision time for BConcave+hConvex+4500_flipped at IoU 0.65: nan
2025-07-16 19:30:48,917 - DEBUG - Collected collision time for BConcave+hConvex+4500_flipped at IoU 0.7: nan
2025-07-16 19:30:48,917 - DEBUG - Collected collision time for BConcave+hConvex+4500_flipped at IoU 0.75: nan
2025-07-16 19:30:48,917 - DEBUG - Collected collision time for BConcave+hConvex+4500_flipped at IoU 0.8: nan
2025-07-16 19:30:48,917 - DEBUG - Collected collision time for BConcave+hConvex+4500_flipped at IoU 0.85: nan
2025-07-16 19:30:48,918 - DEBUG - Collected collision time for BConcave+hConvex+4500_flipped at IoU 0.9: nan
2025-07-16 19:30:48,918 - DEBUG - Collected collision time for BConcave+hConvex+4500_flipped at IoU 0.95: nan
2025-07-16 19:30:48,919 - DEBUG - Collected collision time for squareA+squareP+4433+L at IoU 0.05: 4566.666666666666
2025-07-16 19:30:48,919 - DEBUG - Collected collision time for squareA+squareP+4433+L at IoU 0.1: 4616.666666666666
2025-07-16 19:30:48,919 - DEBUG - Collected collision time for squareA+squareP+4433+L at IoU 0.15: 4733.333333333333
2025-07-16 19:30:48,920 - DEBUG - Collected collision time for squareA+squareP+4433+L at IoU 0.2: 4766.666666666667
2025-07-16 19:30:48,920 - DEBUG - Collected collision time for squareA+squareP+4433+L at IoU 0.25: 4833.333333333333
2025-07-16 19:30:48,920 - DEBUG - Collected collision time for squareA+squareP+4433+L at IoU 0.3: 4866.666666666666
2025-07-16 19:30:48,921 - DEBUG - Collected collision time for squareA+squareP+4433+L at IoU 0.35: 4950.0
2025-07-16 19:30:48,921 - DEBUG - Collected collision time for squareA+squareP+4433+L at IoU 0.4: 5033.333333333333
2025-07-16 19:30:48,921 - DEBUG - Collected collision time for squareA+squareP+4433+L at IoU 0.45: 5050.0
2025-07-16 19:30:48,921 - DEBUG - Collected collision time for squareA+squareP+4433+L at IoU 0.5: 5116.666666666666
2025-07-16 19:30:48,922 - DEBUG - Collected collision time for squareA+squareP+4433+L at IoU 0.55: 5133.333333333334
2025-07-16 19:30:48,922 - DEBUG - Collected collision time for squareA+squareP+4433+L at IoU 0.6: 5216.666666666667
2025-07-16 19:30:48,922 - DEBUG - Collected collision time for squareA+squareP+4433+L at IoU 0.65: 5216.666666666667
2025-07-16 19:30:48,923 - DEBUG - Collected collision time for squareA+squareP+4433+L at IoU 0.7: 5233.333333333333
2025-07-16 19:30:48,923 - DEBUG - Collected collision time for squareA+squareP+4433+L at IoU 0.75: 5283.333333333333
2025-07-16 19:30:48,923 - DEBUG - Collected collision time for squareA+squareP+4433+L at IoU 0.8: nan
2025-07-16 19:30:48,923 - DEBUG - Collected collision time for squareA+squareP+4433+L at IoU 0.85: nan
2025-07-16 19:30:48,924 - DEBUG - Collected collision time for squareA+squareP+4433+L at IoU 0.9: nan
2025-07-16 19:30:48,924 - DEBUG - Collected collision time for squareA+squareP+4433+L at IoU 0.95: nan
2025-07-16 19:30:48,924 - DEBUG - Collected collision time for squareA+squareP+4433+R_flipped at IoU 0.05: nan
2025-07-16 19:30:48,925 - DEBUG - Collected collision time for squareA+squareP+4433+R_flipped at IoU 0.1: nan
2025-07-16 19:30:48,925 - DEBUG - Collected collision time for squareA+squareP+4433+R_flipped at IoU 0.15: nan
2025-07-16 19:30:48,925 - DEBUG - Collected collision time for squareA+squareP+4433+R_flipped at IoU 0.2: nan
2025-07-16 19:30:48,926 - DEBUG - Collected collision time for squareA+squareP+4433+R_flipped at IoU 0.25: nan
2025-07-16 19:30:48,926 - DEBUG - Collected collision time for squareA+squareP+4433+R_flipped at IoU 0.3: nan
2025-07-16 19:30:48,927 - DEBUG - Collected collision time for squareA+squareP+4433+R_flipped at IoU 0.35: nan
2025-07-16 19:30:48,927 - DEBUG - Collected collision time for squareA+squareP+4433+R_flipped at IoU 0.4: nan
2025-07-16 19:30:48,927 - DEBUG - Collected collision time for squareA+squareP+4433+R_flipped at IoU 0.45: nan
2025-07-16 19:30:48,928 - DEBUG - Collected collision time for squareA+squareP+4433+R_flipped at IoU 0.5: nan
2025-07-16 19:30:48,928 - DEBUG - Collected collision time for squareA+squareP+4433+R_flipped at IoU 0.55: nan
2025-07-16 19:30:48,928 - DEBUG - Collected collision time for squareA+squareP+4433+R_flipped at IoU 0.6: nan
2025-07-16 19:30:48,928 - DEBUG - Collected collision time for squareA+squareP+4433+R_flipped at IoU 0.65: nan
2025-07-16 19:30:48,929 - DEBUG - Collected collision time for squareA+squareP+4433+R_flipped at IoU 0.7: nan
2025-07-16 19:30:48,929 - DEBUG - Collected collision time for squareA+squareP+4433+R_flipped at IoU 0.75: nan
2025-07-16 19:30:48,929 - DEBUG - Collected collision time for squareA+squareP+4433+R_flipped at IoU 0.8: nan
2025-07-16 19:30:48,930 - DEBUG - Collected collision time for squareA+squareP+4433+R_flipped at IoU 0.85: nan
2025-07-16 19:30:48,930 - DEBUG - Collected collision time for squareA+squareP+4433+R_flipped at IoU 0.9: nan
2025-07-16 19:30:48,930 - DEBUG - Collected collision time for squareA+squareP+4433+R_flipped at IoU 0.95: nan
2025-07-16 19:30:48,930 - INFO - Collected collision data for 99 videos
2025-07-16 19:30:48,930 - INFO - Analyzing participant correlations...
2025-07-16 19:31:11,819 - INFO - Convex vs Concave analysis completed for IoU 0.05
2025-07-16 19:31:33,558 - INFO - Convex vs Concave analysis completed for IoU 0.1
2025-07-16 19:31:55,091 - INFO - Convex vs Concave analysis completed for IoU 0.15
2025-07-16 19:32:20,842 - INFO - Convex vs Concave analysis completed for IoU 0.2
