2025-07-26 10:30:36,697 - INFO - Logger initialized. Writing detailed log to /home/projects/bagon/andreyg/Projects/Object_reps_neural/Programming/hugging_face/model_experiments/segformer/exp2TTC_segformer-b5-finetuned-ade-640-640/logs/ttc_exp_20250726_103036.log
2025-07-26 10:30:36,697 - INFO - VideoProcessor initialized with 2 blobs to detect
2025-07-26 10:30:36,697 - INFO - Blob 1 memory strategy: running_average
2025-07-26 10:30:36,697 - INFO - Blob 1 running average window: 10
2025-07-26 10:30:36,697 - INFO - Blob 1 memory will freeze after frame: 80
2025-07-26 10:30:36,697 - INFO - Vanilla segmentation enabled
2025-07-26 10:30:36,697 - INFO - Initialized TTC Experiment with output dir: /home/projects/bagon/andreyg/Projects/Object_reps_neural/Programming/hugging_face/model_experiments/segformer/exp2TTC_segformer-b5-finetuned-ade-640-640
2025-07-26 10:30:36,697 - INFO - TTC-specific configuration:
2025-07-26 10:30:36,697 - INFO -   - Blob 1 memory: running average of past 10 frames
2025-07-26 10:30:36,697 - INFO -   - Blob 1 memory updates stop after frame 80
2025-07-26 10:30:36,697 - INFO - Starting full TTC experiment
2025-07-26 10:30:36,698 - INFO - Found 99 video files to process
2025-07-26 10:30:36,698 - INFO - Reading participant CSV from /home/projects/bagon/andreyg/Projects/Object_reps_neural/Programming/hugging_face/model_experiments/exp2TTC_files/experiment2-CollisionDetection-Data.csv...
2025-07-26 10:30:36,715 - INFO - CSV loaded with 13974 rows and 10 columns.
2025-07-26 10:30:36,715 - INFO - Starting collision detection across videos and IoU thresholds...
2025-07-26 10:30:36,716 - INFO - Processing video: AConcave_FConcave
2025-07-26 10:30:36,716 - INFO - Video AConcave_FConcave already processed (found segformer_model-AConcave_FConcave.mp4), skipping video processing...
2025-07-26 10:30:36,720 - INFO - VanillaSegmentationSaver initialized with output dir: /home/projects/bagon/andreyg/Projects/Object_reps_neural/Programming/hugging_face/model_experiments/segformer/exp2TTC_segformer-b5-finetuned-ade-640-640/processed_videos/segformer_model-AConcave_FConcave/org_segmentation
2025-07-26 10:30:36,722 - INFO - All collision results already exist for AConcave_FConcave
2025-07-26 10:30:36,724 - DEBUG - Loaded collision time for AConcave_FConcave at IoU 0.05: nan
2025-07-26 10:30:36,725 - DEBUG - Loaded collision time for AConcave_FConcave at IoU 0.1: nan
2025-07-26 10:30:36,726 - DEBUG - Loaded collision time for AConcave_FConcave at IoU 0.15: nan
2025-07-26 10:30:36,727 - DEBUG - Loaded collision time for AConcave_FConcave at IoU 0.2: nan
2025-07-26 10:30:36,729 - DEBUG - Loaded collision time for AConcave_FConcave at IoU 0.25: nan
2025-07-26 10:30:36,730 - DEBUG - Loaded collision time for AConcave_FConcave at IoU 0.3: nan
2025-07-26 10:30:36,731 - DEBUG - Loaded collision time for AConcave_FConcave at IoU 0.35: nan
2025-07-26 10:30:36,732 - DEBUG - Loaded collision time for AConcave_FConcave at IoU 0.4: nan
2025-07-26 10:30:36,734 - DEBUG - Loaded collision time for AConcave_FConcave at IoU 0.45: nan
2025-07-26 10:30:36,735 - DEBUG - Loaded collision time for AConcave_FConcave at IoU 0.5: nan
2025-07-26 10:30:36,736 - DEBUG - Loaded collision time for AConcave_FConcave at IoU 0.55: nan
2025-07-26 10:30:36,737 - DEBUG - Loaded collision time for AConcave_FConcave at IoU 0.6: nan
2025-07-26 10:30:36,739 - DEBUG - Loaded collision time for AConcave_FConcave at IoU 0.65: nan
2025-07-26 10:30:36,740 - DEBUG - Loaded collision time for AConcave_FConcave at IoU 0.7: nan
2025-07-26 10:30:36,741 - DEBUG - Loaded collision time for AConcave_FConcave at IoU 0.75: nan
2025-07-26 10:30:36,743 - DEBUG - Loaded collision time for AConcave_FConcave at IoU 0.8: nan
2025-07-26 10:30:36,744 - DEBUG - Loaded collision time for AConcave_FConcave at IoU 0.85: nan
2025-07-26 10:30:36,745 - DEBUG - Loaded collision time for AConcave_FConcave at IoU 0.9: nan
2025-07-26 10:30:36,747 - DEBUG - Loaded collision time for AConcave_FConcave at IoU 0.95: nan
2025-07-26 10:30:36,747 - INFO - Processing video: BConcave+AConcave+3500
2025-07-26 10:30:36,747 - INFO - Video BConcave+AConcave+3500 already processed (found segformer_model-BConcave+AConcave+3500.mp4), skipping video processing...
2025-07-26 10:30:36,752 - INFO - VanillaSegmentationSaver initialized with output dir: /home/projects/bagon/andreyg/Projects/Object_reps_neural/Programming/hugging_face/model_experiments/segformer/exp2TTC_segformer-b5-finetuned-ade-640-640/processed_videos/segformer_model-BConcave+AConcave+3500/org_segmentation
2025-07-26 10:30:36,754 - INFO - All collision results already exist for BConcave+AConcave+3500
2025-07-26 10:30:36,755 - DEBUG - Loaded collision time for BConcave+AConcave+3500 at IoU 0.05: 3716.666666666667
2025-07-26 10:30:36,757 - DEBUG - Loaded collision time for BConcave+AConcave+3500 at IoU 0.1: 3783.333333333333
2025-07-26 10:30:36,759 - DEBUG - Loaded collision time for BConcave+AConcave+3500 at IoU 0.15: 3833.3333333333335
2025-07-26 10:30:36,760 - DEBUG - Loaded collision time for BConcave+AConcave+3500 at IoU 0.2: 3900.0
2025-07-26 10:30:36,761 - DEBUG - Loaded collision time for BConcave+AConcave+3500 at IoU 0.25: 3933.333333333333
2025-07-26 10:30:36,763 - DEBUG - Loaded collision time for BConcave+AConcave+3500 at IoU 0.3: 4016.6666666666665
2025-07-26 10:30:36,764 - DEBUG - Loaded collision time for BConcave+AConcave+3500 at IoU 0.35: nan
2025-07-26 10:30:36,765 - DEBUG - Loaded collision time for BConcave+AConcave+3500 at IoU 0.4: nan
2025-07-26 10:30:36,766 - DEBUG - Loaded collision time for BConcave+AConcave+3500 at IoU 0.45: nan
2025-07-26 10:30:36,768 - DEBUG - Loaded collision time for BConcave+AConcave+3500 at IoU 0.5: nan
2025-07-26 10:30:36,769 - DEBUG - Loaded collision time for BConcave+AConcave+3500 at IoU 0.55: nan
2025-07-26 10:30:36,770 - DEBUG - Loaded collision time for BConcave+AConcave+3500 at IoU 0.6: nan
2025-07-26 10:30:36,772 - DEBUG - Loaded collision time for BConcave+AConcave+3500 at IoU 0.65: nan
2025-07-26 10:30:36,773 - DEBUG - Loaded collision time for BConcave+AConcave+3500 at IoU 0.7: nan
2025-07-26 10:30:36,774 - DEBUG - Loaded collision time for BConcave+AConcave+3500 at IoU 0.75: nan
2025-07-26 10:30:36,776 - DEBUG - Loaded collision time for BConcave+AConcave+3500 at IoU 0.8: nan
2025-07-26 10:30:36,777 - DEBUG - Loaded collision time for BConcave+AConcave+3500 at IoU 0.85: nan
2025-07-26 10:30:36,778 - DEBUG - Loaded collision time for BConcave+AConcave+3500 at IoU 0.9: nan
2025-07-26 10:30:36,779 - DEBUG - Loaded collision time for BConcave+AConcave+3500 at IoU 0.95: nan
2025-07-26 10:30:36,779 - INFO - Processing video: BConcave+AConcave+3700_flipped
2025-07-26 10:30:36,780 - INFO - Video BConcave+AConcave+3700_flipped already processed (found segformer_model-BConcave+AConcave+3700_flipped.mp4), skipping video processing...
2025-07-26 10:30:36,784 - INFO - VanillaSegmentationSaver initialized with output dir: /home/projects/bagon/andreyg/Projects/Object_reps_neural/Programming/hugging_face/model_experiments/segformer/exp2TTC_segformer-b5-finetuned-ade-640-640/processed_videos/segformer_model-BConcave+AConcave+3700_flipped/org_segmentation
2025-07-26 10:30:36,786 - INFO - All collision results already exist for BConcave+AConcave+3700_flipped
2025-07-26 10:30:36,788 - DEBUG - Loaded collision time for BConcave+AConcave+3700_flipped at IoU 0.05: nan
2025-07-26 10:30:36,789 - DEBUG - Loaded collision time for BConcave+AConcave+3700_flipped at IoU 0.1: nan
2025-07-26 10:30:36,790 - DEBUG - Loaded collision time for BConcave+AConcave+3700_flipped at IoU 0.15: nan
2025-07-26 10:30:36,792 - DEBUG - Loaded collision time for BConcave+AConcave+3700_flipped at IoU 0.2: nan
2025-07-26 10:30:36,793 - DEBUG - Loaded collision time for BConcave+AConcave+3700_flipped at IoU 0.25: nan
2025-07-26 10:30:36,795 - DEBUG - Loaded collision time for BConcave+AConcave+3700_flipped at IoU 0.3: nan
2025-07-26 10:30:36,796 - DEBUG - Loaded collision time for BConcave+AConcave+3700_flipped at IoU 0.35: nan
2025-07-26 10:30:36,797 - DEBUG - Loaded collision time for BConcave+AConcave+3700_flipped at IoU 0.4: nan
2025-07-26 10:30:36,799 - DEBUG - Loaded collision time for BConcave+AConcave+3700_flipped at IoU 0.45: nan
2025-07-26 10:30:36,800 - DEBUG - Loaded collision time for BConcave+AConcave+3700_flipped at IoU 0.5: nan
2025-07-26 10:30:36,801 - DEBUG - Loaded collision time for BConcave+AConcave+3700_flipped at IoU 0.55: nan
2025-07-26 10:30:36,803 - DEBUG - Loaded collision time for BConcave+AConcave+3700_flipped at IoU 0.6: nan
2025-07-26 10:30:36,804 - DEBUG - Loaded collision time for BConcave+AConcave+3700_flipped at IoU 0.65: nan
2025-07-26 10:30:36,806 - DEBUG - Loaded collision time for BConcave+AConcave+3700_flipped at IoU 0.7: nan
2025-07-26 10:30:36,807 - DEBUG - Loaded collision time for BConcave+AConcave+3700_flipped at IoU 0.75: nan
2025-07-26 10:30:36,808 - DEBUG - Loaded collision time for BConcave+AConcave+3700_flipped at IoU 0.8: nan
2025-07-26 10:30:36,810 - DEBUG - Loaded collision time for BConcave+AConcave+3700_flipped at IoU 0.85: nan
2025-07-26 10:30:36,811 - DEBUG - Loaded collision time for BConcave+AConcave+3700_flipped at IoU 0.9: nan
2025-07-26 10:30:36,812 - DEBUG - Loaded collision time for BConcave+AConcave+3700_flipped at IoU 0.95: nan
2025-07-26 10:30:36,812 - INFO - Processing video: BConcave+AConcave+3900
2025-07-26 10:30:36,812 - INFO - Video BConcave+AConcave+3900 already processed (found segformer_model-BConcave+AConcave+3900.mp4), skipping video processing...
2025-07-26 10:30:36,817 - INFO - VanillaSegmentationSaver initialized with output dir: /home/projects/bagon/andreyg/Projects/Object_reps_neural/Programming/hugging_face/model_experiments/segformer/exp2TTC_segformer-b5-finetuned-ade-640-640/processed_videos/segformer_model-BConcave+AConcave+3900/org_segmentation
2025-07-26 10:30:36,820 - INFO - All collision results already exist for BConcave+AConcave+3900
2025-07-26 10:30:36,821 - DEBUG - Loaded collision time for BConcave+AConcave+3900 at IoU 0.05: 3666.6666666666665
2025-07-26 10:30:36,822 - DEBUG - Loaded collision time for BConcave+AConcave+3900 at IoU 0.1: 3816.666666666667
2025-07-26 10:30:36,824 - DEBUG - Loaded collision time for BConcave+AConcave+3900 at IoU 0.15: 3950.0
2025-07-26 10:30:36,825 - DEBUG - Loaded collision time for BConcave+AConcave+3900 at IoU 0.2: 4116.666666666666
2025-07-26 10:30:36,828 - DEBUG - Loaded collision time for BConcave+AConcave+3900 at IoU 0.25: 4266.666666666667
2025-07-26 10:30:36,830 - DEBUG - Loaded collision time for BConcave+AConcave+3900 at IoU 0.3: nan
2025-07-26 10:30:36,831 - DEBUG - Loaded collision time for BConcave+AConcave+3900 at IoU 0.35: nan
2025-07-26 10:30:36,832 - DEBUG - Loaded collision time for BConcave+AConcave+3900 at IoU 0.4: nan
2025-07-26 10:30:36,834 - DEBUG - Loaded collision time for BConcave+AConcave+3900 at IoU 0.45: nan
2025-07-26 10:30:36,835 - DEBUG - Loaded collision time for BConcave+AConcave+3900 at IoU 0.5: nan
2025-07-26 10:30:36,836 - DEBUG - Loaded collision time for BConcave+AConcave+3900 at IoU 0.55: nan
2025-07-26 10:30:36,838 - DEBUG - Loaded collision time for BConcave+AConcave+3900 at IoU 0.6: nan
2025-07-26 10:30:36,839 - DEBUG - Loaded collision time for BConcave+AConcave+3900 at IoU 0.65: nan
2025-07-26 10:30:36,841 - DEBUG - Loaded collision time for BConcave+AConcave+3900 at IoU 0.7: nan
2025-07-26 10:30:36,842 - DEBUG - Loaded collision time for BConcave+AConcave+3900 at IoU 0.75: nan
2025-07-26 10:30:36,843 - DEBUG - Loaded collision time for BConcave+AConcave+3900 at IoU 0.8: nan
2025-07-26 10:30:36,845 - DEBUG - Loaded collision time for BConcave+AConcave+3900 at IoU 0.85: nan
2025-07-26 10:30:36,846 - DEBUG - Loaded collision time for BConcave+AConcave+3900 at IoU 0.9: nan
2025-07-26 10:30:36,847 - DEBUG - Loaded collision time for BConcave+AConcave+3900 at IoU 0.95: nan
2025-07-26 10:30:36,847 - INFO - Processing video: BConcave+AConcave+4100_flipped
2025-07-26 10:30:36,848 - INFO - Video BConcave+AConcave+4100_flipped already processed (found segformer_model-BConcave+AConcave+4100_flipped.mp4), skipping video processing...
2025-07-26 10:30:36,853 - INFO - VanillaSegmentationSaver initialized with output dir: /home/projects/bagon/andreyg/Projects/Object_reps_neural/Programming/hugging_face/model_experiments/segformer/exp2TTC_segformer-b5-finetuned-ade-640-640/processed_videos/segformer_model-BConcave+AConcave+4100_flipped/org_segmentation
2025-07-26 10:30:36,855 - INFO - All collision results already exist for BConcave+AConcave+4100_flipped
2025-07-26 10:30:36,856 - DEBUG - Loaded collision time for BConcave+AConcave+4100_flipped at IoU 0.05: nan
2025-07-26 10:30:36,857 - DEBUG - Loaded collision time for BConcave+AConcave+4100_flipped at IoU 0.1: nan
2025-07-26 10:30:36,859 - DEBUG - Loaded collision time for BConcave+AConcave+4100_flipped at IoU 0.15: nan
2025-07-26 10:30:36,860 - DEBUG - Loaded collision time for BConcave+AConcave+4100_flipped at IoU 0.2: nan
2025-07-26 10:30:36,861 - DEBUG - Loaded collision time for BConcave+AConcave+4100_flipped at IoU 0.25: nan
2025-07-26 10:30:36,863 - DEBUG - Loaded collision time for BConcave+AConcave+4100_flipped at IoU 0.3: nan
2025-07-26 10:30:36,864 - DEBUG - Loaded collision time for BConcave+AConcave+4100_flipped at IoU 0.35: nan
2025-07-26 10:30:36,866 - DEBUG - Loaded collision time for BConcave+AConcave+4100_flipped at IoU 0.4: nan
2025-07-26 10:30:36,867 - DEBUG - Loaded collision time for BConcave+AConcave+4100_flipped at IoU 0.45: nan
2025-07-26 10:30:36,869 - DEBUG - Loaded collision time for BConcave+AConcave+4100_flipped at IoU 0.5: nan
2025-07-26 10:30:36,870 - DEBUG - Loaded collision time for BConcave+AConcave+4100_flipped at IoU 0.55: nan
2025-07-26 10:30:36,871 - DEBUG - Loaded collision time for BConcave+AConcave+4100_flipped at IoU 0.6: nan
2025-07-26 10:30:36,873 - DEBUG - Loaded collision time for BConcave+AConcave+4100_flipped at IoU 0.65: nan
2025-07-26 10:30:36,874 - DEBUG - Loaded collision time for BConcave+AConcave+4100_flipped at IoU 0.7: nan
2025-07-26 10:30:36,876 - DEBUG - Loaded collision time for BConcave+AConcave+4100_flipped at IoU 0.75: nan
2025-07-26 10:30:36,877 - DEBUG - Loaded collision time for BConcave+AConcave+4100_flipped at IoU 0.8: nan
2025-07-26 10:30:36,878 - DEBUG - Loaded collision time for BConcave+AConcave+4100_flipped at IoU 0.85: nan
2025-07-26 10:30:36,879 - DEBUG - Loaded collision time for BConcave+AConcave+4100_flipped at IoU 0.9: nan
2025-07-26 10:30:36,881 - DEBUG - Loaded collision time for BConcave+AConcave+4100_flipped at IoU 0.95: nan
2025-07-26 10:30:36,881 - INFO - Processing video: BConcave+AConcave+4300
2025-07-26 10:30:36,881 - INFO - Video BConcave+AConcave+4300 already processed (found segformer_model-BConcave+AConcave+4300.mp4), skipping video processing...
2025-07-26 10:30:36,886 - INFO - VanillaSegmentationSaver initialized with output dir: /home/projects/bagon/andreyg/Projects/Object_reps_neural/Programming/hugging_face/model_experiments/segformer/exp2TTC_segformer-b5-finetuned-ade-640-640/processed_videos/segformer_model-BConcave+AConcave+4300/org_segmentation
2025-07-26 10:30:36,888 - INFO - All collision results already exist for BConcave+AConcave+4300
2025-07-26 10:30:36,890 - DEBUG - Loaded collision time for BConcave+AConcave+4300 at IoU 0.05: 4500.0
2025-07-26 10:30:36,891 - DEBUG - Loaded collision time for BConcave+AConcave+4300 at IoU 0.1: 4550.0
2025-07-26 10:30:36,893 - DEBUG - Loaded collision time for BConcave+AConcave+4300 at IoU 0.15: 4600.0
2025-07-26 10:30:36,894 - DEBUG - Loaded collision time for BConcave+AConcave+4300 at IoU 0.2: 4650.0
2025-07-26 10:30:36,895 - DEBUG - Loaded collision time for BConcave+AConcave+4300 at IoU 0.25: 4683.333333333334
2025-07-26 10:30:36,896 - DEBUG - Loaded collision time for BConcave+AConcave+4300 at IoU 0.3: 4733.333333333333
2025-07-26 10:30:36,898 - DEBUG - Loaded collision time for BConcave+AConcave+4300 at IoU 0.35: 4800.0
2025-07-26 10:30:36,899 - DEBUG - Loaded collision time for BConcave+AConcave+4300 at IoU 0.4: nan
2025-07-26 10:30:36,900 - DEBUG - Loaded collision time for BConcave+AConcave+4300 at IoU 0.45: nan
2025-07-26 10:30:36,902 - DEBUG - Loaded collision time for BConcave+AConcave+4300 at IoU 0.5: nan
2025-07-26 10:30:36,903 - DEBUG - Loaded collision time for BConcave+AConcave+4300 at IoU 0.55: nan
2025-07-26 10:30:36,904 - DEBUG - Loaded collision time for BConcave+AConcave+4300 at IoU 0.6: nan
2025-07-26 10:30:36,905 - DEBUG - Loaded collision time for BConcave+AConcave+4300 at IoU 0.65: nan
2025-07-26 10:30:36,907 - DEBUG - Loaded collision time for BConcave+AConcave+4300 at IoU 0.7: nan
2025-07-26 10:30:36,908 - DEBUG - Loaded collision time for BConcave+AConcave+4300 at IoU 0.75: nan
2025-07-26 10:30:36,909 - DEBUG - Loaded collision time for BConcave+AConcave+4300 at IoU 0.8: nan
2025-07-26 10:30:36,910 - DEBUG - Loaded collision time for BConcave+AConcave+4300 at IoU 0.85: nan
2025-07-26 10:30:36,912 - DEBUG - Loaded collision time for BConcave+AConcave+4300 at IoU 0.9: nan
2025-07-26 10:30:36,913 - DEBUG - Loaded collision time for BConcave+AConcave+4300 at IoU 0.95: nan
2025-07-26 10:30:36,913 - INFO - Processing video: BConcave+AConcave+4500_flipped
2025-07-26 10:30:36,913 - INFO - Video BConcave+AConcave+4500_flipped already processed (found segformer_model-BConcave+AConcave+4500_flipped.mp4), skipping video processing...
2025-07-26 10:30:36,918 - INFO - VanillaSegmentationSaver initialized with output dir: /home/projects/bagon/andreyg/Projects/Object_reps_neural/Programming/hugging_face/model_experiments/segformer/exp2TTC_segformer-b5-finetuned-ade-640-640/processed_videos/segformer_model-BConcave+AConcave+4500_flipped/org_segmentation
2025-07-26 10:30:36,920 - INFO - All collision results already exist for BConcave+AConcave+4500_flipped
2025-07-26 10:30:36,921 - DEBUG - Loaded collision time for BConcave+AConcave+4500_flipped at IoU 0.05: nan
2025-07-26 10:30:36,923 - DEBUG - Loaded collision time for BConcave+AConcave+4500_flipped at IoU 0.1: nan
2025-07-26 10:30:36,924 - DEBUG - Loaded collision time for BConcave+AConcave+4500_flipped at IoU 0.15: nan
2025-07-26 10:30:36,925 - DEBUG - Loaded collision time for BConcave+AConcave+4500_flipped at IoU 0.2: nan
2025-07-26 10:30:36,926 - DEBUG - Loaded collision time for BConcave+AConcave+4500_flipped at IoU 0.25: nan
2025-07-26 10:30:36,928 - DEBUG - Loaded collision time for BConcave+AConcave+4500_flipped at IoU 0.3: nan
2025-07-26 10:30:36,929 - DEBUG - Loaded collision time for BConcave+AConcave+4500_flipped at IoU 0.35: nan
2025-07-26 10:30:36,930 - DEBUG - Loaded collision time for BConcave+AConcave+4500_flipped at IoU 0.4: nan
2025-07-26 10:30:36,932 - DEBUG - Loaded collision time for BConcave+AConcave+4500_flipped at IoU 0.45: nan
2025-07-26 10:30:36,933 - DEBUG - Loaded collision time for BConcave+AConcave+4500_flipped at IoU 0.5: nan
2025-07-26 10:30:36,934 - DEBUG - Loaded collision time for BConcave+AConcave+4500_flipped at IoU 0.55: nan
2025-07-26 10:30:36,935 - DEBUG - Loaded collision time for BConcave+AConcave+4500_flipped at IoU 0.6: nan
2025-07-26 10:30:36,937 - DEBUG - Loaded collision time for BConcave+AConcave+4500_flipped at IoU 0.65: nan
2025-07-26 10:30:36,938 - DEBUG - Loaded collision time for BConcave+AConcave+4500_flipped at IoU 0.7: nan
2025-07-26 10:30:36,939 - DEBUG - Loaded collision time for BConcave+AConcave+4500_flipped at IoU 0.75: nan
2025-07-26 10:30:36,941 - DEBUG - Loaded collision time for BConcave+AConcave+4500_flipped at IoU 0.8: nan
2025-07-26 10:30:36,942 - DEBUG - Loaded collision time for BConcave+AConcave+4500_flipped at IoU 0.85: nan
2025-07-26 10:30:36,943 - DEBUG - Loaded collision time for BConcave+AConcave+4500_flipped at IoU 0.9: nan
2025-07-26 10:30:36,945 - DEBUG - Loaded collision time for BConcave+AConcave+4500_flipped at IoU 0.95: nan
2025-07-26 10:30:36,945 - INFO - Processing video: BConcave+AConvex+3500_flipped
2025-07-26 10:30:36,945 - INFO - Video BConcave+AConvex+3500_flipped already processed (found segformer_model-BConcave+AConvex+3500_flipped.mp4), skipping video processing...
2025-07-26 10:30:36,950 - INFO - VanillaSegmentationSaver initialized with output dir: /home/projects/bagon/andreyg/Projects/Object_reps_neural/Programming/hugging_face/model_experiments/segformer/exp2TTC_segformer-b5-finetuned-ade-640-640/processed_videos/segformer_model-BConcave+AConvex+3500_flipped/org_segmentation
2025-07-26 10:30:36,953 - INFO - All collision results already exist for BConcave+AConvex+3500_flipped
2025-07-26 10:30:36,954 - DEBUG - Loaded collision time for BConcave+AConvex+3500_flipped at IoU 0.05: 3766.6666666666665
2025-07-26 10:30:36,956 - DEBUG - Loaded collision time for BConcave+AConvex+3500_flipped at IoU 0.1: 3900.0
2025-07-26 10:30:36,957 - DEBUG - Loaded collision time for BConcave+AConvex+3500_flipped at IoU 0.15: 4016.6666666666665
2025-07-26 10:30:36,959 - DEBUG - Loaded collision time for BConcave+AConvex+3500_flipped at IoU 0.2: 4366.666666666666
2025-07-26 10:30:36,960 - DEBUG - Loaded collision time for BConcave+AConvex+3500_flipped at IoU 0.25: 4666.666666666667
2025-07-26 10:30:36,962 - DEBUG - Loaded collision time for BConcave+AConvex+3500_flipped at IoU 0.3: 4666.666666666667
2025-07-26 10:30:36,963 - DEBUG - Loaded collision time for BConcave+AConvex+3500_flipped at IoU 0.35: 4666.666666666667
2025-07-26 10:30:36,965 - DEBUG - Loaded collision time for BConcave+AConvex+3500_flipped at IoU 0.4: 4666.666666666667
2025-07-26 10:30:36,966 - DEBUG - Loaded collision time for BConcave+AConvex+3500_flipped at IoU 0.45: 4666.666666666667
2025-07-26 10:30:36,968 - DEBUG - Loaded collision time for BConcave+AConvex+3500_flipped at IoU 0.5: 4666.666666666667
2025-07-26 10:30:36,969 - DEBUG - Loaded collision time for BConcave+AConvex+3500_flipped at IoU 0.55: nan
2025-07-26 10:30:36,971 - DEBUG - Loaded collision time for BConcave+AConvex+3500_flipped at IoU 0.6: nan
2025-07-26 10:30:36,972 - DEBUG - Loaded collision time for BConcave+AConvex+3500_flipped at IoU 0.65: nan
2025-07-26 10:30:36,974 - DEBUG - Loaded collision time for BConcave+AConvex+3500_flipped at IoU 0.7: nan
2025-07-26 10:30:36,975 - DEBUG - Loaded collision time for BConcave+AConvex+3500_flipped at IoU 0.75: nan
2025-07-26 10:30:36,977 - DEBUG - Loaded collision time for BConcave+AConvex+3500_flipped at IoU 0.8: nan
2025-07-26 10:30:36,978 - DEBUG - Loaded collision time for BConcave+AConvex+3500_flipped at IoU 0.85: nan
2025-07-26 10:30:36,980 - DEBUG - Loaded collision time for BConcave+AConvex+3500_flipped at IoU 0.9: nan
2025-07-26 10:30:36,981 - DEBUG - Loaded collision time for BConcave+AConvex+3500_flipped at IoU 0.95: nan
2025-07-26 10:30:36,981 - INFO - Processing video: BConcave+AConvex+3700
2025-07-26 10:30:36,981 - INFO - Video BConcave+AConvex+3700 already processed (found segformer_model-BConcave+AConvex+3700.mp4), skipping video processing...
2025-07-26 10:30:36,987 - INFO - VanillaSegmentationSaver initialized with output dir: /home/projects/bagon/andreyg/Projects/Object_reps_neural/Programming/hugging_face/model_experiments/segformer/exp2TTC_segformer-b5-finetuned-ade-640-640/processed_videos/segformer_model-BConcave+AConvex+3700/org_segmentation
2025-07-26 10:30:36,990 - INFO - All collision results already exist for BConcave+AConvex+3700
2025-07-26 10:30:36,991 - DEBUG - Loaded collision time for BConcave+AConvex+3700 at IoU 0.05: 4150.0
2025-07-26 10:30:36,993 - DEBUG - Loaded collision time for BConcave+AConvex+3700 at IoU 0.1: nan
2025-07-26 10:30:36,994 - DEBUG - Loaded collision time for BConcave+AConvex+3700 at IoU 0.15: nan
2025-07-26 10:30:36,995 - DEBUG - Loaded collision time for BConcave+AConvex+3700 at IoU 0.2: nan
2025-07-26 10:30:36,997 - DEBUG - Loaded collision time for BConcave+AConvex+3700 at IoU 0.25: nan
2025-07-26 10:30:36,998 - DEBUG - Loaded collision time for BConcave+AConvex+3700 at IoU 0.3: nan
2025-07-26 10:30:37,000 - DEBUG - Loaded collision time for BConcave+AConvex+3700 at IoU 0.35: nan
2025-07-26 10:30:37,001 - DEBUG - Loaded collision time for BConcave+AConvex+3700 at IoU 0.4: nan
2025-07-26 10:30:37,003 - DEBUG - Loaded collision time for BConcave+AConvex+3700 at IoU 0.45: nan
2025-07-26 10:30:37,004 - DEBUG - Loaded collision time for BConcave+AConvex+3700 at IoU 0.5: nan
2025-07-26 10:30:37,006 - DEBUG - Loaded collision time for BConcave+AConvex+3700 at IoU 0.55: nan
2025-07-26 10:30:37,007 - DEBUG - Loaded collision time for BConcave+AConvex+3700 at IoU 0.6: nan
2025-07-26 10:30:37,009 - DEBUG - Loaded collision time for BConcave+AConvex+3700 at IoU 0.65: nan
2025-07-26 10:30:37,010 - DEBUG - Loaded collision time for BConcave+AConvex+3700 at IoU 0.7: nan
2025-07-26 10:30:37,012 - DEBUG - Loaded collision time for BConcave+AConvex+3700 at IoU 0.75: nan
2025-07-26 10:30:37,013 - DEBUG - Loaded collision time for BConcave+AConvex+3700 at IoU 0.8: nan
2025-07-26 10:30:37,014 - DEBUG - Loaded collision time for BConcave+AConvex+3700 at IoU 0.85: nan
2025-07-26 10:30:37,016 - DEBUG - Loaded collision time for BConcave+AConvex+3700 at IoU 0.9: nan
2025-07-26 10:30:37,018 - DEBUG - Loaded collision time for BConcave+AConvex+3700 at IoU 0.95: nan
2025-07-26 10:30:37,019 - INFO - Processing video: BConcave+AConvex+3900_flipped
2025-07-26 10:30:37,019 - INFO - Video BConcave+AConvex+3900_flipped already processed (found segformer_model-BConcave+AConvex+3900_flipped.mp4), skipping video processing...
2025-07-26 10:30:37,024 - INFO - VanillaSegmentationSaver initialized with output dir: /home/projects/bagon/andreyg/Projects/Object_reps_neural/Programming/hugging_face/model_experiments/segformer/exp2TTC_segformer-b5-finetuned-ade-640-640/processed_videos/segformer_model-BConcave+AConvex+3900_flipped/org_segmentation
2025-07-26 10:30:37,027 - INFO - All collision results already exist for BConcave+AConvex+3900_flipped
2025-07-26 10:30:37,028 - DEBUG - Loaded collision time for BConcave+AConvex+3900_flipped at IoU 0.05: nan
2025-07-26 10:30:37,029 - DEBUG - Loaded collision time for BConcave+AConvex+3900_flipped at IoU 0.1: nan
2025-07-26 10:30:37,031 - DEBUG - Loaded collision time for BConcave+AConvex+3900_flipped at IoU 0.15: nan
2025-07-26 10:30:37,032 - DEBUG - Loaded collision time for BConcave+AConvex+3900_flipped at IoU 0.2: nan
2025-07-26 10:30:37,034 - DEBUG - Loaded collision time for BConcave+AConvex+3900_flipped at IoU 0.25: nan
2025-07-26 10:30:37,035 - DEBUG - Loaded collision time for BConcave+AConvex+3900_flipped at IoU 0.3: nan
2025-07-26 10:30:37,036 - DEBUG - Loaded collision time for BConcave+AConvex+3900_flipped at IoU 0.35: nan
2025-07-26 10:30:37,038 - DEBUG - Loaded collision time for BConcave+AConvex+3900_flipped at IoU 0.4: nan
2025-07-26 10:30:37,039 - DEBUG - Loaded collision time for BConcave+AConvex+3900_flipped at IoU 0.45: nan
2025-07-26 10:30:37,041 - DEBUG - Loaded collision time for BConcave+AConvex+3900_flipped at IoU 0.5: nan
2025-07-26 10:30:37,042 - DEBUG - Loaded collision time for BConcave+AConvex+3900_flipped at IoU 0.55: nan
2025-07-26 10:30:37,044 - DEBUG - Loaded collision time for BConcave+AConvex+3900_flipped at IoU 0.6: nan
2025-07-26 10:30:37,045 - DEBUG - Loaded collision time for BConcave+AConvex+3900_flipped at IoU 0.65: nan
2025-07-26 10:30:37,046 - DEBUG - Loaded collision time for BConcave+AConvex+3900_flipped at IoU 0.7: nan
2025-07-26 10:30:37,048 - DEBUG - Loaded collision time for BConcave+AConvex+3900_flipped at IoU 0.75: nan
2025-07-26 10:30:37,049 - DEBUG - Loaded collision time for BConcave+AConvex+3900_flipped at IoU 0.8: nan
2025-07-26 10:30:37,051 - DEBUG - Loaded collision time for BConcave+AConvex+3900_flipped at IoU 0.85: nan
2025-07-26 10:30:37,052 - DEBUG - Loaded collision time for BConcave+AConvex+3900_flipped at IoU 0.9: nan
2025-07-26 10:30:37,053 - DEBUG - Loaded collision time for BConcave+AConvex+3900_flipped at IoU 0.95: nan
2025-07-26 10:30:37,054 - INFO - Processing video: BConcave+AConvex+4100
2025-07-26 10:30:37,054 - INFO - Video BConcave+AConvex+4100 already processed (found segformer_model-BConcave+AConvex+4100.mp4), skipping video processing...
2025-07-26 10:30:37,059 - INFO - VanillaSegmentationSaver initialized with output dir: /home/projects/bagon/andreyg/Projects/Object_reps_neural/Programming/hugging_face/model_experiments/segformer/exp2TTC_segformer-b5-finetuned-ade-640-640/processed_videos/segformer_model-BConcave+AConvex+4100/org_segmentation
2025-07-26 10:30:37,061 - INFO - All collision results already exist for BConcave+AConvex+4100
2025-07-26 10:30:37,062 - DEBUG - Loaded collision time for BConcave+AConvex+4100 at IoU 0.05: 4683.333333333334
2025-07-26 10:30:37,064 - DEBUG - Loaded collision time for BConcave+AConvex+4100 at IoU 0.1: 4866.666666666666
2025-07-26 10:30:37,065 - DEBUG - Loaded collision time for BConcave+AConvex+4100 at IoU 0.15: 5050.0
2025-07-26 10:30:37,066 - DEBUG - Loaded collision time for BConcave+AConvex+4100 at IoU 0.2: nan
2025-07-26 10:30:37,068 - DEBUG - Loaded collision time for BConcave+AConvex+4100 at IoU 0.25: nan
2025-07-26 10:30:37,069 - DEBUG - Loaded collision time for BConcave+AConvex+4100 at IoU 0.3: nan
2025-07-26 10:30:37,070 - DEBUG - Loaded collision time for BConcave+AConvex+4100 at IoU 0.35: nan
2025-07-26 10:30:37,071 - DEBUG - Loaded collision time for BConcave+AConvex+4100 at IoU 0.4: nan
2025-07-26 10:30:37,073 - DEBUG - Loaded collision time for BConcave+AConvex+4100 at IoU 0.45: nan
2025-07-26 10:30:37,074 - DEBUG - Loaded collision time for BConcave+AConvex+4100 at IoU 0.5: nan
2025-07-26 10:30:37,076 - DEBUG - Loaded collision time for BConcave+AConvex+4100 at IoU 0.55: nan
2025-07-26 10:30:37,077 - DEBUG - Loaded collision time for BConcave+AConvex+4100 at IoU 0.6: nan
2025-07-26 10:30:37,078 - DEBUG - Loaded collision time for BConcave+AConvex+4100 at IoU 0.65: nan
2025-07-26 10:30:37,079 - DEBUG - Loaded collision time for BConcave+AConvex+4100 at IoU 0.7: nan
2025-07-26 10:30:37,081 - DEBUG - Loaded collision time for BConcave+AConvex+4100 at IoU 0.75: nan
2025-07-26 10:30:37,082 - DEBUG - Loaded collision time for BConcave+AConvex+4100 at IoU 0.8: nan
2025-07-26 10:30:37,083 - DEBUG - Loaded collision time for BConcave+AConvex+4100 at IoU 0.85: nan
2025-07-26 10:30:37,085 - DEBUG - Loaded collision time for BConcave+AConvex+4100 at IoU 0.9: nan
2025-07-26 10:30:37,086 - DEBUG - Loaded collision time for BConcave+AConvex+4100 at IoU 0.95: nan
2025-07-26 10:30:37,086 - INFO - Processing video: BConcave+AConvex+4300_flipped
2025-07-26 10:30:37,086 - INFO - Video BConcave+AConvex+4300_flipped already processed (found segformer_model-BConcave+AConvex+4300_flipped.mp4), skipping video processing...
2025-07-26 10:30:37,091 - INFO - VanillaSegmentationSaver initialized with output dir: /home/projects/bagon/andreyg/Projects/Object_reps_neural/Programming/hugging_face/model_experiments/segformer/exp2TTC_segformer-b5-finetuned-ade-640-640/processed_videos/segformer_model-BConcave+AConvex+4300_flipped/org_segmentation
2025-07-26 10:30:37,093 - INFO - All collision results already exist for BConcave+AConvex+4300_flipped
2025-07-26 10:30:37,094 - DEBUG - Loaded collision time for BConcave+AConvex+4300_flipped at IoU 0.05: nan
2025-07-26 10:30:37,095 - DEBUG - Loaded collision time for BConcave+AConvex+4300_flipped at IoU 0.1: nan
2025-07-26 10:30:37,096 - DEBUG - Loaded collision time for BConcave+AConvex+4300_flipped at IoU 0.15: nan
2025-07-26 10:30:37,098 - DEBUG - Loaded collision time for BConcave+AConvex+4300_flipped at IoU 0.2: nan
2025-07-26 10:30:37,099 - DEBUG - Loaded collision time for BConcave+AConvex+4300_flipped at IoU 0.25: nan
2025-07-26 10:30:37,100 - DEBUG - Loaded collision time for BConcave+AConvex+4300_flipped at IoU 0.3: nan
2025-07-26 10:30:37,102 - DEBUG - Loaded collision time for BConcave+AConvex+4300_flipped at IoU 0.35: nan
2025-07-26 10:30:37,103 - DEBUG - Loaded collision time for BConcave+AConvex+4300_flipped at IoU 0.4: nan
2025-07-26 10:30:37,104 - DEBUG - Loaded collision time for BConcave+AConvex+4300_flipped at IoU 0.45: nan
2025-07-26 10:30:37,105 - DEBUG - Loaded collision time for BConcave+AConvex+4300_flipped at IoU 0.5: nan
2025-07-26 10:30:37,107 - DEBUG - Loaded collision time for BConcave+AConvex+4300_flipped at IoU 0.55: nan
2025-07-26 10:30:37,108 - DEBUG - Loaded collision time for BConcave+AConvex+4300_flipped at IoU 0.6: nan
2025-07-26 10:30:37,109 - DEBUG - Loaded collision time for BConcave+AConvex+4300_flipped at IoU 0.65: nan
2025-07-26 10:30:37,111 - DEBUG - Loaded collision time for BConcave+AConvex+4300_flipped at IoU 0.7: nan
2025-07-26 10:30:37,112 - DEBUG - Loaded collision time for BConcave+AConvex+4300_flipped at IoU 0.75: nan
2025-07-26 10:30:37,113 - DEBUG - Loaded collision time for BConcave+AConvex+4300_flipped at IoU 0.8: nan
2025-07-26 10:30:37,114 - DEBUG - Loaded collision time for BConcave+AConvex+4300_flipped at IoU 0.85: nan
2025-07-26 10:30:37,116 - DEBUG - Loaded collision time for BConcave+AConvex+4300_flipped at IoU 0.9: nan
2025-07-26 10:30:37,117 - DEBUG - Loaded collision time for BConcave+AConvex+4300_flipped at IoU 0.95: nan
2025-07-26 10:30:37,117 - INFO - Processing video: BConcave+AConvex+4500
2025-07-26 10:30:37,117 - INFO - Video BConcave+AConvex+4500 already processed (found segformer_model-BConcave+AConvex+4500.mp4), skipping video processing...
2025-07-26 10:30:37,122 - INFO - VanillaSegmentationSaver initialized with output dir: /home/projects/bagon/andreyg/Projects/Object_reps_neural/Programming/hugging_face/model_experiments/segformer/exp2TTC_segformer-b5-finetuned-ade-640-640/processed_videos/segformer_model-BConcave+AConvex+4500/org_segmentation
2025-07-26 10:30:37,125 - INFO - All collision results already exist for BConcave+AConvex+4500
2025-07-26 10:30:37,127 - DEBUG - Loaded collision time for BConcave+AConvex+4500 at IoU 0.05: 4766.666666666667
2025-07-26 10:30:37,129 - DEBUG - Loaded collision time for BConcave+AConvex+4500 at IoU 0.1: 4900.0
2025-07-26 10:30:37,130 - DEBUG - Loaded collision time for BConcave+AConvex+4500 at IoU 0.15: 5033.333333333333
2025-07-26 10:30:37,131 - DEBUG - Loaded collision time for BConcave+AConvex+4500 at IoU 0.2: nan
2025-07-26 10:30:37,133 - DEBUG - Loaded collision time for BConcave+AConvex+4500 at IoU 0.25: nan
2025-07-26 10:30:37,134 - DEBUG - Loaded collision time for BConcave+AConvex+4500 at IoU 0.3: nan
2025-07-26 10:30:37,136 - DEBUG - Loaded collision time for BConcave+AConvex+4500 at IoU 0.35: nan
2025-07-26 10:30:37,138 - DEBUG - Loaded collision time for BConcave+AConvex+4500 at IoU 0.4: nan
2025-07-26 10:30:37,139 - DEBUG - Loaded collision time for BConcave+AConvex+4500 at IoU 0.45: nan
2025-07-26 10:30:37,140 - DEBUG - Loaded collision time for BConcave+AConvex+4500 at IoU 0.5: nan
2025-07-26 10:30:37,142 - DEBUG - Loaded collision time for BConcave+AConvex+4500 at IoU 0.55: nan
2025-07-26 10:30:37,143 - DEBUG - Loaded collision time for BConcave+AConvex+4500 at IoU 0.6: nan
2025-07-26 10:30:37,145 - DEBUG - Loaded collision time for BConcave+AConvex+4500 at IoU 0.65: nan
2025-07-26 10:30:37,146 - DEBUG - Loaded collision time for BConcave+AConvex+4500 at IoU 0.7: nan
2025-07-26 10:30:37,148 - DEBUG - Loaded collision time for BConcave+AConvex+4500 at IoU 0.75: nan
2025-07-26 10:30:37,149 - DEBUG - Loaded collision time for BConcave+AConvex+4500 at IoU 0.8: nan
2025-07-26 10:30:37,150 - DEBUG - Loaded collision time for BConcave+AConvex+4500 at IoU 0.85: nan
2025-07-26 10:30:37,152 - DEBUG - Loaded collision time for BConcave+AConvex+4500 at IoU 0.9: nan
2025-07-26 10:30:37,153 - DEBUG - Loaded collision time for BConcave+AConvex+4500 at IoU 0.95: nan
2025-07-26 10:30:37,153 - INFO - Processing video: BConcave+BConcavePatient+3500
2025-07-26 10:30:37,153 - INFO - Video BConcave+BConcavePatient+3500 already processed (found segformer_model-BConcave+BConcavePatient+3500.mp4), skipping video processing...
2025-07-26 10:30:37,158 - INFO - VanillaSegmentationSaver initialized with output dir: /home/projects/bagon/andreyg/Projects/Object_reps_neural/Programming/hugging_face/model_experiments/segformer/exp2TTC_segformer-b5-finetuned-ade-640-640/processed_videos/segformer_model-BConcave+BConcavePatient+3500/org_segmentation
2025-07-26 10:30:37,161 - INFO - All collision results already exist for BConcave+BConcavePatient+3500
2025-07-26 10:30:37,163 - DEBUG - Loaded collision time for BConcave+BConcavePatient+3500 at IoU 0.05: nan
2025-07-26 10:30:37,164 - DEBUG - Loaded collision time for BConcave+BConcavePatient+3500 at IoU 0.1: nan
2025-07-26 10:30:37,166 - DEBUG - Loaded collision time for BConcave+BConcavePatient+3500 at IoU 0.15: nan
2025-07-26 10:30:37,167 - DEBUG - Loaded collision time for BConcave+BConcavePatient+3500 at IoU 0.2: nan
2025-07-26 10:30:37,169 - DEBUG - Loaded collision time for BConcave+BConcavePatient+3500 at IoU 0.25: nan
2025-07-26 10:30:37,170 - DEBUG - Loaded collision time for BConcave+BConcavePatient+3500 at IoU 0.3: nan
2025-07-26 10:30:37,171 - DEBUG - Loaded collision time for BConcave+BConcavePatient+3500 at IoU 0.35: nan
2025-07-26 10:30:37,173 - DEBUG - Loaded collision time for BConcave+BConcavePatient+3500 at IoU 0.4: nan
2025-07-26 10:30:37,175 - DEBUG - Loaded collision time for BConcave+BConcavePatient+3500 at IoU 0.45: nan
2025-07-26 10:30:37,176 - DEBUG - Loaded collision time for BConcave+BConcavePatient+3500 at IoU 0.5: nan
2025-07-26 10:30:37,177 - DEBUG - Loaded collision time for BConcave+BConcavePatient+3500 at IoU 0.55: nan
2025-07-26 10:30:37,179 - DEBUG - Loaded collision time for BConcave+BConcavePatient+3500 at IoU 0.6: nan
2025-07-26 10:30:37,180 - DEBUG - Loaded collision time for BConcave+BConcavePatient+3500 at IoU 0.65: nan
2025-07-26 10:30:37,182 - DEBUG - Loaded collision time for BConcave+BConcavePatient+3500 at IoU 0.7: nan
2025-07-26 10:30:37,183 - DEBUG - Loaded collision time for BConcave+BConcavePatient+3500 at IoU 0.75: nan
2025-07-26 10:30:37,185 - DEBUG - Loaded collision time for BConcave+BConcavePatient+3500 at IoU 0.8: nan
2025-07-26 10:30:37,186 - DEBUG - Loaded collision time for BConcave+BConcavePatient+3500 at IoU 0.85: nan
2025-07-26 10:30:37,188 - DEBUG - Loaded collision time for BConcave+BConcavePatient+3500 at IoU 0.9: nan
2025-07-26 10:30:37,189 - DEBUG - Loaded collision time for BConcave+BConcavePatient+3500 at IoU 0.95: nan
2025-07-26 10:30:37,189 - INFO - Processing video: BConcave+BConcavePatient+3700_flipped
2025-07-26 10:30:37,189 - INFO - Video BConcave+BConcavePatient+3700_flipped already processed (found segformer_model-BConcave+BConcavePatient+3700_flipped.mp4), skipping video processing...
2025-07-26 10:30:37,195 - INFO - VanillaSegmentationSaver initialized with output dir: /home/projects/bagon/andreyg/Projects/Object_reps_neural/Programming/hugging_face/model_experiments/segformer/exp2TTC_segformer-b5-finetuned-ade-640-640/processed_videos/segformer_model-BConcave+BConcavePatient+3700_flipped/org_segmentation
2025-07-26 10:30:37,197 - INFO - All collision results already exist for BConcave+BConcavePatient+3700_flipped
2025-07-26 10:30:37,199 - DEBUG - Loaded collision time for BConcave+BConcavePatient+3700_flipped at IoU 0.05: nan
2025-07-26 10:30:37,200 - DEBUG - Loaded collision time for BConcave+BConcavePatient+3700_flipped at IoU 0.1: nan
2025-07-26 10:30:37,201 - DEBUG - Loaded collision time for BConcave+BConcavePatient+3700_flipped at IoU 0.15: nan
2025-07-26 10:30:37,203 - DEBUG - Loaded collision time for BConcave+BConcavePatient+3700_flipped at IoU 0.2: nan
2025-07-26 10:30:37,204 - DEBUG - Loaded collision time for BConcave+BConcavePatient+3700_flipped at IoU 0.25: nan
2025-07-26 10:30:37,206 - DEBUG - Loaded collision time for BConcave+BConcavePatient+3700_flipped at IoU 0.3: nan
2025-07-26 10:30:37,207 - DEBUG - Loaded collision time for BConcave+BConcavePatient+3700_flipped at IoU 0.35: nan
2025-07-26 10:30:37,208 - DEBUG - Loaded collision time for BConcave+BConcavePatient+3700_flipped at IoU 0.4: nan
2025-07-26 10:30:37,210 - DEBUG - Loaded collision time for BConcave+BConcavePatient+3700_flipped at IoU 0.45: nan
2025-07-26 10:30:37,211 - DEBUG - Loaded collision time for BConcave+BConcavePatient+3700_flipped at IoU 0.5: nan
2025-07-26 10:30:37,212 - DEBUG - Loaded collision time for BConcave+BConcavePatient+3700_flipped at IoU 0.55: nan
2025-07-26 10:30:37,214 - DEBUG - Loaded collision time for BConcave+BConcavePatient+3700_flipped at IoU 0.6: nan
2025-07-26 10:30:37,215 - DEBUG - Loaded collision time for BConcave+BConcavePatient+3700_flipped at IoU 0.65: nan
2025-07-26 10:30:37,217 - DEBUG - Loaded collision time for BConcave+BConcavePatient+3700_flipped at IoU 0.7: nan
2025-07-26 10:30:37,218 - DEBUG - Loaded collision time for BConcave+BConcavePatient+3700_flipped at IoU 0.75: nan
2025-07-26 10:30:37,219 - DEBUG - Loaded collision time for BConcave+BConcavePatient+3700_flipped at IoU 0.8: nan
2025-07-26 10:30:37,221 - DEBUG - Loaded collision time for BConcave+BConcavePatient+3700_flipped at IoU 0.85: nan
2025-07-26 10:30:37,222 - DEBUG - Loaded collision time for BConcave+BConcavePatient+3700_flipped at IoU 0.9: nan
2025-07-26 10:30:37,224 - DEBUG - Loaded collision time for BConcave+BConcavePatient+3700_flipped at IoU 0.95: nan
2025-07-26 10:30:37,224 - INFO - Processing video: BConcave+BConcavePatient+3900
2025-07-26 10:30:37,224 - INFO - Video BConcave+BConcavePatient+3900 already processed (found segformer_model-BConcave+BConcavePatient+3900.mp4), skipping video processing...
2025-07-26 10:30:37,229 - INFO - VanillaSegmentationSaver initialized with output dir: /home/projects/bagon/andreyg/Projects/Object_reps_neural/Programming/hugging_face/model_experiments/segformer/exp2TTC_segformer-b5-finetuned-ade-640-640/processed_videos/segformer_model-BConcave+BConcavePatient+3900/org_segmentation
2025-07-26 10:30:37,231 - INFO - All collision results already exist for BConcave+BConcavePatient+3900
2025-07-26 10:30:37,232 - DEBUG - Loaded collision time for BConcave+BConcavePatient+3900 at IoU 0.05: nan
2025-07-26 10:30:37,233 - DEBUG - Loaded collision time for BConcave+BConcavePatient+3900 at IoU 0.1: nan
2025-07-26 10:30:37,235 - DEBUG - Loaded collision time for BConcave+BConcavePatient+3900 at IoU 0.15: nan
2025-07-26 10:30:37,236 - DEBUG - Loaded collision time for BConcave+BConcavePatient+3900 at IoU 0.2: nan
2025-07-26 10:30:37,238 - DEBUG - Loaded collision time for BConcave+BConcavePatient+3900 at IoU 0.25: nan
2025-07-26 10:30:37,239 - DEBUG - Loaded collision time for BConcave+BConcavePatient+3900 at IoU 0.3: nan
2025-07-26 10:30:37,240 - DEBUG - Loaded collision time for BConcave+BConcavePatient+3900 at IoU 0.35: nan
2025-07-26 10:30:37,242 - DEBUG - Loaded collision time for BConcave+BConcavePatient+3900 at IoU 0.4: nan
2025-07-26 10:30:37,243 - DEBUG - Loaded collision time for BConcave+BConcavePatient+3900 at IoU 0.45: nan
2025-07-26 10:30:37,245 - DEBUG - Loaded collision time for BConcave+BConcavePatient+3900 at IoU 0.5: nan
2025-07-26 10:30:37,246 - DEBUG - Loaded collision time for BConcave+BConcavePatient+3900 at IoU 0.55: nan
2025-07-26 10:30:37,247 - DEBUG - Loaded collision time for BConcave+BConcavePatient+3900 at IoU 0.6: nan
2025-07-26 10:30:37,249 - DEBUG - Loaded collision time for BConcave+BConcavePatient+3900 at IoU 0.65: nan
2025-07-26 10:30:37,250 - DEBUG - Loaded collision time for BConcave+BConcavePatient+3900 at IoU 0.7: nan
2025-07-26 10:30:37,252 - DEBUG - Loaded collision time for BConcave+BConcavePatient+3900 at IoU 0.75: nan
2025-07-26 10:30:37,253 - DEBUG - Loaded collision time for BConcave+BConcavePatient+3900 at IoU 0.8: nan
2025-07-26 10:30:37,254 - DEBUG - Loaded collision time for BConcave+BConcavePatient+3900 at IoU 0.85: nan
2025-07-26 10:30:37,256 - DEBUG - Loaded collision time for BConcave+BConcavePatient+3900 at IoU 0.9: nan
2025-07-26 10:30:37,257 - DEBUG - Loaded collision time for BConcave+BConcavePatient+3900 at IoU 0.95: nan
2025-07-26 10:30:37,257 - INFO - Processing video: BConcave+BConcavePatient+4100_flipped
2025-07-26 10:30:37,257 - INFO - Video BConcave+BConcavePatient+4100_flipped already processed (found segformer_model-BConcave+BConcavePatient+4100_flipped.mp4), skipping video processing...
2025-07-26 10:30:37,266 - INFO - VanillaSegmentationSaver initialized with output dir: /home/projects/bagon/andreyg/Projects/Object_reps_neural/Programming/hugging_face/model_experiments/segformer/exp2TTC_segformer-b5-finetuned-ade-640-640/processed_videos/segformer_model-BConcave+BConcavePatient+4100_flipped/org_segmentation
2025-07-26 10:30:37,268 - INFO - All collision results already exist for BConcave+BConcavePatient+4100_flipped
2025-07-26 10:30:37,270 - DEBUG - Loaded collision time for BConcave+BConcavePatient+4100_flipped at IoU 0.05: nan
2025-07-26 10:30:37,271 - DEBUG - Loaded collision time for BConcave+BConcavePatient+4100_flipped at IoU 0.1: nan
2025-07-26 10:30:37,272 - DEBUG - Loaded collision time for BConcave+BConcavePatient+4100_flipped at IoU 0.15: nan
2025-07-26 10:30:37,274 - DEBUG - Loaded collision time for BConcave+BConcavePatient+4100_flipped at IoU 0.2: nan
2025-07-26 10:30:37,275 - DEBUG - Loaded collision time for BConcave+BConcavePatient+4100_flipped at IoU 0.25: nan
2025-07-26 10:30:37,276 - DEBUG - Loaded collision time for BConcave+BConcavePatient+4100_flipped at IoU 0.3: nan
2025-07-26 10:30:37,278 - DEBUG - Loaded collision time for BConcave+BConcavePatient+4100_flipped at IoU 0.35: nan
2025-07-26 10:30:37,279 - DEBUG - Loaded collision time for BConcave+BConcavePatient+4100_flipped at IoU 0.4: nan
2025-07-26 10:30:37,280 - DEBUG - Loaded collision time for BConcave+BConcavePatient+4100_flipped at IoU 0.45: nan
2025-07-26 10:30:37,282 - DEBUG - Loaded collision time for BConcave+BConcavePatient+4100_flipped at IoU 0.5: nan
2025-07-26 10:30:37,283 - DEBUG - Loaded collision time for BConcave+BConcavePatient+4100_flipped at IoU 0.55: nan
2025-07-26 10:30:37,285 - DEBUG - Loaded collision time for BConcave+BConcavePatient+4100_flipped at IoU 0.6: nan
2025-07-26 10:30:37,286 - DEBUG - Loaded collision time for BConcave+BConcavePatient+4100_flipped at IoU 0.65: nan
2025-07-26 10:30:37,287 - DEBUG - Loaded collision time for BConcave+BConcavePatient+4100_flipped at IoU 0.7: nan
2025-07-26 10:30:37,289 - DEBUG - Loaded collision time for BConcave+BConcavePatient+4100_flipped at IoU 0.75: nan
2025-07-26 10:30:37,290 - DEBUG - Loaded collision time for BConcave+BConcavePatient+4100_flipped at IoU 0.8: nan
2025-07-26 10:30:37,291 - DEBUG - Loaded collision time for BConcave+BConcavePatient+4100_flipped at IoU 0.85: nan
2025-07-26 10:30:37,292 - DEBUG - Loaded collision time for BConcave+BConcavePatient+4100_flipped at IoU 0.9: nan
2025-07-26 10:30:37,294 - DEBUG - Loaded collision time for BConcave+BConcavePatient+4100_flipped at IoU 0.95: nan
2025-07-26 10:30:37,294 - INFO - Processing video: BConcave+BConcavePatient+4300
2025-07-26 10:30:37,294 - INFO - Video BConcave+BConcavePatient+4300 already processed (found segformer_model-BConcave+BConcavePatient+4300.mp4), skipping video processing...
2025-07-26 10:30:37,298 - INFO - VanillaSegmentationSaver initialized with output dir: /home/projects/bagon/andreyg/Projects/Object_reps_neural/Programming/hugging_face/model_experiments/segformer/exp2TTC_segformer-b5-finetuned-ade-640-640/processed_videos/segformer_model-BConcave+BConcavePatient+4300/org_segmentation
2025-07-26 10:30:37,300 - INFO - All collision results already exist for BConcave+BConcavePatient+4300
2025-07-26 10:30:37,302 - DEBUG - Loaded collision time for BConcave+BConcavePatient+4300 at IoU 0.05: 4316.666666666666
2025-07-26 10:30:37,303 - DEBUG - Loaded collision time for BConcave+BConcavePatient+4300 at IoU 0.1: 4400.0
2025-07-26 10:30:37,305 - DEBUG - Loaded collision time for BConcave+BConcavePatient+4300 at IoU 0.15: 4466.666666666667
2025-07-26 10:30:37,306 - DEBUG - Loaded collision time for BConcave+BConcavePatient+4300 at IoU 0.2: 4533.333333333333
2025-07-26 10:30:37,308 - DEBUG - Loaded collision time for BConcave+BConcavePatient+4300 at IoU 0.25: 4583.333333333333
2025-07-26 10:30:37,309 - DEBUG - Loaded collision time for BConcave+BConcavePatient+4300 at IoU 0.3: 4650.0
2025-07-26 10:30:37,310 - DEBUG - Loaded collision time for BConcave+BConcavePatient+4300 at IoU 0.35: 4716.666666666667
2025-07-26 10:30:37,311 - DEBUG - Loaded collision time for BConcave+BConcavePatient+4300 at IoU 0.4: 4766.666666666667
2025-07-26 10:30:37,312 - DEBUG - Loaded collision time for BConcave+BConcavePatient+4300 at IoU 0.45: nan
2025-07-26 10:30:37,314 - DEBUG - Loaded collision time for BConcave+BConcavePatient+4300 at IoU 0.5: nan
2025-07-26 10:30:37,315 - DEBUG - Loaded collision time for BConcave+BConcavePatient+4300 at IoU 0.55: nan
2025-07-26 10:30:37,317 - DEBUG - Loaded collision time for BConcave+BConcavePatient+4300 at IoU 0.6: nan
2025-07-26 10:30:37,318 - DEBUG - Loaded collision time for BConcave+BConcavePatient+4300 at IoU 0.65: nan
2025-07-26 10:30:37,319 - DEBUG - Loaded collision time for BConcave+BConcavePatient+4300 at IoU 0.7: nan
2025-07-26 10:30:37,321 - DEBUG - Loaded collision time for BConcave+BConcavePatient+4300 at IoU 0.75: nan
2025-07-26 10:30:37,322 - DEBUG - Loaded collision time for BConcave+BConcavePatient+4300 at IoU 0.8: nan
2025-07-26 10:30:37,323 - DEBUG - Loaded collision time for BConcave+BConcavePatient+4300 at IoU 0.85: nan
2025-07-26 10:30:37,325 - DEBUG - Loaded collision time for BConcave+BConcavePatient+4300 at IoU 0.9: nan
2025-07-26 10:30:37,326 - DEBUG - Loaded collision time for BConcave+BConcavePatient+4300 at IoU 0.95: nan
2025-07-26 10:30:37,326 - INFO - Processing video: BConcave+BConcavePatient+4500_flipped
2025-07-26 10:30:37,326 - INFO - Video BConcave+BConcavePatient+4500_flipped already processed (found segformer_model-BConcave+BConcavePatient+4500_flipped.mp4), skipping video processing...
2025-07-26 10:30:37,332 - INFO - VanillaSegmentationSaver initialized with output dir: /home/projects/bagon/andreyg/Projects/Object_reps_neural/Programming/hugging_face/model_experiments/segformer/exp2TTC_segformer-b5-finetuned-ade-640-640/processed_videos/segformer_model-BConcave+BConcavePatient+4500_flipped/org_segmentation
2025-07-26 10:30:37,335 - INFO - All collision results already exist for BConcave+BConcavePatient+4500_flipped
2025-07-26 10:30:37,336 - DEBUG - Loaded collision time for BConcave+BConcavePatient+4500_flipped at IoU 0.05: 4433.333333333334
2025-07-26 10:30:37,338 - DEBUG - Loaded collision time for BConcave+BConcavePatient+4500_flipped at IoU 0.1: 4550.0
2025-07-26 10:30:37,339 - DEBUG - Loaded collision time for BConcave+BConcavePatient+4500_flipped at IoU 0.15: 4616.666666666666
2025-07-26 10:30:37,340 - DEBUG - Loaded collision time for BConcave+BConcavePatient+4500_flipped at IoU 0.2: 4683.333333333334
2025-07-26 10:30:37,342 - DEBUG - Loaded collision time for BConcave+BConcavePatient+4500_flipped at IoU 0.25: 4750.0
2025-07-26 10:30:37,343 - DEBUG - Loaded collision time for BConcave+BConcavePatient+4500_flipped at IoU 0.3: 4783.333333333333
2025-07-26 10:30:37,345 - DEBUG - Loaded collision time for BConcave+BConcavePatient+4500_flipped at IoU 0.35: 4833.333333333333
2025-07-26 10:30:37,346 - DEBUG - Loaded collision time for BConcave+BConcavePatient+4500_flipped at IoU 0.4: 4883.333333333334
2025-07-26 10:30:37,347 - DEBUG - Loaded collision time for BConcave+BConcavePatient+4500_flipped at IoU 0.45: 4916.666666666667
2025-07-26 10:30:37,349 - DEBUG - Loaded collision time for BConcave+BConcavePatient+4500_flipped at IoU 0.5: 4950.0
2025-07-26 10:30:37,350 - DEBUG - Loaded collision time for BConcave+BConcavePatient+4500_flipped at IoU 0.55: 4983.333333333333
2025-07-26 10:30:37,352 - DEBUG - Loaded collision time for BConcave+BConcavePatient+4500_flipped at IoU 0.6: 5033.333333333333
2025-07-26 10:30:37,353 - DEBUG - Loaded collision time for BConcave+BConcavePatient+4500_flipped at IoU 0.65: 5066.666666666666
2025-07-26 10:30:37,354 - DEBUG - Loaded collision time for BConcave+BConcavePatient+4500_flipped at IoU 0.7: 5116.666666666666
2025-07-26 10:30:37,356 - DEBUG - Loaded collision time for BConcave+BConcavePatient+4500_flipped at IoU 0.75: nan
2025-07-26 10:30:37,357 - DEBUG - Loaded collision time for BConcave+BConcavePatient+4500_flipped at IoU 0.8: nan
2025-07-26 10:30:37,358 - DEBUG - Loaded collision time for BConcave+BConcavePatient+4500_flipped at IoU 0.85: nan
2025-07-26 10:30:37,360 - DEBUG - Loaded collision time for BConcave+BConcavePatient+4500_flipped at IoU 0.9: nan
2025-07-26 10:30:37,361 - DEBUG - Loaded collision time for BConcave+BConcavePatient+4500_flipped at IoU 0.95: nan
2025-07-26 10:30:37,361 - INFO - Processing video: BConcave+BConvex+3500_flipped
2025-07-26 10:30:37,362 - INFO - Video BConcave+BConvex+3500_flipped already processed (found segformer_model-BConcave+BConvex+3500_flipped.mp4), skipping video processing...
2025-07-26 10:30:37,367 - INFO - VanillaSegmentationSaver initialized with output dir: /home/projects/bagon/andreyg/Projects/Object_reps_neural/Programming/hugging_face/model_experiments/segformer/exp2TTC_segformer-b5-finetuned-ade-640-640/processed_videos/segformer_model-BConcave+BConvex+3500_flipped/org_segmentation
2025-07-26 10:30:37,370 - INFO - All collision results already exist for BConcave+BConvex+3500_flipped
2025-07-26 10:30:37,371 - DEBUG - Loaded collision time for BConcave+BConvex+3500_flipped at IoU 0.05: 3800.0
2025-07-26 10:30:37,373 - DEBUG - Loaded collision time for BConcave+BConvex+3500_flipped at IoU 0.1: 3966.666666666667
2025-07-26 10:30:37,374 - DEBUG - Loaded collision time for BConcave+BConvex+3500_flipped at IoU 0.15: 4100.0
2025-07-26 10:30:37,376 - DEBUG - Loaded collision time for BConcave+BConvex+3500_flipped at IoU 0.2: 4200.0
2025-07-26 10:30:37,377 - DEBUG - Loaded collision time for BConcave+BConvex+3500_flipped at IoU 0.25: 4300.0
2025-07-26 10:30:37,378 - DEBUG - Loaded collision time for BConcave+BConvex+3500_flipped at IoU 0.3: 4416.666666666667
2025-07-26 10:30:37,380 - DEBUG - Loaded collision time for BConcave+BConvex+3500_flipped at IoU 0.35: 4500.0
2025-07-26 10:30:37,381 - DEBUG - Loaded collision time for BConcave+BConvex+3500_flipped at IoU 0.4: 4616.666666666666
2025-07-26 10:30:37,383 - DEBUG - Loaded collision time for BConcave+BConvex+3500_flipped at IoU 0.45: nan
2025-07-26 10:30:37,384 - DEBUG - Loaded collision time for BConcave+BConvex+3500_flipped at IoU 0.5: nan
2025-07-26 10:30:37,386 - DEBUG - Loaded collision time for BConcave+BConvex+3500_flipped at IoU 0.55: nan
2025-07-26 10:30:37,387 - DEBUG - Loaded collision time for BConcave+BConvex+3500_flipped at IoU 0.6: nan
2025-07-26 10:30:37,389 - DEBUG - Loaded collision time for BConcave+BConvex+3500_flipped at IoU 0.65: nan
2025-07-26 10:30:37,391 - DEBUG - Loaded collision time for BConcave+BConvex+3500_flipped at IoU 0.7: nan
2025-07-26 10:30:37,392 - DEBUG - Loaded collision time for BConcave+BConvex+3500_flipped at IoU 0.75: nan
2025-07-26 10:30:37,393 - DEBUG - Loaded collision time for BConcave+BConvex+3500_flipped at IoU 0.8: nan
2025-07-26 10:30:37,395 - DEBUG - Loaded collision time for BConcave+BConvex+3500_flipped at IoU 0.85: nan
2025-07-26 10:30:37,397 - DEBUG - Loaded collision time for BConcave+BConvex+3500_flipped at IoU 0.9: nan
2025-07-26 10:30:37,398 - DEBUG - Loaded collision time for BConcave+BConvex+3500_flipped at IoU 0.95: nan
2025-07-26 10:30:37,398 - INFO - Processing video: BConcave+BConvex+3700
2025-07-26 10:30:37,398 - INFO - Video BConcave+BConvex+3700 already processed (found segformer_model-BConcave+BConvex+3700.mp4), skipping video processing...
2025-07-26 10:30:37,403 - INFO - VanillaSegmentationSaver initialized with output dir: /home/projects/bagon/andreyg/Projects/Object_reps_neural/Programming/hugging_face/model_experiments/segformer/exp2TTC_segformer-b5-finetuned-ade-640-640/processed_videos/segformer_model-BConcave+BConvex+3700/org_segmentation
2025-07-26 10:30:37,406 - INFO - All collision results already exist for BConcave+BConvex+3700
2025-07-26 10:30:37,408 - DEBUG - Loaded collision time for BConcave+BConvex+3700 at IoU 0.05: nan
2025-07-26 10:30:37,409 - DEBUG - Loaded collision time for BConcave+BConvex+3700 at IoU 0.1: nan
2025-07-26 10:30:37,411 - DEBUG - Loaded collision time for BConcave+BConvex+3700 at IoU 0.15: nan
2025-07-26 10:30:37,412 - DEBUG - Loaded collision time for BConcave+BConvex+3700 at IoU 0.2: nan
2025-07-26 10:30:37,413 - DEBUG - Loaded collision time for BConcave+BConvex+3700 at IoU 0.25: nan
2025-07-26 10:30:37,415 - DEBUG - Loaded collision time for BConcave+BConvex+3700 at IoU 0.3: nan
2025-07-26 10:30:37,416 - DEBUG - Loaded collision time for BConcave+BConvex+3700 at IoU 0.35: nan
2025-07-26 10:30:37,418 - DEBUG - Loaded collision time for BConcave+BConvex+3700 at IoU 0.4: nan
2025-07-26 10:30:37,419 - DEBUG - Loaded collision time for BConcave+BConvex+3700 at IoU 0.45: nan
2025-07-26 10:30:37,420 - DEBUG - Loaded collision time for BConcave+BConvex+3700 at IoU 0.5: nan
2025-07-26 10:30:37,422 - DEBUG - Loaded collision time for BConcave+BConvex+3700 at IoU 0.55: nan
2025-07-26 10:30:37,423 - DEBUG - Loaded collision time for BConcave+BConvex+3700 at IoU 0.6: nan
2025-07-26 10:30:37,425 - DEBUG - Loaded collision time for BConcave+BConvex+3700 at IoU 0.65: nan
2025-07-26 10:30:37,426 - DEBUG - Loaded collision time for BConcave+BConvex+3700 at IoU 0.7: nan
2025-07-26 10:30:37,427 - DEBUG - Loaded collision time for BConcave+BConvex+3700 at IoU 0.75: nan
2025-07-26 10:30:37,429 - DEBUG - Loaded collision time for BConcave+BConvex+3700 at IoU 0.8: nan
2025-07-26 10:30:37,430 - DEBUG - Loaded collision time for BConcave+BConvex+3700 at IoU 0.85: nan
2025-07-26 10:30:37,431 - DEBUG - Loaded collision time for BConcave+BConvex+3700 at IoU 0.9: nan
2025-07-26 10:30:37,433 - DEBUG - Loaded collision time for BConcave+BConvex+3700 at IoU 0.95: nan
2025-07-26 10:30:37,433 - INFO - Processing video: BConcave+BConvex+3900_flipped
2025-07-26 10:30:37,433 - INFO - Video BConcave+BConvex+3900_flipped already processed (found segformer_model-BConcave+BConvex+3900_flipped.mp4), skipping video processing...
2025-07-26 10:30:37,438 - INFO - VanillaSegmentationSaver initialized with output dir: /home/projects/bagon/andreyg/Projects/Object_reps_neural/Programming/hugging_face/model_experiments/segformer/exp2TTC_segformer-b5-finetuned-ade-640-640/processed_videos/segformer_model-BConcave+BConvex+3900_flipped/org_segmentation
2025-07-26 10:30:37,440 - INFO - All collision results already exist for BConcave+BConvex+3900_flipped
2025-07-26 10:30:37,441 - DEBUG - Loaded collision time for BConcave+BConvex+3900_flipped at IoU 0.05: nan
2025-07-26 10:30:37,442 - DEBUG - Loaded collision time for BConcave+BConvex+3900_flipped at IoU 0.1: nan
2025-07-26 10:30:37,443 - DEBUG - Loaded collision time for BConcave+BConvex+3900_flipped at IoU 0.15: nan
2025-07-26 10:30:37,445 - DEBUG - Loaded collision time for BConcave+BConvex+3900_flipped at IoU 0.2: nan
2025-07-26 10:30:37,446 - DEBUG - Loaded collision time for BConcave+BConvex+3900_flipped at IoU 0.25: nan
2025-07-26 10:30:37,447 - DEBUG - Loaded collision time for BConcave+BConvex+3900_flipped at IoU 0.3: nan
2025-07-26 10:30:37,448 - DEBUG - Loaded collision time for BConcave+BConvex+3900_flipped at IoU 0.35: nan
2025-07-26 10:30:37,450 - DEBUG - Loaded collision time for BConcave+BConvex+3900_flipped at IoU 0.4: nan
2025-07-26 10:30:37,451 - DEBUG - Loaded collision time for BConcave+BConvex+3900_flipped at IoU 0.45: nan
2025-07-26 10:30:37,452 - DEBUG - Loaded collision time for BConcave+BConvex+3900_flipped at IoU 0.5: nan
2025-07-26 10:30:37,453 - DEBUG - Loaded collision time for BConcave+BConvex+3900_flipped at IoU 0.55: nan
2025-07-26 10:30:37,455 - DEBUG - Loaded collision time for BConcave+BConvex+3900_flipped at IoU 0.6: nan
2025-07-26 10:30:37,456 - DEBUG - Loaded collision time for BConcave+BConvex+3900_flipped at IoU 0.65: nan
2025-07-26 10:30:37,457 - DEBUG - Loaded collision time for BConcave+BConvex+3900_flipped at IoU 0.7: nan
2025-07-26 10:30:37,459 - DEBUG - Loaded collision time for BConcave+BConvex+3900_flipped at IoU 0.75: nan
2025-07-26 10:30:37,460 - DEBUG - Loaded collision time for BConcave+BConvex+3900_flipped at IoU 0.8: nan
2025-07-26 10:30:37,461 - DEBUG - Loaded collision time for BConcave+BConvex+3900_flipped at IoU 0.85: nan
2025-07-26 10:30:37,463 - DEBUG - Loaded collision time for BConcave+BConvex+3900_flipped at IoU 0.9: nan
2025-07-26 10:30:37,464 - DEBUG - Loaded collision time for BConcave+BConvex+3900_flipped at IoU 0.95: nan
2025-07-26 10:30:37,464 - INFO - Processing video: BConcave+BConvex+4100
2025-07-26 10:30:37,464 - INFO - Video BConcave+BConvex+4100 already processed (found segformer_model-BConcave+BConvex+4100.mp4), skipping video processing...
2025-07-26 10:30:37,469 - INFO - VanillaSegmentationSaver initialized with output dir: /home/projects/bagon/andreyg/Projects/Object_reps_neural/Programming/hugging_face/model_experiments/segformer/exp2TTC_segformer-b5-finetuned-ade-640-640/processed_videos/segformer_model-BConcave+BConvex+4100/org_segmentation
2025-07-26 10:30:37,471 - INFO - All collision results already exist for BConcave+BConvex+4100
2025-07-26 10:30:37,473 - DEBUG - Loaded collision time for BConcave+BConvex+4100 at IoU 0.05: 4433.333333333334
2025-07-26 10:30:37,474 - DEBUG - Loaded collision time for BConcave+BConvex+4100 at IoU 0.1: 4583.333333333333
2025-07-26 10:30:37,476 - DEBUG - Loaded collision time for BConcave+BConvex+4100 at IoU 0.15: 4666.666666666667
2025-07-26 10:30:37,477 - DEBUG - Loaded collision time for BConcave+BConvex+4100 at IoU 0.2: nan
2025-07-26 10:30:37,479 - DEBUG - Loaded collision time for BConcave+BConvex+4100 at IoU 0.25: nan
2025-07-26 10:30:37,481 - DEBUG - Loaded collision time for BConcave+BConvex+4100 at IoU 0.3: nan
2025-07-26 10:30:37,482 - DEBUG - Loaded collision time for BConcave+BConvex+4100 at IoU 0.35: nan
2025-07-26 10:30:37,484 - DEBUG - Loaded collision time for BConcave+BConvex+4100 at IoU 0.4: nan
2025-07-26 10:30:37,485 - DEBUG - Loaded collision time for BConcave+BConvex+4100 at IoU 0.45: nan
2025-07-26 10:30:37,487 - DEBUG - Loaded collision time for BConcave+BConvex+4100 at IoU 0.5: nan
2025-07-26 10:30:37,488 - DEBUG - Loaded collision time for BConcave+BConvex+4100 at IoU 0.55: nan
2025-07-26 10:30:37,489 - DEBUG - Loaded collision time for BConcave+BConvex+4100 at IoU 0.6: nan
2025-07-26 10:30:37,491 - DEBUG - Loaded collision time for BConcave+BConvex+4100 at IoU 0.65: nan
2025-07-26 10:30:37,492 - DEBUG - Loaded collision time for BConcave+BConvex+4100 at IoU 0.7: nan
2025-07-26 10:30:37,494 - DEBUG - Loaded collision time for BConcave+BConvex+4100 at IoU 0.75: nan
2025-07-26 10:30:37,495 - DEBUG - Loaded collision time for BConcave+BConvex+4100 at IoU 0.8: nan
2025-07-26 10:30:37,496 - DEBUG - Loaded collision time for BConcave+BConvex+4100 at IoU 0.85: nan
2025-07-26 10:30:37,497 - DEBUG - Loaded collision time for BConcave+BConvex+4100 at IoU 0.9: nan
2025-07-26 10:30:37,499 - DEBUG - Loaded collision time for BConcave+BConvex+4100 at IoU 0.95: nan
2025-07-26 10:30:37,499 - INFO - Processing video: BConcave+BConvex+4300_flipped
2025-07-26 10:30:37,499 - INFO - Video BConcave+BConvex+4300_flipped already processed (found segformer_model-BConcave+BConvex+4300_flipped.mp4), skipping video processing...
2025-07-26 10:30:37,504 - INFO - VanillaSegmentationSaver initialized with output dir: /home/projects/bagon/andreyg/Projects/Object_reps_neural/Programming/hugging_face/model_experiments/segformer/exp2TTC_segformer-b5-finetuned-ade-640-640/processed_videos/segformer_model-BConcave+BConvex+4300_flipped/org_segmentation
2025-07-26 10:30:37,506 - INFO - All collision results already exist for BConcave+BConvex+4300_flipped
2025-07-26 10:30:37,508 - DEBUG - Loaded collision time for BConcave+BConvex+4300_flipped at IoU 0.05: 4633.333333333334
2025-07-26 10:30:37,509 - DEBUG - Loaded collision time for BConcave+BConvex+4300_flipped at IoU 0.1: 4850.0
2025-07-26 10:30:37,510 - DEBUG - Loaded collision time for BConcave+BConvex+4300_flipped at IoU 0.15: 5033.333333333333
2025-07-26 10:30:37,512 - DEBUG - Loaded collision time for BConcave+BConvex+4300_flipped at IoU 0.2: 5200.0
2025-07-26 10:30:37,513 - DEBUG - Loaded collision time for BConcave+BConvex+4300_flipped at IoU 0.25: nan
2025-07-26 10:30:37,514 - DEBUG - Loaded collision time for BConcave+BConvex+4300_flipped at IoU 0.3: nan
2025-07-26 10:30:37,516 - DEBUG - Loaded collision time for BConcave+BConvex+4300_flipped at IoU 0.35: nan
2025-07-26 10:30:37,517 - DEBUG - Loaded collision time for BConcave+BConvex+4300_flipped at IoU 0.4: nan
2025-07-26 10:30:37,518 - DEBUG - Loaded collision time for BConcave+BConvex+4300_flipped at IoU 0.45: nan
2025-07-26 10:30:37,520 - DEBUG - Loaded collision time for BConcave+BConvex+4300_flipped at IoU 0.5: nan
2025-07-26 10:30:37,521 - DEBUG - Loaded collision time for BConcave+BConvex+4300_flipped at IoU 0.55: nan
2025-07-26 10:30:37,522 - DEBUG - Loaded collision time for BConcave+BConvex+4300_flipped at IoU 0.6: nan
2025-07-26 10:30:37,523 - DEBUG - Loaded collision time for BConcave+BConvex+4300_flipped at IoU 0.65: nan
2025-07-26 10:30:37,525 - DEBUG - Loaded collision time for BConcave+BConvex+4300_flipped at IoU 0.7: nan
2025-07-26 10:30:37,526 - DEBUG - Loaded collision time for BConcave+BConvex+4300_flipped at IoU 0.75: nan
2025-07-26 10:30:37,527 - DEBUG - Loaded collision time for BConcave+BConvex+4300_flipped at IoU 0.8: nan
2025-07-26 10:30:37,529 - DEBUG - Loaded collision time for BConcave+BConvex+4300_flipped at IoU 0.85: nan
2025-07-26 10:30:37,530 - DEBUG - Loaded collision time for BConcave+BConvex+4300_flipped at IoU 0.9: nan
2025-07-26 10:30:37,531 - DEBUG - Loaded collision time for BConcave+BConvex+4300_flipped at IoU 0.95: nan
2025-07-26 10:30:37,531 - INFO - Processing video: BConcave+BConvex+4500
2025-07-26 10:30:37,531 - INFO - Video BConcave+BConvex+4500 already processed (found segformer_model-BConcave+BConvex+4500.mp4), skipping video processing...
2025-07-26 10:30:37,536 - INFO - VanillaSegmentationSaver initialized with output dir: /home/projects/bagon/andreyg/Projects/Object_reps_neural/Programming/hugging_face/model_experiments/segformer/exp2TTC_segformer-b5-finetuned-ade-640-640/processed_videos/segformer_model-BConcave+BConvex+4500/org_segmentation
2025-07-26 10:30:37,538 - INFO - All collision results already exist for BConcave+BConvex+4500
2025-07-26 10:30:37,539 - DEBUG - Loaded collision time for BConcave+BConvex+4500 at IoU 0.05: 4816.666666666666
2025-07-26 10:30:37,540 - DEBUG - Loaded collision time for BConcave+BConvex+4500 at IoU 0.1: nan
2025-07-26 10:30:37,542 - DEBUG - Loaded collision time for BConcave+BConvex+4500 at IoU 0.15: nan
2025-07-26 10:30:37,543 - DEBUG - Loaded collision time for BConcave+BConvex+4500 at IoU 0.2: nan
2025-07-26 10:30:37,544 - DEBUG - Loaded collision time for BConcave+BConvex+4500 at IoU 0.25: nan
2025-07-26 10:30:37,545 - DEBUG - Loaded collision time for BConcave+BConvex+4500 at IoU 0.3: nan
2025-07-26 10:30:37,547 - DEBUG - Loaded collision time for BConcave+BConvex+4500 at IoU 0.35: nan
2025-07-26 10:30:37,548 - DEBUG - Loaded collision time for BConcave+BConvex+4500 at IoU 0.4: nan
2025-07-26 10:30:37,549 - DEBUG - Loaded collision time for BConcave+BConvex+4500 at IoU 0.45: nan
2025-07-26 10:30:37,551 - DEBUG - Loaded collision time for BConcave+BConvex+4500 at IoU 0.5: nan
2025-07-26 10:30:37,552 - DEBUG - Loaded collision time for BConcave+BConvex+4500 at IoU 0.55: nan
2025-07-26 10:30:37,554 - DEBUG - Loaded collision time for BConcave+BConvex+4500 at IoU 0.6: nan
2025-07-26 10:30:37,555 - DEBUG - Loaded collision time for BConcave+BConvex+4500 at IoU 0.65: nan
2025-07-26 10:30:37,556 - DEBUG - Loaded collision time for BConcave+BConvex+4500 at IoU 0.7: nan
2025-07-26 10:30:37,558 - DEBUG - Loaded collision time for BConcave+BConvex+4500 at IoU 0.75: nan
2025-07-26 10:30:37,559 - DEBUG - Loaded collision time for BConcave+BConvex+4500 at IoU 0.8: nan
2025-07-26 10:30:37,560 - DEBUG - Loaded collision time for BConcave+BConvex+4500 at IoU 0.85: nan
2025-07-26 10:30:37,562 - DEBUG - Loaded collision time for BConcave+BConvex+4500 at IoU 0.9: nan
2025-07-26 10:30:37,563 - DEBUG - Loaded collision time for BConcave+BConvex+4500 at IoU 0.95: nan
2025-07-26 10:30:37,563 - INFO - Processing video: BConcave+CConcave+3500
2025-07-26 10:30:37,563 - INFO - Video BConcave+CConcave+3500 already processed (found segformer_model-BConcave+CConcave+3500.mp4), skipping video processing...
2025-07-26 10:30:37,568 - INFO - VanillaSegmentationSaver initialized with output dir: /home/projects/bagon/andreyg/Projects/Object_reps_neural/Programming/hugging_face/model_experiments/segformer/exp2TTC_segformer-b5-finetuned-ade-640-640/processed_videos/segformer_model-BConcave+CConcave+3500/org_segmentation
2025-07-26 10:30:37,571 - INFO - All collision results already exist for BConcave+CConcave+3500
2025-07-26 10:30:37,572 - DEBUG - Loaded collision time for BConcave+CConcave+3500 at IoU 0.05: 3483.3333333333335
2025-07-26 10:30:37,573 - DEBUG - Loaded collision time for BConcave+CConcave+3500 at IoU 0.1: 3616.6666666666665
2025-07-26 10:30:37,575 - DEBUG - Loaded collision time for BConcave+CConcave+3500 at IoU 0.15: 3766.6666666666665
2025-07-26 10:30:37,576 - DEBUG - Loaded collision time for BConcave+CConcave+3500 at IoU 0.2: 4000.0
2025-07-26 10:30:37,578 - DEBUG - Loaded collision time for BConcave+CConcave+3500 at IoU 0.25: nan
2025-07-26 10:30:37,580 - DEBUG - Loaded collision time for BConcave+CConcave+3500 at IoU 0.3: nan
2025-07-26 10:30:37,582 - DEBUG - Loaded collision time for BConcave+CConcave+3500 at IoU 0.35: nan
2025-07-26 10:30:37,583 - DEBUG - Loaded collision time for BConcave+CConcave+3500 at IoU 0.4: nan
2025-07-26 10:30:37,585 - DEBUG - Loaded collision time for BConcave+CConcave+3500 at IoU 0.45: nan
2025-07-26 10:30:37,588 - DEBUG - Loaded collision time for BConcave+CConcave+3500 at IoU 0.5: nan
2025-07-26 10:30:37,590 - DEBUG - Loaded collision time for BConcave+CConcave+3500 at IoU 0.55: nan
2025-07-26 10:30:37,591 - DEBUG - Loaded collision time for BConcave+CConcave+3500 at IoU 0.6: nan
2025-07-26 10:30:37,593 - DEBUG - Loaded collision time for BConcave+CConcave+3500 at IoU 0.65: nan
2025-07-26 10:30:37,594 - DEBUG - Loaded collision time for BConcave+CConcave+3500 at IoU 0.7: nan
2025-07-26 10:30:37,596 - DEBUG - Loaded collision time for BConcave+CConcave+3500 at IoU 0.75: nan
2025-07-26 10:30:37,598 - DEBUG - Loaded collision time for BConcave+CConcave+3500 at IoU 0.8: nan
2025-07-26 10:30:37,599 - DEBUG - Loaded collision time for BConcave+CConcave+3500 at IoU 0.85: nan
2025-07-26 10:30:37,601 - DEBUG - Loaded collision time for BConcave+CConcave+3500 at IoU 0.9: nan
2025-07-26 10:30:37,602 - DEBUG - Loaded collision time for BConcave+CConcave+3500 at IoU 0.95: nan
2025-07-26 10:30:37,602 - INFO - Processing video: BConcave+CConcave+3700_flipped
2025-07-26 10:30:37,602 - INFO - Video BConcave+CConcave+3700_flipped already processed (found segformer_model-BConcave+CConcave+3700_flipped.mp4), skipping video processing...
2025-07-26 10:30:37,607 - INFO - VanillaSegmentationSaver initialized with output dir: /home/projects/bagon/andreyg/Projects/Object_reps_neural/Programming/hugging_face/model_experiments/segformer/exp2TTC_segformer-b5-finetuned-ade-640-640/processed_videos/segformer_model-BConcave+CConcave+3700_flipped/org_segmentation
2025-07-26 10:30:37,610 - INFO - All collision results already exist for BConcave+CConcave+3700_flipped
2025-07-26 10:30:37,611 - DEBUG - Loaded collision time for BConcave+CConcave+3700_flipped at IoU 0.05: 3416.6666666666665
2025-07-26 10:30:37,613 - DEBUG - Loaded collision time for BConcave+CConcave+3700_flipped at IoU 0.1: 3416.6666666666665
2025-07-26 10:30:37,614 - DEBUG - Loaded collision time for BConcave+CConcave+3700_flipped at IoU 0.15: 3800.0
2025-07-26 10:30:37,616 - DEBUG - Loaded collision time for BConcave+CConcave+3700_flipped at IoU 0.2: 3966.666666666667
2025-07-26 10:30:37,617 - DEBUG - Loaded collision time for BConcave+CConcave+3700_flipped at IoU 0.25: 4016.6666666666665
2025-07-26 10:30:37,619 - DEBUG - Loaded collision time for BConcave+CConcave+3700_flipped at IoU 0.3: nan
2025-07-26 10:30:37,620 - DEBUG - Loaded collision time for BConcave+CConcave+3700_flipped at IoU 0.35: nan
2025-07-26 10:30:37,621 - DEBUG - Loaded collision time for BConcave+CConcave+3700_flipped at IoU 0.4: nan
2025-07-26 10:30:37,623 - DEBUG - Loaded collision time for BConcave+CConcave+3700_flipped at IoU 0.45: nan
2025-07-26 10:30:37,624 - DEBUG - Loaded collision time for BConcave+CConcave+3700_flipped at IoU 0.5: nan
2025-07-26 10:30:37,626 - DEBUG - Loaded collision time for BConcave+CConcave+3700_flipped at IoU 0.55: nan
2025-07-26 10:30:37,627 - DEBUG - Loaded collision time for BConcave+CConcave+3700_flipped at IoU 0.6: nan
2025-07-26 10:30:37,628 - DEBUG - Loaded collision time for BConcave+CConcave+3700_flipped at IoU 0.65: nan
2025-07-26 10:30:37,630 - DEBUG - Loaded collision time for BConcave+CConcave+3700_flipped at IoU 0.7: nan
2025-07-26 10:30:37,631 - DEBUG - Loaded collision time for BConcave+CConcave+3700_flipped at IoU 0.75: nan
2025-07-26 10:30:37,633 - DEBUG - Loaded collision time for BConcave+CConcave+3700_flipped at IoU 0.8: nan
2025-07-26 10:30:37,634 - DEBUG - Loaded collision time for BConcave+CConcave+3700_flipped at IoU 0.85: nan
2025-07-26 10:30:37,635 - DEBUG - Loaded collision time for BConcave+CConcave+3700_flipped at IoU 0.9: nan
2025-07-26 10:30:37,637 - DEBUG - Loaded collision time for BConcave+CConcave+3700_flipped at IoU 0.95: nan
2025-07-26 10:30:37,637 - INFO - Processing video: BConcave+CConcave+3900
2025-07-26 10:30:37,637 - INFO - Video BConcave+CConcave+3900 already processed (found segformer_model-BConcave+CConcave+3900.mp4), skipping video processing...
2025-07-26 10:30:37,642 - INFO - VanillaSegmentationSaver initialized with output dir: /home/projects/bagon/andreyg/Projects/Object_reps_neural/Programming/hugging_face/model_experiments/segformer/exp2TTC_segformer-b5-finetuned-ade-640-640/processed_videos/segformer_model-BConcave+CConcave+3900/org_segmentation
2025-07-26 10:30:37,645 - INFO - All collision results already exist for BConcave+CConcave+3900
2025-07-26 10:30:37,646 - DEBUG - Loaded collision time for BConcave+CConcave+3900 at IoU 0.05: 4016.6666666666665
2025-07-26 10:30:37,648 - DEBUG - Loaded collision time for BConcave+CConcave+3900 at IoU 0.1: 4116.666666666666
2025-07-26 10:30:37,650 - DEBUG - Loaded collision time for BConcave+CConcave+3900 at IoU 0.15: 4233.333333333333
2025-07-26 10:30:37,651 - DEBUG - Loaded collision time for BConcave+CConcave+3900 at IoU 0.2: 4300.0
2025-07-26 10:30:37,653 - DEBUG - Loaded collision time for BConcave+CConcave+3900 at IoU 0.25: 4383.333333333334
2025-07-26 10:30:37,654 - DEBUG - Loaded collision time for BConcave+CConcave+3900 at IoU 0.3: 4466.666666666667
2025-07-26 10:30:37,656 - DEBUG - Loaded collision time for BConcave+CConcave+3900 at IoU 0.35: nan
2025-07-26 10:30:37,657 - DEBUG - Loaded collision time for BConcave+CConcave+3900 at IoU 0.4: nan
2025-07-26 10:30:37,659 - DEBUG - Loaded collision time for BConcave+CConcave+3900 at IoU 0.45: nan
2025-07-26 10:30:37,660 - DEBUG - Loaded collision time for BConcave+CConcave+3900 at IoU 0.5: nan
2025-07-26 10:30:37,662 - DEBUG - Loaded collision time for BConcave+CConcave+3900 at IoU 0.55: nan
2025-07-26 10:30:37,663 - DEBUG - Loaded collision time for BConcave+CConcave+3900 at IoU 0.6: nan
2025-07-26 10:30:37,665 - DEBUG - Loaded collision time for BConcave+CConcave+3900 at IoU 0.65: nan
2025-07-26 10:30:37,666 - DEBUG - Loaded collision time for BConcave+CConcave+3900 at IoU 0.7: nan
2025-07-26 10:30:37,667 - DEBUG - Loaded collision time for BConcave+CConcave+3900 at IoU 0.75: nan
2025-07-26 10:30:37,669 - DEBUG - Loaded collision time for BConcave+CConcave+3900 at IoU 0.8: nan
2025-07-26 10:30:37,670 - DEBUG - Loaded collision time for BConcave+CConcave+3900 at IoU 0.85: nan
2025-07-26 10:30:37,672 - DEBUG - Loaded collision time for BConcave+CConcave+3900 at IoU 0.9: nan
2025-07-26 10:30:37,673 - DEBUG - Loaded collision time for BConcave+CConcave+3900 at IoU 0.95: nan
2025-07-26 10:30:37,673 - INFO - Processing video: BConcave+CConcave+4100_flipped
2025-07-26 10:30:37,674 - INFO - Video BConcave+CConcave+4100_flipped already processed (found segformer_model-BConcave+CConcave+4100_flipped.mp4), skipping video processing...
2025-07-26 10:30:37,678 - INFO - VanillaSegmentationSaver initialized with output dir: /home/projects/bagon/andreyg/Projects/Object_reps_neural/Programming/hugging_face/model_experiments/segformer/exp2TTC_segformer-b5-finetuned-ade-640-640/processed_videos/segformer_model-BConcave+CConcave+4100_flipped/org_segmentation
2025-07-26 10:30:37,681 - INFO - All collision results already exist for BConcave+CConcave+4100_flipped
2025-07-26 10:30:37,683 - DEBUG - Loaded collision time for BConcave+CConcave+4100_flipped at IoU 0.05: 4250.0
2025-07-26 10:30:37,684 - DEBUG - Loaded collision time for BConcave+CConcave+4100_flipped at IoU 0.1: 4350.0
2025-07-26 10:30:37,686 - DEBUG - Loaded collision time for BConcave+CConcave+4100_flipped at IoU 0.15: 4466.666666666667
2025-07-26 10:30:37,687 - DEBUG - Loaded collision time for BConcave+CConcave+4100_flipped at IoU 0.2: 4550.0
2025-07-26 10:30:37,688 - DEBUG - Loaded collision time for BConcave+CConcave+4100_flipped at IoU 0.25: 4650.0
2025-07-26 10:30:37,690 - DEBUG - Loaded collision time for BConcave+CConcave+4100_flipped at IoU 0.3: 4833.333333333333
2025-07-26 10:30:37,692 - DEBUG - Loaded collision time for BConcave+CConcave+4100_flipped at IoU 0.35: nan
2025-07-26 10:30:37,693 - DEBUG - Loaded collision time for BConcave+CConcave+4100_flipped at IoU 0.4: nan
2025-07-26 10:30:37,695 - DEBUG - Loaded collision time for BConcave+CConcave+4100_flipped at IoU 0.45: nan
2025-07-26 10:30:37,699 - DEBUG - Loaded collision time for BConcave+CConcave+4100_flipped at IoU 0.5: nan
2025-07-26 10:30:37,701 - DEBUG - Loaded collision time for BConcave+CConcave+4100_flipped at IoU 0.55: nan
2025-07-26 10:30:37,702 - DEBUG - Loaded collision time for BConcave+CConcave+4100_flipped at IoU 0.6: nan
2025-07-26 10:30:37,704 - DEBUG - Loaded collision time for BConcave+CConcave+4100_flipped at IoU 0.65: nan
2025-07-26 10:30:37,705 - DEBUG - Loaded collision time for BConcave+CConcave+4100_flipped at IoU 0.7: nan
2025-07-26 10:30:37,707 - DEBUG - Loaded collision time for BConcave+CConcave+4100_flipped at IoU 0.75: nan
2025-07-26 10:30:37,708 - DEBUG - Loaded collision time for BConcave+CConcave+4100_flipped at IoU 0.8: nan
2025-07-26 10:30:37,710 - DEBUG - Loaded collision time for BConcave+CConcave+4100_flipped at IoU 0.85: nan
2025-07-26 10:30:37,711 - DEBUG - Loaded collision time for BConcave+CConcave+4100_flipped at IoU 0.9: nan
2025-07-26 10:30:37,713 - DEBUG - Loaded collision time for BConcave+CConcave+4100_flipped at IoU 0.95: nan
2025-07-26 10:30:37,713 - INFO - Processing video: BConcave+CConcave+4300
2025-07-26 10:30:37,713 - INFO - Video BConcave+CConcave+4300 already processed (found segformer_model-BConcave+CConcave+4300.mp4), skipping video processing...
2025-07-26 10:30:37,718 - INFO - VanillaSegmentationSaver initialized with output dir: /home/projects/bagon/andreyg/Projects/Object_reps_neural/Programming/hugging_face/model_experiments/segformer/exp2TTC_segformer-b5-finetuned-ade-640-640/processed_videos/segformer_model-BConcave+CConcave+4300/org_segmentation
2025-07-26 10:30:37,721 - INFO - All collision results already exist for BConcave+CConcave+4300
2025-07-26 10:30:37,722 - DEBUG - Loaded collision time for BConcave+CConcave+4300 at IoU 0.05: 4483.333333333333
2025-07-26 10:30:37,724 - DEBUG - Loaded collision time for BConcave+CConcave+4300 at IoU 0.1: 4600.0
2025-07-26 10:30:37,725 - DEBUG - Loaded collision time for BConcave+CConcave+4300 at IoU 0.15: 4683.333333333334
2025-07-26 10:30:37,727 - DEBUG - Loaded collision time for BConcave+CConcave+4300 at IoU 0.2: 4766.666666666667
2025-07-26 10:30:37,728 - DEBUG - Loaded collision time for BConcave+CConcave+4300 at IoU 0.25: 4850.0
2025-07-26 10:30:37,730 - DEBUG - Loaded collision time for BConcave+CConcave+4300 at IoU 0.3: 4950.0
2025-07-26 10:30:37,732 - DEBUG - Loaded collision time for BConcave+CConcave+4300 at IoU 0.35: 5100.0
2025-07-26 10:30:37,733 - DEBUG - Loaded collision time for BConcave+CConcave+4300 at IoU 0.4: nan
2025-07-26 10:30:37,735 - DEBUG - Loaded collision time for BConcave+CConcave+4300 at IoU 0.45: nan
2025-07-26 10:30:37,736 - DEBUG - Loaded collision time for BConcave+CConcave+4300 at IoU 0.5: nan
2025-07-26 10:30:37,738 - DEBUG - Loaded collision time for BConcave+CConcave+4300 at IoU 0.55: nan
2025-07-26 10:30:37,739 - DEBUG - Loaded collision time for BConcave+CConcave+4300 at IoU 0.6: nan
2025-07-26 10:30:37,741 - DEBUG - Loaded collision time for BConcave+CConcave+4300 at IoU 0.65: nan
2025-07-26 10:30:37,742 - DEBUG - Loaded collision time for BConcave+CConcave+4300 at IoU 0.7: nan
2025-07-26 10:30:37,743 - DEBUG - Loaded collision time for BConcave+CConcave+4300 at IoU 0.75: nan
2025-07-26 10:30:37,745 - DEBUG - Loaded collision time for BConcave+CConcave+4300 at IoU 0.8: nan
2025-07-26 10:30:37,746 - DEBUG - Loaded collision time for BConcave+CConcave+4300 at IoU 0.85: nan
2025-07-26 10:30:37,748 - DEBUG - Loaded collision time for BConcave+CConcave+4300 at IoU 0.9: nan
2025-07-26 10:30:37,749 - DEBUG - Loaded collision time for BConcave+CConcave+4300 at IoU 0.95: nan
2025-07-26 10:30:37,750 - INFO - Processing video: BConcave+CConcave+4500_flipped
2025-07-26 10:30:37,750 - INFO - Video BConcave+CConcave+4500_flipped already processed (found segformer_model-BConcave+CConcave+4500_flipped.mp4), skipping video processing...
2025-07-26 10:30:37,755 - INFO - VanillaSegmentationSaver initialized with output dir: /home/projects/bagon/andreyg/Projects/Object_reps_neural/Programming/hugging_face/model_experiments/segformer/exp2TTC_segformer-b5-finetuned-ade-640-640/processed_videos/segformer_model-BConcave+CConcave+4500_flipped/org_segmentation
2025-07-26 10:30:37,757 - INFO - All collision results already exist for BConcave+CConcave+4500_flipped
2025-07-26 10:30:37,759 - DEBUG - Loaded collision time for BConcave+CConcave+4500_flipped at IoU 0.05: 4683.333333333334
2025-07-26 10:30:37,760 - DEBUG - Loaded collision time for BConcave+CConcave+4500_flipped at IoU 0.1: 4800.0
2025-07-26 10:30:37,762 - DEBUG - Loaded collision time for BConcave+CConcave+4500_flipped at IoU 0.15: 4866.666666666666
2025-07-26 10:30:37,763 - DEBUG - Loaded collision time for BConcave+CConcave+4500_flipped at IoU 0.2: 4966.666666666667
2025-07-26 10:30:37,765 - DEBUG - Loaded collision time for BConcave+CConcave+4500_flipped at IoU 0.25: 5033.333333333333
2025-07-26 10:30:37,766 - DEBUG - Loaded collision time for BConcave+CConcave+4500_flipped at IoU 0.3: 5116.666666666666
2025-07-26 10:30:37,767 - DEBUG - Loaded collision time for BConcave+CConcave+4500_flipped at IoU 0.35: 5316.666666666666
2025-07-26 10:30:37,769 - DEBUG - Loaded collision time for BConcave+CConcave+4500_flipped at IoU 0.4: nan
2025-07-26 10:30:37,770 - DEBUG - Loaded collision time for BConcave+CConcave+4500_flipped at IoU 0.45: nan
2025-07-26 10:30:37,772 - DEBUG - Loaded collision time for BConcave+CConcave+4500_flipped at IoU 0.5: nan
2025-07-26 10:30:37,773 - DEBUG - Loaded collision time for BConcave+CConcave+4500_flipped at IoU 0.55: nan
2025-07-26 10:30:37,775 - DEBUG - Loaded collision time for BConcave+CConcave+4500_flipped at IoU 0.6: nan
2025-07-26 10:30:37,776 - DEBUG - Loaded collision time for BConcave+CConcave+4500_flipped at IoU 0.65: nan
2025-07-26 10:30:37,778 - DEBUG - Loaded collision time for BConcave+CConcave+4500_flipped at IoU 0.7: nan
2025-07-26 10:30:37,779 - DEBUG - Loaded collision time for BConcave+CConcave+4500_flipped at IoU 0.75: nan
2025-07-26 10:30:37,780 - DEBUG - Loaded collision time for BConcave+CConcave+4500_flipped at IoU 0.8: nan
2025-07-26 10:30:37,782 - DEBUG - Loaded collision time for BConcave+CConcave+4500_flipped at IoU 0.85: nan
2025-07-26 10:30:37,784 - DEBUG - Loaded collision time for BConcave+CConcave+4500_flipped at IoU 0.9: nan
2025-07-26 10:30:37,785 - DEBUG - Loaded collision time for BConcave+CConcave+4500_flipped at IoU 0.95: nan
2025-07-26 10:30:37,785 - INFO - Processing video: BConcave+CConvex+3500_flipped
2025-07-26 10:30:37,785 - INFO - Video BConcave+CConvex+3500_flipped already processed (found segformer_model-BConcave+CConvex+3500_flipped.mp4), skipping video processing...
2025-07-26 10:30:37,791 - INFO - VanillaSegmentationSaver initialized with output dir: /home/projects/bagon/andreyg/Projects/Object_reps_neural/Programming/hugging_face/model_experiments/segformer/exp2TTC_segformer-b5-finetuned-ade-640-640/processed_videos/segformer_model-BConcave+CConvex+3500_flipped/org_segmentation
2025-07-26 10:30:37,793 - INFO - All collision results already exist for BConcave+CConvex+3500_flipped
2025-07-26 10:30:37,795 - DEBUG - Loaded collision time for BConcave+CConvex+3500_flipped at IoU 0.05: nan
2025-07-26 10:30:37,796 - DEBUG - Loaded collision time for BConcave+CConvex+3500_flipped at IoU 0.1: nan
2025-07-26 10:30:37,797 - DEBUG - Loaded collision time for BConcave+CConvex+3500_flipped at IoU 0.15: nan
2025-07-26 10:30:37,799 - DEBUG - Loaded collision time for BConcave+CConvex+3500_flipped at IoU 0.2: nan
2025-07-26 10:30:37,800 - DEBUG - Loaded collision time for BConcave+CConvex+3500_flipped at IoU 0.25: nan
2025-07-26 10:30:37,801 - DEBUG - Loaded collision time for BConcave+CConvex+3500_flipped at IoU 0.3: nan
2025-07-26 10:30:37,802 - DEBUG - Loaded collision time for BConcave+CConvex+3500_flipped at IoU 0.35: nan
2025-07-26 10:30:37,804 - DEBUG - Loaded collision time for BConcave+CConvex+3500_flipped at IoU 0.4: nan
2025-07-26 10:30:37,805 - DEBUG - Loaded collision time for BConcave+CConvex+3500_flipped at IoU 0.45: nan
2025-07-26 10:30:37,807 - DEBUG - Loaded collision time for BConcave+CConvex+3500_flipped at IoU 0.5: nan
2025-07-26 10:30:37,808 - DEBUG - Loaded collision time for BConcave+CConvex+3500_flipped at IoU 0.55: nan
2025-07-26 10:30:37,809 - DEBUG - Loaded collision time for BConcave+CConvex+3500_flipped at IoU 0.6: nan
2025-07-26 10:30:37,811 - DEBUG - Loaded collision time for BConcave+CConvex+3500_flipped at IoU 0.65: nan
2025-07-26 10:30:37,812 - DEBUG - Loaded collision time for BConcave+CConvex+3500_flipped at IoU 0.7: nan
2025-07-26 10:30:37,813 - DEBUG - Loaded collision time for BConcave+CConvex+3500_flipped at IoU 0.75: nan
2025-07-26 10:30:37,815 - DEBUG - Loaded collision time for BConcave+CConvex+3500_flipped at IoU 0.8: nan
2025-07-26 10:30:37,816 - DEBUG - Loaded collision time for BConcave+CConvex+3500_flipped at IoU 0.85: nan
2025-07-26 10:30:37,817 - DEBUG - Loaded collision time for BConcave+CConvex+3500_flipped at IoU 0.9: nan
2025-07-26 10:30:37,819 - DEBUG - Loaded collision time for BConcave+CConvex+3500_flipped at IoU 0.95: nan
2025-07-26 10:30:37,819 - INFO - Processing video: BConcave+CConvex+3700
2025-07-26 10:30:37,819 - INFO - Video BConcave+CConvex+3700 already processed (found segformer_model-BConcave+CConvex+3700.mp4), skipping video processing...
2025-07-26 10:30:37,823 - INFO - VanillaSegmentationSaver initialized with output dir: /home/projects/bagon/andreyg/Projects/Object_reps_neural/Programming/hugging_face/model_experiments/segformer/exp2TTC_segformer-b5-finetuned-ade-640-640/processed_videos/segformer_model-BConcave+CConvex+3700/org_segmentation
2025-07-26 10:30:37,826 - INFO - All collision results already exist for BConcave+CConvex+3700
2025-07-26 10:30:37,827 - DEBUG - Loaded collision time for BConcave+CConvex+3700 at IoU 0.05: 3966.666666666667
2025-07-26 10:30:37,828 - DEBUG - Loaded collision time for BConcave+CConvex+3700 at IoU 0.1: 4100.0
2025-07-26 10:30:37,830 - DEBUG - Loaded collision time for BConcave+CConvex+3700 at IoU 0.15: 4200.0
2025-07-26 10:30:37,831 - DEBUG - Loaded collision time for BConcave+CConvex+3700 at IoU 0.2: 4266.666666666667
2025-07-26 10:30:37,832 - DEBUG - Loaded collision time for BConcave+CConvex+3700 at IoU 0.25: 4333.333333333333
2025-07-26 10:30:37,834 - DEBUG - Loaded collision time for BConcave+CConvex+3700 at IoU 0.3: 4416.666666666667
2025-07-26 10:30:37,835 - DEBUG - Loaded collision time for BConcave+CConvex+3700 at IoU 0.35: 4500.0
2025-07-26 10:30:37,836 - DEBUG - Loaded collision time for BConcave+CConvex+3700 at IoU 0.4: 4666.666666666667
2025-07-26 10:30:37,838 - DEBUG - Loaded collision time for BConcave+CConvex+3700 at IoU 0.45: nan
2025-07-26 10:30:37,839 - DEBUG - Loaded collision time for BConcave+CConvex+3700 at IoU 0.5: nan
2025-07-26 10:30:37,841 - DEBUG - Loaded collision time for BConcave+CConvex+3700 at IoU 0.55: nan
2025-07-26 10:30:37,842 - DEBUG - Loaded collision time for BConcave+CConvex+3700 at IoU 0.6: nan
2025-07-26 10:30:37,843 - DEBUG - Loaded collision time for BConcave+CConvex+3700 at IoU 0.65: nan
2025-07-26 10:30:37,845 - DEBUG - Loaded collision time for BConcave+CConvex+3700 at IoU 0.7: nan
2025-07-26 10:30:37,846 - DEBUG - Loaded collision time for BConcave+CConvex+3700 at IoU 0.75: nan
2025-07-26 10:30:37,849 - DEBUG - Loaded collision time for BConcave+CConvex+3700 at IoU 0.8: nan
2025-07-26 10:30:37,850 - DEBUG - Loaded collision time for BConcave+CConvex+3700 at IoU 0.85: nan
2025-07-26 10:30:37,851 - DEBUG - Loaded collision time for BConcave+CConvex+3700 at IoU 0.9: nan
2025-07-26 10:30:37,852 - DEBUG - Loaded collision time for BConcave+CConvex+3700 at IoU 0.95: nan
2025-07-26 10:30:37,853 - INFO - Processing video: BConcave+CConvex+3900_flipped
2025-07-26 10:30:37,853 - INFO - Video BConcave+CConvex+3900_flipped already processed (found segformer_model-BConcave+CConvex+3900_flipped.mp4), skipping video processing...
2025-07-26 10:30:37,857 - INFO - VanillaSegmentationSaver initialized with output dir: /home/projects/bagon/andreyg/Projects/Object_reps_neural/Programming/hugging_face/model_experiments/segformer/exp2TTC_segformer-b5-finetuned-ade-640-640/processed_videos/segformer_model-BConcave+CConvex+3900_flipped/org_segmentation
2025-07-26 10:30:37,860 - INFO - All collision results already exist for BConcave+CConvex+3900_flipped
2025-07-26 10:30:37,861 - DEBUG - Loaded collision time for BConcave+CConvex+3900_flipped at IoU 0.05: 4150.0
2025-07-26 10:30:37,862 - DEBUG - Loaded collision time for BConcave+CConvex+3900_flipped at IoU 0.1: 4283.333333333333
2025-07-26 10:30:37,863 - DEBUG - Loaded collision time for BConcave+CConvex+3900_flipped at IoU 0.15: 4400.0
2025-07-26 10:30:37,865 - DEBUG - Loaded collision time for BConcave+CConvex+3900_flipped at IoU 0.2: 4483.333333333333
2025-07-26 10:30:37,866 - DEBUG - Loaded collision time for BConcave+CConvex+3900_flipped at IoU 0.25: 4550.0
2025-07-26 10:30:37,867 - DEBUG - Loaded collision time for BConcave+CConvex+3900_flipped at IoU 0.3: 4616.666666666666
2025-07-26 10:30:37,869 - DEBUG - Loaded collision time for BConcave+CConvex+3900_flipped at IoU 0.35: 4716.666666666667
2025-07-26 10:30:37,870 - DEBUG - Loaded collision time for BConcave+CConvex+3900_flipped at IoU 0.4: nan
2025-07-26 10:30:37,872 - DEBUG - Loaded collision time for BConcave+CConvex+3900_flipped at IoU 0.45: nan
2025-07-26 10:30:37,873 - DEBUG - Loaded collision time for BConcave+CConvex+3900_flipped at IoU 0.5: nan
2025-07-26 10:30:37,874 - DEBUG - Loaded collision time for BConcave+CConvex+3900_flipped at IoU 0.55: nan
2025-07-26 10:30:37,876 - DEBUG - Loaded collision time for BConcave+CConvex+3900_flipped at IoU 0.6: nan
2025-07-26 10:30:37,877 - DEBUG - Loaded collision time for BConcave+CConvex+3900_flipped at IoU 0.65: nan
2025-07-26 10:30:37,878 - DEBUG - Loaded collision time for BConcave+CConvex+3900_flipped at IoU 0.7: nan
2025-07-26 10:30:37,880 - DEBUG - Loaded collision time for BConcave+CConvex+3900_flipped at IoU 0.75: nan
2025-07-26 10:30:37,881 - DEBUG - Loaded collision time for BConcave+CConvex+3900_flipped at IoU 0.8: nan
2025-07-26 10:30:37,882 - DEBUG - Loaded collision time for BConcave+CConvex+3900_flipped at IoU 0.85: nan
2025-07-26 10:30:37,884 - DEBUG - Loaded collision time for BConcave+CConvex+3900_flipped at IoU 0.9: nan
2025-07-26 10:30:37,885 - DEBUG - Loaded collision time for BConcave+CConvex+3900_flipped at IoU 0.95: nan
2025-07-26 10:30:37,885 - INFO - Processing video: BConcave+CConvex+4100
2025-07-26 10:30:37,885 - INFO - Video BConcave+CConvex+4100 already processed (found segformer_model-BConcave+CConvex+4100.mp4), skipping video processing...
2025-07-26 10:30:37,889 - INFO - VanillaSegmentationSaver initialized with output dir: /home/projects/bagon/andreyg/Projects/Object_reps_neural/Programming/hugging_face/model_experiments/segformer/exp2TTC_segformer-b5-finetuned-ade-640-640/processed_videos/segformer_model-BConcave+CConvex+4100/org_segmentation
2025-07-26 10:30:37,891 - INFO - All collision results already exist for BConcave+CConvex+4100
2025-07-26 10:30:37,893 - DEBUG - Loaded collision time for BConcave+CConvex+4100 at IoU 0.05: 4416.666666666667
2025-07-26 10:30:37,894 - DEBUG - Loaded collision time for BConcave+CConvex+4100 at IoU 0.1: 4550.0
2025-07-26 10:30:37,895 - DEBUG - Loaded collision time for BConcave+CConvex+4100 at IoU 0.15: 4633.333333333334
2025-07-26 10:30:37,896 - DEBUG - Loaded collision time for BConcave+CConvex+4100 at IoU 0.2: 4700.0
2025-07-26 10:30:37,898 - DEBUG - Loaded collision time for BConcave+CConvex+4100 at IoU 0.25: 4766.666666666667
2025-07-26 10:30:37,899 - DEBUG - Loaded collision time for BConcave+CConvex+4100 at IoU 0.3: 4933.333333333334
2025-07-26 10:30:37,900 - DEBUG - Loaded collision time for BConcave+CConvex+4100 at IoU 0.35: nan
2025-07-26 10:30:37,902 - DEBUG - Loaded collision time for BConcave+CConvex+4100 at IoU 0.4: nan
2025-07-26 10:30:37,903 - DEBUG - Loaded collision time for BConcave+CConvex+4100 at IoU 0.45: nan
2025-07-26 10:30:37,904 - DEBUG - Loaded collision time for BConcave+CConvex+4100 at IoU 0.5: nan
2025-07-26 10:30:37,906 - DEBUG - Loaded collision time for BConcave+CConvex+4100 at IoU 0.55: nan
2025-07-26 10:30:37,907 - DEBUG - Loaded collision time for BConcave+CConvex+4100 at IoU 0.6: nan
2025-07-26 10:30:37,908 - DEBUG - Loaded collision time for BConcave+CConvex+4100 at IoU 0.65: nan
2025-07-26 10:30:37,910 - DEBUG - Loaded collision time for BConcave+CConvex+4100 at IoU 0.7: nan
2025-07-26 10:30:37,911 - DEBUG - Loaded collision time for BConcave+CConvex+4100 at IoU 0.75: nan
2025-07-26 10:30:37,912 - DEBUG - Loaded collision time for BConcave+CConvex+4100 at IoU 0.8: nan
2025-07-26 10:30:37,914 - DEBUG - Loaded collision time for BConcave+CConvex+4100 at IoU 0.85: nan
2025-07-26 10:30:37,915 - DEBUG - Loaded collision time for BConcave+CConvex+4100 at IoU 0.9: nan
2025-07-26 10:30:37,916 - DEBUG - Loaded collision time for BConcave+CConvex+4100 at IoU 0.95: nan
2025-07-26 10:30:37,916 - INFO - Processing video: BConcave+CConvex+4300_flipped
2025-07-26 10:30:37,917 - INFO - Video BConcave+CConvex+4300_flipped already processed (found segformer_model-BConcave+CConvex+4300_flipped.mp4), skipping video processing...
2025-07-26 10:30:37,921 - INFO - VanillaSegmentationSaver initialized with output dir: /home/projects/bagon/andreyg/Projects/Object_reps_neural/Programming/hugging_face/model_experiments/segformer/exp2TTC_segformer-b5-finetuned-ade-640-640/processed_videos/segformer_model-BConcave+CConvex+4300_flipped/org_segmentation
2025-07-26 10:30:37,923 - INFO - All collision results already exist for BConcave+CConvex+4300_flipped
2025-07-26 10:30:37,925 - DEBUG - Loaded collision time for BConcave+CConvex+4300_flipped at IoU 0.05: 4550.0
2025-07-26 10:30:37,926 - DEBUG - Loaded collision time for BConcave+CConvex+4300_flipped at IoU 0.1: 4666.666666666667
2025-07-26 10:30:37,927 - DEBUG - Loaded collision time for BConcave+CConvex+4300_flipped at IoU 0.15: 4766.666666666667
2025-07-26 10:30:37,929 - DEBUG - Loaded collision time for BConcave+CConvex+4300_flipped at IoU 0.2: 4850.0
2025-07-26 10:30:37,930 - DEBUG - Loaded collision time for BConcave+CConvex+4300_flipped at IoU 0.25: 4933.333333333334
2025-07-26 10:30:37,931 - DEBUG - Loaded collision time for BConcave+CConvex+4300_flipped at IoU 0.3: 5050.0
2025-07-26 10:30:37,933 - DEBUG - Loaded collision time for BConcave+CConvex+4300_flipped at IoU 0.35: nan
2025-07-26 10:30:37,935 - DEBUG - Loaded collision time for BConcave+CConvex+4300_flipped at IoU 0.4: nan
2025-07-26 10:30:37,937 - DEBUG - Loaded collision time for BConcave+CConvex+4300_flipped at IoU 0.45: nan
2025-07-26 10:30:37,938 - DEBUG - Loaded collision time for BConcave+CConvex+4300_flipped at IoU 0.5: nan
2025-07-26 10:30:37,940 - DEBUG - Loaded collision time for BConcave+CConvex+4300_flipped at IoU 0.55: nan
2025-07-26 10:30:37,941 - DEBUG - Loaded collision time for BConcave+CConvex+4300_flipped at IoU 0.6: nan
2025-07-26 10:30:37,942 - DEBUG - Loaded collision time for BConcave+CConvex+4300_flipped at IoU 0.65: nan
2025-07-26 10:30:37,944 - DEBUG - Loaded collision time for BConcave+CConvex+4300_flipped at IoU 0.7: nan
2025-07-26 10:30:37,945 - DEBUG - Loaded collision time for BConcave+CConvex+4300_flipped at IoU 0.75: nan
2025-07-26 10:30:37,946 - DEBUG - Loaded collision time for BConcave+CConvex+4300_flipped at IoU 0.8: nan
2025-07-26 10:30:37,948 - DEBUG - Loaded collision time for BConcave+CConvex+4300_flipped at IoU 0.85: nan
2025-07-26 10:30:37,949 - DEBUG - Loaded collision time for BConcave+CConvex+4300_flipped at IoU 0.9: nan
2025-07-26 10:30:37,950 - DEBUG - Loaded collision time for BConcave+CConvex+4300_flipped at IoU 0.95: nan
2025-07-26 10:30:37,950 - INFO - Processing video: BConcave+CConvex+4500
2025-07-26 10:30:37,951 - INFO - Video BConcave+CConvex+4500 already processed (found segformer_model-BConcave+CConvex+4500.mp4), skipping video processing...
2025-07-26 10:30:37,955 - INFO - VanillaSegmentationSaver initialized with output dir: /home/projects/bagon/andreyg/Projects/Object_reps_neural/Programming/hugging_face/model_experiments/segformer/exp2TTC_segformer-b5-finetuned-ade-640-640/processed_videos/segformer_model-BConcave+CConvex+4500/org_segmentation
2025-07-26 10:30:37,957 - INFO - All collision results already exist for BConcave+CConvex+4500
2025-07-26 10:30:37,959 - DEBUG - Loaded collision time for BConcave+CConvex+4500 at IoU 0.05: 4766.666666666667
2025-07-26 10:30:37,960 - DEBUG - Loaded collision time for BConcave+CConvex+4500 at IoU 0.1: 4900.0
2025-07-26 10:30:37,962 - DEBUG - Loaded collision time for BConcave+CConvex+4500 at IoU 0.15: 5000.0
2025-07-26 10:30:37,963 - DEBUG - Loaded collision time for BConcave+CConvex+4500 at IoU 0.2: 5083.333333333333
2025-07-26 10:30:37,964 - DEBUG - Loaded collision time for BConcave+CConvex+4500 at IoU 0.25: 5150.0
2025-07-26 10:30:37,966 - DEBUG - Loaded collision time for BConcave+CConvex+4500 at IoU 0.3: 5216.666666666667
2025-07-26 10:30:37,967 - DEBUG - Loaded collision time for BConcave+CConvex+4500 at IoU 0.35: 5316.666666666666
2025-07-26 10:30:37,968 - DEBUG - Loaded collision time for BConcave+CConvex+4500 at IoU 0.4: nan
2025-07-26 10:30:37,970 - DEBUG - Loaded collision time for BConcave+CConvex+4500 at IoU 0.45: nan
2025-07-26 10:30:37,971 - DEBUG - Loaded collision time for BConcave+CConvex+4500 at IoU 0.5: nan
2025-07-26 10:30:37,972 - DEBUG - Loaded collision time for BConcave+CConvex+4500 at IoU 0.55: nan
2025-07-26 10:30:37,974 - DEBUG - Loaded collision time for BConcave+CConvex+4500 at IoU 0.6: nan
2025-07-26 10:30:37,975 - DEBUG - Loaded collision time for BConcave+CConvex+4500 at IoU 0.65: nan
2025-07-26 10:30:37,976 - DEBUG - Loaded collision time for BConcave+CConvex+4500 at IoU 0.7: nan
2025-07-26 10:30:37,978 - DEBUG - Loaded collision time for BConcave+CConvex+4500 at IoU 0.75: nan
2025-07-26 10:30:37,979 - DEBUG - Loaded collision time for BConcave+CConvex+4500 at IoU 0.8: nan
2025-07-26 10:30:37,981 - DEBUG - Loaded collision time for BConcave+CConvex+4500 at IoU 0.85: nan
2025-07-26 10:30:37,982 - DEBUG - Loaded collision time for BConcave+CConvex+4500 at IoU 0.9: nan
2025-07-26 10:30:37,984 - DEBUG - Loaded collision time for BConcave+CConvex+4500 at IoU 0.95: nan
2025-07-26 10:30:37,984 - INFO - Processing video: BConcave+DConcave+3500
2025-07-26 10:30:37,984 - INFO - Video BConcave+DConcave+3500 already processed (found segformer_model-BConcave+DConcave+3500.mp4), skipping video processing...
2025-07-26 10:30:37,989 - INFO - VanillaSegmentationSaver initialized with output dir: /home/projects/bagon/andreyg/Projects/Object_reps_neural/Programming/hugging_face/model_experiments/segformer/exp2TTC_segformer-b5-finetuned-ade-640-640/processed_videos/segformer_model-BConcave+DConcave+3500/org_segmentation
2025-07-26 10:30:37,991 - INFO - All collision results already exist for BConcave+DConcave+3500
2025-07-26 10:30:37,992 - DEBUG - Loaded collision time for BConcave+DConcave+3500 at IoU 0.05: 3733.3333333333335
2025-07-26 10:30:37,994 - DEBUG - Loaded collision time for BConcave+DConcave+3500 at IoU 0.1: 3833.3333333333335
2025-07-26 10:30:37,995 - DEBUG - Loaded collision time for BConcave+DConcave+3500 at IoU 0.15: 3983.3333333333335
2025-07-26 10:30:37,996 - DEBUG - Loaded collision time for BConcave+DConcave+3500 at IoU 0.2: 4183.333333333334
2025-07-26 10:30:37,997 - DEBUG - Loaded collision time for BConcave+DConcave+3500 at IoU 0.25: nan
2025-07-26 10:30:37,999 - DEBUG - Loaded collision time for BConcave+DConcave+3500 at IoU 0.3: nan
2025-07-26 10:30:38,000 - DEBUG - Loaded collision time for BConcave+DConcave+3500 at IoU 0.35: nan
2025-07-26 10:30:38,001 - DEBUG - Loaded collision time for BConcave+DConcave+3500 at IoU 0.4: nan
2025-07-26 10:30:38,002 - DEBUG - Loaded collision time for BConcave+DConcave+3500 at IoU 0.45: nan
2025-07-26 10:30:38,004 - DEBUG - Loaded collision time for BConcave+DConcave+3500 at IoU 0.5: nan
2025-07-26 10:30:38,005 - DEBUG - Loaded collision time for BConcave+DConcave+3500 at IoU 0.55: nan
2025-07-26 10:30:38,006 - DEBUG - Loaded collision time for BConcave+DConcave+3500 at IoU 0.6: nan
2025-07-26 10:30:38,008 - DEBUG - Loaded collision time for BConcave+DConcave+3500 at IoU 0.65: nan
2025-07-26 10:30:38,009 - DEBUG - Loaded collision time for BConcave+DConcave+3500 at IoU 0.7: nan
2025-07-26 10:30:38,011 - DEBUG - Loaded collision time for BConcave+DConcave+3500 at IoU 0.75: nan
2025-07-26 10:30:38,012 - DEBUG - Loaded collision time for BConcave+DConcave+3500 at IoU 0.8: nan
2025-07-26 10:30:38,014 - DEBUG - Loaded collision time for BConcave+DConcave+3500 at IoU 0.85: nan
2025-07-26 10:30:38,015 - DEBUG - Loaded collision time for BConcave+DConcave+3500 at IoU 0.9: nan
2025-07-26 10:30:38,016 - DEBUG - Loaded collision time for BConcave+DConcave+3500 at IoU 0.95: nan
2025-07-26 10:30:38,017 - INFO - Processing video: BConcave+DConcave+3700_flipped
2025-07-26 10:30:38,017 - INFO - Video BConcave+DConcave+3700_flipped already processed (found segformer_model-BConcave+DConcave+3700_flipped.mp4), skipping video processing...
2025-07-26 10:30:38,022 - INFO - VanillaSegmentationSaver initialized with output dir: /home/projects/bagon/andreyg/Projects/Object_reps_neural/Programming/hugging_face/model_experiments/segformer/exp2TTC_segformer-b5-finetuned-ade-640-640/processed_videos/segformer_model-BConcave+DConcave+3700_flipped/org_segmentation
2025-07-26 10:30:38,025 - INFO - All collision results already exist for BConcave+DConcave+3700_flipped
2025-07-26 10:30:38,078 - DEBUG - Loaded collision time for BConcave+DConcave+3700_flipped at IoU 0.05: 3883.3333333333335
2025-07-26 10:30:38,079 - DEBUG - Loaded collision time for BConcave+DConcave+3700_flipped at IoU 0.1: 4000.0
2025-07-26 10:30:38,081 - DEBUG - Loaded collision time for BConcave+DConcave+3700_flipped at IoU 0.15: 4100.0
2025-07-26 10:30:38,082 - DEBUG - Loaded collision time for BConcave+DConcave+3700_flipped at IoU 0.2: 4200.0
2025-07-26 10:30:38,084 - DEBUG - Loaded collision time for BConcave+DConcave+3700_flipped at IoU 0.25: 4333.333333333333
2025-07-26 10:30:38,085 - DEBUG - Loaded collision time for BConcave+DConcave+3700_flipped at IoU 0.3: 4416.666666666667
2025-07-26 10:30:38,087 - DEBUG - Loaded collision time for BConcave+DConcave+3700_flipped at IoU 0.35: 4550.0
2025-07-26 10:30:38,088 - DEBUG - Loaded collision time for BConcave+DConcave+3700_flipped at IoU 0.4: nan
2025-07-26 10:30:38,089 - DEBUG - Loaded collision time for BConcave+DConcave+3700_flipped at IoU 0.45: nan
2025-07-26 10:30:38,091 - DEBUG - Loaded collision time for BConcave+DConcave+3700_flipped at IoU 0.5: nan
2025-07-26 10:30:38,092 - DEBUG - Loaded collision time for BConcave+DConcave+3700_flipped at IoU 0.55: nan
2025-07-26 10:30:38,093 - DEBUG - Loaded collision time for BConcave+DConcave+3700_flipped at IoU 0.6: nan
2025-07-26 10:30:38,095 - DEBUG - Loaded collision time for BConcave+DConcave+3700_flipped at IoU 0.65: nan
2025-07-26 10:30:38,096 - DEBUG - Loaded collision time for BConcave+DConcave+3700_flipped at IoU 0.7: nan
2025-07-26 10:30:38,097 - DEBUG - Loaded collision time for BConcave+DConcave+3700_flipped at IoU 0.75: nan
2025-07-26 10:30:38,099 - DEBUG - Loaded collision time for BConcave+DConcave+3700_flipped at IoU 0.8: nan
2025-07-26 10:30:38,100 - DEBUG - Loaded collision time for BConcave+DConcave+3700_flipped at IoU 0.85: nan
2025-07-26 10:30:38,101 - DEBUG - Loaded collision time for BConcave+DConcave+3700_flipped at IoU 0.9: nan
2025-07-26 10:30:38,103 - DEBUG - Loaded collision time for BConcave+DConcave+3700_flipped at IoU 0.95: nan
2025-07-26 10:30:38,103 - INFO - Processing video: BConcave+DConcave+3900
2025-07-26 10:30:38,103 - INFO - Video BConcave+DConcave+3900 already processed (found segformer_model-BConcave+DConcave+3900.mp4), skipping video processing...
2025-07-26 10:30:38,108 - INFO - VanillaSegmentationSaver initialized with output dir: /home/projects/bagon/andreyg/Projects/Object_reps_neural/Programming/hugging_face/model_experiments/segformer/exp2TTC_segformer-b5-finetuned-ade-640-640/processed_videos/segformer_model-BConcave+DConcave+3900/org_segmentation
2025-07-26 10:30:38,110 - INFO - All collision results already exist for BConcave+DConcave+3900
2025-07-26 10:30:38,111 - DEBUG - Loaded collision time for BConcave+DConcave+3900 at IoU 0.05: 4083.333333333333
2025-07-26 10:30:38,112 - DEBUG - Loaded collision time for BConcave+DConcave+3900 at IoU 0.1: 4150.0
2025-07-26 10:30:38,113 - DEBUG - Loaded collision time for BConcave+DConcave+3900 at IoU 0.15: 4216.666666666667
2025-07-26 10:30:38,115 - DEBUG - Loaded collision time for BConcave+DConcave+3900 at IoU 0.2: 4283.333333333333
2025-07-26 10:30:38,116 - DEBUG - Loaded collision time for BConcave+DConcave+3900 at IoU 0.25: 4366.666666666666
2025-07-26 10:30:38,118 - DEBUG - Loaded collision time for BConcave+DConcave+3900 at IoU 0.3: 4483.333333333333
2025-07-26 10:30:38,119 - DEBUG - Loaded collision time for BConcave+DConcave+3900 at IoU 0.35: 4600.0
2025-07-26 10:30:38,120 - DEBUG - Loaded collision time for BConcave+DConcave+3900 at IoU 0.4: nan
2025-07-26 10:30:38,121 - DEBUG - Loaded collision time for BConcave+DConcave+3900 at IoU 0.45: nan
2025-07-26 10:30:38,123 - DEBUG - Loaded collision time for BConcave+DConcave+3900 at IoU 0.5: nan
2025-07-26 10:30:38,124 - DEBUG - Loaded collision time for BConcave+DConcave+3900 at IoU 0.55: nan
2025-07-26 10:30:38,126 - DEBUG - Loaded collision time for BConcave+DConcave+3900 at IoU 0.6: nan
2025-07-26 10:30:38,127 - DEBUG - Loaded collision time for BConcave+DConcave+3900 at IoU 0.65: nan
2025-07-26 10:30:38,128 - DEBUG - Loaded collision time for BConcave+DConcave+3900 at IoU 0.7: nan
2025-07-26 10:30:38,130 - DEBUG - Loaded collision time for BConcave+DConcave+3900 at IoU 0.75: nan
2025-07-26 10:30:38,131 - DEBUG - Loaded collision time for BConcave+DConcave+3900 at IoU 0.8: nan
2025-07-26 10:30:38,132 - DEBUG - Loaded collision time for BConcave+DConcave+3900 at IoU 0.85: nan
2025-07-26 10:30:38,134 - DEBUG - Loaded collision time for BConcave+DConcave+3900 at IoU 0.9: nan
2025-07-26 10:30:38,135 - DEBUG - Loaded collision time for BConcave+DConcave+3900 at IoU 0.95: nan
2025-07-26 10:30:38,135 - INFO - Processing video: BConcave+DConcave+4100_flipped
2025-07-26 10:30:38,135 - INFO - Video BConcave+DConcave+4100_flipped already processed (found segformer_model-BConcave+DConcave+4100_flipped.mp4), skipping video processing...
2025-07-26 10:30:38,140 - INFO - VanillaSegmentationSaver initialized with output dir: /home/projects/bagon/andreyg/Projects/Object_reps_neural/Programming/hugging_face/model_experiments/segformer/exp2TTC_segformer-b5-finetuned-ade-640-640/processed_videos/segformer_model-BConcave+DConcave+4100_flipped/org_segmentation
2025-07-26 10:30:38,143 - INFO - All collision results already exist for BConcave+DConcave+4100_flipped
2025-07-26 10:30:38,144 - DEBUG - Loaded collision time for BConcave+DConcave+4100_flipped at IoU 0.05: 4333.333333333333
2025-07-26 10:30:38,145 - DEBUG - Loaded collision time for BConcave+DConcave+4100_flipped at IoU 0.1: 4400.0
2025-07-26 10:30:38,147 - DEBUG - Loaded collision time for BConcave+DConcave+4100_flipped at IoU 0.15: 4450.0
2025-07-26 10:30:38,148 - DEBUG - Loaded collision time for BConcave+DConcave+4100_flipped at IoU 0.2: 4500.0
2025-07-26 10:30:38,149 - DEBUG - Loaded collision time for BConcave+DConcave+4100_flipped at IoU 0.25: 4566.666666666666
2025-07-26 10:30:38,151 - DEBUG - Loaded collision time for BConcave+DConcave+4100_flipped at IoU 0.3: 4616.666666666666
2025-07-26 10:30:38,152 - DEBUG - Loaded collision time for BConcave+DConcave+4100_flipped at IoU 0.35: 4683.333333333334
2025-07-26 10:30:38,153 - DEBUG - Loaded collision time for BConcave+DConcave+4100_flipped at IoU 0.4: 4733.333333333333
2025-07-26 10:30:38,155 - DEBUG - Loaded collision time for BConcave+DConcave+4100_flipped at IoU 0.45: 4766.666666666667
2025-07-26 10:30:38,156 - DEBUG - Loaded collision time for BConcave+DConcave+4100_flipped at IoU 0.5: 4850.0
2025-07-26 10:30:38,157 - DEBUG - Loaded collision time for BConcave+DConcave+4100_flipped at IoU 0.55: nan
2025-07-26 10:30:38,159 - DEBUG - Loaded collision time for BConcave+DConcave+4100_flipped at IoU 0.6: nan
2025-07-26 10:30:38,161 - DEBUG - Loaded collision time for BConcave+DConcave+4100_flipped at IoU 0.65: nan
2025-07-26 10:30:38,162 - DEBUG - Loaded collision time for BConcave+DConcave+4100_flipped at IoU 0.7: nan
2025-07-26 10:30:38,163 - DEBUG - Loaded collision time for BConcave+DConcave+4100_flipped at IoU 0.75: nan
2025-07-26 10:30:38,165 - DEBUG - Loaded collision time for BConcave+DConcave+4100_flipped at IoU 0.8: nan
2025-07-26 10:30:38,166 - DEBUG - Loaded collision time for BConcave+DConcave+4100_flipped at IoU 0.85: nan
2025-07-26 10:30:38,168 - DEBUG - Loaded collision time for BConcave+DConcave+4100_flipped at IoU 0.9: nan
2025-07-26 10:30:38,169 - DEBUG - Loaded collision time for BConcave+DConcave+4100_flipped at IoU 0.95: nan
2025-07-26 10:30:38,169 - INFO - Processing video: BConcave+DConcave+4300
2025-07-26 10:30:38,169 - INFO - Video BConcave+DConcave+4300 already processed (found segformer_model-BConcave+DConcave+4300.mp4), skipping video processing...
2025-07-26 10:30:38,174 - INFO - VanillaSegmentationSaver initialized with output dir: /home/projects/bagon/andreyg/Projects/Object_reps_neural/Programming/hugging_face/model_experiments/segformer/exp2TTC_segformer-b5-finetuned-ade-640-640/processed_videos/segformer_model-BConcave+DConcave+4300/org_segmentation
2025-07-26 10:30:38,177 - INFO - All collision results already exist for BConcave+DConcave+4300
2025-07-26 10:30:38,179 - DEBUG - Loaded collision time for BConcave+DConcave+4300 at IoU 0.05: 4766.666666666667
2025-07-26 10:30:38,180 - DEBUG - Loaded collision time for BConcave+DConcave+4300 at IoU 0.1: nan
2025-07-26 10:30:38,181 - DEBUG - Loaded collision time for BConcave+DConcave+4300 at IoU 0.15: nan
2025-07-26 10:30:38,183 - DEBUG - Loaded collision time for BConcave+DConcave+4300 at IoU 0.2: nan
2025-07-26 10:30:38,184 - DEBUG - Loaded collision time for BConcave+DConcave+4300 at IoU 0.25: nan
2025-07-26 10:30:38,186 - DEBUG - Loaded collision time for BConcave+DConcave+4300 at IoU 0.3: nan
2025-07-26 10:30:38,187 - DEBUG - Loaded collision time for BConcave+DConcave+4300 at IoU 0.35: nan
2025-07-26 10:30:38,188 - DEBUG - Loaded collision time for BConcave+DConcave+4300 at IoU 0.4: nan
2025-07-26 10:30:38,190 - DEBUG - Loaded collision time for BConcave+DConcave+4300 at IoU 0.45: nan
2025-07-26 10:30:38,191 - DEBUG - Loaded collision time for BConcave+DConcave+4300 at IoU 0.5: nan
2025-07-26 10:30:38,192 - DEBUG - Loaded collision time for BConcave+DConcave+4300 at IoU 0.55: nan
2025-07-26 10:30:38,193 - DEBUG - Loaded collision time for BConcave+DConcave+4300 at IoU 0.6: nan
2025-07-26 10:30:38,195 - DEBUG - Loaded collision time for BConcave+DConcave+4300 at IoU 0.65: nan
2025-07-26 10:30:38,196 - DEBUG - Loaded collision time for BConcave+DConcave+4300 at IoU 0.7: nan
2025-07-26 10:30:38,198 - DEBUG - Loaded collision time for BConcave+DConcave+4300 at IoU 0.75: nan
2025-07-26 10:30:38,199 - DEBUG - Loaded collision time for BConcave+DConcave+4300 at IoU 0.8: nan
2025-07-26 10:30:38,200 - DEBUG - Loaded collision time for BConcave+DConcave+4300 at IoU 0.85: nan
2025-07-26 10:30:38,202 - DEBUG - Loaded collision time for BConcave+DConcave+4300 at IoU 0.9: nan
2025-07-26 10:30:38,203 - DEBUG - Loaded collision time for BConcave+DConcave+4300 at IoU 0.95: nan
2025-07-26 10:30:38,203 - INFO - Processing video: BConcave+DConcave+4500_flipped
2025-07-26 10:30:38,204 - INFO - Video BConcave+DConcave+4500_flipped already processed (found segformer_model-BConcave+DConcave+4500_flipped.mp4), skipping video processing...
2025-07-26 10:30:38,208 - INFO - VanillaSegmentationSaver initialized with output dir: /home/projects/bagon/andreyg/Projects/Object_reps_neural/Programming/hugging_face/model_experiments/segformer/exp2TTC_segformer-b5-finetuned-ade-640-640/processed_videos/segformer_model-BConcave+DConcave+4500_flipped/org_segmentation
2025-07-26 10:30:38,210 - INFO - All collision results already exist for BConcave+DConcave+4500_flipped
2025-07-26 10:30:38,211 - DEBUG - Loaded collision time for BConcave+DConcave+4500_flipped at IoU 0.05: nan
2025-07-26 10:30:38,213 - DEBUG - Loaded collision time for BConcave+DConcave+4500_flipped at IoU 0.1: nan
2025-07-26 10:30:38,214 - DEBUG - Loaded collision time for BConcave+DConcave+4500_flipped at IoU 0.15: nan
2025-07-26 10:30:38,215 - DEBUG - Loaded collision time for BConcave+DConcave+4500_flipped at IoU 0.2: nan
2025-07-26 10:30:38,217 - DEBUG - Loaded collision time for BConcave+DConcave+4500_flipped at IoU 0.25: nan
2025-07-26 10:30:38,218 - DEBUG - Loaded collision time for BConcave+DConcave+4500_flipped at IoU 0.3: nan
2025-07-26 10:30:38,219 - DEBUG - Loaded collision time for BConcave+DConcave+4500_flipped at IoU 0.35: nan
2025-07-26 10:30:38,221 - DEBUG - Loaded collision time for BConcave+DConcave+4500_flipped at IoU 0.4: nan
2025-07-26 10:30:38,222 - DEBUG - Loaded collision time for BConcave+DConcave+4500_flipped at IoU 0.45: nan
2025-07-26 10:30:38,223 - DEBUG - Loaded collision time for BConcave+DConcave+4500_flipped at IoU 0.5: nan
2025-07-26 10:30:38,224 - DEBUG - Loaded collision time for BConcave+DConcave+4500_flipped at IoU 0.55: nan
2025-07-26 10:30:38,226 - DEBUG - Loaded collision time for BConcave+DConcave+4500_flipped at IoU 0.6: nan
2025-07-26 10:30:38,227 - DEBUG - Loaded collision time for BConcave+DConcave+4500_flipped at IoU 0.65: nan
2025-07-26 10:30:38,228 - DEBUG - Loaded collision time for BConcave+DConcave+4500_flipped at IoU 0.7: nan
2025-07-26 10:30:38,229 - DEBUG - Loaded collision time for BConcave+DConcave+4500_flipped at IoU 0.75: nan
2025-07-26 10:30:38,231 - DEBUG - Loaded collision time for BConcave+DConcave+4500_flipped at IoU 0.8: nan
2025-07-26 10:30:38,232 - DEBUG - Loaded collision time for BConcave+DConcave+4500_flipped at IoU 0.85: nan
2025-07-26 10:30:38,233 - DEBUG - Loaded collision time for BConcave+DConcave+4500_flipped at IoU 0.9: nan
2025-07-26 10:30:38,235 - DEBUG - Loaded collision time for BConcave+DConcave+4500_flipped at IoU 0.95: nan
2025-07-26 10:30:38,235 - INFO - Processing video: BConcave+DConvex+3500_flipped
2025-07-26 10:30:38,235 - INFO - Video BConcave+DConvex+3500_flipped already processed (found segformer_model-BConcave+DConvex+3500_flipped.mp4), skipping video processing...
2025-07-26 10:30:38,240 - INFO - VanillaSegmentationSaver initialized with output dir: /home/projects/bagon/andreyg/Projects/Object_reps_neural/Programming/hugging_face/model_experiments/segformer/exp2TTC_segformer-b5-finetuned-ade-640-640/processed_videos/segformer_model-BConcave+DConvex+3500_flipped/org_segmentation
2025-07-26 10:30:38,243 - INFO - All collision results already exist for BConcave+DConvex+3500_flipped
2025-07-26 10:30:38,244 - DEBUG - Loaded collision time for BConcave+DConvex+3500_flipped at IoU 0.05: nan
2025-07-26 10:30:38,245 - DEBUG - Loaded collision time for BConcave+DConvex+3500_flipped at IoU 0.1: nan
2025-07-26 10:30:38,246 - DEBUG - Loaded collision time for BConcave+DConvex+3500_flipped at IoU 0.15: nan
2025-07-26 10:30:38,248 - DEBUG - Loaded collision time for BConcave+DConvex+3500_flipped at IoU 0.2: nan
2025-07-26 10:30:38,249 - DEBUG - Loaded collision time for BConcave+DConvex+3500_flipped at IoU 0.25: nan
2025-07-26 10:30:38,251 - DEBUG - Loaded collision time for BConcave+DConvex+3500_flipped at IoU 0.3: nan
2025-07-26 10:30:38,252 - DEBUG - Loaded collision time for BConcave+DConvex+3500_flipped at IoU 0.35: nan
2025-07-26 10:30:38,253 - DEBUG - Loaded collision time for BConcave+DConvex+3500_flipped at IoU 0.4: nan
2025-07-26 10:30:38,255 - DEBUG - Loaded collision time for BConcave+DConvex+3500_flipped at IoU 0.45: nan
2025-07-26 10:30:38,256 - DEBUG - Loaded collision time for BConcave+DConvex+3500_flipped at IoU 0.5: nan
2025-07-26 10:30:38,258 - DEBUG - Loaded collision time for BConcave+DConvex+3500_flipped at IoU 0.55: nan
2025-07-26 10:30:38,259 - DEBUG - Loaded collision time for BConcave+DConvex+3500_flipped at IoU 0.6: nan
2025-07-26 10:30:38,261 - DEBUG - Loaded collision time for BConcave+DConvex+3500_flipped at IoU 0.65: nan
2025-07-26 10:30:38,262 - DEBUG - Loaded collision time for BConcave+DConvex+3500_flipped at IoU 0.7: nan
2025-07-26 10:30:38,264 - DEBUG - Loaded collision time for BConcave+DConvex+3500_flipped at IoU 0.75: nan
2025-07-26 10:30:38,265 - DEBUG - Loaded collision time for BConcave+DConvex+3500_flipped at IoU 0.8: nan
2025-07-26 10:30:38,267 - DEBUG - Loaded collision time for BConcave+DConvex+3500_flipped at IoU 0.85: nan
2025-07-26 10:30:38,269 - DEBUG - Loaded collision time for BConcave+DConvex+3500_flipped at IoU 0.9: nan
2025-07-26 10:30:38,270 - DEBUG - Loaded collision time for BConcave+DConvex+3500_flipped at IoU 0.95: nan
2025-07-26 10:30:38,270 - INFO - Processing video: BConcave+DConvex+3700
2025-07-26 10:30:38,270 - INFO - Video BConcave+DConvex+3700 already processed (found segformer_model-BConcave+DConvex+3700.mp4), skipping video processing...
2025-07-26 10:30:38,275 - INFO - VanillaSegmentationSaver initialized with output dir: /home/projects/bagon/andreyg/Projects/Object_reps_neural/Programming/hugging_face/model_experiments/segformer/exp2TTC_segformer-b5-finetuned-ade-640-640/processed_videos/segformer_model-BConcave+DConvex+3700/org_segmentation
2025-07-26 10:30:38,278 - INFO - All collision results already exist for BConcave+DConvex+3700
2025-07-26 10:30:38,280 - DEBUG - Loaded collision time for BConcave+DConvex+3700 at IoU 0.05: 4600.0
2025-07-26 10:30:38,281 - DEBUG - Loaded collision time for BConcave+DConvex+3700 at IoU 0.1: 4650.0
2025-07-26 10:30:38,283 - DEBUG - Loaded collision time for BConcave+DConvex+3700 at IoU 0.15: 4700.0
2025-07-26 10:30:38,284 - DEBUG - Loaded collision time for BConcave+DConvex+3700 at IoU 0.2: 4783.333333333333
2025-07-26 10:30:38,286 - DEBUG - Loaded collision time for BConcave+DConvex+3700 at IoU 0.25: nan
2025-07-26 10:30:38,288 - DEBUG - Loaded collision time for BConcave+DConvex+3700 at IoU 0.3: nan
2025-07-26 10:30:38,289 - DEBUG - Loaded collision time for BConcave+DConvex+3700 at IoU 0.35: nan
2025-07-26 10:30:38,290 - DEBUG - Loaded collision time for BConcave+DConvex+3700 at IoU 0.4: nan
2025-07-26 10:30:38,292 - DEBUG - Loaded collision time for BConcave+DConvex+3700 at IoU 0.45: nan
2025-07-26 10:30:38,293 - DEBUG - Loaded collision time for BConcave+DConvex+3700 at IoU 0.5: nan
2025-07-26 10:30:38,295 - DEBUG - Loaded collision time for BConcave+DConvex+3700 at IoU 0.55: nan
2025-07-26 10:30:38,296 - DEBUG - Loaded collision time for BConcave+DConvex+3700 at IoU 0.6: nan
2025-07-26 10:30:38,298 - DEBUG - Loaded collision time for BConcave+DConvex+3700 at IoU 0.65: nan
2025-07-26 10:30:38,299 - DEBUG - Loaded collision time for BConcave+DConvex+3700 at IoU 0.7: nan
2025-07-26 10:30:38,300 - DEBUG - Loaded collision time for BConcave+DConvex+3700 at IoU 0.75: nan
2025-07-26 10:30:38,301 - DEBUG - Loaded collision time for BConcave+DConvex+3700 at IoU 0.8: nan
2025-07-26 10:30:38,303 - DEBUG - Loaded collision time for BConcave+DConvex+3700 at IoU 0.85: nan
2025-07-26 10:30:38,304 - DEBUG - Loaded collision time for BConcave+DConvex+3700 at IoU 0.9: nan
2025-07-26 10:30:38,305 - DEBUG - Loaded collision time for BConcave+DConvex+3700 at IoU 0.95: nan
2025-07-26 10:30:38,305 - INFO - Processing video: BConcave+DConvex+3900_flipped
2025-07-26 10:30:38,306 - INFO - Video BConcave+DConvex+3900_flipped already processed (found segformer_model-BConcave+DConvex+3900_flipped.mp4), skipping video processing...
2025-07-26 10:30:38,310 - INFO - VanillaSegmentationSaver initialized with output dir: /home/projects/bagon/andreyg/Projects/Object_reps_neural/Programming/hugging_face/model_experiments/segformer/exp2TTC_segformer-b5-finetuned-ade-640-640/processed_videos/segformer_model-BConcave+DConvex+3900_flipped/org_segmentation
2025-07-26 10:30:38,312 - INFO - All collision results already exist for BConcave+DConvex+3900_flipped
2025-07-26 10:30:38,314 - DEBUG - Loaded collision time for BConcave+DConvex+3900_flipped at IoU 0.05: 4316.666666666666
2025-07-26 10:30:38,315 - DEBUG - Loaded collision time for BConcave+DConvex+3900_flipped at IoU 0.1: 4483.333333333333
2025-07-26 10:30:38,316 - DEBUG - Loaded collision time for BConcave+DConvex+3900_flipped at IoU 0.15: 4566.666666666666
2025-07-26 10:30:38,318 - DEBUG - Loaded collision time for BConcave+DConvex+3900_flipped at IoU 0.2: 4916.666666666667
2025-07-26 10:30:38,319 - DEBUG - Loaded collision time for BConcave+DConvex+3900_flipped at IoU 0.25: nan
2025-07-26 10:30:38,320 - DEBUG - Loaded collision time for BConcave+DConvex+3900_flipped at IoU 0.3: nan
2025-07-26 10:30:38,322 - DEBUG - Loaded collision time for BConcave+DConvex+3900_flipped at IoU 0.35: nan
2025-07-26 10:30:38,323 - DEBUG - Loaded collision time for BConcave+DConvex+3900_flipped at IoU 0.4: nan
2025-07-26 10:30:38,325 - DEBUG - Loaded collision time for BConcave+DConvex+3900_flipped at IoU 0.45: nan
2025-07-26 10:30:38,326 - DEBUG - Loaded collision time for BConcave+DConvex+3900_flipped at IoU 0.5: nan
2025-07-26 10:30:38,327 - DEBUG - Loaded collision time for BConcave+DConvex+3900_flipped at IoU 0.55: nan
2025-07-26 10:30:38,329 - DEBUG - Loaded collision time for BConcave+DConvex+3900_flipped at IoU 0.6: nan
2025-07-26 10:30:38,330 - DEBUG - Loaded collision time for BConcave+DConvex+3900_flipped at IoU 0.65: nan
2025-07-26 10:30:38,331 - DEBUG - Loaded collision time for BConcave+DConvex+3900_flipped at IoU 0.7: nan
2025-07-26 10:30:38,333 - DEBUG - Loaded collision time for BConcave+DConvex+3900_flipped at IoU 0.75: nan
2025-07-26 10:30:38,334 - DEBUG - Loaded collision time for BConcave+DConvex+3900_flipped at IoU 0.8: nan
2025-07-26 10:30:38,335 - DEBUG - Loaded collision time for BConcave+DConvex+3900_flipped at IoU 0.85: nan
2025-07-26 10:30:38,337 - DEBUG - Loaded collision time for BConcave+DConvex+3900_flipped at IoU 0.9: nan
2025-07-26 10:30:38,338 - DEBUG - Loaded collision time for BConcave+DConvex+3900_flipped at IoU 0.95: nan
2025-07-26 10:30:38,338 - INFO - Processing video: BConcave+DConvex+4100
2025-07-26 10:30:38,338 - INFO - Video BConcave+DConvex+4100 already processed (found segformer_model-BConcave+DConvex+4100.mp4), skipping video processing...
2025-07-26 10:30:38,343 - INFO - VanillaSegmentationSaver initialized with output dir: /home/projects/bagon/andreyg/Projects/Object_reps_neural/Programming/hugging_face/model_experiments/segformer/exp2TTC_segformer-b5-finetuned-ade-640-640/processed_videos/segformer_model-BConcave+DConvex+4100/org_segmentation
2025-07-26 10:30:38,345 - INFO - All collision results already exist for BConcave+DConvex+4100
2025-07-26 10:30:38,347 - DEBUG - Loaded collision time for BConcave+DConvex+4100 at IoU 0.05: 4700.0
2025-07-26 10:30:38,348 - DEBUG - Loaded collision time for BConcave+DConvex+4100 at IoU 0.1: 4866.666666666666
2025-07-26 10:30:38,350 - DEBUG - Loaded collision time for BConcave+DConvex+4100 at IoU 0.15: 5083.333333333333
2025-07-26 10:30:38,351 - DEBUG - Loaded collision time for BConcave+DConvex+4100 at IoU 0.2: nan
2025-07-26 10:30:38,352 - DEBUG - Loaded collision time for BConcave+DConvex+4100 at IoU 0.25: nan
2025-07-26 10:30:38,354 - DEBUG - Loaded collision time for BConcave+DConvex+4100 at IoU 0.3: nan
2025-07-26 10:30:38,355 - DEBUG - Loaded collision time for BConcave+DConvex+4100 at IoU 0.35: nan
2025-07-26 10:30:38,356 - DEBUG - Loaded collision time for BConcave+DConvex+4100 at IoU 0.4: nan
2025-07-26 10:30:38,357 - DEBUG - Loaded collision time for BConcave+DConvex+4100 at IoU 0.45: nan
2025-07-26 10:30:38,359 - DEBUG - Loaded collision time for BConcave+DConvex+4100 at IoU 0.5: nan
2025-07-26 10:30:38,360 - DEBUG - Loaded collision time for BConcave+DConvex+4100 at IoU 0.55: nan
2025-07-26 10:30:38,361 - DEBUG - Loaded collision time for BConcave+DConvex+4100 at IoU 0.6: nan
2025-07-26 10:30:38,363 - DEBUG - Loaded collision time for BConcave+DConvex+4100 at IoU 0.65: nan
2025-07-26 10:30:38,364 - DEBUG - Loaded collision time for BConcave+DConvex+4100 at IoU 0.7: nan
2025-07-26 10:30:38,365 - DEBUG - Loaded collision time for BConcave+DConvex+4100 at IoU 0.75: nan
2025-07-26 10:30:38,366 - DEBUG - Loaded collision time for BConcave+DConvex+4100 at IoU 0.8: nan
2025-07-26 10:30:38,367 - DEBUG - Loaded collision time for BConcave+DConvex+4100 at IoU 0.85: nan
2025-07-26 10:30:38,369 - DEBUG - Loaded collision time for BConcave+DConvex+4100 at IoU 0.9: nan
2025-07-26 10:30:38,370 - DEBUG - Loaded collision time for BConcave+DConvex+4100 at IoU 0.95: nan
2025-07-26 10:30:38,370 - INFO - Processing video: BConcave+DConvex+4300_flipped
2025-07-26 10:30:38,370 - INFO - Video BConcave+DConvex+4300_flipped already processed (found segformer_model-BConcave+DConvex+4300_flipped.mp4), skipping video processing...
2025-07-26 10:30:38,375 - INFO - VanillaSegmentationSaver initialized with output dir: /home/projects/bagon/andreyg/Projects/Object_reps_neural/Programming/hugging_face/model_experiments/segformer/exp2TTC_segformer-b5-finetuned-ade-640-640/processed_videos/segformer_model-BConcave+DConvex+4300_flipped/org_segmentation
2025-07-26 10:30:38,377 - INFO - All collision results already exist for BConcave+DConvex+4300_flipped
2025-07-26 10:30:38,379 - DEBUG - Loaded collision time for BConcave+DConvex+4300_flipped at IoU 0.05: 4716.666666666667
2025-07-26 10:30:38,380 - DEBUG - Loaded collision time for BConcave+DConvex+4300_flipped at IoU 0.1: 4850.0
2025-07-26 10:30:38,382 - DEBUG - Loaded collision time for BConcave+DConvex+4300_flipped at IoU 0.15: 4916.666666666667
2025-07-26 10:30:38,383 - DEBUG - Loaded collision time for BConcave+DConvex+4300_flipped at IoU 0.2: 5016.666666666667
2025-07-26 10:30:38,384 - DEBUG - Loaded collision time for BConcave+DConvex+4300_flipped at IoU 0.25: 5283.333333333333
2025-07-26 10:30:38,386 - DEBUG - Loaded collision time for BConcave+DConvex+4300_flipped at IoU 0.3: 5433.333333333334
2025-07-26 10:30:38,388 - DEBUG - Loaded collision time for BConcave+DConvex+4300_flipped at IoU 0.35: nan
2025-07-26 10:30:38,389 - DEBUG - Loaded collision time for BConcave+DConvex+4300_flipped at IoU 0.4: nan
2025-07-26 10:30:38,391 - DEBUG - Loaded collision time for BConcave+DConvex+4300_flipped at IoU 0.45: nan
2025-07-26 10:30:38,392 - DEBUG - Loaded collision time for BConcave+DConvex+4300_flipped at IoU 0.5: nan
2025-07-26 10:30:38,393 - DEBUG - Loaded collision time for BConcave+DConvex+4300_flipped at IoU 0.55: nan
2025-07-26 10:30:38,395 - DEBUG - Loaded collision time for BConcave+DConvex+4300_flipped at IoU 0.6: nan
2025-07-26 10:30:38,396 - DEBUG - Loaded collision time for BConcave+DConvex+4300_flipped at IoU 0.65: nan
2025-07-26 10:30:38,398 - DEBUG - Loaded collision time for BConcave+DConvex+4300_flipped at IoU 0.7: nan
2025-07-26 10:30:38,399 - DEBUG - Loaded collision time for BConcave+DConvex+4300_flipped at IoU 0.75: nan
2025-07-26 10:30:38,400 - DEBUG - Loaded collision time for BConcave+DConvex+4300_flipped at IoU 0.8: nan
2025-07-26 10:30:38,402 - DEBUG - Loaded collision time for BConcave+DConvex+4300_flipped at IoU 0.85: nan
2025-07-26 10:30:38,403 - DEBUG - Loaded collision time for BConcave+DConvex+4300_flipped at IoU 0.9: nan
2025-07-26 10:30:38,404 - DEBUG - Loaded collision time for BConcave+DConvex+4300_flipped at IoU 0.95: nan
2025-07-26 10:30:38,404 - INFO - Processing video: BConcave+DConvex+4500
2025-07-26 10:30:38,404 - INFO - Video BConcave+DConvex+4500 already processed (found segformer_model-BConcave+DConvex+4500.mp4), skipping video processing...
2025-07-26 10:30:38,409 - INFO - VanillaSegmentationSaver initialized with output dir: /home/projects/bagon/andreyg/Projects/Object_reps_neural/Programming/hugging_face/model_experiments/segformer/exp2TTC_segformer-b5-finetuned-ade-640-640/processed_videos/segformer_model-BConcave+DConvex+4500/org_segmentation
2025-07-26 10:30:38,411 - INFO - All collision results already exist for BConcave+DConvex+4500
2025-07-26 10:30:38,413 - DEBUG - Loaded collision time for BConcave+DConvex+4500 at IoU 0.05: 5083.333333333333
2025-07-26 10:30:38,414 - DEBUG - Loaded collision time for BConcave+DConvex+4500 at IoU 0.1: 5166.666666666667
2025-07-26 10:30:38,416 - DEBUG - Loaded collision time for BConcave+DConvex+4500 at IoU 0.15: 5266.666666666667
2025-07-26 10:30:38,417 - DEBUG - Loaded collision time for BConcave+DConvex+4500 at IoU 0.2: nan
2025-07-26 10:30:38,418 - DEBUG - Loaded collision time for BConcave+DConvex+4500 at IoU 0.25: nan
2025-07-26 10:30:38,420 - DEBUG - Loaded collision time for BConcave+DConvex+4500 at IoU 0.3: nan
2025-07-26 10:30:38,421 - DEBUG - Loaded collision time for BConcave+DConvex+4500 at IoU 0.35: nan
2025-07-26 10:30:38,422 - DEBUG - Loaded collision time for BConcave+DConvex+4500 at IoU 0.4: nan
2025-07-26 10:30:38,424 - DEBUG - Loaded collision time for BConcave+DConvex+4500 at IoU 0.45: nan
2025-07-26 10:30:38,425 - DEBUG - Loaded collision time for BConcave+DConvex+4500 at IoU 0.5: nan
2025-07-26 10:30:38,427 - DEBUG - Loaded collision time for BConcave+DConvex+4500 at IoU 0.55: nan
2025-07-26 10:30:38,428 - DEBUG - Loaded collision time for BConcave+DConvex+4500 at IoU 0.6: nan
2025-07-26 10:30:38,430 - DEBUG - Loaded collision time for BConcave+DConvex+4500 at IoU 0.65: nan
2025-07-26 10:30:38,431 - DEBUG - Loaded collision time for BConcave+DConvex+4500 at IoU 0.7: nan
2025-07-26 10:30:38,432 - DEBUG - Loaded collision time for BConcave+DConvex+4500 at IoU 0.75: nan
2025-07-26 10:30:38,434 - DEBUG - Loaded collision time for BConcave+DConvex+4500 at IoU 0.8: nan
2025-07-26 10:30:38,435 - DEBUG - Loaded collision time for BConcave+DConvex+4500 at IoU 0.85: nan
2025-07-26 10:30:38,437 - DEBUG - Loaded collision time for BConcave+DConvex+4500 at IoU 0.9: nan
2025-07-26 10:30:38,438 - DEBUG - Loaded collision time for BConcave+DConvex+4500 at IoU 0.95: nan
2025-07-26 10:30:38,438 - INFO - Processing video: BConcave+EConcave+3500_flipped
2025-07-26 10:30:38,438 - INFO - Video BConcave+EConcave+3500_flipped already processed (found segformer_model-BConcave+EConcave+3500_flipped.mp4), skipping video processing...
2025-07-26 10:30:38,443 - INFO - VanillaSegmentationSaver initialized with output dir: /home/projects/bagon/andreyg/Projects/Object_reps_neural/Programming/hugging_face/model_experiments/segformer/exp2TTC_segformer-b5-finetuned-ade-640-640/processed_videos/segformer_model-BConcave+EConcave+3500_flipped/org_segmentation
2025-07-26 10:30:38,445 - INFO - All collision results already exist for BConcave+EConcave+3500_flipped
2025-07-26 10:30:38,446 - DEBUG - Loaded collision time for BConcave+EConcave+3500_flipped at IoU 0.05: 3700.0
2025-07-26 10:30:38,447 - DEBUG - Loaded collision time for BConcave+EConcave+3500_flipped at IoU 0.1: 3850.0
2025-07-26 10:30:38,449 - DEBUG - Loaded collision time for BConcave+EConcave+3500_flipped at IoU 0.15: 4000.0
2025-07-26 10:30:38,450 - DEBUG - Loaded collision time for BConcave+EConcave+3500_flipped at IoU 0.2: nan
2025-07-26 10:30:38,451 - DEBUG - Loaded collision time for BConcave+EConcave+3500_flipped at IoU 0.25: nan
2025-07-26 10:30:38,453 - DEBUG - Loaded collision time for BConcave+EConcave+3500_flipped at IoU 0.3: nan
2025-07-26 10:30:38,454 - DEBUG - Loaded collision time for BConcave+EConcave+3500_flipped at IoU 0.35: nan
2025-07-26 10:30:38,455 - DEBUG - Loaded collision time for BConcave+EConcave+3500_flipped at IoU 0.4: nan
2025-07-26 10:30:38,456 - DEBUG - Loaded collision time for BConcave+EConcave+3500_flipped at IoU 0.45: nan
2025-07-26 10:30:38,458 - DEBUG - Loaded collision time for BConcave+EConcave+3500_flipped at IoU 0.5: nan
2025-07-26 10:30:38,460 - DEBUG - Loaded collision time for BConcave+EConcave+3500_flipped at IoU 0.55: nan
2025-07-26 10:30:38,461 - DEBUG - Loaded collision time for BConcave+EConcave+3500_flipped at IoU 0.6: nan
2025-07-26 10:30:38,462 - DEBUG - Loaded collision time for BConcave+EConcave+3500_flipped at IoU 0.65: nan
2025-07-26 10:30:38,464 - DEBUG - Loaded collision time for BConcave+EConcave+3500_flipped at IoU 0.7: nan
2025-07-26 10:30:38,465 - DEBUG - Loaded collision time for BConcave+EConcave+3500_flipped at IoU 0.75: nan
2025-07-26 10:30:38,468 - DEBUG - Loaded collision time for BConcave+EConcave+3500_flipped at IoU 0.8: nan
2025-07-26 10:30:38,470 - DEBUG - Loaded collision time for BConcave+EConcave+3500_flipped at IoU 0.85: nan
2025-07-26 10:30:38,471 - DEBUG - Loaded collision time for BConcave+EConcave+3500_flipped at IoU 0.9: nan
2025-07-26 10:30:38,472 - DEBUG - Loaded collision time for BConcave+EConcave+3500_flipped at IoU 0.95: nan
2025-07-26 10:30:38,472 - INFO - Processing video: BConcave+EConcave+3700
2025-07-26 10:30:38,472 - INFO - Video BConcave+EConcave+3700 already processed (found segformer_model-BConcave+EConcave+3700.mp4), skipping video processing...
2025-07-26 10:30:38,477 - INFO - VanillaSegmentationSaver initialized with output dir: /home/projects/bagon/andreyg/Projects/Object_reps_neural/Programming/hugging_face/model_experiments/segformer/exp2TTC_segformer-b5-finetuned-ade-640-640/processed_videos/segformer_model-BConcave+EConcave+3700/org_segmentation
2025-07-26 10:30:38,480 - INFO - All collision results already exist for BConcave+EConcave+3700
2025-07-26 10:30:38,481 - DEBUG - Loaded collision time for BConcave+EConcave+3700 at IoU 0.05: 3900.0
2025-07-26 10:30:38,483 - DEBUG - Loaded collision time for BConcave+EConcave+3700 at IoU 0.1: 4033.333333333333
2025-07-26 10:30:38,484 - DEBUG - Loaded collision time for BConcave+EConcave+3700 at IoU 0.15: 4283.333333333333
2025-07-26 10:30:38,486 - DEBUG - Loaded collision time for BConcave+EConcave+3700 at IoU 0.2: nan
2025-07-26 10:30:38,487 - DEBUG - Loaded collision time for BConcave+EConcave+3700 at IoU 0.25: nan
2025-07-26 10:30:38,489 - DEBUG - Loaded collision time for BConcave+EConcave+3700 at IoU 0.3: nan
2025-07-26 10:30:38,490 - DEBUG - Loaded collision time for BConcave+EConcave+3700 at IoU 0.35: nan
2025-07-26 10:30:38,492 - DEBUG - Loaded collision time for BConcave+EConcave+3700 at IoU 0.4: nan
2025-07-26 10:30:38,493 - DEBUG - Loaded collision time for BConcave+EConcave+3700 at IoU 0.45: nan
2025-07-26 10:30:38,495 - DEBUG - Loaded collision time for BConcave+EConcave+3700 at IoU 0.5: nan
2025-07-26 10:30:38,496 - DEBUG - Loaded collision time for BConcave+EConcave+3700 at IoU 0.55: nan
2025-07-26 10:30:38,498 - DEBUG - Loaded collision time for BConcave+EConcave+3700 at IoU 0.6: nan
2025-07-26 10:30:38,500 - DEBUG - Loaded collision time for BConcave+EConcave+3700 at IoU 0.65: nan
2025-07-26 10:30:38,501 - DEBUG - Loaded collision time for BConcave+EConcave+3700 at IoU 0.7: nan
2025-07-26 10:30:38,503 - DEBUG - Loaded collision time for BConcave+EConcave+3700 at IoU 0.75: nan
2025-07-26 10:30:38,504 - DEBUG - Loaded collision time for BConcave+EConcave+3700 at IoU 0.8: nan
2025-07-26 10:30:38,505 - DEBUG - Loaded collision time for BConcave+EConcave+3700 at IoU 0.85: nan
2025-07-26 10:30:38,507 - DEBUG - Loaded collision time for BConcave+EConcave+3700 at IoU 0.9: nan
2025-07-26 10:30:38,508 - DEBUG - Loaded collision time for BConcave+EConcave+3700 at IoU 0.95: nan
2025-07-26 10:30:38,508 - INFO - Processing video: BConcave+EConcave+3900_flipped
2025-07-26 10:30:38,509 - INFO - Video BConcave+EConcave+3900_flipped already processed (found segformer_model-BConcave+EConcave+3900_flipped.mp4), skipping video processing...
2025-07-26 10:30:38,514 - INFO - VanillaSegmentationSaver initialized with output dir: /home/projects/bagon/andreyg/Projects/Object_reps_neural/Programming/hugging_face/model_experiments/segformer/exp2TTC_segformer-b5-finetuned-ade-640-640/processed_videos/segformer_model-BConcave+EConcave+3900_flipped/org_segmentation
2025-07-26 10:30:38,516 - INFO - All collision results already exist for BConcave+EConcave+3900_flipped
2025-07-26 10:30:38,518 - DEBUG - Loaded collision time for BConcave+EConcave+3900_flipped at IoU 0.05: 4066.6666666666665
2025-07-26 10:30:38,519 - DEBUG - Loaded collision time for BConcave+EConcave+3900_flipped at IoU 0.1: 4116.666666666666
2025-07-26 10:30:38,521 - DEBUG - Loaded collision time for BConcave+EConcave+3900_flipped at IoU 0.15: 4283.333333333333
2025-07-26 10:30:38,522 - DEBUG - Loaded collision time for BConcave+EConcave+3900_flipped at IoU 0.2: 4383.333333333334
2025-07-26 10:30:38,524 - DEBUG - Loaded collision time for BConcave+EConcave+3900_flipped at IoU 0.25: nan
2025-07-26 10:30:38,525 - DEBUG - Loaded collision time for BConcave+EConcave+3900_flipped at IoU 0.3: nan
2025-07-26 10:30:38,527 - DEBUG - Loaded collision time for BConcave+EConcave+3900_flipped at IoU 0.35: nan
2025-07-26 10:30:38,528 - DEBUG - Loaded collision time for BConcave+EConcave+3900_flipped at IoU 0.4: nan
2025-07-26 10:30:38,530 - DEBUG - Loaded collision time for BConcave+EConcave+3900_flipped at IoU 0.45: nan
2025-07-26 10:30:38,531 - DEBUG - Loaded collision time for BConcave+EConcave+3900_flipped at IoU 0.5: nan
2025-07-26 10:30:38,532 - DEBUG - Loaded collision time for BConcave+EConcave+3900_flipped at IoU 0.55: nan
2025-07-26 10:30:38,534 - DEBUG - Loaded collision time for BConcave+EConcave+3900_flipped at IoU 0.6: nan
2025-07-26 10:30:38,535 - DEBUG - Loaded collision time for BConcave+EConcave+3900_flipped at IoU 0.65: nan
2025-07-26 10:30:38,536 - DEBUG - Loaded collision time for BConcave+EConcave+3900_flipped at IoU 0.7: nan
2025-07-26 10:30:38,538 - DEBUG - Loaded collision time for BConcave+EConcave+3900_flipped at IoU 0.75: nan
2025-07-26 10:30:38,539 - DEBUG - Loaded collision time for BConcave+EConcave+3900_flipped at IoU 0.8: nan
2025-07-26 10:30:38,541 - DEBUG - Loaded collision time for BConcave+EConcave+3900_flipped at IoU 0.85: nan
2025-07-26 10:30:38,542 - DEBUG - Loaded collision time for BConcave+EConcave+3900_flipped at IoU 0.9: nan
2025-07-26 10:30:38,544 - DEBUG - Loaded collision time for BConcave+EConcave+3900_flipped at IoU 0.95: nan
2025-07-26 10:30:38,544 - INFO - Processing video: BConcave+EConcave+4100
2025-07-26 10:30:38,544 - INFO - Video BConcave+EConcave+4100 already processed (found segformer_model-BConcave+EConcave+4100.mp4), skipping video processing...
2025-07-26 10:30:38,549 - INFO - VanillaSegmentationSaver initialized with output dir: /home/projects/bagon/andreyg/Projects/Object_reps_neural/Programming/hugging_face/model_experiments/segformer/exp2TTC_segformer-b5-finetuned-ade-640-640/processed_videos/segformer_model-BConcave+EConcave+4100/org_segmentation
2025-07-26 10:30:38,551 - INFO - All collision results already exist for BConcave+EConcave+4100
2025-07-26 10:30:38,552 - DEBUG - Loaded collision time for BConcave+EConcave+4100 at IoU 0.05: 4300.0
2025-07-26 10:30:38,553 - DEBUG - Loaded collision time for BConcave+EConcave+4100 at IoU 0.1: 4416.666666666667
2025-07-26 10:30:38,555 - DEBUG - Loaded collision time for BConcave+EConcave+4100 at IoU 0.15: 4566.666666666666
2025-07-26 10:30:38,556 - DEBUG - Loaded collision time for BConcave+EConcave+4100 at IoU 0.2: nan
2025-07-26 10:30:38,557 - DEBUG - Loaded collision time for BConcave+EConcave+4100 at IoU 0.25: nan
2025-07-26 10:30:38,558 - DEBUG - Loaded collision time for BConcave+EConcave+4100 at IoU 0.3: nan
2025-07-26 10:30:38,559 - DEBUG - Loaded collision time for BConcave+EConcave+4100 at IoU 0.35: nan
2025-07-26 10:30:38,561 - DEBUG - Loaded collision time for BConcave+EConcave+4100 at IoU 0.4: nan
2025-07-26 10:30:38,562 - DEBUG - Loaded collision time for BConcave+EConcave+4100 at IoU 0.45: nan
2025-07-26 10:30:38,563 - DEBUG - Loaded collision time for BConcave+EConcave+4100 at IoU 0.5: nan
2025-07-26 10:30:38,564 - DEBUG - Loaded collision time for BConcave+EConcave+4100 at IoU 0.55: nan
2025-07-26 10:30:38,566 - DEBUG - Loaded collision time for BConcave+EConcave+4100 at IoU 0.6: nan
2025-07-26 10:30:38,567 - DEBUG - Loaded collision time for BConcave+EConcave+4100 at IoU 0.65: nan
2025-07-26 10:30:38,569 - DEBUG - Loaded collision time for BConcave+EConcave+4100 at IoU 0.7: nan
2025-07-26 10:30:38,570 - DEBUG - Loaded collision time for BConcave+EConcave+4100 at IoU 0.75: nan
2025-07-26 10:30:38,571 - DEBUG - Loaded collision time for BConcave+EConcave+4100 at IoU 0.8: nan
2025-07-26 10:30:38,573 - DEBUG - Loaded collision time for BConcave+EConcave+4100 at IoU 0.85: nan
2025-07-26 10:30:38,574 - DEBUG - Loaded collision time for BConcave+EConcave+4100 at IoU 0.9: nan
2025-07-26 10:30:38,576 - DEBUG - Loaded collision time for BConcave+EConcave+4100 at IoU 0.95: nan
2025-07-26 10:30:38,576 - INFO - Processing video: BConcave+EConcave+4300_flipped
2025-07-26 10:30:38,576 - INFO - Video BConcave+EConcave+4300_flipped already processed (found segformer_model-BConcave+EConcave+4300_flipped.mp4), skipping video processing...
2025-07-26 10:30:38,581 - INFO - VanillaSegmentationSaver initialized with output dir: /home/projects/bagon/andreyg/Projects/Object_reps_neural/Programming/hugging_face/model_experiments/segformer/exp2TTC_segformer-b5-finetuned-ade-640-640/processed_videos/segformer_model-BConcave+EConcave+4300_flipped/org_segmentation
2025-07-26 10:30:38,583 - INFO - All collision results already exist for BConcave+EConcave+4300_flipped
2025-07-26 10:30:38,584 - DEBUG - Loaded collision time for BConcave+EConcave+4300_flipped at IoU 0.05: 4500.0
2025-07-26 10:30:38,587 - DEBUG - Loaded collision time for BConcave+EConcave+4300_flipped at IoU 0.1: 4633.333333333334
2025-07-26 10:30:38,589 - DEBUG - Loaded collision time for BConcave+EConcave+4300_flipped at IoU 0.15: nan
2025-07-26 10:30:38,590 - DEBUG - Loaded collision time for BConcave+EConcave+4300_flipped at IoU 0.2: nan
2025-07-26 10:30:38,591 - DEBUG - Loaded collision time for BConcave+EConcave+4300_flipped at IoU 0.25: nan
2025-07-26 10:30:38,593 - DEBUG - Loaded collision time for BConcave+EConcave+4300_flipped at IoU 0.3: nan
2025-07-26 10:30:38,594 - DEBUG - Loaded collision time for BConcave+EConcave+4300_flipped at IoU 0.35: nan
2025-07-26 10:30:38,595 - DEBUG - Loaded collision time for BConcave+EConcave+4300_flipped at IoU 0.4: nan
2025-07-26 10:30:38,596 - DEBUG - Loaded collision time for BConcave+EConcave+4300_flipped at IoU 0.45: nan
2025-07-26 10:30:38,598 - DEBUG - Loaded collision time for BConcave+EConcave+4300_flipped at IoU 0.5: nan
2025-07-26 10:30:38,599 - DEBUG - Loaded collision time for BConcave+EConcave+4300_flipped at IoU 0.55: nan
2025-07-26 10:30:38,602 - DEBUG - Loaded collision time for BConcave+EConcave+4300_flipped at IoU 0.6: nan
2025-07-26 10:30:38,604 - DEBUG - Loaded collision time for BConcave+EConcave+4300_flipped at IoU 0.65: nan
2025-07-26 10:30:38,605 - DEBUG - Loaded collision time for BConcave+EConcave+4300_flipped at IoU 0.7: nan
2025-07-26 10:30:38,606 - DEBUG - Loaded collision time for BConcave+EConcave+4300_flipped at IoU 0.75: nan
2025-07-26 10:30:38,607 - DEBUG - Loaded collision time for BConcave+EConcave+4300_flipped at IoU 0.8: nan
2025-07-26 10:30:38,608 - DEBUG - Loaded collision time for BConcave+EConcave+4300_flipped at IoU 0.85: nan
2025-07-26 10:30:38,610 - DEBUG - Loaded collision time for BConcave+EConcave+4300_flipped at IoU 0.9: nan
2025-07-26 10:30:38,611 - DEBUG - Loaded collision time for BConcave+EConcave+4300_flipped at IoU 0.95: nan
2025-07-26 10:30:38,611 - INFO - Processing video: BConcave+EConcave+4500
2025-07-26 10:30:38,611 - INFO - Video BConcave+EConcave+4500 already processed (found segformer_model-BConcave+EConcave+4500.mp4), skipping video processing...
2025-07-26 10:30:38,616 - INFO - VanillaSegmentationSaver initialized with output dir: /home/projects/bagon/andreyg/Projects/Object_reps_neural/Programming/hugging_face/model_experiments/segformer/exp2TTC_segformer-b5-finetuned-ade-640-640/processed_videos/segformer_model-BConcave+EConcave+4500/org_segmentation
2025-07-26 10:30:38,618 - INFO - All collision results already exist for BConcave+EConcave+4500
2025-07-26 10:30:38,619 - DEBUG - Loaded collision time for BConcave+EConcave+4500 at IoU 0.05: 3966.666666666667
2025-07-26 10:30:38,621 - DEBUG - Loaded collision time for BConcave+EConcave+4500 at IoU 0.1: 4150.0
2025-07-26 10:30:38,622 - DEBUG - Loaded collision time for BConcave+EConcave+4500 at IoU 0.15: 4283.333333333333
2025-07-26 10:30:38,623 - DEBUG - Loaded collision time for BConcave+EConcave+4500 at IoU 0.2: 4416.666666666667
2025-07-26 10:30:38,625 - DEBUG - Loaded collision time for BConcave+EConcave+4500 at IoU 0.25: 4533.333333333333
2025-07-26 10:30:38,626 - DEBUG - Loaded collision time for BConcave+EConcave+4500 at IoU 0.3: 4650.0
2025-07-26 10:30:38,627 - DEBUG - Loaded collision time for BConcave+EConcave+4500 at IoU 0.35: 4750.0
2025-07-26 10:30:38,628 - DEBUG - Loaded collision time for BConcave+EConcave+4500 at IoU 0.4: nan
2025-07-26 10:30:38,630 - DEBUG - Loaded collision time for BConcave+EConcave+4500 at IoU 0.45: nan
2025-07-26 10:30:38,631 - DEBUG - Loaded collision time for BConcave+EConcave+4500 at IoU 0.5: nan
2025-07-26 10:30:38,633 - DEBUG - Loaded collision time for BConcave+EConcave+4500 at IoU 0.55: nan
2025-07-26 10:30:38,634 - DEBUG - Loaded collision time for BConcave+EConcave+4500 at IoU 0.6: nan
2025-07-26 10:30:38,635 - DEBUG - Loaded collision time for BConcave+EConcave+4500 at IoU 0.65: nan
2025-07-26 10:30:38,637 - DEBUG - Loaded collision time for BConcave+EConcave+4500 at IoU 0.7: nan
2025-07-26 10:30:38,638 - DEBUG - Loaded collision time for BConcave+EConcave+4500 at IoU 0.75: nan
2025-07-26 10:30:38,639 - DEBUG - Loaded collision time for BConcave+EConcave+4500 at IoU 0.8: nan
2025-07-26 10:30:38,641 - DEBUG - Loaded collision time for BConcave+EConcave+4500 at IoU 0.85: nan
2025-07-26 10:30:38,642 - DEBUG - Loaded collision time for BConcave+EConcave+4500 at IoU 0.9: nan
2025-07-26 10:30:38,643 - DEBUG - Loaded collision time for BConcave+EConcave+4500 at IoU 0.95: nan
2025-07-26 10:30:38,643 - INFO - Processing video: BConcave+EConvex+3500
2025-07-26 10:30:38,643 - INFO - Video BConcave+EConvex+3500 already processed (found segformer_model-BConcave+EConvex+3500.mp4), skipping video processing...
2025-07-26 10:30:38,648 - INFO - VanillaSegmentationSaver initialized with output dir: /home/projects/bagon/andreyg/Projects/Object_reps_neural/Programming/hugging_face/model_experiments/segformer/exp2TTC_segformer-b5-finetuned-ade-640-640/processed_videos/segformer_model-BConcave+EConvex+3500/org_segmentation
2025-07-26 10:30:38,650 - INFO - All collision results already exist for BConcave+EConvex+3500
2025-07-26 10:30:38,651 - DEBUG - Loaded collision time for BConcave+EConvex+3500 at IoU 0.05: 3733.3333333333335
2025-07-26 10:30:38,653 - DEBUG - Loaded collision time for BConcave+EConvex+3500 at IoU 0.1: 3850.0
2025-07-26 10:30:38,654 - DEBUG - Loaded collision time for BConcave+EConvex+3500 at IoU 0.15: 3950.0
2025-07-26 10:30:38,655 - DEBUG - Loaded collision time for BConcave+EConvex+3500 at IoU 0.2: 4066.6666666666665
2025-07-26 10:30:38,656 - DEBUG - Loaded collision time for BConcave+EConvex+3500 at IoU 0.25: 4233.333333333333
2025-07-26 10:30:38,658 - DEBUG - Loaded collision time for BConcave+EConvex+3500 at IoU 0.3: nan
2025-07-26 10:30:38,659 - DEBUG - Loaded collision time for BConcave+EConvex+3500 at IoU 0.35: nan
2025-07-26 10:30:38,661 - DEBUG - Loaded collision time for BConcave+EConvex+3500 at IoU 0.4: nan
2025-07-26 10:30:38,662 - DEBUG - Loaded collision time for BConcave+EConvex+3500 at IoU 0.45: nan
2025-07-26 10:30:38,663 - DEBUG - Loaded collision time for BConcave+EConvex+3500 at IoU 0.5: nan
2025-07-26 10:30:38,664 - DEBUG - Loaded collision time for BConcave+EConvex+3500 at IoU 0.55: nan
2025-07-26 10:30:38,666 - DEBUG - Loaded collision time for BConcave+EConvex+3500 at IoU 0.6: nan
2025-07-26 10:30:38,667 - DEBUG - Loaded collision time for BConcave+EConvex+3500 at IoU 0.65: nan
2025-07-26 10:30:38,668 - DEBUG - Loaded collision time for BConcave+EConvex+3500 at IoU 0.7: nan
2025-07-26 10:30:38,670 - DEBUG - Loaded collision time for BConcave+EConvex+3500 at IoU 0.75: nan
2025-07-26 10:30:38,671 - DEBUG - Loaded collision time for BConcave+EConvex+3500 at IoU 0.8: nan
2025-07-26 10:30:38,673 - DEBUG - Loaded collision time for BConcave+EConvex+3500 at IoU 0.85: nan
2025-07-26 10:30:38,674 - DEBUG - Loaded collision time for BConcave+EConvex+3500 at IoU 0.9: nan
2025-07-26 10:30:38,675 - DEBUG - Loaded collision time for BConcave+EConvex+3500 at IoU 0.95: nan
2025-07-26 10:30:38,675 - INFO - Processing video: BConcave+EConvex+3700_flipped
2025-07-26 10:30:38,676 - INFO - Video BConcave+EConvex+3700_flipped already processed (found segformer_model-BConcave+EConvex+3700_flipped.mp4), skipping video processing...
2025-07-26 10:30:38,680 - INFO - VanillaSegmentationSaver initialized with output dir: /home/projects/bagon/andreyg/Projects/Object_reps_neural/Programming/hugging_face/model_experiments/segformer/exp2TTC_segformer-b5-finetuned-ade-640-640/processed_videos/segformer_model-BConcave+EConvex+3700_flipped/org_segmentation
2025-07-26 10:30:38,682 - INFO - All collision results already exist for BConcave+EConvex+3700_flipped
2025-07-26 10:30:38,683 - DEBUG - Loaded collision time for BConcave+EConvex+3700_flipped at IoU 0.05: 3966.666666666667
2025-07-26 10:30:38,685 - DEBUG - Loaded collision time for BConcave+EConvex+3700_flipped at IoU 0.1: 4066.6666666666665
2025-07-26 10:30:38,686 - DEBUG - Loaded collision time for BConcave+EConvex+3700_flipped at IoU 0.15: 4150.0
2025-07-26 10:30:38,687 - DEBUG - Loaded collision time for BConcave+EConvex+3700_flipped at IoU 0.2: 4266.666666666667
2025-07-26 10:30:38,689 - DEBUG - Loaded collision time for BConcave+EConvex+3700_flipped at IoU 0.25: 4383.333333333334
2025-07-26 10:30:38,690 - DEBUG - Loaded collision time for BConcave+EConvex+3700_flipped at IoU 0.3: nan
2025-07-26 10:30:38,691 - DEBUG - Loaded collision time for BConcave+EConvex+3700_flipped at IoU 0.35: nan
2025-07-26 10:30:38,693 - DEBUG - Loaded collision time for BConcave+EConvex+3700_flipped at IoU 0.4: nan
2025-07-26 10:30:38,694 - DEBUG - Loaded collision time for BConcave+EConvex+3700_flipped at IoU 0.45: nan
2025-07-26 10:30:38,695 - DEBUG - Loaded collision time for BConcave+EConvex+3700_flipped at IoU 0.5: nan
2025-07-26 10:30:38,697 - DEBUG - Loaded collision time for BConcave+EConvex+3700_flipped at IoU 0.55: nan
2025-07-26 10:30:38,698 - DEBUG - Loaded collision time for BConcave+EConvex+3700_flipped at IoU 0.6: nan
2025-07-26 10:30:38,699 - DEBUG - Loaded collision time for BConcave+EConvex+3700_flipped at IoU 0.65: nan
2025-07-26 10:30:38,704 - DEBUG - Loaded collision time for BConcave+EConvex+3700_flipped at IoU 0.7: nan
2025-07-26 10:30:38,707 - DEBUG - Loaded collision time for BConcave+EConvex+3700_flipped at IoU 0.75: nan
2025-07-26 10:30:38,709 - DEBUG - Loaded collision time for BConcave+EConvex+3700_flipped at IoU 0.8: nan
2025-07-26 10:30:38,710 - DEBUG - Loaded collision time for BConcave+EConvex+3700_flipped at IoU 0.85: nan
2025-07-26 10:30:38,711 - DEBUG - Loaded collision time for BConcave+EConvex+3700_flipped at IoU 0.9: nan
2025-07-26 10:30:38,712 - DEBUG - Loaded collision time for BConcave+EConvex+3700_flipped at IoU 0.95: nan
2025-07-26 10:30:38,713 - INFO - Processing video: BConcave+EConvex+3900
2025-07-26 10:30:38,713 - INFO - Video BConcave+EConvex+3900 already processed (found segformer_model-BConcave+EConvex+3900.mp4), skipping video processing...
2025-07-26 10:30:38,717 - INFO - VanillaSegmentationSaver initialized with output dir: /home/projects/bagon/andreyg/Projects/Object_reps_neural/Programming/hugging_face/model_experiments/segformer/exp2TTC_segformer-b5-finetuned-ade-640-640/processed_videos/segformer_model-BConcave+EConvex+3900/org_segmentation
2025-07-26 10:30:38,719 - INFO - All collision results already exist for BConcave+EConvex+3900
2025-07-26 10:30:38,721 - DEBUG - Loaded collision time for BConcave+EConvex+3900 at IoU 0.05: 4150.0
2025-07-26 10:30:38,722 - DEBUG - Loaded collision time for BConcave+EConvex+3900 at IoU 0.1: 4250.0
2025-07-26 10:30:38,723 - DEBUG - Loaded collision time for BConcave+EConvex+3900 at IoU 0.15: 4366.666666666666
2025-07-26 10:30:38,725 - DEBUG - Loaded collision time for BConcave+EConvex+3900 at IoU 0.2: 4466.666666666667
2025-07-26 10:30:38,726 - DEBUG - Loaded collision time for BConcave+EConvex+3900 at IoU 0.25: 4633.333333333334
2025-07-26 10:30:38,727 - DEBUG - Loaded collision time for BConcave+EConvex+3900 at IoU 0.3: nan
2025-07-26 10:30:38,729 - DEBUG - Loaded collision time for BConcave+EConvex+3900 at IoU 0.35: nan
2025-07-26 10:30:38,730 - DEBUG - Loaded collision time for BConcave+EConvex+3900 at IoU 0.4: nan
2025-07-26 10:30:38,731 - DEBUG - Loaded collision time for BConcave+EConvex+3900 at IoU 0.45: nan
2025-07-26 10:30:38,732 - DEBUG - Loaded collision time for BConcave+EConvex+3900 at IoU 0.5: nan
2025-07-26 10:30:38,734 - DEBUG - Loaded collision time for BConcave+EConvex+3900 at IoU 0.55: nan
2025-07-26 10:30:38,735 - DEBUG - Loaded collision time for BConcave+EConvex+3900 at IoU 0.6: nan
2025-07-26 10:30:38,736 - DEBUG - Loaded collision time for BConcave+EConvex+3900 at IoU 0.65: nan
2025-07-26 10:30:38,738 - DEBUG - Loaded collision time for BConcave+EConvex+3900 at IoU 0.7: nan
2025-07-26 10:30:38,739 - DEBUG - Loaded collision time for BConcave+EConvex+3900 at IoU 0.75: nan
2025-07-26 10:30:38,740 - DEBUG - Loaded collision time for BConcave+EConvex+3900 at IoU 0.8: nan
2025-07-26 10:30:38,741 - DEBUG - Loaded collision time for BConcave+EConvex+3900 at IoU 0.85: nan
2025-07-26 10:30:38,743 - DEBUG - Loaded collision time for BConcave+EConvex+3900 at IoU 0.9: nan
2025-07-26 10:30:38,744 - DEBUG - Loaded collision time for BConcave+EConvex+3900 at IoU 0.95: nan
2025-07-26 10:30:38,744 - INFO - Processing video: BConcave+EConvex+4100_flipped
2025-07-26 10:30:38,744 - INFO - Video BConcave+EConvex+4100_flipped already processed (found segformer_model-BConcave+EConvex+4100_flipped.mp4), skipping video processing...
2025-07-26 10:30:38,749 - INFO - VanillaSegmentationSaver initialized with output dir: /home/projects/bagon/andreyg/Projects/Object_reps_neural/Programming/hugging_face/model_experiments/segformer/exp2TTC_segformer-b5-finetuned-ade-640-640/processed_videos/segformer_model-BConcave+EConvex+4100_flipped/org_segmentation
2025-07-26 10:30:38,751 - INFO - All collision results already exist for BConcave+EConvex+4100_flipped
2025-07-26 10:30:38,752 - DEBUG - Loaded collision time for BConcave+EConvex+4100_flipped at IoU 0.05: 4350.0
2025-07-26 10:30:38,754 - DEBUG - Loaded collision time for BConcave+EConvex+4100_flipped at IoU 0.1: 4466.666666666667
2025-07-26 10:30:38,755 - DEBUG - Loaded collision time for BConcave+EConvex+4100_flipped at IoU 0.15: 4566.666666666666
2025-07-26 10:30:38,756 - DEBUG - Loaded collision time for BConcave+EConvex+4100_flipped at IoU 0.2: 4650.0
2025-07-26 10:30:38,758 - DEBUG - Loaded collision time for BConcave+EConvex+4100_flipped at IoU 0.25: 4766.666666666667
2025-07-26 10:30:38,759 - DEBUG - Loaded collision time for BConcave+EConvex+4100_flipped at IoU 0.3: 4866.666666666666
2025-07-26 10:30:38,760 - DEBUG - Loaded collision time for BConcave+EConvex+4100_flipped at IoU 0.35: nan
2025-07-26 10:30:38,762 - DEBUG - Loaded collision time for BConcave+EConvex+4100_flipped at IoU 0.4: nan
2025-07-26 10:30:38,763 - DEBUG - Loaded collision time for BConcave+EConvex+4100_flipped at IoU 0.45: nan
2025-07-26 10:30:38,764 - DEBUG - Loaded collision time for BConcave+EConvex+4100_flipped at IoU 0.5: nan
2025-07-26 10:30:38,765 - DEBUG - Loaded collision time for BConcave+EConvex+4100_flipped at IoU 0.55: nan
2025-07-26 10:30:38,767 - DEBUG - Loaded collision time for BConcave+EConvex+4100_flipped at IoU 0.6: nan
2025-07-26 10:30:38,768 - DEBUG - Loaded collision time for BConcave+EConvex+4100_flipped at IoU 0.65: nan
2025-07-26 10:30:38,769 - DEBUG - Loaded collision time for BConcave+EConvex+4100_flipped at IoU 0.7: nan
2025-07-26 10:30:38,771 - DEBUG - Loaded collision time for BConcave+EConvex+4100_flipped at IoU 0.75: nan
2025-07-26 10:30:38,772 - DEBUG - Loaded collision time for BConcave+EConvex+4100_flipped at IoU 0.8: nan
2025-07-26 10:30:38,773 - DEBUG - Loaded collision time for BConcave+EConvex+4100_flipped at IoU 0.85: nan
2025-07-26 10:30:38,775 - DEBUG - Loaded collision time for BConcave+EConvex+4100_flipped at IoU 0.9: nan
2025-07-26 10:30:38,776 - DEBUG - Loaded collision time for BConcave+EConvex+4100_flipped at IoU 0.95: nan
2025-07-26 10:30:38,776 - INFO - Processing video: BConcave+EConvex+4300
2025-07-26 10:30:38,776 - INFO - Video BConcave+EConvex+4300 already processed (found segformer_model-BConcave+EConvex+4300.mp4), skipping video processing...
2025-07-26 10:30:38,781 - INFO - VanillaSegmentationSaver initialized with output dir: /home/projects/bagon/andreyg/Projects/Object_reps_neural/Programming/hugging_face/model_experiments/segformer/exp2TTC_segformer-b5-finetuned-ade-640-640/processed_videos/segformer_model-BConcave+EConvex+4300/org_segmentation
2025-07-26 10:30:38,784 - INFO - All collision results already exist for BConcave+EConvex+4300
2025-07-26 10:30:38,785 - DEBUG - Loaded collision time for BConcave+EConvex+4300 at IoU 0.05: 4550.0
2025-07-26 10:30:38,786 - DEBUG - Loaded collision time for BConcave+EConvex+4300 at IoU 0.1: 4683.333333333334
2025-07-26 10:30:38,788 - DEBUG - Loaded collision time for BConcave+EConvex+4300 at IoU 0.15: 4733.333333333333
2025-07-26 10:30:38,789 - DEBUG - Loaded collision time for BConcave+EConvex+4300 at IoU 0.2: 4800.0
2025-07-26 10:30:38,790 - DEBUG - Loaded collision time for BConcave+EConvex+4300 at IoU 0.25: 4916.666666666667
2025-07-26 10:30:38,791 - DEBUG - Loaded collision time for BConcave+EConvex+4300 at IoU 0.3: nan
2025-07-26 10:30:38,793 - DEBUG - Loaded collision time for BConcave+EConvex+4300 at IoU 0.35: nan
2025-07-26 10:30:38,794 - DEBUG - Loaded collision time for BConcave+EConvex+4300 at IoU 0.4: nan
2025-07-26 10:30:38,795 - DEBUG - Loaded collision time for BConcave+EConvex+4300 at IoU 0.45: nan
2025-07-26 10:30:38,797 - DEBUG - Loaded collision time for BConcave+EConvex+4300 at IoU 0.5: nan
2025-07-26 10:30:38,798 - DEBUG - Loaded collision time for BConcave+EConvex+4300 at IoU 0.55: nan
2025-07-26 10:30:38,799 - DEBUG - Loaded collision time for BConcave+EConvex+4300 at IoU 0.6: nan
2025-07-26 10:30:38,800 - DEBUG - Loaded collision time for BConcave+EConvex+4300 at IoU 0.65: nan
2025-07-26 10:30:38,802 - DEBUG - Loaded collision time for BConcave+EConvex+4300 at IoU 0.7: nan
2025-07-26 10:30:38,803 - DEBUG - Loaded collision time for BConcave+EConvex+4300 at IoU 0.75: nan
2025-07-26 10:30:38,804 - DEBUG - Loaded collision time for BConcave+EConvex+4300 at IoU 0.8: nan
2025-07-26 10:30:38,806 - DEBUG - Loaded collision time for BConcave+EConvex+4300 at IoU 0.85: nan
2025-07-26 10:30:38,807 - DEBUG - Loaded collision time for BConcave+EConvex+4300 at IoU 0.9: nan
2025-07-26 10:30:38,808 - DEBUG - Loaded collision time for BConcave+EConvex+4300 at IoU 0.95: nan
2025-07-26 10:30:38,808 - INFO - Processing video: BConcave+EConvex+4500_flipped
2025-07-26 10:30:38,809 - INFO - Video BConcave+EConvex+4500_flipped already processed (found segformer_model-BConcave+EConvex+4500_flipped.mp4), skipping video processing...
2025-07-26 10:30:38,813 - INFO - VanillaSegmentationSaver initialized with output dir: /home/projects/bagon/andreyg/Projects/Object_reps_neural/Programming/hugging_face/model_experiments/segformer/exp2TTC_segformer-b5-finetuned-ade-640-640/processed_videos/segformer_model-BConcave+EConvex+4500_flipped/org_segmentation
2025-07-26 10:30:38,815 - INFO - All collision results already exist for BConcave+EConvex+4500_flipped
2025-07-26 10:30:38,816 - DEBUG - Loaded collision time for BConcave+EConvex+4500_flipped at IoU 0.05: 4733.333333333333
2025-07-26 10:30:38,817 - DEBUG - Loaded collision time for BConcave+EConvex+4500_flipped at IoU 0.1: 4833.333333333333
2025-07-26 10:30:38,819 - DEBUG - Loaded collision time for BConcave+EConvex+4500_flipped at IoU 0.15: 4900.0
2025-07-26 10:30:38,820 - DEBUG - Loaded collision time for BConcave+EConvex+4500_flipped at IoU 0.2: 5000.0
2025-07-26 10:30:38,821 - DEBUG - Loaded collision time for BConcave+EConvex+4500_flipped at IoU 0.25: 5050.0
2025-07-26 10:30:38,823 - DEBUG - Loaded collision time for BConcave+EConvex+4500_flipped at IoU 0.3: 5216.666666666667
2025-07-26 10:30:38,824 - DEBUG - Loaded collision time for BConcave+EConvex+4500_flipped at IoU 0.35: nan
2025-07-26 10:30:38,825 - DEBUG - Loaded collision time for BConcave+EConvex+4500_flipped at IoU 0.4: nan
2025-07-26 10:30:38,830 - DEBUG - Loaded collision time for BConcave+EConvex+4500_flipped at IoU 0.45: nan
2025-07-26 10:30:38,832 - DEBUG - Loaded collision time for BConcave+EConvex+4500_flipped at IoU 0.5: nan
2025-07-26 10:30:38,833 - DEBUG - Loaded collision time for BConcave+EConvex+4500_flipped at IoU 0.55: nan
2025-07-26 10:30:38,834 - DEBUG - Loaded collision time for BConcave+EConvex+4500_flipped at IoU 0.6: nan
2025-07-26 10:30:38,835 - DEBUG - Loaded collision time for BConcave+EConvex+4500_flipped at IoU 0.65: nan
2025-07-26 10:30:38,837 - DEBUG - Loaded collision time for BConcave+EConvex+4500_flipped at IoU 0.7: nan
2025-07-26 10:30:38,838 - DEBUG - Loaded collision time for BConcave+EConvex+4500_flipped at IoU 0.75: nan
2025-07-26 10:30:38,839 - DEBUG - Loaded collision time for BConcave+EConvex+4500_flipped at IoU 0.8: nan
2025-07-26 10:30:38,841 - DEBUG - Loaded collision time for BConcave+EConvex+4500_flipped at IoU 0.85: nan
2025-07-26 10:30:38,842 - DEBUG - Loaded collision time for BConcave+EConvex+4500_flipped at IoU 0.9: nan
2025-07-26 10:30:38,843 - DEBUG - Loaded collision time for BConcave+EConvex+4500_flipped at IoU 0.95: nan
2025-07-26 10:30:38,843 - INFO - Processing video: BConcave+FConcave+3500_flipped
2025-07-26 10:30:38,843 - INFO - Video BConcave+FConcave+3500_flipped already processed (found segformer_model-BConcave+FConcave+3500_flipped.mp4), skipping video processing...
2025-07-26 10:30:38,848 - INFO - VanillaSegmentationSaver initialized with output dir: /home/projects/bagon/andreyg/Projects/Object_reps_neural/Programming/hugging_face/model_experiments/segformer/exp2TTC_segformer-b5-finetuned-ade-640-640/processed_videos/segformer_model-BConcave+FConcave+3500_flipped/org_segmentation
2025-07-26 10:30:38,850 - INFO - All collision results already exist for BConcave+FConcave+3500_flipped
2025-07-26 10:30:38,851 - DEBUG - Loaded collision time for BConcave+FConcave+3500_flipped at IoU 0.05: 4116.666666666666
2025-07-26 10:30:38,853 - DEBUG - Loaded collision time for BConcave+FConcave+3500_flipped at IoU 0.1: 4333.333333333333
2025-07-26 10:30:38,854 - DEBUG - Loaded collision time for BConcave+FConcave+3500_flipped at IoU 0.15: nan
2025-07-26 10:30:38,855 - DEBUG - Loaded collision time for BConcave+FConcave+3500_flipped at IoU 0.2: nan
2025-07-26 10:30:38,856 - DEBUG - Loaded collision time for BConcave+FConcave+3500_flipped at IoU 0.25: nan
2025-07-26 10:30:38,858 - DEBUG - Loaded collision time for BConcave+FConcave+3500_flipped at IoU 0.3: nan
2025-07-26 10:30:38,859 - DEBUG - Loaded collision time for BConcave+FConcave+3500_flipped at IoU 0.35: nan
2025-07-26 10:30:38,860 - DEBUG - Loaded collision time for BConcave+FConcave+3500_flipped at IoU 0.4: nan
2025-07-26 10:30:38,862 - DEBUG - Loaded collision time for BConcave+FConcave+3500_flipped at IoU 0.45: nan
2025-07-26 10:30:38,863 - DEBUG - Loaded collision time for BConcave+FConcave+3500_flipped at IoU 0.5: nan
2025-07-26 10:30:38,864 - DEBUG - Loaded collision time for BConcave+FConcave+3500_flipped at IoU 0.55: nan
2025-07-26 10:30:38,866 - DEBUG - Loaded collision time for BConcave+FConcave+3500_flipped at IoU 0.6: nan
2025-07-26 10:30:38,867 - DEBUG - Loaded collision time for BConcave+FConcave+3500_flipped at IoU 0.65: nan
2025-07-26 10:30:38,868 - DEBUG - Loaded collision time for BConcave+FConcave+3500_flipped at IoU 0.7: nan
2025-07-26 10:30:38,869 - DEBUG - Loaded collision time for BConcave+FConcave+3500_flipped at IoU 0.75: nan
2025-07-26 10:30:38,871 - DEBUG - Loaded collision time for BConcave+FConcave+3500_flipped at IoU 0.8: nan
2025-07-26 10:30:38,872 - DEBUG - Loaded collision time for BConcave+FConcave+3500_flipped at IoU 0.85: nan
2025-07-26 10:30:38,874 - DEBUG - Loaded collision time for BConcave+FConcave+3500_flipped at IoU 0.9: nan
2025-07-26 10:30:38,875 - DEBUG - Loaded collision time for BConcave+FConcave+3500_flipped at IoU 0.95: nan
2025-07-26 10:30:38,875 - INFO - Processing video: BConcave+FConcave+3700
2025-07-26 10:30:38,875 - INFO - Video BConcave+FConcave+3700 already processed (found segformer_model-BConcave+FConcave+3700.mp4), skipping video processing...
2025-07-26 10:30:38,880 - INFO - VanillaSegmentationSaver initialized with output dir: /home/projects/bagon/andreyg/Projects/Object_reps_neural/Programming/hugging_face/model_experiments/segformer/exp2TTC_segformer-b5-finetuned-ade-640-640/processed_videos/segformer_model-BConcave+FConcave+3700/org_segmentation
2025-07-26 10:30:38,882 - INFO - All collision results already exist for BConcave+FConcave+3700
2025-07-26 10:30:38,883 - DEBUG - Loaded collision time for BConcave+FConcave+3700 at IoU 0.05: 3766.6666666666665
2025-07-26 10:30:38,885 - DEBUG - Loaded collision time for BConcave+FConcave+3700 at IoU 0.1: 4316.666666666666
2025-07-26 10:30:38,886 - DEBUG - Loaded collision time for BConcave+FConcave+3700 at IoU 0.15: nan
2025-07-26 10:30:38,888 - DEBUG - Loaded collision time for BConcave+FConcave+3700 at IoU 0.2: nan
2025-07-26 10:30:38,889 - DEBUG - Loaded collision time for BConcave+FConcave+3700 at IoU 0.25: nan
2025-07-26 10:30:38,890 - DEBUG - Loaded collision time for BConcave+FConcave+3700 at IoU 0.3: nan
2025-07-26 10:30:38,892 - DEBUG - Loaded collision time for BConcave+FConcave+3700 at IoU 0.35: nan
2025-07-26 10:30:38,893 - DEBUG - Loaded collision time for BConcave+FConcave+3700 at IoU 0.4: nan
2025-07-26 10:30:38,894 - DEBUG - Loaded collision time for BConcave+FConcave+3700 at IoU 0.45: nan
2025-07-26 10:30:38,896 - DEBUG - Loaded collision time for BConcave+FConcave+3700 at IoU 0.5: nan
2025-07-26 10:30:38,897 - DEBUG - Loaded collision time for BConcave+FConcave+3700 at IoU 0.55: nan
2025-07-26 10:30:38,898 - DEBUG - Loaded collision time for BConcave+FConcave+3700 at IoU 0.6: nan
2025-07-26 10:30:38,900 - DEBUG - Loaded collision time for BConcave+FConcave+3700 at IoU 0.65: nan
2025-07-26 10:30:38,901 - DEBUG - Loaded collision time for BConcave+FConcave+3700 at IoU 0.7: nan
2025-07-26 10:30:38,902 - DEBUG - Loaded collision time for BConcave+FConcave+3700 at IoU 0.75: nan
2025-07-26 10:30:38,904 - DEBUG - Loaded collision time for BConcave+FConcave+3700 at IoU 0.8: nan
2025-07-26 10:30:38,905 - DEBUG - Loaded collision time for BConcave+FConcave+3700 at IoU 0.85: nan
2025-07-26 10:30:38,906 - DEBUG - Loaded collision time for BConcave+FConcave+3700 at IoU 0.9: nan
2025-07-26 10:30:38,908 - DEBUG - Loaded collision time for BConcave+FConcave+3700 at IoU 0.95: nan
2025-07-26 10:30:38,908 - INFO - Processing video: BConcave+FConcave+3900_flipped
2025-07-26 10:30:38,908 - INFO - Video BConcave+FConcave+3900_flipped already processed (found segformer_model-BConcave+FConcave+3900_flipped.mp4), skipping video processing...
2025-07-26 10:30:38,912 - INFO - VanillaSegmentationSaver initialized with output dir: /home/projects/bagon/andreyg/Projects/Object_reps_neural/Programming/hugging_face/model_experiments/segformer/exp2TTC_segformer-b5-finetuned-ade-640-640/processed_videos/segformer_model-BConcave+FConcave+3900_flipped/org_segmentation
2025-07-26 10:30:38,914 - INFO - All collision results already exist for BConcave+FConcave+3900_flipped
2025-07-26 10:30:38,915 - DEBUG - Loaded collision time for BConcave+FConcave+3900_flipped at IoU 0.05: 4033.333333333333
2025-07-26 10:30:38,917 - DEBUG - Loaded collision time for BConcave+FConcave+3900_flipped at IoU 0.1: 4350.0
2025-07-26 10:30:38,918 - DEBUG - Loaded collision time for BConcave+FConcave+3900_flipped at IoU 0.15: 5000.0
2025-07-26 10:30:38,919 - DEBUG - Loaded collision time for BConcave+FConcave+3900_flipped at IoU 0.2: 5383.333333333334
2025-07-26 10:30:38,921 - DEBUG - Loaded collision time for BConcave+FConcave+3900_flipped at IoU 0.25: nan
2025-07-26 10:30:38,922 - DEBUG - Loaded collision time for BConcave+FConcave+3900_flipped at IoU 0.3: nan
2025-07-26 10:30:38,923 - DEBUG - Loaded collision time for BConcave+FConcave+3900_flipped at IoU 0.35: nan
2025-07-26 10:30:38,924 - DEBUG - Loaded collision time for BConcave+FConcave+3900_flipped at IoU 0.4: nan
2025-07-26 10:30:38,926 - DEBUG - Loaded collision time for BConcave+FConcave+3900_flipped at IoU 0.45: nan
2025-07-26 10:30:38,927 - DEBUG - Loaded collision time for BConcave+FConcave+3900_flipped at IoU 0.5: nan
2025-07-26 10:30:38,928 - DEBUG - Loaded collision time for BConcave+FConcave+3900_flipped at IoU 0.55: nan
2025-07-26 10:30:38,930 - DEBUG - Loaded collision time for BConcave+FConcave+3900_flipped at IoU 0.6: nan
2025-07-26 10:30:38,931 - DEBUG - Loaded collision time for BConcave+FConcave+3900_flipped at IoU 0.65: nan
2025-07-26 10:30:38,932 - DEBUG - Loaded collision time for BConcave+FConcave+3900_flipped at IoU 0.7: nan
2025-07-26 10:30:38,934 - DEBUG - Loaded collision time for BConcave+FConcave+3900_flipped at IoU 0.75: nan
2025-07-26 10:30:38,935 - DEBUG - Loaded collision time for BConcave+FConcave+3900_flipped at IoU 0.8: nan
2025-07-26 10:30:38,936 - DEBUG - Loaded collision time for BConcave+FConcave+3900_flipped at IoU 0.85: nan
2025-07-26 10:30:38,938 - DEBUG - Loaded collision time for BConcave+FConcave+3900_flipped at IoU 0.9: nan
2025-07-26 10:30:38,939 - DEBUG - Loaded collision time for BConcave+FConcave+3900_flipped at IoU 0.95: nan
2025-07-26 10:30:38,939 - INFO - Processing video: BConcave+FConcave+4100
2025-07-26 10:30:38,940 - INFO - Video BConcave+FConcave+4100 already processed (found segformer_model-BConcave+FConcave+4100.mp4), skipping video processing...
2025-07-26 10:30:38,944 - INFO - VanillaSegmentationSaver initialized with output dir: /home/projects/bagon/andreyg/Projects/Object_reps_neural/Programming/hugging_face/model_experiments/segformer/exp2TTC_segformer-b5-finetuned-ade-640-640/processed_videos/segformer_model-BConcave+FConcave+4100/org_segmentation
2025-07-26 10:30:38,947 - INFO - All collision results already exist for BConcave+FConcave+4100
2025-07-26 10:30:38,948 - DEBUG - Loaded collision time for BConcave+FConcave+4100 at IoU 0.05: 4016.6666666666665
2025-07-26 10:30:38,949 - DEBUG - Loaded collision time for BConcave+FConcave+4100 at IoU 0.1: 4200.0
2025-07-26 10:30:38,950 - DEBUG - Loaded collision time for BConcave+FConcave+4100 at IoU 0.15: nan
2025-07-26 10:30:38,952 - DEBUG - Loaded collision time for BConcave+FConcave+4100 at IoU 0.2: nan
2025-07-26 10:30:38,953 - DEBUG - Loaded collision time for BConcave+FConcave+4100 at IoU 0.25: nan
2025-07-26 10:30:38,954 - DEBUG - Loaded collision time for BConcave+FConcave+4100 at IoU 0.3: nan
2025-07-26 10:30:38,956 - DEBUG - Loaded collision time for BConcave+FConcave+4100 at IoU 0.35: nan
2025-07-26 10:30:38,957 - DEBUG - Loaded collision time for BConcave+FConcave+4100 at IoU 0.4: nan
2025-07-26 10:30:38,958 - DEBUG - Loaded collision time for BConcave+FConcave+4100 at IoU 0.45: nan
2025-07-26 10:30:38,960 - DEBUG - Loaded collision time for BConcave+FConcave+4100 at IoU 0.5: nan
2025-07-26 10:30:38,961 - DEBUG - Loaded collision time for BConcave+FConcave+4100 at IoU 0.55: nan
2025-07-26 10:30:38,962 - DEBUG - Loaded collision time for BConcave+FConcave+4100 at IoU 0.6: nan
2025-07-26 10:30:38,964 - DEBUG - Loaded collision time for BConcave+FConcave+4100 at IoU 0.65: nan
2025-07-26 10:30:38,965 - DEBUG - Loaded collision time for BConcave+FConcave+4100 at IoU 0.7: nan
2025-07-26 10:30:38,966 - DEBUG - Loaded collision time for BConcave+FConcave+4100 at IoU 0.75: nan
2025-07-26 10:30:38,968 - DEBUG - Loaded collision time for BConcave+FConcave+4100 at IoU 0.8: nan
2025-07-26 10:30:38,969 - DEBUG - Loaded collision time for BConcave+FConcave+4100 at IoU 0.85: nan
2025-07-26 10:30:38,970 - DEBUG - Loaded collision time for BConcave+FConcave+4100 at IoU 0.9: nan
2025-07-26 10:30:38,971 - DEBUG - Loaded collision time for BConcave+FConcave+4100 at IoU 0.95: nan
2025-07-26 10:30:38,971 - INFO - Processing video: BConcave+FConcave+4300_flipped
2025-07-26 10:30:38,971 - INFO - Video BConcave+FConcave+4300_flipped already processed (found segformer_model-BConcave+FConcave+4300_flipped.mp4), skipping video processing...
2025-07-26 10:30:38,976 - INFO - VanillaSegmentationSaver initialized with output dir: /home/projects/bagon/andreyg/Projects/Object_reps_neural/Programming/hugging_face/model_experiments/segformer/exp2TTC_segformer-b5-finetuned-ade-640-640/processed_videos/segformer_model-BConcave+FConcave+4300_flipped/org_segmentation
2025-07-26 10:30:38,978 - INFO - All collision results already exist for BConcave+FConcave+4300_flipped
2025-07-26 10:30:38,980 - DEBUG - Loaded collision time for BConcave+FConcave+4300_flipped at IoU 0.05: 4283.333333333333
2025-07-26 10:30:38,981 - DEBUG - Loaded collision time for BConcave+FConcave+4300_flipped at IoU 0.1: nan
2025-07-26 10:30:38,982 - DEBUG - Loaded collision time for BConcave+FConcave+4300_flipped at IoU 0.15: nan
2025-07-26 10:30:38,983 - DEBUG - Loaded collision time for BConcave+FConcave+4300_flipped at IoU 0.2: nan
2025-07-26 10:30:38,985 - DEBUG - Loaded collision time for BConcave+FConcave+4300_flipped at IoU 0.25: nan
2025-07-26 10:30:38,986 - DEBUG - Loaded collision time for BConcave+FConcave+4300_flipped at IoU 0.3: nan
2025-07-26 10:30:38,987 - DEBUG - Loaded collision time for BConcave+FConcave+4300_flipped at IoU 0.35: nan
2025-07-26 10:30:38,989 - DEBUG - Loaded collision time for BConcave+FConcave+4300_flipped at IoU 0.4: nan
2025-07-26 10:30:38,990 - DEBUG - Loaded collision time for BConcave+FConcave+4300_flipped at IoU 0.45: nan
2025-07-26 10:30:38,992 - DEBUG - Loaded collision time for BConcave+FConcave+4300_flipped at IoU 0.5: nan
2025-07-26 10:30:38,993 - DEBUG - Loaded collision time for BConcave+FConcave+4300_flipped at IoU 0.55: nan
2025-07-26 10:30:38,994 - DEBUG - Loaded collision time for BConcave+FConcave+4300_flipped at IoU 0.6: nan
2025-07-26 10:30:38,995 - DEBUG - Loaded collision time for BConcave+FConcave+4300_flipped at IoU 0.65: nan
2025-07-26 10:30:38,997 - DEBUG - Loaded collision time for BConcave+FConcave+4300_flipped at IoU 0.7: nan
2025-07-26 10:30:38,998 - DEBUG - Loaded collision time for BConcave+FConcave+4300_flipped at IoU 0.75: nan
2025-07-26 10:30:39,000 - DEBUG - Loaded collision time for BConcave+FConcave+4300_flipped at IoU 0.8: nan
2025-07-26 10:30:39,001 - DEBUG - Loaded collision time for BConcave+FConcave+4300_flipped at IoU 0.85: nan
2025-07-26 10:30:39,002 - DEBUG - Loaded collision time for BConcave+FConcave+4300_flipped at IoU 0.9: nan
2025-07-26 10:30:39,004 - DEBUG - Loaded collision time for BConcave+FConcave+4300_flipped at IoU 0.95: nan
2025-07-26 10:30:39,004 - INFO - Processing video: BConcave+FConcave+4500
2025-07-26 10:30:39,004 - INFO - Video BConcave+FConcave+4500 already processed (found segformer_model-BConcave+FConcave+4500.mp4), skipping video processing...
2025-07-26 10:30:39,008 - INFO - VanillaSegmentationSaver initialized with output dir: /home/projects/bagon/andreyg/Projects/Object_reps_neural/Programming/hugging_face/model_experiments/segformer/exp2TTC_segformer-b5-finetuned-ade-640-640/processed_videos/segformer_model-BConcave+FConcave+4500/org_segmentation
2025-07-26 10:30:39,011 - INFO - All collision results already exist for BConcave+FConcave+4500
2025-07-26 10:30:39,012 - DEBUG - Loaded collision time for BConcave+FConcave+4500 at IoU 0.05: 4500.0
2025-07-26 10:30:39,014 - DEBUG - Loaded collision time for BConcave+FConcave+4500 at IoU 0.1: 4866.666666666666
2025-07-26 10:30:39,015 - DEBUG - Loaded collision time for BConcave+FConcave+4500 at IoU 0.15: 5183.333333333334
2025-07-26 10:30:39,016 - DEBUG - Loaded collision time for BConcave+FConcave+4500 at IoU 0.2: nan
2025-07-26 10:30:39,018 - DEBUG - Loaded collision time for BConcave+FConcave+4500 at IoU 0.25: nan
2025-07-26 10:30:39,019 - DEBUG - Loaded collision time for BConcave+FConcave+4500 at IoU 0.3: nan
2025-07-26 10:30:39,021 - DEBUG - Loaded collision time for BConcave+FConcave+4500 at IoU 0.35: nan
2025-07-26 10:30:39,022 - DEBUG - Loaded collision time for BConcave+FConcave+4500 at IoU 0.4: nan
2025-07-26 10:30:39,024 - DEBUG - Loaded collision time for BConcave+FConcave+4500 at IoU 0.45: nan
2025-07-26 10:30:39,025 - DEBUG - Loaded collision time for BConcave+FConcave+4500 at IoU 0.5: nan
2025-07-26 10:30:39,027 - DEBUG - Loaded collision time for BConcave+FConcave+4500 at IoU 0.55: nan
2025-07-26 10:30:39,028 - DEBUG - Loaded collision time for BConcave+FConcave+4500 at IoU 0.6: nan
2025-07-26 10:30:39,029 - DEBUG - Loaded collision time for BConcave+FConcave+4500 at IoU 0.65: nan
2025-07-26 10:30:39,031 - DEBUG - Loaded collision time for BConcave+FConcave+4500 at IoU 0.7: nan
2025-07-26 10:30:39,032 - DEBUG - Loaded collision time for BConcave+FConcave+4500 at IoU 0.75: nan
2025-07-26 10:30:39,033 - DEBUG - Loaded collision time for BConcave+FConcave+4500 at IoU 0.8: nan
2025-07-26 10:30:39,035 - DEBUG - Loaded collision time for BConcave+FConcave+4500 at IoU 0.85: nan
2025-07-26 10:30:39,036 - DEBUG - Loaded collision time for BConcave+FConcave+4500 at IoU 0.9: nan
2025-07-26 10:30:39,037 - DEBUG - Loaded collision time for BConcave+FConcave+4500 at IoU 0.95: nan
2025-07-26 10:30:39,038 - INFO - Processing video: BConcave+FConvex+3500
2025-07-26 10:30:39,038 - INFO - Video BConcave+FConvex+3500 already processed (found segformer_model-BConcave+FConvex+3500.mp4), skipping video processing...
2025-07-26 10:30:39,043 - INFO - VanillaSegmentationSaver initialized with output dir: /home/projects/bagon/andreyg/Projects/Object_reps_neural/Programming/hugging_face/model_experiments/segformer/exp2TTC_segformer-b5-finetuned-ade-640-640/processed_videos/segformer_model-BConcave+FConvex+3500/org_segmentation
2025-07-26 10:30:39,045 - INFO - All collision results already exist for BConcave+FConvex+3500
2025-07-26 10:30:39,047 - DEBUG - Loaded collision time for BConcave+FConvex+3500 at IoU 0.05: 3900.0
2025-07-26 10:30:39,048 - DEBUG - Loaded collision time for BConcave+FConvex+3500 at IoU 0.1: 4050.0
2025-07-26 10:30:39,050 - DEBUG - Loaded collision time for BConcave+FConvex+3500 at IoU 0.15: 4133.333333333334
2025-07-26 10:30:39,051 - DEBUG - Loaded collision time for BConcave+FConvex+3500 at IoU 0.2: 4216.666666666667
2025-07-26 10:30:39,052 - DEBUG - Loaded collision time for BConcave+FConvex+3500 at IoU 0.25: 4283.333333333333
2025-07-26 10:30:39,053 - DEBUG - Loaded collision time for BConcave+FConvex+3500 at IoU 0.3: 4350.0
2025-07-26 10:30:39,055 - DEBUG - Loaded collision time for BConcave+FConvex+3500 at IoU 0.35: 4433.333333333334
2025-07-26 10:30:39,056 - DEBUG - Loaded collision time for BConcave+FConvex+3500 at IoU 0.4: 4500.0
2025-07-26 10:30:39,058 - DEBUG - Loaded collision time for BConcave+FConvex+3500 at IoU 0.45: 4583.333333333333
2025-07-26 10:30:39,059 - DEBUG - Loaded collision time for BConcave+FConvex+3500 at IoU 0.5: 4666.666666666667
2025-07-26 10:30:39,060 - DEBUG - Loaded collision time for BConcave+FConvex+3500 at IoU 0.55: nan
2025-07-26 10:30:39,062 - DEBUG - Loaded collision time for BConcave+FConvex+3500 at IoU 0.6: nan
2025-07-26 10:30:39,063 - DEBUG - Loaded collision time for BConcave+FConvex+3500 at IoU 0.65: nan
2025-07-26 10:30:39,064 - DEBUG - Loaded collision time for BConcave+FConvex+3500 at IoU 0.7: nan
2025-07-26 10:30:39,065 - DEBUG - Loaded collision time for BConcave+FConvex+3500 at IoU 0.75: nan
2025-07-26 10:30:39,067 - DEBUG - Loaded collision time for BConcave+FConvex+3500 at IoU 0.8: nan
2025-07-26 10:30:39,068 - DEBUG - Loaded collision time for BConcave+FConvex+3500 at IoU 0.85: nan
2025-07-26 10:30:39,069 - DEBUG - Loaded collision time for BConcave+FConvex+3500 at IoU 0.9: nan
2025-07-26 10:30:39,071 - DEBUG - Loaded collision time for BConcave+FConvex+3500 at IoU 0.95: nan
2025-07-26 10:30:39,071 - INFO - Processing video: BConcave+FConvex+3700_flipped
2025-07-26 10:30:39,071 - INFO - Video BConcave+FConvex+3700_flipped already processed (found segformer_model-BConcave+FConvex+3700_flipped.mp4), skipping video processing...
2025-07-26 10:30:39,076 - INFO - VanillaSegmentationSaver initialized with output dir: /home/projects/bagon/andreyg/Projects/Object_reps_neural/Programming/hugging_face/model_experiments/segformer/exp2TTC_segformer-b5-finetuned-ade-640-640/processed_videos/segformer_model-BConcave+FConvex+3700_flipped/org_segmentation
2025-07-26 10:30:39,078 - INFO - All collision results already exist for BConcave+FConvex+3700_flipped
2025-07-26 10:30:39,079 - DEBUG - Loaded collision time for BConcave+FConvex+3700_flipped at IoU 0.05: 4066.6666666666665
2025-07-26 10:30:39,080 - DEBUG - Loaded collision time for BConcave+FConvex+3700_flipped at IoU 0.1: 4250.0
2025-07-26 10:30:39,082 - DEBUG - Loaded collision time for BConcave+FConvex+3700_flipped at IoU 0.15: 4366.666666666666
2025-07-26 10:30:39,083 - DEBUG - Loaded collision time for BConcave+FConvex+3700_flipped at IoU 0.2: 4483.333333333333
2025-07-26 10:30:39,084 - DEBUG - Loaded collision time for BConcave+FConvex+3700_flipped at IoU 0.25: 4633.333333333334
2025-07-26 10:30:39,086 - DEBUG - Loaded collision time for BConcave+FConvex+3700_flipped at IoU 0.3: 4750.0
2025-07-26 10:30:39,087 - DEBUG - Loaded collision time for BConcave+FConvex+3700_flipped at IoU 0.35: nan
2025-07-26 10:30:39,089 - DEBUG - Loaded collision time for BConcave+FConvex+3700_flipped at IoU 0.4: nan
2025-07-26 10:30:39,090 - DEBUG - Loaded collision time for BConcave+FConvex+3700_flipped at IoU 0.45: nan
2025-07-26 10:30:39,091 - DEBUG - Loaded collision time for BConcave+FConvex+3700_flipped at IoU 0.5: nan
2025-07-26 10:30:39,093 - DEBUG - Loaded collision time for BConcave+FConvex+3700_flipped at IoU 0.55: nan
2025-07-26 10:30:39,094 - DEBUG - Loaded collision time for BConcave+FConvex+3700_flipped at IoU 0.6: nan
2025-07-26 10:30:39,095 - DEBUG - Loaded collision time for BConcave+FConvex+3700_flipped at IoU 0.65: nan
2025-07-26 10:30:39,097 - DEBUG - Loaded collision time for BConcave+FConvex+3700_flipped at IoU 0.7: nan
2025-07-26 10:30:39,098 - DEBUG - Loaded collision time for BConcave+FConvex+3700_flipped at IoU 0.75: nan
2025-07-26 10:30:39,099 - DEBUG - Loaded collision time for BConcave+FConvex+3700_flipped at IoU 0.8: nan
2025-07-26 10:30:39,100 - DEBUG - Loaded collision time for BConcave+FConvex+3700_flipped at IoU 0.85: nan
2025-07-26 10:30:39,102 - DEBUG - Loaded collision time for BConcave+FConvex+3700_flipped at IoU 0.9: nan
2025-07-26 10:30:39,103 - DEBUG - Loaded collision time for BConcave+FConvex+3700_flipped at IoU 0.95: nan
2025-07-26 10:30:39,103 - INFO - Processing video: BConcave+FConvex+3900
2025-07-26 10:30:39,103 - INFO - Video BConcave+FConvex+3900 already processed (found segformer_model-BConcave+FConvex+3900.mp4), skipping video processing...
2025-07-26 10:30:39,108 - INFO - VanillaSegmentationSaver initialized with output dir: /home/projects/bagon/andreyg/Projects/Object_reps_neural/Programming/hugging_face/model_experiments/segformer/exp2TTC_segformer-b5-finetuned-ade-640-640/processed_videos/segformer_model-BConcave+FConvex+3900/org_segmentation
2025-07-26 10:30:39,110 - INFO - All collision results already exist for BConcave+FConvex+3900
2025-07-26 10:30:39,112 - DEBUG - Loaded collision time for BConcave+FConvex+3900 at IoU 0.05: 4283.333333333333
2025-07-26 10:30:39,113 - DEBUG - Loaded collision time for BConcave+FConvex+3900 at IoU 0.1: 4416.666666666667
2025-07-26 10:30:39,114 - DEBUG - Loaded collision time for BConcave+FConvex+3900 at IoU 0.15: 4516.666666666667
2025-07-26 10:30:39,117 - DEBUG - Loaded collision time for BConcave+FConvex+3900 at IoU 0.2: 4600.0
2025-07-26 10:30:39,119 - DEBUG - Loaded collision time for BConcave+FConvex+3900 at IoU 0.25: 4683.333333333334
2025-07-26 10:30:39,120 - DEBUG - Loaded collision time for BConcave+FConvex+3900 at IoU 0.3: 4750.0
2025-07-26 10:30:39,122 - DEBUG - Loaded collision time for BConcave+FConvex+3900 at IoU 0.35: 4816.666666666666
2025-07-26 10:30:39,123 - DEBUG - Loaded collision time for BConcave+FConvex+3900 at IoU 0.4: 4883.333333333334
2025-07-26 10:30:39,124 - DEBUG - Loaded collision time for BConcave+FConvex+3900 at IoU 0.45: 4966.666666666667
2025-07-26 10:30:39,126 - DEBUG - Loaded collision time for BConcave+FConvex+3900 at IoU 0.5: 5033.333333333333
2025-07-26 10:30:39,127 - DEBUG - Loaded collision time for BConcave+FConvex+3900 at IoU 0.55: nan
2025-07-26 10:30:39,128 - DEBUG - Loaded collision time for BConcave+FConvex+3900 at IoU 0.6: nan
2025-07-26 10:30:39,129 - DEBUG - Loaded collision time for BConcave+FConvex+3900 at IoU 0.65: nan
2025-07-26 10:30:39,131 - DEBUG - Loaded collision time for BConcave+FConvex+3900 at IoU 0.7: nan
2025-07-26 10:30:39,132 - DEBUG - Loaded collision time for BConcave+FConvex+3900 at IoU 0.75: nan
2025-07-26 10:30:39,133 - DEBUG - Loaded collision time for BConcave+FConvex+3900 at IoU 0.8: nan
2025-07-26 10:30:39,134 - DEBUG - Loaded collision time for BConcave+FConvex+3900 at IoU 0.85: nan
2025-07-26 10:30:39,136 - DEBUG - Loaded collision time for BConcave+FConvex+3900 at IoU 0.9: nan
2025-07-26 10:30:39,137 - DEBUG - Loaded collision time for BConcave+FConvex+3900 at IoU 0.95: nan
2025-07-26 10:30:39,137 - INFO - Processing video: BConcave+FConvex+4100_flipped
2025-07-26 10:30:39,137 - INFO - Video BConcave+FConvex+4100_flipped already processed (found segformer_model-BConcave+FConvex+4100_flipped.mp4), skipping video processing...
2025-07-26 10:30:39,142 - INFO - VanillaSegmentationSaver initialized with output dir: /home/projects/bagon/andreyg/Projects/Object_reps_neural/Programming/hugging_face/model_experiments/segformer/exp2TTC_segformer-b5-finetuned-ade-640-640/processed_videos/segformer_model-BConcave+FConvex+4100_flipped/org_segmentation
2025-07-26 10:30:39,144 - INFO - All collision results already exist for BConcave+FConvex+4100_flipped
2025-07-26 10:30:39,145 - DEBUG - Loaded collision time for BConcave+FConvex+4100_flipped at IoU 0.05: 4383.333333333334
2025-07-26 10:30:39,147 - DEBUG - Loaded collision time for BConcave+FConvex+4100_flipped at IoU 0.1: 4500.0
2025-07-26 10:30:39,148 - DEBUG - Loaded collision time for BConcave+FConvex+4100_flipped at IoU 0.15: 4633.333333333334
2025-07-26 10:30:39,149 - DEBUG - Loaded collision time for BConcave+FConvex+4100_flipped at IoU 0.2: 4700.0
2025-07-26 10:30:39,151 - DEBUG - Loaded collision time for BConcave+FConvex+4100_flipped at IoU 0.25: 4850.0
2025-07-26 10:30:39,152 - DEBUG - Loaded collision time for BConcave+FConvex+4100_flipped at IoU 0.3: 5000.0
2025-07-26 10:30:39,154 - DEBUG - Loaded collision time for BConcave+FConvex+4100_flipped at IoU 0.35: 5166.666666666667
2025-07-26 10:30:39,155 - DEBUG - Loaded collision time for BConcave+FConvex+4100_flipped at IoU 0.4: nan
2025-07-26 10:30:39,157 - DEBUG - Loaded collision time for BConcave+FConvex+4100_flipped at IoU 0.45: nan
2025-07-26 10:30:39,158 - DEBUG - Loaded collision time for BConcave+FConvex+4100_flipped at IoU 0.5: nan
2025-07-26 10:30:39,159 - DEBUG - Loaded collision time for BConcave+FConvex+4100_flipped at IoU 0.55: nan
2025-07-26 10:30:39,161 - DEBUG - Loaded collision time for BConcave+FConvex+4100_flipped at IoU 0.6: nan
2025-07-26 10:30:39,162 - DEBUG - Loaded collision time for BConcave+FConvex+4100_flipped at IoU 0.65: nan
2025-07-26 10:30:39,163 - DEBUG - Loaded collision time for BConcave+FConvex+4100_flipped at IoU 0.7: nan
2025-07-26 10:30:39,165 - DEBUG - Loaded collision time for BConcave+FConvex+4100_flipped at IoU 0.75: nan
2025-07-26 10:30:39,166 - DEBUG - Loaded collision time for BConcave+FConvex+4100_flipped at IoU 0.8: nan
2025-07-26 10:30:39,167 - DEBUG - Loaded collision time for BConcave+FConvex+4100_flipped at IoU 0.85: nan
2025-07-26 10:30:39,168 - DEBUG - Loaded collision time for BConcave+FConvex+4100_flipped at IoU 0.9: nan
2025-07-26 10:30:39,170 - DEBUG - Loaded collision time for BConcave+FConvex+4100_flipped at IoU 0.95: nan
2025-07-26 10:30:39,170 - INFO - Processing video: BConcave+FConvex+4300
2025-07-26 10:30:39,170 - INFO - Video BConcave+FConvex+4300 already processed (found segformer_model-BConcave+FConvex+4300.mp4), skipping video processing...
2025-07-26 10:30:39,174 - INFO - VanillaSegmentationSaver initialized with output dir: /home/projects/bagon/andreyg/Projects/Object_reps_neural/Programming/hugging_face/model_experiments/segformer/exp2TTC_segformer-b5-finetuned-ade-640-640/processed_videos/segformer_model-BConcave+FConvex+4300/org_segmentation
2025-07-26 10:30:39,177 - INFO - All collision results already exist for BConcave+FConvex+4300
2025-07-26 10:30:39,178 - DEBUG - Loaded collision time for BConcave+FConvex+4300 at IoU 0.05: 4750.0
2025-07-26 10:30:39,179 - DEBUG - Loaded collision time for BConcave+FConvex+4300 at IoU 0.1: 4900.0
2025-07-26 10:30:39,181 - DEBUG - Loaded collision time for BConcave+FConvex+4300 at IoU 0.15: 5016.666666666667
2025-07-26 10:30:39,182 - DEBUG - Loaded collision time for BConcave+FConvex+4300 at IoU 0.2: 5083.333333333333
2025-07-26 10:30:39,183 - DEBUG - Loaded collision time for BConcave+FConvex+4300 at IoU 0.25: 5150.0
2025-07-26 10:30:39,184 - DEBUG - Loaded collision time for BConcave+FConvex+4300 at IoU 0.3: 5200.0
2025-07-26 10:30:39,186 - DEBUG - Loaded collision time for BConcave+FConvex+4300 at IoU 0.35: 5250.0
2025-07-26 10:30:39,187 - DEBUG - Loaded collision time for BConcave+FConvex+4300 at IoU 0.4: 5333.333333333333
2025-07-26 10:30:39,188 - DEBUG - Loaded collision time for BConcave+FConvex+4300 at IoU 0.45: nan
2025-07-26 10:30:39,190 - DEBUG - Loaded collision time for BConcave+FConvex+4300 at IoU 0.5: nan
2025-07-26 10:30:39,191 - DEBUG - Loaded collision time for BConcave+FConvex+4300 at IoU 0.55: nan
2025-07-26 10:30:39,193 - DEBUG - Loaded collision time for BConcave+FConvex+4300 at IoU 0.6: nan
2025-07-26 10:30:39,194 - DEBUG - Loaded collision time for BConcave+FConvex+4300 at IoU 0.65: nan
2025-07-26 10:30:39,195 - DEBUG - Loaded collision time for BConcave+FConvex+4300 at IoU 0.7: nan
2025-07-26 10:30:39,197 - DEBUG - Loaded collision time for BConcave+FConvex+4300 at IoU 0.75: nan
2025-07-26 10:30:39,198 - DEBUG - Loaded collision time for BConcave+FConvex+4300 at IoU 0.8: nan
2025-07-26 10:30:39,200 - DEBUG - Loaded collision time for BConcave+FConvex+4300 at IoU 0.85: nan
2025-07-26 10:30:39,201 - DEBUG - Loaded collision time for BConcave+FConvex+4300 at IoU 0.9: nan
2025-07-26 10:30:39,203 - DEBUG - Loaded collision time for BConcave+FConvex+4300 at IoU 0.95: nan
2025-07-26 10:30:39,203 - INFO - Processing video: BConcave+FConvex+4500_flipped
2025-07-26 10:30:39,203 - INFO - Video BConcave+FConvex+4500_flipped already processed (found segformer_model-BConcave+FConvex+4500_flipped.mp4), skipping video processing...
2025-07-26 10:30:39,208 - INFO - VanillaSegmentationSaver initialized with output dir: /home/projects/bagon/andreyg/Projects/Object_reps_neural/Programming/hugging_face/model_experiments/segformer/exp2TTC_segformer-b5-finetuned-ade-640-640/processed_videos/segformer_model-BConcave+FConvex+4500_flipped/org_segmentation
2025-07-26 10:30:39,211 - INFO - All collision results already exist for BConcave+FConvex+4500_flipped
2025-07-26 10:30:39,213 - DEBUG - Loaded collision time for BConcave+FConvex+4500_flipped at IoU 0.05: 4916.666666666667
2025-07-26 10:30:39,214 - DEBUG - Loaded collision time for BConcave+FConvex+4500_flipped at IoU 0.1: 4983.333333333333
2025-07-26 10:30:39,216 - DEBUG - Loaded collision time for BConcave+FConvex+4500_flipped at IoU 0.15: 5116.666666666666
2025-07-26 10:30:39,218 - DEBUG - Loaded collision time for BConcave+FConvex+4500_flipped at IoU 0.2: 5250.0
2025-07-26 10:30:39,219 - DEBUG - Loaded collision time for BConcave+FConvex+4500_flipped at IoU 0.25: 5283.333333333333
2025-07-26 10:30:39,221 - DEBUG - Loaded collision time for BConcave+FConvex+4500_flipped at IoU 0.3: 5400.0
2025-07-26 10:30:39,222 - DEBUG - Loaded collision time for BConcave+FConvex+4500_flipped at IoU 0.35: 5433.333333333334
2025-07-26 10:30:39,225 - DEBUG - Loaded collision time for BConcave+FConvex+4500_flipped at IoU 0.4: 5466.666666666667
2025-07-26 10:30:39,226 - DEBUG - Loaded collision time for BConcave+FConvex+4500_flipped at IoU 0.45: nan
2025-07-26 10:30:39,228 - DEBUG - Loaded collision time for BConcave+FConvex+4500_flipped at IoU 0.5: nan
2025-07-26 10:30:39,229 - DEBUG - Loaded collision time for BConcave+FConvex+4500_flipped at IoU 0.55: nan
2025-07-26 10:30:39,231 - DEBUG - Loaded collision time for BConcave+FConvex+4500_flipped at IoU 0.6: nan
2025-07-26 10:30:39,232 - DEBUG - Loaded collision time for BConcave+FConvex+4500_flipped at IoU 0.65: nan
2025-07-26 10:30:39,233 - DEBUG - Loaded collision time for BConcave+FConvex+4500_flipped at IoU 0.7: nan
2025-07-26 10:30:39,234 - DEBUG - Loaded collision time for BConcave+FConvex+4500_flipped at IoU 0.75: nan
2025-07-26 10:30:39,236 - DEBUG - Loaded collision time for BConcave+FConvex+4500_flipped at IoU 0.8: nan
2025-07-26 10:30:39,237 - DEBUG - Loaded collision time for BConcave+FConvex+4500_flipped at IoU 0.85: nan
2025-07-26 10:30:39,238 - DEBUG - Loaded collision time for BConcave+FConvex+4500_flipped at IoU 0.9: nan
2025-07-26 10:30:39,239 - DEBUG - Loaded collision time for BConcave+FConvex+4500_flipped at IoU 0.95: nan
2025-07-26 10:30:39,240 - INFO - Processing video: BConcave+gConcave+3500_flipped
2025-07-26 10:30:39,240 - INFO - Video BConcave+gConcave+3500_flipped already processed (found segformer_model-BConcave+gConcave+3500_flipped.mp4), skipping video processing...
2025-07-26 10:30:39,244 - INFO - VanillaSegmentationSaver initialized with output dir: /home/projects/bagon/andreyg/Projects/Object_reps_neural/Programming/hugging_face/model_experiments/segformer/exp2TTC_segformer-b5-finetuned-ade-640-640/processed_videos/segformer_model-BConcave+gConcave+3500_flipped/org_segmentation
2025-07-26 10:30:39,247 - INFO - All collision results already exist for BConcave+gConcave+3500_flipped
2025-07-26 10:30:39,248 - DEBUG - Loaded collision time for BConcave+gConcave+3500_flipped at IoU 0.05: 1616.6666666666667
2025-07-26 10:30:39,250 - DEBUG - Loaded collision time for BConcave+gConcave+3500_flipped at IoU 0.1: 3316.666666666667
2025-07-26 10:30:39,251 - DEBUG - Loaded collision time for BConcave+gConcave+3500_flipped at IoU 0.15: 3316.666666666667
2025-07-26 10:30:39,253 - DEBUG - Loaded collision time for BConcave+gConcave+3500_flipped at IoU 0.2: 3333.3333333333335
2025-07-26 10:30:39,254 - DEBUG - Loaded collision time for BConcave+gConcave+3500_flipped at IoU 0.25: 3333.3333333333335
2025-07-26 10:30:39,256 - DEBUG - Loaded collision time for BConcave+gConcave+3500_flipped at IoU 0.3: 3383.3333333333335
2025-07-26 10:30:39,257 - DEBUG - Loaded collision time for BConcave+gConcave+3500_flipped at IoU 0.35: 3483.3333333333335
2025-07-26 10:30:39,258 - DEBUG - Loaded collision time for BConcave+gConcave+3500_flipped at IoU 0.4: 3500.0
2025-07-26 10:30:39,260 - DEBUG - Loaded collision time for BConcave+gConcave+3500_flipped at IoU 0.45: 3500.0
2025-07-26 10:30:39,261 - DEBUG - Loaded collision time for BConcave+gConcave+3500_flipped at IoU 0.5: nan
2025-07-26 10:30:39,262 - DEBUG - Loaded collision time for BConcave+gConcave+3500_flipped at IoU 0.55: nan
2025-07-26 10:30:39,263 - DEBUG - Loaded collision time for BConcave+gConcave+3500_flipped at IoU 0.6: nan
2025-07-26 10:30:39,265 - DEBUG - Loaded collision time for BConcave+gConcave+3500_flipped at IoU 0.65: nan
2025-07-26 10:30:39,266 - DEBUG - Loaded collision time for BConcave+gConcave+3500_flipped at IoU 0.7: nan
2025-07-26 10:30:39,267 - DEBUG - Loaded collision time for BConcave+gConcave+3500_flipped at IoU 0.75: nan
2025-07-26 10:30:39,269 - DEBUG - Loaded collision time for BConcave+gConcave+3500_flipped at IoU 0.8: nan
2025-07-26 10:30:39,270 - DEBUG - Loaded collision time for BConcave+gConcave+3500_flipped at IoU 0.85: nan
2025-07-26 10:30:39,271 - DEBUG - Loaded collision time for BConcave+gConcave+3500_flipped at IoU 0.9: nan
2025-07-26 10:30:39,272 - DEBUG - Loaded collision time for BConcave+gConcave+3500_flipped at IoU 0.95: nan
2025-07-26 10:30:39,272 - INFO - Processing video: BConcave+gConcave+3700
2025-07-26 10:30:39,273 - INFO - Video BConcave+gConcave+3700 already processed (found segformer_model-BConcave+gConcave+3700.mp4), skipping video processing...
2025-07-26 10:30:39,277 - INFO - VanillaSegmentationSaver initialized with output dir: /home/projects/bagon/andreyg/Projects/Object_reps_neural/Programming/hugging_face/model_experiments/segformer/exp2TTC_segformer-b5-finetuned-ade-640-640/processed_videos/segformer_model-BConcave+gConcave+3700/org_segmentation
2025-07-26 10:30:39,280 - INFO - All collision results already exist for BConcave+gConcave+3700
2025-07-26 10:30:39,281 - DEBUG - Loaded collision time for BConcave+gConcave+3700 at IoU 0.05: nan
2025-07-26 10:30:39,282 - DEBUG - Loaded collision time for BConcave+gConcave+3700 at IoU 0.1: nan
2025-07-26 10:30:39,283 - DEBUG - Loaded collision time for BConcave+gConcave+3700 at IoU 0.15: nan
2025-07-26 10:30:39,285 - DEBUG - Loaded collision time for BConcave+gConcave+3700 at IoU 0.2: nan
2025-07-26 10:30:39,286 - DEBUG - Loaded collision time for BConcave+gConcave+3700 at IoU 0.25: nan
2025-07-26 10:30:39,288 - DEBUG - Loaded collision time for BConcave+gConcave+3700 at IoU 0.3: nan
2025-07-26 10:30:39,289 - DEBUG - Loaded collision time for BConcave+gConcave+3700 at IoU 0.35: nan
2025-07-26 10:30:39,291 - DEBUG - Loaded collision time for BConcave+gConcave+3700 at IoU 0.4: nan
2025-07-26 10:30:39,292 - DEBUG - Loaded collision time for BConcave+gConcave+3700 at IoU 0.45: nan
2025-07-26 10:30:39,293 - DEBUG - Loaded collision time for BConcave+gConcave+3700 at IoU 0.5: nan
2025-07-26 10:30:39,295 - DEBUG - Loaded collision time for BConcave+gConcave+3700 at IoU 0.55: nan
2025-07-26 10:30:39,296 - DEBUG - Loaded collision time for BConcave+gConcave+3700 at IoU 0.6: nan
2025-07-26 10:30:39,297 - DEBUG - Loaded collision time for BConcave+gConcave+3700 at IoU 0.65: nan
2025-07-26 10:30:39,299 - DEBUG - Loaded collision time for BConcave+gConcave+3700 at IoU 0.7: nan
2025-07-26 10:30:39,300 - DEBUG - Loaded collision time for BConcave+gConcave+3700 at IoU 0.75: nan
2025-07-26 10:30:39,301 - DEBUG - Loaded collision time for BConcave+gConcave+3700 at IoU 0.8: nan
2025-07-26 10:30:39,303 - DEBUG - Loaded collision time for BConcave+gConcave+3700 at IoU 0.85: nan
2025-07-26 10:30:39,304 - DEBUG - Loaded collision time for BConcave+gConcave+3700 at IoU 0.9: nan
2025-07-26 10:30:39,305 - DEBUG - Loaded collision time for BConcave+gConcave+3700 at IoU 0.95: nan
2025-07-26 10:30:39,305 - INFO - Processing video: BConcave+gConcave+3900_flipped
2025-07-26 10:30:39,305 - INFO - Video BConcave+gConcave+3900_flipped already processed (found segformer_model-BConcave+gConcave+3900_flipped.mp4), skipping video processing...
2025-07-26 10:30:39,311 - INFO - VanillaSegmentationSaver initialized with output dir: /home/projects/bagon/andreyg/Projects/Object_reps_neural/Programming/hugging_face/model_experiments/segformer/exp2TTC_segformer-b5-finetuned-ade-640-640/processed_videos/segformer_model-BConcave+gConcave+3900_flipped/org_segmentation
2025-07-26 10:30:39,314 - INFO - All collision results already exist for BConcave+gConcave+3900_flipped
2025-07-26 10:30:39,315 - DEBUG - Loaded collision time for BConcave+gConcave+3900_flipped at IoU 0.05: nan
2025-07-26 10:30:39,316 - DEBUG - Loaded collision time for BConcave+gConcave+3900_flipped at IoU 0.1: nan
2025-07-26 10:30:39,318 - DEBUG - Loaded collision time for BConcave+gConcave+3900_flipped at IoU 0.15: nan
2025-07-26 10:30:39,319 - DEBUG - Loaded collision time for BConcave+gConcave+3900_flipped at IoU 0.2: nan
2025-07-26 10:30:39,321 - DEBUG - Loaded collision time for BConcave+gConcave+3900_flipped at IoU 0.25: nan
2025-07-26 10:30:39,322 - DEBUG - Loaded collision time for BConcave+gConcave+3900_flipped at IoU 0.3: nan
2025-07-26 10:30:39,324 - DEBUG - Loaded collision time for BConcave+gConcave+3900_flipped at IoU 0.35: nan
2025-07-26 10:30:39,325 - DEBUG - Loaded collision time for BConcave+gConcave+3900_flipped at IoU 0.4: nan
2025-07-26 10:30:39,326 - DEBUG - Loaded collision time for BConcave+gConcave+3900_flipped at IoU 0.45: nan
2025-07-26 10:30:39,328 - DEBUG - Loaded collision time for BConcave+gConcave+3900_flipped at IoU 0.5: nan
2025-07-26 10:30:39,329 - DEBUG - Loaded collision time for BConcave+gConcave+3900_flipped at IoU 0.55: nan
2025-07-26 10:30:39,331 - DEBUG - Loaded collision time for BConcave+gConcave+3900_flipped at IoU 0.6: nan
2025-07-26 10:30:39,332 - DEBUG - Loaded collision time for BConcave+gConcave+3900_flipped at IoU 0.65: nan
2025-07-26 10:30:39,334 - DEBUG - Loaded collision time for BConcave+gConcave+3900_flipped at IoU 0.7: nan
2025-07-26 10:30:39,335 - DEBUG - Loaded collision time for BConcave+gConcave+3900_flipped at IoU 0.75: nan
2025-07-26 10:30:39,337 - DEBUG - Loaded collision time for BConcave+gConcave+3900_flipped at IoU 0.8: nan
2025-07-26 10:30:39,338 - DEBUG - Loaded collision time for BConcave+gConcave+3900_flipped at IoU 0.85: nan
2025-07-26 10:30:39,340 - DEBUG - Loaded collision time for BConcave+gConcave+3900_flipped at IoU 0.9: nan
2025-07-26 10:30:39,341 - DEBUG - Loaded collision time for BConcave+gConcave+3900_flipped at IoU 0.95: nan
2025-07-26 10:30:39,341 - INFO - Processing video: BConcave+gConcave+4100
2025-07-26 10:30:39,342 - INFO - Video BConcave+gConcave+4100 already processed (found segformer_model-BConcave+gConcave+4100.mp4), skipping video processing...
2025-07-26 10:30:39,347 - INFO - VanillaSegmentationSaver initialized with output dir: /home/projects/bagon/andreyg/Projects/Object_reps_neural/Programming/hugging_face/model_experiments/segformer/exp2TTC_segformer-b5-finetuned-ade-640-640/processed_videos/segformer_model-BConcave+gConcave+4100/org_segmentation
2025-07-26 10:30:39,350 - INFO - All collision results already exist for BConcave+gConcave+4100
2025-07-26 10:30:39,351 - DEBUG - Loaded collision time for BConcave+gConcave+4100 at IoU 0.05: nan
2025-07-26 10:30:39,353 - DEBUG - Loaded collision time for BConcave+gConcave+4100 at IoU 0.1: nan
2025-07-26 10:30:39,354 - DEBUG - Loaded collision time for BConcave+gConcave+4100 at IoU 0.15: nan
2025-07-26 10:30:39,356 - DEBUG - Loaded collision time for BConcave+gConcave+4100 at IoU 0.2: nan
2025-07-26 10:30:39,357 - DEBUG - Loaded collision time for BConcave+gConcave+4100 at IoU 0.25: nan
2025-07-26 10:30:39,359 - DEBUG - Loaded collision time for BConcave+gConcave+4100 at IoU 0.3: nan
2025-07-26 10:30:39,360 - DEBUG - Loaded collision time for BConcave+gConcave+4100 at IoU 0.35: nan
2025-07-26 10:30:39,361 - DEBUG - Loaded collision time for BConcave+gConcave+4100 at IoU 0.4: nan
2025-07-26 10:30:39,363 - DEBUG - Loaded collision time for BConcave+gConcave+4100 at IoU 0.45: nan
2025-07-26 10:30:39,364 - DEBUG - Loaded collision time for BConcave+gConcave+4100 at IoU 0.5: nan
2025-07-26 10:30:39,365 - DEBUG - Loaded collision time for BConcave+gConcave+4100 at IoU 0.55: nan
2025-07-26 10:30:39,367 - DEBUG - Loaded collision time for BConcave+gConcave+4100 at IoU 0.6: nan
2025-07-26 10:30:39,368 - DEBUG - Loaded collision time for BConcave+gConcave+4100 at IoU 0.65: nan
2025-07-26 10:30:39,369 - DEBUG - Loaded collision time for BConcave+gConcave+4100 at IoU 0.7: nan
2025-07-26 10:30:39,371 - DEBUG - Loaded collision time for BConcave+gConcave+4100 at IoU 0.75: nan
2025-07-26 10:30:39,372 - DEBUG - Loaded collision time for BConcave+gConcave+4100 at IoU 0.8: nan
2025-07-26 10:30:39,373 - DEBUG - Loaded collision time for BConcave+gConcave+4100 at IoU 0.85: nan
2025-07-26 10:30:39,375 - DEBUG - Loaded collision time for BConcave+gConcave+4100 at IoU 0.9: nan
2025-07-26 10:30:39,376 - DEBUG - Loaded collision time for BConcave+gConcave+4100 at IoU 0.95: nan
2025-07-26 10:30:39,377 - INFO - Processing video: BConcave+gConcave+4300_flipped
2025-07-26 10:30:39,377 - INFO - Video BConcave+gConcave+4300_flipped already processed (found segformer_model-BConcave+gConcave+4300_flipped.mp4), skipping video processing...
2025-07-26 10:30:39,382 - INFO - VanillaSegmentationSaver initialized with output dir: /home/projects/bagon/andreyg/Projects/Object_reps_neural/Programming/hugging_face/model_experiments/segformer/exp2TTC_segformer-b5-finetuned-ade-640-640/processed_videos/segformer_model-BConcave+gConcave+4300_flipped/org_segmentation
2025-07-26 10:30:39,384 - INFO - All collision results already exist for BConcave+gConcave+4300_flipped
2025-07-26 10:30:39,386 - DEBUG - Loaded collision time for BConcave+gConcave+4300_flipped at IoU 0.05: nan
2025-07-26 10:30:39,387 - DEBUG - Loaded collision time for BConcave+gConcave+4300_flipped at IoU 0.1: nan
2025-07-26 10:30:39,389 - DEBUG - Loaded collision time for BConcave+gConcave+4300_flipped at IoU 0.15: nan
2025-07-26 10:30:39,390 - DEBUG - Loaded collision time for BConcave+gConcave+4300_flipped at IoU 0.2: nan
2025-07-26 10:30:39,391 - DEBUG - Loaded collision time for BConcave+gConcave+4300_flipped at IoU 0.25: nan
2025-07-26 10:30:39,393 - DEBUG - Loaded collision time for BConcave+gConcave+4300_flipped at IoU 0.3: nan
2025-07-26 10:30:39,394 - DEBUG - Loaded collision time for BConcave+gConcave+4300_flipped at IoU 0.35: nan
2025-07-26 10:30:39,396 - DEBUG - Loaded collision time for BConcave+gConcave+4300_flipped at IoU 0.4: nan
2025-07-26 10:30:39,397 - DEBUG - Loaded collision time for BConcave+gConcave+4300_flipped at IoU 0.45: nan
2025-07-26 10:30:39,399 - DEBUG - Loaded collision time for BConcave+gConcave+4300_flipped at IoU 0.5: nan
2025-07-26 10:30:39,400 - DEBUG - Loaded collision time for BConcave+gConcave+4300_flipped at IoU 0.55: nan
2025-07-26 10:30:39,401 - DEBUG - Loaded collision time for BConcave+gConcave+4300_flipped at IoU 0.6: nan
2025-07-26 10:30:39,403 - DEBUG - Loaded collision time for BConcave+gConcave+4300_flipped at IoU 0.65: nan
2025-07-26 10:30:39,404 - DEBUG - Loaded collision time for BConcave+gConcave+4300_flipped at IoU 0.7: nan
2025-07-26 10:30:39,405 - DEBUG - Loaded collision time for BConcave+gConcave+4300_flipped at IoU 0.75: nan
2025-07-26 10:30:39,407 - DEBUG - Loaded collision time for BConcave+gConcave+4300_flipped at IoU 0.8: nan
2025-07-26 10:30:39,408 - DEBUG - Loaded collision time for BConcave+gConcave+4300_flipped at IoU 0.85: nan
2025-07-26 10:30:39,410 - DEBUG - Loaded collision time for BConcave+gConcave+4300_flipped at IoU 0.9: nan
2025-07-26 10:30:39,411 - DEBUG - Loaded collision time for BConcave+gConcave+4300_flipped at IoU 0.95: nan
2025-07-26 10:30:39,411 - INFO - Processing video: BConcave+gConcave+4500
2025-07-26 10:30:39,411 - INFO - Video BConcave+gConcave+4500 already processed (found segformer_model-BConcave+gConcave+4500.mp4), skipping video processing...
2025-07-26 10:30:39,416 - INFO - VanillaSegmentationSaver initialized with output dir: /home/projects/bagon/andreyg/Projects/Object_reps_neural/Programming/hugging_face/model_experiments/segformer/exp2TTC_segformer-b5-finetuned-ade-640-640/processed_videos/segformer_model-BConcave+gConcave+4500/org_segmentation
2025-07-26 10:30:39,419 - INFO - All collision results already exist for BConcave+gConcave+4500
2025-07-26 10:30:39,420 - DEBUG - Loaded collision time for BConcave+gConcave+4500 at IoU 0.05: nan
2025-07-26 10:30:39,422 - DEBUG - Loaded collision time for BConcave+gConcave+4500 at IoU 0.1: nan
2025-07-26 10:30:39,423 - DEBUG - Loaded collision time for BConcave+gConcave+4500 at IoU 0.15: nan
2025-07-26 10:30:39,425 - DEBUG - Loaded collision time for BConcave+gConcave+4500 at IoU 0.2: nan
2025-07-26 10:30:39,426 - DEBUG - Loaded collision time for BConcave+gConcave+4500 at IoU 0.25: nan
2025-07-26 10:30:39,428 - DEBUG - Loaded collision time for BConcave+gConcave+4500 at IoU 0.3: nan
2025-07-26 10:30:39,429 - DEBUG - Loaded collision time for BConcave+gConcave+4500 at IoU 0.35: nan
2025-07-26 10:30:39,430 - DEBUG - Loaded collision time for BConcave+gConcave+4500 at IoU 0.4: nan
2025-07-26 10:30:39,432 - DEBUG - Loaded collision time for BConcave+gConcave+4500 at IoU 0.45: nan
2025-07-26 10:30:39,433 - DEBUG - Loaded collision time for BConcave+gConcave+4500 at IoU 0.5: nan
2025-07-26 10:30:39,435 - DEBUG - Loaded collision time for BConcave+gConcave+4500 at IoU 0.55: nan
2025-07-26 10:30:39,436 - DEBUG - Loaded collision time for BConcave+gConcave+4500 at IoU 0.6: nan
2025-07-26 10:30:39,438 - DEBUG - Loaded collision time for BConcave+gConcave+4500 at IoU 0.65: nan
2025-07-26 10:30:39,439 - DEBUG - Loaded collision time for BConcave+gConcave+4500 at IoU 0.7: nan
2025-07-26 10:30:39,440 - DEBUG - Loaded collision time for BConcave+gConcave+4500 at IoU 0.75: nan
2025-07-26 10:30:39,442 - DEBUG - Loaded collision time for BConcave+gConcave+4500 at IoU 0.8: nan
2025-07-26 10:30:39,443 - DEBUG - Loaded collision time for BConcave+gConcave+4500 at IoU 0.85: nan
2025-07-26 10:30:39,445 - DEBUG - Loaded collision time for BConcave+gConcave+4500 at IoU 0.9: nan
2025-07-26 10:30:39,446 - DEBUG - Loaded collision time for BConcave+gConcave+4500 at IoU 0.95: nan
2025-07-26 10:30:39,446 - INFO - Processing video: BConcave+gConvex+3500
2025-07-26 10:30:39,446 - INFO - Video BConcave+gConvex+3500 already processed (found segformer_model-BConcave+gConvex+3500.mp4), skipping video processing...
2025-07-26 10:30:39,451 - INFO - VanillaSegmentationSaver initialized with output dir: /home/projects/bagon/andreyg/Projects/Object_reps_neural/Programming/hugging_face/model_experiments/segformer/exp2TTC_segformer-b5-finetuned-ade-640-640/processed_videos/segformer_model-BConcave+gConvex+3500/org_segmentation
2025-07-26 10:30:39,454 - INFO - All collision results already exist for BConcave+gConvex+3500
2025-07-26 10:30:39,456 - DEBUG - Loaded collision time for BConcave+gConvex+3500 at IoU 0.05: 3750.0
2025-07-26 10:30:39,457 - DEBUG - Loaded collision time for BConcave+gConvex+3500 at IoU 0.1: 4016.6666666666665
2025-07-26 10:30:39,458 - DEBUG - Loaded collision time for BConcave+gConvex+3500 at IoU 0.15: 4200.0
2025-07-26 10:30:39,460 - DEBUG - Loaded collision time for BConcave+gConvex+3500 at IoU 0.2: nan
2025-07-26 10:30:39,462 - DEBUG - Loaded collision time for BConcave+gConvex+3500 at IoU 0.25: nan
2025-07-26 10:30:39,463 - DEBUG - Loaded collision time for BConcave+gConvex+3500 at IoU 0.3: nan
2025-07-26 10:30:39,465 - DEBUG - Loaded collision time for BConcave+gConvex+3500 at IoU 0.35: nan
2025-07-26 10:30:39,466 - DEBUG - Loaded collision time for BConcave+gConvex+3500 at IoU 0.4: nan
2025-07-26 10:30:39,468 - DEBUG - Loaded collision time for BConcave+gConvex+3500 at IoU 0.45: nan
2025-07-26 10:30:39,469 - DEBUG - Loaded collision time for BConcave+gConvex+3500 at IoU 0.5: nan
2025-07-26 10:30:39,471 - DEBUG - Loaded collision time for BConcave+gConvex+3500 at IoU 0.55: nan
2025-07-26 10:30:39,472 - DEBUG - Loaded collision time for BConcave+gConvex+3500 at IoU 0.6: nan
2025-07-26 10:30:39,474 - DEBUG - Loaded collision time for BConcave+gConvex+3500 at IoU 0.65: nan
2025-07-26 10:30:39,476 - DEBUG - Loaded collision time for BConcave+gConvex+3500 at IoU 0.7: nan
2025-07-26 10:30:39,477 - DEBUG - Loaded collision time for BConcave+gConvex+3500 at IoU 0.75: nan
2025-07-26 10:30:39,478 - DEBUG - Loaded collision time for BConcave+gConvex+3500 at IoU 0.8: nan
2025-07-26 10:30:39,480 - DEBUG - Loaded collision time for BConcave+gConvex+3500 at IoU 0.85: nan
2025-07-26 10:30:39,481 - DEBUG - Loaded collision time for BConcave+gConvex+3500 at IoU 0.9: nan
2025-07-26 10:30:39,483 - DEBUG - Loaded collision time for BConcave+gConvex+3500 at IoU 0.95: nan
2025-07-26 10:30:39,483 - INFO - Processing video: BConcave+gConvex+3700_flipped
2025-07-26 10:30:39,483 - INFO - Video BConcave+gConvex+3700_flipped already processed (found segformer_model-BConcave+gConvex+3700_flipped.mp4), skipping video processing...
2025-07-26 10:30:39,488 - INFO - VanillaSegmentationSaver initialized with output dir: /home/projects/bagon/andreyg/Projects/Object_reps_neural/Programming/hugging_face/model_experiments/segformer/exp2TTC_segformer-b5-finetuned-ade-640-640/processed_videos/segformer_model-BConcave+gConvex+3700_flipped/org_segmentation
2025-07-26 10:30:39,491 - INFO - All collision results already exist for BConcave+gConvex+3700_flipped
2025-07-26 10:30:39,493 - DEBUG - Loaded collision time for BConcave+gConvex+3700_flipped at IoU 0.05: 4116.666666666666
2025-07-26 10:30:39,494 - DEBUG - Loaded collision time for BConcave+gConvex+3700_flipped at IoU 0.1: nan
2025-07-26 10:30:39,495 - DEBUG - Loaded collision time for BConcave+gConvex+3700_flipped at IoU 0.15: nan
2025-07-26 10:30:39,497 - DEBUG - Loaded collision time for BConcave+gConvex+3700_flipped at IoU 0.2: nan
2025-07-26 10:30:39,498 - DEBUG - Loaded collision time for BConcave+gConvex+3700_flipped at IoU 0.25: nan
2025-07-26 10:30:39,500 - DEBUG - Loaded collision time for BConcave+gConvex+3700_flipped at IoU 0.3: nan
2025-07-26 10:30:39,501 - DEBUG - Loaded collision time for BConcave+gConvex+3700_flipped at IoU 0.35: nan
2025-07-26 10:30:39,502 - DEBUG - Loaded collision time for BConcave+gConvex+3700_flipped at IoU 0.4: nan
2025-07-26 10:30:39,504 - DEBUG - Loaded collision time for BConcave+gConvex+3700_flipped at IoU 0.45: nan
2025-07-26 10:30:39,505 - DEBUG - Loaded collision time for BConcave+gConvex+3700_flipped at IoU 0.5: nan
2025-07-26 10:30:39,506 - DEBUG - Loaded collision time for BConcave+gConvex+3700_flipped at IoU 0.55: nan
2025-07-26 10:30:39,508 - DEBUG - Loaded collision time for BConcave+gConvex+3700_flipped at IoU 0.6: nan
2025-07-26 10:30:39,509 - DEBUG - Loaded collision time for BConcave+gConvex+3700_flipped at IoU 0.65: nan
2025-07-26 10:30:39,510 - DEBUG - Loaded collision time for BConcave+gConvex+3700_flipped at IoU 0.7: nan
2025-07-26 10:30:39,512 - DEBUG - Loaded collision time for BConcave+gConvex+3700_flipped at IoU 0.75: nan
2025-07-26 10:30:39,513 - DEBUG - Loaded collision time for BConcave+gConvex+3700_flipped at IoU 0.8: nan
2025-07-26 10:30:39,514 - DEBUG - Loaded collision time for BConcave+gConvex+3700_flipped at IoU 0.85: nan
2025-07-26 10:30:39,515 - DEBUG - Loaded collision time for BConcave+gConvex+3700_flipped at IoU 0.9: nan
2025-07-26 10:30:39,517 - DEBUG - Loaded collision time for BConcave+gConvex+3700_flipped at IoU 0.95: nan
2025-07-26 10:30:39,517 - INFO - Processing video: BConcave+gConvex+3900
2025-07-26 10:30:39,517 - INFO - Video BConcave+gConvex+3900 already processed (found segformer_model-BConcave+gConvex+3900.mp4), skipping video processing...
2025-07-26 10:30:39,521 - INFO - VanillaSegmentationSaver initialized with output dir: /home/projects/bagon/andreyg/Projects/Object_reps_neural/Programming/hugging_face/model_experiments/segformer/exp2TTC_segformer-b5-finetuned-ade-640-640/processed_videos/segformer_model-BConcave+gConvex+3900/org_segmentation
2025-07-26 10:30:39,523 - INFO - All collision results already exist for BConcave+gConvex+3900
2025-07-26 10:30:39,524 - DEBUG - Loaded collision time for BConcave+gConvex+3900 at IoU 0.05: 4316.666666666666
2025-07-26 10:30:39,526 - DEBUG - Loaded collision time for BConcave+gConvex+3900 at IoU 0.1: 4516.666666666667
2025-07-26 10:30:39,527 - DEBUG - Loaded collision time for BConcave+gConvex+3900 at IoU 0.15: nan
2025-07-26 10:30:39,528 - DEBUG - Loaded collision time for BConcave+gConvex+3900 at IoU 0.2: nan
2025-07-26 10:30:39,529 - DEBUG - Loaded collision time for BConcave+gConvex+3900 at IoU 0.25: nan
2025-07-26 10:30:39,531 - DEBUG - Loaded collision time for BConcave+gConvex+3900 at IoU 0.3: nan
2025-07-26 10:30:39,532 - DEBUG - Loaded collision time for BConcave+gConvex+3900 at IoU 0.35: nan
2025-07-26 10:30:39,533 - DEBUG - Loaded collision time for BConcave+gConvex+3900 at IoU 0.4: nan
2025-07-26 10:30:39,534 - DEBUG - Loaded collision time for BConcave+gConvex+3900 at IoU 0.45: nan
2025-07-26 10:30:39,535 - DEBUG - Loaded collision time for BConcave+gConvex+3900 at IoU 0.5: nan
2025-07-26 10:30:39,536 - DEBUG - Loaded collision time for BConcave+gConvex+3900 at IoU 0.55: nan
2025-07-26 10:30:39,538 - DEBUG - Loaded collision time for BConcave+gConvex+3900 at IoU 0.6: nan
2025-07-26 10:30:39,539 - DEBUG - Loaded collision time for BConcave+gConvex+3900 at IoU 0.65: nan
2025-07-26 10:30:39,540 - DEBUG - Loaded collision time for BConcave+gConvex+3900 at IoU 0.7: nan
2025-07-26 10:30:39,542 - DEBUG - Loaded collision time for BConcave+gConvex+3900 at IoU 0.75: nan
2025-07-26 10:30:39,543 - DEBUG - Loaded collision time for BConcave+gConvex+3900 at IoU 0.8: nan
2025-07-26 10:30:39,545 - DEBUG - Loaded collision time for BConcave+gConvex+3900 at IoU 0.85: nan
2025-07-26 10:30:39,546 - DEBUG - Loaded collision time for BConcave+gConvex+3900 at IoU 0.9: nan
2025-07-26 10:30:39,547 - DEBUG - Loaded collision time for BConcave+gConvex+3900 at IoU 0.95: nan
2025-07-26 10:30:39,547 - INFO - Processing video: BConcave+gConvex+4100_flipped
2025-07-26 10:30:39,548 - INFO - Video BConcave+gConvex+4100_flipped already processed (found segformer_model-BConcave+gConvex+4100_flipped.mp4), skipping video processing...
2025-07-26 10:30:39,552 - INFO - VanillaSegmentationSaver initialized with output dir: /home/projects/bagon/andreyg/Projects/Object_reps_neural/Programming/hugging_face/model_experiments/segformer/exp2TTC_segformer-b5-finetuned-ade-640-640/processed_videos/segformer_model-BConcave+gConvex+4100_flipped/org_segmentation
2025-07-26 10:30:39,555 - INFO - All collision results already exist for BConcave+gConvex+4100_flipped
2025-07-26 10:30:39,556 - DEBUG - Loaded collision time for BConcave+gConvex+4100_flipped at IoU 0.05: nan
2025-07-26 10:30:39,557 - DEBUG - Loaded collision time for BConcave+gConvex+4100_flipped at IoU 0.1: nan
2025-07-26 10:30:39,558 - DEBUG - Loaded collision time for BConcave+gConvex+4100_flipped at IoU 0.15: nan
2025-07-26 10:30:39,560 - DEBUG - Loaded collision time for BConcave+gConvex+4100_flipped at IoU 0.2: nan
2025-07-26 10:30:39,561 - DEBUG - Loaded collision time for BConcave+gConvex+4100_flipped at IoU 0.25: nan
2025-07-26 10:30:39,562 - DEBUG - Loaded collision time for BConcave+gConvex+4100_flipped at IoU 0.3: nan
2025-07-26 10:30:39,563 - DEBUG - Loaded collision time for BConcave+gConvex+4100_flipped at IoU 0.35: nan
2025-07-26 10:30:39,565 - DEBUG - Loaded collision time for BConcave+gConvex+4100_flipped at IoU 0.4: nan
2025-07-26 10:30:39,566 - DEBUG - Loaded collision time for BConcave+gConvex+4100_flipped at IoU 0.45: nan
2025-07-26 10:30:39,567 - DEBUG - Loaded collision time for BConcave+gConvex+4100_flipped at IoU 0.5: nan
2025-07-26 10:30:39,569 - DEBUG - Loaded collision time for BConcave+gConvex+4100_flipped at IoU 0.55: nan
2025-07-26 10:30:39,570 - DEBUG - Loaded collision time for BConcave+gConvex+4100_flipped at IoU 0.6: nan
2025-07-26 10:30:39,572 - DEBUG - Loaded collision time for BConcave+gConvex+4100_flipped at IoU 0.65: nan
2025-07-26 10:30:39,573 - DEBUG - Loaded collision time for BConcave+gConvex+4100_flipped at IoU 0.7: nan
2025-07-26 10:30:39,574 - DEBUG - Loaded collision time for BConcave+gConvex+4100_flipped at IoU 0.75: nan
2025-07-26 10:30:39,576 - DEBUG - Loaded collision time for BConcave+gConvex+4100_flipped at IoU 0.8: nan
2025-07-26 10:30:39,577 - DEBUG - Loaded collision time for BConcave+gConvex+4100_flipped at IoU 0.85: nan
2025-07-26 10:30:39,578 - DEBUG - Loaded collision time for BConcave+gConvex+4100_flipped at IoU 0.9: nan
2025-07-26 10:30:39,579 - DEBUG - Loaded collision time for BConcave+gConvex+4100_flipped at IoU 0.95: nan
2025-07-26 10:30:39,579 - INFO - Processing video: BConcave+gConvex+4300
2025-07-26 10:30:39,580 - INFO - Video BConcave+gConvex+4300 already processed (found segformer_model-BConcave+gConvex+4300.mp4), skipping video processing...
2025-07-26 10:30:39,584 - INFO - VanillaSegmentationSaver initialized with output dir: /home/projects/bagon/andreyg/Projects/Object_reps_neural/Programming/hugging_face/model_experiments/segformer/exp2TTC_segformer-b5-finetuned-ade-640-640/processed_videos/segformer_model-BConcave+gConvex+4300/org_segmentation
2025-07-26 10:30:39,587 - INFO - All collision results already exist for BConcave+gConvex+4300
2025-07-26 10:30:39,589 - DEBUG - Loaded collision time for BConcave+gConvex+4300 at IoU 0.05: 4483.333333333333
2025-07-26 10:30:39,591 - DEBUG - Loaded collision time for BConcave+gConvex+4300 at IoU 0.1: 4683.333333333334
2025-07-26 10:30:39,592 - DEBUG - Loaded collision time for BConcave+gConvex+4300 at IoU 0.15: 4816.666666666666
2025-07-26 10:30:39,594 - DEBUG - Loaded collision time for BConcave+gConvex+4300 at IoU 0.2: nan
2025-07-26 10:30:39,595 - DEBUG - Loaded collision time for BConcave+gConvex+4300 at IoU 0.25: nan
2025-07-26 10:30:39,596 - DEBUG - Loaded collision time for BConcave+gConvex+4300 at IoU 0.3: nan
2025-07-26 10:30:39,597 - DEBUG - Loaded collision time for BConcave+gConvex+4300 at IoU 0.35: nan
2025-07-26 10:30:39,598 - DEBUG - Loaded collision time for BConcave+gConvex+4300 at IoU 0.4: nan
2025-07-26 10:30:39,600 - DEBUG - Loaded collision time for BConcave+gConvex+4300 at IoU 0.45: nan
2025-07-26 10:30:39,601 - DEBUG - Loaded collision time for BConcave+gConvex+4300 at IoU 0.5: nan
2025-07-26 10:30:39,602 - DEBUG - Loaded collision time for BConcave+gConvex+4300 at IoU 0.55: nan
2025-07-26 10:30:39,604 - DEBUG - Loaded collision time for BConcave+gConvex+4300 at IoU 0.6: nan
2025-07-26 10:30:39,605 - DEBUG - Loaded collision time for BConcave+gConvex+4300 at IoU 0.65: nan
2025-07-26 10:30:39,607 - DEBUG - Loaded collision time for BConcave+gConvex+4300 at IoU 0.7: nan
2025-07-26 10:30:39,608 - DEBUG - Loaded collision time for BConcave+gConvex+4300 at IoU 0.75: nan
2025-07-26 10:30:39,609 - DEBUG - Loaded collision time for BConcave+gConvex+4300 at IoU 0.8: nan
2025-07-26 10:30:39,611 - DEBUG - Loaded collision time for BConcave+gConvex+4300 at IoU 0.85: nan
2025-07-26 10:30:39,612 - DEBUG - Loaded collision time for BConcave+gConvex+4300 at IoU 0.9: nan
2025-07-26 10:30:39,613 - DEBUG - Loaded collision time for BConcave+gConvex+4300 at IoU 0.95: nan
2025-07-26 10:30:39,613 - INFO - Processing video: BConcave+gConvex+4500_flipped
2025-07-26 10:30:39,614 - INFO - Video BConcave+gConvex+4500_flipped already processed (found segformer_model-BConcave+gConvex+4500_flipped.mp4), skipping video processing...
2025-07-26 10:30:39,618 - INFO - VanillaSegmentationSaver initialized with output dir: /home/projects/bagon/andreyg/Projects/Object_reps_neural/Programming/hugging_face/model_experiments/segformer/exp2TTC_segformer-b5-finetuned-ade-640-640/processed_videos/segformer_model-BConcave+gConvex+4500_flipped/org_segmentation
2025-07-26 10:30:39,621 - INFO - All collision results already exist for BConcave+gConvex+4500_flipped
2025-07-26 10:30:39,623 - DEBUG - Loaded collision time for BConcave+gConvex+4500_flipped at IoU 0.05: 3500.0
2025-07-26 10:30:39,624 - DEBUG - Loaded collision time for BConcave+gConvex+4500_flipped at IoU 0.1: 5433.333333333334
2025-07-26 10:30:39,625 - DEBUG - Loaded collision time for BConcave+gConvex+4500_flipped at IoU 0.15: nan
2025-07-26 10:30:39,627 - DEBUG - Loaded collision time for BConcave+gConvex+4500_flipped at IoU 0.2: nan
2025-07-26 10:30:39,628 - DEBUG - Loaded collision time for BConcave+gConvex+4500_flipped at IoU 0.25: nan
2025-07-26 10:30:39,630 - DEBUG - Loaded collision time for BConcave+gConvex+4500_flipped at IoU 0.3: nan
2025-07-26 10:30:39,632 - DEBUG - Loaded collision time for BConcave+gConvex+4500_flipped at IoU 0.35: nan
2025-07-26 10:30:39,633 - DEBUG - Loaded collision time for BConcave+gConvex+4500_flipped at IoU 0.4: nan
2025-07-26 10:30:39,634 - DEBUG - Loaded collision time for BConcave+gConvex+4500_flipped at IoU 0.45: nan
2025-07-26 10:30:39,636 - DEBUG - Loaded collision time for BConcave+gConvex+4500_flipped at IoU 0.5: nan
2025-07-26 10:30:39,637 - DEBUG - Loaded collision time for BConcave+gConvex+4500_flipped at IoU 0.55: nan
2025-07-26 10:30:39,638 - DEBUG - Loaded collision time for BConcave+gConvex+4500_flipped at IoU 0.6: nan
2025-07-26 10:30:39,640 - DEBUG - Loaded collision time for BConcave+gConvex+4500_flipped at IoU 0.65: nan
2025-07-26 10:30:39,641 - DEBUG - Loaded collision time for BConcave+gConvex+4500_flipped at IoU 0.7: nan
2025-07-26 10:30:39,642 - DEBUG - Loaded collision time for BConcave+gConvex+4500_flipped at IoU 0.75: nan
2025-07-26 10:30:39,644 - DEBUG - Loaded collision time for BConcave+gConvex+4500_flipped at IoU 0.8: nan
2025-07-26 10:30:39,645 - DEBUG - Loaded collision time for BConcave+gConvex+4500_flipped at IoU 0.85: nan
2025-07-26 10:30:39,646 - DEBUG - Loaded collision time for BConcave+gConvex+4500_flipped at IoU 0.9: nan
2025-07-26 10:30:39,648 - DEBUG - Loaded collision time for BConcave+gConvex+4500_flipped at IoU 0.95: nan
2025-07-26 10:30:39,648 - INFO - Processing video: BConcave+hConcave+3500_flipped
2025-07-26 10:30:39,648 - INFO - Video BConcave+hConcave+3500_flipped already processed (found segformer_model-BConcave+hConcave+3500_flipped.mp4), skipping video processing...
2025-07-26 10:30:39,652 - INFO - VanillaSegmentationSaver initialized with output dir: /home/projects/bagon/andreyg/Projects/Object_reps_neural/Programming/hugging_face/model_experiments/segformer/exp2TTC_segformer-b5-finetuned-ade-640-640/processed_videos/segformer_model-BConcave+hConcave+3500_flipped/org_segmentation
2025-07-26 10:30:39,654 - INFO - All collision results already exist for BConcave+hConcave+3500_flipped
2025-07-26 10:30:39,656 - DEBUG - Loaded collision time for BConcave+hConcave+3500_flipped at IoU 0.05: 3983.3333333333335
2025-07-26 10:30:39,657 - DEBUG - Loaded collision time for BConcave+hConcave+3500_flipped at IoU 0.1: 4066.6666666666665
2025-07-26 10:30:39,658 - DEBUG - Loaded collision time for BConcave+hConcave+3500_flipped at IoU 0.15: 4150.0
2025-07-26 10:30:39,660 - DEBUG - Loaded collision time for BConcave+hConcave+3500_flipped at IoU 0.2: 4316.666666666666
2025-07-26 10:30:39,661 - DEBUG - Loaded collision time for BConcave+hConcave+3500_flipped at IoU 0.25: nan
2025-07-26 10:30:39,662 - DEBUG - Loaded collision time for BConcave+hConcave+3500_flipped at IoU 0.3: nan
2025-07-26 10:30:39,664 - DEBUG - Loaded collision time for BConcave+hConcave+3500_flipped at IoU 0.35: nan
2025-07-26 10:30:39,666 - DEBUG - Loaded collision time for BConcave+hConcave+3500_flipped at IoU 0.4: nan
2025-07-26 10:30:39,667 - DEBUG - Loaded collision time for BConcave+hConcave+3500_flipped at IoU 0.45: nan
2025-07-26 10:30:39,668 - DEBUG - Loaded collision time for BConcave+hConcave+3500_flipped at IoU 0.5: nan
2025-07-26 10:30:39,670 - DEBUG - Loaded collision time for BConcave+hConcave+3500_flipped at IoU 0.55: nan
2025-07-26 10:30:39,671 - DEBUG - Loaded collision time for BConcave+hConcave+3500_flipped at IoU 0.6: nan
2025-07-26 10:30:39,673 - DEBUG - Loaded collision time for BConcave+hConcave+3500_flipped at IoU 0.65: nan
2025-07-26 10:30:39,674 - DEBUG - Loaded collision time for BConcave+hConcave+3500_flipped at IoU 0.7: nan
2025-07-26 10:30:39,675 - DEBUG - Loaded collision time for BConcave+hConcave+3500_flipped at IoU 0.75: nan
2025-07-26 10:30:39,676 - DEBUG - Loaded collision time for BConcave+hConcave+3500_flipped at IoU 0.8: nan
2025-07-26 10:30:39,678 - DEBUG - Loaded collision time for BConcave+hConcave+3500_flipped at IoU 0.85: nan
2025-07-26 10:30:39,679 - DEBUG - Loaded collision time for BConcave+hConcave+3500_flipped at IoU 0.9: nan
2025-07-26 10:30:39,680 - DEBUG - Loaded collision time for BConcave+hConcave+3500_flipped at IoU 0.95: nan
2025-07-26 10:30:39,681 - INFO - Processing video: BConcave+hConcave+3700
2025-07-26 10:30:39,681 - INFO - Video BConcave+hConcave+3700 already processed (found segformer_model-BConcave+hConcave+3700.mp4), skipping video processing...
2025-07-26 10:30:39,685 - INFO - VanillaSegmentationSaver initialized with output dir: /home/projects/bagon/andreyg/Projects/Object_reps_neural/Programming/hugging_face/model_experiments/segformer/exp2TTC_segformer-b5-finetuned-ade-640-640/processed_videos/segformer_model-BConcave+hConcave+3700/org_segmentation
2025-07-26 10:30:39,687 - INFO - All collision results already exist for BConcave+hConcave+3700
2025-07-26 10:30:39,689 - DEBUG - Loaded collision time for BConcave+hConcave+3700 at IoU 0.05: 4083.333333333333
2025-07-26 10:30:39,690 - DEBUG - Loaded collision time for BConcave+hConcave+3700 at IoU 0.1: 4250.0
2025-07-26 10:30:39,691 - DEBUG - Loaded collision time for BConcave+hConcave+3700 at IoU 0.15: 4366.666666666666
2025-07-26 10:30:39,693 - DEBUG - Loaded collision time for BConcave+hConcave+3700 at IoU 0.2: 4466.666666666667
2025-07-26 10:30:39,694 - DEBUG - Loaded collision time for BConcave+hConcave+3700 at IoU 0.25: 4550.0
2025-07-26 10:30:39,695 - DEBUG - Loaded collision time for BConcave+hConcave+3700 at IoU 0.3: 4666.666666666667
2025-07-26 10:30:39,697 - DEBUG - Loaded collision time for BConcave+hConcave+3700 at IoU 0.35: nan
2025-07-26 10:30:39,698 - DEBUG - Loaded collision time for BConcave+hConcave+3700 at IoU 0.4: nan
2025-07-26 10:30:39,700 - DEBUG - Loaded collision time for BConcave+hConcave+3700 at IoU 0.45: nan
2025-07-26 10:30:39,701 - DEBUG - Loaded collision time for BConcave+hConcave+3700 at IoU 0.5: nan
2025-07-26 10:30:39,702 - DEBUG - Loaded collision time for BConcave+hConcave+3700 at IoU 0.55: nan
2025-07-26 10:30:39,703 - DEBUG - Loaded collision time for BConcave+hConcave+3700 at IoU 0.6: nan
2025-07-26 10:30:39,705 - DEBUG - Loaded collision time for BConcave+hConcave+3700 at IoU 0.65: nan
2025-07-26 10:30:39,706 - DEBUG - Loaded collision time for BConcave+hConcave+3700 at IoU 0.7: nan
2025-07-26 10:30:39,708 - DEBUG - Loaded collision time for BConcave+hConcave+3700 at IoU 0.75: nan
2025-07-26 10:30:39,709 - DEBUG - Loaded collision time for BConcave+hConcave+3700 at IoU 0.8: nan
2025-07-26 10:30:39,710 - DEBUG - Loaded collision time for BConcave+hConcave+3700 at IoU 0.85: nan
2025-07-26 10:30:39,712 - DEBUG - Loaded collision time for BConcave+hConcave+3700 at IoU 0.9: nan
2025-07-26 10:30:39,713 - DEBUG - Loaded collision time for BConcave+hConcave+3700 at IoU 0.95: nan
2025-07-26 10:30:39,713 - INFO - Processing video: BConcave+hConcave+3900_flipped
2025-07-26 10:30:39,713 - INFO - Video BConcave+hConcave+3900_flipped already processed (found segformer_model-BConcave+hConcave+3900_flipped.mp4), skipping video processing...
2025-07-26 10:30:39,718 - INFO - VanillaSegmentationSaver initialized with output dir: /home/projects/bagon/andreyg/Projects/Object_reps_neural/Programming/hugging_face/model_experiments/segformer/exp2TTC_segformer-b5-finetuned-ade-640-640/processed_videos/segformer_model-BConcave+hConcave+3900_flipped/org_segmentation
2025-07-26 10:30:39,720 - INFO - All collision results already exist for BConcave+hConcave+3900_flipped
2025-07-26 10:30:39,722 - DEBUG - Loaded collision time for BConcave+hConcave+3900_flipped at IoU 0.05: 4250.0
2025-07-26 10:30:39,723 - DEBUG - Loaded collision time for BConcave+hConcave+3900_flipped at IoU 0.1: 4383.333333333334
2025-07-26 10:30:39,725 - DEBUG - Loaded collision time for BConcave+hConcave+3900_flipped at IoU 0.15: 4466.666666666667
2025-07-26 10:30:39,726 - DEBUG - Loaded collision time for BConcave+hConcave+3900_flipped at IoU 0.2: 4550.0
2025-07-26 10:30:39,728 - DEBUG - Loaded collision time for BConcave+hConcave+3900_flipped at IoU 0.25: 4633.333333333334
2025-07-26 10:30:39,729 - DEBUG - Loaded collision time for BConcave+hConcave+3900_flipped at IoU 0.3: 4816.666666666666
2025-07-26 10:30:39,730 - DEBUG - Loaded collision time for BConcave+hConcave+3900_flipped at IoU 0.35: nan
2025-07-26 10:30:39,732 - DEBUG - Loaded collision time for BConcave+hConcave+3900_flipped at IoU 0.4: nan
2025-07-26 10:30:39,733 - DEBUG - Loaded collision time for BConcave+hConcave+3900_flipped at IoU 0.45: nan
2025-07-26 10:30:39,734 - DEBUG - Loaded collision time for BConcave+hConcave+3900_flipped at IoU 0.5: nan
2025-07-26 10:30:39,736 - DEBUG - Loaded collision time for BConcave+hConcave+3900_flipped at IoU 0.55: nan
2025-07-26 10:30:39,737 - DEBUG - Loaded collision time for BConcave+hConcave+3900_flipped at IoU 0.6: nan
2025-07-26 10:30:39,738 - DEBUG - Loaded collision time for BConcave+hConcave+3900_flipped at IoU 0.65: nan
2025-07-26 10:30:39,740 - DEBUG - Loaded collision time for BConcave+hConcave+3900_flipped at IoU 0.7: nan
2025-07-26 10:30:39,741 - DEBUG - Loaded collision time for BConcave+hConcave+3900_flipped at IoU 0.75: nan
2025-07-26 10:30:39,742 - DEBUG - Loaded collision time for BConcave+hConcave+3900_flipped at IoU 0.8: nan
2025-07-26 10:30:39,743 - DEBUG - Loaded collision time for BConcave+hConcave+3900_flipped at IoU 0.85: nan
2025-07-26 10:30:39,745 - DEBUG - Loaded collision time for BConcave+hConcave+3900_flipped at IoU 0.9: nan
2025-07-26 10:30:39,746 - DEBUG - Loaded collision time for BConcave+hConcave+3900_flipped at IoU 0.95: nan
2025-07-26 10:30:39,746 - INFO - Processing video: BConcave+hConcave+4100
2025-07-26 10:30:39,747 - INFO - Video BConcave+hConcave+4100 already processed (found segformer_model-BConcave+hConcave+4100.mp4), skipping video processing...
2025-07-26 10:30:39,752 - INFO - VanillaSegmentationSaver initialized with output dir: /home/projects/bagon/andreyg/Projects/Object_reps_neural/Programming/hugging_face/model_experiments/segformer/exp2TTC_segformer-b5-finetuned-ade-640-640/processed_videos/segformer_model-BConcave+hConcave+4100/org_segmentation
2025-07-26 10:30:39,754 - INFO - All collision results already exist for BConcave+hConcave+4100
2025-07-26 10:30:39,755 - DEBUG - Loaded collision time for BConcave+hConcave+4100 at IoU 0.05: nan
2025-07-26 10:30:39,757 - DEBUG - Loaded collision time for BConcave+hConcave+4100 at IoU 0.1: nan
2025-07-26 10:30:39,758 - DEBUG - Loaded collision time for BConcave+hConcave+4100 at IoU 0.15: nan
2025-07-26 10:30:39,759 - DEBUG - Loaded collision time for BConcave+hConcave+4100 at IoU 0.2: nan
2025-07-26 10:30:39,761 - DEBUG - Loaded collision time for BConcave+hConcave+4100 at IoU 0.25: nan
2025-07-26 10:30:39,762 - DEBUG - Loaded collision time for BConcave+hConcave+4100 at IoU 0.3: nan
2025-07-26 10:30:39,763 - DEBUG - Loaded collision time for BConcave+hConcave+4100 at IoU 0.35: nan
2025-07-26 10:30:39,765 - DEBUG - Loaded collision time for BConcave+hConcave+4100 at IoU 0.4: nan
2025-07-26 10:30:39,766 - DEBUG - Loaded collision time for BConcave+hConcave+4100 at IoU 0.45: nan
2025-07-26 10:30:39,767 - DEBUG - Loaded collision time for BConcave+hConcave+4100 at IoU 0.5: nan
2025-07-26 10:30:39,768 - DEBUG - Loaded collision time for BConcave+hConcave+4100 at IoU 0.55: nan
2025-07-26 10:30:39,770 - DEBUG - Loaded collision time for BConcave+hConcave+4100 at IoU 0.6: nan
2025-07-26 10:30:39,771 - DEBUG - Loaded collision time for BConcave+hConcave+4100 at IoU 0.65: nan
2025-07-26 10:30:39,772 - DEBUG - Loaded collision time for BConcave+hConcave+4100 at IoU 0.7: nan
2025-07-26 10:30:39,774 - DEBUG - Loaded collision time for BConcave+hConcave+4100 at IoU 0.75: nan
2025-07-26 10:30:39,775 - DEBUG - Loaded collision time for BConcave+hConcave+4100 at IoU 0.8: nan
2025-07-26 10:30:39,777 - DEBUG - Loaded collision time for BConcave+hConcave+4100 at IoU 0.85: nan
2025-07-26 10:30:39,778 - DEBUG - Loaded collision time for BConcave+hConcave+4100 at IoU 0.9: nan
2025-07-26 10:30:39,780 - DEBUG - Loaded collision time for BConcave+hConcave+4100 at IoU 0.95: nan
2025-07-26 10:30:39,780 - INFO - Processing video: BConcave+hConcave+4300_flipped
2025-07-26 10:30:39,780 - INFO - Video BConcave+hConcave+4300_flipped already processed (found segformer_model-BConcave+hConcave+4300_flipped.mp4), skipping video processing...
2025-07-26 10:30:39,785 - INFO - VanillaSegmentationSaver initialized with output dir: /home/projects/bagon/andreyg/Projects/Object_reps_neural/Programming/hugging_face/model_experiments/segformer/exp2TTC_segformer-b5-finetuned-ade-640-640/processed_videos/segformer_model-BConcave+hConcave+4300_flipped/org_segmentation
2025-07-26 10:30:39,787 - INFO - All collision results already exist for BConcave+hConcave+4300_flipped
2025-07-26 10:30:39,792 - DEBUG - Loaded collision time for BConcave+hConcave+4300_flipped at IoU 0.05: 4783.333333333333
2025-07-26 10:30:39,794 - DEBUG - Loaded collision time for BConcave+hConcave+4300_flipped at IoU 0.1: 4916.666666666667
2025-07-26 10:30:39,795 - DEBUG - Loaded collision time for BConcave+hConcave+4300_flipped at IoU 0.15: 5050.0
2025-07-26 10:30:39,796 - DEBUG - Loaded collision time for BConcave+hConcave+4300_flipped at IoU 0.2: nan
2025-07-26 10:30:39,798 - DEBUG - Loaded collision time for BConcave+hConcave+4300_flipped at IoU 0.25: nan
2025-07-26 10:30:39,799 - DEBUG - Loaded collision time for BConcave+hConcave+4300_flipped at IoU 0.3: nan
2025-07-26 10:30:39,800 - DEBUG - Loaded collision time for BConcave+hConcave+4300_flipped at IoU 0.35: nan
2025-07-26 10:30:39,801 - DEBUG - Loaded collision time for BConcave+hConcave+4300_flipped at IoU 0.4: nan
2025-07-26 10:30:39,803 - DEBUG - Loaded collision time for BConcave+hConcave+4300_flipped at IoU 0.45: nan
2025-07-26 10:30:39,804 - DEBUG - Loaded collision time for BConcave+hConcave+4300_flipped at IoU 0.5: nan
2025-07-26 10:30:39,805 - DEBUG - Loaded collision time for BConcave+hConcave+4300_flipped at IoU 0.55: nan
2025-07-26 10:30:39,807 - DEBUG - Loaded collision time for BConcave+hConcave+4300_flipped at IoU 0.6: nan
2025-07-26 10:30:39,808 - DEBUG - Loaded collision time for BConcave+hConcave+4300_flipped at IoU 0.65: nan
2025-07-26 10:30:39,809 - DEBUG - Loaded collision time for BConcave+hConcave+4300_flipped at IoU 0.7: nan
2025-07-26 10:30:39,810 - DEBUG - Loaded collision time for BConcave+hConcave+4300_flipped at IoU 0.75: nan
2025-07-26 10:30:39,812 - DEBUG - Loaded collision time for BConcave+hConcave+4300_flipped at IoU 0.8: nan
2025-07-26 10:30:39,813 - DEBUG - Loaded collision time for BConcave+hConcave+4300_flipped at IoU 0.85: nan
2025-07-26 10:30:39,814 - DEBUG - Loaded collision time for BConcave+hConcave+4300_flipped at IoU 0.9: nan
2025-07-26 10:30:39,815 - DEBUG - Loaded collision time for BConcave+hConcave+4300_flipped at IoU 0.95: nan
2025-07-26 10:30:39,815 - INFO - Processing video: BConcave+hConcave+4500
2025-07-26 10:30:39,816 - INFO - Video BConcave+hConcave+4500 already processed (found segformer_model-BConcave+hConcave+4500.mp4), skipping video processing...
2025-07-26 10:30:39,820 - INFO - VanillaSegmentationSaver initialized with output dir: /home/projects/bagon/andreyg/Projects/Object_reps_neural/Programming/hugging_face/model_experiments/segformer/exp2TTC_segformer-b5-finetuned-ade-640-640/processed_videos/segformer_model-BConcave+hConcave+4500/org_segmentation
2025-07-26 10:30:39,823 - INFO - All collision results already exist for BConcave+hConcave+4500
2025-07-26 10:30:39,824 - DEBUG - Loaded collision time for BConcave+hConcave+4500 at IoU 0.05: nan
2025-07-26 10:30:39,825 - DEBUG - Loaded collision time for BConcave+hConcave+4500 at IoU 0.1: nan
2025-07-26 10:30:39,827 - DEBUG - Loaded collision time for BConcave+hConcave+4500 at IoU 0.15: nan
2025-07-26 10:30:39,828 - DEBUG - Loaded collision time for BConcave+hConcave+4500 at IoU 0.2: nan
2025-07-26 10:30:39,829 - DEBUG - Loaded collision time for BConcave+hConcave+4500 at IoU 0.25: nan
2025-07-26 10:30:39,831 - DEBUG - Loaded collision time for BConcave+hConcave+4500 at IoU 0.3: nan
2025-07-26 10:30:39,832 - DEBUG - Loaded collision time for BConcave+hConcave+4500 at IoU 0.35: nan
2025-07-26 10:30:39,833 - DEBUG - Loaded collision time for BConcave+hConcave+4500 at IoU 0.4: nan
2025-07-26 10:30:39,834 - DEBUG - Loaded collision time for BConcave+hConcave+4500 at IoU 0.45: nan
2025-07-26 10:30:39,835 - DEBUG - Loaded collision time for BConcave+hConcave+4500 at IoU 0.5: nan
2025-07-26 10:30:39,837 - DEBUG - Loaded collision time for BConcave+hConcave+4500 at IoU 0.55: nan
2025-07-26 10:30:39,838 - DEBUG - Loaded collision time for BConcave+hConcave+4500 at IoU 0.6: nan
2025-07-26 10:30:39,839 - DEBUG - Loaded collision time for BConcave+hConcave+4500 at IoU 0.65: nan
2025-07-26 10:30:39,841 - DEBUG - Loaded collision time for BConcave+hConcave+4500 at IoU 0.7: nan
2025-07-26 10:30:39,842 - DEBUG - Loaded collision time for BConcave+hConcave+4500 at IoU 0.75: nan
2025-07-26 10:30:39,843 - DEBUG - Loaded collision time for BConcave+hConcave+4500 at IoU 0.8: nan
2025-07-26 10:30:39,844 - DEBUG - Loaded collision time for BConcave+hConcave+4500 at IoU 0.85: nan
2025-07-26 10:30:39,845 - DEBUG - Loaded collision time for BConcave+hConcave+4500 at IoU 0.9: nan
2025-07-26 10:30:39,847 - DEBUG - Loaded collision time for BConcave+hConcave+4500 at IoU 0.95: nan
2025-07-26 10:30:39,847 - INFO - Processing video: BConcave+hConvex+3500
2025-07-26 10:30:39,847 - INFO - Video BConcave+hConvex+3500 already processed (found segformer_model-BConcave+hConvex+3500.mp4), skipping video processing...
2025-07-26 10:30:39,852 - INFO - VanillaSegmentationSaver initialized with output dir: /home/projects/bagon/andreyg/Projects/Object_reps_neural/Programming/hugging_face/model_experiments/segformer/exp2TTC_segformer-b5-finetuned-ade-640-640/processed_videos/segformer_model-BConcave+hConvex+3500/org_segmentation
2025-07-26 10:30:39,854 - INFO - All collision results already exist for BConcave+hConvex+3500
2025-07-26 10:30:39,855 - DEBUG - Loaded collision time for BConcave+hConvex+3500 at IoU 0.05: 4250.0
2025-07-26 10:30:39,857 - DEBUG - Loaded collision time for BConcave+hConvex+3500 at IoU 0.1: 4400.0
2025-07-26 10:30:39,858 - DEBUG - Loaded collision time for BConcave+hConvex+3500 at IoU 0.15: 4516.666666666667
2025-07-26 10:30:39,859 - DEBUG - Loaded collision time for BConcave+hConvex+3500 at IoU 0.2: 4600.0
2025-07-26 10:30:39,861 - DEBUG - Loaded collision time for BConcave+hConvex+3500 at IoU 0.25: nan
2025-07-26 10:30:39,862 - DEBUG - Loaded collision time for BConcave+hConvex+3500 at IoU 0.3: nan
2025-07-26 10:30:39,863 - DEBUG - Loaded collision time for BConcave+hConvex+3500 at IoU 0.35: nan
2025-07-26 10:30:39,864 - DEBUG - Loaded collision time for BConcave+hConvex+3500 at IoU 0.4: nan
2025-07-26 10:30:39,866 - DEBUG - Loaded collision time for BConcave+hConvex+3500 at IoU 0.45: nan
2025-07-26 10:30:39,873 - DEBUG - Loaded collision time for BConcave+hConvex+3500 at IoU 0.5: nan
2025-07-26 10:30:39,874 - DEBUG - Loaded collision time for BConcave+hConvex+3500 at IoU 0.55: nan
2025-07-26 10:30:39,876 - DEBUG - Loaded collision time for BConcave+hConvex+3500 at IoU 0.6: nan
2025-07-26 10:30:39,878 - DEBUG - Loaded collision time for BConcave+hConvex+3500 at IoU 0.65: nan
2025-07-26 10:30:39,879 - DEBUG - Loaded collision time for BConcave+hConvex+3500 at IoU 0.7: nan
2025-07-26 10:30:39,880 - DEBUG - Loaded collision time for BConcave+hConvex+3500 at IoU 0.75: nan
2025-07-26 10:30:39,882 - DEBUG - Loaded collision time for BConcave+hConvex+3500 at IoU 0.8: nan
2025-07-26 10:30:39,883 - DEBUG - Loaded collision time for BConcave+hConvex+3500 at IoU 0.85: nan
2025-07-26 10:30:39,885 - DEBUG - Loaded collision time for BConcave+hConvex+3500 at IoU 0.9: nan
2025-07-26 10:30:39,886 - DEBUG - Loaded collision time for BConcave+hConvex+3500 at IoU 0.95: nan
2025-07-26 10:30:39,886 - INFO - Processing video: BConcave+hConvex+3700_flipped
2025-07-26 10:30:39,886 - INFO - Video BConcave+hConvex+3700_flipped already processed (found segformer_model-BConcave+hConvex+3700_flipped.mp4), skipping video processing...
2025-07-26 10:30:39,891 - INFO - VanillaSegmentationSaver initialized with output dir: /home/projects/bagon/andreyg/Projects/Object_reps_neural/Programming/hugging_face/model_experiments/segformer/exp2TTC_segformer-b5-finetuned-ade-640-640/processed_videos/segformer_model-BConcave+hConvex+3700_flipped/org_segmentation
2025-07-26 10:30:39,893 - INFO - All collision results already exist for BConcave+hConvex+3700_flipped
2025-07-26 10:30:39,895 - DEBUG - Loaded collision time for BConcave+hConvex+3700_flipped at IoU 0.05: 4133.333333333334
2025-07-26 10:30:39,896 - DEBUG - Loaded collision time for BConcave+hConvex+3700_flipped at IoU 0.1: 4416.666666666667
2025-07-26 10:30:39,898 - DEBUG - Loaded collision time for BConcave+hConvex+3700_flipped at IoU 0.15: 4616.666666666666
2025-07-26 10:30:39,899 - DEBUG - Loaded collision time for BConcave+hConvex+3700_flipped at IoU 0.2: 4766.666666666667
2025-07-26 10:30:39,900 - DEBUG - Loaded collision time for BConcave+hConvex+3700_flipped at IoU 0.25: 4916.666666666667
2025-07-26 10:30:39,901 - DEBUG - Loaded collision time for BConcave+hConvex+3700_flipped at IoU 0.3: nan
2025-07-26 10:30:39,903 - DEBUG - Loaded collision time for BConcave+hConvex+3700_flipped at IoU 0.35: nan
2025-07-26 10:30:39,904 - DEBUG - Loaded collision time for BConcave+hConvex+3700_flipped at IoU 0.4: nan
2025-07-26 10:30:39,905 - DEBUG - Loaded collision time for BConcave+hConvex+3700_flipped at IoU 0.45: nan
2025-07-26 10:30:39,907 - DEBUG - Loaded collision time for BConcave+hConvex+3700_flipped at IoU 0.5: nan
2025-07-26 10:30:39,908 - DEBUG - Loaded collision time for BConcave+hConvex+3700_flipped at IoU 0.55: nan
2025-07-26 10:30:39,909 - DEBUG - Loaded collision time for BConcave+hConvex+3700_flipped at IoU 0.6: nan
2025-07-26 10:30:39,911 - DEBUG - Loaded collision time for BConcave+hConvex+3700_flipped at IoU 0.65: nan
2025-07-26 10:30:39,912 - DEBUG - Loaded collision time for BConcave+hConvex+3700_flipped at IoU 0.7: nan
2025-07-26 10:30:39,913 - DEBUG - Loaded collision time for BConcave+hConvex+3700_flipped at IoU 0.75: nan
2025-07-26 10:30:39,915 - DEBUG - Loaded collision time for BConcave+hConvex+3700_flipped at IoU 0.8: nan
2025-07-26 10:30:39,916 - DEBUG - Loaded collision time for BConcave+hConvex+3700_flipped at IoU 0.85: nan
2025-07-26 10:30:39,918 - DEBUG - Loaded collision time for BConcave+hConvex+3700_flipped at IoU 0.9: nan
2025-07-26 10:30:39,919 - DEBUG - Loaded collision time for BConcave+hConvex+3700_flipped at IoU 0.95: nan
2025-07-26 10:30:39,919 - INFO - Processing video: BConcave+hConvex+3900
2025-07-26 10:30:39,919 - INFO - Video BConcave+hConvex+3900 already processed (found segformer_model-BConcave+hConvex+3900.mp4), skipping video processing...
2025-07-26 10:30:39,924 - INFO - VanillaSegmentationSaver initialized with output dir: /home/projects/bagon/andreyg/Projects/Object_reps_neural/Programming/hugging_face/model_experiments/segformer/exp2TTC_segformer-b5-finetuned-ade-640-640/processed_videos/segformer_model-BConcave+hConvex+3900/org_segmentation
2025-07-26 10:30:39,926 - INFO - All collision results already exist for BConcave+hConvex+3900
2025-07-26 10:30:39,927 - DEBUG - Loaded collision time for BConcave+hConvex+3900 at IoU 0.05: 4433.333333333334
2025-07-26 10:30:39,929 - DEBUG - Loaded collision time for BConcave+hConvex+3900 at IoU 0.1: 4733.333333333333
2025-07-26 10:30:39,930 - DEBUG - Loaded collision time for BConcave+hConvex+3900 at IoU 0.15: 4900.0
2025-07-26 10:30:39,931 - DEBUG - Loaded collision time for BConcave+hConvex+3900 at IoU 0.2: 5116.666666666666
2025-07-26 10:30:39,933 - DEBUG - Loaded collision time for BConcave+hConvex+3900 at IoU 0.25: nan
2025-07-26 10:30:39,934 - DEBUG - Loaded collision time for BConcave+hConvex+3900 at IoU 0.3: nan
2025-07-26 10:30:39,936 - DEBUG - Loaded collision time for BConcave+hConvex+3900 at IoU 0.35: nan
2025-07-26 10:30:39,937 - DEBUG - Loaded collision time for BConcave+hConvex+3900 at IoU 0.4: nan
2025-07-26 10:30:39,938 - DEBUG - Loaded collision time for BConcave+hConvex+3900 at IoU 0.45: nan
2025-07-26 10:30:39,940 - DEBUG - Loaded collision time for BConcave+hConvex+3900 at IoU 0.5: nan
2025-07-26 10:30:39,941 - DEBUG - Loaded collision time for BConcave+hConvex+3900 at IoU 0.55: nan
2025-07-26 10:30:39,942 - DEBUG - Loaded collision time for BConcave+hConvex+3900 at IoU 0.6: nan
2025-07-26 10:30:39,944 - DEBUG - Loaded collision time for BConcave+hConvex+3900 at IoU 0.65: nan
2025-07-26 10:30:39,945 - DEBUG - Loaded collision time for BConcave+hConvex+3900 at IoU 0.7: nan
2025-07-26 10:30:39,946 - DEBUG - Loaded collision time for BConcave+hConvex+3900 at IoU 0.75: nan
2025-07-26 10:30:39,948 - DEBUG - Loaded collision time for BConcave+hConvex+3900 at IoU 0.8: nan
2025-07-26 10:30:39,949 - DEBUG - Loaded collision time for BConcave+hConvex+3900 at IoU 0.85: nan
2025-07-26 10:30:39,951 - DEBUG - Loaded collision time for BConcave+hConvex+3900 at IoU 0.9: nan
2025-07-26 10:30:39,952 - DEBUG - Loaded collision time for BConcave+hConvex+3900 at IoU 0.95: nan
2025-07-26 10:30:39,952 - INFO - Processing video: BConcave+hConvex+4100_flipped
2025-07-26 10:30:39,952 - INFO - Video BConcave+hConvex+4100_flipped already processed (found segformer_model-BConcave+hConvex+4100_flipped.mp4), skipping video processing...
2025-07-26 10:30:39,957 - INFO - VanillaSegmentationSaver initialized with output dir: /home/projects/bagon/andreyg/Projects/Object_reps_neural/Programming/hugging_face/model_experiments/segformer/exp2TTC_segformer-b5-finetuned-ade-640-640/processed_videos/segformer_model-BConcave+hConvex+4100_flipped/org_segmentation
2025-07-26 10:30:39,959 - INFO - All collision results already exist for BConcave+hConvex+4100_flipped
2025-07-26 10:30:39,961 - DEBUG - Loaded collision time for BConcave+hConvex+4100_flipped at IoU 0.05: 4650.0
2025-07-26 10:30:39,962 - DEBUG - Loaded collision time for BConcave+hConvex+4100_flipped at IoU 0.1: 4833.333333333333
2025-07-26 10:30:39,963 - DEBUG - Loaded collision time for BConcave+hConvex+4100_flipped at IoU 0.15: 5000.0
2025-07-26 10:30:39,965 - DEBUG - Loaded collision time for BConcave+hConvex+4100_flipped at IoU 0.2: 5183.333333333334
2025-07-26 10:30:39,966 - DEBUG - Loaded collision time for BConcave+hConvex+4100_flipped at IoU 0.25: 5383.333333333334
2025-07-26 10:30:39,968 - DEBUG - Loaded collision time for BConcave+hConvex+4100_flipped at IoU 0.3: nan
2025-07-26 10:30:39,969 - DEBUG - Loaded collision time for BConcave+hConvex+4100_flipped at IoU 0.35: nan
2025-07-26 10:30:39,970 - DEBUG - Loaded collision time for BConcave+hConvex+4100_flipped at IoU 0.4: nan
2025-07-26 10:30:39,972 - DEBUG - Loaded collision time for BConcave+hConvex+4100_flipped at IoU 0.45: nan
2025-07-26 10:30:39,973 - DEBUG - Loaded collision time for BConcave+hConvex+4100_flipped at IoU 0.5: nan
2025-07-26 10:30:39,975 - DEBUG - Loaded collision time for BConcave+hConvex+4100_flipped at IoU 0.55: nan
2025-07-26 10:30:39,976 - DEBUG - Loaded collision time for BConcave+hConvex+4100_flipped at IoU 0.6: nan
2025-07-26 10:30:39,977 - DEBUG - Loaded collision time for BConcave+hConvex+4100_flipped at IoU 0.65: nan
2025-07-26 10:30:39,979 - DEBUG - Loaded collision time for BConcave+hConvex+4100_flipped at IoU 0.7: nan
2025-07-26 10:30:39,980 - DEBUG - Loaded collision time for BConcave+hConvex+4100_flipped at IoU 0.75: nan
2025-07-26 10:30:39,981 - DEBUG - Loaded collision time for BConcave+hConvex+4100_flipped at IoU 0.8: nan
2025-07-26 10:30:39,983 - DEBUG - Loaded collision time for BConcave+hConvex+4100_flipped at IoU 0.85: nan
2025-07-26 10:30:39,984 - DEBUG - Loaded collision time for BConcave+hConvex+4100_flipped at IoU 0.9: nan
2025-07-26 10:30:39,985 - DEBUG - Loaded collision time for BConcave+hConvex+4100_flipped at IoU 0.95: nan
2025-07-26 10:30:39,985 - INFO - Processing video: BConcave+hConvex+4300
2025-07-26 10:30:39,986 - INFO - Video BConcave+hConvex+4300 already processed (found segformer_model-BConcave+hConvex+4300.mp4), skipping video processing...
2025-07-26 10:30:39,990 - INFO - VanillaSegmentationSaver initialized with output dir: /home/projects/bagon/andreyg/Projects/Object_reps_neural/Programming/hugging_face/model_experiments/segformer/exp2TTC_segformer-b5-finetuned-ade-640-640/processed_videos/segformer_model-BConcave+hConvex+4300/org_segmentation
2025-07-26 10:30:39,992 - INFO - All collision results already exist for BConcave+hConvex+4300
2025-07-26 10:30:39,996 - DEBUG - Loaded collision time for BConcave+hConvex+4300 at IoU 0.05: nan
2025-07-26 10:30:39,997 - DEBUG - Loaded collision time for BConcave+hConvex+4300 at IoU 0.1: nan
2025-07-26 10:30:39,998 - DEBUG - Loaded collision time for BConcave+hConvex+4300 at IoU 0.15: nan
2025-07-26 10:30:40,000 - DEBUG - Loaded collision time for BConcave+hConvex+4300 at IoU 0.2: nan
2025-07-26 10:30:40,001 - DEBUG - Loaded collision time for BConcave+hConvex+4300 at IoU 0.25: nan
2025-07-26 10:30:40,002 - DEBUG - Loaded collision time for BConcave+hConvex+4300 at IoU 0.3: nan
2025-07-26 10:30:40,004 - DEBUG - Loaded collision time for BConcave+hConvex+4300 at IoU 0.35: nan
2025-07-26 10:30:40,005 - DEBUG - Loaded collision time for BConcave+hConvex+4300 at IoU 0.4: nan
2025-07-26 10:30:40,006 - DEBUG - Loaded collision time for BConcave+hConvex+4300 at IoU 0.45: nan
2025-07-26 10:30:40,008 - DEBUG - Loaded collision time for BConcave+hConvex+4300 at IoU 0.5: nan
2025-07-26 10:30:40,009 - DEBUG - Loaded collision time for BConcave+hConvex+4300 at IoU 0.55: nan
2025-07-26 10:30:40,010 - DEBUG - Loaded collision time for BConcave+hConvex+4300 at IoU 0.6: nan
2025-07-26 10:30:40,012 - DEBUG - Loaded collision time for BConcave+hConvex+4300 at IoU 0.65: nan
2025-07-26 10:30:40,013 - DEBUG - Loaded collision time for BConcave+hConvex+4300 at IoU 0.7: nan
2025-07-26 10:30:40,014 - DEBUG - Loaded collision time for BConcave+hConvex+4300 at IoU 0.75: nan
2025-07-26 10:30:40,016 - DEBUG - Loaded collision time for BConcave+hConvex+4300 at IoU 0.8: nan
2025-07-26 10:30:40,017 - DEBUG - Loaded collision time for BConcave+hConvex+4300 at IoU 0.85: nan
2025-07-26 10:30:40,018 - DEBUG - Loaded collision time for BConcave+hConvex+4300 at IoU 0.9: nan
2025-07-26 10:30:40,019 - DEBUG - Loaded collision time for BConcave+hConvex+4300 at IoU 0.95: nan
2025-07-26 10:30:40,019 - INFO - Processing video: BConcave+hConvex+4500_flipped
2025-07-26 10:30:40,020 - INFO - Video BConcave+hConvex+4500_flipped already processed (found segformer_model-BConcave+hConvex+4500_flipped.mp4), skipping video processing...
2025-07-26 10:30:40,024 - INFO - VanillaSegmentationSaver initialized with output dir: /home/projects/bagon/andreyg/Projects/Object_reps_neural/Programming/hugging_face/model_experiments/segformer/exp2TTC_segformer-b5-finetuned-ade-640-640/processed_videos/segformer_model-BConcave+hConvex+4500_flipped/org_segmentation
2025-07-26 10:30:40,026 - INFO - All collision results already exist for BConcave+hConvex+4500_flipped
2025-07-26 10:30:40,028 - DEBUG - Loaded collision time for BConcave+hConvex+4500_flipped at IoU 0.05: 5000.0
2025-07-26 10:30:40,029 - DEBUG - Loaded collision time for BConcave+hConvex+4500_flipped at IoU 0.1: 5183.333333333334
2025-07-26 10:30:40,030 - DEBUG - Loaded collision time for BConcave+hConvex+4500_flipped at IoU 0.15: 5366.666666666666
2025-07-26 10:30:40,032 - DEBUG - Loaded collision time for BConcave+hConvex+4500_flipped at IoU 0.2: nan
2025-07-26 10:30:40,033 - DEBUG - Loaded collision time for BConcave+hConvex+4500_flipped at IoU 0.25: nan
2025-07-26 10:30:40,034 - DEBUG - Loaded collision time for BConcave+hConvex+4500_flipped at IoU 0.3: nan
2025-07-26 10:30:40,035 - DEBUG - Loaded collision time for BConcave+hConvex+4500_flipped at IoU 0.35: nan
2025-07-26 10:30:40,037 - DEBUG - Loaded collision time for BConcave+hConvex+4500_flipped at IoU 0.4: nan
2025-07-26 10:30:40,038 - DEBUG - Loaded collision time for BConcave+hConvex+4500_flipped at IoU 0.45: nan
2025-07-26 10:30:40,040 - DEBUG - Loaded collision time for BConcave+hConvex+4500_flipped at IoU 0.5: nan
2025-07-26 10:30:40,041 - DEBUG - Loaded collision time for BConcave+hConvex+4500_flipped at IoU 0.55: nan
2025-07-26 10:30:40,042 - DEBUG - Loaded collision time for BConcave+hConvex+4500_flipped at IoU 0.6: nan
2025-07-26 10:30:40,044 - DEBUG - Loaded collision time for BConcave+hConvex+4500_flipped at IoU 0.65: nan
2025-07-26 10:30:40,045 - DEBUG - Loaded collision time for BConcave+hConvex+4500_flipped at IoU 0.7: nan
2025-07-26 10:30:40,046 - DEBUG - Loaded collision time for BConcave+hConvex+4500_flipped at IoU 0.75: nan
2025-07-26 10:30:40,047 - DEBUG - Loaded collision time for BConcave+hConvex+4500_flipped at IoU 0.8: nan
2025-07-26 10:30:40,049 - DEBUG - Loaded collision time for BConcave+hConvex+4500_flipped at IoU 0.85: nan
2025-07-26 10:30:40,050 - DEBUG - Loaded collision time for BConcave+hConvex+4500_flipped at IoU 0.9: nan
2025-07-26 10:30:40,052 - DEBUG - Loaded collision time for BConcave+hConvex+4500_flipped at IoU 0.95: nan
2025-07-26 10:30:40,052 - INFO - Processing video: squareA+squareP+4433+L
2025-07-26 10:30:40,052 - INFO - Video squareA+squareP+4433+L already processed (found segformer_model-squareA+squareP+4433+L.mp4), skipping video processing...
2025-07-26 10:30:40,057 - INFO - VanillaSegmentationSaver initialized with output dir: /home/projects/bagon/andreyg/Projects/Object_reps_neural/Programming/hugging_face/model_experiments/segformer/exp2TTC_segformer-b5-finetuned-ade-640-640/processed_videos/segformer_model-squareA+squareP+4433+L/org_segmentation
2025-07-26 10:30:40,059 - INFO - All collision results already exist for squareA+squareP+4433+L
2025-07-26 10:30:40,060 - DEBUG - Loaded collision time for squareA+squareP+4433+L at IoU 0.05: 4566.666666666666
2025-07-26 10:30:40,062 - DEBUG - Loaded collision time for squareA+squareP+4433+L at IoU 0.1: 4616.666666666666
2025-07-26 10:30:40,063 - DEBUG - Loaded collision time for squareA+squareP+4433+L at IoU 0.15: 4733.333333333333
2025-07-26 10:30:40,065 - DEBUG - Loaded collision time for squareA+squareP+4433+L at IoU 0.2: 4766.666666666667
2025-07-26 10:30:40,066 - DEBUG - Loaded collision time for squareA+squareP+4433+L at IoU 0.25: 4833.333333333333
2025-07-26 10:30:40,068 - DEBUG - Loaded collision time for squareA+squareP+4433+L at IoU 0.3: 4866.666666666666
2025-07-26 10:30:40,069 - DEBUG - Loaded collision time for squareA+squareP+4433+L at IoU 0.35: 4950.0
2025-07-26 10:30:40,070 - DEBUG - Loaded collision time for squareA+squareP+4433+L at IoU 0.4: 5033.333333333333
2025-07-26 10:30:40,072 - DEBUG - Loaded collision time for squareA+squareP+4433+L at IoU 0.45: 5050.0
2025-07-26 10:30:40,073 - DEBUG - Loaded collision time for squareA+squareP+4433+L at IoU 0.5: 5116.666666666666
2025-07-26 10:30:40,075 - DEBUG - Loaded collision time for squareA+squareP+4433+L at IoU 0.55: 5133.333333333334
2025-07-26 10:30:40,076 - DEBUG - Loaded collision time for squareA+squareP+4433+L at IoU 0.6: 5216.666666666667
2025-07-26 10:30:40,077 - DEBUG - Loaded collision time for squareA+squareP+4433+L at IoU 0.65: 5216.666666666667
2025-07-26 10:30:40,079 - DEBUG - Loaded collision time for squareA+squareP+4433+L at IoU 0.7: 5233.333333333333
2025-07-26 10:30:40,080 - DEBUG - Loaded collision time for squareA+squareP+4433+L at IoU 0.75: 5283.333333333333
2025-07-26 10:30:40,081 - DEBUG - Loaded collision time for squareA+squareP+4433+L at IoU 0.8: nan
2025-07-26 10:30:40,083 - DEBUG - Loaded collision time for squareA+squareP+4433+L at IoU 0.85: nan
2025-07-26 10:30:40,084 - DEBUG - Loaded collision time for squareA+squareP+4433+L at IoU 0.9: nan
2025-07-26 10:30:40,085 - DEBUG - Loaded collision time for squareA+squareP+4433+L at IoU 0.95: nan
2025-07-26 10:30:40,085 - INFO - Processing video: squareA+squareP+4433+R_flipped
2025-07-26 10:30:40,086 - INFO - Video squareA+squareP+4433+R_flipped already processed (found segformer_model-squareA+squareP+4433+R_flipped.mp4), skipping video processing...
2025-07-26 10:30:40,090 - INFO - VanillaSegmentationSaver initialized with output dir: /home/projects/bagon/andreyg/Projects/Object_reps_neural/Programming/hugging_face/model_experiments/segformer/exp2TTC_segformer-b5-finetuned-ade-640-640/processed_videos/segformer_model-squareA+squareP+4433+R_flipped/org_segmentation
2025-07-26 10:30:40,093 - INFO - All collision results already exist for squareA+squareP+4433+R_flipped
2025-07-26 10:30:40,094 - DEBUG - Loaded collision time for squareA+squareP+4433+R_flipped at IoU 0.05: nan
2025-07-26 10:30:40,095 - DEBUG - Loaded collision time for squareA+squareP+4433+R_flipped at IoU 0.1: nan
2025-07-26 10:30:40,097 - DEBUG - Loaded collision time for squareA+squareP+4433+R_flipped at IoU 0.15: nan
2025-07-26 10:30:40,099 - DEBUG - Loaded collision time for squareA+squareP+4433+R_flipped at IoU 0.2: nan
2025-07-26 10:30:40,100 - DEBUG - Loaded collision time for squareA+squareP+4433+R_flipped at IoU 0.25: nan
2025-07-26 10:30:40,101 - DEBUG - Loaded collision time for squareA+squareP+4433+R_flipped at IoU 0.3: nan
2025-07-26 10:30:40,103 - DEBUG - Loaded collision time for squareA+squareP+4433+R_flipped at IoU 0.35: nan
2025-07-26 10:30:40,104 - DEBUG - Loaded collision time for squareA+squareP+4433+R_flipped at IoU 0.4: nan
2025-07-26 10:30:40,105 - DEBUG - Loaded collision time for squareA+squareP+4433+R_flipped at IoU 0.45: nan
2025-07-26 10:30:40,107 - DEBUG - Loaded collision time for squareA+squareP+4433+R_flipped at IoU 0.5: nan
2025-07-26 10:30:40,108 - DEBUG - Loaded collision time for squareA+squareP+4433+R_flipped at IoU 0.55: nan
2025-07-26 10:30:40,109 - DEBUG - Loaded collision time for squareA+squareP+4433+R_flipped at IoU 0.6: nan
2025-07-26 10:30:40,111 - DEBUG - Loaded collision time for squareA+squareP+4433+R_flipped at IoU 0.65: nan
2025-07-26 10:30:40,112 - DEBUG - Loaded collision time for squareA+squareP+4433+R_flipped at IoU 0.7: nan
2025-07-26 10:30:40,113 - DEBUG - Loaded collision time for squareA+squareP+4433+R_flipped at IoU 0.75: nan
2025-07-26 10:30:40,115 - DEBUG - Loaded collision time for squareA+squareP+4433+R_flipped at IoU 0.8: nan
2025-07-26 10:30:40,116 - DEBUG - Loaded collision time for squareA+squareP+4433+R_flipped at IoU 0.85: nan
2025-07-26 10:30:40,117 - DEBUG - Loaded collision time for squareA+squareP+4433+R_flipped at IoU 0.9: nan
2025-07-26 10:30:40,119 - DEBUG - Loaded collision time for squareA+squareP+4433+R_flipped at IoU 0.95: nan
2025-07-26 10:30:40,119 - INFO - Collecting collision data from all videos for analysis...
2025-07-26 10:30:40,120 - DEBUG - Collected collision time for AConcave_FConcave at IoU 0.05: nan
2025-07-26 10:30:40,120 - DEBUG - Collected collision time for AConcave_FConcave at IoU 0.1: nan
2025-07-26 10:30:40,120 - DEBUG - Collected collision time for AConcave_FConcave at IoU 0.15: nan
2025-07-26 10:30:40,120 - DEBUG - Collected collision time for AConcave_FConcave at IoU 0.2: nan
2025-07-26 10:30:40,120 - DEBUG - Collected collision time for AConcave_FConcave at IoU 0.25: nan
2025-07-26 10:30:40,121 - DEBUG - Collected collision time for AConcave_FConcave at IoU 0.3: nan
2025-07-26 10:30:40,121 - DEBUG - Collected collision time for AConcave_FConcave at IoU 0.35: nan
2025-07-26 10:30:40,121 - DEBUG - Collected collision time for AConcave_FConcave at IoU 0.4: nan
2025-07-26 10:30:40,121 - DEBUG - Collected collision time for AConcave_FConcave at IoU 0.45: nan
2025-07-26 10:30:40,121 - DEBUG - Collected collision time for AConcave_FConcave at IoU 0.5: nan
2025-07-26 10:30:40,122 - DEBUG - Collected collision time for AConcave_FConcave at IoU 0.55: nan
2025-07-26 10:30:40,122 - DEBUG - Collected collision time for AConcave_FConcave at IoU 0.6: nan
2025-07-26 10:30:40,122 - DEBUG - Collected collision time for AConcave_FConcave at IoU 0.65: nan
2025-07-26 10:30:40,122 - DEBUG - Collected collision time for AConcave_FConcave at IoU 0.7: nan
2025-07-26 10:30:40,122 - DEBUG - Collected collision time for AConcave_FConcave at IoU 0.75: nan
2025-07-26 10:30:40,123 - DEBUG - Collected collision time for AConcave_FConcave at IoU 0.8: nan
2025-07-26 10:30:40,123 - DEBUG - Collected collision time for AConcave_FConcave at IoU 0.85: nan
2025-07-26 10:30:40,123 - DEBUG - Collected collision time for AConcave_FConcave at IoU 0.9: nan
2025-07-26 10:30:40,123 - DEBUG - Collected collision time for AConcave_FConcave at IoU 0.95: nan
2025-07-26 10:30:40,123 - DEBUG - Collected collision time for BConcave+AConcave+3500 at IoU 0.05: 3716.666666666667
2025-07-26 10:30:40,123 - DEBUG - Collected collision time for BConcave+AConcave+3500 at IoU 0.1: 3783.333333333333
2025-07-26 10:30:40,124 - DEBUG - Collected collision time for BConcave+AConcave+3500 at IoU 0.15: 3833.3333333333335
2025-07-26 10:30:40,124 - DEBUG - Collected collision time for BConcave+AConcave+3500 at IoU 0.2: 3900.0
2025-07-26 10:30:40,124 - DEBUG - Collected collision time for BConcave+AConcave+3500 at IoU 0.25: 3933.333333333333
2025-07-26 10:30:40,124 - DEBUG - Collected collision time for BConcave+AConcave+3500 at IoU 0.3: 4016.6666666666665
2025-07-26 10:30:40,124 - DEBUG - Collected collision time for BConcave+AConcave+3500 at IoU 0.35: nan
2025-07-26 10:30:40,125 - DEBUG - Collected collision time for BConcave+AConcave+3500 at IoU 0.4: nan
2025-07-26 10:30:40,125 - DEBUG - Collected collision time for BConcave+AConcave+3500 at IoU 0.45: nan
2025-07-26 10:30:40,125 - DEBUG - Collected collision time for BConcave+AConcave+3500 at IoU 0.5: nan
2025-07-26 10:30:40,125 - DEBUG - Collected collision time for BConcave+AConcave+3500 at IoU 0.55: nan
2025-07-26 10:30:40,125 - DEBUG - Collected collision time for BConcave+AConcave+3500 at IoU 0.6: nan
2025-07-26 10:30:40,125 - DEBUG - Collected collision time for BConcave+AConcave+3500 at IoU 0.65: nan
2025-07-26 10:30:40,126 - DEBUG - Collected collision time for BConcave+AConcave+3500 at IoU 0.7: nan
2025-07-26 10:30:40,126 - DEBUG - Collected collision time for BConcave+AConcave+3500 at IoU 0.75: nan
2025-07-26 10:30:40,126 - DEBUG - Collected collision time for BConcave+AConcave+3500 at IoU 0.8: nan
2025-07-26 10:30:40,126 - DEBUG - Collected collision time for BConcave+AConcave+3500 at IoU 0.85: nan
2025-07-26 10:30:40,126 - DEBUG - Collected collision time for BConcave+AConcave+3500 at IoU 0.9: nan
2025-07-26 10:30:40,126 - DEBUG - Collected collision time for BConcave+AConcave+3500 at IoU 0.95: nan
2025-07-26 10:30:40,127 - DEBUG - Collected collision time for BConcave+AConcave+3700_flipped at IoU 0.05: nan
2025-07-26 10:30:40,127 - DEBUG - Collected collision time for BConcave+AConcave+3700_flipped at IoU 0.1: nan
2025-07-26 10:30:40,127 - DEBUG - Collected collision time for BConcave+AConcave+3700_flipped at IoU 0.15: nan
2025-07-26 10:30:40,127 - DEBUG - Collected collision time for BConcave+AConcave+3700_flipped at IoU 0.2: nan
2025-07-26 10:30:40,127 - DEBUG - Collected collision time for BConcave+AConcave+3700_flipped at IoU 0.25: nan
2025-07-26 10:30:40,128 - DEBUG - Collected collision time for BConcave+AConcave+3700_flipped at IoU 0.3: nan
2025-07-26 10:30:40,128 - DEBUG - Collected collision time for BConcave+AConcave+3700_flipped at IoU 0.35: nan
2025-07-26 10:30:40,128 - DEBUG - Collected collision time for BConcave+AConcave+3700_flipped at IoU 0.4: nan
2025-07-26 10:30:40,128 - DEBUG - Collected collision time for BConcave+AConcave+3700_flipped at IoU 0.45: nan
2025-07-26 10:30:40,128 - DEBUG - Collected collision time for BConcave+AConcave+3700_flipped at IoU 0.5: nan
2025-07-26 10:30:40,128 - DEBUG - Collected collision time for BConcave+AConcave+3700_flipped at IoU 0.55: nan
2025-07-26 10:30:40,129 - DEBUG - Collected collision time for BConcave+AConcave+3700_flipped at IoU 0.6: nan
2025-07-26 10:30:40,129 - DEBUG - Collected collision time for BConcave+AConcave+3700_flipped at IoU 0.65: nan
2025-07-26 10:30:40,129 - DEBUG - Collected collision time for BConcave+AConcave+3700_flipped at IoU 0.7: nan
2025-07-26 10:30:40,129 - DEBUG - Collected collision time for BConcave+AConcave+3700_flipped at IoU 0.75: nan
2025-07-26 10:30:40,129 - DEBUG - Collected collision time for BConcave+AConcave+3700_flipped at IoU 0.8: nan
2025-07-26 10:30:40,130 - DEBUG - Collected collision time for BConcave+AConcave+3700_flipped at IoU 0.85: nan
2025-07-26 10:30:40,130 - DEBUG - Collected collision time for BConcave+AConcave+3700_flipped at IoU 0.9: nan
2025-07-26 10:30:40,130 - DEBUG - Collected collision time for BConcave+AConcave+3700_flipped at IoU 0.95: nan
2025-07-26 10:30:40,130 - DEBUG - Collected collision time for BConcave+AConcave+3900 at IoU 0.05: 3666.6666666666665
2025-07-26 10:30:40,130 - DEBUG - Collected collision time for BConcave+AConcave+3900 at IoU 0.1: 3816.666666666667
2025-07-26 10:30:40,130 - DEBUG - Collected collision time for BConcave+AConcave+3900 at IoU 0.15: 3950.0
2025-07-26 10:30:40,131 - DEBUG - Collected collision time for BConcave+AConcave+3900 at IoU 0.2: 4116.666666666666
2025-07-26 10:30:40,131 - DEBUG - Collected collision time for BConcave+AConcave+3900 at IoU 0.25: 4266.666666666667
2025-07-26 10:30:40,131 - DEBUG - Collected collision time for BConcave+AConcave+3900 at IoU 0.3: nan
2025-07-26 10:30:40,131 - DEBUG - Collected collision time for BConcave+AConcave+3900 at IoU 0.35: nan
2025-07-26 10:30:40,131 - DEBUG - Collected collision time for BConcave+AConcave+3900 at IoU 0.4: nan
2025-07-26 10:30:40,131 - DEBUG - Collected collision time for BConcave+AConcave+3900 at IoU 0.45: nan
2025-07-26 10:30:40,132 - DEBUG - Collected collision time for BConcave+AConcave+3900 at IoU 0.5: nan
2025-07-26 10:30:40,132 - DEBUG - Collected collision time for BConcave+AConcave+3900 at IoU 0.55: nan
2025-07-26 10:30:40,132 - DEBUG - Collected collision time for BConcave+AConcave+3900 at IoU 0.6: nan
2025-07-26 10:30:40,132 - DEBUG - Collected collision time for BConcave+AConcave+3900 at IoU 0.65: nan
2025-07-26 10:30:40,132 - DEBUG - Collected collision time for BConcave+AConcave+3900 at IoU 0.7: nan
2025-07-26 10:30:40,133 - DEBUG - Collected collision time for BConcave+AConcave+3900 at IoU 0.75: nan
2025-07-26 10:30:40,133 - DEBUG - Collected collision time for BConcave+AConcave+3900 at IoU 0.8: nan
2025-07-26 10:30:40,133 - DEBUG - Collected collision time for BConcave+AConcave+3900 at IoU 0.85: nan
2025-07-26 10:30:40,133 - DEBUG - Collected collision time for BConcave+AConcave+3900 at IoU 0.9: nan
2025-07-26 10:30:40,133 - DEBUG - Collected collision time for BConcave+AConcave+3900 at IoU 0.95: nan
2025-07-26 10:30:40,134 - DEBUG - Collected collision time for BConcave+AConcave+4100_flipped at IoU 0.05: nan
2025-07-26 10:30:40,134 - DEBUG - Collected collision time for BConcave+AConcave+4100_flipped at IoU 0.1: nan
2025-07-26 10:30:40,134 - DEBUG - Collected collision time for BConcave+AConcave+4100_flipped at IoU 0.15: nan
2025-07-26 10:30:40,134 - DEBUG - Collected collision time for BConcave+AConcave+4100_flipped at IoU 0.2: nan
2025-07-26 10:30:40,134 - DEBUG - Collected collision time for BConcave+AConcave+4100_flipped at IoU 0.25: nan
2025-07-26 10:30:40,134 - DEBUG - Collected collision time for BConcave+AConcave+4100_flipped at IoU 0.3: nan
2025-07-26 10:30:40,135 - DEBUG - Collected collision time for BConcave+AConcave+4100_flipped at IoU 0.35: nan
2025-07-26 10:30:40,135 - DEBUG - Collected collision time for BConcave+AConcave+4100_flipped at IoU 0.4: nan
2025-07-26 10:30:40,135 - DEBUG - Collected collision time for BConcave+AConcave+4100_flipped at IoU 0.45: nan
2025-07-26 10:30:40,135 - DEBUG - Collected collision time for BConcave+AConcave+4100_flipped at IoU 0.5: nan
2025-07-26 10:30:40,135 - DEBUG - Collected collision time for BConcave+AConcave+4100_flipped at IoU 0.55: nan
2025-07-26 10:30:40,136 - DEBUG - Collected collision time for BConcave+AConcave+4100_flipped at IoU 0.6: nan
2025-07-26 10:30:40,136 - DEBUG - Collected collision time for BConcave+AConcave+4100_flipped at IoU 0.65: nan
2025-07-26 10:30:40,136 - DEBUG - Collected collision time for BConcave+AConcave+4100_flipped at IoU 0.7: nan
2025-07-26 10:30:40,136 - DEBUG - Collected collision time for BConcave+AConcave+4100_flipped at IoU 0.75: nan
2025-07-26 10:30:40,136 - DEBUG - Collected collision time for BConcave+AConcave+4100_flipped at IoU 0.8: nan
2025-07-26 10:30:40,136 - DEBUG - Collected collision time for BConcave+AConcave+4100_flipped at IoU 0.85: nan
2025-07-26 10:30:40,137 - DEBUG - Collected collision time for BConcave+AConcave+4100_flipped at IoU 0.9: nan
2025-07-26 10:30:40,137 - DEBUG - Collected collision time for BConcave+AConcave+4100_flipped at IoU 0.95: nan
2025-07-26 10:30:40,137 - DEBUG - Collected collision time for BConcave+AConcave+4300 at IoU 0.05: 4500.0
2025-07-26 10:30:40,137 - DEBUG - Collected collision time for BConcave+AConcave+4300 at IoU 0.1: 4550.0
2025-07-26 10:30:40,137 - DEBUG - Collected collision time for BConcave+AConcave+4300 at IoU 0.15: 4600.0
2025-07-26 10:30:40,137 - DEBUG - Collected collision time for BConcave+AConcave+4300 at IoU 0.2: 4650.0
2025-07-26 10:30:40,138 - DEBUG - Collected collision time for BConcave+AConcave+4300 at IoU 0.25: 4683.333333333334
2025-07-26 10:30:40,138 - DEBUG - Collected collision time for BConcave+AConcave+4300 at IoU 0.3: 4733.333333333333
2025-07-26 10:30:40,138 - DEBUG - Collected collision time for BConcave+AConcave+4300 at IoU 0.35: 4800.0
2025-07-26 10:30:40,138 - DEBUG - Collected collision time for BConcave+AConcave+4300 at IoU 0.4: nan
2025-07-26 10:30:40,138 - DEBUG - Collected collision time for BConcave+AConcave+4300 at IoU 0.45: nan
2025-07-26 10:30:40,139 - DEBUG - Collected collision time for BConcave+AConcave+4300 at IoU 0.5: nan
2025-07-26 10:30:40,139 - DEBUG - Collected collision time for BConcave+AConcave+4300 at IoU 0.55: nan
2025-07-26 10:30:40,139 - DEBUG - Collected collision time for BConcave+AConcave+4300 at IoU 0.6: nan
2025-07-26 10:30:40,139 - DEBUG - Collected collision time for BConcave+AConcave+4300 at IoU 0.65: nan
2025-07-26 10:30:40,139 - DEBUG - Collected collision time for BConcave+AConcave+4300 at IoU 0.7: nan
2025-07-26 10:30:40,139 - DEBUG - Collected collision time for BConcave+AConcave+4300 at IoU 0.75: nan
2025-07-26 10:30:40,140 - DEBUG - Collected collision time for BConcave+AConcave+4300 at IoU 0.8: nan
2025-07-26 10:30:40,140 - DEBUG - Collected collision time for BConcave+AConcave+4300 at IoU 0.85: nan
2025-07-26 10:30:40,140 - DEBUG - Collected collision time for BConcave+AConcave+4300 at IoU 0.9: nan
2025-07-26 10:30:40,140 - DEBUG - Collected collision time for BConcave+AConcave+4300 at IoU 0.95: nan
2025-07-26 10:30:40,140 - DEBUG - Collected collision time for BConcave+AConcave+4500_flipped at IoU 0.05: nan
2025-07-26 10:30:40,140 - DEBUG - Collected collision time for BConcave+AConcave+4500_flipped at IoU 0.1: nan
2025-07-26 10:30:40,141 - DEBUG - Collected collision time for BConcave+AConcave+4500_flipped at IoU 0.15: nan
2025-07-26 10:30:40,141 - DEBUG - Collected collision time for BConcave+AConcave+4500_flipped at IoU 0.2: nan
2025-07-26 10:30:40,141 - DEBUG - Collected collision time for BConcave+AConcave+4500_flipped at IoU 0.25: nan
2025-07-26 10:30:40,141 - DEBUG - Collected collision time for BConcave+AConcave+4500_flipped at IoU 0.3: nan
2025-07-26 10:30:40,141 - DEBUG - Collected collision time for BConcave+AConcave+4500_flipped at IoU 0.35: nan
2025-07-26 10:30:40,141 - DEBUG - Collected collision time for BConcave+AConcave+4500_flipped at IoU 0.4: nan
2025-07-26 10:30:40,142 - DEBUG - Collected collision time for BConcave+AConcave+4500_flipped at IoU 0.45: nan
2025-07-26 10:30:40,142 - DEBUG - Collected collision time for BConcave+AConcave+4500_flipped at IoU 0.5: nan
2025-07-26 10:30:40,142 - DEBUG - Collected collision time for BConcave+AConcave+4500_flipped at IoU 0.55: nan
2025-07-26 10:30:40,142 - DEBUG - Collected collision time for BConcave+AConcave+4500_flipped at IoU 0.6: nan
2025-07-26 10:30:40,142 - DEBUG - Collected collision time for BConcave+AConcave+4500_flipped at IoU 0.65: nan
2025-07-26 10:30:40,143 - DEBUG - Collected collision time for BConcave+AConcave+4500_flipped at IoU 0.7: nan
2025-07-26 10:30:40,143 - DEBUG - Collected collision time for BConcave+AConcave+4500_flipped at IoU 0.75: nan
2025-07-26 10:30:40,143 - DEBUG - Collected collision time for BConcave+AConcave+4500_flipped at IoU 0.8: nan
2025-07-26 10:30:40,143 - DEBUG - Collected collision time for BConcave+AConcave+4500_flipped at IoU 0.85: nan
2025-07-26 10:30:40,143 - DEBUG - Collected collision time for BConcave+AConcave+4500_flipped at IoU 0.9: nan
2025-07-26 10:30:40,143 - DEBUG - Collected collision time for BConcave+AConcave+4500_flipped at IoU 0.95: nan
2025-07-26 10:30:40,144 - DEBUG - Collected collision time for BConcave+AConvex+3500_flipped at IoU 0.05: 3766.6666666666665
2025-07-26 10:30:40,144 - DEBUG - Collected collision time for BConcave+AConvex+3500_flipped at IoU 0.1: 3900.0
2025-07-26 10:30:40,144 - DEBUG - Collected collision time for BConcave+AConvex+3500_flipped at IoU 0.15: 4016.6666666666665
2025-07-26 10:30:40,144 - DEBUG - Collected collision time for BConcave+AConvex+3500_flipped at IoU 0.2: 4366.666666666666
2025-07-26 10:30:40,144 - DEBUG - Collected collision time for BConcave+AConvex+3500_flipped at IoU 0.25: 4666.666666666667
2025-07-26 10:30:40,145 - DEBUG - Collected collision time for BConcave+AConvex+3500_flipped at IoU 0.3: 4666.666666666667
2025-07-26 10:30:40,145 - DEBUG - Collected collision time for BConcave+AConvex+3500_flipped at IoU 0.35: 4666.666666666667
2025-07-26 10:30:40,145 - DEBUG - Collected collision time for BConcave+AConvex+3500_flipped at IoU 0.4: 4666.666666666667
2025-07-26 10:30:40,145 - DEBUG - Collected collision time for BConcave+AConvex+3500_flipped at IoU 0.45: 4666.666666666667
2025-07-26 10:30:40,145 - DEBUG - Collected collision time for BConcave+AConvex+3500_flipped at IoU 0.5: 4666.666666666667
2025-07-26 10:30:40,145 - DEBUG - Collected collision time for BConcave+AConvex+3500_flipped at IoU 0.55: nan
2025-07-26 10:30:40,146 - DEBUG - Collected collision time for BConcave+AConvex+3500_flipped at IoU 0.6: nan
2025-07-26 10:30:40,146 - DEBUG - Collected collision time for BConcave+AConvex+3500_flipped at IoU 0.65: nan
2025-07-26 10:30:40,146 - DEBUG - Collected collision time for BConcave+AConvex+3500_flipped at IoU 0.7: nan
2025-07-26 10:30:40,146 - DEBUG - Collected collision time for BConcave+AConvex+3500_flipped at IoU 0.75: nan
2025-07-26 10:30:40,146 - DEBUG - Collected collision time for BConcave+AConvex+3500_flipped at IoU 0.8: nan
2025-07-26 10:30:40,146 - DEBUG - Collected collision time for BConcave+AConvex+3500_flipped at IoU 0.85: nan
2025-07-26 10:30:40,147 - DEBUG - Collected collision time for BConcave+AConvex+3500_flipped at IoU 0.9: nan
2025-07-26 10:30:40,147 - DEBUG - Collected collision time for BConcave+AConvex+3500_flipped at IoU 0.95: nan
2025-07-26 10:30:40,147 - DEBUG - Collected collision time for BConcave+AConvex+3700 at IoU 0.05: 4150.0
2025-07-26 10:30:40,147 - DEBUG - Collected collision time for BConcave+AConvex+3700 at IoU 0.1: nan
2025-07-26 10:30:40,147 - DEBUG - Collected collision time for BConcave+AConvex+3700 at IoU 0.15: nan
2025-07-26 10:30:40,147 - DEBUG - Collected collision time for BConcave+AConvex+3700 at IoU 0.2: nan
2025-07-26 10:30:40,148 - DEBUG - Collected collision time for BConcave+AConvex+3700 at IoU 0.25: nan
2025-07-26 10:30:40,148 - DEBUG - Collected collision time for BConcave+AConvex+3700 at IoU 0.3: nan
2025-07-26 10:30:40,148 - DEBUG - Collected collision time for BConcave+AConvex+3700 at IoU 0.35: nan
2025-07-26 10:30:40,148 - DEBUG - Collected collision time for BConcave+AConvex+3700 at IoU 0.4: nan
2025-07-26 10:30:40,148 - DEBUG - Collected collision time for BConcave+AConvex+3700 at IoU 0.45: nan
2025-07-26 10:30:40,149 - DEBUG - Collected collision time for BConcave+AConvex+3700 at IoU 0.5: nan
2025-07-26 10:30:40,149 - DEBUG - Collected collision time for BConcave+AConvex+3700 at IoU 0.55: nan
2025-07-26 10:30:40,149 - DEBUG - Collected collision time for BConcave+AConvex+3700 at IoU 0.6: nan
2025-07-26 10:30:40,149 - DEBUG - Collected collision time for BConcave+AConvex+3700 at IoU 0.65: nan
2025-07-26 10:30:40,149 - DEBUG - Collected collision time for BConcave+AConvex+3700 at IoU 0.7: nan
2025-07-26 10:30:40,149 - DEBUG - Collected collision time for BConcave+AConvex+3700 at IoU 0.75: nan
2025-07-26 10:30:40,150 - DEBUG - Collected collision time for BConcave+AConvex+3700 at IoU 0.8: nan
2025-07-26 10:30:40,150 - DEBUG - Collected collision time for BConcave+AConvex+3700 at IoU 0.85: nan
2025-07-26 10:30:40,150 - DEBUG - Collected collision time for BConcave+AConvex+3700 at IoU 0.9: nan
2025-07-26 10:30:40,150 - DEBUG - Collected collision time for BConcave+AConvex+3700 at IoU 0.95: nan
2025-07-26 10:30:40,150 - DEBUG - Collected collision time for BConcave+AConvex+3900_flipped at IoU 0.05: nan
2025-07-26 10:30:40,151 - DEBUG - Collected collision time for BConcave+AConvex+3900_flipped at IoU 0.1: nan
2025-07-26 10:30:40,151 - DEBUG - Collected collision time for BConcave+AConvex+3900_flipped at IoU 0.15: nan
2025-07-26 10:30:40,151 - DEBUG - Collected collision time for BConcave+AConvex+3900_flipped at IoU 0.2: nan
2025-07-26 10:30:40,151 - DEBUG - Collected collision time for BConcave+AConvex+3900_flipped at IoU 0.25: nan
2025-07-26 10:30:40,151 - DEBUG - Collected collision time for BConcave+AConvex+3900_flipped at IoU 0.3: nan
2025-07-26 10:30:40,151 - DEBUG - Collected collision time for BConcave+AConvex+3900_flipped at IoU 0.35: nan
2025-07-26 10:30:40,152 - DEBUG - Collected collision time for BConcave+AConvex+3900_flipped at IoU 0.4: nan
2025-07-26 10:30:40,152 - DEBUG - Collected collision time for BConcave+AConvex+3900_flipped at IoU 0.45: nan
2025-07-26 10:30:40,152 - DEBUG - Collected collision time for BConcave+AConvex+3900_flipped at IoU 0.5: nan
2025-07-26 10:30:40,152 - DEBUG - Collected collision time for BConcave+AConvex+3900_flipped at IoU 0.55: nan
2025-07-26 10:30:40,152 - DEBUG - Collected collision time for BConcave+AConvex+3900_flipped at IoU 0.6: nan
2025-07-26 10:30:40,152 - DEBUG - Collected collision time for BConcave+AConvex+3900_flipped at IoU 0.65: nan
2025-07-26 10:30:40,153 - DEBUG - Collected collision time for BConcave+AConvex+3900_flipped at IoU 0.7: nan
2025-07-26 10:30:40,153 - DEBUG - Collected collision time for BConcave+AConvex+3900_flipped at IoU 0.75: nan
2025-07-26 10:30:40,153 - DEBUG - Collected collision time for BConcave+AConvex+3900_flipped at IoU 0.8: nan
2025-07-26 10:30:40,153 - DEBUG - Collected collision time for BConcave+AConvex+3900_flipped at IoU 0.85: nan
2025-07-26 10:30:40,153 - DEBUG - Collected collision time for BConcave+AConvex+3900_flipped at IoU 0.9: nan
2025-07-26 10:30:40,153 - DEBUG - Collected collision time for BConcave+AConvex+3900_flipped at IoU 0.95: nan
2025-07-26 10:30:40,154 - DEBUG - Collected collision time for BConcave+AConvex+4100 at IoU 0.05: 4683.333333333334
2025-07-26 10:30:40,154 - DEBUG - Collected collision time for BConcave+AConvex+4100 at IoU 0.1: 4866.666666666666
2025-07-26 10:30:40,154 - DEBUG - Collected collision time for BConcave+AConvex+4100 at IoU 0.15: 5050.0
2025-07-26 10:30:40,154 - DEBUG - Collected collision time for BConcave+AConvex+4100 at IoU 0.2: nan
2025-07-26 10:30:40,154 - DEBUG - Collected collision time for BConcave+AConvex+4100 at IoU 0.25: nan
2025-07-26 10:30:40,155 - DEBUG - Collected collision time for BConcave+AConvex+4100 at IoU 0.3: nan
2025-07-26 10:30:40,155 - DEBUG - Collected collision time for BConcave+AConvex+4100 at IoU 0.35: nan
2025-07-26 10:30:40,155 - DEBUG - Collected collision time for BConcave+AConvex+4100 at IoU 0.4: nan
2025-07-26 10:30:40,155 - DEBUG - Collected collision time for BConcave+AConvex+4100 at IoU 0.45: nan
2025-07-26 10:30:40,155 - DEBUG - Collected collision time for BConcave+AConvex+4100 at IoU 0.5: nan
2025-07-26 10:30:40,156 - DEBUG - Collected collision time for BConcave+AConvex+4100 at IoU 0.55: nan
2025-07-26 10:30:40,156 - DEBUG - Collected collision time for BConcave+AConvex+4100 at IoU 0.6: nan
2025-07-26 10:30:40,156 - DEBUG - Collected collision time for BConcave+AConvex+4100 at IoU 0.65: nan
2025-07-26 10:30:40,156 - DEBUG - Collected collision time for BConcave+AConvex+4100 at IoU 0.7: nan
2025-07-26 10:30:40,156 - DEBUG - Collected collision time for BConcave+AConvex+4100 at IoU 0.75: nan
2025-07-26 10:30:40,157 - DEBUG - Collected collision time for BConcave+AConvex+4100 at IoU 0.8: nan
2025-07-26 10:30:40,157 - DEBUG - Collected collision time for BConcave+AConvex+4100 at IoU 0.85: nan
2025-07-26 10:30:40,157 - DEBUG - Collected collision time for BConcave+AConvex+4100 at IoU 0.9: nan
2025-07-26 10:30:40,157 - DEBUG - Collected collision time for BConcave+AConvex+4100 at IoU 0.95: nan
2025-07-26 10:30:40,157 - DEBUG - Collected collision time for BConcave+AConvex+4300_flipped at IoU 0.05: nan
2025-07-26 10:30:40,158 - DEBUG - Collected collision time for BConcave+AConvex+4300_flipped at IoU 0.1: nan
2025-07-26 10:30:40,158 - DEBUG - Collected collision time for BConcave+AConvex+4300_flipped at IoU 0.15: nan
2025-07-26 10:30:40,158 - DEBUG - Collected collision time for BConcave+AConvex+4300_flipped at IoU 0.2: nan
2025-07-26 10:30:40,158 - DEBUG - Collected collision time for BConcave+AConvex+4300_flipped at IoU 0.25: nan
2025-07-26 10:30:40,158 - DEBUG - Collected collision time for BConcave+AConvex+4300_flipped at IoU 0.3: nan
2025-07-26 10:30:40,159 - DEBUG - Collected collision time for BConcave+AConvex+4300_flipped at IoU 0.35: nan
2025-07-26 10:30:40,159 - DEBUG - Collected collision time for BConcave+AConvex+4300_flipped at IoU 0.4: nan
2025-07-26 10:30:40,159 - DEBUG - Collected collision time for BConcave+AConvex+4300_flipped at IoU 0.45: nan
2025-07-26 10:30:40,159 - DEBUG - Collected collision time for BConcave+AConvex+4300_flipped at IoU 0.5: nan
2025-07-26 10:30:40,159 - DEBUG - Collected collision time for BConcave+AConvex+4300_flipped at IoU 0.55: nan
2025-07-26 10:30:40,160 - DEBUG - Collected collision time for BConcave+AConvex+4300_flipped at IoU 0.6: nan
2025-07-26 10:30:40,160 - DEBUG - Collected collision time for BConcave+AConvex+4300_flipped at IoU 0.65: nan
2025-07-26 10:30:40,160 - DEBUG - Collected collision time for BConcave+AConvex+4300_flipped at IoU 0.7: nan
2025-07-26 10:30:40,160 - DEBUG - Collected collision time for BConcave+AConvex+4300_flipped at IoU 0.75: nan
2025-07-26 10:30:40,160 - DEBUG - Collected collision time for BConcave+AConvex+4300_flipped at IoU 0.8: nan
2025-07-26 10:30:40,160 - DEBUG - Collected collision time for BConcave+AConvex+4300_flipped at IoU 0.85: nan
2025-07-26 10:30:40,161 - DEBUG - Collected collision time for BConcave+AConvex+4300_flipped at IoU 0.9: nan
2025-07-26 10:30:40,161 - DEBUG - Collected collision time for BConcave+AConvex+4300_flipped at IoU 0.95: nan
2025-07-26 10:30:40,161 - DEBUG - Collected collision time for BConcave+AConvex+4500 at IoU 0.05: 4766.666666666667
2025-07-26 10:30:40,161 - DEBUG - Collected collision time for BConcave+AConvex+4500 at IoU 0.1: 4900.0
2025-07-26 10:30:40,162 - DEBUG - Collected collision time for BConcave+AConvex+4500 at IoU 0.15: 5033.333333333333
2025-07-26 10:30:40,162 - DEBUG - Collected collision time for BConcave+AConvex+4500 at IoU 0.2: nan
2025-07-26 10:30:40,162 - DEBUG - Collected collision time for BConcave+AConvex+4500 at IoU 0.25: nan
2025-07-26 10:30:40,162 - DEBUG - Collected collision time for BConcave+AConvex+4500 at IoU 0.3: nan
2025-07-26 10:30:40,162 - DEBUG - Collected collision time for BConcave+AConvex+4500 at IoU 0.35: nan
2025-07-26 10:30:40,163 - DEBUG - Collected collision time for BConcave+AConvex+4500 at IoU 0.4: nan
2025-07-26 10:30:40,163 - DEBUG - Collected collision time for BConcave+AConvex+4500 at IoU 0.45: nan
2025-07-26 10:30:40,163 - DEBUG - Collected collision time for BConcave+AConvex+4500 at IoU 0.5: nan
2025-07-26 10:30:40,163 - DEBUG - Collected collision time for BConcave+AConvex+4500 at IoU 0.55: nan
2025-07-26 10:30:40,163 - DEBUG - Collected collision time for BConcave+AConvex+4500 at IoU 0.6: nan
2025-07-26 10:30:40,164 - DEBUG - Collected collision time for BConcave+AConvex+4500 at IoU 0.65: nan
2025-07-26 10:30:40,164 - DEBUG - Collected collision time for BConcave+AConvex+4500 at IoU 0.7: nan
2025-07-26 10:30:40,164 - DEBUG - Collected collision time for BConcave+AConvex+4500 at IoU 0.75: nan
2025-07-26 10:30:40,164 - DEBUG - Collected collision time for BConcave+AConvex+4500 at IoU 0.8: nan
2025-07-26 10:30:40,164 - DEBUG - Collected collision time for BConcave+AConvex+4500 at IoU 0.85: nan
2025-07-26 10:30:40,165 - DEBUG - Collected collision time for BConcave+AConvex+4500 at IoU 0.9: nan
2025-07-26 10:30:40,165 - DEBUG - Collected collision time for BConcave+AConvex+4500 at IoU 0.95: nan
2025-07-26 10:30:40,165 - DEBUG - Collected collision time for BConcave+BConcavePatient+3500 at IoU 0.05: nan
2025-07-26 10:30:40,165 - DEBUG - Collected collision time for BConcave+BConcavePatient+3500 at IoU 0.1: nan
2025-07-26 10:30:40,165 - DEBUG - Collected collision time for BConcave+BConcavePatient+3500 at IoU 0.15: nan
2025-07-26 10:30:40,165 - DEBUG - Collected collision time for BConcave+BConcavePatient+3500 at IoU 0.2: nan
2025-07-26 10:30:40,166 - DEBUG - Collected collision time for BConcave+BConcavePatient+3500 at IoU 0.25: nan
2025-07-26 10:30:40,166 - DEBUG - Collected collision time for BConcave+BConcavePatient+3500 at IoU 0.3: nan
2025-07-26 10:30:40,166 - DEBUG - Collected collision time for BConcave+BConcavePatient+3500 at IoU 0.35: nan
2025-07-26 10:30:40,166 - DEBUG - Collected collision time for BConcave+BConcavePatient+3500 at IoU 0.4: nan
2025-07-26 10:30:40,166 - DEBUG - Collected collision time for BConcave+BConcavePatient+3500 at IoU 0.45: nan
2025-07-26 10:30:40,167 - DEBUG - Collected collision time for BConcave+BConcavePatient+3500 at IoU 0.5: nan
2025-07-26 10:30:40,167 - DEBUG - Collected collision time for BConcave+BConcavePatient+3500 at IoU 0.55: nan
2025-07-26 10:30:40,167 - DEBUG - Collected collision time for BConcave+BConcavePatient+3500 at IoU 0.6: nan
2025-07-26 10:30:40,167 - DEBUG - Collected collision time for BConcave+BConcavePatient+3500 at IoU 0.65: nan
2025-07-26 10:30:40,167 - DEBUG - Collected collision time for BConcave+BConcavePatient+3500 at IoU 0.7: nan
2025-07-26 10:30:40,167 - DEBUG - Collected collision time for BConcave+BConcavePatient+3500 at IoU 0.75: nan
2025-07-26 10:30:40,168 - DEBUG - Collected collision time for BConcave+BConcavePatient+3500 at IoU 0.8: nan
2025-07-26 10:30:40,168 - DEBUG - Collected collision time for BConcave+BConcavePatient+3500 at IoU 0.85: nan
2025-07-26 10:30:40,168 - DEBUG - Collected collision time for BConcave+BConcavePatient+3500 at IoU 0.9: nan
2025-07-26 10:30:40,168 - DEBUG - Collected collision time for BConcave+BConcavePatient+3500 at IoU 0.95: nan
2025-07-26 10:30:40,168 - DEBUG - Collected collision time for BConcave+BConcavePatient+3700_flipped at IoU 0.05: nan
2025-07-26 10:30:40,169 - DEBUG - Collected collision time for BConcave+BConcavePatient+3700_flipped at IoU 0.1: nan
2025-07-26 10:30:40,169 - DEBUG - Collected collision time for BConcave+BConcavePatient+3700_flipped at IoU 0.15: nan
2025-07-26 10:30:40,169 - DEBUG - Collected collision time for BConcave+BConcavePatient+3700_flipped at IoU 0.2: nan
2025-07-26 10:30:40,169 - DEBUG - Collected collision time for BConcave+BConcavePatient+3700_flipped at IoU 0.25: nan
2025-07-26 10:30:40,169 - DEBUG - Collected collision time for BConcave+BConcavePatient+3700_flipped at IoU 0.3: nan
2025-07-26 10:30:40,169 - DEBUG - Collected collision time for BConcave+BConcavePatient+3700_flipped at IoU 0.35: nan
2025-07-26 10:30:40,170 - DEBUG - Collected collision time for BConcave+BConcavePatient+3700_flipped at IoU 0.4: nan
2025-07-26 10:30:40,170 - DEBUG - Collected collision time for BConcave+BConcavePatient+3700_flipped at IoU 0.45: nan
2025-07-26 10:30:40,170 - DEBUG - Collected collision time for BConcave+BConcavePatient+3700_flipped at IoU 0.5: nan
2025-07-26 10:30:40,170 - DEBUG - Collected collision time for BConcave+BConcavePatient+3700_flipped at IoU 0.55: nan
2025-07-26 10:30:40,170 - DEBUG - Collected collision time for BConcave+BConcavePatient+3700_flipped at IoU 0.6: nan
2025-07-26 10:30:40,170 - DEBUG - Collected collision time for BConcave+BConcavePatient+3700_flipped at IoU 0.65: nan
2025-07-26 10:30:40,171 - DEBUG - Collected collision time for BConcave+BConcavePatient+3700_flipped at IoU 0.7: nan
2025-07-26 10:30:40,171 - DEBUG - Collected collision time for BConcave+BConcavePatient+3700_flipped at IoU 0.75: nan
2025-07-26 10:30:40,171 - DEBUG - Collected collision time for BConcave+BConcavePatient+3700_flipped at IoU 0.8: nan
2025-07-26 10:30:40,171 - DEBUG - Collected collision time for BConcave+BConcavePatient+3700_flipped at IoU 0.85: nan
2025-07-26 10:30:40,171 - DEBUG - Collected collision time for BConcave+BConcavePatient+3700_flipped at IoU 0.9: nan
2025-07-26 10:30:40,172 - DEBUG - Collected collision time for BConcave+BConcavePatient+3700_flipped at IoU 0.95: nan
2025-07-26 10:30:40,172 - DEBUG - Collected collision time for BConcave+BConcavePatient+3900 at IoU 0.05: nan
2025-07-26 10:30:40,172 - DEBUG - Collected collision time for BConcave+BConcavePatient+3900 at IoU 0.1: nan
2025-07-26 10:30:40,172 - DEBUG - Collected collision time for BConcave+BConcavePatient+3900 at IoU 0.15: nan
2025-07-26 10:30:40,172 - DEBUG - Collected collision time for BConcave+BConcavePatient+3900 at IoU 0.2: nan
2025-07-26 10:30:40,172 - DEBUG - Collected collision time for BConcave+BConcavePatient+3900 at IoU 0.25: nan
2025-07-26 10:30:40,173 - DEBUG - Collected collision time for BConcave+BConcavePatient+3900 at IoU 0.3: nan
2025-07-26 10:30:40,173 - DEBUG - Collected collision time for BConcave+BConcavePatient+3900 at IoU 0.35: nan
2025-07-26 10:30:40,173 - DEBUG - Collected collision time for BConcave+BConcavePatient+3900 at IoU 0.4: nan
2025-07-26 10:30:40,173 - DEBUG - Collected collision time for BConcave+BConcavePatient+3900 at IoU 0.45: nan
2025-07-26 10:30:40,173 - DEBUG - Collected collision time for BConcave+BConcavePatient+3900 at IoU 0.5: nan
2025-07-26 10:30:40,173 - DEBUG - Collected collision time for BConcave+BConcavePatient+3900 at IoU 0.55: nan
2025-07-26 10:30:40,174 - DEBUG - Collected collision time for BConcave+BConcavePatient+3900 at IoU 0.6: nan
2025-07-26 10:30:40,174 - DEBUG - Collected collision time for BConcave+BConcavePatient+3900 at IoU 0.65: nan
2025-07-26 10:30:40,174 - DEBUG - Collected collision time for BConcave+BConcavePatient+3900 at IoU 0.7: nan
2025-07-26 10:30:40,174 - DEBUG - Collected collision time for BConcave+BConcavePatient+3900 at IoU 0.75: nan
2025-07-26 10:30:40,174 - DEBUG - Collected collision time for BConcave+BConcavePatient+3900 at IoU 0.8: nan
2025-07-26 10:30:40,174 - DEBUG - Collected collision time for BConcave+BConcavePatient+3900 at IoU 0.85: nan
2025-07-26 10:30:40,175 - DEBUG - Collected collision time for BConcave+BConcavePatient+3900 at IoU 0.9: nan
2025-07-26 10:30:40,175 - DEBUG - Collected collision time for BConcave+BConcavePatient+3900 at IoU 0.95: nan
2025-07-26 10:30:40,175 - DEBUG - Collected collision time for BConcave+BConcavePatient+4100_flipped at IoU 0.05: nan
2025-07-26 10:30:40,175 - DEBUG - Collected collision time for BConcave+BConcavePatient+4100_flipped at IoU 0.1: nan
2025-07-26 10:30:40,175 - DEBUG - Collected collision time for BConcave+BConcavePatient+4100_flipped at IoU 0.15: nan
2025-07-26 10:30:40,176 - DEBUG - Collected collision time for BConcave+BConcavePatient+4100_flipped at IoU 0.2: nan
2025-07-26 10:30:40,176 - DEBUG - Collected collision time for BConcave+BConcavePatient+4100_flipped at IoU 0.25: nan
2025-07-26 10:30:40,176 - DEBUG - Collected collision time for BConcave+BConcavePatient+4100_flipped at IoU 0.3: nan
2025-07-26 10:30:40,176 - DEBUG - Collected collision time for BConcave+BConcavePatient+4100_flipped at IoU 0.35: nan
2025-07-26 10:30:40,176 - DEBUG - Collected collision time for BConcave+BConcavePatient+4100_flipped at IoU 0.4: nan
2025-07-26 10:30:40,176 - DEBUG - Collected collision time for BConcave+BConcavePatient+4100_flipped at IoU 0.45: nan
2025-07-26 10:30:40,177 - DEBUG - Collected collision time for BConcave+BConcavePatient+4100_flipped at IoU 0.5: nan
2025-07-26 10:30:40,177 - DEBUG - Collected collision time for BConcave+BConcavePatient+4100_flipped at IoU 0.55: nan
2025-07-26 10:30:40,177 - DEBUG - Collected collision time for BConcave+BConcavePatient+4100_flipped at IoU 0.6: nan
2025-07-26 10:30:40,177 - DEBUG - Collected collision time for BConcave+BConcavePatient+4100_flipped at IoU 0.65: nan
2025-07-26 10:30:40,177 - DEBUG - Collected collision time for BConcave+BConcavePatient+4100_flipped at IoU 0.7: nan
2025-07-26 10:30:40,178 - DEBUG - Collected collision time for BConcave+BConcavePatient+4100_flipped at IoU 0.75: nan
2025-07-26 10:30:40,178 - DEBUG - Collected collision time for BConcave+BConcavePatient+4100_flipped at IoU 0.8: nan
2025-07-26 10:30:40,178 - DEBUG - Collected collision time for BConcave+BConcavePatient+4100_flipped at IoU 0.85: nan
2025-07-26 10:30:40,178 - DEBUG - Collected collision time for BConcave+BConcavePatient+4100_flipped at IoU 0.9: nan
2025-07-26 10:30:40,178 - DEBUG - Collected collision time for BConcave+BConcavePatient+4100_flipped at IoU 0.95: nan
2025-07-26 10:30:40,178 - DEBUG - Collected collision time for BConcave+BConcavePatient+4300 at IoU 0.05: 4316.666666666666
2025-07-26 10:30:40,179 - DEBUG - Collected collision time for BConcave+BConcavePatient+4300 at IoU 0.1: 4400.0
2025-07-26 10:30:40,179 - DEBUG - Collected collision time for BConcave+BConcavePatient+4300 at IoU 0.15: 4466.666666666667
2025-07-26 10:30:40,179 - DEBUG - Collected collision time for BConcave+BConcavePatient+4300 at IoU 0.2: 4533.333333333333
2025-07-26 10:30:40,179 - DEBUG - Collected collision time for BConcave+BConcavePatient+4300 at IoU 0.25: 4583.333333333333
2025-07-26 10:30:40,179 - DEBUG - Collected collision time for BConcave+BConcavePatient+4300 at IoU 0.3: 4650.0
2025-07-26 10:30:40,179 - DEBUG - Collected collision time for BConcave+BConcavePatient+4300 at IoU 0.35: 4716.666666666667
2025-07-26 10:30:40,180 - DEBUG - Collected collision time for BConcave+BConcavePatient+4300 at IoU 0.4: 4766.666666666667
2025-07-26 10:30:40,180 - DEBUG - Collected collision time for BConcave+BConcavePatient+4300 at IoU 0.45: nan
2025-07-26 10:30:40,180 - DEBUG - Collected collision time for BConcave+BConcavePatient+4300 at IoU 0.5: nan
2025-07-26 10:30:40,180 - DEBUG - Collected collision time for BConcave+BConcavePatient+4300 at IoU 0.55: nan
2025-07-26 10:30:40,180 - DEBUG - Collected collision time for BConcave+BConcavePatient+4300 at IoU 0.6: nan
2025-07-26 10:30:40,180 - DEBUG - Collected collision time for BConcave+BConcavePatient+4300 at IoU 0.65: nan
2025-07-26 10:30:40,181 - DEBUG - Collected collision time for BConcave+BConcavePatient+4300 at IoU 0.7: nan
2025-07-26 10:30:40,181 - DEBUG - Collected collision time for BConcave+BConcavePatient+4300 at IoU 0.75: nan
2025-07-26 10:30:40,181 - DEBUG - Collected collision time for BConcave+BConcavePatient+4300 at IoU 0.8: nan
2025-07-26 10:30:40,181 - DEBUG - Collected collision time for BConcave+BConcavePatient+4300 at IoU 0.85: nan
2025-07-26 10:30:40,181 - DEBUG - Collected collision time for BConcave+BConcavePatient+4300 at IoU 0.9: nan
2025-07-26 10:30:40,182 - DEBUG - Collected collision time for BConcave+BConcavePatient+4300 at IoU 0.95: nan
2025-07-26 10:30:40,182 - DEBUG - Collected collision time for BConcave+BConcavePatient+4500_flipped at IoU 0.05: 4433.333333333334
2025-07-26 10:30:40,182 - DEBUG - Collected collision time for BConcave+BConcavePatient+4500_flipped at IoU 0.1: 4550.0
2025-07-26 10:30:40,182 - DEBUG - Collected collision time for BConcave+BConcavePatient+4500_flipped at IoU 0.15: 4616.666666666666
2025-07-26 10:30:40,182 - DEBUG - Collected collision time for BConcave+BConcavePatient+4500_flipped at IoU 0.2: 4683.333333333334
2025-07-26 10:30:40,182 - DEBUG - Collected collision time for BConcave+BConcavePatient+4500_flipped at IoU 0.25: 4750.0
2025-07-26 10:30:40,183 - DEBUG - Collected collision time for BConcave+BConcavePatient+4500_flipped at IoU 0.3: 4783.333333333333
2025-07-26 10:30:40,183 - DEBUG - Collected collision time for BConcave+BConcavePatient+4500_flipped at IoU 0.35: 4833.333333333333
2025-07-26 10:30:40,183 - DEBUG - Collected collision time for BConcave+BConcavePatient+4500_flipped at IoU 0.4: 4883.333333333334
2025-07-26 10:30:40,183 - DEBUG - Collected collision time for BConcave+BConcavePatient+4500_flipped at IoU 0.45: 4916.666666666667
2025-07-26 10:30:40,183 - DEBUG - Collected collision time for BConcave+BConcavePatient+4500_flipped at IoU 0.5: 4950.0
2025-07-26 10:30:40,184 - DEBUG - Collected collision time for BConcave+BConcavePatient+4500_flipped at IoU 0.55: 4983.333333333333
2025-07-26 10:30:40,184 - DEBUG - Collected collision time for BConcave+BConcavePatient+4500_flipped at IoU 0.6: 5033.333333333333
2025-07-26 10:30:40,184 - DEBUG - Collected collision time for BConcave+BConcavePatient+4500_flipped at IoU 0.65: 5066.666666666666
2025-07-26 10:30:40,184 - DEBUG - Collected collision time for BConcave+BConcavePatient+4500_flipped at IoU 0.7: 5116.666666666666
2025-07-26 10:30:40,184 - DEBUG - Collected collision time for BConcave+BConcavePatient+4500_flipped at IoU 0.75: nan
2025-07-26 10:30:40,184 - DEBUG - Collected collision time for BConcave+BConcavePatient+4500_flipped at IoU 0.8: nan
2025-07-26 10:30:40,185 - DEBUG - Collected collision time for BConcave+BConcavePatient+4500_flipped at IoU 0.85: nan
2025-07-26 10:30:40,185 - DEBUG - Collected collision time for BConcave+BConcavePatient+4500_flipped at IoU 0.9: nan
2025-07-26 10:30:40,185 - DEBUG - Collected collision time for BConcave+BConcavePatient+4500_flipped at IoU 0.95: nan
2025-07-26 10:30:40,185 - DEBUG - Collected collision time for BConcave+BConvex+3500_flipped at IoU 0.05: 3800.0
2025-07-26 10:30:40,185 - DEBUG - Collected collision time for BConcave+BConvex+3500_flipped at IoU 0.1: 3966.666666666667
2025-07-26 10:30:40,186 - DEBUG - Collected collision time for BConcave+BConvex+3500_flipped at IoU 0.15: 4100.0
2025-07-26 10:30:40,186 - DEBUG - Collected collision time for BConcave+BConvex+3500_flipped at IoU 0.2: 4200.0
2025-07-26 10:30:40,186 - DEBUG - Collected collision time for BConcave+BConvex+3500_flipped at IoU 0.25: 4300.0
2025-07-26 10:30:40,186 - DEBUG - Collected collision time for BConcave+BConvex+3500_flipped at IoU 0.3: 4416.666666666667
2025-07-26 10:30:40,186 - DEBUG - Collected collision time for BConcave+BConvex+3500_flipped at IoU 0.35: 4500.0
2025-07-26 10:30:40,186 - DEBUG - Collected collision time for BConcave+BConvex+3500_flipped at IoU 0.4: 4616.666666666666
2025-07-26 10:30:40,187 - DEBUG - Collected collision time for BConcave+BConvex+3500_flipped at IoU 0.45: nan
2025-07-26 10:30:40,187 - DEBUG - Collected collision time for BConcave+BConvex+3500_flipped at IoU 0.5: nan
2025-07-26 10:30:40,187 - DEBUG - Collected collision time for BConcave+BConvex+3500_flipped at IoU 0.55: nan
2025-07-26 10:30:40,187 - DEBUG - Collected collision time for BConcave+BConvex+3500_flipped at IoU 0.6: nan
2025-07-26 10:30:40,187 - DEBUG - Collected collision time for BConcave+BConvex+3500_flipped at IoU 0.65: nan
2025-07-26 10:30:40,187 - DEBUG - Collected collision time for BConcave+BConvex+3500_flipped at IoU 0.7: nan
2025-07-26 10:30:40,188 - DEBUG - Collected collision time for BConcave+BConvex+3500_flipped at IoU 0.75: nan
2025-07-26 10:30:40,188 - DEBUG - Collected collision time for BConcave+BConvex+3500_flipped at IoU 0.8: nan
2025-07-26 10:30:40,188 - DEBUG - Collected collision time for BConcave+BConvex+3500_flipped at IoU 0.85: nan
2025-07-26 10:30:40,188 - DEBUG - Collected collision time for BConcave+BConvex+3500_flipped at IoU 0.9: nan
2025-07-26 10:30:40,188 - DEBUG - Collected collision time for BConcave+BConvex+3500_flipped at IoU 0.95: nan
2025-07-26 10:30:40,189 - DEBUG - Collected collision time for BConcave+BConvex+3700 at IoU 0.05: nan
2025-07-26 10:30:40,189 - DEBUG - Collected collision time for BConcave+BConvex+3700 at IoU 0.1: nan
2025-07-26 10:30:40,189 - DEBUG - Collected collision time for BConcave+BConvex+3700 at IoU 0.15: nan
2025-07-26 10:30:40,189 - DEBUG - Collected collision time for BConcave+BConvex+3700 at IoU 0.2: nan
2025-07-26 10:30:40,189 - DEBUG - Collected collision time for BConcave+BConvex+3700 at IoU 0.25: nan
2025-07-26 10:30:40,189 - DEBUG - Collected collision time for BConcave+BConvex+3700 at IoU 0.3: nan
2025-07-26 10:30:40,190 - DEBUG - Collected collision time for BConcave+BConvex+3700 at IoU 0.35: nan
2025-07-26 10:30:40,190 - DEBUG - Collected collision time for BConcave+BConvex+3700 at IoU 0.4: nan
2025-07-26 10:30:40,190 - DEBUG - Collected collision time for BConcave+BConvex+3700 at IoU 0.45: nan
2025-07-26 10:30:40,190 - DEBUG - Collected collision time for BConcave+BConvex+3700 at IoU 0.5: nan
2025-07-26 10:30:40,190 - DEBUG - Collected collision time for BConcave+BConvex+3700 at IoU 0.55: nan
2025-07-26 10:30:40,190 - DEBUG - Collected collision time for BConcave+BConvex+3700 at IoU 0.6: nan
2025-07-26 10:30:40,191 - DEBUG - Collected collision time for BConcave+BConvex+3700 at IoU 0.65: nan
2025-07-26 10:30:40,191 - DEBUG - Collected collision time for BConcave+BConvex+3700 at IoU 0.7: nan
2025-07-26 10:30:40,191 - DEBUG - Collected collision time for BConcave+BConvex+3700 at IoU 0.75: nan
2025-07-26 10:30:40,191 - DEBUG - Collected collision time for BConcave+BConvex+3700 at IoU 0.8: nan
2025-07-26 10:30:40,191 - DEBUG - Collected collision time for BConcave+BConvex+3700 at IoU 0.85: nan
2025-07-26 10:30:40,192 - DEBUG - Collected collision time for BConcave+BConvex+3700 at IoU 0.9: nan
2025-07-26 10:30:40,192 - DEBUG - Collected collision time for BConcave+BConvex+3700 at IoU 0.95: nan
2025-07-26 10:30:40,192 - DEBUG - Collected collision time for BConcave+BConvex+3900_flipped at IoU 0.05: nan
2025-07-26 10:30:40,192 - DEBUG - Collected collision time for BConcave+BConvex+3900_flipped at IoU 0.1: nan
2025-07-26 10:30:40,192 - DEBUG - Collected collision time for BConcave+BConvex+3900_flipped at IoU 0.15: nan
2025-07-26 10:30:40,192 - DEBUG - Collected collision time for BConcave+BConvex+3900_flipped at IoU 0.2: nan
2025-07-26 10:30:40,193 - DEBUG - Collected collision time for BConcave+BConvex+3900_flipped at IoU 0.25: nan
2025-07-26 10:30:40,193 - DEBUG - Collected collision time for BConcave+BConvex+3900_flipped at IoU 0.3: nan
2025-07-26 10:30:40,193 - DEBUG - Collected collision time for BConcave+BConvex+3900_flipped at IoU 0.35: nan
2025-07-26 10:30:40,193 - DEBUG - Collected collision time for BConcave+BConvex+3900_flipped at IoU 0.4: nan
2025-07-26 10:30:40,193 - DEBUG - Collected collision time for BConcave+BConvex+3900_flipped at IoU 0.45: nan
2025-07-26 10:30:40,193 - DEBUG - Collected collision time for BConcave+BConvex+3900_flipped at IoU 0.5: nan
2025-07-26 10:30:40,194 - DEBUG - Collected collision time for BConcave+BConvex+3900_flipped at IoU 0.55: nan
2025-07-26 10:30:40,194 - DEBUG - Collected collision time for BConcave+BConvex+3900_flipped at IoU 0.6: nan
2025-07-26 10:30:40,194 - DEBUG - Collected collision time for BConcave+BConvex+3900_flipped at IoU 0.65: nan
2025-07-26 10:30:40,194 - DEBUG - Collected collision time for BConcave+BConvex+3900_flipped at IoU 0.7: nan
2025-07-26 10:30:40,194 - DEBUG - Collected collision time for BConcave+BConvex+3900_flipped at IoU 0.75: nan
2025-07-26 10:30:40,195 - DEBUG - Collected collision time for BConcave+BConvex+3900_flipped at IoU 0.8: nan
2025-07-26 10:30:40,195 - DEBUG - Collected collision time for BConcave+BConvex+3900_flipped at IoU 0.85: nan
2025-07-26 10:30:40,195 - DEBUG - Collected collision time for BConcave+BConvex+3900_flipped at IoU 0.9: nan
2025-07-26 10:30:40,195 - DEBUG - Collected collision time for BConcave+BConvex+3900_flipped at IoU 0.95: nan
2025-07-26 10:30:40,195 - DEBUG - Collected collision time for BConcave+BConvex+4100 at IoU 0.05: 4433.333333333334
2025-07-26 10:30:40,195 - DEBUG - Collected collision time for BConcave+BConvex+4100 at IoU 0.1: 4583.333333333333
2025-07-26 10:30:40,196 - DEBUG - Collected collision time for BConcave+BConvex+4100 at IoU 0.15: 4666.666666666667
2025-07-26 10:30:40,196 - DEBUG - Collected collision time for BConcave+BConvex+4100 at IoU 0.2: nan
2025-07-26 10:30:40,196 - DEBUG - Collected collision time for BConcave+BConvex+4100 at IoU 0.25: nan
2025-07-26 10:30:40,196 - DEBUG - Collected collision time for BConcave+BConvex+4100 at IoU 0.3: nan
2025-07-26 10:30:40,196 - DEBUG - Collected collision time for BConcave+BConvex+4100 at IoU 0.35: nan
2025-07-26 10:30:40,197 - DEBUG - Collected collision time for BConcave+BConvex+4100 at IoU 0.4: nan
2025-07-26 10:30:40,197 - DEBUG - Collected collision time for BConcave+BConvex+4100 at IoU 0.45: nan
2025-07-26 10:30:40,197 - DEBUG - Collected collision time for BConcave+BConvex+4100 at IoU 0.5: nan
2025-07-26 10:30:40,197 - DEBUG - Collected collision time for BConcave+BConvex+4100 at IoU 0.55: nan
2025-07-26 10:30:40,197 - DEBUG - Collected collision time for BConcave+BConvex+4100 at IoU 0.6: nan
2025-07-26 10:30:40,197 - DEBUG - Collected collision time for BConcave+BConvex+4100 at IoU 0.65: nan
2025-07-26 10:30:40,198 - DEBUG - Collected collision time for BConcave+BConvex+4100 at IoU 0.7: nan
2025-07-26 10:30:40,198 - DEBUG - Collected collision time for BConcave+BConvex+4100 at IoU 0.75: nan
2025-07-26 10:30:40,198 - DEBUG - Collected collision time for BConcave+BConvex+4100 at IoU 0.8: nan
2025-07-26 10:30:40,198 - DEBUG - Collected collision time for BConcave+BConvex+4100 at IoU 0.85: nan
2025-07-26 10:30:40,198 - DEBUG - Collected collision time for BConcave+BConvex+4100 at IoU 0.9: nan
2025-07-26 10:30:40,199 - DEBUG - Collected collision time for BConcave+BConvex+4100 at IoU 0.95: nan
2025-07-26 10:30:40,199 - DEBUG - Collected collision time for BConcave+BConvex+4300_flipped at IoU 0.05: 4633.333333333334
2025-07-26 10:30:40,199 - DEBUG - Collected collision time for BConcave+BConvex+4300_flipped at IoU 0.1: 4850.0
2025-07-26 10:30:40,199 - DEBUG - Collected collision time for BConcave+BConvex+4300_flipped at IoU 0.15: 5033.333333333333
2025-07-26 10:30:40,199 - DEBUG - Collected collision time for BConcave+BConvex+4300_flipped at IoU 0.2: 5200.0
2025-07-26 10:30:40,199 - DEBUG - Collected collision time for BConcave+BConvex+4300_flipped at IoU 0.25: nan
2025-07-26 10:30:40,200 - DEBUG - Collected collision time for BConcave+BConvex+4300_flipped at IoU 0.3: nan
2025-07-26 10:30:40,200 - DEBUG - Collected collision time for BConcave+BConvex+4300_flipped at IoU 0.35: nan
2025-07-26 10:30:40,200 - DEBUG - Collected collision time for BConcave+BConvex+4300_flipped at IoU 0.4: nan
2025-07-26 10:30:40,200 - DEBUG - Collected collision time for BConcave+BConvex+4300_flipped at IoU 0.45: nan
2025-07-26 10:30:40,200 - DEBUG - Collected collision time for BConcave+BConvex+4300_flipped at IoU 0.5: nan
2025-07-26 10:30:40,201 - DEBUG - Collected collision time for BConcave+BConvex+4300_flipped at IoU 0.55: nan
2025-07-26 10:30:40,201 - DEBUG - Collected collision time for BConcave+BConvex+4300_flipped at IoU 0.6: nan
2025-07-26 10:30:40,201 - DEBUG - Collected collision time for BConcave+BConvex+4300_flipped at IoU 0.65: nan
2025-07-26 10:30:40,201 - DEBUG - Collected collision time for BConcave+BConvex+4300_flipped at IoU 0.7: nan
2025-07-26 10:30:40,201 - DEBUG - Collected collision time for BConcave+BConvex+4300_flipped at IoU 0.75: nan
2025-07-26 10:30:40,201 - DEBUG - Collected collision time for BConcave+BConvex+4300_flipped at IoU 0.8: nan
2025-07-26 10:30:40,202 - DEBUG - Collected collision time for BConcave+BConvex+4300_flipped at IoU 0.85: nan
2025-07-26 10:30:40,202 - DEBUG - Collected collision time for BConcave+BConvex+4300_flipped at IoU 0.9: nan
2025-07-26 10:30:40,202 - DEBUG - Collected collision time for BConcave+BConvex+4300_flipped at IoU 0.95: nan
2025-07-26 10:30:40,202 - DEBUG - Collected collision time for BConcave+BConvex+4500 at IoU 0.05: 4816.666666666666
2025-07-26 10:30:40,202 - DEBUG - Collected collision time for BConcave+BConvex+4500 at IoU 0.1: nan
2025-07-26 10:30:40,202 - DEBUG - Collected collision time for BConcave+BConvex+4500 at IoU 0.15: nan
2025-07-26 10:30:40,203 - DEBUG - Collected collision time for BConcave+BConvex+4500 at IoU 0.2: nan
2025-07-26 10:30:40,203 - DEBUG - Collected collision time for BConcave+BConvex+4500 at IoU 0.25: nan
2025-07-26 10:30:40,203 - DEBUG - Collected collision time for BConcave+BConvex+4500 at IoU 0.3: nan
2025-07-26 10:30:40,203 - DEBUG - Collected collision time for BConcave+BConvex+4500 at IoU 0.35: nan
2025-07-26 10:30:40,203 - DEBUG - Collected collision time for BConcave+BConvex+4500 at IoU 0.4: nan
2025-07-26 10:30:40,204 - DEBUG - Collected collision time for BConcave+BConvex+4500 at IoU 0.45: nan
2025-07-26 10:30:40,204 - DEBUG - Collected collision time for BConcave+BConvex+4500 at IoU 0.5: nan
2025-07-26 10:30:40,204 - DEBUG - Collected collision time for BConcave+BConvex+4500 at IoU 0.55: nan
2025-07-26 10:30:40,204 - DEBUG - Collected collision time for BConcave+BConvex+4500 at IoU 0.6: nan
2025-07-26 10:30:40,204 - DEBUG - Collected collision time for BConcave+BConvex+4500 at IoU 0.65: nan
2025-07-26 10:30:40,205 - DEBUG - Collected collision time for BConcave+BConvex+4500 at IoU 0.7: nan
2025-07-26 10:30:40,205 - DEBUG - Collected collision time for BConcave+BConvex+4500 at IoU 0.75: nan
2025-07-26 10:30:40,205 - DEBUG - Collected collision time for BConcave+BConvex+4500 at IoU 0.8: nan
2025-07-26 10:30:40,205 - DEBUG - Collected collision time for BConcave+BConvex+4500 at IoU 0.85: nan
2025-07-26 10:30:40,205 - DEBUG - Collected collision time for BConcave+BConvex+4500 at IoU 0.9: nan
2025-07-26 10:30:40,205 - DEBUG - Collected collision time for BConcave+BConvex+4500 at IoU 0.95: nan
2025-07-26 10:30:40,206 - DEBUG - Collected collision time for BConcave+CConcave+3500 at IoU 0.05: 3483.3333333333335
2025-07-26 10:30:40,206 - DEBUG - Collected collision time for BConcave+CConcave+3500 at IoU 0.1: 3616.6666666666665
2025-07-26 10:30:40,206 - DEBUG - Collected collision time for BConcave+CConcave+3500 at IoU 0.15: 3766.6666666666665
2025-07-26 10:30:40,206 - DEBUG - Collected collision time for BConcave+CConcave+3500 at IoU 0.2: 4000.0
2025-07-26 10:30:40,206 - DEBUG - Collected collision time for BConcave+CConcave+3500 at IoU 0.25: nan
2025-07-26 10:30:40,206 - DEBUG - Collected collision time for BConcave+CConcave+3500 at IoU 0.3: nan
2025-07-26 10:30:40,207 - DEBUG - Collected collision time for BConcave+CConcave+3500 at IoU 0.35: nan
2025-07-26 10:30:40,207 - DEBUG - Collected collision time for BConcave+CConcave+3500 at IoU 0.4: nan
2025-07-26 10:30:40,207 - DEBUG - Collected collision time for BConcave+CConcave+3500 at IoU 0.45: nan
2025-07-26 10:30:40,207 - DEBUG - Collected collision time for BConcave+CConcave+3500 at IoU 0.5: nan
2025-07-26 10:30:40,207 - DEBUG - Collected collision time for BConcave+CConcave+3500 at IoU 0.55: nan
2025-07-26 10:30:40,208 - DEBUG - Collected collision time for BConcave+CConcave+3500 at IoU 0.6: nan
2025-07-26 10:30:40,208 - DEBUG - Collected collision time for BConcave+CConcave+3500 at IoU 0.65: nan
2025-07-26 10:30:40,208 - DEBUG - Collected collision time for BConcave+CConcave+3500 at IoU 0.7: nan
2025-07-26 10:30:40,208 - DEBUG - Collected collision time for BConcave+CConcave+3500 at IoU 0.75: nan
2025-07-26 10:30:40,208 - DEBUG - Collected collision time for BConcave+CConcave+3500 at IoU 0.8: nan
2025-07-26 10:30:40,208 - DEBUG - Collected collision time for BConcave+CConcave+3500 at IoU 0.85: nan
2025-07-26 10:30:40,209 - DEBUG - Collected collision time for BConcave+CConcave+3500 at IoU 0.9: nan
2025-07-26 10:30:40,209 - DEBUG - Collected collision time for BConcave+CConcave+3500 at IoU 0.95: nan
2025-07-26 10:30:40,209 - DEBUG - Collected collision time for BConcave+CConcave+3700_flipped at IoU 0.05: 3416.6666666666665
2025-07-26 10:30:40,209 - DEBUG - Collected collision time for BConcave+CConcave+3700_flipped at IoU 0.1: 3416.6666666666665
2025-07-26 10:30:40,209 - DEBUG - Collected collision time for BConcave+CConcave+3700_flipped at IoU 0.15: 3800.0
2025-07-26 10:30:40,210 - DEBUG - Collected collision time for BConcave+CConcave+3700_flipped at IoU 0.2: 3966.666666666667
2025-07-26 10:30:40,210 - DEBUG - Collected collision time for BConcave+CConcave+3700_flipped at IoU 0.25: 4016.6666666666665
2025-07-26 10:30:40,210 - DEBUG - Collected collision time for BConcave+CConcave+3700_flipped at IoU 0.3: nan
2025-07-26 10:30:40,210 - DEBUG - Collected collision time for BConcave+CConcave+3700_flipped at IoU 0.35: nan
2025-07-26 10:30:40,210 - DEBUG - Collected collision time for BConcave+CConcave+3700_flipped at IoU 0.4: nan
2025-07-26 10:30:40,210 - DEBUG - Collected collision time for BConcave+CConcave+3700_flipped at IoU 0.45: nan
2025-07-26 10:30:40,211 - DEBUG - Collected collision time for BConcave+CConcave+3700_flipped at IoU 0.5: nan
2025-07-26 10:30:40,211 - DEBUG - Collected collision time for BConcave+CConcave+3700_flipped at IoU 0.55: nan
2025-07-26 10:30:40,211 - DEBUG - Collected collision time for BConcave+CConcave+3700_flipped at IoU 0.6: nan
2025-07-26 10:30:40,211 - DEBUG - Collected collision time for BConcave+CConcave+3700_flipped at IoU 0.65: nan
2025-07-26 10:30:40,211 - DEBUG - Collected collision time for BConcave+CConcave+3700_flipped at IoU 0.7: nan
2025-07-26 10:30:40,211 - DEBUG - Collected collision time for BConcave+CConcave+3700_flipped at IoU 0.75: nan
2025-07-26 10:30:40,212 - DEBUG - Collected collision time for BConcave+CConcave+3700_flipped at IoU 0.8: nan
2025-07-26 10:30:40,212 - DEBUG - Collected collision time for BConcave+CConcave+3700_flipped at IoU 0.85: nan
2025-07-26 10:30:40,212 - DEBUG - Collected collision time for BConcave+CConcave+3700_flipped at IoU 0.9: nan
2025-07-26 10:30:40,212 - DEBUG - Collected collision time for BConcave+CConcave+3700_flipped at IoU 0.95: nan
2025-07-26 10:30:40,212 - DEBUG - Collected collision time for BConcave+CConcave+3900 at IoU 0.05: 4016.6666666666665
2025-07-26 10:30:40,212 - DEBUG - Collected collision time for BConcave+CConcave+3900 at IoU 0.1: 4116.666666666666
2025-07-26 10:30:40,213 - DEBUG - Collected collision time for BConcave+CConcave+3900 at IoU 0.15: 4233.333333333333
2025-07-26 10:30:40,213 - DEBUG - Collected collision time for BConcave+CConcave+3900 at IoU 0.2: 4300.0
2025-07-26 10:30:40,213 - DEBUG - Collected collision time for BConcave+CConcave+3900 at IoU 0.25: 4383.333333333334
2025-07-26 10:30:40,213 - DEBUG - Collected collision time for BConcave+CConcave+3900 at IoU 0.3: 4466.666666666667
2025-07-26 10:30:40,213 - DEBUG - Collected collision time for BConcave+CConcave+3900 at IoU 0.35: nan
2025-07-26 10:30:40,214 - DEBUG - Collected collision time for BConcave+CConcave+3900 at IoU 0.4: nan
2025-07-26 10:30:40,214 - DEBUG - Collected collision time for BConcave+CConcave+3900 at IoU 0.45: nan
2025-07-26 10:30:40,214 - DEBUG - Collected collision time for BConcave+CConcave+3900 at IoU 0.5: nan
2025-07-26 10:30:40,214 - DEBUG - Collected collision time for BConcave+CConcave+3900 at IoU 0.55: nan
2025-07-26 10:30:40,214 - DEBUG - Collected collision time for BConcave+CConcave+3900 at IoU 0.6: nan
2025-07-26 10:30:40,214 - DEBUG - Collected collision time for BConcave+CConcave+3900 at IoU 0.65: nan
2025-07-26 10:30:40,215 - DEBUG - Collected collision time for BConcave+CConcave+3900 at IoU 0.7: nan
2025-07-26 10:30:40,215 - DEBUG - Collected collision time for BConcave+CConcave+3900 at IoU 0.75: nan
2025-07-26 10:30:40,215 - DEBUG - Collected collision time for BConcave+CConcave+3900 at IoU 0.8: nan
2025-07-26 10:30:40,215 - DEBUG - Collected collision time for BConcave+CConcave+3900 at IoU 0.85: nan
2025-07-26 10:30:40,215 - DEBUG - Collected collision time for BConcave+CConcave+3900 at IoU 0.9: nan
2025-07-26 10:30:40,216 - DEBUG - Collected collision time for BConcave+CConcave+3900 at IoU 0.95: nan
2025-07-26 10:30:40,216 - DEBUG - Collected collision time for BConcave+CConcave+4100_flipped at IoU 0.05: 4250.0
2025-07-26 10:30:40,216 - DEBUG - Collected collision time for BConcave+CConcave+4100_flipped at IoU 0.1: 4350.0
2025-07-26 10:30:40,216 - DEBUG - Collected collision time for BConcave+CConcave+4100_flipped at IoU 0.15: 4466.666666666667
2025-07-26 10:30:40,216 - DEBUG - Collected collision time for BConcave+CConcave+4100_flipped at IoU 0.2: 4550.0
2025-07-26 10:30:40,216 - DEBUG - Collected collision time for BConcave+CConcave+4100_flipped at IoU 0.25: 4650.0
2025-07-26 10:30:40,217 - DEBUG - Collected collision time for BConcave+CConcave+4100_flipped at IoU 0.3: 4833.333333333333
2025-07-26 10:30:40,217 - DEBUG - Collected collision time for BConcave+CConcave+4100_flipped at IoU 0.35: nan
2025-07-26 10:30:40,217 - DEBUG - Collected collision time for BConcave+CConcave+4100_flipped at IoU 0.4: nan
2025-07-26 10:30:40,217 - DEBUG - Collected collision time for BConcave+CConcave+4100_flipped at IoU 0.45: nan
2025-07-26 10:30:40,217 - DEBUG - Collected collision time for BConcave+CConcave+4100_flipped at IoU 0.5: nan
2025-07-26 10:30:40,217 - DEBUG - Collected collision time for BConcave+CConcave+4100_flipped at IoU 0.55: nan
2025-07-26 10:30:40,218 - DEBUG - Collected collision time for BConcave+CConcave+4100_flipped at IoU 0.6: nan
2025-07-26 10:30:40,218 - DEBUG - Collected collision time for BConcave+CConcave+4100_flipped at IoU 0.65: nan
2025-07-26 10:30:40,218 - DEBUG - Collected collision time for BConcave+CConcave+4100_flipped at IoU 0.7: nan
2025-07-26 10:30:40,218 - DEBUG - Collected collision time for BConcave+CConcave+4100_flipped at IoU 0.75: nan
2025-07-26 10:30:40,218 - DEBUG - Collected collision time for BConcave+CConcave+4100_flipped at IoU 0.8: nan
2025-07-26 10:30:40,218 - DEBUG - Collected collision time for BConcave+CConcave+4100_flipped at IoU 0.85: nan
2025-07-26 10:30:40,219 - DEBUG - Collected collision time for BConcave+CConcave+4100_flipped at IoU 0.9: nan
2025-07-26 10:30:40,219 - DEBUG - Collected collision time for BConcave+CConcave+4100_flipped at IoU 0.95: nan
2025-07-26 10:30:40,219 - DEBUG - Collected collision time for BConcave+CConcave+4300 at IoU 0.05: 4483.333333333333
2025-07-26 10:30:40,219 - DEBUG - Collected collision time for BConcave+CConcave+4300 at IoU 0.1: 4600.0
2025-07-26 10:30:40,219 - DEBUG - Collected collision time for BConcave+CConcave+4300 at IoU 0.15: 4683.333333333334
2025-07-26 10:30:40,220 - DEBUG - Collected collision time for BConcave+CConcave+4300 at IoU 0.2: 4766.666666666667
2025-07-26 10:30:40,220 - DEBUG - Collected collision time for BConcave+CConcave+4300 at IoU 0.25: 4850.0
2025-07-26 10:30:40,220 - DEBUG - Collected collision time for BConcave+CConcave+4300 at IoU 0.3: 4950.0
2025-07-26 10:30:40,220 - DEBUG - Collected collision time for BConcave+CConcave+4300 at IoU 0.35: 5100.0
2025-07-26 10:30:40,220 - DEBUG - Collected collision time for BConcave+CConcave+4300 at IoU 0.4: nan
2025-07-26 10:30:40,220 - DEBUG - Collected collision time for BConcave+CConcave+4300 at IoU 0.45: nan
2025-07-26 10:30:40,221 - DEBUG - Collected collision time for BConcave+CConcave+4300 at IoU 0.5: nan
2025-07-26 10:30:40,221 - DEBUG - Collected collision time for BConcave+CConcave+4300 at IoU 0.55: nan
2025-07-26 10:30:40,221 - DEBUG - Collected collision time for BConcave+CConcave+4300 at IoU 0.6: nan
2025-07-26 10:30:40,221 - DEBUG - Collected collision time for BConcave+CConcave+4300 at IoU 0.65: nan
2025-07-26 10:30:40,221 - DEBUG - Collected collision time for BConcave+CConcave+4300 at IoU 0.7: nan
2025-07-26 10:30:40,221 - DEBUG - Collected collision time for BConcave+CConcave+4300 at IoU 0.75: nan
2025-07-26 10:30:40,222 - DEBUG - Collected collision time for BConcave+CConcave+4300 at IoU 0.8: nan
2025-07-26 10:30:40,222 - DEBUG - Collected collision time for BConcave+CConcave+4300 at IoU 0.85: nan
2025-07-26 10:30:40,222 - DEBUG - Collected collision time for BConcave+CConcave+4300 at IoU 0.9: nan
2025-07-26 10:30:40,222 - DEBUG - Collected collision time for BConcave+CConcave+4300 at IoU 0.95: nan
2025-07-26 10:30:40,222 - DEBUG - Collected collision time for BConcave+CConcave+4500_flipped at IoU 0.05: 4683.333333333334
2025-07-26 10:30:40,223 - DEBUG - Collected collision time for BConcave+CConcave+4500_flipped at IoU 0.1: 4800.0
2025-07-26 10:30:40,223 - DEBUG - Collected collision time for BConcave+CConcave+4500_flipped at IoU 0.15: 4866.666666666666
2025-07-26 10:30:40,223 - DEBUG - Collected collision time for BConcave+CConcave+4500_flipped at IoU 0.2: 4966.666666666667
2025-07-26 10:30:40,223 - DEBUG - Collected collision time for BConcave+CConcave+4500_flipped at IoU 0.25: 5033.333333333333
2025-07-26 10:30:40,223 - DEBUG - Collected collision time for BConcave+CConcave+4500_flipped at IoU 0.3: 5116.666666666666
2025-07-26 10:30:40,223 - DEBUG - Collected collision time for BConcave+CConcave+4500_flipped at IoU 0.35: 5316.666666666666
2025-07-26 10:30:40,224 - DEBUG - Collected collision time for BConcave+CConcave+4500_flipped at IoU 0.4: nan
2025-07-26 10:30:40,224 - DEBUG - Collected collision time for BConcave+CConcave+4500_flipped at IoU 0.45: nan
2025-07-26 10:30:40,224 - DEBUG - Collected collision time for BConcave+CConcave+4500_flipped at IoU 0.5: nan
2025-07-26 10:30:40,224 - DEBUG - Collected collision time for BConcave+CConcave+4500_flipped at IoU 0.55: nan
2025-07-26 10:30:40,224 - DEBUG - Collected collision time for BConcave+CConcave+4500_flipped at IoU 0.6: nan
2025-07-26 10:30:40,225 - DEBUG - Collected collision time for BConcave+CConcave+4500_flipped at IoU 0.65: nan
2025-07-26 10:30:40,225 - DEBUG - Collected collision time for BConcave+CConcave+4500_flipped at IoU 0.7: nan
2025-07-26 10:30:40,225 - DEBUG - Collected collision time for BConcave+CConcave+4500_flipped at IoU 0.75: nan
2025-07-26 10:30:40,225 - DEBUG - Collected collision time for BConcave+CConcave+4500_flipped at IoU 0.8: nan
2025-07-26 10:30:40,225 - DEBUG - Collected collision time for BConcave+CConcave+4500_flipped at IoU 0.85: nan
2025-07-26 10:30:40,225 - DEBUG - Collected collision time for BConcave+CConcave+4500_flipped at IoU 0.9: nan
2025-07-26 10:30:40,226 - DEBUG - Collected collision time for BConcave+CConcave+4500_flipped at IoU 0.95: nan
2025-07-26 10:30:40,226 - DEBUG - Collected collision time for BConcave+CConvex+3500_flipped at IoU 0.05: nan
2025-07-26 10:30:40,226 - DEBUG - Collected collision time for BConcave+CConvex+3500_flipped at IoU 0.1: nan
2025-07-26 10:30:40,226 - DEBUG - Collected collision time for BConcave+CConvex+3500_flipped at IoU 0.15: nan
2025-07-26 10:30:40,226 - DEBUG - Collected collision time for BConcave+CConvex+3500_flipped at IoU 0.2: nan
2025-07-26 10:30:40,227 - DEBUG - Collected collision time for BConcave+CConvex+3500_flipped at IoU 0.25: nan
2025-07-26 10:30:40,227 - DEBUG - Collected collision time for BConcave+CConvex+3500_flipped at IoU 0.3: nan
2025-07-26 10:30:40,227 - DEBUG - Collected collision time for BConcave+CConvex+3500_flipped at IoU 0.35: nan
2025-07-26 10:30:40,227 - DEBUG - Collected collision time for BConcave+CConvex+3500_flipped at IoU 0.4: nan
2025-07-26 10:30:40,227 - DEBUG - Collected collision time for BConcave+CConvex+3500_flipped at IoU 0.45: nan
2025-07-26 10:30:40,227 - DEBUG - Collected collision time for BConcave+CConvex+3500_flipped at IoU 0.5: nan
2025-07-26 10:30:40,228 - DEBUG - Collected collision time for BConcave+CConvex+3500_flipped at IoU 0.55: nan
2025-07-26 10:30:40,228 - DEBUG - Collected collision time for BConcave+CConvex+3500_flipped at IoU 0.6: nan
2025-07-26 10:30:40,228 - DEBUG - Collected collision time for BConcave+CConvex+3500_flipped at IoU 0.65: nan
2025-07-26 10:30:40,228 - DEBUG - Collected collision time for BConcave+CConvex+3500_flipped at IoU 0.7: nan
2025-07-26 10:30:40,228 - DEBUG - Collected collision time for BConcave+CConvex+3500_flipped at IoU 0.75: nan
2025-07-26 10:30:40,229 - DEBUG - Collected collision time for BConcave+CConvex+3500_flipped at IoU 0.8: nan
2025-07-26 10:30:40,229 - DEBUG - Collected collision time for BConcave+CConvex+3500_flipped at IoU 0.85: nan
2025-07-26 10:30:40,229 - DEBUG - Collected collision time for BConcave+CConvex+3500_flipped at IoU 0.9: nan
2025-07-26 10:30:40,229 - DEBUG - Collected collision time for BConcave+CConvex+3500_flipped at IoU 0.95: nan
2025-07-26 10:30:40,229 - DEBUG - Collected collision time for BConcave+CConvex+3700 at IoU 0.05: 3966.666666666667
2025-07-26 10:30:40,229 - DEBUG - Collected collision time for BConcave+CConvex+3700 at IoU 0.1: 4100.0
2025-07-26 10:30:40,230 - DEBUG - Collected collision time for BConcave+CConvex+3700 at IoU 0.15: 4200.0
2025-07-26 10:30:40,230 - DEBUG - Collected collision time for BConcave+CConvex+3700 at IoU 0.2: 4266.666666666667
2025-07-26 10:30:40,230 - DEBUG - Collected collision time for BConcave+CConvex+3700 at IoU 0.25: 4333.333333333333
2025-07-26 10:30:40,230 - DEBUG - Collected collision time for BConcave+CConvex+3700 at IoU 0.3: 4416.666666666667
2025-07-26 10:30:40,230 - DEBUG - Collected collision time for BConcave+CConvex+3700 at IoU 0.35: 4500.0
2025-07-26 10:30:40,231 - DEBUG - Collected collision time for BConcave+CConvex+3700 at IoU 0.4: 4666.666666666667
2025-07-26 10:30:40,231 - DEBUG - Collected collision time for BConcave+CConvex+3700 at IoU 0.45: nan
2025-07-26 10:30:40,231 - DEBUG - Collected collision time for BConcave+CConvex+3700 at IoU 0.5: nan
2025-07-26 10:30:40,231 - DEBUG - Collected collision time for BConcave+CConvex+3700 at IoU 0.55: nan
2025-07-26 10:30:40,231 - DEBUG - Collected collision time for BConcave+CConvex+3700 at IoU 0.6: nan
2025-07-26 10:30:40,231 - DEBUG - Collected collision time for BConcave+CConvex+3700 at IoU 0.65: nan
2025-07-26 10:30:40,232 - DEBUG - Collected collision time for BConcave+CConvex+3700 at IoU 0.7: nan
2025-07-26 10:30:40,232 - DEBUG - Collected collision time for BConcave+CConvex+3700 at IoU 0.75: nan
2025-07-26 10:30:40,232 - DEBUG - Collected collision time for BConcave+CConvex+3700 at IoU 0.8: nan
2025-07-26 10:30:40,232 - DEBUG - Collected collision time for BConcave+CConvex+3700 at IoU 0.85: nan
2025-07-26 10:30:40,232 - DEBUG - Collected collision time for BConcave+CConvex+3700 at IoU 0.9: nan
2025-07-26 10:30:40,233 - DEBUG - Collected collision time for BConcave+CConvex+3700 at IoU 0.95: nan
2025-07-26 10:30:40,233 - DEBUG - Collected collision time for BConcave+CConvex+3900_flipped at IoU 0.05: 4150.0
2025-07-26 10:30:40,233 - DEBUG - Collected collision time for BConcave+CConvex+3900_flipped at IoU 0.1: 4283.333333333333
2025-07-26 10:30:40,233 - DEBUG - Collected collision time for BConcave+CConvex+3900_flipped at IoU 0.15: 4400.0
2025-07-26 10:30:40,233 - DEBUG - Collected collision time for BConcave+CConvex+3900_flipped at IoU 0.2: 4483.333333333333
2025-07-26 10:30:40,234 - DEBUG - Collected collision time for BConcave+CConvex+3900_flipped at IoU 0.25: 4550.0
2025-07-26 10:30:40,234 - DEBUG - Collected collision time for BConcave+CConvex+3900_flipped at IoU 0.3: 4616.666666666666
2025-07-26 10:30:40,234 - DEBUG - Collected collision time for BConcave+CConvex+3900_flipped at IoU 0.35: 4716.666666666667
2025-07-26 10:30:40,234 - DEBUG - Collected collision time for BConcave+CConvex+3900_flipped at IoU 0.4: nan
2025-07-26 10:30:40,234 - DEBUG - Collected collision time for BConcave+CConvex+3900_flipped at IoU 0.45: nan
2025-07-26 10:30:40,235 - DEBUG - Collected collision time for BConcave+CConvex+3900_flipped at IoU 0.5: nan
2025-07-26 10:30:40,235 - DEBUG - Collected collision time for BConcave+CConvex+3900_flipped at IoU 0.55: nan
2025-07-26 10:30:40,235 - DEBUG - Collected collision time for BConcave+CConvex+3900_flipped at IoU 0.6: nan
2025-07-26 10:30:40,235 - DEBUG - Collected collision time for BConcave+CConvex+3900_flipped at IoU 0.65: nan
2025-07-26 10:30:40,235 - DEBUG - Collected collision time for BConcave+CConvex+3900_flipped at IoU 0.7: nan
2025-07-26 10:30:40,235 - DEBUG - Collected collision time for BConcave+CConvex+3900_flipped at IoU 0.75: nan
2025-07-26 10:30:40,236 - DEBUG - Collected collision time for BConcave+CConvex+3900_flipped at IoU 0.8: nan
2025-07-26 10:30:40,236 - DEBUG - Collected collision time for BConcave+CConvex+3900_flipped at IoU 0.85: nan
2025-07-26 10:30:40,236 - DEBUG - Collected collision time for BConcave+CConvex+3900_flipped at IoU 0.9: nan
2025-07-26 10:30:40,236 - DEBUG - Collected collision time for BConcave+CConvex+3900_flipped at IoU 0.95: nan
2025-07-26 10:30:40,236 - DEBUG - Collected collision time for BConcave+CConvex+4100 at IoU 0.05: 4416.666666666667
2025-07-26 10:30:40,237 - DEBUG - Collected collision time for BConcave+CConvex+4100 at IoU 0.1: 4550.0
2025-07-26 10:30:40,237 - DEBUG - Collected collision time for BConcave+CConvex+4100 at IoU 0.15: 4633.333333333334
2025-07-26 10:30:40,237 - DEBUG - Collected collision time for BConcave+CConvex+4100 at IoU 0.2: 4700.0
2025-07-26 10:30:40,237 - DEBUG - Collected collision time for BConcave+CConvex+4100 at IoU 0.25: 4766.666666666667
2025-07-26 10:30:40,237 - DEBUG - Collected collision time for BConcave+CConvex+4100 at IoU 0.3: 4933.333333333334
2025-07-26 10:30:40,237 - DEBUG - Collected collision time for BConcave+CConvex+4100 at IoU 0.35: nan
2025-07-26 10:30:40,238 - DEBUG - Collected collision time for BConcave+CConvex+4100 at IoU 0.4: nan
2025-07-26 10:30:40,238 - DEBUG - Collected collision time for BConcave+CConvex+4100 at IoU 0.45: nan
2025-07-26 10:30:40,240 - DEBUG - Collected collision time for BConcave+CConvex+4100 at IoU 0.5: nan
2025-07-26 10:30:40,240 - DEBUG - Collected collision time for BConcave+CConvex+4100 at IoU 0.55: nan
2025-07-26 10:30:40,240 - DEBUG - Collected collision time for BConcave+CConvex+4100 at IoU 0.6: nan
2025-07-26 10:30:40,241 - DEBUG - Collected collision time for BConcave+CConvex+4100 at IoU 0.65: nan
2025-07-26 10:30:40,241 - DEBUG - Collected collision time for BConcave+CConvex+4100 at IoU 0.7: nan
2025-07-26 10:30:40,241 - DEBUG - Collected collision time for BConcave+CConvex+4100 at IoU 0.75: nan
2025-07-26 10:30:40,241 - DEBUG - Collected collision time for BConcave+CConvex+4100 at IoU 0.8: nan
2025-07-26 10:30:40,241 - DEBUG - Collected collision time for BConcave+CConvex+4100 at IoU 0.85: nan
2025-07-26 10:30:40,241 - DEBUG - Collected collision time for BConcave+CConvex+4100 at IoU 0.9: nan
2025-07-26 10:30:40,242 - DEBUG - Collected collision time for BConcave+CConvex+4100 at IoU 0.95: nan
2025-07-26 10:30:40,242 - DEBUG - Collected collision time for BConcave+CConvex+4300_flipped at IoU 0.05: 4550.0
2025-07-26 10:30:40,242 - DEBUG - Collected collision time for BConcave+CConvex+4300_flipped at IoU 0.1: 4666.666666666667
2025-07-26 10:30:40,242 - DEBUG - Collected collision time for BConcave+CConvex+4300_flipped at IoU 0.15: 4766.666666666667
2025-07-26 10:30:40,242 - DEBUG - Collected collision time for BConcave+CConvex+4300_flipped at IoU 0.2: 4850.0
2025-07-26 10:30:40,243 - DEBUG - Collected collision time for BConcave+CConvex+4300_flipped at IoU 0.25: 4933.333333333334
2025-07-26 10:30:40,243 - DEBUG - Collected collision time for BConcave+CConvex+4300_flipped at IoU 0.3: 5050.0
2025-07-26 10:30:40,243 - DEBUG - Collected collision time for BConcave+CConvex+4300_flipped at IoU 0.35: nan
2025-07-26 10:30:40,243 - DEBUG - Collected collision time for BConcave+CConvex+4300_flipped at IoU 0.4: nan
2025-07-26 10:30:40,243 - DEBUG - Collected collision time for BConcave+CConvex+4300_flipped at IoU 0.45: nan
2025-07-26 10:30:40,243 - DEBUG - Collected collision time for BConcave+CConvex+4300_flipped at IoU 0.5: nan
2025-07-26 10:30:40,244 - DEBUG - Collected collision time for BConcave+CConvex+4300_flipped at IoU 0.55: nan
2025-07-26 10:30:40,244 - DEBUG - Collected collision time for BConcave+CConvex+4300_flipped at IoU 0.6: nan
2025-07-26 10:30:40,244 - DEBUG - Collected collision time for BConcave+CConvex+4300_flipped at IoU 0.65: nan
2025-07-26 10:30:40,244 - DEBUG - Collected collision time for BConcave+CConvex+4300_flipped at IoU 0.7: nan
2025-07-26 10:30:40,244 - DEBUG - Collected collision time for BConcave+CConvex+4300_flipped at IoU 0.75: nan
2025-07-26 10:30:40,245 - DEBUG - Collected collision time for BConcave+CConvex+4300_flipped at IoU 0.8: nan
2025-07-26 10:30:40,245 - DEBUG - Collected collision time for BConcave+CConvex+4300_flipped at IoU 0.85: nan
2025-07-26 10:30:40,245 - DEBUG - Collected collision time for BConcave+CConvex+4300_flipped at IoU 0.9: nan
2025-07-26 10:30:40,245 - DEBUG - Collected collision time for BConcave+CConvex+4300_flipped at IoU 0.95: nan
2025-07-26 10:30:40,245 - DEBUG - Collected collision time for BConcave+CConvex+4500 at IoU 0.05: 4766.666666666667
2025-07-26 10:30:40,245 - DEBUG - Collected collision time for BConcave+CConvex+4500 at IoU 0.1: 4900.0
2025-07-26 10:30:40,246 - DEBUG - Collected collision time for BConcave+CConvex+4500 at IoU 0.15: 5000.0
2025-07-26 10:30:40,246 - DEBUG - Collected collision time for BConcave+CConvex+4500 at IoU 0.2: 5083.333333333333
2025-07-26 10:30:40,246 - DEBUG - Collected collision time for BConcave+CConvex+4500 at IoU 0.25: 5150.0
2025-07-26 10:30:40,246 - DEBUG - Collected collision time for BConcave+CConvex+4500 at IoU 0.3: 5216.666666666667
2025-07-26 10:30:40,246 - DEBUG - Collected collision time for BConcave+CConvex+4500 at IoU 0.35: 5316.666666666666
2025-07-26 10:30:40,246 - DEBUG - Collected collision time for BConcave+CConvex+4500 at IoU 0.4: nan
2025-07-26 10:30:40,247 - DEBUG - Collected collision time for BConcave+CConvex+4500 at IoU 0.45: nan
2025-07-26 10:30:40,247 - DEBUG - Collected collision time for BConcave+CConvex+4500 at IoU 0.5: nan
2025-07-26 10:30:40,247 - DEBUG - Collected collision time for BConcave+CConvex+4500 at IoU 0.55: nan
2025-07-26 10:30:40,247 - DEBUG - Collected collision time for BConcave+CConvex+4500 at IoU 0.6: nan
2025-07-26 10:30:40,247 - DEBUG - Collected collision time for BConcave+CConvex+4500 at IoU 0.65: nan
2025-07-26 10:30:40,248 - DEBUG - Collected collision time for BConcave+CConvex+4500 at IoU 0.7: nan
2025-07-26 10:30:40,248 - DEBUG - Collected collision time for BConcave+CConvex+4500 at IoU 0.75: nan
2025-07-26 10:30:40,248 - DEBUG - Collected collision time for BConcave+CConvex+4500 at IoU 0.8: nan
2025-07-26 10:30:40,248 - DEBUG - Collected collision time for BConcave+CConvex+4500 at IoU 0.85: nan
2025-07-26 10:30:40,248 - DEBUG - Collected collision time for BConcave+CConvex+4500 at IoU 0.9: nan
2025-07-26 10:30:40,248 - DEBUG - Collected collision time for BConcave+CConvex+4500 at IoU 0.95: nan
2025-07-26 10:30:40,249 - DEBUG - Collected collision time for BConcave+DConcave+3500 at IoU 0.05: 3733.3333333333335
2025-07-26 10:30:40,249 - DEBUG - Collected collision time for BConcave+DConcave+3500 at IoU 0.1: 3833.3333333333335
2025-07-26 10:30:40,249 - DEBUG - Collected collision time for BConcave+DConcave+3500 at IoU 0.15: 3983.3333333333335
2025-07-26 10:30:40,249 - DEBUG - Collected collision time for BConcave+DConcave+3500 at IoU 0.2: 4183.333333333334
2025-07-26 10:30:40,249 - DEBUG - Collected collision time for BConcave+DConcave+3500 at IoU 0.25: nan
2025-07-26 10:30:40,250 - DEBUG - Collected collision time for BConcave+DConcave+3500 at IoU 0.3: nan
2025-07-26 10:30:40,250 - DEBUG - Collected collision time for BConcave+DConcave+3500 at IoU 0.35: nan
2025-07-26 10:30:40,250 - DEBUG - Collected collision time for BConcave+DConcave+3500 at IoU 0.4: nan
2025-07-26 10:30:40,250 - DEBUG - Collected collision time for BConcave+DConcave+3500 at IoU 0.45: nan
2025-07-26 10:30:40,250 - DEBUG - Collected collision time for BConcave+DConcave+3500 at IoU 0.5: nan
2025-07-26 10:30:40,250 - DEBUG - Collected collision time for BConcave+DConcave+3500 at IoU 0.55: nan
2025-07-26 10:30:40,251 - DEBUG - Collected collision time for BConcave+DConcave+3500 at IoU 0.6: nan
2025-07-26 10:30:40,251 - DEBUG - Collected collision time for BConcave+DConcave+3500 at IoU 0.65: nan
2025-07-26 10:30:40,251 - DEBUG - Collected collision time for BConcave+DConcave+3500 at IoU 0.7: nan
2025-07-26 10:30:40,251 - DEBUG - Collected collision time for BConcave+DConcave+3500 at IoU 0.75: nan
2025-07-26 10:30:40,251 - DEBUG - Collected collision time for BConcave+DConcave+3500 at IoU 0.8: nan
2025-07-26 10:30:40,252 - DEBUG - Collected collision time for BConcave+DConcave+3500 at IoU 0.85: nan
2025-07-26 10:30:40,252 - DEBUG - Collected collision time for BConcave+DConcave+3500 at IoU 0.9: nan
2025-07-26 10:30:40,252 - DEBUG - Collected collision time for BConcave+DConcave+3500 at IoU 0.95: nan
2025-07-26 10:30:40,252 - DEBUG - Collected collision time for BConcave+DConcave+3700_flipped at IoU 0.05: 3883.3333333333335
2025-07-26 10:30:40,252 - DEBUG - Collected collision time for BConcave+DConcave+3700_flipped at IoU 0.1: 4000.0
2025-07-26 10:30:40,252 - DEBUG - Collected collision time for BConcave+DConcave+3700_flipped at IoU 0.15: 4100.0
2025-07-26 10:30:40,253 - DEBUG - Collected collision time for BConcave+DConcave+3700_flipped at IoU 0.2: 4200.0
2025-07-26 10:30:40,253 - DEBUG - Collected collision time for BConcave+DConcave+3700_flipped at IoU 0.25: 4333.333333333333
2025-07-26 10:30:40,253 - DEBUG - Collected collision time for BConcave+DConcave+3700_flipped at IoU 0.3: 4416.666666666667
2025-07-26 10:30:40,253 - DEBUG - Collected collision time for BConcave+DConcave+3700_flipped at IoU 0.35: 4550.0
2025-07-26 10:30:40,253 - DEBUG - Collected collision time for BConcave+DConcave+3700_flipped at IoU 0.4: nan
2025-07-26 10:30:40,253 - DEBUG - Collected collision time for BConcave+DConcave+3700_flipped at IoU 0.45: nan
2025-07-26 10:30:40,254 - DEBUG - Collected collision time for BConcave+DConcave+3700_flipped at IoU 0.5: nan
2025-07-26 10:30:40,254 - DEBUG - Collected collision time for BConcave+DConcave+3700_flipped at IoU 0.55: nan
2025-07-26 10:30:40,254 - DEBUG - Collected collision time for BConcave+DConcave+3700_flipped at IoU 0.6: nan
2025-07-26 10:30:40,254 - DEBUG - Collected collision time for BConcave+DConcave+3700_flipped at IoU 0.65: nan
2025-07-26 10:30:40,254 - DEBUG - Collected collision time for BConcave+DConcave+3700_flipped at IoU 0.7: nan
2025-07-26 10:30:40,255 - DEBUG - Collected collision time for BConcave+DConcave+3700_flipped at IoU 0.75: nan
2025-07-26 10:30:40,255 - DEBUG - Collected collision time for BConcave+DConcave+3700_flipped at IoU 0.8: nan
2025-07-26 10:30:40,255 - DEBUG - Collected collision time for BConcave+DConcave+3700_flipped at IoU 0.85: nan
2025-07-26 10:30:40,255 - DEBUG - Collected collision time for BConcave+DConcave+3700_flipped at IoU 0.9: nan
2025-07-26 10:30:40,255 - DEBUG - Collected collision time for BConcave+DConcave+3700_flipped at IoU 0.95: nan
2025-07-26 10:30:40,255 - DEBUG - Collected collision time for BConcave+DConcave+3900 at IoU 0.05: 4083.333333333333
2025-07-26 10:30:40,256 - DEBUG - Collected collision time for BConcave+DConcave+3900 at IoU 0.1: 4150.0
2025-07-26 10:30:40,256 - DEBUG - Collected collision time for BConcave+DConcave+3900 at IoU 0.15: 4216.666666666667
2025-07-26 10:30:40,256 - DEBUG - Collected collision time for BConcave+DConcave+3900 at IoU 0.2: 4283.333333333333
2025-07-26 10:30:40,256 - DEBUG - Collected collision time for BConcave+DConcave+3900 at IoU 0.25: 4366.666666666666
2025-07-26 10:30:40,256 - DEBUG - Collected collision time for BConcave+DConcave+3900 at IoU 0.3: 4483.333333333333
2025-07-26 10:30:40,257 - DEBUG - Collected collision time for BConcave+DConcave+3900 at IoU 0.35: 4600.0
2025-07-26 10:30:40,257 - DEBUG - Collected collision time for BConcave+DConcave+3900 at IoU 0.4: nan
2025-07-26 10:30:40,257 - DEBUG - Collected collision time for BConcave+DConcave+3900 at IoU 0.45: nan
2025-07-26 10:30:40,257 - DEBUG - Collected collision time for BConcave+DConcave+3900 at IoU 0.5: nan
2025-07-26 10:30:40,257 - DEBUG - Collected collision time for BConcave+DConcave+3900 at IoU 0.55: nan
2025-07-26 10:30:40,258 - DEBUG - Collected collision time for BConcave+DConcave+3900 at IoU 0.6: nan
2025-07-26 10:30:40,258 - DEBUG - Collected collision time for BConcave+DConcave+3900 at IoU 0.65: nan
2025-07-26 10:30:40,258 - DEBUG - Collected collision time for BConcave+DConcave+3900 at IoU 0.7: nan
2025-07-26 10:30:40,258 - DEBUG - Collected collision time for BConcave+DConcave+3900 at IoU 0.75: nan
2025-07-26 10:30:40,258 - DEBUG - Collected collision time for BConcave+DConcave+3900 at IoU 0.8: nan
2025-07-26 10:30:40,258 - DEBUG - Collected collision time for BConcave+DConcave+3900 at IoU 0.85: nan
2025-07-26 10:30:40,259 - DEBUG - Collected collision time for BConcave+DConcave+3900 at IoU 0.9: nan
2025-07-26 10:30:40,259 - DEBUG - Collected collision time for BConcave+DConcave+3900 at IoU 0.95: nan
2025-07-26 10:30:40,259 - DEBUG - Collected collision time for BConcave+DConcave+4100_flipped at IoU 0.05: 4333.333333333333
2025-07-26 10:30:40,259 - DEBUG - Collected collision time for BConcave+DConcave+4100_flipped at IoU 0.1: 4400.0
2025-07-26 10:30:40,259 - DEBUG - Collected collision time for BConcave+DConcave+4100_flipped at IoU 0.15: 4450.0
2025-07-26 10:30:40,260 - DEBUG - Collected collision time for BConcave+DConcave+4100_flipped at IoU 0.2: 4500.0
2025-07-26 10:30:40,260 - DEBUG - Collected collision time for BConcave+DConcave+4100_flipped at IoU 0.25: 4566.666666666666
2025-07-26 10:30:40,260 - DEBUG - Collected collision time for BConcave+DConcave+4100_flipped at IoU 0.3: 4616.666666666666
2025-07-26 10:30:40,260 - DEBUG - Collected collision time for BConcave+DConcave+4100_flipped at IoU 0.35: 4683.333333333334
2025-07-26 10:30:40,260 - DEBUG - Collected collision time for BConcave+DConcave+4100_flipped at IoU 0.4: 4733.333333333333
2025-07-26 10:30:40,260 - DEBUG - Collected collision time for BConcave+DConcave+4100_flipped at IoU 0.45: 4766.666666666667
2025-07-26 10:30:40,261 - DEBUG - Collected collision time for BConcave+DConcave+4100_flipped at IoU 0.5: 4850.0
2025-07-26 10:30:40,261 - DEBUG - Collected collision time for BConcave+DConcave+4100_flipped at IoU 0.55: nan
2025-07-26 10:30:40,261 - DEBUG - Collected collision time for BConcave+DConcave+4100_flipped at IoU 0.6: nan
2025-07-26 10:30:40,261 - DEBUG - Collected collision time for BConcave+DConcave+4100_flipped at IoU 0.65: nan
2025-07-26 10:30:40,261 - DEBUG - Collected collision time for BConcave+DConcave+4100_flipped at IoU 0.7: nan
2025-07-26 10:30:40,261 - DEBUG - Collected collision time for BConcave+DConcave+4100_flipped at IoU 0.75: nan
2025-07-26 10:30:40,262 - DEBUG - Collected collision time for BConcave+DConcave+4100_flipped at IoU 0.8: nan
2025-07-26 10:30:40,262 - DEBUG - Collected collision time for BConcave+DConcave+4100_flipped at IoU 0.85: nan
2025-07-26 10:30:40,262 - DEBUG - Collected collision time for BConcave+DConcave+4100_flipped at IoU 0.9: nan
2025-07-26 10:30:40,262 - DEBUG - Collected collision time for BConcave+DConcave+4100_flipped at IoU 0.95: nan
2025-07-26 10:30:40,262 - DEBUG - Collected collision time for BConcave+DConcave+4300 at IoU 0.05: 4766.666666666667
2025-07-26 10:30:40,263 - DEBUG - Collected collision time for BConcave+DConcave+4300 at IoU 0.1: nan
2025-07-26 10:30:40,263 - DEBUG - Collected collision time for BConcave+DConcave+4300 at IoU 0.15: nan
2025-07-26 10:30:40,263 - DEBUG - Collected collision time for BConcave+DConcave+4300 at IoU 0.2: nan
2025-07-26 10:30:40,263 - DEBUG - Collected collision time for BConcave+DConcave+4300 at IoU 0.25: nan
2025-07-26 10:30:40,263 - DEBUG - Collected collision time for BConcave+DConcave+4300 at IoU 0.3: nan
2025-07-26 10:30:40,263 - DEBUG - Collected collision time for BConcave+DConcave+4300 at IoU 0.35: nan
2025-07-26 10:30:40,264 - DEBUG - Collected collision time for BConcave+DConcave+4300 at IoU 0.4: nan
2025-07-26 10:30:40,264 - DEBUG - Collected collision time for BConcave+DConcave+4300 at IoU 0.45: nan
2025-07-26 10:30:40,264 - DEBUG - Collected collision time for BConcave+DConcave+4300 at IoU 0.5: nan
2025-07-26 10:30:40,264 - DEBUG - Collected collision time for BConcave+DConcave+4300 at IoU 0.55: nan
2025-07-26 10:30:40,264 - DEBUG - Collected collision time for BConcave+DConcave+4300 at IoU 0.6: nan
2025-07-26 10:30:40,265 - DEBUG - Collected collision time for BConcave+DConcave+4300 at IoU 0.65: nan
2025-07-26 10:30:40,265 - DEBUG - Collected collision time for BConcave+DConcave+4300 at IoU 0.7: nan
2025-07-26 10:30:40,265 - DEBUG - Collected collision time for BConcave+DConcave+4300 at IoU 0.75: nan
2025-07-26 10:30:40,265 - DEBUG - Collected collision time for BConcave+DConcave+4300 at IoU 0.8: nan
2025-07-26 10:30:40,265 - DEBUG - Collected collision time for BConcave+DConcave+4300 at IoU 0.85: nan
2025-07-26 10:30:40,265 - DEBUG - Collected collision time for BConcave+DConcave+4300 at IoU 0.9: nan
2025-07-26 10:30:40,266 - DEBUG - Collected collision time for BConcave+DConcave+4300 at IoU 0.95: nan
2025-07-26 10:30:40,266 - DEBUG - Collected collision time for BConcave+DConcave+4500_flipped at IoU 0.05: nan
2025-07-26 10:30:40,266 - DEBUG - Collected collision time for BConcave+DConcave+4500_flipped at IoU 0.1: nan
2025-07-26 10:30:40,266 - DEBUG - Collected collision time for BConcave+DConcave+4500_flipped at IoU 0.15: nan
2025-07-26 10:30:40,266 - DEBUG - Collected collision time for BConcave+DConcave+4500_flipped at IoU 0.2: nan
2025-07-26 10:30:40,267 - DEBUG - Collected collision time for BConcave+DConcave+4500_flipped at IoU 0.25: nan
2025-07-26 10:30:40,267 - DEBUG - Collected collision time for BConcave+DConcave+4500_flipped at IoU 0.3: nan
2025-07-26 10:30:40,267 - DEBUG - Collected collision time for BConcave+DConcave+4500_flipped at IoU 0.35: nan
2025-07-26 10:30:40,267 - DEBUG - Collected collision time for BConcave+DConcave+4500_flipped at IoU 0.4: nan
2025-07-26 10:30:40,267 - DEBUG - Collected collision time for BConcave+DConcave+4500_flipped at IoU 0.45: nan
2025-07-26 10:30:40,267 - DEBUG - Collected collision time for BConcave+DConcave+4500_flipped at IoU 0.5: nan
2025-07-26 10:30:40,268 - DEBUG - Collected collision time for BConcave+DConcave+4500_flipped at IoU 0.55: nan
2025-07-26 10:30:40,268 - DEBUG - Collected collision time for BConcave+DConcave+4500_flipped at IoU 0.6: nan
2025-07-26 10:30:40,268 - DEBUG - Collected collision time for BConcave+DConcave+4500_flipped at IoU 0.65: nan
2025-07-26 10:30:40,268 - DEBUG - Collected collision time for BConcave+DConcave+4500_flipped at IoU 0.7: nan
2025-07-26 10:30:40,268 - DEBUG - Collected collision time for BConcave+DConcave+4500_flipped at IoU 0.75: nan
2025-07-26 10:30:40,268 - DEBUG - Collected collision time for BConcave+DConcave+4500_flipped at IoU 0.8: nan
2025-07-26 10:30:40,269 - DEBUG - Collected collision time for BConcave+DConcave+4500_flipped at IoU 0.85: nan
2025-07-26 10:30:40,269 - DEBUG - Collected collision time for BConcave+DConcave+4500_flipped at IoU 0.9: nan
2025-07-26 10:30:40,269 - DEBUG - Collected collision time for BConcave+DConcave+4500_flipped at IoU 0.95: nan
2025-07-26 10:30:40,269 - DEBUG - Collected collision time for BConcave+DConvex+3500_flipped at IoU 0.05: nan
2025-07-26 10:30:40,269 - DEBUG - Collected collision time for BConcave+DConvex+3500_flipped at IoU 0.1: nan
2025-07-26 10:30:40,270 - DEBUG - Collected collision time for BConcave+DConvex+3500_flipped at IoU 0.15: nan
2025-07-26 10:30:40,270 - DEBUG - Collected collision time for BConcave+DConvex+3500_flipped at IoU 0.2: nan
2025-07-26 10:30:40,270 - DEBUG - Collected collision time for BConcave+DConvex+3500_flipped at IoU 0.25: nan
2025-07-26 10:30:40,270 - DEBUG - Collected collision time for BConcave+DConvex+3500_flipped at IoU 0.3: nan
2025-07-26 10:30:40,270 - DEBUG - Collected collision time for BConcave+DConvex+3500_flipped at IoU 0.35: nan
2025-07-26 10:30:40,270 - DEBUG - Collected collision time for BConcave+DConvex+3500_flipped at IoU 0.4: nan
2025-07-26 10:30:40,271 - DEBUG - Collected collision time for BConcave+DConvex+3500_flipped at IoU 0.45: nan
2025-07-26 10:30:40,271 - DEBUG - Collected collision time for BConcave+DConvex+3500_flipped at IoU 0.5: nan
2025-07-26 10:30:40,271 - DEBUG - Collected collision time for BConcave+DConvex+3500_flipped at IoU 0.55: nan
2025-07-26 10:30:40,271 - DEBUG - Collected collision time for BConcave+DConvex+3500_flipped at IoU 0.6: nan
2025-07-26 10:30:40,271 - DEBUG - Collected collision time for BConcave+DConvex+3500_flipped at IoU 0.65: nan
2025-07-26 10:30:40,271 - DEBUG - Collected collision time for BConcave+DConvex+3500_flipped at IoU 0.7: nan
2025-07-26 10:30:40,272 - DEBUG - Collected collision time for BConcave+DConvex+3500_flipped at IoU 0.75: nan
2025-07-26 10:30:40,272 - DEBUG - Collected collision time for BConcave+DConvex+3500_flipped at IoU 0.8: nan
2025-07-26 10:30:40,272 - DEBUG - Collected collision time for BConcave+DConvex+3500_flipped at IoU 0.85: nan
2025-07-26 10:30:40,272 - DEBUG - Collected collision time for BConcave+DConvex+3500_flipped at IoU 0.9: nan
2025-07-26 10:30:40,272 - DEBUG - Collected collision time for BConcave+DConvex+3500_flipped at IoU 0.95: nan
2025-07-26 10:30:40,273 - DEBUG - Collected collision time for BConcave+DConvex+3700 at IoU 0.05: 4600.0
2025-07-26 10:30:40,273 - DEBUG - Collected collision time for BConcave+DConvex+3700 at IoU 0.1: 4650.0
2025-07-26 10:30:40,273 - DEBUG - Collected collision time for BConcave+DConvex+3700 at IoU 0.15: 4700.0
2025-07-26 10:30:40,273 - DEBUG - Collected collision time for BConcave+DConvex+3700 at IoU 0.2: 4783.333333333333
2025-07-26 10:30:40,274 - DEBUG - Collected collision time for BConcave+DConvex+3700 at IoU 0.25: nan
2025-07-26 10:30:40,274 - DEBUG - Collected collision time for BConcave+DConvex+3700 at IoU 0.3: nan
2025-07-26 10:30:40,274 - DEBUG - Collected collision time for BConcave+DConvex+3700 at IoU 0.35: nan
2025-07-26 10:30:40,274 - DEBUG - Collected collision time for BConcave+DConvex+3700 at IoU 0.4: nan
2025-07-26 10:30:40,274 - DEBUG - Collected collision time for BConcave+DConvex+3700 at IoU 0.45: nan
2025-07-26 10:30:40,275 - DEBUG - Collected collision time for BConcave+DConvex+3700 at IoU 0.5: nan
2025-07-26 10:30:40,275 - DEBUG - Collected collision time for BConcave+DConvex+3700 at IoU 0.55: nan
2025-07-26 10:30:40,275 - DEBUG - Collected collision time for BConcave+DConvex+3700 at IoU 0.6: nan
2025-07-26 10:30:40,275 - DEBUG - Collected collision time for BConcave+DConvex+3700 at IoU 0.65: nan
2025-07-26 10:30:40,275 - DEBUG - Collected collision time for BConcave+DConvex+3700 at IoU 0.7: nan
2025-07-26 10:30:40,276 - DEBUG - Collected collision time for BConcave+DConvex+3700 at IoU 0.75: nan
2025-07-26 10:30:40,276 - DEBUG - Collected collision time for BConcave+DConvex+3700 at IoU 0.8: nan
2025-07-26 10:30:40,276 - DEBUG - Collected collision time for BConcave+DConvex+3700 at IoU 0.85: nan
2025-07-26 10:30:40,276 - DEBUG - Collected collision time for BConcave+DConvex+3700 at IoU 0.9: nan
2025-07-26 10:30:40,276 - DEBUG - Collected collision time for BConcave+DConvex+3700 at IoU 0.95: nan
2025-07-26 10:30:40,277 - DEBUG - Collected collision time for BConcave+DConvex+3900_flipped at IoU 0.05: 4316.666666666666
2025-07-26 10:30:40,277 - DEBUG - Collected collision time for BConcave+DConvex+3900_flipped at IoU 0.1: 4483.333333333333
2025-07-26 10:30:40,277 - DEBUG - Collected collision time for BConcave+DConvex+3900_flipped at IoU 0.15: 4566.666666666666
2025-07-26 10:30:40,277 - DEBUG - Collected collision time for BConcave+DConvex+3900_flipped at IoU 0.2: 4916.666666666667
2025-07-26 10:30:40,278 - DEBUG - Collected collision time for BConcave+DConvex+3900_flipped at IoU 0.25: nan
2025-07-26 10:30:40,278 - DEBUG - Collected collision time for BConcave+DConvex+3900_flipped at IoU 0.3: nan
2025-07-26 10:30:40,278 - DEBUG - Collected collision time for BConcave+DConvex+3900_flipped at IoU 0.35: nan
2025-07-26 10:30:40,278 - DEBUG - Collected collision time for BConcave+DConvex+3900_flipped at IoU 0.4: nan
2025-07-26 10:30:40,278 - DEBUG - Collected collision time for BConcave+DConvex+3900_flipped at IoU 0.45: nan
2025-07-26 10:30:40,279 - DEBUG - Collected collision time for BConcave+DConvex+3900_flipped at IoU 0.5: nan
2025-07-26 10:30:40,279 - DEBUG - Collected collision time for BConcave+DConvex+3900_flipped at IoU 0.55: nan
2025-07-26 10:30:40,279 - DEBUG - Collected collision time for BConcave+DConvex+3900_flipped at IoU 0.6: nan
2025-07-26 10:30:40,279 - DEBUG - Collected collision time for BConcave+DConvex+3900_flipped at IoU 0.65: nan
2025-07-26 10:30:40,279 - DEBUG - Collected collision time for BConcave+DConvex+3900_flipped at IoU 0.7: nan
2025-07-26 10:30:40,280 - DEBUG - Collected collision time for BConcave+DConvex+3900_flipped at IoU 0.75: nan
2025-07-26 10:30:40,280 - DEBUG - Collected collision time for BConcave+DConvex+3900_flipped at IoU 0.8: nan
2025-07-26 10:30:40,280 - DEBUG - Collected collision time for BConcave+DConvex+3900_flipped at IoU 0.85: nan
2025-07-26 10:30:40,280 - DEBUG - Collected collision time for BConcave+DConvex+3900_flipped at IoU 0.9: nan
2025-07-26 10:30:40,280 - DEBUG - Collected collision time for BConcave+DConvex+3900_flipped at IoU 0.95: nan
2025-07-26 10:30:40,281 - DEBUG - Collected collision time for BConcave+DConvex+4100 at IoU 0.05: 4700.0
2025-07-26 10:30:40,281 - DEBUG - Collected collision time for BConcave+DConvex+4100 at IoU 0.1: 4866.666666666666
2025-07-26 10:30:40,281 - DEBUG - Collected collision time for BConcave+DConvex+4100 at IoU 0.15: 5083.333333333333
2025-07-26 10:30:40,281 - DEBUG - Collected collision time for BConcave+DConvex+4100 at IoU 0.2: nan
2025-07-26 10:30:40,281 - DEBUG - Collected collision time for BConcave+DConvex+4100 at IoU 0.25: nan
2025-07-26 10:30:40,282 - DEBUG - Collected collision time for BConcave+DConvex+4100 at IoU 0.3: nan
2025-07-26 10:30:40,282 - DEBUG - Collected collision time for BConcave+DConvex+4100 at IoU 0.35: nan
2025-07-26 10:30:40,282 - DEBUG - Collected collision time for BConcave+DConvex+4100 at IoU 0.4: nan
2025-07-26 10:30:40,282 - DEBUG - Collected collision time for BConcave+DConvex+4100 at IoU 0.45: nan
2025-07-26 10:30:40,282 - DEBUG - Collected collision time for BConcave+DConvex+4100 at IoU 0.5: nan
2025-07-26 10:30:40,283 - DEBUG - Collected collision time for BConcave+DConvex+4100 at IoU 0.55: nan
2025-07-26 10:30:40,283 - DEBUG - Collected collision time for BConcave+DConvex+4100 at IoU 0.6: nan
2025-07-26 10:30:40,283 - DEBUG - Collected collision time for BConcave+DConvex+4100 at IoU 0.65: nan
2025-07-26 10:30:40,283 - DEBUG - Collected collision time for BConcave+DConvex+4100 at IoU 0.7: nan
2025-07-26 10:30:40,283 - DEBUG - Collected collision time for BConcave+DConvex+4100 at IoU 0.75: nan
2025-07-26 10:30:40,283 - DEBUG - Collected collision time for BConcave+DConvex+4100 at IoU 0.8: nan
2025-07-26 10:30:40,284 - DEBUG - Collected collision time for BConcave+DConvex+4100 at IoU 0.85: nan
2025-07-26 10:30:40,284 - DEBUG - Collected collision time for BConcave+DConvex+4100 at IoU 0.9: nan
2025-07-26 10:30:40,284 - DEBUG - Collected collision time for BConcave+DConvex+4100 at IoU 0.95: nan
2025-07-26 10:30:40,284 - DEBUG - Collected collision time for BConcave+DConvex+4300_flipped at IoU 0.05: 4716.666666666667
2025-07-26 10:30:40,284 - DEBUG - Collected collision time for BConcave+DConvex+4300_flipped at IoU 0.1: 4850.0
2025-07-26 10:30:40,285 - DEBUG - Collected collision time for BConcave+DConvex+4300_flipped at IoU 0.15: 4916.666666666667
2025-07-26 10:30:40,285 - DEBUG - Collected collision time for BConcave+DConvex+4300_flipped at IoU 0.2: 5016.666666666667
2025-07-26 10:30:40,285 - DEBUG - Collected collision time for BConcave+DConvex+4300_flipped at IoU 0.25: 5283.333333333333
2025-07-26 10:30:40,285 - DEBUG - Collected collision time for BConcave+DConvex+4300_flipped at IoU 0.3: 5433.333333333334
2025-07-26 10:30:40,285 - DEBUG - Collected collision time for BConcave+DConvex+4300_flipped at IoU 0.35: nan
2025-07-26 10:30:40,285 - DEBUG - Collected collision time for BConcave+DConvex+4300_flipped at IoU 0.4: nan
2025-07-26 10:30:40,286 - DEBUG - Collected collision time for BConcave+DConvex+4300_flipped at IoU 0.45: nan
2025-07-26 10:30:40,286 - DEBUG - Collected collision time for BConcave+DConvex+4300_flipped at IoU 0.5: nan
2025-07-26 10:30:40,286 - DEBUG - Collected collision time for BConcave+DConvex+4300_flipped at IoU 0.55: nan
2025-07-26 10:30:40,286 - DEBUG - Collected collision time for BConcave+DConvex+4300_flipped at IoU 0.6: nan
2025-07-26 10:30:40,286 - DEBUG - Collected collision time for BConcave+DConvex+4300_flipped at IoU 0.65: nan
2025-07-26 10:30:40,287 - DEBUG - Collected collision time for BConcave+DConvex+4300_flipped at IoU 0.7: nan
2025-07-26 10:30:40,287 - DEBUG - Collected collision time for BConcave+DConvex+4300_flipped at IoU 0.75: nan
2025-07-26 10:30:40,287 - DEBUG - Collected collision time for BConcave+DConvex+4300_flipped at IoU 0.8: nan
2025-07-26 10:30:40,287 - DEBUG - Collected collision time for BConcave+DConvex+4300_flipped at IoU 0.85: nan
2025-07-26 10:30:40,287 - DEBUG - Collected collision time for BConcave+DConvex+4300_flipped at IoU 0.9: nan
2025-07-26 10:30:40,287 - DEBUG - Collected collision time for BConcave+DConvex+4300_flipped at IoU 0.95: nan
2025-07-26 10:30:40,288 - DEBUG - Collected collision time for BConcave+DConvex+4500 at IoU 0.05: 5083.333333333333
2025-07-26 10:30:40,288 - DEBUG - Collected collision time for BConcave+DConvex+4500 at IoU 0.1: 5166.666666666667
2025-07-26 10:30:40,288 - DEBUG - Collected collision time for BConcave+DConvex+4500 at IoU 0.15: 5266.666666666667
2025-07-26 10:30:40,288 - DEBUG - Collected collision time for BConcave+DConvex+4500 at IoU 0.2: nan
2025-07-26 10:30:40,288 - DEBUG - Collected collision time for BConcave+DConvex+4500 at IoU 0.25: nan
2025-07-26 10:30:40,289 - DEBUG - Collected collision time for BConcave+DConvex+4500 at IoU 0.3: nan
2025-07-26 10:30:40,289 - DEBUG - Collected collision time for BConcave+DConvex+4500 at IoU 0.35: nan
2025-07-26 10:30:40,289 - DEBUG - Collected collision time for BConcave+DConvex+4500 at IoU 0.4: nan
2025-07-26 10:30:40,289 - DEBUG - Collected collision time for BConcave+DConvex+4500 at IoU 0.45: nan
2025-07-26 10:30:40,289 - DEBUG - Collected collision time for BConcave+DConvex+4500 at IoU 0.5: nan
2025-07-26 10:30:40,289 - DEBUG - Collected collision time for BConcave+DConvex+4500 at IoU 0.55: nan
2025-07-26 10:30:40,290 - DEBUG - Collected collision time for BConcave+DConvex+4500 at IoU 0.6: nan
2025-07-26 10:30:40,290 - DEBUG - Collected collision time for BConcave+DConvex+4500 at IoU 0.65: nan
2025-07-26 10:30:40,290 - DEBUG - Collected collision time for BConcave+DConvex+4500 at IoU 0.7: nan
2025-07-26 10:30:40,290 - DEBUG - Collected collision time for BConcave+DConvex+4500 at IoU 0.75: nan
2025-07-26 10:30:40,290 - DEBUG - Collected collision time for BConcave+DConvex+4500 at IoU 0.8: nan
2025-07-26 10:30:40,290 - DEBUG - Collected collision time for BConcave+DConvex+4500 at IoU 0.85: nan
2025-07-26 10:30:40,291 - DEBUG - Collected collision time for BConcave+DConvex+4500 at IoU 0.9: nan
2025-07-26 10:30:40,291 - DEBUG - Collected collision time for BConcave+DConvex+4500 at IoU 0.95: nan
2025-07-26 10:30:40,291 - DEBUG - Collected collision time for BConcave+EConcave+3500_flipped at IoU 0.05: 3700.0
2025-07-26 10:30:40,291 - DEBUG - Collected collision time for BConcave+EConcave+3500_flipped at IoU 0.1: 3850.0
2025-07-26 10:30:40,291 - DEBUG - Collected collision time for BConcave+EConcave+3500_flipped at IoU 0.15: 4000.0
2025-07-26 10:30:40,292 - DEBUG - Collected collision time for BConcave+EConcave+3500_flipped at IoU 0.2: nan
2025-07-26 10:30:40,292 - DEBUG - Collected collision time for BConcave+EConcave+3500_flipped at IoU 0.25: nan
2025-07-26 10:30:40,292 - DEBUG - Collected collision time for BConcave+EConcave+3500_flipped at IoU 0.3: nan
2025-07-26 10:30:40,292 - DEBUG - Collected collision time for BConcave+EConcave+3500_flipped at IoU 0.35: nan
2025-07-26 10:30:40,292 - DEBUG - Collected collision time for BConcave+EConcave+3500_flipped at IoU 0.4: nan
2025-07-26 10:30:40,292 - DEBUG - Collected collision time for BConcave+EConcave+3500_flipped at IoU 0.45: nan
2025-07-26 10:30:40,293 - DEBUG - Collected collision time for BConcave+EConcave+3500_flipped at IoU 0.5: nan
2025-07-26 10:30:40,293 - DEBUG - Collected collision time for BConcave+EConcave+3500_flipped at IoU 0.55: nan
2025-07-26 10:30:40,293 - DEBUG - Collected collision time for BConcave+EConcave+3500_flipped at IoU 0.6: nan
2025-07-26 10:30:40,293 - DEBUG - Collected collision time for BConcave+EConcave+3500_flipped at IoU 0.65: nan
2025-07-26 10:30:40,293 - DEBUG - Collected collision time for BConcave+EConcave+3500_flipped at IoU 0.7: nan
2025-07-26 10:30:40,293 - DEBUG - Collected collision time for BConcave+EConcave+3500_flipped at IoU 0.75: nan
2025-07-26 10:30:40,294 - DEBUG - Collected collision time for BConcave+EConcave+3500_flipped at IoU 0.8: nan
2025-07-26 10:30:40,294 - DEBUG - Collected collision time for BConcave+EConcave+3500_flipped at IoU 0.85: nan
2025-07-26 10:30:40,294 - DEBUG - Collected collision time for BConcave+EConcave+3500_flipped at IoU 0.9: nan
2025-07-26 10:30:40,294 - DEBUG - Collected collision time for BConcave+EConcave+3500_flipped at IoU 0.95: nan
2025-07-26 10:30:40,294 - DEBUG - Collected collision time for BConcave+EConcave+3700 at IoU 0.05: 3900.0
2025-07-26 10:30:40,295 - DEBUG - Collected collision time for BConcave+EConcave+3700 at IoU 0.1: 4033.333333333333
2025-07-26 10:30:40,295 - DEBUG - Collected collision time for BConcave+EConcave+3700 at IoU 0.15: 4283.333333333333
2025-07-26 10:30:40,295 - DEBUG - Collected collision time for BConcave+EConcave+3700 at IoU 0.2: nan
2025-07-26 10:30:40,295 - DEBUG - Collected collision time for BConcave+EConcave+3700 at IoU 0.25: nan
2025-07-26 10:30:40,295 - DEBUG - Collected collision time for BConcave+EConcave+3700 at IoU 0.3: nan
2025-07-26 10:30:40,295 - DEBUG - Collected collision time for BConcave+EConcave+3700 at IoU 0.35: nan
2025-07-26 10:30:40,296 - DEBUG - Collected collision time for BConcave+EConcave+3700 at IoU 0.4: nan
2025-07-26 10:30:40,296 - DEBUG - Collected collision time for BConcave+EConcave+3700 at IoU 0.45: nan
2025-07-26 10:30:40,296 - DEBUG - Collected collision time for BConcave+EConcave+3700 at IoU 0.5: nan
2025-07-26 10:30:40,296 - DEBUG - Collected collision time for BConcave+EConcave+3700 at IoU 0.55: nan
2025-07-26 10:30:40,296 - DEBUG - Collected collision time for BConcave+EConcave+3700 at IoU 0.6: nan
2025-07-26 10:30:40,297 - DEBUG - Collected collision time for BConcave+EConcave+3700 at IoU 0.65: nan
2025-07-26 10:30:40,297 - DEBUG - Collected collision time for BConcave+EConcave+3700 at IoU 0.7: nan
2025-07-26 10:30:40,297 - DEBUG - Collected collision time for BConcave+EConcave+3700 at IoU 0.75: nan
2025-07-26 10:30:40,297 - DEBUG - Collected collision time for BConcave+EConcave+3700 at IoU 0.8: nan
2025-07-26 10:30:40,297 - DEBUG - Collected collision time for BConcave+EConcave+3700 at IoU 0.85: nan
2025-07-26 10:30:40,297 - DEBUG - Collected collision time for BConcave+EConcave+3700 at IoU 0.9: nan
2025-07-26 10:30:40,298 - DEBUG - Collected collision time for BConcave+EConcave+3700 at IoU 0.95: nan
2025-07-26 10:30:40,298 - DEBUG - Collected collision time for BConcave+EConcave+3900_flipped at IoU 0.05: 4066.6666666666665
2025-07-26 10:30:40,298 - DEBUG - Collected collision time for BConcave+EConcave+3900_flipped at IoU 0.1: 4116.666666666666
2025-07-26 10:30:40,298 - DEBUG - Collected collision time for BConcave+EConcave+3900_flipped at IoU 0.15: 4283.333333333333
2025-07-26 10:30:40,298 - DEBUG - Collected collision time for BConcave+EConcave+3900_flipped at IoU 0.2: 4383.333333333334
2025-07-26 10:30:40,299 - DEBUG - Collected collision time for BConcave+EConcave+3900_flipped at IoU 0.25: nan
2025-07-26 10:30:40,299 - DEBUG - Collected collision time for BConcave+EConcave+3900_flipped at IoU 0.3: nan
2025-07-26 10:30:40,299 - DEBUG - Collected collision time for BConcave+EConcave+3900_flipped at IoU 0.35: nan
2025-07-26 10:30:40,299 - DEBUG - Collected collision time for BConcave+EConcave+3900_flipped at IoU 0.4: nan
2025-07-26 10:30:40,299 - DEBUG - Collected collision time for BConcave+EConcave+3900_flipped at IoU 0.45: nan
2025-07-26 10:30:40,299 - DEBUG - Collected collision time for BConcave+EConcave+3900_flipped at IoU 0.5: nan
2025-07-26 10:30:40,300 - DEBUG - Collected collision time for BConcave+EConcave+3900_flipped at IoU 0.55: nan
2025-07-26 10:30:40,300 - DEBUG - Collected collision time for BConcave+EConcave+3900_flipped at IoU 0.6: nan
2025-07-26 10:30:40,300 - DEBUG - Collected collision time for BConcave+EConcave+3900_flipped at IoU 0.65: nan
2025-07-26 10:30:40,300 - DEBUG - Collected collision time for BConcave+EConcave+3900_flipped at IoU 0.7: nan
2025-07-26 10:30:40,300 - DEBUG - Collected collision time for BConcave+EConcave+3900_flipped at IoU 0.75: nan
2025-07-26 10:30:40,301 - DEBUG - Collected collision time for BConcave+EConcave+3900_flipped at IoU 0.8: nan
2025-07-26 10:30:40,301 - DEBUG - Collected collision time for BConcave+EConcave+3900_flipped at IoU 0.85: nan
2025-07-26 10:30:40,301 - DEBUG - Collected collision time for BConcave+EConcave+3900_flipped at IoU 0.9: nan
2025-07-26 10:30:40,301 - DEBUG - Collected collision time for BConcave+EConcave+3900_flipped at IoU 0.95: nan
2025-07-26 10:30:40,301 - DEBUG - Collected collision time for BConcave+EConcave+4100 at IoU 0.05: 4300.0
2025-07-26 10:30:40,301 - DEBUG - Collected collision time for BConcave+EConcave+4100 at IoU 0.1: 4416.666666666667
2025-07-26 10:30:40,302 - DEBUG - Collected collision time for BConcave+EConcave+4100 at IoU 0.15: 4566.666666666666
2025-07-26 10:30:40,302 - DEBUG - Collected collision time for BConcave+EConcave+4100 at IoU 0.2: nan
2025-07-26 10:30:40,302 - DEBUG - Collected collision time for BConcave+EConcave+4100 at IoU 0.25: nan
2025-07-26 10:30:40,302 - DEBUG - Collected collision time for BConcave+EConcave+4100 at IoU 0.3: nan
2025-07-26 10:30:40,302 - DEBUG - Collected collision time for BConcave+EConcave+4100 at IoU 0.35: nan
2025-07-26 10:30:40,302 - DEBUG - Collected collision time for BConcave+EConcave+4100 at IoU 0.4: nan
2025-07-26 10:30:40,303 - DEBUG - Collected collision time for BConcave+EConcave+4100 at IoU 0.45: nan
2025-07-26 10:30:40,303 - DEBUG - Collected collision time for BConcave+EConcave+4100 at IoU 0.5: nan
2025-07-26 10:30:40,303 - DEBUG - Collected collision time for BConcave+EConcave+4100 at IoU 0.55: nan
2025-07-26 10:30:40,303 - DEBUG - Collected collision time for BConcave+EConcave+4100 at IoU 0.6: nan
2025-07-26 10:30:40,303 - DEBUG - Collected collision time for BConcave+EConcave+4100 at IoU 0.65: nan
2025-07-26 10:30:40,303 - DEBUG - Collected collision time for BConcave+EConcave+4100 at IoU 0.7: nan
2025-07-26 10:30:40,304 - DEBUG - Collected collision time for BConcave+EConcave+4100 at IoU 0.75: nan
2025-07-26 10:30:40,304 - DEBUG - Collected collision time for BConcave+EConcave+4100 at IoU 0.8: nan
2025-07-26 10:30:40,304 - DEBUG - Collected collision time for BConcave+EConcave+4100 at IoU 0.85: nan
2025-07-26 10:30:40,304 - DEBUG - Collected collision time for BConcave+EConcave+4100 at IoU 0.9: nan
2025-07-26 10:30:40,304 - DEBUG - Collected collision time for BConcave+EConcave+4100 at IoU 0.95: nan
2025-07-26 10:30:40,304 - DEBUG - Collected collision time for BConcave+EConcave+4300_flipped at IoU 0.05: 4500.0
2025-07-26 10:30:40,305 - DEBUG - Collected collision time for BConcave+EConcave+4300_flipped at IoU 0.1: 4633.333333333334
2025-07-26 10:30:40,305 - DEBUG - Collected collision time for BConcave+EConcave+4300_flipped at IoU 0.15: nan
2025-07-26 10:30:40,305 - DEBUG - Collected collision time for BConcave+EConcave+4300_flipped at IoU 0.2: nan
2025-07-26 10:30:40,305 - DEBUG - Collected collision time for BConcave+EConcave+4300_flipped at IoU 0.25: nan
2025-07-26 10:30:40,305 - DEBUG - Collected collision time for BConcave+EConcave+4300_flipped at IoU 0.3: nan
2025-07-26 10:30:40,306 - DEBUG - Collected collision time for BConcave+EConcave+4300_flipped at IoU 0.35: nan
2025-07-26 10:30:40,306 - DEBUG - Collected collision time for BConcave+EConcave+4300_flipped at IoU 0.4: nan
2025-07-26 10:30:40,306 - DEBUG - Collected collision time for BConcave+EConcave+4300_flipped at IoU 0.45: nan
2025-07-26 10:30:40,306 - DEBUG - Collected collision time for BConcave+EConcave+4300_flipped at IoU 0.5: nan
2025-07-26 10:30:40,306 - DEBUG - Collected collision time for BConcave+EConcave+4300_flipped at IoU 0.55: nan
2025-07-26 10:30:40,306 - DEBUG - Collected collision time for BConcave+EConcave+4300_flipped at IoU 0.6: nan
2025-07-26 10:30:40,307 - DEBUG - Collected collision time for BConcave+EConcave+4300_flipped at IoU 0.65: nan
2025-07-26 10:30:40,307 - DEBUG - Collected collision time for BConcave+EConcave+4300_flipped at IoU 0.7: nan
2025-07-26 10:30:40,307 - DEBUG - Collected collision time for BConcave+EConcave+4300_flipped at IoU 0.75: nan
2025-07-26 10:30:40,307 - DEBUG - Collected collision time for BConcave+EConcave+4300_flipped at IoU 0.8: nan
2025-07-26 10:30:40,307 - DEBUG - Collected collision time for BConcave+EConcave+4300_flipped at IoU 0.85: nan
2025-07-26 10:30:40,307 - DEBUG - Collected collision time for BConcave+EConcave+4300_flipped at IoU 0.9: nan
2025-07-26 10:30:40,308 - DEBUG - Collected collision time for BConcave+EConcave+4300_flipped at IoU 0.95: nan
2025-07-26 10:30:40,308 - DEBUG - Collected collision time for BConcave+EConcave+4500 at IoU 0.05: 3966.666666666667
2025-07-26 10:30:40,308 - DEBUG - Collected collision time for BConcave+EConcave+4500 at IoU 0.1: 4150.0
2025-07-26 10:30:40,308 - DEBUG - Collected collision time for BConcave+EConcave+4500 at IoU 0.15: 4283.333333333333
2025-07-26 10:30:40,308 - DEBUG - Collected collision time for BConcave+EConcave+4500 at IoU 0.2: 4416.666666666667
2025-07-26 10:30:40,309 - DEBUG - Collected collision time for BConcave+EConcave+4500 at IoU 0.25: 4533.333333333333
2025-07-26 10:30:40,309 - DEBUG - Collected collision time for BConcave+EConcave+4500 at IoU 0.3: 4650.0
2025-07-26 10:30:40,309 - DEBUG - Collected collision time for BConcave+EConcave+4500 at IoU 0.35: 4750.0
2025-07-26 10:30:40,309 - DEBUG - Collected collision time for BConcave+EConcave+4500 at IoU 0.4: nan
2025-07-26 10:30:40,309 - DEBUG - Collected collision time for BConcave+EConcave+4500 at IoU 0.45: nan
2025-07-26 10:30:40,309 - DEBUG - Collected collision time for BConcave+EConcave+4500 at IoU 0.5: nan
2025-07-26 10:30:40,310 - DEBUG - Collected collision time for BConcave+EConcave+4500 at IoU 0.55: nan
2025-07-26 10:30:40,310 - DEBUG - Collected collision time for BConcave+EConcave+4500 at IoU 0.6: nan
2025-07-26 10:30:40,310 - DEBUG - Collected collision time for BConcave+EConcave+4500 at IoU 0.65: nan
2025-07-26 10:30:40,310 - DEBUG - Collected collision time for BConcave+EConcave+4500 at IoU 0.7: nan
2025-07-26 10:30:40,310 - DEBUG - Collected collision time for BConcave+EConcave+4500 at IoU 0.75: nan
2025-07-26 10:30:40,310 - DEBUG - Collected collision time for BConcave+EConcave+4500 at IoU 0.8: nan
2025-07-26 10:30:40,311 - DEBUG - Collected collision time for BConcave+EConcave+4500 at IoU 0.85: nan
2025-07-26 10:30:40,311 - DEBUG - Collected collision time for BConcave+EConcave+4500 at IoU 0.9: nan
2025-07-26 10:30:40,311 - DEBUG - Collected collision time for BConcave+EConcave+4500 at IoU 0.95: nan
2025-07-26 10:30:40,311 - DEBUG - Collected collision time for BConcave+EConvex+3500 at IoU 0.05: 3733.3333333333335
2025-07-26 10:30:40,311 - DEBUG - Collected collision time for BConcave+EConvex+3500 at IoU 0.1: 3850.0
2025-07-26 10:30:40,311 - DEBUG - Collected collision time for BConcave+EConvex+3500 at IoU 0.15: 3950.0
2025-07-26 10:30:40,312 - DEBUG - Collected collision time for BConcave+EConvex+3500 at IoU 0.2: 4066.6666666666665
2025-07-26 10:30:40,312 - DEBUG - Collected collision time for BConcave+EConvex+3500 at IoU 0.25: 4233.333333333333
2025-07-26 10:30:40,312 - DEBUG - Collected collision time for BConcave+EConvex+3500 at IoU 0.3: nan
2025-07-26 10:30:40,312 - DEBUG - Collected collision time for BConcave+EConvex+3500 at IoU 0.35: nan
2025-07-26 10:30:40,312 - DEBUG - Collected collision time for BConcave+EConvex+3500 at IoU 0.4: nan
2025-07-26 10:30:40,313 - DEBUG - Collected collision time for BConcave+EConvex+3500 at IoU 0.45: nan
2025-07-26 10:30:40,313 - DEBUG - Collected collision time for BConcave+EConvex+3500 at IoU 0.5: nan
2025-07-26 10:30:40,313 - DEBUG - Collected collision time for BConcave+EConvex+3500 at IoU 0.55: nan
2025-07-26 10:30:40,313 - DEBUG - Collected collision time for BConcave+EConvex+3500 at IoU 0.6: nan
2025-07-26 10:30:40,313 - DEBUG - Collected collision time for BConcave+EConvex+3500 at IoU 0.65: nan
2025-07-26 10:30:40,313 - DEBUG - Collected collision time for BConcave+EConvex+3500 at IoU 0.7: nan
2025-07-26 10:30:40,314 - DEBUG - Collected collision time for BConcave+EConvex+3500 at IoU 0.75: nan
2025-07-26 10:30:40,314 - DEBUG - Collected collision time for BConcave+EConvex+3500 at IoU 0.8: nan
2025-07-26 10:30:40,314 - DEBUG - Collected collision time for BConcave+EConvex+3500 at IoU 0.85: nan
2025-07-26 10:30:40,314 - DEBUG - Collected collision time for BConcave+EConvex+3500 at IoU 0.9: nan
2025-07-26 10:30:40,314 - DEBUG - Collected collision time for BConcave+EConvex+3500 at IoU 0.95: nan
2025-07-26 10:30:40,314 - DEBUG - Collected collision time for BConcave+EConvex+3700_flipped at IoU 0.05: 3966.666666666667
2025-07-26 10:30:40,315 - DEBUG - Collected collision time for BConcave+EConvex+3700_flipped at IoU 0.1: 4066.6666666666665
2025-07-26 10:30:40,315 - DEBUG - Collected collision time for BConcave+EConvex+3700_flipped at IoU 0.15: 4150.0
2025-07-26 10:30:40,315 - DEBUG - Collected collision time for BConcave+EConvex+3700_flipped at IoU 0.2: 4266.666666666667
2025-07-26 10:30:40,315 - DEBUG - Collected collision time for BConcave+EConvex+3700_flipped at IoU 0.25: 4383.333333333334
2025-07-26 10:30:40,315 - DEBUG - Collected collision time for BConcave+EConvex+3700_flipped at IoU 0.3: nan
2025-07-26 10:30:40,315 - DEBUG - Collected collision time for BConcave+EConvex+3700_flipped at IoU 0.35: nan
2025-07-26 10:30:40,316 - DEBUG - Collected collision time for BConcave+EConvex+3700_flipped at IoU 0.4: nan
2025-07-26 10:30:40,316 - DEBUG - Collected collision time for BConcave+EConvex+3700_flipped at IoU 0.45: nan
2025-07-26 10:30:40,316 - DEBUG - Collected collision time for BConcave+EConvex+3700_flipped at IoU 0.5: nan
2025-07-26 10:30:40,316 - DEBUG - Collected collision time for BConcave+EConvex+3700_flipped at IoU 0.55: nan
2025-07-26 10:30:40,316 - DEBUG - Collected collision time for BConcave+EConvex+3700_flipped at IoU 0.6: nan
2025-07-26 10:30:40,317 - DEBUG - Collected collision time for BConcave+EConvex+3700_flipped at IoU 0.65: nan
2025-07-26 10:30:40,317 - DEBUG - Collected collision time for BConcave+EConvex+3700_flipped at IoU 0.7: nan
2025-07-26 10:30:40,317 - DEBUG - Collected collision time for BConcave+EConvex+3700_flipped at IoU 0.75: nan
2025-07-26 10:30:40,317 - DEBUG - Collected collision time for BConcave+EConvex+3700_flipped at IoU 0.8: nan
2025-07-26 10:30:40,317 - DEBUG - Collected collision time for BConcave+EConvex+3700_flipped at IoU 0.85: nan
2025-07-26 10:30:40,317 - DEBUG - Collected collision time for BConcave+EConvex+3700_flipped at IoU 0.9: nan
2025-07-26 10:30:40,318 - DEBUG - Collected collision time for BConcave+EConvex+3700_flipped at IoU 0.95: nan
2025-07-26 10:30:40,318 - DEBUG - Collected collision time for BConcave+EConvex+3900 at IoU 0.05: 4150.0
2025-07-26 10:30:40,318 - DEBUG - Collected collision time for BConcave+EConvex+3900 at IoU 0.1: 4250.0
2025-07-26 10:30:40,318 - DEBUG - Collected collision time for BConcave+EConvex+3900 at IoU 0.15: 4366.666666666666
2025-07-26 10:30:40,318 - DEBUG - Collected collision time for BConcave+EConvex+3900 at IoU 0.2: 4466.666666666667
2025-07-26 10:30:40,318 - DEBUG - Collected collision time for BConcave+EConvex+3900 at IoU 0.25: 4633.333333333334
2025-07-26 10:30:40,319 - DEBUG - Collected collision time for BConcave+EConvex+3900 at IoU 0.3: nan
2025-07-26 10:30:40,319 - DEBUG - Collected collision time for BConcave+EConvex+3900 at IoU 0.35: nan
2025-07-26 10:30:40,319 - DEBUG - Collected collision time for BConcave+EConvex+3900 at IoU 0.4: nan
2025-07-26 10:30:40,319 - DEBUG - Collected collision time for BConcave+EConvex+3900 at IoU 0.45: nan
2025-07-26 10:30:40,319 - DEBUG - Collected collision time for BConcave+EConvex+3900 at IoU 0.5: nan
2025-07-26 10:30:40,319 - DEBUG - Collected collision time for BConcave+EConvex+3900 at IoU 0.55: nan
2025-07-26 10:30:40,320 - DEBUG - Collected collision time for BConcave+EConvex+3900 at IoU 0.6: nan
2025-07-26 10:30:40,320 - DEBUG - Collected collision time for BConcave+EConvex+3900 at IoU 0.65: nan
2025-07-26 10:30:40,320 - DEBUG - Collected collision time for BConcave+EConvex+3900 at IoU 0.7: nan
2025-07-26 10:30:40,320 - DEBUG - Collected collision time for BConcave+EConvex+3900 at IoU 0.75: nan
2025-07-26 10:30:40,320 - DEBUG - Collected collision time for BConcave+EConvex+3900 at IoU 0.8: nan
2025-07-26 10:30:40,321 - DEBUG - Collected collision time for BConcave+EConvex+3900 at IoU 0.85: nan
2025-07-26 10:30:40,321 - DEBUG - Collected collision time for BConcave+EConvex+3900 at IoU 0.9: nan
2025-07-26 10:30:40,321 - DEBUG - Collected collision time for BConcave+EConvex+3900 at IoU 0.95: nan
2025-07-26 10:30:40,321 - DEBUG - Collected collision time for BConcave+EConvex+4100_flipped at IoU 0.05: 4350.0
2025-07-26 10:30:40,321 - DEBUG - Collected collision time for BConcave+EConvex+4100_flipped at IoU 0.1: 4466.666666666667
2025-07-26 10:30:40,321 - DEBUG - Collected collision time for BConcave+EConvex+4100_flipped at IoU 0.15: 4566.666666666666
2025-07-26 10:30:40,322 - DEBUG - Collected collision time for BConcave+EConvex+4100_flipped at IoU 0.2: 4650.0
2025-07-26 10:30:40,322 - DEBUG - Collected collision time for BConcave+EConvex+4100_flipped at IoU 0.25: 4766.666666666667
2025-07-26 10:30:40,322 - DEBUG - Collected collision time for BConcave+EConvex+4100_flipped at IoU 0.3: 4866.666666666666
2025-07-26 10:30:40,322 - DEBUG - Collected collision time for BConcave+EConvex+4100_flipped at IoU 0.35: nan
2025-07-26 10:30:40,322 - DEBUG - Collected collision time for BConcave+EConvex+4100_flipped at IoU 0.4: nan
2025-07-26 10:30:40,322 - DEBUG - Collected collision time for BConcave+EConvex+4100_flipped at IoU 0.45: nan
2025-07-26 10:30:40,323 - DEBUG - Collected collision time for BConcave+EConvex+4100_flipped at IoU 0.5: nan
2025-07-26 10:30:40,323 - DEBUG - Collected collision time for BConcave+EConvex+4100_flipped at IoU 0.55: nan
2025-07-26 10:30:40,323 - DEBUG - Collected collision time for BConcave+EConvex+4100_flipped at IoU 0.6: nan
2025-07-26 10:30:40,323 - DEBUG - Collected collision time for BConcave+EConvex+4100_flipped at IoU 0.65: nan
2025-07-26 10:30:40,323 - DEBUG - Collected collision time for BConcave+EConvex+4100_flipped at IoU 0.7: nan
2025-07-26 10:30:40,324 - DEBUG - Collected collision time for BConcave+EConvex+4100_flipped at IoU 0.75: nan
2025-07-26 10:30:40,324 - DEBUG - Collected collision time for BConcave+EConvex+4100_flipped at IoU 0.8: nan
2025-07-26 10:30:40,324 - DEBUG - Collected collision time for BConcave+EConvex+4100_flipped at IoU 0.85: nan
2025-07-26 10:30:40,324 - DEBUG - Collected collision time for BConcave+EConvex+4100_flipped at IoU 0.9: nan
2025-07-26 10:30:40,324 - DEBUG - Collected collision time for BConcave+EConvex+4100_flipped at IoU 0.95: nan
2025-07-26 10:30:40,324 - DEBUG - Collected collision time for BConcave+EConvex+4300 at IoU 0.05: 4550.0
2025-07-26 10:30:40,325 - DEBUG - Collected collision time for BConcave+EConvex+4300 at IoU 0.1: 4683.333333333334
2025-07-26 10:30:40,325 - DEBUG - Collected collision time for BConcave+EConvex+4300 at IoU 0.15: 4733.333333333333
2025-07-26 10:30:40,325 - DEBUG - Collected collision time for BConcave+EConvex+4300 at IoU 0.2: 4800.0
2025-07-26 10:30:40,325 - DEBUG - Collected collision time for BConcave+EConvex+4300 at IoU 0.25: 4916.666666666667
2025-07-26 10:30:40,325 - DEBUG - Collected collision time for BConcave+EConvex+4300 at IoU 0.3: nan
2025-07-26 10:30:40,325 - DEBUG - Collected collision time for BConcave+EConvex+4300 at IoU 0.35: nan
2025-07-26 10:30:40,326 - DEBUG - Collected collision time for BConcave+EConvex+4300 at IoU 0.4: nan
2025-07-26 10:30:40,326 - DEBUG - Collected collision time for BConcave+EConvex+4300 at IoU 0.45: nan
2025-07-26 10:30:40,326 - DEBUG - Collected collision time for BConcave+EConvex+4300 at IoU 0.5: nan
2025-07-26 10:30:40,326 - DEBUG - Collected collision time for BConcave+EConvex+4300 at IoU 0.55: nan
2025-07-26 10:30:40,326 - DEBUG - Collected collision time for BConcave+EConvex+4300 at IoU 0.6: nan
2025-07-26 10:30:40,327 - DEBUG - Collected collision time for BConcave+EConvex+4300 at IoU 0.65: nan
2025-07-26 10:30:40,327 - DEBUG - Collected collision time for BConcave+EConvex+4300 at IoU 0.7: nan
2025-07-26 10:30:40,327 - DEBUG - Collected collision time for BConcave+EConvex+4300 at IoU 0.75: nan
2025-07-26 10:30:40,327 - DEBUG - Collected collision time for BConcave+EConvex+4300 at IoU 0.8: nan
2025-07-26 10:30:40,327 - DEBUG - Collected collision time for BConcave+EConvex+4300 at IoU 0.85: nan
2025-07-26 10:30:40,327 - DEBUG - Collected collision time for BConcave+EConvex+4300 at IoU 0.9: nan
2025-07-26 10:30:40,328 - DEBUG - Collected collision time for BConcave+EConvex+4300 at IoU 0.95: nan
2025-07-26 10:30:40,328 - DEBUG - Collected collision time for BConcave+EConvex+4500_flipped at IoU 0.05: 4733.333333333333
2025-07-26 10:30:40,328 - DEBUG - Collected collision time for BConcave+EConvex+4500_flipped at IoU 0.1: 4833.333333333333
2025-07-26 10:30:40,328 - DEBUG - Collected collision time for BConcave+EConvex+4500_flipped at IoU 0.15: 4900.0
2025-07-26 10:30:40,328 - DEBUG - Collected collision time for BConcave+EConvex+4500_flipped at IoU 0.2: 5000.0
2025-07-26 10:30:40,328 - DEBUG - Collected collision time for BConcave+EConvex+4500_flipped at IoU 0.25: 5050.0
2025-07-26 10:30:40,329 - DEBUG - Collected collision time for BConcave+EConvex+4500_flipped at IoU 0.3: 5216.666666666667
2025-07-26 10:30:40,329 - DEBUG - Collected collision time for BConcave+EConvex+4500_flipped at IoU 0.35: nan
2025-07-26 10:30:40,329 - DEBUG - Collected collision time for BConcave+EConvex+4500_flipped at IoU 0.4: nan
2025-07-26 10:30:40,329 - DEBUG - Collected collision time for BConcave+EConvex+4500_flipped at IoU 0.45: nan
2025-07-26 10:30:40,329 - DEBUG - Collected collision time for BConcave+EConvex+4500_flipped at IoU 0.5: nan
2025-07-26 10:30:40,329 - DEBUG - Collected collision time for BConcave+EConvex+4500_flipped at IoU 0.55: nan
2025-07-26 10:30:40,330 - DEBUG - Collected collision time for BConcave+EConvex+4500_flipped at IoU 0.6: nan
2025-07-26 10:30:40,330 - DEBUG - Collected collision time for BConcave+EConvex+4500_flipped at IoU 0.65: nan
2025-07-26 10:30:40,330 - DEBUG - Collected collision time for BConcave+EConvex+4500_flipped at IoU 0.7: nan
2025-07-26 10:30:40,330 - DEBUG - Collected collision time for BConcave+EConvex+4500_flipped at IoU 0.75: nan
2025-07-26 10:30:40,330 - DEBUG - Collected collision time for BConcave+EConvex+4500_flipped at IoU 0.8: nan
2025-07-26 10:30:40,331 - DEBUG - Collected collision time for BConcave+EConvex+4500_flipped at IoU 0.85: nan
2025-07-26 10:30:40,331 - DEBUG - Collected collision time for BConcave+EConvex+4500_flipped at IoU 0.9: nan
2025-07-26 10:30:40,331 - DEBUG - Collected collision time for BConcave+EConvex+4500_flipped at IoU 0.95: nan
2025-07-26 10:30:40,331 - DEBUG - Collected collision time for BConcave+FConcave+3500_flipped at IoU 0.05: 4116.666666666666
2025-07-26 10:30:40,331 - DEBUG - Collected collision time for BConcave+FConcave+3500_flipped at IoU 0.1: 4333.333333333333
2025-07-26 10:30:40,331 - DEBUG - Collected collision time for BConcave+FConcave+3500_flipped at IoU 0.15: nan
2025-07-26 10:30:40,332 - DEBUG - Collected collision time for BConcave+FConcave+3500_flipped at IoU 0.2: nan
2025-07-26 10:30:40,332 - DEBUG - Collected collision time for BConcave+FConcave+3500_flipped at IoU 0.25: nan
2025-07-26 10:30:40,332 - DEBUG - Collected collision time for BConcave+FConcave+3500_flipped at IoU 0.3: nan
2025-07-26 10:30:40,332 - DEBUG - Collected collision time for BConcave+FConcave+3500_flipped at IoU 0.35: nan
2025-07-26 10:30:40,332 - DEBUG - Collected collision time for BConcave+FConcave+3500_flipped at IoU 0.4: nan
2025-07-26 10:30:40,333 - DEBUG - Collected collision time for BConcave+FConcave+3500_flipped at IoU 0.45: nan
2025-07-26 10:30:40,333 - DEBUG - Collected collision time for BConcave+FConcave+3500_flipped at IoU 0.5: nan
2025-07-26 10:30:40,333 - DEBUG - Collected collision time for BConcave+FConcave+3500_flipped at IoU 0.55: nan
2025-07-26 10:30:40,333 - DEBUG - Collected collision time for BConcave+FConcave+3500_flipped at IoU 0.6: nan
2025-07-26 10:30:40,333 - DEBUG - Collected collision time for BConcave+FConcave+3500_flipped at IoU 0.65: nan
2025-07-26 10:30:40,333 - DEBUG - Collected collision time for BConcave+FConcave+3500_flipped at IoU 0.7: nan
2025-07-26 10:30:40,334 - DEBUG - Collected collision time for BConcave+FConcave+3500_flipped at IoU 0.75: nan
2025-07-26 10:30:40,334 - DEBUG - Collected collision time for BConcave+FConcave+3500_flipped at IoU 0.8: nan
2025-07-26 10:30:40,334 - DEBUG - Collected collision time for BConcave+FConcave+3500_flipped at IoU 0.85: nan
2025-07-26 10:30:40,334 - DEBUG - Collected collision time for BConcave+FConcave+3500_flipped at IoU 0.9: nan
2025-07-26 10:30:40,334 - DEBUG - Collected collision time for BConcave+FConcave+3500_flipped at IoU 0.95: nan
2025-07-26 10:30:40,334 - DEBUG - Collected collision time for BConcave+FConcave+3700 at IoU 0.05: 3766.6666666666665
2025-07-26 10:30:40,335 - DEBUG - Collected collision time for BConcave+FConcave+3700 at IoU 0.1: 4316.666666666666
2025-07-26 10:30:40,335 - DEBUG - Collected collision time for BConcave+FConcave+3700 at IoU 0.15: nan
2025-07-26 10:30:40,335 - DEBUG - Collected collision time for BConcave+FConcave+3700 at IoU 0.2: nan
2025-07-26 10:30:40,335 - DEBUG - Collected collision time for BConcave+FConcave+3700 at IoU 0.25: nan
2025-07-26 10:30:40,335 - DEBUG - Collected collision time for BConcave+FConcave+3700 at IoU 0.3: nan
2025-07-26 10:30:40,336 - DEBUG - Collected collision time for BConcave+FConcave+3700 at IoU 0.35: nan
2025-07-26 10:30:40,336 - DEBUG - Collected collision time for BConcave+FConcave+3700 at IoU 0.4: nan
2025-07-26 10:30:40,336 - DEBUG - Collected collision time for BConcave+FConcave+3700 at IoU 0.45: nan
2025-07-26 10:30:40,336 - DEBUG - Collected collision time for BConcave+FConcave+3700 at IoU 0.5: nan
2025-07-26 10:30:40,336 - DEBUG - Collected collision time for BConcave+FConcave+3700 at IoU 0.55: nan
2025-07-26 10:30:40,336 - DEBUG - Collected collision time for BConcave+FConcave+3700 at IoU 0.6: nan
2025-07-26 10:30:40,337 - DEBUG - Collected collision time for BConcave+FConcave+3700 at IoU 0.65: nan
2025-07-26 10:30:40,337 - DEBUG - Collected collision time for BConcave+FConcave+3700 at IoU 0.7: nan
2025-07-26 10:30:40,337 - DEBUG - Collected collision time for BConcave+FConcave+3700 at IoU 0.75: nan
2025-07-26 10:30:40,337 - DEBUG - Collected collision time for BConcave+FConcave+3700 at IoU 0.8: nan
2025-07-26 10:30:40,337 - DEBUG - Collected collision time for BConcave+FConcave+3700 at IoU 0.85: nan
2025-07-26 10:30:40,337 - DEBUG - Collected collision time for BConcave+FConcave+3700 at IoU 0.9: nan
2025-07-26 10:30:40,338 - DEBUG - Collected collision time for BConcave+FConcave+3700 at IoU 0.95: nan
2025-07-26 10:30:40,338 - DEBUG - Collected collision time for BConcave+FConcave+3900_flipped at IoU 0.05: 4033.333333333333
2025-07-26 10:30:40,338 - DEBUG - Collected collision time for BConcave+FConcave+3900_flipped at IoU 0.1: 4350.0
2025-07-26 10:30:40,338 - DEBUG - Collected collision time for BConcave+FConcave+3900_flipped at IoU 0.15: 5000.0
2025-07-26 10:30:40,338 - DEBUG - Collected collision time for BConcave+FConcave+3900_flipped at IoU 0.2: 5383.333333333334
2025-07-26 10:30:40,339 - DEBUG - Collected collision time for BConcave+FConcave+3900_flipped at IoU 0.25: nan
2025-07-26 10:30:40,339 - DEBUG - Collected collision time for BConcave+FConcave+3900_flipped at IoU 0.3: nan
2025-07-26 10:30:40,339 - DEBUG - Collected collision time for BConcave+FConcave+3900_flipped at IoU 0.35: nan
2025-07-26 10:30:40,339 - DEBUG - Collected collision time for BConcave+FConcave+3900_flipped at IoU 0.4: nan
2025-07-26 10:30:40,339 - DEBUG - Collected collision time for BConcave+FConcave+3900_flipped at IoU 0.45: nan
2025-07-26 10:30:40,339 - DEBUG - Collected collision time for BConcave+FConcave+3900_flipped at IoU 0.5: nan
2025-07-26 10:30:40,340 - DEBUG - Collected collision time for BConcave+FConcave+3900_flipped at IoU 0.55: nan
2025-07-26 10:30:40,340 - DEBUG - Collected collision time for BConcave+FConcave+3900_flipped at IoU 0.6: nan
2025-07-26 10:30:40,340 - DEBUG - Collected collision time for BConcave+FConcave+3900_flipped at IoU 0.65: nan
2025-07-26 10:30:40,340 - DEBUG - Collected collision time for BConcave+FConcave+3900_flipped at IoU 0.7: nan
2025-07-26 10:30:40,340 - DEBUG - Collected collision time for BConcave+FConcave+3900_flipped at IoU 0.75: nan
2025-07-26 10:30:40,340 - DEBUG - Collected collision time for BConcave+FConcave+3900_flipped at IoU 0.8: nan
2025-07-26 10:30:40,341 - DEBUG - Collected collision time for BConcave+FConcave+3900_flipped at IoU 0.85: nan
2025-07-26 10:30:40,341 - DEBUG - Collected collision time for BConcave+FConcave+3900_flipped at IoU 0.9: nan
2025-07-26 10:30:40,341 - DEBUG - Collected collision time for BConcave+FConcave+3900_flipped at IoU 0.95: nan
2025-07-26 10:30:40,341 - DEBUG - Collected collision time for BConcave+FConcave+4100 at IoU 0.05: 4016.6666666666665
2025-07-26 10:30:40,341 - DEBUG - Collected collision time for BConcave+FConcave+4100 at IoU 0.1: 4200.0
2025-07-26 10:30:40,342 - DEBUG - Collected collision time for BConcave+FConcave+4100 at IoU 0.15: nan
2025-07-26 10:30:40,342 - DEBUG - Collected collision time for BConcave+FConcave+4100 at IoU 0.2: nan
2025-07-26 10:30:40,342 - DEBUG - Collected collision time for BConcave+FConcave+4100 at IoU 0.25: nan
2025-07-26 10:30:40,342 - DEBUG - Collected collision time for BConcave+FConcave+4100 at IoU 0.3: nan
2025-07-26 10:30:40,342 - DEBUG - Collected collision time for BConcave+FConcave+4100 at IoU 0.35: nan
2025-07-26 10:30:40,342 - DEBUG - Collected collision time for BConcave+FConcave+4100 at IoU 0.4: nan
2025-07-26 10:30:40,343 - DEBUG - Collected collision time for BConcave+FConcave+4100 at IoU 0.45: nan
2025-07-26 10:30:40,343 - DEBUG - Collected collision time for BConcave+FConcave+4100 at IoU 0.5: nan
2025-07-26 10:30:40,343 - DEBUG - Collected collision time for BConcave+FConcave+4100 at IoU 0.55: nan
2025-07-26 10:30:40,343 - DEBUG - Collected collision time for BConcave+FConcave+4100 at IoU 0.6: nan
2025-07-26 10:30:40,343 - DEBUG - Collected collision time for BConcave+FConcave+4100 at IoU 0.65: nan
2025-07-26 10:30:40,344 - DEBUG - Collected collision time for BConcave+FConcave+4100 at IoU 0.7: nan
2025-07-26 10:30:40,344 - DEBUG - Collected collision time for BConcave+FConcave+4100 at IoU 0.75: nan
2025-07-26 10:30:40,344 - DEBUG - Collected collision time for BConcave+FConcave+4100 at IoU 0.8: nan
2025-07-26 10:30:40,344 - DEBUG - Collected collision time for BConcave+FConcave+4100 at IoU 0.85: nan
2025-07-26 10:30:40,344 - DEBUG - Collected collision time for BConcave+FConcave+4100 at IoU 0.9: nan
2025-07-26 10:30:40,344 - DEBUG - Collected collision time for BConcave+FConcave+4100 at IoU 0.95: nan
2025-07-26 10:30:40,345 - DEBUG - Collected collision time for BConcave+FConcave+4300_flipped at IoU 0.05: 4283.333333333333
2025-07-26 10:30:40,345 - DEBUG - Collected collision time for BConcave+FConcave+4300_flipped at IoU 0.1: nan
2025-07-26 10:30:40,345 - DEBUG - Collected collision time for BConcave+FConcave+4300_flipped at IoU 0.15: nan
2025-07-26 10:30:40,345 - DEBUG - Collected collision time for BConcave+FConcave+4300_flipped at IoU 0.2: nan
2025-07-26 10:30:40,345 - DEBUG - Collected collision time for BConcave+FConcave+4300_flipped at IoU 0.25: nan
2025-07-26 10:30:40,346 - DEBUG - Collected collision time for BConcave+FConcave+4300_flipped at IoU 0.3: nan
2025-07-26 10:30:40,346 - DEBUG - Collected collision time for BConcave+FConcave+4300_flipped at IoU 0.35: nan
2025-07-26 10:30:40,346 - DEBUG - Collected collision time for BConcave+FConcave+4300_flipped at IoU 0.4: nan
2025-07-26 10:30:40,346 - DEBUG - Collected collision time for BConcave+FConcave+4300_flipped at IoU 0.45: nan
2025-07-26 10:30:40,346 - DEBUG - Collected collision time for BConcave+FConcave+4300_flipped at IoU 0.5: nan
2025-07-26 10:30:40,347 - DEBUG - Collected collision time for BConcave+FConcave+4300_flipped at IoU 0.55: nan
2025-07-26 10:30:40,347 - DEBUG - Collected collision time for BConcave+FConcave+4300_flipped at IoU 0.6: nan
2025-07-26 10:30:40,347 - DEBUG - Collected collision time for BConcave+FConcave+4300_flipped at IoU 0.65: nan
2025-07-26 10:30:40,347 - DEBUG - Collected collision time for BConcave+FConcave+4300_flipped at IoU 0.7: nan
2025-07-26 10:30:40,347 - DEBUG - Collected collision time for BConcave+FConcave+4300_flipped at IoU 0.75: nan
2025-07-26 10:30:40,347 - DEBUG - Collected collision time for BConcave+FConcave+4300_flipped at IoU 0.8: nan
2025-07-26 10:30:40,348 - DEBUG - Collected collision time for BConcave+FConcave+4300_flipped at IoU 0.85: nan
2025-07-26 10:30:40,348 - DEBUG - Collected collision time for BConcave+FConcave+4300_flipped at IoU 0.9: nan
2025-07-26 10:30:40,348 - DEBUG - Collected collision time for BConcave+FConcave+4300_flipped at IoU 0.95: nan
2025-07-26 10:30:40,348 - DEBUG - Collected collision time for BConcave+FConcave+4500 at IoU 0.05: 4500.0
2025-07-26 10:30:40,348 - DEBUG - Collected collision time for BConcave+FConcave+4500 at IoU 0.1: 4866.666666666666
2025-07-26 10:30:40,348 - DEBUG - Collected collision time for BConcave+FConcave+4500 at IoU 0.15: 5183.333333333334
2025-07-26 10:30:40,349 - DEBUG - Collected collision time for BConcave+FConcave+4500 at IoU 0.2: nan
2025-07-26 10:30:40,349 - DEBUG - Collected collision time for BConcave+FConcave+4500 at IoU 0.25: nan
2025-07-26 10:30:40,349 - DEBUG - Collected collision time for BConcave+FConcave+4500 at IoU 0.3: nan
2025-07-26 10:30:40,349 - DEBUG - Collected collision time for BConcave+FConcave+4500 at IoU 0.35: nan
2025-07-26 10:30:40,349 - DEBUG - Collected collision time for BConcave+FConcave+4500 at IoU 0.4: nan
2025-07-26 10:30:40,350 - DEBUG - Collected collision time for BConcave+FConcave+4500 at IoU 0.45: nan
2025-07-26 10:30:40,350 - DEBUG - Collected collision time for BConcave+FConcave+4500 at IoU 0.5: nan
2025-07-26 10:30:40,350 - DEBUG - Collected collision time for BConcave+FConcave+4500 at IoU 0.55: nan
2025-07-26 10:30:40,350 - DEBUG - Collected collision time for BConcave+FConcave+4500 at IoU 0.6: nan
2025-07-26 10:30:40,350 - DEBUG - Collected collision time for BConcave+FConcave+4500 at IoU 0.65: nan
2025-07-26 10:30:40,350 - DEBUG - Collected collision time for BConcave+FConcave+4500 at IoU 0.7: nan
2025-07-26 10:30:40,351 - DEBUG - Collected collision time for BConcave+FConcave+4500 at IoU 0.75: nan
2025-07-26 10:30:40,351 - DEBUG - Collected collision time for BConcave+FConcave+4500 at IoU 0.8: nan
2025-07-26 10:30:40,351 - DEBUG - Collected collision time for BConcave+FConcave+4500 at IoU 0.85: nan
2025-07-26 10:30:40,351 - DEBUG - Collected collision time for BConcave+FConcave+4500 at IoU 0.9: nan
2025-07-26 10:30:40,351 - DEBUG - Collected collision time for BConcave+FConcave+4500 at IoU 0.95: nan
2025-07-26 10:30:40,352 - DEBUG - Collected collision time for BConcave+FConvex+3500 at IoU 0.05: 3900.0
2025-07-26 10:30:40,352 - DEBUG - Collected collision time for BConcave+FConvex+3500 at IoU 0.1: 4050.0
2025-07-26 10:30:40,352 - DEBUG - Collected collision time for BConcave+FConvex+3500 at IoU 0.15: 4133.333333333334
2025-07-26 10:30:40,352 - DEBUG - Collected collision time for BConcave+FConvex+3500 at IoU 0.2: 4216.666666666667
2025-07-26 10:30:40,352 - DEBUG - Collected collision time for BConcave+FConvex+3500 at IoU 0.25: 4283.333333333333
2025-07-26 10:30:40,352 - DEBUG - Collected collision time for BConcave+FConvex+3500 at IoU 0.3: 4350.0
2025-07-26 10:30:40,353 - DEBUG - Collected collision time for BConcave+FConvex+3500 at IoU 0.35: 4433.333333333334
2025-07-26 10:30:40,353 - DEBUG - Collected collision time for BConcave+FConvex+3500 at IoU 0.4: 4500.0
2025-07-26 10:30:40,353 - DEBUG - Collected collision time for BConcave+FConvex+3500 at IoU 0.45: 4583.333333333333
2025-07-26 10:30:40,353 - DEBUG - Collected collision time for BConcave+FConvex+3500 at IoU 0.5: 4666.666666666667
2025-07-26 10:30:40,353 - DEBUG - Collected collision time for BConcave+FConvex+3500 at IoU 0.55: nan
2025-07-26 10:30:40,353 - DEBUG - Collected collision time for BConcave+FConvex+3500 at IoU 0.6: nan
2025-07-26 10:30:40,354 - DEBUG - Collected collision time for BConcave+FConvex+3500 at IoU 0.65: nan
2025-07-26 10:30:40,354 - DEBUG - Collected collision time for BConcave+FConvex+3500 at IoU 0.7: nan
2025-07-26 10:30:40,354 - DEBUG - Collected collision time for BConcave+FConvex+3500 at IoU 0.75: nan
2025-07-26 10:30:40,354 - DEBUG - Collected collision time for BConcave+FConvex+3500 at IoU 0.8: nan
2025-07-26 10:30:40,354 - DEBUG - Collected collision time for BConcave+FConvex+3500 at IoU 0.85: nan
2025-07-26 10:30:40,355 - DEBUG - Collected collision time for BConcave+FConvex+3500 at IoU 0.9: nan
2025-07-26 10:30:40,355 - DEBUG - Collected collision time for BConcave+FConvex+3500 at IoU 0.95: nan
2025-07-26 10:30:40,355 - DEBUG - Collected collision time for BConcave+FConvex+3700_flipped at IoU 0.05: 4066.6666666666665
2025-07-26 10:30:40,355 - DEBUG - Collected collision time for BConcave+FConvex+3700_flipped at IoU 0.1: 4250.0
2025-07-26 10:30:40,355 - DEBUG - Collected collision time for BConcave+FConvex+3700_flipped at IoU 0.15: 4366.666666666666
2025-07-26 10:30:40,355 - DEBUG - Collected collision time for BConcave+FConvex+3700_flipped at IoU 0.2: 4483.333333333333
2025-07-26 10:30:40,356 - DEBUG - Collected collision time for BConcave+FConvex+3700_flipped at IoU 0.25: 4633.333333333334
2025-07-26 10:30:40,356 - DEBUG - Collected collision time for BConcave+FConvex+3700_flipped at IoU 0.3: 4750.0
2025-07-26 10:30:40,356 - DEBUG - Collected collision time for BConcave+FConvex+3700_flipped at IoU 0.35: nan
2025-07-26 10:30:40,356 - DEBUG - Collected collision time for BConcave+FConvex+3700_flipped at IoU 0.4: nan
2025-07-26 10:30:40,356 - DEBUG - Collected collision time for BConcave+FConvex+3700_flipped at IoU 0.45: nan
2025-07-26 10:30:40,357 - DEBUG - Collected collision time for BConcave+FConvex+3700_flipped at IoU 0.5: nan
2025-07-26 10:30:40,357 - DEBUG - Collected collision time for BConcave+FConvex+3700_flipped at IoU 0.55: nan
2025-07-26 10:30:40,357 - DEBUG - Collected collision time for BConcave+FConvex+3700_flipped at IoU 0.6: nan
2025-07-26 10:30:40,357 - DEBUG - Collected collision time for BConcave+FConvex+3700_flipped at IoU 0.65: nan
2025-07-26 10:30:40,357 - DEBUG - Collected collision time for BConcave+FConvex+3700_flipped at IoU 0.7: nan
2025-07-26 10:30:40,357 - DEBUG - Collected collision time for BConcave+FConvex+3700_flipped at IoU 0.75: nan
2025-07-26 10:30:40,358 - DEBUG - Collected collision time for BConcave+FConvex+3700_flipped at IoU 0.8: nan
2025-07-26 10:30:40,358 - DEBUG - Collected collision time for BConcave+FConvex+3700_flipped at IoU 0.85: nan
2025-07-26 10:30:40,358 - DEBUG - Collected collision time for BConcave+FConvex+3700_flipped at IoU 0.9: nan
2025-07-26 10:30:40,358 - DEBUG - Collected collision time for BConcave+FConvex+3700_flipped at IoU 0.95: nan
2025-07-26 10:30:40,358 - DEBUG - Collected collision time for BConcave+FConvex+3900 at IoU 0.05: 4283.333333333333
2025-07-26 10:30:40,358 - DEBUG - Collected collision time for BConcave+FConvex+3900 at IoU 0.1: 4416.666666666667
2025-07-26 10:30:40,359 - DEBUG - Collected collision time for BConcave+FConvex+3900 at IoU 0.15: 4516.666666666667
2025-07-26 10:30:40,359 - DEBUG - Collected collision time for BConcave+FConvex+3900 at IoU 0.2: 4600.0
2025-07-26 10:30:40,359 - DEBUG - Collected collision time for BConcave+FConvex+3900 at IoU 0.25: 4683.333333333334
2025-07-26 10:30:40,359 - DEBUG - Collected collision time for BConcave+FConvex+3900 at IoU 0.3: 4750.0
2025-07-26 10:30:40,359 - DEBUG - Collected collision time for BConcave+FConvex+3900 at IoU 0.35: 4816.666666666666
2025-07-26 10:30:40,360 - DEBUG - Collected collision time for BConcave+FConvex+3900 at IoU 0.4: 4883.333333333334
2025-07-26 10:30:40,360 - DEBUG - Collected collision time for BConcave+FConvex+3900 at IoU 0.45: 4966.666666666667
2025-07-26 10:30:40,360 - DEBUG - Collected collision time for BConcave+FConvex+3900 at IoU 0.5: 5033.333333333333
2025-07-26 10:30:40,360 - DEBUG - Collected collision time for BConcave+FConvex+3900 at IoU 0.55: nan
2025-07-26 10:30:40,360 - DEBUG - Collected collision time for BConcave+FConvex+3900 at IoU 0.6: nan
2025-07-26 10:30:40,360 - DEBUG - Collected collision time for BConcave+FConvex+3900 at IoU 0.65: nan
2025-07-26 10:30:40,361 - DEBUG - Collected collision time for BConcave+FConvex+3900 at IoU 0.7: nan
2025-07-26 10:30:40,361 - DEBUG - Collected collision time for BConcave+FConvex+3900 at IoU 0.75: nan
2025-07-26 10:30:40,361 - DEBUG - Collected collision time for BConcave+FConvex+3900 at IoU 0.8: nan
2025-07-26 10:30:40,361 - DEBUG - Collected collision time for BConcave+FConvex+3900 at IoU 0.85: nan
2025-07-26 10:30:40,361 - DEBUG - Collected collision time for BConcave+FConvex+3900 at IoU 0.9: nan
2025-07-26 10:30:40,361 - DEBUG - Collected collision time for BConcave+FConvex+3900 at IoU 0.95: nan
2025-07-26 10:30:40,362 - DEBUG - Collected collision time for BConcave+FConvex+4100_flipped at IoU 0.05: 4383.333333333334
2025-07-26 10:30:40,362 - DEBUG - Collected collision time for BConcave+FConvex+4100_flipped at IoU 0.1: 4500.0
2025-07-26 10:30:40,362 - DEBUG - Collected collision time for BConcave+FConvex+4100_flipped at IoU 0.15: 4633.333333333334
2025-07-26 10:30:40,362 - DEBUG - Collected collision time for BConcave+FConvex+4100_flipped at IoU 0.2: 4700.0
2025-07-26 10:30:40,362 - DEBUG - Collected collision time for BConcave+FConvex+4100_flipped at IoU 0.25: 4850.0
2025-07-26 10:30:40,363 - DEBUG - Collected collision time for BConcave+FConvex+4100_flipped at IoU 0.3: 5000.0
2025-07-26 10:30:40,363 - DEBUG - Collected collision time for BConcave+FConvex+4100_flipped at IoU 0.35: 5166.666666666667
2025-07-26 10:30:40,363 - DEBUG - Collected collision time for BConcave+FConvex+4100_flipped at IoU 0.4: nan
2025-07-26 10:30:40,363 - DEBUG - Collected collision time for BConcave+FConvex+4100_flipped at IoU 0.45: nan
2025-07-26 10:30:40,363 - DEBUG - Collected collision time for BConcave+FConvex+4100_flipped at IoU 0.5: nan
2025-07-26 10:30:40,363 - DEBUG - Collected collision time for BConcave+FConvex+4100_flipped at IoU 0.55: nan
2025-07-26 10:30:40,364 - DEBUG - Collected collision time for BConcave+FConvex+4100_flipped at IoU 0.6: nan
2025-07-26 10:30:40,364 - DEBUG - Collected collision time for BConcave+FConvex+4100_flipped at IoU 0.65: nan
2025-07-26 10:30:40,364 - DEBUG - Collected collision time for BConcave+FConvex+4100_flipped at IoU 0.7: nan
2025-07-26 10:30:40,364 - DEBUG - Collected collision time for BConcave+FConvex+4100_flipped at IoU 0.75: nan
2025-07-26 10:30:40,364 - DEBUG - Collected collision time for BConcave+FConvex+4100_flipped at IoU 0.8: nan
2025-07-26 10:30:40,364 - DEBUG - Collected collision time for BConcave+FConvex+4100_flipped at IoU 0.85: nan
2025-07-26 10:30:40,365 - DEBUG - Collected collision time for BConcave+FConvex+4100_flipped at IoU 0.9: nan
2025-07-26 10:30:40,365 - DEBUG - Collected collision time for BConcave+FConvex+4100_flipped at IoU 0.95: nan
2025-07-26 10:30:40,365 - DEBUG - Collected collision time for BConcave+FConvex+4300 at IoU 0.05: 4750.0
2025-07-26 10:30:40,365 - DEBUG - Collected collision time for BConcave+FConvex+4300 at IoU 0.1: 4900.0
2025-07-26 10:30:40,365 - DEBUG - Collected collision time for BConcave+FConvex+4300 at IoU 0.15: 5016.666666666667
2025-07-26 10:30:40,366 - DEBUG - Collected collision time for BConcave+FConvex+4300 at IoU 0.2: 5083.333333333333
2025-07-26 10:30:40,366 - DEBUG - Collected collision time for BConcave+FConvex+4300 at IoU 0.25: 5150.0
2025-07-26 10:30:40,366 - DEBUG - Collected collision time for BConcave+FConvex+4300 at IoU 0.3: 5200.0
2025-07-26 10:30:40,366 - DEBUG - Collected collision time for BConcave+FConvex+4300 at IoU 0.35: 5250.0
2025-07-26 10:30:40,366 - DEBUG - Collected collision time for BConcave+FConvex+4300 at IoU 0.4: 5333.333333333333
2025-07-26 10:30:40,366 - DEBUG - Collected collision time for BConcave+FConvex+4300 at IoU 0.45: nan
2025-07-26 10:30:40,367 - DEBUG - Collected collision time for BConcave+FConvex+4300 at IoU 0.5: nan
2025-07-26 10:30:40,367 - DEBUG - Collected collision time for BConcave+FConvex+4300 at IoU 0.55: nan
2025-07-26 10:30:40,367 - DEBUG - Collected collision time for BConcave+FConvex+4300 at IoU 0.6: nan
2025-07-26 10:30:40,367 - DEBUG - Collected collision time for BConcave+FConvex+4300 at IoU 0.65: nan
2025-07-26 10:30:40,367 - DEBUG - Collected collision time for BConcave+FConvex+4300 at IoU 0.7: nan
2025-07-26 10:30:40,367 - DEBUG - Collected collision time for BConcave+FConvex+4300 at IoU 0.75: nan
2025-07-26 10:30:40,368 - DEBUG - Collected collision time for BConcave+FConvex+4300 at IoU 0.8: nan
2025-07-26 10:30:40,368 - DEBUG - Collected collision time for BConcave+FConvex+4300 at IoU 0.85: nan
2025-07-26 10:30:40,368 - DEBUG - Collected collision time for BConcave+FConvex+4300 at IoU 0.9: nan
2025-07-26 10:30:40,368 - DEBUG - Collected collision time for BConcave+FConvex+4300 at IoU 0.95: nan
2025-07-26 10:30:40,368 - DEBUG - Collected collision time for BConcave+FConvex+4500_flipped at IoU 0.05: 4916.666666666667
2025-07-26 10:30:40,369 - DEBUG - Collected collision time for BConcave+FConvex+4500_flipped at IoU 0.1: 4983.333333333333
2025-07-26 10:30:40,369 - DEBUG - Collected collision time for BConcave+FConvex+4500_flipped at IoU 0.15: 5116.666666666666
2025-07-26 10:30:40,369 - DEBUG - Collected collision time for BConcave+FConvex+4500_flipped at IoU 0.2: 5250.0
2025-07-26 10:30:40,369 - DEBUG - Collected collision time for BConcave+FConvex+4500_flipped at IoU 0.25: 5283.333333333333
2025-07-26 10:30:40,369 - DEBUG - Collected collision time for BConcave+FConvex+4500_flipped at IoU 0.3: 5400.0
2025-07-26 10:30:40,369 - DEBUG - Collected collision time for BConcave+FConvex+4500_flipped at IoU 0.35: 5433.333333333334
2025-07-26 10:30:40,370 - DEBUG - Collected collision time for BConcave+FConvex+4500_flipped at IoU 0.4: 5466.666666666667
2025-07-26 10:30:40,370 - DEBUG - Collected collision time for BConcave+FConvex+4500_flipped at IoU 0.45: nan
2025-07-26 10:30:40,370 - DEBUG - Collected collision time for BConcave+FConvex+4500_flipped at IoU 0.5: nan
2025-07-26 10:30:40,370 - DEBUG - Collected collision time for BConcave+FConvex+4500_flipped at IoU 0.55: nan
2025-07-26 10:30:40,370 - DEBUG - Collected collision time for BConcave+FConvex+4500_flipped at IoU 0.6: nan
2025-07-26 10:30:40,370 - DEBUG - Collected collision time for BConcave+FConvex+4500_flipped at IoU 0.65: nan
2025-07-26 10:30:40,371 - DEBUG - Collected collision time for BConcave+FConvex+4500_flipped at IoU 0.7: nan
2025-07-26 10:30:40,371 - DEBUG - Collected collision time for BConcave+FConvex+4500_flipped at IoU 0.75: nan
2025-07-26 10:30:40,371 - DEBUG - Collected collision time for BConcave+FConvex+4500_flipped at IoU 0.8: nan
2025-07-26 10:30:40,371 - DEBUG - Collected collision time for BConcave+FConvex+4500_flipped at IoU 0.85: nan
2025-07-26 10:30:40,371 - DEBUG - Collected collision time for BConcave+FConvex+4500_flipped at IoU 0.9: nan
2025-07-26 10:30:40,371 - DEBUG - Collected collision time for BConcave+FConvex+4500_flipped at IoU 0.95: nan
2025-07-26 10:30:40,372 - DEBUG - Collected collision time for BConcave+gConcave+3500_flipped at IoU 0.05: 1616.6666666666667
2025-07-26 10:30:40,372 - DEBUG - Collected collision time for BConcave+gConcave+3500_flipped at IoU 0.1: 3316.666666666667
2025-07-26 10:30:40,372 - DEBUG - Collected collision time for BConcave+gConcave+3500_flipped at IoU 0.15: 3316.666666666667
2025-07-26 10:30:40,372 - DEBUG - Collected collision time for BConcave+gConcave+3500_flipped at IoU 0.2: 3333.3333333333335
2025-07-26 10:30:40,372 - DEBUG - Collected collision time for BConcave+gConcave+3500_flipped at IoU 0.25: 3333.3333333333335
2025-07-26 10:30:40,373 - DEBUG - Collected collision time for BConcave+gConcave+3500_flipped at IoU 0.3: 3383.3333333333335
2025-07-26 10:30:40,373 - DEBUG - Collected collision time for BConcave+gConcave+3500_flipped at IoU 0.35: 3483.3333333333335
2025-07-26 10:30:40,373 - DEBUG - Collected collision time for BConcave+gConcave+3500_flipped at IoU 0.4: 3500.0
2025-07-26 10:30:40,373 - DEBUG - Collected collision time for BConcave+gConcave+3500_flipped at IoU 0.45: 3500.0
2025-07-26 10:30:40,373 - DEBUG - Collected collision time for BConcave+gConcave+3500_flipped at IoU 0.5: nan
2025-07-26 10:30:40,373 - DEBUG - Collected collision time for BConcave+gConcave+3500_flipped at IoU 0.55: nan
2025-07-26 10:30:40,374 - DEBUG - Collected collision time for BConcave+gConcave+3500_flipped at IoU 0.6: nan
2025-07-26 10:30:40,374 - DEBUG - Collected collision time for BConcave+gConcave+3500_flipped at IoU 0.65: nan
2025-07-26 10:30:40,374 - DEBUG - Collected collision time for BConcave+gConcave+3500_flipped at IoU 0.7: nan
2025-07-26 10:30:40,374 - DEBUG - Collected collision time for BConcave+gConcave+3500_flipped at IoU 0.75: nan
2025-07-26 10:30:40,374 - DEBUG - Collected collision time for BConcave+gConcave+3500_flipped at IoU 0.8: nan
2025-07-26 10:30:40,374 - DEBUG - Collected collision time for BConcave+gConcave+3500_flipped at IoU 0.85: nan
2025-07-26 10:30:40,375 - DEBUG - Collected collision time for BConcave+gConcave+3500_flipped at IoU 0.9: nan
2025-07-26 10:30:40,375 - DEBUG - Collected collision time for BConcave+gConcave+3500_flipped at IoU 0.95: nan
2025-07-26 10:30:40,375 - DEBUG - Collected collision time for BConcave+gConcave+3700 at IoU 0.05: nan
2025-07-26 10:30:40,375 - DEBUG - Collected collision time for BConcave+gConcave+3700 at IoU 0.1: nan
2025-07-26 10:30:40,375 - DEBUG - Collected collision time for BConcave+gConcave+3700 at IoU 0.15: nan
2025-07-26 10:30:40,376 - DEBUG - Collected collision time for BConcave+gConcave+3700 at IoU 0.2: nan
2025-07-26 10:30:40,376 - DEBUG - Collected collision time for BConcave+gConcave+3700 at IoU 0.25: nan
2025-07-26 10:30:40,376 - DEBUG - Collected collision time for BConcave+gConcave+3700 at IoU 0.3: nan
2025-07-26 10:30:40,376 - DEBUG - Collected collision time for BConcave+gConcave+3700 at IoU 0.35: nan
2025-07-26 10:30:40,376 - DEBUG - Collected collision time for BConcave+gConcave+3700 at IoU 0.4: nan
2025-07-26 10:30:40,376 - DEBUG - Collected collision time for BConcave+gConcave+3700 at IoU 0.45: nan
2025-07-26 10:30:40,377 - DEBUG - Collected collision time for BConcave+gConcave+3700 at IoU 0.5: nan
2025-07-26 10:30:40,377 - DEBUG - Collected collision time for BConcave+gConcave+3700 at IoU 0.55: nan
2025-07-26 10:30:40,377 - DEBUG - Collected collision time for BConcave+gConcave+3700 at IoU 0.6: nan
2025-07-26 10:30:40,377 - DEBUG - Collected collision time for BConcave+gConcave+3700 at IoU 0.65: nan
2025-07-26 10:30:40,377 - DEBUG - Collected collision time for BConcave+gConcave+3700 at IoU 0.7: nan
2025-07-26 10:30:40,377 - DEBUG - Collected collision time for BConcave+gConcave+3700 at IoU 0.75: nan
2025-07-26 10:30:40,378 - DEBUG - Collected collision time for BConcave+gConcave+3700 at IoU 0.8: nan
2025-07-26 10:30:40,378 - DEBUG - Collected collision time for BConcave+gConcave+3700 at IoU 0.85: nan
2025-07-26 10:30:40,378 - DEBUG - Collected collision time for BConcave+gConcave+3700 at IoU 0.9: nan
2025-07-26 10:30:40,378 - DEBUG - Collected collision time for BConcave+gConcave+3700 at IoU 0.95: nan
2025-07-26 10:30:40,378 - DEBUG - Collected collision time for BConcave+gConcave+3900_flipped at IoU 0.05: nan
2025-07-26 10:30:40,379 - DEBUG - Collected collision time for BConcave+gConcave+3900_flipped at IoU 0.1: nan
2025-07-26 10:30:40,379 - DEBUG - Collected collision time for BConcave+gConcave+3900_flipped at IoU 0.15: nan
2025-07-26 10:30:40,379 - DEBUG - Collected collision time for BConcave+gConcave+3900_flipped at IoU 0.2: nan
2025-07-26 10:30:40,379 - DEBUG - Collected collision time for BConcave+gConcave+3900_flipped at IoU 0.25: nan
2025-07-26 10:30:40,379 - DEBUG - Collected collision time for BConcave+gConcave+3900_flipped at IoU 0.3: nan
2025-07-26 10:30:40,379 - DEBUG - Collected collision time for BConcave+gConcave+3900_flipped at IoU 0.35: nan
2025-07-26 10:30:40,380 - DEBUG - Collected collision time for BConcave+gConcave+3900_flipped at IoU 0.4: nan
2025-07-26 10:30:40,380 - DEBUG - Collected collision time for BConcave+gConcave+3900_flipped at IoU 0.45: nan
2025-07-26 10:30:40,380 - DEBUG - Collected collision time for BConcave+gConcave+3900_flipped at IoU 0.5: nan
2025-07-26 10:30:40,380 - DEBUG - Collected collision time for BConcave+gConcave+3900_flipped at IoU 0.55: nan
2025-07-26 10:30:40,380 - DEBUG - Collected collision time for BConcave+gConcave+3900_flipped at IoU 0.6: nan
2025-07-26 10:30:40,381 - DEBUG - Collected collision time for BConcave+gConcave+3900_flipped at IoU 0.65: nan
2025-07-26 10:30:40,381 - DEBUG - Collected collision time for BConcave+gConcave+3900_flipped at IoU 0.7: nan
2025-07-26 10:30:40,381 - DEBUG - Collected collision time for BConcave+gConcave+3900_flipped at IoU 0.75: nan
2025-07-26 10:30:40,381 - DEBUG - Collected collision time for BConcave+gConcave+3900_flipped at IoU 0.8: nan
2025-07-26 10:30:40,381 - DEBUG - Collected collision time for BConcave+gConcave+3900_flipped at IoU 0.85: nan
2025-07-26 10:30:40,381 - DEBUG - Collected collision time for BConcave+gConcave+3900_flipped at IoU 0.9: nan
2025-07-26 10:30:40,382 - DEBUG - Collected collision time for BConcave+gConcave+3900_flipped at IoU 0.95: nan
2025-07-26 10:30:40,382 - DEBUG - Collected collision time for BConcave+gConcave+4100 at IoU 0.05: nan
2025-07-26 10:30:40,382 - DEBUG - Collected collision time for BConcave+gConcave+4100 at IoU 0.1: nan
2025-07-26 10:30:40,382 - DEBUG - Collected collision time for BConcave+gConcave+4100 at IoU 0.15: nan
2025-07-26 10:30:40,382 - DEBUG - Collected collision time for BConcave+gConcave+4100 at IoU 0.2: nan
2025-07-26 10:30:40,383 - DEBUG - Collected collision time for BConcave+gConcave+4100 at IoU 0.25: nan
2025-07-26 10:30:40,383 - DEBUG - Collected collision time for BConcave+gConcave+4100 at IoU 0.3: nan
2025-07-26 10:30:40,383 - DEBUG - Collected collision time for BConcave+gConcave+4100 at IoU 0.35: nan
2025-07-26 10:30:40,383 - DEBUG - Collected collision time for BConcave+gConcave+4100 at IoU 0.4: nan
2025-07-26 10:30:40,383 - DEBUG - Collected collision time for BConcave+gConcave+4100 at IoU 0.45: nan
2025-07-26 10:30:40,383 - DEBUG - Collected collision time for BConcave+gConcave+4100 at IoU 0.5: nan
2025-07-26 10:30:40,384 - DEBUG - Collected collision time for BConcave+gConcave+4100 at IoU 0.55: nan
2025-07-26 10:30:40,384 - DEBUG - Collected collision time for BConcave+gConcave+4100 at IoU 0.6: nan
2025-07-26 10:30:40,384 - DEBUG - Collected collision time for BConcave+gConcave+4100 at IoU 0.65: nan
2025-07-26 10:30:40,384 - DEBUG - Collected collision time for BConcave+gConcave+4100 at IoU 0.7: nan
2025-07-26 10:30:40,384 - DEBUG - Collected collision time for BConcave+gConcave+4100 at IoU 0.75: nan
2025-07-26 10:30:40,384 - DEBUG - Collected collision time for BConcave+gConcave+4100 at IoU 0.8: nan
2025-07-26 10:30:40,385 - DEBUG - Collected collision time for BConcave+gConcave+4100 at IoU 0.85: nan
2025-07-26 10:30:40,385 - DEBUG - Collected collision time for BConcave+gConcave+4100 at IoU 0.9: nan
2025-07-26 10:30:40,385 - DEBUG - Collected collision time for BConcave+gConcave+4100 at IoU 0.95: nan
2025-07-26 10:30:40,385 - DEBUG - Collected collision time for BConcave+gConcave+4300_flipped at IoU 0.05: nan
2025-07-26 10:30:40,385 - DEBUG - Collected collision time for BConcave+gConcave+4300_flipped at IoU 0.1: nan
2025-07-26 10:30:40,385 - DEBUG - Collected collision time for BConcave+gConcave+4300_flipped at IoU 0.15: nan
2025-07-26 10:30:40,386 - DEBUG - Collected collision time for BConcave+gConcave+4300_flipped at IoU 0.2: nan
2025-07-26 10:30:40,386 - DEBUG - Collected collision time for BConcave+gConcave+4300_flipped at IoU 0.25: nan
2025-07-26 10:30:40,386 - DEBUG - Collected collision time for BConcave+gConcave+4300_flipped at IoU 0.3: nan
2025-07-26 10:30:40,386 - DEBUG - Collected collision time for BConcave+gConcave+4300_flipped at IoU 0.35: nan
2025-07-26 10:30:40,386 - DEBUG - Collected collision time for BConcave+gConcave+4300_flipped at IoU 0.4: nan
2025-07-26 10:30:40,387 - DEBUG - Collected collision time for BConcave+gConcave+4300_flipped at IoU 0.45: nan
2025-07-26 10:30:40,387 - DEBUG - Collected collision time for BConcave+gConcave+4300_flipped at IoU 0.5: nan
2025-07-26 10:30:40,387 - DEBUG - Collected collision time for BConcave+gConcave+4300_flipped at IoU 0.55: nan
2025-07-26 10:30:40,387 - DEBUG - Collected collision time for BConcave+gConcave+4300_flipped at IoU 0.6: nan
2025-07-26 10:30:40,387 - DEBUG - Collected collision time for BConcave+gConcave+4300_flipped at IoU 0.65: nan
2025-07-26 10:30:40,388 - DEBUG - Collected collision time for BConcave+gConcave+4300_flipped at IoU 0.7: nan
2025-07-26 10:30:40,388 - DEBUG - Collected collision time for BConcave+gConcave+4300_flipped at IoU 0.75: nan
2025-07-26 10:30:40,388 - DEBUG - Collected collision time for BConcave+gConcave+4300_flipped at IoU 0.8: nan
2025-07-26 10:30:40,388 - DEBUG - Collected collision time for BConcave+gConcave+4300_flipped at IoU 0.85: nan
2025-07-26 10:30:40,388 - DEBUG - Collected collision time for BConcave+gConcave+4300_flipped at IoU 0.9: nan
2025-07-26 10:30:40,388 - DEBUG - Collected collision time for BConcave+gConcave+4300_flipped at IoU 0.95: nan
2025-07-26 10:30:40,389 - DEBUG - Collected collision time for BConcave+gConcave+4500 at IoU 0.05: nan
2025-07-26 10:30:40,389 - DEBUG - Collected collision time for BConcave+gConcave+4500 at IoU 0.1: nan
2025-07-26 10:30:40,389 - DEBUG - Collected collision time for BConcave+gConcave+4500 at IoU 0.15: nan
2025-07-26 10:30:40,389 - DEBUG - Collected collision time for BConcave+gConcave+4500 at IoU 0.2: nan
2025-07-26 10:30:40,389 - DEBUG - Collected collision time for BConcave+gConcave+4500 at IoU 0.25: nan
2025-07-26 10:30:40,389 - DEBUG - Collected collision time for BConcave+gConcave+4500 at IoU 0.3: nan
2025-07-26 10:30:40,390 - DEBUG - Collected collision time for BConcave+gConcave+4500 at IoU 0.35: nan
2025-07-26 10:30:40,390 - DEBUG - Collected collision time for BConcave+gConcave+4500 at IoU 0.4: nan
2025-07-26 10:30:40,390 - DEBUG - Collected collision time for BConcave+gConcave+4500 at IoU 0.45: nan
2025-07-26 10:30:40,390 - DEBUG - Collected collision time for BConcave+gConcave+4500 at IoU 0.5: nan
2025-07-26 10:30:40,390 - DEBUG - Collected collision time for BConcave+gConcave+4500 at IoU 0.55: nan
2025-07-26 10:30:40,391 - DEBUG - Collected collision time for BConcave+gConcave+4500 at IoU 0.6: nan
2025-07-26 10:30:40,391 - DEBUG - Collected collision time for BConcave+gConcave+4500 at IoU 0.65: nan
2025-07-26 10:30:40,391 - DEBUG - Collected collision time for BConcave+gConcave+4500 at IoU 0.7: nan
2025-07-26 10:30:40,391 - DEBUG - Collected collision time for BConcave+gConcave+4500 at IoU 0.75: nan
2025-07-26 10:30:40,391 - DEBUG - Collected collision time for BConcave+gConcave+4500 at IoU 0.8: nan
2025-07-26 10:30:40,391 - DEBUG - Collected collision time for BConcave+gConcave+4500 at IoU 0.85: nan
2025-07-26 10:30:40,392 - DEBUG - Collected collision time for BConcave+gConcave+4500 at IoU 0.9: nan
2025-07-26 10:30:40,392 - DEBUG - Collected collision time for BConcave+gConcave+4500 at IoU 0.95: nan
2025-07-26 10:30:40,392 - DEBUG - Collected collision time for BConcave+gConvex+3500 at IoU 0.05: 3750.0
2025-07-26 10:30:40,392 - DEBUG - Collected collision time for BConcave+gConvex+3500 at IoU 0.1: 4016.6666666666665
2025-07-26 10:30:40,392 - DEBUG - Collected collision time for BConcave+gConvex+3500 at IoU 0.15: 4200.0
2025-07-26 10:30:40,393 - DEBUG - Collected collision time for BConcave+gConvex+3500 at IoU 0.2: nan
2025-07-26 10:30:40,393 - DEBUG - Collected collision time for BConcave+gConvex+3500 at IoU 0.25: nan
2025-07-26 10:30:40,393 - DEBUG - Collected collision time for BConcave+gConvex+3500 at IoU 0.3: nan
2025-07-26 10:30:40,393 - DEBUG - Collected collision time for BConcave+gConvex+3500 at IoU 0.35: nan
2025-07-26 10:30:40,393 - DEBUG - Collected collision time for BConcave+gConvex+3500 at IoU 0.4: nan
2025-07-26 10:30:40,393 - DEBUG - Collected collision time for BConcave+gConvex+3500 at IoU 0.45: nan
2025-07-26 10:30:40,394 - DEBUG - Collected collision time for BConcave+gConvex+3500 at IoU 0.5: nan
2025-07-26 10:30:40,394 - DEBUG - Collected collision time for BConcave+gConvex+3500 at IoU 0.55: nan
2025-07-26 10:30:40,394 - DEBUG - Collected collision time for BConcave+gConvex+3500 at IoU 0.6: nan
2025-07-26 10:30:40,394 - DEBUG - Collected collision time for BConcave+gConvex+3500 at IoU 0.65: nan
2025-07-26 10:30:40,394 - DEBUG - Collected collision time for BConcave+gConvex+3500 at IoU 0.7: nan
2025-07-26 10:30:40,395 - DEBUG - Collected collision time for BConcave+gConvex+3500 at IoU 0.75: nan
2025-07-26 10:30:40,395 - DEBUG - Collected collision time for BConcave+gConvex+3500 at IoU 0.8: nan
2025-07-26 10:30:40,395 - DEBUG - Collected collision time for BConcave+gConvex+3500 at IoU 0.85: nan
2025-07-26 10:30:40,395 - DEBUG - Collected collision time for BConcave+gConvex+3500 at IoU 0.9: nan
2025-07-26 10:30:40,395 - DEBUG - Collected collision time for BConcave+gConvex+3500 at IoU 0.95: nan
2025-07-26 10:30:40,395 - DEBUG - Collected collision time for BConcave+gConvex+3700_flipped at IoU 0.05: 4116.666666666666
2025-07-26 10:30:40,396 - DEBUG - Collected collision time for BConcave+gConvex+3700_flipped at IoU 0.1: nan
2025-07-26 10:30:40,396 - DEBUG - Collected collision time for BConcave+gConvex+3700_flipped at IoU 0.15: nan
2025-07-26 10:30:40,396 - DEBUG - Collected collision time for BConcave+gConvex+3700_flipped at IoU 0.2: nan
2025-07-26 10:30:40,396 - DEBUG - Collected collision time for BConcave+gConvex+3700_flipped at IoU 0.25: nan
2025-07-26 10:30:40,396 - DEBUG - Collected collision time for BConcave+gConvex+3700_flipped at IoU 0.3: nan
2025-07-26 10:30:40,397 - DEBUG - Collected collision time for BConcave+gConvex+3700_flipped at IoU 0.35: nan
2025-07-26 10:30:40,397 - DEBUG - Collected collision time for BConcave+gConvex+3700_flipped at IoU 0.4: nan
2025-07-26 10:30:40,397 - DEBUG - Collected collision time for BConcave+gConvex+3700_flipped at IoU 0.45: nan
2025-07-26 10:30:40,397 - DEBUG - Collected collision time for BConcave+gConvex+3700_flipped at IoU 0.5: nan
2025-07-26 10:30:40,397 - DEBUG - Collected collision time for BConcave+gConvex+3700_flipped at IoU 0.55: nan
2025-07-26 10:30:40,398 - DEBUG - Collected collision time for BConcave+gConvex+3700_flipped at IoU 0.6: nan
2025-07-26 10:30:40,398 - DEBUG - Collected collision time for BConcave+gConvex+3700_flipped at IoU 0.65: nan
2025-07-26 10:30:40,398 - DEBUG - Collected collision time for BConcave+gConvex+3700_flipped at IoU 0.7: nan
2025-07-26 10:30:40,398 - DEBUG - Collected collision time for BConcave+gConvex+3700_flipped at IoU 0.75: nan
2025-07-26 10:30:40,398 - DEBUG - Collected collision time for BConcave+gConvex+3700_flipped at IoU 0.8: nan
2025-07-26 10:30:40,399 - DEBUG - Collected collision time for BConcave+gConvex+3700_flipped at IoU 0.85: nan
2025-07-26 10:30:40,399 - DEBUG - Collected collision time for BConcave+gConvex+3700_flipped at IoU 0.9: nan
2025-07-26 10:30:40,399 - DEBUG - Collected collision time for BConcave+gConvex+3700_flipped at IoU 0.95: nan
2025-07-26 10:30:40,399 - DEBUG - Collected collision time for BConcave+gConvex+3900 at IoU 0.05: 4316.666666666666
2025-07-26 10:30:40,399 - DEBUG - Collected collision time for BConcave+gConvex+3900 at IoU 0.1: 4516.666666666667
2025-07-26 10:30:40,400 - DEBUG - Collected collision time for BConcave+gConvex+3900 at IoU 0.15: nan
2025-07-26 10:30:40,400 - DEBUG - Collected collision time for BConcave+gConvex+3900 at IoU 0.2: nan
2025-07-26 10:30:40,400 - DEBUG - Collected collision time for BConcave+gConvex+3900 at IoU 0.25: nan
2025-07-26 10:30:40,400 - DEBUG - Collected collision time for BConcave+gConvex+3900 at IoU 0.3: nan
2025-07-26 10:30:40,400 - DEBUG - Collected collision time for BConcave+gConvex+3900 at IoU 0.35: nan
2025-07-26 10:30:40,400 - DEBUG - Collected collision time for BConcave+gConvex+3900 at IoU 0.4: nan
2025-07-26 10:30:40,401 - DEBUG - Collected collision time for BConcave+gConvex+3900 at IoU 0.45: nan
2025-07-26 10:30:40,401 - DEBUG - Collected collision time for BConcave+gConvex+3900 at IoU 0.5: nan
2025-07-26 10:30:40,401 - DEBUG - Collected collision time for BConcave+gConvex+3900 at IoU 0.55: nan
2025-07-26 10:30:40,401 - DEBUG - Collected collision time for BConcave+gConvex+3900 at IoU 0.6: nan
2025-07-26 10:30:40,401 - DEBUG - Collected collision time for BConcave+gConvex+3900 at IoU 0.65: nan
2025-07-26 10:30:40,402 - DEBUG - Collected collision time for BConcave+gConvex+3900 at IoU 0.7: nan
2025-07-26 10:30:40,402 - DEBUG - Collected collision time for BConcave+gConvex+3900 at IoU 0.75: nan
2025-07-26 10:30:40,402 - DEBUG - Collected collision time for BConcave+gConvex+3900 at IoU 0.8: nan
2025-07-26 10:30:40,402 - DEBUG - Collected collision time for BConcave+gConvex+3900 at IoU 0.85: nan
2025-07-26 10:30:40,402 - DEBUG - Collected collision time for BConcave+gConvex+3900 at IoU 0.9: nan
2025-07-26 10:30:40,403 - DEBUG - Collected collision time for BConcave+gConvex+3900 at IoU 0.95: nan
2025-07-26 10:30:40,403 - DEBUG - Collected collision time for BConcave+gConvex+4100_flipped at IoU 0.05: nan
2025-07-26 10:30:40,403 - DEBUG - Collected collision time for BConcave+gConvex+4100_flipped at IoU 0.1: nan
2025-07-26 10:30:40,403 - DEBUG - Collected collision time for BConcave+gConvex+4100_flipped at IoU 0.15: nan
2025-07-26 10:30:40,403 - DEBUG - Collected collision time for BConcave+gConvex+4100_flipped at IoU 0.2: nan
2025-07-26 10:30:40,404 - DEBUG - Collected collision time for BConcave+gConvex+4100_flipped at IoU 0.25: nan
2025-07-26 10:30:40,404 - DEBUG - Collected collision time for BConcave+gConvex+4100_flipped at IoU 0.3: nan
2025-07-26 10:30:40,404 - DEBUG - Collected collision time for BConcave+gConvex+4100_flipped at IoU 0.35: nan
2025-07-26 10:30:40,404 - DEBUG - Collected collision time for BConcave+gConvex+4100_flipped at IoU 0.4: nan
2025-07-26 10:30:40,404 - DEBUG - Collected collision time for BConcave+gConvex+4100_flipped at IoU 0.45: nan
2025-07-26 10:30:40,405 - DEBUG - Collected collision time for BConcave+gConvex+4100_flipped at IoU 0.5: nan
2025-07-26 10:30:40,405 - DEBUG - Collected collision time for BConcave+gConvex+4100_flipped at IoU 0.55: nan
2025-07-26 10:30:40,405 - DEBUG - Collected collision time for BConcave+gConvex+4100_flipped at IoU 0.6: nan
2025-07-26 10:30:40,405 - DEBUG - Collected collision time for BConcave+gConvex+4100_flipped at IoU 0.65: nan
2025-07-26 10:30:40,405 - DEBUG - Collected collision time for BConcave+gConvex+4100_flipped at IoU 0.7: nan
2025-07-26 10:30:40,405 - DEBUG - Collected collision time for BConcave+gConvex+4100_flipped at IoU 0.75: nan
2025-07-26 10:30:40,406 - DEBUG - Collected collision time for BConcave+gConvex+4100_flipped at IoU 0.8: nan
2025-07-26 10:30:40,406 - DEBUG - Collected collision time for BConcave+gConvex+4100_flipped at IoU 0.85: nan
2025-07-26 10:30:40,407 - DEBUG - Collected collision time for BConcave+gConvex+4100_flipped at IoU 0.9: nan
2025-07-26 10:30:40,407 - DEBUG - Collected collision time for BConcave+gConvex+4100_flipped at IoU 0.95: nan
2025-07-26 10:30:40,407 - DEBUG - Collected collision time for BConcave+gConvex+4300 at IoU 0.05: 4483.333333333333
2025-07-26 10:30:40,408 - DEBUG - Collected collision time for BConcave+gConvex+4300 at IoU 0.1: 4683.333333333334
2025-07-26 10:30:40,409 - DEBUG - Collected collision time for BConcave+gConvex+4300 at IoU 0.15: 4816.666666666666
2025-07-26 10:30:40,409 - DEBUG - Collected collision time for BConcave+gConvex+4300 at IoU 0.2: nan
2025-07-26 10:30:40,409 - DEBUG - Collected collision time for BConcave+gConvex+4300 at IoU 0.25: nan
2025-07-26 10:30:40,409 - DEBUG - Collected collision time for BConcave+gConvex+4300 at IoU 0.3: nan
2025-07-26 10:30:40,410 - DEBUG - Collected collision time for BConcave+gConvex+4300 at IoU 0.35: nan
2025-07-26 10:30:40,411 - DEBUG - Collected collision time for BConcave+gConvex+4300 at IoU 0.4: nan
2025-07-26 10:30:40,411 - DEBUG - Collected collision time for BConcave+gConvex+4300 at IoU 0.45: nan
2025-07-26 10:30:40,411 - DEBUG - Collected collision time for BConcave+gConvex+4300 at IoU 0.5: nan
2025-07-26 10:30:40,412 - DEBUG - Collected collision time for BConcave+gConvex+4300 at IoU 0.55: nan
2025-07-26 10:30:40,412 - DEBUG - Collected collision time for BConcave+gConvex+4300 at IoU 0.6: nan
2025-07-26 10:30:40,413 - DEBUG - Collected collision time for BConcave+gConvex+4300 at IoU 0.65: nan
2025-07-26 10:30:40,413 - DEBUG - Collected collision time for BConcave+gConvex+4300 at IoU 0.7: nan
2025-07-26 10:30:40,413 - DEBUG - Collected collision time for BConcave+gConvex+4300 at IoU 0.75: nan
2025-07-26 10:30:40,413 - DEBUG - Collected collision time for BConcave+gConvex+4300 at IoU 0.8: nan
2025-07-26 10:30:40,414 - DEBUG - Collected collision time for BConcave+gConvex+4300 at IoU 0.85: nan
2025-07-26 10:30:40,414 - DEBUG - Collected collision time for BConcave+gConvex+4300 at IoU 0.9: nan
2025-07-26 10:30:40,414 - DEBUG - Collected collision time for BConcave+gConvex+4300 at IoU 0.95: nan
2025-07-26 10:30:40,414 - DEBUG - Collected collision time for BConcave+gConvex+4500_flipped at IoU 0.05: 3500.0
2025-07-26 10:30:40,414 - DEBUG - Collected collision time for BConcave+gConvex+4500_flipped at IoU 0.1: 5433.333333333334
2025-07-26 10:30:40,415 - DEBUG - Collected collision time for BConcave+gConvex+4500_flipped at IoU 0.15: nan
2025-07-26 10:30:40,415 - DEBUG - Collected collision time for BConcave+gConvex+4500_flipped at IoU 0.2: nan
2025-07-26 10:30:40,415 - DEBUG - Collected collision time for BConcave+gConvex+4500_flipped at IoU 0.25: nan
2025-07-26 10:30:40,416 - DEBUG - Collected collision time for BConcave+gConvex+4500_flipped at IoU 0.3: nan
2025-07-26 10:30:40,416 - DEBUG - Collected collision time for BConcave+gConvex+4500_flipped at IoU 0.35: nan
2025-07-26 10:30:40,416 - DEBUG - Collected collision time for BConcave+gConvex+4500_flipped at IoU 0.4: nan
2025-07-26 10:30:40,416 - DEBUG - Collected collision time for BConcave+gConvex+4500_flipped at IoU 0.45: nan
2025-07-26 10:30:40,416 - DEBUG - Collected collision time for BConcave+gConvex+4500_flipped at IoU 0.5: nan
2025-07-26 10:30:40,417 - DEBUG - Collected collision time for BConcave+gConvex+4500_flipped at IoU 0.55: nan
2025-07-26 10:30:40,417 - DEBUG - Collected collision time for BConcave+gConvex+4500_flipped at IoU 0.6: nan
2025-07-26 10:30:40,417 - DEBUG - Collected collision time for BConcave+gConvex+4500_flipped at IoU 0.65: nan
2025-07-26 10:30:40,417 - DEBUG - Collected collision time for BConcave+gConvex+4500_flipped at IoU 0.7: nan
2025-07-26 10:30:40,417 - DEBUG - Collected collision time for BConcave+gConvex+4500_flipped at IoU 0.75: nan
2025-07-26 10:30:40,418 - DEBUG - Collected collision time for BConcave+gConvex+4500_flipped at IoU 0.8: nan
2025-07-26 10:30:40,418 - DEBUG - Collected collision time for BConcave+gConvex+4500_flipped at IoU 0.85: nan
2025-07-26 10:30:40,418 - DEBUG - Collected collision time for BConcave+gConvex+4500_flipped at IoU 0.9: nan
2025-07-26 10:30:40,418 - DEBUG - Collected collision time for BConcave+gConvex+4500_flipped at IoU 0.95: nan
2025-07-26 10:30:40,418 - DEBUG - Collected collision time for BConcave+hConcave+3500_flipped at IoU 0.05: 3983.3333333333335
2025-07-26 10:30:40,419 - DEBUG - Collected collision time for BConcave+hConcave+3500_flipped at IoU 0.1: 4066.6666666666665
2025-07-26 10:30:40,419 - DEBUG - Collected collision time for BConcave+hConcave+3500_flipped at IoU 0.15: 4150.0
2025-07-26 10:30:40,419 - DEBUG - Collected collision time for BConcave+hConcave+3500_flipped at IoU 0.2: 4316.666666666666
2025-07-26 10:30:40,419 - DEBUG - Collected collision time for BConcave+hConcave+3500_flipped at IoU 0.25: nan
2025-07-26 10:30:40,419 - DEBUG - Collected collision time for BConcave+hConcave+3500_flipped at IoU 0.3: nan
2025-07-26 10:30:40,420 - DEBUG - Collected collision time for BConcave+hConcave+3500_flipped at IoU 0.35: nan
2025-07-26 10:30:40,420 - DEBUG - Collected collision time for BConcave+hConcave+3500_flipped at IoU 0.4: nan
2025-07-26 10:30:40,420 - DEBUG - Collected collision time for BConcave+hConcave+3500_flipped at IoU 0.45: nan
2025-07-26 10:30:40,420 - DEBUG - Collected collision time for BConcave+hConcave+3500_flipped at IoU 0.5: nan
2025-07-26 10:30:40,420 - DEBUG - Collected collision time for BConcave+hConcave+3500_flipped at IoU 0.55: nan
2025-07-26 10:30:40,421 - DEBUG - Collected collision time for BConcave+hConcave+3500_flipped at IoU 0.6: nan
2025-07-26 10:30:40,421 - DEBUG - Collected collision time for BConcave+hConcave+3500_flipped at IoU 0.65: nan
2025-07-26 10:30:40,421 - DEBUG - Collected collision time for BConcave+hConcave+3500_flipped at IoU 0.7: nan
2025-07-26 10:30:40,421 - DEBUG - Collected collision time for BConcave+hConcave+3500_flipped at IoU 0.75: nan
2025-07-26 10:30:40,422 - DEBUG - Collected collision time for BConcave+hConcave+3500_flipped at IoU 0.8: nan
2025-07-26 10:30:40,422 - DEBUG - Collected collision time for BConcave+hConcave+3500_flipped at IoU 0.85: nan
2025-07-26 10:30:40,422 - DEBUG - Collected collision time for BConcave+hConcave+3500_flipped at IoU 0.9: nan
2025-07-26 10:30:40,422 - DEBUG - Collected collision time for BConcave+hConcave+3500_flipped at IoU 0.95: nan
2025-07-26 10:30:40,422 - DEBUG - Collected collision time for BConcave+hConcave+3700 at IoU 0.05: 4083.333333333333
2025-07-26 10:30:40,422 - DEBUG - Collected collision time for BConcave+hConcave+3700 at IoU 0.1: 4250.0
2025-07-26 10:30:40,423 - DEBUG - Collected collision time for BConcave+hConcave+3700 at IoU 0.15: 4366.666666666666
2025-07-26 10:30:40,423 - DEBUG - Collected collision time for BConcave+hConcave+3700 at IoU 0.2: 4466.666666666667
2025-07-26 10:30:40,423 - DEBUG - Collected collision time for BConcave+hConcave+3700 at IoU 0.25: 4550.0
2025-07-26 10:30:40,423 - DEBUG - Collected collision time for BConcave+hConcave+3700 at IoU 0.3: 4666.666666666667
2025-07-26 10:30:40,423 - DEBUG - Collected collision time for BConcave+hConcave+3700 at IoU 0.35: nan
2025-07-26 10:30:40,424 - DEBUG - Collected collision time for BConcave+hConcave+3700 at IoU 0.4: nan
2025-07-26 10:30:40,424 - DEBUG - Collected collision time for BConcave+hConcave+3700 at IoU 0.45: nan
2025-07-26 10:30:40,424 - DEBUG - Collected collision time for BConcave+hConcave+3700 at IoU 0.5: nan
2025-07-26 10:30:40,424 - DEBUG - Collected collision time for BConcave+hConcave+3700 at IoU 0.55: nan
2025-07-26 10:30:40,424 - DEBUG - Collected collision time for BConcave+hConcave+3700 at IoU 0.6: nan
2025-07-26 10:30:40,424 - DEBUG - Collected collision time for BConcave+hConcave+3700 at IoU 0.65: nan
2025-07-26 10:30:40,425 - DEBUG - Collected collision time for BConcave+hConcave+3700 at IoU 0.7: nan
2025-07-26 10:30:40,425 - DEBUG - Collected collision time for BConcave+hConcave+3700 at IoU 0.75: nan
2025-07-26 10:30:40,425 - DEBUG - Collected collision time for BConcave+hConcave+3700 at IoU 0.8: nan
2025-07-26 10:30:40,425 - DEBUG - Collected collision time for BConcave+hConcave+3700 at IoU 0.85: nan
2025-07-26 10:30:40,425 - DEBUG - Collected collision time for BConcave+hConcave+3700 at IoU 0.9: nan
2025-07-26 10:30:40,426 - DEBUG - Collected collision time for BConcave+hConcave+3700 at IoU 0.95: nan
2025-07-26 10:30:40,426 - DEBUG - Collected collision time for BConcave+hConcave+3900_flipped at IoU 0.05: 4250.0
2025-07-26 10:30:40,426 - DEBUG - Collected collision time for BConcave+hConcave+3900_flipped at IoU 0.1: 4383.333333333334
2025-07-26 10:30:40,426 - DEBUG - Collected collision time for BConcave+hConcave+3900_flipped at IoU 0.15: 4466.666666666667
2025-07-26 10:30:40,426 - DEBUG - Collected collision time for BConcave+hConcave+3900_flipped at IoU 0.2: 4550.0
2025-07-26 10:30:40,426 - DEBUG - Collected collision time for BConcave+hConcave+3900_flipped at IoU 0.25: 4633.333333333334
2025-07-26 10:30:40,427 - DEBUG - Collected collision time for BConcave+hConcave+3900_flipped at IoU 0.3: 4816.666666666666
2025-07-26 10:30:40,427 - DEBUG - Collected collision time for BConcave+hConcave+3900_flipped at IoU 0.35: nan
2025-07-26 10:30:40,427 - DEBUG - Collected collision time for BConcave+hConcave+3900_flipped at IoU 0.4: nan
2025-07-26 10:30:40,427 - DEBUG - Collected collision time for BConcave+hConcave+3900_flipped at IoU 0.45: nan
2025-07-26 10:30:40,427 - DEBUG - Collected collision time for BConcave+hConcave+3900_flipped at IoU 0.5: nan
2025-07-26 10:30:40,428 - DEBUG - Collected collision time for BConcave+hConcave+3900_flipped at IoU 0.55: nan
2025-07-26 10:30:40,428 - DEBUG - Collected collision time for BConcave+hConcave+3900_flipped at IoU 0.6: nan
2025-07-26 10:30:40,428 - DEBUG - Collected collision time for BConcave+hConcave+3900_flipped at IoU 0.65: nan
2025-07-26 10:30:40,428 - DEBUG - Collected collision time for BConcave+hConcave+3900_flipped at IoU 0.7: nan
2025-07-26 10:30:40,428 - DEBUG - Collected collision time for BConcave+hConcave+3900_flipped at IoU 0.75: nan
2025-07-26 10:30:40,429 - DEBUG - Collected collision time for BConcave+hConcave+3900_flipped at IoU 0.8: nan
2025-07-26 10:30:40,429 - DEBUG - Collected collision time for BConcave+hConcave+3900_flipped at IoU 0.85: nan
2025-07-26 10:30:40,429 - DEBUG - Collected collision time for BConcave+hConcave+3900_flipped at IoU 0.9: nan
2025-07-26 10:30:40,429 - DEBUG - Collected collision time for BConcave+hConcave+3900_flipped at IoU 0.95: nan
2025-07-26 10:30:40,429 - DEBUG - Collected collision time for BConcave+hConcave+4100 at IoU 0.05: nan
2025-07-26 10:30:40,429 - DEBUG - Collected collision time for BConcave+hConcave+4100 at IoU 0.1: nan
2025-07-26 10:30:40,430 - DEBUG - Collected collision time for BConcave+hConcave+4100 at IoU 0.15: nan
2025-07-26 10:30:40,430 - DEBUG - Collected collision time for BConcave+hConcave+4100 at IoU 0.2: nan
2025-07-26 10:30:40,430 - DEBUG - Collected collision time for BConcave+hConcave+4100 at IoU 0.25: nan
2025-07-26 10:30:40,430 - DEBUG - Collected collision time for BConcave+hConcave+4100 at IoU 0.3: nan
2025-07-26 10:30:40,430 - DEBUG - Collected collision time for BConcave+hConcave+4100 at IoU 0.35: nan
2025-07-26 10:30:40,431 - DEBUG - Collected collision time for BConcave+hConcave+4100 at IoU 0.4: nan
2025-07-26 10:30:40,431 - DEBUG - Collected collision time for BConcave+hConcave+4100 at IoU 0.45: nan
2025-07-26 10:30:40,431 - DEBUG - Collected collision time for BConcave+hConcave+4100 at IoU 0.5: nan
2025-07-26 10:30:40,431 - DEBUG - Collected collision time for BConcave+hConcave+4100 at IoU 0.55: nan
2025-07-26 10:30:40,431 - DEBUG - Collected collision time for BConcave+hConcave+4100 at IoU 0.6: nan
2025-07-26 10:30:40,431 - DEBUG - Collected collision time for BConcave+hConcave+4100 at IoU 0.65: nan
2025-07-26 10:30:40,432 - DEBUG - Collected collision time for BConcave+hConcave+4100 at IoU 0.7: nan
2025-07-26 10:30:40,432 - DEBUG - Collected collision time for BConcave+hConcave+4100 at IoU 0.75: nan
2025-07-26 10:30:40,432 - DEBUG - Collected collision time for BConcave+hConcave+4100 at IoU 0.8: nan
2025-07-26 10:30:40,432 - DEBUG - Collected collision time for BConcave+hConcave+4100 at IoU 0.85: nan
2025-07-26 10:30:40,432 - DEBUG - Collected collision time for BConcave+hConcave+4100 at IoU 0.9: nan
2025-07-26 10:30:40,433 - DEBUG - Collected collision time for BConcave+hConcave+4100 at IoU 0.95: nan
2025-07-26 10:30:40,433 - DEBUG - Collected collision time for BConcave+hConcave+4300_flipped at IoU 0.05: 4783.333333333333
2025-07-26 10:30:40,433 - DEBUG - Collected collision time for BConcave+hConcave+4300_flipped at IoU 0.1: 4916.666666666667
2025-07-26 10:30:40,433 - DEBUG - Collected collision time for BConcave+hConcave+4300_flipped at IoU 0.15: 5050.0
2025-07-26 10:30:40,433 - DEBUG - Collected collision time for BConcave+hConcave+4300_flipped at IoU 0.2: nan
2025-07-26 10:30:40,433 - DEBUG - Collected collision time for BConcave+hConcave+4300_flipped at IoU 0.25: nan
2025-07-26 10:30:40,434 - DEBUG - Collected collision time for BConcave+hConcave+4300_flipped at IoU 0.3: nan
2025-07-26 10:30:40,434 - DEBUG - Collected collision time for BConcave+hConcave+4300_flipped at IoU 0.35: nan
2025-07-26 10:30:40,434 - DEBUG - Collected collision time for BConcave+hConcave+4300_flipped at IoU 0.4: nan
2025-07-26 10:30:40,434 - DEBUG - Collected collision time for BConcave+hConcave+4300_flipped at IoU 0.45: nan
2025-07-26 10:30:40,434 - DEBUG - Collected collision time for BConcave+hConcave+4300_flipped at IoU 0.5: nan
2025-07-26 10:30:40,434 - DEBUG - Collected collision time for BConcave+hConcave+4300_flipped at IoU 0.55: nan
2025-07-26 10:30:40,435 - DEBUG - Collected collision time for BConcave+hConcave+4300_flipped at IoU 0.6: nan
2025-07-26 10:30:40,435 - DEBUG - Collected collision time for BConcave+hConcave+4300_flipped at IoU 0.65: nan
2025-07-26 10:30:40,435 - DEBUG - Collected collision time for BConcave+hConcave+4300_flipped at IoU 0.7: nan
2025-07-26 10:30:40,435 - DEBUG - Collected collision time for BConcave+hConcave+4300_flipped at IoU 0.75: nan
2025-07-26 10:30:40,435 - DEBUG - Collected collision time for BConcave+hConcave+4300_flipped at IoU 0.8: nan
2025-07-26 10:30:40,436 - DEBUG - Collected collision time for BConcave+hConcave+4300_flipped at IoU 0.85: nan
2025-07-26 10:30:40,436 - DEBUG - Collected collision time for BConcave+hConcave+4300_flipped at IoU 0.9: nan
2025-07-26 10:30:40,436 - DEBUG - Collected collision time for BConcave+hConcave+4300_flipped at IoU 0.95: nan
2025-07-26 10:30:40,436 - DEBUG - Collected collision time for BConcave+hConcave+4500 at IoU 0.05: nan
2025-07-26 10:30:40,436 - DEBUG - Collected collision time for BConcave+hConcave+4500 at IoU 0.1: nan
2025-07-26 10:30:40,436 - DEBUG - Collected collision time for BConcave+hConcave+4500 at IoU 0.15: nan
2025-07-26 10:30:40,437 - DEBUG - Collected collision time for BConcave+hConcave+4500 at IoU 0.2: nan
2025-07-26 10:30:40,437 - DEBUG - Collected collision time for BConcave+hConcave+4500 at IoU 0.25: nan
2025-07-26 10:30:40,437 - DEBUG - Collected collision time for BConcave+hConcave+4500 at IoU 0.3: nan
2025-07-26 10:30:40,437 - DEBUG - Collected collision time for BConcave+hConcave+4500 at IoU 0.35: nan
2025-07-26 10:30:40,437 - DEBUG - Collected collision time for BConcave+hConcave+4500 at IoU 0.4: nan
2025-07-26 10:30:40,438 - DEBUG - Collected collision time for BConcave+hConcave+4500 at IoU 0.45: nan
2025-07-26 10:30:40,438 - DEBUG - Collected collision time for BConcave+hConcave+4500 at IoU 0.5: nan
2025-07-26 10:30:40,438 - DEBUG - Collected collision time for BConcave+hConcave+4500 at IoU 0.55: nan
2025-07-26 10:30:40,438 - DEBUG - Collected collision time for BConcave+hConcave+4500 at IoU 0.6: nan
2025-07-26 10:30:40,438 - DEBUG - Collected collision time for BConcave+hConcave+4500 at IoU 0.65: nan
2025-07-26 10:30:40,439 - DEBUG - Collected collision time for BConcave+hConcave+4500 at IoU 0.7: nan
2025-07-26 10:30:40,439 - DEBUG - Collected collision time for BConcave+hConcave+4500 at IoU 0.75: nan
2025-07-26 10:30:40,439 - DEBUG - Collected collision time for BConcave+hConcave+4500 at IoU 0.8: nan
2025-07-26 10:30:40,439 - DEBUG - Collected collision time for BConcave+hConcave+4500 at IoU 0.85: nan
2025-07-26 10:30:40,439 - DEBUG - Collected collision time for BConcave+hConcave+4500 at IoU 0.9: nan
2025-07-26 10:30:40,439 - DEBUG - Collected collision time for BConcave+hConcave+4500 at IoU 0.95: nan
2025-07-26 10:30:40,440 - DEBUG - Collected collision time for BConcave+hConvex+3500 at IoU 0.05: 4250.0
2025-07-26 10:30:40,440 - DEBUG - Collected collision time for BConcave+hConvex+3500 at IoU 0.1: 4400.0
2025-07-26 10:30:40,440 - DEBUG - Collected collision time for BConcave+hConvex+3500 at IoU 0.15: 4516.666666666667
2025-07-26 10:30:40,440 - DEBUG - Collected collision time for BConcave+hConvex+3500 at IoU 0.2: 4600.0
2025-07-26 10:30:40,440 - DEBUG - Collected collision time for BConcave+hConvex+3500 at IoU 0.25: nan
2025-07-26 10:30:40,440 - DEBUG - Collected collision time for BConcave+hConvex+3500 at IoU 0.3: nan
2025-07-26 10:30:40,441 - DEBUG - Collected collision time for BConcave+hConvex+3500 at IoU 0.35: nan
2025-07-26 10:30:40,441 - DEBUG - Collected collision time for BConcave+hConvex+3500 at IoU 0.4: nan
2025-07-26 10:30:40,441 - DEBUG - Collected collision time for BConcave+hConvex+3500 at IoU 0.45: nan
2025-07-26 10:30:40,441 - DEBUG - Collected collision time for BConcave+hConvex+3500 at IoU 0.5: nan
2025-07-26 10:30:40,441 - DEBUG - Collected collision time for BConcave+hConvex+3500 at IoU 0.55: nan
2025-07-26 10:30:40,442 - DEBUG - Collected collision time for BConcave+hConvex+3500 at IoU 0.6: nan
2025-07-26 10:30:40,442 - DEBUG - Collected collision time for BConcave+hConvex+3500 at IoU 0.65: nan
2025-07-26 10:30:40,442 - DEBUG - Collected collision time for BConcave+hConvex+3500 at IoU 0.7: nan
2025-07-26 10:30:40,442 - DEBUG - Collected collision time for BConcave+hConvex+3500 at IoU 0.75: nan
2025-07-26 10:30:40,442 - DEBUG - Collected collision time for BConcave+hConvex+3500 at IoU 0.8: nan
2025-07-26 10:30:40,442 - DEBUG - Collected collision time for BConcave+hConvex+3500 at IoU 0.85: nan
2025-07-26 10:30:40,443 - DEBUG - Collected collision time for BConcave+hConvex+3500 at IoU 0.9: nan
2025-07-26 10:30:40,443 - DEBUG - Collected collision time for BConcave+hConvex+3500 at IoU 0.95: nan
2025-07-26 10:30:40,443 - DEBUG - Collected collision time for BConcave+hConvex+3700_flipped at IoU 0.05: 4133.333333333334
2025-07-26 10:30:40,443 - DEBUG - Collected collision time for BConcave+hConvex+3700_flipped at IoU 0.1: 4416.666666666667
2025-07-26 10:30:40,443 - DEBUG - Collected collision time for BConcave+hConvex+3700_flipped at IoU 0.15: 4616.666666666666
2025-07-26 10:30:40,444 - DEBUG - Collected collision time for BConcave+hConvex+3700_flipped at IoU 0.2: 4766.666666666667
2025-07-26 10:30:40,444 - DEBUG - Collected collision time for BConcave+hConvex+3700_flipped at IoU 0.25: 4916.666666666667
2025-07-26 10:30:40,444 - DEBUG - Collected collision time for BConcave+hConvex+3700_flipped at IoU 0.3: nan
2025-07-26 10:30:40,444 - DEBUG - Collected collision time for BConcave+hConvex+3700_flipped at IoU 0.35: nan
2025-07-26 10:30:40,444 - DEBUG - Collected collision time for BConcave+hConvex+3700_flipped at IoU 0.4: nan
2025-07-26 10:30:40,444 - DEBUG - Collected collision time for BConcave+hConvex+3700_flipped at IoU 0.45: nan
2025-07-26 10:30:40,445 - DEBUG - Collected collision time for BConcave+hConvex+3700_flipped at IoU 0.5: nan
2025-07-26 10:30:40,445 - DEBUG - Collected collision time for BConcave+hConvex+3700_flipped at IoU 0.55: nan
2025-07-26 10:30:40,445 - DEBUG - Collected collision time for BConcave+hConvex+3700_flipped at IoU 0.6: nan
2025-07-26 10:30:40,445 - DEBUG - Collected collision time for BConcave+hConvex+3700_flipped at IoU 0.65: nan
2025-07-26 10:30:40,445 - DEBUG - Collected collision time for BConcave+hConvex+3700_flipped at IoU 0.7: nan
2025-07-26 10:30:40,446 - DEBUG - Collected collision time for BConcave+hConvex+3700_flipped at IoU 0.75: nan
2025-07-26 10:30:40,446 - DEBUG - Collected collision time for BConcave+hConvex+3700_flipped at IoU 0.8: nan
2025-07-26 10:30:40,446 - DEBUG - Collected collision time for BConcave+hConvex+3700_flipped at IoU 0.85: nan
2025-07-26 10:30:40,446 - DEBUG - Collected collision time for BConcave+hConvex+3700_flipped at IoU 0.9: nan
2025-07-26 10:30:40,446 - DEBUG - Collected collision time for BConcave+hConvex+3700_flipped at IoU 0.95: nan
2025-07-26 10:30:40,446 - DEBUG - Collected collision time for BConcave+hConvex+3900 at IoU 0.05: 4433.333333333334
2025-07-26 10:30:40,447 - DEBUG - Collected collision time for BConcave+hConvex+3900 at IoU 0.1: 4733.333333333333
2025-07-26 10:30:40,447 - DEBUG - Collected collision time for BConcave+hConvex+3900 at IoU 0.15: 4900.0
2025-07-26 10:30:40,447 - DEBUG - Collected collision time for BConcave+hConvex+3900 at IoU 0.2: 5116.666666666666
2025-07-26 10:30:40,447 - DEBUG - Collected collision time for BConcave+hConvex+3900 at IoU 0.25: nan
2025-07-26 10:30:40,447 - DEBUG - Collected collision time for BConcave+hConvex+3900 at IoU 0.3: nan
2025-07-26 10:30:40,448 - DEBUG - Collected collision time for BConcave+hConvex+3900 at IoU 0.35: nan
2025-07-26 10:30:40,448 - DEBUG - Collected collision time for BConcave+hConvex+3900 at IoU 0.4: nan
2025-07-26 10:30:40,448 - DEBUG - Collected collision time for BConcave+hConvex+3900 at IoU 0.45: nan
2025-07-26 10:30:40,448 - DEBUG - Collected collision time for BConcave+hConvex+3900 at IoU 0.5: nan
2025-07-26 10:30:40,448 - DEBUG - Collected collision time for BConcave+hConvex+3900 at IoU 0.55: nan
2025-07-26 10:30:40,448 - DEBUG - Collected collision time for BConcave+hConvex+3900 at IoU 0.6: nan
2025-07-26 10:30:40,449 - DEBUG - Collected collision time for BConcave+hConvex+3900 at IoU 0.65: nan
2025-07-26 10:30:40,449 - DEBUG - Collected collision time for BConcave+hConvex+3900 at IoU 0.7: nan
2025-07-26 10:30:40,449 - DEBUG - Collected collision time for BConcave+hConvex+3900 at IoU 0.75: nan
2025-07-26 10:30:40,449 - DEBUG - Collected collision time for BConcave+hConvex+3900 at IoU 0.8: nan
2025-07-26 10:30:40,449 - DEBUG - Collected collision time for BConcave+hConvex+3900 at IoU 0.85: nan
2025-07-26 10:30:40,449 - DEBUG - Collected collision time for BConcave+hConvex+3900 at IoU 0.9: nan
2025-07-26 10:30:40,450 - DEBUG - Collected collision time for BConcave+hConvex+3900 at IoU 0.95: nan
2025-07-26 10:30:40,450 - DEBUG - Collected collision time for BConcave+hConvex+4100_flipped at IoU 0.05: 4650.0
2025-07-26 10:30:40,450 - DEBUG - Collected collision time for BConcave+hConvex+4100_flipped at IoU 0.1: 4833.333333333333
2025-07-26 10:30:40,450 - DEBUG - Collected collision time for BConcave+hConvex+4100_flipped at IoU 0.15: 5000.0
2025-07-26 10:30:40,450 - DEBUG - Collected collision time for BConcave+hConvex+4100_flipped at IoU 0.2: 5183.333333333334
2025-07-26 10:30:40,450 - DEBUG - Collected collision time for BConcave+hConvex+4100_flipped at IoU 0.25: 5383.333333333334
2025-07-26 10:30:40,451 - DEBUG - Collected collision time for BConcave+hConvex+4100_flipped at IoU 0.3: nan
2025-07-26 10:30:40,451 - DEBUG - Collected collision time for BConcave+hConvex+4100_flipped at IoU 0.35: nan
2025-07-26 10:30:40,451 - DEBUG - Collected collision time for BConcave+hConvex+4100_flipped at IoU 0.4: nan
2025-07-26 10:30:40,451 - DEBUG - Collected collision time for BConcave+hConvex+4100_flipped at IoU 0.45: nan
2025-07-26 10:30:40,451 - DEBUG - Collected collision time for BConcave+hConvex+4100_flipped at IoU 0.5: nan
2025-07-26 10:30:40,452 - DEBUG - Collected collision time for BConcave+hConvex+4100_flipped at IoU 0.55: nan
2025-07-26 10:30:40,452 - DEBUG - Collected collision time for BConcave+hConvex+4100_flipped at IoU 0.6: nan
2025-07-26 10:30:40,452 - DEBUG - Collected collision time for BConcave+hConvex+4100_flipped at IoU 0.65: nan
2025-07-26 10:30:40,452 - DEBUG - Collected collision time for BConcave+hConvex+4100_flipped at IoU 0.7: nan
2025-07-26 10:30:40,452 - DEBUG - Collected collision time for BConcave+hConvex+4100_flipped at IoU 0.75: nan
2025-07-26 10:30:40,452 - DEBUG - Collected collision time for BConcave+hConvex+4100_flipped at IoU 0.8: nan
2025-07-26 10:30:40,453 - DEBUG - Collected collision time for BConcave+hConvex+4100_flipped at IoU 0.85: nan
2025-07-26 10:30:40,453 - DEBUG - Collected collision time for BConcave+hConvex+4100_flipped at IoU 0.9: nan
2025-07-26 10:30:40,453 - DEBUG - Collected collision time for BConcave+hConvex+4100_flipped at IoU 0.95: nan
2025-07-26 10:30:40,453 - DEBUG - Collected collision time for BConcave+hConvex+4300 at IoU 0.05: nan
2025-07-26 10:30:40,453 - DEBUG - Collected collision time for BConcave+hConvex+4300 at IoU 0.1: nan
2025-07-26 10:30:40,453 - DEBUG - Collected collision time for BConcave+hConvex+4300 at IoU 0.15: nan
2025-07-26 10:30:40,454 - DEBUG - Collected collision time for BConcave+hConvex+4300 at IoU 0.2: nan
2025-07-26 10:30:40,454 - DEBUG - Collected collision time for BConcave+hConvex+4300 at IoU 0.25: nan
2025-07-26 10:30:40,454 - DEBUG - Collected collision time for BConcave+hConvex+4300 at IoU 0.3: nan
2025-07-26 10:30:40,454 - DEBUG - Collected collision time for BConcave+hConvex+4300 at IoU 0.35: nan
2025-07-26 10:30:40,454 - DEBUG - Collected collision time for BConcave+hConvex+4300 at IoU 0.4: nan
2025-07-26 10:30:40,455 - DEBUG - Collected collision time for BConcave+hConvex+4300 at IoU 0.45: nan
2025-07-26 10:30:40,455 - DEBUG - Collected collision time for BConcave+hConvex+4300 at IoU 0.5: nan
2025-07-26 10:30:40,455 - DEBUG - Collected collision time for BConcave+hConvex+4300 at IoU 0.55: nan
2025-07-26 10:30:40,455 - DEBUG - Collected collision time for BConcave+hConvex+4300 at IoU 0.6: nan
2025-07-26 10:30:40,455 - DEBUG - Collected collision time for BConcave+hConvex+4300 at IoU 0.65: nan
2025-07-26 10:30:40,455 - DEBUG - Collected collision time for BConcave+hConvex+4300 at IoU 0.7: nan
2025-07-26 10:30:40,455 - DEBUG - Collected collision time for BConcave+hConvex+4300 at IoU 0.75: nan
2025-07-26 10:30:40,456 - DEBUG - Collected collision time for BConcave+hConvex+4300 at IoU 0.8: nan
2025-07-26 10:30:40,456 - DEBUG - Collected collision time for BConcave+hConvex+4300 at IoU 0.85: nan
2025-07-26 10:30:40,456 - DEBUG - Collected collision time for BConcave+hConvex+4300 at IoU 0.9: nan
2025-07-26 10:30:40,456 - DEBUG - Collected collision time for BConcave+hConvex+4300 at IoU 0.95: nan
2025-07-26 10:30:40,456 - DEBUG - Collected collision time for BConcave+hConvex+4500_flipped at IoU 0.05: 5000.0
2025-07-26 10:30:40,457 - DEBUG - Collected collision time for BConcave+hConvex+4500_flipped at IoU 0.1: 5183.333333333334
2025-07-26 10:30:40,457 - DEBUG - Collected collision time for BConcave+hConvex+4500_flipped at IoU 0.15: 5366.666666666666
2025-07-26 10:30:40,457 - DEBUG - Collected collision time for BConcave+hConvex+4500_flipped at IoU 0.2: nan
2025-07-26 10:30:40,457 - DEBUG - Collected collision time for BConcave+hConvex+4500_flipped at IoU 0.25: nan
2025-07-26 10:30:40,457 - DEBUG - Collected collision time for BConcave+hConvex+4500_flipped at IoU 0.3: nan
2025-07-26 10:30:40,458 - DEBUG - Collected collision time for BConcave+hConvex+4500_flipped at IoU 0.35: nan
2025-07-26 10:30:40,458 - DEBUG - Collected collision time for BConcave+hConvex+4500_flipped at IoU 0.4: nan
2025-07-26 10:30:40,458 - DEBUG - Collected collision time for BConcave+hConvex+4500_flipped at IoU 0.45: nan
2025-07-26 10:30:40,458 - DEBUG - Collected collision time for BConcave+hConvex+4500_flipped at IoU 0.5: nan
2025-07-26 10:30:40,458 - DEBUG - Collected collision time for BConcave+hConvex+4500_flipped at IoU 0.55: nan
2025-07-26 10:30:40,458 - DEBUG - Collected collision time for BConcave+hConvex+4500_flipped at IoU 0.6: nan
2025-07-26 10:30:40,459 - DEBUG - Collected collision time for BConcave+hConvex+4500_flipped at IoU 0.65: nan
2025-07-26 10:30:40,459 - DEBUG - Collected collision time for BConcave+hConvex+4500_flipped at IoU 0.7: nan
2025-07-26 10:30:40,459 - DEBUG - Collected collision time for BConcave+hConvex+4500_flipped at IoU 0.75: nan
2025-07-26 10:30:40,459 - DEBUG - Collected collision time for BConcave+hConvex+4500_flipped at IoU 0.8: nan
2025-07-26 10:30:40,459 - DEBUG - Collected collision time for BConcave+hConvex+4500_flipped at IoU 0.85: nan
2025-07-26 10:30:40,459 - DEBUG - Collected collision time for BConcave+hConvex+4500_flipped at IoU 0.9: nan
2025-07-26 10:30:40,460 - DEBUG - Collected collision time for BConcave+hConvex+4500_flipped at IoU 0.95: nan
2025-07-26 10:30:40,460 - DEBUG - Collected collision time for squareA+squareP+4433+L at IoU 0.05: 4566.666666666666
2025-07-26 10:30:40,460 - DEBUG - Collected collision time for squareA+squareP+4433+L at IoU 0.1: 4616.666666666666
2025-07-26 10:30:40,460 - DEBUG - Collected collision time for squareA+squareP+4433+L at IoU 0.15: 4733.333333333333
2025-07-26 10:30:40,460 - DEBUG - Collected collision time for squareA+squareP+4433+L at IoU 0.2: 4766.666666666667
2025-07-26 10:30:40,460 - DEBUG - Collected collision time for squareA+squareP+4433+L at IoU 0.25: 4833.333333333333
2025-07-26 10:30:40,461 - DEBUG - Collected collision time for squareA+squareP+4433+L at IoU 0.3: 4866.666666666666
2025-07-26 10:30:40,461 - DEBUG - Collected collision time for squareA+squareP+4433+L at IoU 0.35: 4950.0
2025-07-26 10:30:40,461 - DEBUG - Collected collision time for squareA+squareP+4433+L at IoU 0.4: 5033.333333333333
2025-07-26 10:30:40,461 - DEBUG - Collected collision time for squareA+squareP+4433+L at IoU 0.45: 5050.0
2025-07-26 10:30:40,461 - DEBUG - Collected collision time for squareA+squareP+4433+L at IoU 0.5: 5116.666666666666
2025-07-26 10:30:40,461 - DEBUG - Collected collision time for squareA+squareP+4433+L at IoU 0.55: 5133.333333333334
2025-07-26 10:30:40,462 - DEBUG - Collected collision time for squareA+squareP+4433+L at IoU 0.6: 5216.666666666667
2025-07-26 10:30:40,462 - DEBUG - Collected collision time for squareA+squareP+4433+L at IoU 0.65: 5216.666666666667
2025-07-26 10:30:40,462 - DEBUG - Collected collision time for squareA+squareP+4433+L at IoU 0.7: 5233.333333333333
2025-07-26 10:30:40,462 - DEBUG - Collected collision time for squareA+squareP+4433+L at IoU 0.75: 5283.333333333333
2025-07-26 10:30:40,462 - DEBUG - Collected collision time for squareA+squareP+4433+L at IoU 0.8: nan
2025-07-26 10:30:40,463 - DEBUG - Collected collision time for squareA+squareP+4433+L at IoU 0.85: nan
2025-07-26 10:30:40,463 - DEBUG - Collected collision time for squareA+squareP+4433+L at IoU 0.9: nan
2025-07-26 10:30:40,463 - DEBUG - Collected collision time for squareA+squareP+4433+L at IoU 0.95: nan
2025-07-26 10:30:40,463 - DEBUG - Collected collision time for squareA+squareP+4433+R_flipped at IoU 0.05: nan
2025-07-26 10:30:40,463 - DEBUG - Collected collision time for squareA+squareP+4433+R_flipped at IoU 0.1: nan
2025-07-26 10:30:40,463 - DEBUG - Collected collision time for squareA+squareP+4433+R_flipped at IoU 0.15: nan
2025-07-26 10:30:40,464 - DEBUG - Collected collision time for squareA+squareP+4433+R_flipped at IoU 0.2: nan
2025-07-26 10:30:40,464 - DEBUG - Collected collision time for squareA+squareP+4433+R_flipped at IoU 0.25: nan
2025-07-26 10:30:40,464 - DEBUG - Collected collision time for squareA+squareP+4433+R_flipped at IoU 0.3: nan
2025-07-26 10:30:40,464 - DEBUG - Collected collision time for squareA+squareP+4433+R_flipped at IoU 0.35: nan
2025-07-26 10:30:40,464 - DEBUG - Collected collision time for squareA+squareP+4433+R_flipped at IoU 0.4: nan
2025-07-26 10:30:40,465 - DEBUG - Collected collision time for squareA+squareP+4433+R_flipped at IoU 0.45: nan
2025-07-26 10:30:40,465 - DEBUG - Collected collision time for squareA+squareP+4433+R_flipped at IoU 0.5: nan
2025-07-26 10:30:40,465 - DEBUG - Collected collision time for squareA+squareP+4433+R_flipped at IoU 0.55: nan
2025-07-26 10:30:40,465 - DEBUG - Collected collision time for squareA+squareP+4433+R_flipped at IoU 0.6: nan
2025-07-26 10:30:40,465 - DEBUG - Collected collision time for squareA+squareP+4433+R_flipped at IoU 0.65: nan
2025-07-26 10:30:40,465 - DEBUG - Collected collision time for squareA+squareP+4433+R_flipped at IoU 0.7: nan
2025-07-26 10:30:40,466 - DEBUG - Collected collision time for squareA+squareP+4433+R_flipped at IoU 0.75: nan
2025-07-26 10:30:40,466 - DEBUG - Collected collision time for squareA+squareP+4433+R_flipped at IoU 0.8: nan
2025-07-26 10:30:40,466 - DEBUG - Collected collision time for squareA+squareP+4433+R_flipped at IoU 0.85: nan
2025-07-26 10:30:40,466 - DEBUG - Collected collision time for squareA+squareP+4433+R_flipped at IoU 0.9: nan
2025-07-26 10:30:40,466 - DEBUG - Collected collision time for squareA+squareP+4433+R_flipped at IoU 0.95: nan
2025-07-26 10:30:40,466 - INFO - Collected collision data for 99 videos
2025-07-26 10:30:40,466 - INFO - Analyzing participant correlations...
2025-07-26 10:31:02,724 - INFO - Convex vs Concave analysis completed for IoU 0.05
