{
    "test_gqa_loss": 1432.7483188997066,
    "test_gqa_loss_answer_attr": 0.9938374738100216,
    "test_gqa_loss_answer_cat": 1.287293745636673,
    "test_gqa_loss_answer_global": 0.14833223723032604,
    "test_gqa_loss_answer_obj": 0.1345158393701494,
    "test_gqa_loss_answer_rel": 2.3772378648976384,
    "test_gqa_loss_answer_type": 0.0006775494555215239,
    "test_gqa_loss_bbox": 0.0,
    "test_gqa_loss_bbox_0": 0.0,
    "test_gqa_loss_bbox_1": 0.0,
    "test_gqa_loss_bbox_2": 0.0,
    "test_gqa_loss_bbox_3": 0.0,
    "test_gqa_loss_bbox_4": 0.0,
    "test_gqa_loss_ce": 8.854835137497956,
    "test_gqa_loss_ce_0": 607.4749737269988,
    "test_gqa_loss_ce_1": 392.47781697384596,
    "test_gqa_loss_ce_2": 55.999264983356305,
    "test_gqa_loss_ce_3": 77.61736235642796,
    "test_gqa_loss_ce_4": 285.3821727152403,
    "test_gqa_loss_giou": 0.0,
    "test_gqa_loss_giou_0": 0.0,
    "test_gqa_loss_giou_1": 0.0,
    "test_gqa_loss_giou_2": 0.0,
    "test_gqa_loss_giou_3": 0.0,
    "test_gqa_loss_giou_4": 0.0,
    "test_gqa_accuracy_answer_attr_unscaled": 0.6738676961303363,
    "test_gqa_accuracy_answer_cat_unscaled": 0.7412330808524553,
    "test_gqa_accuracy_answer_global_unscaled": 0.9568527918781726,
    "test_gqa_accuracy_answer_obj_unscaled": 0.9541032144866014,
    "test_gqa_accuracy_answer_rel_unscaled": 0.5059478534811039,
    "test_gqa_accuracy_answer_total_unscaled": 0.5890704314720813,
    "test_gqa_accuracy_answer_type_unscaled": 0.9996827411167513,
    "test_gqa_cardinality_error_unscaled": 2.3263959388442452,
    "test_gqa_cardinality_error_0_unscaled": 94.95371192118843,
    "test_gqa_cardinality_error_1_unscaled": 99.99992068527919,
    "test_gqa_cardinality_error_2_unscaled": 19.78776967101896,
    "test_gqa_cardinality_error_3_unscaled": 30.50475888324873,
    "test_gqa_cardinality_error_4_unscaled": 67.46265862556884,
    "test_gqa_loss_answer_attr_unscaled": 0.9938374738100216,
    "test_gqa_loss_answer_cat_unscaled": 1.287293745636673,
    "test_gqa_loss_answer_global_unscaled": 0.14833223723032604,
    "test_gqa_loss_answer_obj_unscaled": 0.1345158393701494,
    "test_gqa_loss_answer_rel_unscaled": 2.3772378648976384,
    "test_gqa_loss_answer_type_unscaled": 0.0006775494555215239,
    "test_gqa_loss_bbox_unscaled": 0.0,
    "test_gqa_loss_bbox_0_unscaled": 0.0,
    "test_gqa_loss_bbox_1_unscaled": 0.0,
    "test_gqa_loss_bbox_2_unscaled": 0.0,
    "test_gqa_loss_bbox_3_unscaled": 0.0,
    "test_gqa_loss_bbox_4_unscaled": 0.0,
    "test_gqa_loss_ce_unscaled": 8.854835137497956,
    "test_gqa_loss_ce_0_unscaled": 607.4749737269988,
    "test_gqa_loss_ce_1_unscaled": 392.47781697384596,
    "test_gqa_loss_ce_2_unscaled": 55.999264983356305,
    "test_gqa_loss_ce_3_unscaled": 77.61736235642796,
    "test_gqa_loss_ce_4_unscaled": 285.3821727152403,
    "test_gqa_loss_giou_unscaled": 0.0,
    "test_gqa_loss_giou_0_unscaled": 0.0,
    "test_gqa_loss_giou_1_unscaled": 0.0,
    "test_gqa_loss_giou_2_unscaled": 0.0,
    "test_gqa_loss_giou_3_unscaled": 0.0,
    "test_gqa_loss_giou_4_unscaled": 0.0,
    "test_gqa_coco_eval_bbox": [
        -1.0,
        -1.0,
        -1.0,
        -1.0,
        -1.0,
        -1.0,
        -1.0,
        -1.0,
        -1.0,
        -1.0,
        -1.0,
        -1.0
    ],
    "n_parameters": 185847022
}