{
    "test_gqa_loss": 1435.9817446016418,
    "test_gqa_loss_answer_attr": 0.9804697408893992,
    "test_gqa_loss_answer_cat": 1.2651413040580637,
    "test_gqa_loss_answer_global": 0.15355567892754896,
    "test_gqa_loss_answer_obj": 0.13192206216590935,
    "test_gqa_loss_answer_rel": 2.3505400019475653,
    "test_gqa_loss_answer_type": 0.0007827040805986038,
    "test_gqa_loss_bbox": 0.0,
    "test_gqa_loss_bbox_0": 0.0,
    "test_gqa_loss_bbox_1": 0.0,
    "test_gqa_loss_bbox_2": 0.0,
    "test_gqa_loss_bbox_3": 0.0,
    "test_gqa_loss_bbox_4": 0.0,
    "test_gqa_loss_ce": 8.745730680862659,
    "test_gqa_loss_ce_0": 612.7655697740274,
    "test_gqa_loss_ce_1": 390.7432520522684,
    "test_gqa_loss_ce_2": 55.81055818354418,
    "test_gqa_loss_ce_3": 78.78606267628936,
    "test_gqa_loss_ce_4": 284.2481621679316,
    "test_gqa_loss_giou": 0.0,
    "test_gqa_loss_giou_0": 0.0,
    "test_gqa_loss_giou_1": 0.0,
    "test_gqa_loss_giou_2": 0.0,
    "test_gqa_loss_giou_3": 0.0,
    "test_gqa_loss_giou_4": 0.0,
    "test_gqa_accuracy_answer_attr_unscaled": 0.680632104425866,
    "test_gqa_accuracy_answer_cat_unscaled": 0.7510469552072777,
    "test_gqa_accuracy_answer_global_unscaled": 0.9552664974619289,
    "test_gqa_accuracy_answer_obj_unscaled": 0.9561125209488844,
    "test_gqa_accuracy_answer_rel_unscaled": 0.5127779845205055,
    "test_gqa_accuracy_answer_total_unscaled": 0.5953362944162437,
    "test_gqa_accuracy_answer_type_unscaled": 0.9996034263959391,
    "test_gqa_cardinality_error_unscaled": 2.3555361679967888,
    "test_gqa_cardinality_error_0_unscaled": 95.15345814506415,
    "test_gqa_cardinality_error_1_unscaled": 99.99992068527919,
    "test_gqa_cardinality_error_2_unscaled": 19.717052667879212,
    "test_gqa_cardinality_error_3_unscaled": 30.924222713799647,
    "test_gqa_cardinality_error_4_unscaled": 66.76234137830396,
    "test_gqa_loss_answer_attr_unscaled": 0.9804697408893992,
    "test_gqa_loss_answer_cat_unscaled": 1.2651413040580637,
    "test_gqa_loss_answer_global_unscaled": 0.15355567892754896,
    "test_gqa_loss_answer_obj_unscaled": 0.13192206216590935,
    "test_gqa_loss_answer_rel_unscaled": 2.3505400019475653,
    "test_gqa_loss_answer_type_unscaled": 0.0007827040805986038,
    "test_gqa_loss_bbox_unscaled": 0.0,
    "test_gqa_loss_bbox_0_unscaled": 0.0,
    "test_gqa_loss_bbox_1_unscaled": 0.0,
    "test_gqa_loss_bbox_2_unscaled": 0.0,
    "test_gqa_loss_bbox_3_unscaled": 0.0,
    "test_gqa_loss_bbox_4_unscaled": 0.0,
    "test_gqa_loss_ce_unscaled": 8.745730680862659,
    "test_gqa_loss_ce_0_unscaled": 612.7655697740274,
    "test_gqa_loss_ce_1_unscaled": 390.7432520522684,
    "test_gqa_loss_ce_2_unscaled": 55.81055818354418,
    "test_gqa_loss_ce_3_unscaled": 78.78606267628936,
    "test_gqa_loss_ce_4_unscaled": 284.2481621679316,
    "test_gqa_loss_giou_unscaled": 0.0,
    "test_gqa_loss_giou_0_unscaled": 0.0,
    "test_gqa_loss_giou_1_unscaled": 0.0,
    "test_gqa_loss_giou_2_unscaled": 0.0,
    "test_gqa_loss_giou_3_unscaled": 0.0,
    "test_gqa_loss_giou_4_unscaled": 0.0,
    "test_gqa_coco_eval_bbox": [
        -1.0,
        -1.0,
        -1.0,
        -1.0,
        -1.0,
        -1.0,
        -1.0,
        -1.0,
        -1.0,
        -1.0,
        -1.0,
        -1.0
    ],
    "n_parameters": 185847022
}