{
    "test_gqa_loss": 1422.9938438144432,
    "test_gqa_loss_answer_attr": 1.0634956176813484,
    "test_gqa_loss_answer_cat": 1.3969773543501802,
    "test_gqa_loss_answer_global": 0.16223219036452102,
    "test_gqa_loss_answer_obj": 0.15509782321017612,
    "test_gqa_loss_answer_rel": 2.5152078765600465,
    "test_gqa_loss_answer_type": 0.0008293532559727176,
    "test_gqa_loss_bbox": 0.0,
    "test_gqa_loss_bbox_0": 0.0,
    "test_gqa_loss_bbox_1": 0.0,
    "test_gqa_loss_bbox_2": 0.0,
    "test_gqa_loss_bbox_3": 0.0,
    "test_gqa_loss_bbox_4": 0.0,
    "test_gqa_loss_ce": 9.188242435455322,
    "test_gqa_loss_ce_0": 592.6088975625595,
    "test_gqa_loss_ce_1": 401.9368049118119,
    "test_gqa_loss_ce_2": 54.7393007423672,
    "test_gqa_loss_ce_3": 71.04739947246416,
    "test_gqa_loss_ce_4": 288.1793458812733,
    "test_gqa_loss_giou": 0.0,
    "test_gqa_loss_giou_0": 0.0,
    "test_gqa_loss_giou_1": 0.0,
    "test_gqa_loss_giou_2": 0.0,
    "test_gqa_loss_giou_3": 0.0,
    "test_gqa_loss_giou_4": 0.0,
    "test_gqa_accuracy_answer_attr_unscaled": 0.6342314864475715,
    "test_gqa_accuracy_answer_cat_unscaled": 0.7164551616471431,
    "test_gqa_accuracy_answer_global_unscaled": 0.9524111675126904,
    "test_gqa_accuracy_answer_obj_unscaled": 0.9401438239262189,
    "test_gqa_accuracy_answer_rel_unscaled": 0.46769172006149584,
    "test_gqa_accuracy_answer_total_unscaled": 0.5521256345782788,
    "test_gqa_accuracy_answer_type_unscaled": 0.9998413705583756,
    "test_gqa_cardinality_error_unscaled": 2.1223191627996223,
    "test_gqa_cardinality_error_0_unscaled": 94.17473032994924,
    "test_gqa_cardinality_error_1_unscaled": 100.0,
    "test_gqa_cardinality_error_2_unscaled": 19.313499363545837,
    "test_gqa_cardinality_error_3_unscaled": 28.20088833842786,
    "test_gqa_cardinality_error_4_unscaled": 69.90323604060913,
    "test_gqa_loss_answer_attr_unscaled": 1.0634956176813484,
    "test_gqa_loss_answer_cat_unscaled": 1.3969773543501802,
    "test_gqa_loss_answer_global_unscaled": 0.16223219036452102,
    "test_gqa_loss_answer_obj_unscaled": 0.15509782321017612,
    "test_gqa_loss_answer_rel_unscaled": 2.5152078765600465,
    "test_gqa_loss_answer_type_unscaled": 0.0008293532559727176,
    "test_gqa_loss_bbox_unscaled": 0.0,
    "test_gqa_loss_bbox_0_unscaled": 0.0,
    "test_gqa_loss_bbox_1_unscaled": 0.0,
    "test_gqa_loss_bbox_2_unscaled": 0.0,
    "test_gqa_loss_bbox_3_unscaled": 0.0,
    "test_gqa_loss_bbox_4_unscaled": 0.0,
    "test_gqa_loss_ce_unscaled": 9.188242435455322,
    "test_gqa_loss_ce_0_unscaled": 592.6088975625595,
    "test_gqa_loss_ce_1_unscaled": 401.9368049118119,
    "test_gqa_loss_ce_2_unscaled": 54.7393007423672,
    "test_gqa_loss_ce_3_unscaled": 71.04739947246416,
    "test_gqa_loss_ce_4_unscaled": 288.1793458812733,
    "test_gqa_loss_giou_unscaled": 0.0,
    "test_gqa_loss_giou_0_unscaled": 0.0,
    "test_gqa_loss_giou_1_unscaled": 0.0,
    "test_gqa_loss_giou_2_unscaled": 0.0,
    "test_gqa_loss_giou_3_unscaled": 0.0,
    "test_gqa_loss_giou_4_unscaled": 0.0,
    "test_gqa_coco_eval_bbox": [
        -1.0,
        -1.0,
        -1.0,
        -1.0,
        -1.0,
        -1.0,
        -1.0,
        -1.0,
        -1.0,
        -1.0,
        -1.0,
        -1.0
    ],
    "n_parameters": 185847022
}