{
    "test_gqa_loss": 1433.0647102781963,
    "test_gqa_loss_answer_attr": 0.98462039776865,
    "test_gqa_loss_answer_cat": 1.2575425221709944,
    "test_gqa_loss_answer_global": 0.14493546327449727,
    "test_gqa_loss_answer_obj": 0.13201863749519774,
    "test_gqa_loss_answer_rel": 2.3223876124484284,
    "test_gqa_loss_answer_type": 0.0007387722887195999,
    "test_gqa_loss_bbox": 0.0,
    "test_gqa_loss_bbox_0": 0.0,
    "test_gqa_loss_bbox_1": 0.0,
    "test_gqa_loss_bbox_2": 0.0,
    "test_gqa_loss_bbox_3": 0.0,
    "test_gqa_loss_bbox_4": 0.0,
    "test_gqa_loss_ce": 8.836790457594818,
    "test_gqa_loss_ce_0": 607.5625355522039,
    "test_gqa_loss_ce_1": 392.06197872258684,
    "test_gqa_loss_ce_2": 56.085467575770345,
    "test_gqa_loss_ce_3": 78.5446774826437,
    "test_gqa_loss_ce_4": 285.1310214899518,
    "test_gqa_loss_giou": 0.0,
    "test_gqa_loss_giou_0": 0.0,
    "test_gqa_loss_giou_1": 0.0,
    "test_gqa_loss_giou_2": 0.0,
    "test_gqa_loss_giou_3": 0.0,
    "test_gqa_loss_giou_4": 0.0,
    "test_gqa_accuracy_answer_attr_unscaled": 0.6709670427486981,
    "test_gqa_accuracy_answer_cat_unscaled": 0.7505393415538187,
    "test_gqa_accuracy_answer_global_unscaled": 0.9571700507614214,
    "test_gqa_accuracy_answer_obj_unscaled": 0.9546319799979931,
    "test_gqa_accuracy_answer_rel_unscaled": 0.5045904399174724,
    "test_gqa_accuracy_answer_total_unscaled": 0.5886738578680203,
    "test_gqa_accuracy_answer_type_unscaled": 0.9996827411167513,
    "test_gqa_cardinality_error_unscaled": 2.3435279191447997,
    "test_gqa_cardinality_error_0_unscaled": 94.84758882474173,
    "test_gqa_cardinality_error_1_unscaled": 100.0,
    "test_gqa_cardinality_error_2_unscaled": 19.7714942893401,
    "test_gqa_cardinality_error_3_unscaled": 30.903267768433857,
    "test_gqa_cardinality_error_4_unscaled": 67.32244605824427,
    "test_gqa_loss_answer_attr_unscaled": 0.98462039776865,
    "test_gqa_loss_answer_cat_unscaled": 1.2575425221709944,
    "test_gqa_loss_answer_global_unscaled": 0.14493546327449727,
    "test_gqa_loss_answer_obj_unscaled": 0.13201863749519774,
    "test_gqa_loss_answer_rel_unscaled": 2.3223876124484284,
    "test_gqa_loss_answer_type_unscaled": 0.0007387722887195999,
    "test_gqa_loss_bbox_unscaled": 0.0,
    "test_gqa_loss_bbox_0_unscaled": 0.0,
    "test_gqa_loss_bbox_1_unscaled": 0.0,
    "test_gqa_loss_bbox_2_unscaled": 0.0,
    "test_gqa_loss_bbox_3_unscaled": 0.0,
    "test_gqa_loss_bbox_4_unscaled": 0.0,
    "test_gqa_loss_ce_unscaled": 8.836790457594818,
    "test_gqa_loss_ce_0_unscaled": 607.5625355522039,
    "test_gqa_loss_ce_1_unscaled": 392.06197872258684,
    "test_gqa_loss_ce_2_unscaled": 56.085467575770345,
    "test_gqa_loss_ce_3_unscaled": 78.5446774826437,
    "test_gqa_loss_ce_4_unscaled": 285.1310214899518,
    "test_gqa_loss_giou_unscaled": 0.0,
    "test_gqa_loss_giou_0_unscaled": 0.0,
    "test_gqa_loss_giou_1_unscaled": 0.0,
    "test_gqa_loss_giou_2_unscaled": 0.0,
    "test_gqa_loss_giou_3_unscaled": 0.0,
    "test_gqa_loss_giou_4_unscaled": 0.0,
    "test_gqa_coco_eval_bbox": [
        -1.0,
        -1.0,
        -1.0,
        -1.0,
        -1.0,
        -1.0,
        -1.0,
        -1.0,
        -1.0,
        -1.0,
        -1.0,
        -1.0
    ],
    "n_parameters": 185847022
}