{
    "test_gqa_loss": 1433.7304225863538,
    "test_gqa_loss_answer_attr": 0.9929429505984795,
    "test_gqa_loss_answer_cat": 1.288621728708972,
    "test_gqa_loss_answer_global": 0.14923130352291467,
    "test_gqa_loss_answer_obj": 0.13367710773966332,
    "test_gqa_loss_answer_rel": 2.364796110594333,
    "test_gqa_loss_answer_type": 0.0006599107194912747,
    "test_gqa_loss_bbox": 0.0,
    "test_gqa_loss_bbox_0": 0.0,
    "test_gqa_loss_bbox_1": 0.0,
    "test_gqa_loss_bbox_2": 0.0,
    "test_gqa_loss_bbox_3": 0.0,
    "test_gqa_loss_bbox_4": 0.0,
    "test_gqa_loss_ce": 8.814784543768404,
    "test_gqa_loss_ce_0": 609.1817475139792,
    "test_gqa_loss_ce_1": 391.38329923213433,
    "test_gqa_loss_ce_2": 55.83842639632636,
    "test_gqa_loss_ce_3": 78.33694291477882,
    "test_gqa_loss_ce_4": 285.24528871332933,
    "test_gqa_loss_giou": 0.0,
    "test_gqa_loss_giou_0": 0.0,
    "test_gqa_loss_giou_1": 0.0,
    "test_gqa_loss_giou_2": 0.0,
    "test_gqa_loss_giou_3": 0.0,
    "test_gqa_loss_giou_4": 0.0,
    "test_gqa_accuracy_answer_attr_unscaled": 0.6696156702065831,
    "test_gqa_accuracy_answer_cat_unscaled": 0.7441941635673723,
    "test_gqa_accuracy_answer_global_unscaled": 0.9549492385786802,
    "test_gqa_accuracy_answer_obj_unscaled": 0.9529399324189588,
    "test_gqa_accuracy_answer_rel_unscaled": 0.5080175909596651,
    "test_gqa_accuracy_answer_total_unscaled": 0.5883883249941211,
    "test_gqa_accuracy_answer_type_unscaled": 0.9997620558375635,
    "test_gqa_cardinality_error_unscaled": 2.3263483507379057,
    "test_gqa_cardinality_error_0_unscaled": 94.975539386575,
    "test_gqa_cardinality_error_1_unscaled": 100.0,
    "test_gqa_cardinality_error_2_unscaled": 19.753362941257844,
    "test_gqa_cardinality_error_3_unscaled": 30.77295368213944,
    "test_gqa_cardinality_error_4_unscaled": 67.19750953325766,
    "test_gqa_loss_answer_attr_unscaled": 0.9929429505984795,
    "test_gqa_loss_answer_cat_unscaled": 1.288621728708972,
    "test_gqa_loss_answer_global_unscaled": 0.14923130352291467,
    "test_gqa_loss_answer_obj_unscaled": 0.13367710773966332,
    "test_gqa_loss_answer_rel_unscaled": 2.364796110594333,
    "test_gqa_loss_answer_type_unscaled": 0.0006599107194912747,
    "test_gqa_loss_bbox_unscaled": 0.0,
    "test_gqa_loss_bbox_0_unscaled": 0.0,
    "test_gqa_loss_bbox_1_unscaled": 0.0,
    "test_gqa_loss_bbox_2_unscaled": 0.0,
    "test_gqa_loss_bbox_3_unscaled": 0.0,
    "test_gqa_loss_bbox_4_unscaled": 0.0,
    "test_gqa_loss_ce_unscaled": 8.814784543768404,
    "test_gqa_loss_ce_0_unscaled": 609.1817475139792,
    "test_gqa_loss_ce_1_unscaled": 391.38329923213433,
    "test_gqa_loss_ce_2_unscaled": 55.83842639632636,
    "test_gqa_loss_ce_3_unscaled": 78.33694291477882,
    "test_gqa_loss_ce_4_unscaled": 285.24528871332933,
    "test_gqa_loss_giou_unscaled": 0.0,
    "test_gqa_loss_giou_0_unscaled": 0.0,
    "test_gqa_loss_giou_1_unscaled": 0.0,
    "test_gqa_loss_giou_2_unscaled": 0.0,
    "test_gqa_loss_giou_3_unscaled": 0.0,
    "test_gqa_loss_giou_4_unscaled": 0.0,
    "test_gqa_coco_eval_bbox": [
        -1.0,
        -1.0,
        -1.0,
        -1.0,
        -1.0,
        -1.0,
        -1.0,
        -1.0,
        -1.0,
        -1.0,
        -1.0,
        -1.0
    ],
    "n_parameters": 185847022
}