{
    "test_gqa_loss": 1368.1144241875197,
    "test_gqa_loss_answer_attr": 1.1340985302695163,
    "test_gqa_loss_answer_cat": 2.0280780221179286,
    "test_gqa_loss_answer_global": 0.2796335441787701,
    "test_gqa_loss_answer_obj": 0.2502428227225473,
    "test_gqa_loss_answer_rel": 3.4264820603852346,
    "test_gqa_loss_answer_type": 0.0008769291695533853,
    "test_gqa_loss_bbox": 0.0,
    "test_gqa_loss_bbox_0": 0.0,
    "test_gqa_loss_bbox_1": 0.0,
    "test_gqa_loss_bbox_2": 0.0,
    "test_gqa_loss_bbox_3": 0.0,
    "test_gqa_loss_bbox_4": 0.0,
    "test_gqa_loss_ce": 10.64111257446599,
    "test_gqa_loss_ce_0": 559.7908453771911,
    "test_gqa_loss_ce_1": 416.42607449759083,
    "test_gqa_loss_ce_2": 51.970153857003616,
    "test_gqa_loss_ce_3": 49.8640841760006,
    "test_gqa_loss_ce_4": 272.30273476227893,
    "test_gqa_loss_giou": 0.0,
    "test_gqa_loss_giou_0": 0.0,
    "test_gqa_loss_giou_1": 0.0,
    "test_gqa_loss_giou_2": 0.0,
    "test_gqa_loss_giou_3": 0.0,
    "test_gqa_loss_giou_4": 0.0,
    "test_gqa_accuracy_answer_attr_unscaled": 0.5760900184587778,
    "test_gqa_accuracy_answer_cat_unscaled": 0.6131768191828946,
    "test_gqa_accuracy_answer_global_unscaled": 0.9333756345177665,
    "test_gqa_accuracy_answer_obj_unscaled": 0.8989001697090071,
    "test_gqa_accuracy_answer_rel_unscaled": 0.3418827090166547,
    "test_gqa_accuracy_answer_total_unscaled": 0.4413388326083343,
    "test_gqa_accuracy_answer_type_unscaled": 0.9995241116751269,
    "test_gqa_cardinality_error_unscaled": 1.4743654818704286,
    "test_gqa_cardinality_error_0_unscaled": 93.53992702271127,
    "test_gqa_cardinality_error_1_unscaled": 100.0,
    "test_gqa_cardinality_error_2_unscaled": 18.37100253613467,
    "test_gqa_cardinality_error_3_unscaled": 20.20989848393474,
    "test_gqa_cardinality_error_4_unscaled": 73.24178302590617,
    "test_gqa_loss_answer_attr_unscaled": 1.1340985302695163,
    "test_gqa_loss_answer_cat_unscaled": 2.0280780221179286,
    "test_gqa_loss_answer_global_unscaled": 0.2796335441787701,
    "test_gqa_loss_answer_obj_unscaled": 0.2502428227225473,
    "test_gqa_loss_answer_rel_unscaled": 3.4264820603852346,
    "test_gqa_loss_answer_type_unscaled": 0.0008769291695533853,
    "test_gqa_loss_bbox_unscaled": 0.0,
    "test_gqa_loss_bbox_0_unscaled": 0.0,
    "test_gqa_loss_bbox_1_unscaled": 0.0,
    "test_gqa_loss_bbox_2_unscaled": 0.0,
    "test_gqa_loss_bbox_3_unscaled": 0.0,
    "test_gqa_loss_bbox_4_unscaled": 0.0,
    "test_gqa_loss_ce_unscaled": 10.64111257446599,
    "test_gqa_loss_ce_0_unscaled": 559.7908453771911,
    "test_gqa_loss_ce_1_unscaled": 416.42607449759083,
    "test_gqa_loss_ce_2_unscaled": 51.970153857003616,
    "test_gqa_loss_ce_3_unscaled": 49.8640841760006,
    "test_gqa_loss_ce_4_unscaled": 272.30273476227893,
    "test_gqa_loss_giou_unscaled": 0.0,
    "test_gqa_loss_giou_0_unscaled": 0.0,
    "test_gqa_loss_giou_1_unscaled": 0.0,
    "test_gqa_loss_giou_2_unscaled": 0.0,
    "test_gqa_loss_giou_3_unscaled": 0.0,
    "test_gqa_loss_giou_4_unscaled": 0.0,
    "test_gqa_coco_eval_bbox": [
        -1.0,
        -1.0,
        -1.0,
        -1.0,
        -1.0,
        -1.0,
        -1.0,
        -1.0,
        -1.0,
        -1.0,
        -1.0,
        -1.0
    ],
    "n_parameters": 185847022
}