{
    "test_gqa_loss": 1433.627238472101,
    "test_gqa_loss_answer_attr": 0.9940249469074501,
    "test_gqa_loss_answer_cat": 1.2695892379962814,
    "test_gqa_loss_answer_global": 0.15002467899234181,
    "test_gqa_loss_answer_obj": 0.13711811486450556,
    "test_gqa_loss_answer_rel": 2.3449548091077563,
    "test_gqa_loss_answer_type": 0.0007718367258436453,
    "test_gqa_loss_bbox": 0.0,
    "test_gqa_loss_bbox_0": 0.0,
    "test_gqa_loss_bbox_1": 0.0,
    "test_gqa_loss_bbox_2": 0.0,
    "test_gqa_loss_bbox_3": 0.0,
    "test_gqa_loss_bbox_4": 0.0,
    "test_gqa_loss_ce": 8.801898915150444,
    "test_gqa_loss_ce_0": 609.6648448033986,
    "test_gqa_loss_ce_1": 390.9761403659879,
    "test_gqa_loss_ce_2": 55.94348297506419,
    "test_gqa_loss_ce_3": 78.72197380646837,
    "test_gqa_loss_ce_4": 284.6224156103763,
    "test_gqa_loss_giou": 0.0,
    "test_gqa_loss_giou_0": 0.0,
    "test_gqa_loss_giou_1": 0.0,
    "test_gqa_loss_giou_2": 0.0,
    "test_gqa_loss_giou_3": 0.0,
    "test_gqa_loss_giou_4": 0.0,
    "test_gqa_accuracy_answer_attr_unscaled": 0.6730382863035057,
    "test_gqa_accuracy_answer_cat_unscaled": 0.7468379874368609,
    "test_gqa_accuracy_answer_global_unscaled": 0.9555837563451777,
    "test_gqa_accuracy_answer_obj_unscaled": 0.9521996617922323,
    "test_gqa_accuracy_answer_rel_unscaled": 0.5109922693768129,
    "test_gqa_accuracy_answer_total_unscaled": 0.5911643402225475,
    "test_gqa_accuracy_answer_type_unscaled": 0.9997620558375635,
    "test_gqa_cardinality_error_unscaled": 2.348080584240444,
    "test_gqa_cardinality_error_0_unscaled": 95.0166878095133,
    "test_gqa_cardinality_error_1_unscaled": 100.0,
    "test_gqa_cardinality_error_2_unscaled": 19.76643401112048,
    "test_gqa_cardinality_error_3_unscaled": 30.911135794547608,
    "test_gqa_cardinality_error_4_unscaled": 66.94955583756345,
    "test_gqa_loss_answer_attr_unscaled": 0.9940249469074501,
    "test_gqa_loss_answer_cat_unscaled": 1.2695892379962814,
    "test_gqa_loss_answer_global_unscaled": 0.15002467899234181,
    "test_gqa_loss_answer_obj_unscaled": 0.13711811486450556,
    "test_gqa_loss_answer_rel_unscaled": 2.3449548091077563,
    "test_gqa_loss_answer_type_unscaled": 0.0007718367258436453,
    "test_gqa_loss_bbox_unscaled": 0.0,
    "test_gqa_loss_bbox_0_unscaled": 0.0,
    "test_gqa_loss_bbox_1_unscaled": 0.0,
    "test_gqa_loss_bbox_2_unscaled": 0.0,
    "test_gqa_loss_bbox_3_unscaled": 0.0,
    "test_gqa_loss_bbox_4_unscaled": 0.0,
    "test_gqa_loss_ce_unscaled": 8.801898915150444,
    "test_gqa_loss_ce_0_unscaled": 609.6648448033986,
    "test_gqa_loss_ce_1_unscaled": 390.9761403659879,
    "test_gqa_loss_ce_2_unscaled": 55.94348297506419,
    "test_gqa_loss_ce_3_unscaled": 78.72197380646837,
    "test_gqa_loss_ce_4_unscaled": 284.6224156103763,
    "test_gqa_loss_giou_unscaled": 0.0,
    "test_gqa_loss_giou_0_unscaled": 0.0,
    "test_gqa_loss_giou_1_unscaled": 0.0,
    "test_gqa_loss_giou_2_unscaled": 0.0,
    "test_gqa_loss_giou_3_unscaled": 0.0,
    "test_gqa_loss_giou_4_unscaled": 0.0,
    "test_gqa_coco_eval_bbox": [
        -1.0,
        -1.0,
        -1.0,
        -1.0,
        -1.0,
        -1.0,
        -1.0,
        -1.0,
        -1.0,
        -1.0,
        -1.0,
        -1.0
    ],
    "n_parameters": 185847022
}