{
    "test_gqa_loss": 1427.5276904420805,
    "test_gqa_loss_answer_attr": 1.0181025797643033,
    "test_gqa_loss_answer_cat": 1.2985231820354604,
    "test_gqa_loss_answer_global": 0.15535370526535197,
    "test_gqa_loss_answer_obj": 0.1401986087408514,
    "test_gqa_loss_answer_rel": 2.4035256467192307,
    "test_gqa_loss_answer_type": 0.0007822343115698191,
    "test_gqa_loss_bbox": 0.0,
    "test_gqa_loss_bbox_0": 0.0,
    "test_gqa_loss_bbox_1": 0.0,
    "test_gqa_loss_bbox_2": 0.0,
    "test_gqa_loss_bbox_3": 0.0,
    "test_gqa_loss_bbox_4": 0.0,
    "test_gqa_loss_ce": 8.97265585545961,
    "test_gqa_loss_ce_0": 600.766646022119,
    "test_gqa_loss_ce_1": 394.8609687301713,
    "test_gqa_loss_ce_2": 55.69066524021517,
    "test_gqa_loss_ce_3": 75.51404479554462,
    "test_gqa_loss_ce_4": 286.7062185839348,
    "test_gqa_loss_giou": 0.0,
    "test_gqa_loss_giou_0": 0.0,
    "test_gqa_loss_giou_1": 0.0,
    "test_gqa_loss_giou_2": 0.0,
    "test_gqa_loss_giou_3": 0.0,
    "test_gqa_loss_giou_4": 0.0,
    "test_gqa_accuracy_answer_attr_unscaled": 0.652464807789943,
    "test_gqa_accuracy_answer_cat_unscaled": 0.7398371414333431,
    "test_gqa_accuracy_answer_global_unscaled": 0.9549492385786802,
    "test_gqa_accuracy_answer_obj_unscaled": 0.9473350253807107,
    "test_gqa_accuracy_answer_rel_unscaled": 0.48990739760967683,
    "test_gqa_accuracy_answer_total_unscaled": 0.5750634518976744,
    "test_gqa_accuracy_answer_type_unscaled": 0.9997620558375635,
    "test_gqa_cardinality_error_unscaled": 2.263721447305631,
    "test_gqa_cardinality_error_0_unscaled": 94.63862629227226,
    "test_gqa_cardinality_error_1_unscaled": 100.0,
    "test_gqa_cardinality_error_2_unscaled": 19.707947334057184,
    "test_gqa_cardinality_error_3_unscaled": 29.812277914908936,
    "test_gqa_cardinality_error_4_unscaled": 68.40283946700508,
    "test_gqa_loss_answer_attr_unscaled": 1.0181025797643033,
    "test_gqa_loss_answer_cat_unscaled": 1.2985231820354604,
    "test_gqa_loss_answer_global_unscaled": 0.15535370526535197,
    "test_gqa_loss_answer_obj_unscaled": 0.1401986087408514,
    "test_gqa_loss_answer_rel_unscaled": 2.4035256467192307,
    "test_gqa_loss_answer_type_unscaled": 0.0007822343115698191,
    "test_gqa_loss_bbox_unscaled": 0.0,
    "test_gqa_loss_bbox_0_unscaled": 0.0,
    "test_gqa_loss_bbox_1_unscaled": 0.0,
    "test_gqa_loss_bbox_2_unscaled": 0.0,
    "test_gqa_loss_bbox_3_unscaled": 0.0,
    "test_gqa_loss_bbox_4_unscaled": 0.0,
    "test_gqa_loss_ce_unscaled": 8.97265585545961,
    "test_gqa_loss_ce_0_unscaled": 600.766646022119,
    "test_gqa_loss_ce_1_unscaled": 394.8609687301713,
    "test_gqa_loss_ce_2_unscaled": 55.69066524021517,
    "test_gqa_loss_ce_3_unscaled": 75.51404479554462,
    "test_gqa_loss_ce_4_unscaled": 286.7062185839348,
    "test_gqa_loss_giou_unscaled": 0.0,
    "test_gqa_loss_giou_0_unscaled": 0.0,
    "test_gqa_loss_giou_1_unscaled": 0.0,
    "test_gqa_loss_giou_2_unscaled": 0.0,
    "test_gqa_loss_giou_3_unscaled": 0.0,
    "test_gqa_loss_giou_4_unscaled": 0.0,
    "test_gqa_coco_eval_bbox": [
        -1.0,
        -1.0,
        -1.0,
        -1.0,
        -1.0,
        -1.0,
        -1.0,
        -1.0,
        -1.0,
        -1.0,
        -1.0,
        -1.0
    ],
    "n_parameters": 185847022
}