{
    "test_gqa_loss": 1407.1614274542949,
    "test_gqa_loss_answer_attr": 1.0539342214915959,
    "test_gqa_loss_answer_cat": 1.5778988596460752,
    "test_gqa_loss_answer_global": 0.17880785959111797,
    "test_gqa_loss_answer_obj": 0.16942435096244632,
    "test_gqa_loss_answer_rel": 2.7405249092179504,
    "test_gqa_loss_answer_type": 0.0007922402801768424,
    "test_gqa_loss_bbox": 0.0,
    "test_gqa_loss_bbox_0": 0.0,
    "test_gqa_loss_bbox_1": 0.0,
    "test_gqa_loss_bbox_2": 0.0,
    "test_gqa_loss_bbox_3": 0.0,
    "test_gqa_loss_bbox_4": 0.0,
    "test_gqa_loss_ce": 9.759090210580585,
    "test_gqa_loss_ce_0": 570.4229461360098,
    "test_gqa_loss_ce_1": 406.6931765793544,
    "test_gqa_loss_ce_2": 54.67491936078532,
    "test_gqa_loss_ce_3": 67.65448776477484,
    "test_gqa_loss_ce_4": 292.2354235963773,
    "test_gqa_loss_giou": 0.0,
    "test_gqa_loss_giou_0": 0.0,
    "test_gqa_loss_giou_1": 0.0,
    "test_gqa_loss_giou_2": 0.0,
    "test_gqa_loss_giou_3": 0.0,
    "test_gqa_loss_giou_4": 0.0,
    "test_gqa_accuracy_answer_attr_unscaled": 0.6257621842592501,
    "test_gqa_accuracy_answer_cat_unscaled": 0.688652707386743,
    "test_gqa_accuracy_answer_global_unscaled": 0.9536802030456852,
    "test_gqa_accuracy_answer_obj_unscaled": 0.9327939933326643,
    "test_gqa_accuracy_answer_rel_unscaled": 0.427523724696963,
    "test_gqa_accuracy_answer_total_unscaled": 0.5198445432077204,
    "test_gqa_accuracy_answer_type_unscaled": 0.9998413705583756,
    "test_gqa_cardinality_error_unscaled": 1.997858502538071,
    "test_gqa_cardinality_error_0_unscaled": 93.22001907426089,
    "test_gqa_cardinality_error_1_unscaled": 100.0,
    "test_gqa_cardinality_error_2_unscaled": 19.348588197969544,
    "test_gqa_cardinality_error_3_unscaled": 27.259184638860866,
    "test_gqa_cardinality_error_4_unscaled": 72.60815356104507,
    "test_gqa_loss_answer_attr_unscaled": 1.0539342214915959,
    "test_gqa_loss_answer_cat_unscaled": 1.5778988596460752,
    "test_gqa_loss_answer_global_unscaled": 0.17880785959111797,
    "test_gqa_loss_answer_obj_unscaled": 0.16942435096244632,
    "test_gqa_loss_answer_rel_unscaled": 2.7405249092179504,
    "test_gqa_loss_answer_type_unscaled": 0.0007922402801768424,
    "test_gqa_loss_bbox_unscaled": 0.0,
    "test_gqa_loss_bbox_0_unscaled": 0.0,
    "test_gqa_loss_bbox_1_unscaled": 0.0,
    "test_gqa_loss_bbox_2_unscaled": 0.0,
    "test_gqa_loss_bbox_3_unscaled": 0.0,
    "test_gqa_loss_bbox_4_unscaled": 0.0,
    "test_gqa_loss_ce_unscaled": 9.759090210580585,
    "test_gqa_loss_ce_0_unscaled": 570.4229461360098,
    "test_gqa_loss_ce_1_unscaled": 406.6931765793544,
    "test_gqa_loss_ce_2_unscaled": 54.67491936078532,
    "test_gqa_loss_ce_3_unscaled": 67.65448776477484,
    "test_gqa_loss_ce_4_unscaled": 292.2354235963773,
    "test_gqa_loss_giou_unscaled": 0.0,
    "test_gqa_loss_giou_0_unscaled": 0.0,
    "test_gqa_loss_giou_1_unscaled": 0.0,
    "test_gqa_loss_giou_2_unscaled": 0.0,
    "test_gqa_loss_giou_3_unscaled": 0.0,
    "test_gqa_loss_giou_4_unscaled": 0.0,
    "test_gqa_coco_eval_bbox": [
        -1.0,
        -1.0,
        -1.0,
        -1.0,
        -1.0,
        -1.0,
        -1.0,
        -1.0,
        -1.0,
        -1.0,
        -1.0,
        -1.0
    ],
    "n_parameters": 185847022
}