2025-07-26 12:43:19,053 - INFO - Logger initialized. Writing detailed log to /home/projects/bagon/andreyg/Projects/Object_reps_neural/Programming/hugging_face/model_experiments/segformer/exp2TTC_segformer-b3-finetuned-ade-512-512/logs/ttc_exp_20250726_124319.log
2025-07-26 12:43:19,053 - INFO - VideoProcessor initialized with 2 blobs to detect
2025-07-26 12:43:19,053 - INFO - Blob 1 memory strategy: running_average
2025-07-26 12:43:19,053 - INFO - Blob 1 running average window: 10
2025-07-26 12:43:19,053 - INFO - Blob 1 memory will freeze after frame: 80
2025-07-26 12:43:19,053 - INFO - Vanilla segmentation enabled
2025-07-26 12:43:19,053 - INFO - Initialized TTC Experiment with output dir: /home/projects/bagon/andreyg/Projects/Object_reps_neural/Programming/hugging_face/model_experiments/segformer/exp2TTC_segformer-b3-finetuned-ade-512-512
2025-07-26 12:43:19,053 - INFO - Model prefix: segformer_model
2025-07-26 12:43:19,053 - INFO - TTC-specific configuration:
2025-07-26 12:43:19,053 - INFO -   - Blob 1 memory: running average of past 10 frames
2025-07-26 12:43:19,053 - INFO -   - Blob 1 memory updates stop after frame 80
2025-07-26 12:43:19,054 - INFO - Starting full TTC experiment
2025-07-26 12:43:19,054 - INFO - Found 99 video files to process
2025-07-26 12:43:19,054 - INFO - Reading participant CSV from /home/projects/bagon/andreyg/Projects/Object_reps_neural/Programming/hugging_face/model_experiments/exp2TTC_files/experiment2-CollisionDetection-Data.csv...
2025-07-26 12:43:19,072 - INFO - CSV loaded with 13974 rows and 10 columns.
2025-07-26 12:43:19,072 - INFO - Reading name mapping from /home/projects/bagon/andreyg/Projects/Object_reps_neural/Programming/hugging_face/model_experiments/exp2TTC_files/name_mapping.json...
2025-07-26 12:43:19,073 - INFO - Loaded name mapping with 96 entries.
2025-07-26 12:43:19,073 - INFO - Starting collision detection across videos and IoU thresholds...
2025-07-26 12:43:19,074 - INFO - Processing video: AConcave_FConcave
2025-07-26 12:43:19,075 - INFO - Video AConcave_FConcave already processed (found segformer_model-AConcave_FConcave.mp4), skipping video processing...
2025-07-26 12:43:19,082 - INFO - VanillaSegmentationSaver initialized with output dir: /home/projects/bagon/andreyg/Projects/Object_reps_neural/Programming/hugging_face/model_experiments/segformer/exp2TTC_segformer-b3-finetuned-ade-512-512/processed_videos/segformer_model-AConcave_FConcave/org_segmentation
2025-07-26 12:43:19,086 - INFO - All collision results already exist for AConcave_FConcave
2025-07-26 12:43:19,087 - DEBUG - Loaded collision time for AConcave_FConcave at IoU 0.05: 4016.6666666666665
2025-07-26 12:43:19,087 - DEBUG - Loaded collision time for AConcave_FConcave at IoU 0.1: 4016.6666666666665
2025-07-26 12:43:19,088 - DEBUG - Loaded collision time for AConcave_FConcave at IoU 0.15: 4016.6666666666665
2025-07-26 12:43:19,089 - DEBUG - Loaded collision time for AConcave_FConcave at IoU 0.2: nan
2025-07-26 12:43:19,089 - DEBUG - Loaded collision time for AConcave_FConcave at IoU 0.25: nan
2025-07-26 12:43:19,090 - DEBUG - Loaded collision time for AConcave_FConcave at IoU 0.3: nan
2025-07-26 12:43:19,091 - DEBUG - Loaded collision time for AConcave_FConcave at IoU 0.35: nan
2025-07-26 12:43:19,092 - DEBUG - Loaded collision time for AConcave_FConcave at IoU 0.4: nan
2025-07-26 12:43:19,092 - DEBUG - Loaded collision time for AConcave_FConcave at IoU 0.45: nan
2025-07-26 12:43:19,093 - DEBUG - Loaded collision time for AConcave_FConcave at IoU 0.5: nan
2025-07-26 12:43:19,094 - DEBUG - Loaded collision time for AConcave_FConcave at IoU 0.55: nan
2025-07-26 12:43:19,094 - DEBUG - Loaded collision time for AConcave_FConcave at IoU 0.6: nan
2025-07-26 12:43:19,095 - DEBUG - Loaded collision time for AConcave_FConcave at IoU 0.65: nan
2025-07-26 12:43:19,095 - DEBUG - Loaded collision time for AConcave_FConcave at IoU 0.7: nan
2025-07-26 12:43:19,096 - DEBUG - Loaded collision time for AConcave_FConcave at IoU 0.75: nan
2025-07-26 12:43:19,097 - DEBUG - Loaded collision time for AConcave_FConcave at IoU 0.8: nan
2025-07-26 12:43:19,098 - DEBUG - Loaded collision time for AConcave_FConcave at IoU 0.85: nan
2025-07-26 12:43:19,098 - DEBUG - Loaded collision time for AConcave_FConcave at IoU 0.9: nan
2025-07-26 12:43:19,099 - DEBUG - Loaded collision time for AConcave_FConcave at IoU 0.95: nan
2025-07-26 12:43:19,099 - INFO - Processing video: BConcave+AConcave+3500
2025-07-26 12:43:19,101 - INFO - Video BConcave+AConcave+3500 already processed (found segformer_model-BConcave+AConcave+3500.mp4), skipping video processing...
2025-07-26 12:43:19,108 - INFO - VanillaSegmentationSaver initialized with output dir: /home/projects/bagon/andreyg/Projects/Object_reps_neural/Programming/hugging_face/model_experiments/segformer/exp2TTC_segformer-b3-finetuned-ade-512-512/processed_videos/segformer_model-BConcave+AConcave+3500/org_segmentation
2025-07-26 12:43:19,112 - INFO - All collision results already exist for BConcave+AConcave+3500
2025-07-26 12:43:19,113 - DEBUG - Loaded collision time for BConcave+AConcave+3500 at IoU 0.05: nan
2025-07-26 12:43:19,113 - DEBUG - Loaded collision time for BConcave+AConcave+3500 at IoU 0.1: nan
2025-07-26 12:43:19,114 - DEBUG - Loaded collision time for BConcave+AConcave+3500 at IoU 0.15: nan
2025-07-26 12:43:19,114 - DEBUG - Loaded collision time for BConcave+AConcave+3500 at IoU 0.2: nan
2025-07-26 12:43:19,115 - DEBUG - Loaded collision time for BConcave+AConcave+3500 at IoU 0.25: nan
2025-07-26 12:43:19,116 - DEBUG - Loaded collision time for BConcave+AConcave+3500 at IoU 0.3: nan
2025-07-26 12:43:19,117 - DEBUG - Loaded collision time for BConcave+AConcave+3500 at IoU 0.35: nan
2025-07-26 12:43:19,117 - DEBUG - Loaded collision time for BConcave+AConcave+3500 at IoU 0.4: nan
2025-07-26 12:43:19,118 - DEBUG - Loaded collision time for BConcave+AConcave+3500 at IoU 0.45: nan
2025-07-26 12:43:19,119 - DEBUG - Loaded collision time for BConcave+AConcave+3500 at IoU 0.5: nan
2025-07-26 12:43:19,119 - DEBUG - Loaded collision time for BConcave+AConcave+3500 at IoU 0.55: nan
2025-07-26 12:43:19,120 - DEBUG - Loaded collision time for BConcave+AConcave+3500 at IoU 0.6: nan
2025-07-26 12:43:19,121 - DEBUG - Loaded collision time for BConcave+AConcave+3500 at IoU 0.65: nan
2025-07-26 12:43:19,121 - DEBUG - Loaded collision time for BConcave+AConcave+3500 at IoU 0.7: nan
2025-07-26 12:43:19,122 - DEBUG - Loaded collision time for BConcave+AConcave+3500 at IoU 0.75: nan
2025-07-26 12:43:19,123 - DEBUG - Loaded collision time for BConcave+AConcave+3500 at IoU 0.8: nan
2025-07-26 12:43:19,123 - DEBUG - Loaded collision time for BConcave+AConcave+3500 at IoU 0.85: nan
2025-07-26 12:43:19,124 - DEBUG - Loaded collision time for BConcave+AConcave+3500 at IoU 0.9: nan
2025-07-26 12:43:19,125 - DEBUG - Loaded collision time for BConcave+AConcave+3500 at IoU 0.95: nan
2025-07-26 12:43:19,125 - INFO - Processing video: BConcave+AConcave+3700_flipped
2025-07-26 12:43:19,126 - INFO - Video BConcave+AConcave+3700_flipped already processed (found segformer_model-BConcave+AConcave+3700_flipped.mp4), skipping video processing...
2025-07-26 12:43:19,132 - INFO - VanillaSegmentationSaver initialized with output dir: /home/projects/bagon/andreyg/Projects/Object_reps_neural/Programming/hugging_face/model_experiments/segformer/exp2TTC_segformer-b3-finetuned-ade-512-512/processed_videos/segformer_model-BConcave+AConcave+3700_flipped/org_segmentation
2025-07-26 12:43:19,136 - INFO - All collision results already exist for BConcave+AConcave+3700_flipped
2025-07-26 12:43:19,137 - DEBUG - Loaded collision time for BConcave+AConcave+3700_flipped at IoU 0.05: nan
2025-07-26 12:43:19,137 - DEBUG - Loaded collision time for BConcave+AConcave+3700_flipped at IoU 0.1: nan
2025-07-26 12:43:19,138 - DEBUG - Loaded collision time for BConcave+AConcave+3700_flipped at IoU 0.15: nan
2025-07-26 12:43:19,139 - DEBUG - Loaded collision time for BConcave+AConcave+3700_flipped at IoU 0.2: nan
2025-07-26 12:43:19,139 - DEBUG - Loaded collision time for BConcave+AConcave+3700_flipped at IoU 0.25: nan
2025-07-26 12:43:19,140 - DEBUG - Loaded collision time for BConcave+AConcave+3700_flipped at IoU 0.3: nan
2025-07-26 12:43:19,141 - DEBUG - Loaded collision time for BConcave+AConcave+3700_flipped at IoU 0.35: nan
2025-07-26 12:43:19,141 - DEBUG - Loaded collision time for BConcave+AConcave+3700_flipped at IoU 0.4: nan
2025-07-26 12:43:19,142 - DEBUG - Loaded collision time for BConcave+AConcave+3700_flipped at IoU 0.45: nan
2025-07-26 12:43:19,142 - DEBUG - Loaded collision time for BConcave+AConcave+3700_flipped at IoU 0.5: nan
2025-07-26 12:43:19,143 - DEBUG - Loaded collision time for BConcave+AConcave+3700_flipped at IoU 0.55: nan
2025-07-26 12:43:19,144 - DEBUG - Loaded collision time for BConcave+AConcave+3700_flipped at IoU 0.6: nan
2025-07-26 12:43:19,144 - DEBUG - Loaded collision time for BConcave+AConcave+3700_flipped at IoU 0.65: nan
2025-07-26 12:43:19,145 - DEBUG - Loaded collision time for BConcave+AConcave+3700_flipped at IoU 0.7: nan
2025-07-26 12:43:19,145 - DEBUG - Loaded collision time for BConcave+AConcave+3700_flipped at IoU 0.75: nan
2025-07-26 12:43:19,146 - DEBUG - Loaded collision time for BConcave+AConcave+3700_flipped at IoU 0.8: nan
2025-07-26 12:43:19,147 - DEBUG - Loaded collision time for BConcave+AConcave+3700_flipped at IoU 0.85: nan
2025-07-26 12:43:19,147 - DEBUG - Loaded collision time for BConcave+AConcave+3700_flipped at IoU 0.9: nan
2025-07-26 12:43:19,148 - DEBUG - Loaded collision time for BConcave+AConcave+3700_flipped at IoU 0.95: nan
2025-07-26 12:43:19,148 - INFO - Processing video: BConcave+AConcave+3900
2025-07-26 12:43:19,149 - INFO - Video BConcave+AConcave+3900 already processed (found segformer_model-BConcave+AConcave+3900.mp4), skipping video processing...
2025-07-26 12:43:19,156 - INFO - VanillaSegmentationSaver initialized with output dir: /home/projects/bagon/andreyg/Projects/Object_reps_neural/Programming/hugging_face/model_experiments/segformer/exp2TTC_segformer-b3-finetuned-ade-512-512/processed_videos/segformer_model-BConcave+AConcave+3900/org_segmentation
2025-07-26 12:43:19,160 - INFO - All collision results already exist for BConcave+AConcave+3900
2025-07-26 12:43:19,161 - DEBUG - Loaded collision time for BConcave+AConcave+3900 at IoU 0.05: 4133.333333333334
2025-07-26 12:43:19,162 - DEBUG - Loaded collision time for BConcave+AConcave+3900 at IoU 0.1: 4216.666666666667
2025-07-26 12:43:19,163 - DEBUG - Loaded collision time for BConcave+AConcave+3900 at IoU 0.15: 4283.333333333333
2025-07-26 12:43:19,164 - DEBUG - Loaded collision time for BConcave+AConcave+3900 at IoU 0.2: 4350.0
2025-07-26 12:43:19,165 - DEBUG - Loaded collision time for BConcave+AConcave+3900 at IoU 0.25: 4450.0
2025-07-26 12:43:19,166 - DEBUG - Loaded collision time for BConcave+AConcave+3900 at IoU 0.3: 4500.0
2025-07-26 12:43:19,167 - DEBUG - Loaded collision time for BConcave+AConcave+3900 at IoU 0.35: nan
2025-07-26 12:43:19,168 - DEBUG - Loaded collision time for BConcave+AConcave+3900 at IoU 0.4: nan
2025-07-26 12:43:19,168 - DEBUG - Loaded collision time for BConcave+AConcave+3900 at IoU 0.45: nan
2025-07-26 12:43:19,169 - DEBUG - Loaded collision time for BConcave+AConcave+3900 at IoU 0.5: nan
2025-07-26 12:43:19,170 - DEBUG - Loaded collision time for BConcave+AConcave+3900 at IoU 0.55: nan
2025-07-26 12:43:19,171 - DEBUG - Loaded collision time for BConcave+AConcave+3900 at IoU 0.6: nan
2025-07-26 12:43:19,172 - DEBUG - Loaded collision time for BConcave+AConcave+3900 at IoU 0.65: nan
2025-07-26 12:43:19,173 - DEBUG - Loaded collision time for BConcave+AConcave+3900 at IoU 0.7: nan
2025-07-26 12:43:19,174 - DEBUG - Loaded collision time for BConcave+AConcave+3900 at IoU 0.75: nan
2025-07-26 12:43:19,175 - DEBUG - Loaded collision time for BConcave+AConcave+3900 at IoU 0.8: nan
2025-07-26 12:43:19,175 - DEBUG - Loaded collision time for BConcave+AConcave+3900 at IoU 0.85: nan
2025-07-26 12:43:19,176 - DEBUG - Loaded collision time for BConcave+AConcave+3900 at IoU 0.9: nan
2025-07-26 12:43:19,177 - DEBUG - Loaded collision time for BConcave+AConcave+3900 at IoU 0.95: nan
2025-07-26 12:43:19,177 - INFO - Processing video: BConcave+AConcave+4100_flipped
2025-07-26 12:43:19,179 - INFO - Video BConcave+AConcave+4100_flipped already processed (found segformer_model-BConcave+AConcave+4100_flipped.mp4), skipping video processing...
2025-07-26 12:43:19,187 - INFO - VanillaSegmentationSaver initialized with output dir: /home/projects/bagon/andreyg/Projects/Object_reps_neural/Programming/hugging_face/model_experiments/segformer/exp2TTC_segformer-b3-finetuned-ade-512-512/processed_videos/segformer_model-BConcave+AConcave+4100_flipped/org_segmentation
2025-07-26 12:43:19,192 - INFO - All collision results already exist for BConcave+AConcave+4100_flipped
2025-07-26 12:43:19,193 - DEBUG - Loaded collision time for BConcave+AConcave+4100_flipped at IoU 0.05: 4333.333333333333
2025-07-26 12:43:19,194 - DEBUG - Loaded collision time for BConcave+AConcave+4100_flipped at IoU 0.1: 4416.666666666667
2025-07-26 12:43:19,195 - DEBUG - Loaded collision time for BConcave+AConcave+4100_flipped at IoU 0.15: 4500.0
2025-07-26 12:43:19,196 - DEBUG - Loaded collision time for BConcave+AConcave+4100_flipped at IoU 0.2: 4566.666666666666
2025-07-26 12:43:19,196 - DEBUG - Loaded collision time for BConcave+AConcave+4100_flipped at IoU 0.25: 4633.333333333334
2025-07-26 12:43:19,197 - DEBUG - Loaded collision time for BConcave+AConcave+4100_flipped at IoU 0.3: 4716.666666666667
2025-07-26 12:43:19,198 - DEBUG - Loaded collision time for BConcave+AConcave+4100_flipped at IoU 0.35: nan
2025-07-26 12:43:19,199 - DEBUG - Loaded collision time for BConcave+AConcave+4100_flipped at IoU 0.4: nan
2025-07-26 12:43:19,200 - DEBUG - Loaded collision time for BConcave+AConcave+4100_flipped at IoU 0.45: nan
2025-07-26 12:43:19,201 - DEBUG - Loaded collision time for BConcave+AConcave+4100_flipped at IoU 0.5: nan
2025-07-26 12:43:19,202 - DEBUG - Loaded collision time for BConcave+AConcave+4100_flipped at IoU 0.55: nan
2025-07-26 12:43:19,203 - DEBUG - Loaded collision time for BConcave+AConcave+4100_flipped at IoU 0.6: nan
2025-07-26 12:43:19,204 - DEBUG - Loaded collision time for BConcave+AConcave+4100_flipped at IoU 0.65: nan
2025-07-26 12:43:19,205 - DEBUG - Loaded collision time for BConcave+AConcave+4100_flipped at IoU 0.7: nan
2025-07-26 12:43:19,205 - DEBUG - Loaded collision time for BConcave+AConcave+4100_flipped at IoU 0.75: nan
2025-07-26 12:43:19,206 - DEBUG - Loaded collision time for BConcave+AConcave+4100_flipped at IoU 0.8: nan
2025-07-26 12:43:19,207 - DEBUG - Loaded collision time for BConcave+AConcave+4100_flipped at IoU 0.85: nan
2025-07-26 12:43:19,208 - DEBUG - Loaded collision time for BConcave+AConcave+4100_flipped at IoU 0.9: nan
2025-07-26 12:43:19,209 - DEBUG - Loaded collision time for BConcave+AConcave+4100_flipped at IoU 0.95: nan
2025-07-26 12:43:19,209 - INFO - Processing video: BConcave+AConcave+4300
2025-07-26 12:43:19,211 - INFO - Video BConcave+AConcave+4300 already processed (found segformer_model-BConcave+AConcave+4300.mp4), skipping video processing...
2025-07-26 12:43:19,218 - INFO - VanillaSegmentationSaver initialized with output dir: /home/projects/bagon/andreyg/Projects/Object_reps_neural/Programming/hugging_face/model_experiments/segformer/exp2TTC_segformer-b3-finetuned-ade-512-512/processed_videos/segformer_model-BConcave+AConcave+4300/org_segmentation
2025-07-26 12:43:19,223 - INFO - All collision results already exist for BConcave+AConcave+4300
2025-07-26 12:43:19,224 - DEBUG - Loaded collision time for BConcave+AConcave+4300 at IoU 0.05: 4500.0
2025-07-26 12:43:19,225 - DEBUG - Loaded collision time for BConcave+AConcave+4300 at IoU 0.1: 4583.333333333333
2025-07-26 12:43:19,226 - DEBUG - Loaded collision time for BConcave+AConcave+4300 at IoU 0.15: 4666.666666666667
2025-07-26 12:43:19,227 - DEBUG - Loaded collision time for BConcave+AConcave+4300 at IoU 0.2: 4733.333333333333
2025-07-26 12:43:19,228 - DEBUG - Loaded collision time for BConcave+AConcave+4300 at IoU 0.25: 4800.0
2025-07-26 12:43:19,229 - DEBUG - Loaded collision time for BConcave+AConcave+4300 at IoU 0.3: 4866.666666666666
2025-07-26 12:43:19,229 - DEBUG - Loaded collision time for BConcave+AConcave+4300 at IoU 0.35: nan
2025-07-26 12:43:19,230 - DEBUG - Loaded collision time for BConcave+AConcave+4300 at IoU 0.4: nan
2025-07-26 12:43:19,231 - DEBUG - Loaded collision time for BConcave+AConcave+4300 at IoU 0.45: nan
2025-07-26 12:43:19,232 - DEBUG - Loaded collision time for BConcave+AConcave+4300 at IoU 0.5: nan
2025-07-26 12:43:19,233 - DEBUG - Loaded collision time for BConcave+AConcave+4300 at IoU 0.55: nan
2025-07-26 12:43:19,234 - DEBUG - Loaded collision time for BConcave+AConcave+4300 at IoU 0.6: nan
2025-07-26 12:43:19,235 - DEBUG - Loaded collision time for BConcave+AConcave+4300 at IoU 0.65: nan
2025-07-26 12:43:19,236 - DEBUG - Loaded collision time for BConcave+AConcave+4300 at IoU 0.7: nan
2025-07-26 12:43:19,237 - DEBUG - Loaded collision time for BConcave+AConcave+4300 at IoU 0.75: nan
2025-07-26 12:43:19,238 - DEBUG - Loaded collision time for BConcave+AConcave+4300 at IoU 0.8: nan
2025-07-26 12:43:19,238 - DEBUG - Loaded collision time for BConcave+AConcave+4300 at IoU 0.85: nan
2025-07-26 12:43:19,239 - DEBUG - Loaded collision time for BConcave+AConcave+4300 at IoU 0.9: nan
2025-07-26 12:43:19,240 - DEBUG - Loaded collision time for BConcave+AConcave+4300 at IoU 0.95: nan
2025-07-26 12:43:19,240 - INFO - Processing video: BConcave+AConcave+4500_flipped
2025-07-26 12:43:19,242 - INFO - Video BConcave+AConcave+4500_flipped already processed (found segformer_model-BConcave+AConcave+4500_flipped.mp4), skipping video processing...
2025-07-26 12:43:19,249 - INFO - VanillaSegmentationSaver initialized with output dir: /home/projects/bagon/andreyg/Projects/Object_reps_neural/Programming/hugging_face/model_experiments/segformer/exp2TTC_segformer-b3-finetuned-ade-512-512/processed_videos/segformer_model-BConcave+AConcave+4500_flipped/org_segmentation
2025-07-26 12:43:19,254 - INFO - All collision results already exist for BConcave+AConcave+4500_flipped
2025-07-26 12:43:19,255 - DEBUG - Loaded collision time for BConcave+AConcave+4500_flipped at IoU 0.05: nan
2025-07-26 12:43:19,256 - DEBUG - Loaded collision time for BConcave+AConcave+4500_flipped at IoU 0.1: nan
2025-07-26 12:43:19,256 - DEBUG - Loaded collision time for BConcave+AConcave+4500_flipped at IoU 0.15: nan
2025-07-26 12:43:19,257 - DEBUG - Loaded collision time for BConcave+AConcave+4500_flipped at IoU 0.2: nan
2025-07-26 12:43:19,258 - DEBUG - Loaded collision time for BConcave+AConcave+4500_flipped at IoU 0.25: nan
2025-07-26 12:43:19,259 - DEBUG - Loaded collision time for BConcave+AConcave+4500_flipped at IoU 0.3: nan
2025-07-26 12:43:19,260 - DEBUG - Loaded collision time for BConcave+AConcave+4500_flipped at IoU 0.35: nan
2025-07-26 12:43:19,261 - DEBUG - Loaded collision time for BConcave+AConcave+4500_flipped at IoU 0.4: nan
2025-07-26 12:43:19,262 - DEBUG - Loaded collision time for BConcave+AConcave+4500_flipped at IoU 0.45: nan
2025-07-26 12:43:19,263 - DEBUG - Loaded collision time for BConcave+AConcave+4500_flipped at IoU 0.5: nan
2025-07-26 12:43:19,264 - DEBUG - Loaded collision time for BConcave+AConcave+4500_flipped at IoU 0.55: nan
2025-07-26 12:43:19,265 - DEBUG - Loaded collision time for BConcave+AConcave+4500_flipped at IoU 0.6: nan
2025-07-26 12:43:19,265 - DEBUG - Loaded collision time for BConcave+AConcave+4500_flipped at IoU 0.65: nan
2025-07-26 12:43:19,266 - DEBUG - Loaded collision time for BConcave+AConcave+4500_flipped at IoU 0.7: nan
2025-07-26 12:43:19,267 - DEBUG - Loaded collision time for BConcave+AConcave+4500_flipped at IoU 0.75: nan
2025-07-26 12:43:19,268 - DEBUG - Loaded collision time for BConcave+AConcave+4500_flipped at IoU 0.8: nan
2025-07-26 12:43:19,269 - DEBUG - Loaded collision time for BConcave+AConcave+4500_flipped at IoU 0.85: nan
2025-07-26 12:43:19,273 - DEBUG - Loaded collision time for BConcave+AConcave+4500_flipped at IoU 0.9: nan
2025-07-26 12:43:19,274 - DEBUG - Loaded collision time for BConcave+AConcave+4500_flipped at IoU 0.95: nan
2025-07-26 12:43:19,274 - INFO - Processing video: BConcave+AConvex+3500_flipped
2025-07-26 12:43:19,276 - INFO - Video BConcave+AConvex+3500_flipped already processed (found segformer_model-BConcave+AConvex+3500_flipped.mp4), skipping video processing...
2025-07-26 12:43:19,284 - INFO - VanillaSegmentationSaver initialized with output dir: /home/projects/bagon/andreyg/Projects/Object_reps_neural/Programming/hugging_face/model_experiments/segformer/exp2TTC_segformer-b3-finetuned-ade-512-512/processed_videos/segformer_model-BConcave+AConvex+3500_flipped/org_segmentation
2025-07-26 12:43:19,288 - INFO - All collision results already exist for BConcave+AConvex+3500_flipped
2025-07-26 12:43:19,289 - DEBUG - Loaded collision time for BConcave+AConvex+3500_flipped at IoU 0.05: 3883.3333333333335
2025-07-26 12:43:19,290 - DEBUG - Loaded collision time for BConcave+AConvex+3500_flipped at IoU 0.1: 4066.6666666666665
2025-07-26 12:43:19,291 - DEBUG - Loaded collision time for BConcave+AConvex+3500_flipped at IoU 0.15: 4316.666666666666
2025-07-26 12:43:19,292 - DEBUG - Loaded collision time for BConcave+AConvex+3500_flipped at IoU 0.2: nan
2025-07-26 12:43:19,293 - DEBUG - Loaded collision time for BConcave+AConvex+3500_flipped at IoU 0.25: nan
2025-07-26 12:43:19,294 - DEBUG - Loaded collision time for BConcave+AConvex+3500_flipped at IoU 0.3: nan
2025-07-26 12:43:19,295 - DEBUG - Loaded collision time for BConcave+AConvex+3500_flipped at IoU 0.35: nan
2025-07-26 12:43:19,296 - DEBUG - Loaded collision time for BConcave+AConvex+3500_flipped at IoU 0.4: nan
2025-07-26 12:43:19,296 - DEBUG - Loaded collision time for BConcave+AConvex+3500_flipped at IoU 0.45: nan
2025-07-26 12:43:19,297 - DEBUG - Loaded collision time for BConcave+AConvex+3500_flipped at IoU 0.5: nan
2025-07-26 12:43:19,298 - DEBUG - Loaded collision time for BConcave+AConvex+3500_flipped at IoU 0.55: nan
2025-07-26 12:43:19,299 - DEBUG - Loaded collision time for BConcave+AConvex+3500_flipped at IoU 0.6: nan
2025-07-26 12:43:19,300 - DEBUG - Loaded collision time for BConcave+AConvex+3500_flipped at IoU 0.65: nan
2025-07-26 12:43:19,301 - DEBUG - Loaded collision time for BConcave+AConvex+3500_flipped at IoU 0.7: nan
2025-07-26 12:43:19,302 - DEBUG - Loaded collision time for BConcave+AConvex+3500_flipped at IoU 0.75: nan
2025-07-26 12:43:19,302 - DEBUG - Loaded collision time for BConcave+AConvex+3500_flipped at IoU 0.8: nan
2025-07-26 12:43:19,303 - DEBUG - Loaded collision time for BConcave+AConvex+3500_flipped at IoU 0.85: nan
2025-07-26 12:43:19,304 - DEBUG - Loaded collision time for BConcave+AConvex+3500_flipped at IoU 0.9: nan
2025-07-26 12:43:19,305 - DEBUG - Loaded collision time for BConcave+AConvex+3500_flipped at IoU 0.95: nan
2025-07-26 12:43:19,305 - INFO - Processing video: BConcave+AConvex+3700
2025-07-26 12:43:19,307 - INFO - Video BConcave+AConvex+3700 already processed (found segformer_model-BConcave+AConvex+3700.mp4), skipping video processing...
2025-07-26 12:43:19,314 - INFO - VanillaSegmentationSaver initialized with output dir: /home/projects/bagon/andreyg/Projects/Object_reps_neural/Programming/hugging_face/model_experiments/segformer/exp2TTC_segformer-b3-finetuned-ade-512-512/processed_videos/segformer_model-BConcave+AConvex+3700/org_segmentation
2025-07-26 12:43:19,319 - INFO - All collision results already exist for BConcave+AConvex+3700
2025-07-26 12:43:19,320 - DEBUG - Loaded collision time for BConcave+AConvex+3700 at IoU 0.05: 4300.0
2025-07-26 12:43:19,321 - DEBUG - Loaded collision time for BConcave+AConvex+3700 at IoU 0.1: nan
2025-07-26 12:43:19,321 - DEBUG - Loaded collision time for BConcave+AConvex+3700 at IoU 0.15: nan
2025-07-26 12:43:19,322 - DEBUG - Loaded collision time for BConcave+AConvex+3700 at IoU 0.2: nan
2025-07-26 12:43:19,323 - DEBUG - Loaded collision time for BConcave+AConvex+3700 at IoU 0.25: nan
2025-07-26 12:43:19,324 - DEBUG - Loaded collision time for BConcave+AConvex+3700 at IoU 0.3: nan
2025-07-26 12:43:19,325 - DEBUG - Loaded collision time for BConcave+AConvex+3700 at IoU 0.35: nan
2025-07-26 12:43:19,326 - DEBUG - Loaded collision time for BConcave+AConvex+3700 at IoU 0.4: nan
2025-07-26 12:43:19,327 - DEBUG - Loaded collision time for BConcave+AConvex+3700 at IoU 0.45: nan
2025-07-26 12:43:19,328 - DEBUG - Loaded collision time for BConcave+AConvex+3700 at IoU 0.5: nan
2025-07-26 12:43:19,328 - DEBUG - Loaded collision time for BConcave+AConvex+3700 at IoU 0.55: nan
2025-07-26 12:43:19,329 - DEBUG - Loaded collision time for BConcave+AConvex+3700 at IoU 0.6: nan
2025-07-26 12:43:19,330 - DEBUG - Loaded collision time for BConcave+AConvex+3700 at IoU 0.65: nan
2025-07-26 12:43:19,331 - DEBUG - Loaded collision time for BConcave+AConvex+3700 at IoU 0.7: nan
2025-07-26 12:43:19,332 - DEBUG - Loaded collision time for BConcave+AConvex+3700 at IoU 0.75: nan
2025-07-26 12:43:19,333 - DEBUG - Loaded collision time for BConcave+AConvex+3700 at IoU 0.8: nan
2025-07-26 12:43:19,334 - DEBUG - Loaded collision time for BConcave+AConvex+3700 at IoU 0.85: nan
2025-07-26 12:43:19,335 - DEBUG - Loaded collision time for BConcave+AConvex+3700 at IoU 0.9: nan
2025-07-26 12:43:19,336 - DEBUG - Loaded collision time for BConcave+AConvex+3700 at IoU 0.95: nan
2025-07-26 12:43:19,336 - INFO - Processing video: BConcave+AConvex+3900_flipped
2025-07-26 12:43:19,337 - INFO - Video BConcave+AConvex+3900_flipped already processed (found segformer_model-BConcave+AConvex+3900_flipped.mp4), skipping video processing...
2025-07-26 12:43:19,345 - INFO - VanillaSegmentationSaver initialized with output dir: /home/projects/bagon/andreyg/Projects/Object_reps_neural/Programming/hugging_face/model_experiments/segformer/exp2TTC_segformer-b3-finetuned-ade-512-512/processed_videos/segformer_model-BConcave+AConvex+3900_flipped/org_segmentation
2025-07-26 12:43:19,350 - INFO - All collision results already exist for BConcave+AConvex+3900_flipped
2025-07-26 12:43:19,350 - DEBUG - Loaded collision time for BConcave+AConvex+3900_flipped at IoU 0.05: 4250.0
2025-07-26 12:43:19,351 - DEBUG - Loaded collision time for BConcave+AConvex+3900_flipped at IoU 0.1: 4400.0
2025-07-26 12:43:19,352 - DEBUG - Loaded collision time for BConcave+AConvex+3900_flipped at IoU 0.15: 4500.0
2025-07-26 12:43:19,353 - DEBUG - Loaded collision time for BConcave+AConvex+3900_flipped at IoU 0.2: 5000.0
2025-07-26 12:43:19,354 - DEBUG - Loaded collision time for BConcave+AConvex+3900_flipped at IoU 0.25: nan
2025-07-26 12:43:19,355 - DEBUG - Loaded collision time for BConcave+AConvex+3900_flipped at IoU 0.3: nan
2025-07-26 12:43:19,356 - DEBUG - Loaded collision time for BConcave+AConvex+3900_flipped at IoU 0.35: nan
2025-07-26 12:43:19,357 - DEBUG - Loaded collision time for BConcave+AConvex+3900_flipped at IoU 0.4: nan
2025-07-26 12:43:19,358 - DEBUG - Loaded collision time for BConcave+AConvex+3900_flipped at IoU 0.45: nan
2025-07-26 12:43:19,359 - DEBUG - Loaded collision time for BConcave+AConvex+3900_flipped at IoU 0.5: nan
2025-07-26 12:43:19,360 - DEBUG - Loaded collision time for BConcave+AConvex+3900_flipped at IoU 0.55: nan
2025-07-26 12:43:19,361 - DEBUG - Loaded collision time for BConcave+AConvex+3900_flipped at IoU 0.6: nan
2025-07-26 12:43:19,361 - DEBUG - Loaded collision time for BConcave+AConvex+3900_flipped at IoU 0.65: nan
2025-07-26 12:43:19,362 - DEBUG - Loaded collision time for BConcave+AConvex+3900_flipped at IoU 0.7: nan
2025-07-26 12:43:19,363 - DEBUG - Loaded collision time for BConcave+AConvex+3900_flipped at IoU 0.75: nan
2025-07-26 12:43:19,364 - DEBUG - Loaded collision time for BConcave+AConvex+3900_flipped at IoU 0.8: nan
2025-07-26 12:43:19,365 - DEBUG - Loaded collision time for BConcave+AConvex+3900_flipped at IoU 0.85: nan
2025-07-26 12:43:19,366 - DEBUG - Loaded collision time for BConcave+AConvex+3900_flipped at IoU 0.9: nan
2025-07-26 12:43:19,366 - DEBUG - Loaded collision time for BConcave+AConvex+3900_flipped at IoU 0.95: nan
2025-07-26 12:43:19,367 - INFO - Processing video: BConcave+AConvex+4100
2025-07-26 12:43:19,368 - INFO - Video BConcave+AConvex+4100 already processed (found segformer_model-BConcave+AConvex+4100.mp4), skipping video processing...
2025-07-26 12:43:19,376 - INFO - VanillaSegmentationSaver initialized with output dir: /home/projects/bagon/andreyg/Projects/Object_reps_neural/Programming/hugging_face/model_experiments/segformer/exp2TTC_segformer-b3-finetuned-ade-512-512/processed_videos/segformer_model-BConcave+AConvex+4100/org_segmentation
2025-07-26 12:43:19,380 - INFO - All collision results already exist for BConcave+AConvex+4100
2025-07-26 12:43:19,381 - DEBUG - Loaded collision time for BConcave+AConvex+4100 at IoU 0.05: 4833.333333333333
2025-07-26 12:43:19,382 - DEBUG - Loaded collision time for BConcave+AConvex+4100 at IoU 0.1: 5100.0
2025-07-26 12:43:19,383 - DEBUG - Loaded collision time for BConcave+AConvex+4100 at IoU 0.15: nan
2025-07-26 12:43:19,384 - DEBUG - Loaded collision time for BConcave+AConvex+4100 at IoU 0.2: nan
2025-07-26 12:43:19,385 - DEBUG - Loaded collision time for BConcave+AConvex+4100 at IoU 0.25: nan
2025-07-26 12:43:19,385 - DEBUG - Loaded collision time for BConcave+AConvex+4100 at IoU 0.3: nan
2025-07-26 12:43:19,387 - DEBUG - Loaded collision time for BConcave+AConvex+4100 at IoU 0.35: nan
2025-07-26 12:43:19,388 - DEBUG - Loaded collision time for BConcave+AConvex+4100 at IoU 0.4: nan
2025-07-26 12:43:19,388 - DEBUG - Loaded collision time for BConcave+AConvex+4100 at IoU 0.45: nan
2025-07-26 12:43:19,389 - DEBUG - Loaded collision time for BConcave+AConvex+4100 at IoU 0.5: nan
2025-07-26 12:43:19,390 - DEBUG - Loaded collision time for BConcave+AConvex+4100 at IoU 0.55: nan
2025-07-26 12:43:19,391 - DEBUG - Loaded collision time for BConcave+AConvex+4100 at IoU 0.6: nan
2025-07-26 12:43:19,392 - DEBUG - Loaded collision time for BConcave+AConvex+4100 at IoU 0.65: nan
2025-07-26 12:43:19,393 - DEBUG - Loaded collision time for BConcave+AConvex+4100 at IoU 0.7: nan
2025-07-26 12:43:19,394 - DEBUG - Loaded collision time for BConcave+AConvex+4100 at IoU 0.75: nan
2025-07-26 12:43:19,395 - DEBUG - Loaded collision time for BConcave+AConvex+4100 at IoU 0.8: nan
2025-07-26 12:43:19,395 - DEBUG - Loaded collision time for BConcave+AConvex+4100 at IoU 0.85: nan
2025-07-26 12:43:19,396 - DEBUG - Loaded collision time for BConcave+AConvex+4100 at IoU 0.9: nan
2025-07-26 12:43:19,397 - DEBUG - Loaded collision time for BConcave+AConvex+4100 at IoU 0.95: nan
2025-07-26 12:43:19,397 - INFO - Processing video: BConcave+AConvex+4300_flipped
2025-07-26 12:43:19,399 - INFO - Video BConcave+AConvex+4300_flipped already processed (found segformer_model-BConcave+AConvex+4300_flipped.mp4), skipping video processing...
2025-07-26 12:43:19,406 - INFO - VanillaSegmentationSaver initialized with output dir: /home/projects/bagon/andreyg/Projects/Object_reps_neural/Programming/hugging_face/model_experiments/segformer/exp2TTC_segformer-b3-finetuned-ade-512-512/processed_videos/segformer_model-BConcave+AConvex+4300_flipped/org_segmentation
2025-07-26 12:43:19,411 - INFO - All collision results already exist for BConcave+AConvex+4300_flipped
2025-07-26 12:43:19,411 - DEBUG - Loaded collision time for BConcave+AConvex+4300_flipped at IoU 0.05: 4700.0
2025-07-26 12:43:19,412 - DEBUG - Loaded collision time for BConcave+AConvex+4300_flipped at IoU 0.1: 4883.333333333334
2025-07-26 12:43:19,413 - DEBUG - Loaded collision time for BConcave+AConvex+4300_flipped at IoU 0.15: 5033.333333333333
2025-07-26 12:43:19,414 - DEBUG - Loaded collision time for BConcave+AConvex+4300_flipped at IoU 0.2: nan
2025-07-26 12:43:19,415 - DEBUG - Loaded collision time for BConcave+AConvex+4300_flipped at IoU 0.25: nan
2025-07-26 12:43:19,416 - DEBUG - Loaded collision time for BConcave+AConvex+4300_flipped at IoU 0.3: nan
2025-07-26 12:43:19,417 - DEBUG - Loaded collision time for BConcave+AConvex+4300_flipped at IoU 0.35: nan
2025-07-26 12:43:19,417 - DEBUG - Loaded collision time for BConcave+AConvex+4300_flipped at IoU 0.4: nan
2025-07-26 12:43:19,418 - DEBUG - Loaded collision time for BConcave+AConvex+4300_flipped at IoU 0.45: nan
2025-07-26 12:43:19,419 - DEBUG - Loaded collision time for BConcave+AConvex+4300_flipped at IoU 0.5: nan
2025-07-26 12:43:19,420 - DEBUG - Loaded collision time for BConcave+AConvex+4300_flipped at IoU 0.55: nan
2025-07-26 12:43:19,421 - DEBUG - Loaded collision time for BConcave+AConvex+4300_flipped at IoU 0.6: nan
2025-07-26 12:43:19,422 - DEBUG - Loaded collision time for BConcave+AConvex+4300_flipped at IoU 0.65: nan
2025-07-26 12:43:19,423 - DEBUG - Loaded collision time for BConcave+AConvex+4300_flipped at IoU 0.7: nan
2025-07-26 12:43:19,423 - DEBUG - Loaded collision time for BConcave+AConvex+4300_flipped at IoU 0.75: nan
2025-07-26 12:43:19,424 - DEBUG - Loaded collision time for BConcave+AConvex+4300_flipped at IoU 0.8: nan
2025-07-26 12:43:19,425 - DEBUG - Loaded collision time for BConcave+AConvex+4300_flipped at IoU 0.85: nan
2025-07-26 12:43:19,426 - DEBUG - Loaded collision time for BConcave+AConvex+4300_flipped at IoU 0.9: nan
2025-07-26 12:43:19,426 - DEBUG - Loaded collision time for BConcave+AConvex+4300_flipped at IoU 0.95: nan
2025-07-26 12:43:19,427 - INFO - Processing video: BConcave+AConvex+4500
2025-07-26 12:43:19,428 - INFO - Video BConcave+AConvex+4500 already processed (found segformer_model-BConcave+AConvex+4500.mp4), skipping video processing...
2025-07-26 12:43:19,436 - INFO - VanillaSegmentationSaver initialized with output dir: /home/projects/bagon/andreyg/Projects/Object_reps_neural/Programming/hugging_face/model_experiments/segformer/exp2TTC_segformer-b3-finetuned-ade-512-512/processed_videos/segformer_model-BConcave+AConvex+4500/org_segmentation
2025-07-26 12:43:19,441 - INFO - All collision results already exist for BConcave+AConvex+4500
2025-07-26 12:43:19,441 - DEBUG - Loaded collision time for BConcave+AConvex+4500 at IoU 0.05: 4883.333333333334
2025-07-26 12:43:19,442 - DEBUG - Loaded collision time for BConcave+AConvex+4500 at IoU 0.1: 5050.0
2025-07-26 12:43:19,443 - DEBUG - Loaded collision time for BConcave+AConvex+4500 at IoU 0.15: 5250.0
2025-07-26 12:43:19,444 - DEBUG - Loaded collision time for BConcave+AConvex+4500 at IoU 0.2: nan
2025-07-26 12:43:19,445 - DEBUG - Loaded collision time for BConcave+AConvex+4500 at IoU 0.25: nan
2025-07-26 12:43:19,446 - DEBUG - Loaded collision time for BConcave+AConvex+4500 at IoU 0.3: nan
2025-07-26 12:43:19,447 - DEBUG - Loaded collision time for BConcave+AConvex+4500 at IoU 0.35: nan
2025-07-26 12:43:19,448 - DEBUG - Loaded collision time for BConcave+AConvex+4500 at IoU 0.4: nan
2025-07-26 12:43:19,448 - DEBUG - Loaded collision time for BConcave+AConvex+4500 at IoU 0.45: nan
2025-07-26 12:43:19,449 - DEBUG - Loaded collision time for BConcave+AConvex+4500 at IoU 0.5: nan
2025-07-26 12:43:19,450 - DEBUG - Loaded collision time for BConcave+AConvex+4500 at IoU 0.55: nan
2025-07-26 12:43:19,451 - DEBUG - Loaded collision time for BConcave+AConvex+4500 at IoU 0.6: nan
2025-07-26 12:43:19,452 - DEBUG - Loaded collision time for BConcave+AConvex+4500 at IoU 0.65: nan
2025-07-26 12:43:19,453 - DEBUG - Loaded collision time for BConcave+AConvex+4500 at IoU 0.7: nan
2025-07-26 12:43:19,454 - DEBUG - Loaded collision time for BConcave+AConvex+4500 at IoU 0.75: nan
2025-07-26 12:43:19,454 - DEBUG - Loaded collision time for BConcave+AConvex+4500 at IoU 0.8: nan
2025-07-26 12:43:19,455 - DEBUG - Loaded collision time for BConcave+AConvex+4500 at IoU 0.85: nan
2025-07-26 12:43:19,456 - DEBUG - Loaded collision time for BConcave+AConvex+4500 at IoU 0.9: nan
2025-07-26 12:43:19,457 - DEBUG - Loaded collision time for BConcave+AConvex+4500 at IoU 0.95: nan
2025-07-26 12:43:19,457 - INFO - Processing video: BConcave+BConcavePatient+3500
2025-07-26 12:43:19,459 - INFO - Video BConcave+BConcavePatient+3500 already processed (found segformer_model-BConcave+BConcavePatient+3500.mp4), skipping video processing...
2025-07-26 12:43:19,466 - INFO - VanillaSegmentationSaver initialized with output dir: /home/projects/bagon/andreyg/Projects/Object_reps_neural/Programming/hugging_face/model_experiments/segformer/exp2TTC_segformer-b3-finetuned-ade-512-512/processed_videos/segformer_model-BConcave+BConcavePatient+3500/org_segmentation
2025-07-26 12:43:19,471 - INFO - All collision results already exist for BConcave+BConcavePatient+3500
2025-07-26 12:43:19,472 - DEBUG - Loaded collision time for BConcave+BConcavePatient+3500 at IoU 0.05: 3716.666666666667
2025-07-26 12:43:19,473 - DEBUG - Loaded collision time for BConcave+BConcavePatient+3500 at IoU 0.1: 3800.0
2025-07-26 12:43:19,474 - DEBUG - Loaded collision time for BConcave+BConcavePatient+3500 at IoU 0.15: 3866.6666666666665
2025-07-26 12:43:19,475 - DEBUG - Loaded collision time for BConcave+BConcavePatient+3500 at IoU 0.2: 3966.666666666667
2025-07-26 12:43:19,476 - DEBUG - Loaded collision time for BConcave+BConcavePatient+3500 at IoU 0.25: nan
2025-07-26 12:43:19,477 - DEBUG - Loaded collision time for BConcave+BConcavePatient+3500 at IoU 0.3: nan
2025-07-26 12:43:19,477 - DEBUG - Loaded collision time for BConcave+BConcavePatient+3500 at IoU 0.35: nan
2025-07-26 12:43:19,478 - DEBUG - Loaded collision time for BConcave+BConcavePatient+3500 at IoU 0.4: nan
2025-07-26 12:43:19,479 - DEBUG - Loaded collision time for BConcave+BConcavePatient+3500 at IoU 0.45: nan
2025-07-26 12:43:19,480 - DEBUG - Loaded collision time for BConcave+BConcavePatient+3500 at IoU 0.5: nan
2025-07-26 12:43:19,481 - DEBUG - Loaded collision time for BConcave+BConcavePatient+3500 at IoU 0.55: nan
2025-07-26 12:43:19,481 - DEBUG - Loaded collision time for BConcave+BConcavePatient+3500 at IoU 0.6: nan
2025-07-26 12:43:19,482 - DEBUG - Loaded collision time for BConcave+BConcavePatient+3500 at IoU 0.65: nan
2025-07-26 12:43:19,483 - DEBUG - Loaded collision time for BConcave+BConcavePatient+3500 at IoU 0.7: nan
2025-07-26 12:43:19,484 - DEBUG - Loaded collision time for BConcave+BConcavePatient+3500 at IoU 0.75: nan
2025-07-26 12:43:19,485 - DEBUG - Loaded collision time for BConcave+BConcavePatient+3500 at IoU 0.8: nan
2025-07-26 12:43:19,486 - DEBUG - Loaded collision time for BConcave+BConcavePatient+3500 at IoU 0.85: nan
2025-07-26 12:43:19,487 - DEBUG - Loaded collision time for BConcave+BConcavePatient+3500 at IoU 0.9: nan
2025-07-26 12:43:19,487 - DEBUG - Loaded collision time for BConcave+BConcavePatient+3500 at IoU 0.95: nan
2025-07-26 12:43:19,487 - INFO - Processing video: BConcave+BConcavePatient+3700_flipped
2025-07-26 12:43:19,489 - INFO - Video BConcave+BConcavePatient+3700_flipped already processed (found segformer_model-BConcave+BConcavePatient+3700_flipped.mp4), skipping video processing...
2025-07-26 12:43:19,497 - INFO - VanillaSegmentationSaver initialized with output dir: /home/projects/bagon/andreyg/Projects/Object_reps_neural/Programming/hugging_face/model_experiments/segformer/exp2TTC_segformer-b3-finetuned-ade-512-512/processed_videos/segformer_model-BConcave+BConcavePatient+3700_flipped/org_segmentation
2025-07-26 12:43:19,501 - INFO - All collision results already exist for BConcave+BConcavePatient+3700_flipped
2025-07-26 12:43:19,502 - DEBUG - Loaded collision time for BConcave+BConcavePatient+3700_flipped at IoU 0.05: nan
2025-07-26 12:43:19,503 - DEBUG - Loaded collision time for BConcave+BConcavePatient+3700_flipped at IoU 0.1: nan
2025-07-26 12:43:19,504 - DEBUG - Loaded collision time for BConcave+BConcavePatient+3700_flipped at IoU 0.15: nan
2025-07-26 12:43:19,505 - DEBUG - Loaded collision time for BConcave+BConcavePatient+3700_flipped at IoU 0.2: nan
2025-07-26 12:43:19,506 - DEBUG - Loaded collision time for BConcave+BConcavePatient+3700_flipped at IoU 0.25: nan
2025-07-26 12:43:19,507 - DEBUG - Loaded collision time for BConcave+BConcavePatient+3700_flipped at IoU 0.3: nan
2025-07-26 12:43:19,508 - DEBUG - Loaded collision time for BConcave+BConcavePatient+3700_flipped at IoU 0.35: nan
2025-07-26 12:43:19,509 - DEBUG - Loaded collision time for BConcave+BConcavePatient+3700_flipped at IoU 0.4: nan
2025-07-26 12:43:19,510 - DEBUG - Loaded collision time for BConcave+BConcavePatient+3700_flipped at IoU 0.45: nan
2025-07-26 12:43:19,510 - DEBUG - Loaded collision time for BConcave+BConcavePatient+3700_flipped at IoU 0.5: nan
2025-07-26 12:43:19,511 - DEBUG - Loaded collision time for BConcave+BConcavePatient+3700_flipped at IoU 0.55: nan
2025-07-26 12:43:19,512 - DEBUG - Loaded collision time for BConcave+BConcavePatient+3700_flipped at IoU 0.6: nan
2025-07-26 12:43:19,513 - DEBUG - Loaded collision time for BConcave+BConcavePatient+3700_flipped at IoU 0.65: nan
2025-07-26 12:43:19,514 - DEBUG - Loaded collision time for BConcave+BConcavePatient+3700_flipped at IoU 0.7: nan
2025-07-26 12:43:19,515 - DEBUG - Loaded collision time for BConcave+BConcavePatient+3700_flipped at IoU 0.75: nan
2025-07-26 12:43:19,516 - DEBUG - Loaded collision time for BConcave+BConcavePatient+3700_flipped at IoU 0.8: nan
2025-07-26 12:43:19,517 - DEBUG - Loaded collision time for BConcave+BConcavePatient+3700_flipped at IoU 0.85: nan
2025-07-26 12:43:19,517 - DEBUG - Loaded collision time for BConcave+BConcavePatient+3700_flipped at IoU 0.9: nan
2025-07-26 12:43:19,518 - DEBUG - Loaded collision time for BConcave+BConcavePatient+3700_flipped at IoU 0.95: nan
2025-07-26 12:43:19,518 - INFO - Processing video: BConcave+BConcavePatient+3900
2025-07-26 12:43:19,520 - INFO - Video BConcave+BConcavePatient+3900 already processed (found segformer_model-BConcave+BConcavePatient+3900.mp4), skipping video processing...
2025-07-26 12:43:19,528 - INFO - VanillaSegmentationSaver initialized with output dir: /home/projects/bagon/andreyg/Projects/Object_reps_neural/Programming/hugging_face/model_experiments/segformer/exp2TTC_segformer-b3-finetuned-ade-512-512/processed_videos/segformer_model-BConcave+BConcavePatient+3900/org_segmentation
2025-07-26 12:43:19,533 - INFO - All collision results already exist for BConcave+BConcavePatient+3900
2025-07-26 12:43:19,533 - DEBUG - Loaded collision time for BConcave+BConcavePatient+3900 at IoU 0.05: 4116.666666666666
2025-07-26 12:43:19,534 - DEBUG - Loaded collision time for BConcave+BConcavePatient+3900 at IoU 0.1: 4166.666666666667
2025-07-26 12:43:19,535 - DEBUG - Loaded collision time for BConcave+BConcavePatient+3900 at IoU 0.15: 4233.333333333333
2025-07-26 12:43:19,536 - DEBUG - Loaded collision time for BConcave+BConcavePatient+3900 at IoU 0.2: 4316.666666666666
2025-07-26 12:43:19,537 - DEBUG - Loaded collision time for BConcave+BConcavePatient+3900 at IoU 0.25: nan
2025-07-26 12:43:19,538 - DEBUG - Loaded collision time for BConcave+BConcavePatient+3900 at IoU 0.3: nan
2025-07-26 12:43:19,539 - DEBUG - Loaded collision time for BConcave+BConcavePatient+3900 at IoU 0.35: nan
2025-07-26 12:43:19,540 - DEBUG - Loaded collision time for BConcave+BConcavePatient+3900 at IoU 0.4: nan
2025-07-26 12:43:19,541 - DEBUG - Loaded collision time for BConcave+BConcavePatient+3900 at IoU 0.45: nan
2025-07-26 12:43:19,542 - DEBUG - Loaded collision time for BConcave+BConcavePatient+3900 at IoU 0.5: nan
2025-07-26 12:43:19,543 - DEBUG - Loaded collision time for BConcave+BConcavePatient+3900 at IoU 0.55: nan
2025-07-26 12:43:19,544 - DEBUG - Loaded collision time for BConcave+BConcavePatient+3900 at IoU 0.6: nan
2025-07-26 12:43:19,544 - DEBUG - Loaded collision time for BConcave+BConcavePatient+3900 at IoU 0.65: nan
2025-07-26 12:43:19,545 - DEBUG - Loaded collision time for BConcave+BConcavePatient+3900 at IoU 0.7: nan
2025-07-26 12:43:19,546 - DEBUG - Loaded collision time for BConcave+BConcavePatient+3900 at IoU 0.75: nan
2025-07-26 12:43:19,547 - DEBUG - Loaded collision time for BConcave+BConcavePatient+3900 at IoU 0.8: nan
2025-07-26 12:43:19,548 - DEBUG - Loaded collision time for BConcave+BConcavePatient+3900 at IoU 0.85: nan
2025-07-26 12:43:19,549 - DEBUG - Loaded collision time for BConcave+BConcavePatient+3900 at IoU 0.9: nan
2025-07-26 12:43:19,550 - DEBUG - Loaded collision time for BConcave+BConcavePatient+3900 at IoU 0.95: nan
2025-07-26 12:43:19,550 - INFO - Processing video: BConcave+BConcavePatient+4100_flipped
2025-07-26 12:43:19,552 - INFO - Video BConcave+BConcavePatient+4100_flipped already processed (found segformer_model-BConcave+BConcavePatient+4100_flipped.mp4), skipping video processing...
2025-07-26 12:43:19,559 - INFO - VanillaSegmentationSaver initialized with output dir: /home/projects/bagon/andreyg/Projects/Object_reps_neural/Programming/hugging_face/model_experiments/segformer/exp2TTC_segformer-b3-finetuned-ade-512-512/processed_videos/segformer_model-BConcave+BConcavePatient+4100_flipped/org_segmentation
2025-07-26 12:43:19,564 - INFO - All collision results already exist for BConcave+BConcavePatient+4100_flipped
2025-07-26 12:43:19,565 - DEBUG - Loaded collision time for BConcave+BConcavePatient+4100_flipped at IoU 0.05: 4400.0
2025-07-26 12:43:19,566 - DEBUG - Loaded collision time for BConcave+BConcavePatient+4100_flipped at IoU 0.1: 4466.666666666667
2025-07-26 12:43:19,567 - DEBUG - Loaded collision time for BConcave+BConcavePatient+4100_flipped at IoU 0.15: nan
2025-07-26 12:43:19,568 - DEBUG - Loaded collision time for BConcave+BConcavePatient+4100_flipped at IoU 0.2: nan
2025-07-26 12:43:19,569 - DEBUG - Loaded collision time for BConcave+BConcavePatient+4100_flipped at IoU 0.25: nan
2025-07-26 12:43:19,570 - DEBUG - Loaded collision time for BConcave+BConcavePatient+4100_flipped at IoU 0.3: nan
2025-07-26 12:43:19,571 - DEBUG - Loaded collision time for BConcave+BConcavePatient+4100_flipped at IoU 0.35: nan
2025-07-26 12:43:19,571 - DEBUG - Loaded collision time for BConcave+BConcavePatient+4100_flipped at IoU 0.4: nan
2025-07-26 12:43:19,572 - DEBUG - Loaded collision time for BConcave+BConcavePatient+4100_flipped at IoU 0.45: nan
2025-07-26 12:43:19,573 - DEBUG - Loaded collision time for BConcave+BConcavePatient+4100_flipped at IoU 0.5: nan
2025-07-26 12:43:19,574 - DEBUG - Loaded collision time for BConcave+BConcavePatient+4100_flipped at IoU 0.55: nan
2025-07-26 12:43:19,575 - DEBUG - Loaded collision time for BConcave+BConcavePatient+4100_flipped at IoU 0.6: nan
2025-07-26 12:43:19,576 - DEBUG - Loaded collision time for BConcave+BConcavePatient+4100_flipped at IoU 0.65: nan
2025-07-26 12:43:19,577 - DEBUG - Loaded collision time for BConcave+BConcavePatient+4100_flipped at IoU 0.7: nan
2025-07-26 12:43:19,578 - DEBUG - Loaded collision time for BConcave+BConcavePatient+4100_flipped at IoU 0.75: nan
2025-07-26 12:43:19,579 - DEBUG - Loaded collision time for BConcave+BConcavePatient+4100_flipped at IoU 0.8: nan
2025-07-26 12:43:19,579 - DEBUG - Loaded collision time for BConcave+BConcavePatient+4100_flipped at IoU 0.85: nan
2025-07-26 12:43:19,580 - DEBUG - Loaded collision time for BConcave+BConcavePatient+4100_flipped at IoU 0.9: nan
2025-07-26 12:43:19,581 - DEBUG - Loaded collision time for BConcave+BConcavePatient+4100_flipped at IoU 0.95: nan
2025-07-26 12:43:19,581 - INFO - Processing video: BConcave+BConcavePatient+4300
2025-07-26 12:43:19,583 - INFO - Video BConcave+BConcavePatient+4300 already processed (found segformer_model-BConcave+BConcavePatient+4300.mp4), skipping video processing...
2025-07-26 12:43:19,590 - INFO - VanillaSegmentationSaver initialized with output dir: /home/projects/bagon/andreyg/Projects/Object_reps_neural/Programming/hugging_face/model_experiments/segformer/exp2TTC_segformer-b3-finetuned-ade-512-512/processed_videos/segformer_model-BConcave+BConcavePatient+4300/org_segmentation
2025-07-26 12:43:19,595 - INFO - All collision results already exist for BConcave+BConcavePatient+4300
2025-07-26 12:43:19,596 - DEBUG - Loaded collision time for BConcave+BConcavePatient+4300 at IoU 0.05: 4816.666666666666
2025-07-26 12:43:19,597 - DEBUG - Loaded collision time for BConcave+BConcavePatient+4300 at IoU 0.1: nan
2025-07-26 12:43:19,598 - DEBUG - Loaded collision time for BConcave+BConcavePatient+4300 at IoU 0.15: nan
2025-07-26 12:43:19,599 - DEBUG - Loaded collision time for BConcave+BConcavePatient+4300 at IoU 0.2: nan
2025-07-26 12:43:19,600 - DEBUG - Loaded collision time for BConcave+BConcavePatient+4300 at IoU 0.25: nan
2025-07-26 12:43:19,601 - DEBUG - Loaded collision time for BConcave+BConcavePatient+4300 at IoU 0.3: nan
2025-07-26 12:43:19,602 - DEBUG - Loaded collision time for BConcave+BConcavePatient+4300 at IoU 0.35: nan
2025-07-26 12:43:19,603 - DEBUG - Loaded collision time for BConcave+BConcavePatient+4300 at IoU 0.4: nan
2025-07-26 12:43:19,603 - DEBUG - Loaded collision time for BConcave+BConcavePatient+4300 at IoU 0.45: nan
2025-07-26 12:43:19,604 - DEBUG - Loaded collision time for BConcave+BConcavePatient+4300 at IoU 0.5: nan
2025-07-26 12:43:19,605 - DEBUG - Loaded collision time for BConcave+BConcavePatient+4300 at IoU 0.55: nan
2025-07-26 12:43:19,606 - DEBUG - Loaded collision time for BConcave+BConcavePatient+4300 at IoU 0.6: nan
2025-07-26 12:43:19,607 - DEBUG - Loaded collision time for BConcave+BConcavePatient+4300 at IoU 0.65: nan
2025-07-26 12:43:19,608 - DEBUG - Loaded collision time for BConcave+BConcavePatient+4300 at IoU 0.7: nan
2025-07-26 12:43:19,609 - DEBUG - Loaded collision time for BConcave+BConcavePatient+4300 at IoU 0.75: nan
2025-07-26 12:43:19,610 - DEBUG - Loaded collision time for BConcave+BConcavePatient+4300 at IoU 0.8: nan
2025-07-26 12:43:19,611 - DEBUG - Loaded collision time for BConcave+BConcavePatient+4300 at IoU 0.85: nan
2025-07-26 12:43:19,611 - DEBUG - Loaded collision time for BConcave+BConcavePatient+4300 at IoU 0.9: nan
2025-07-26 12:43:19,612 - DEBUG - Loaded collision time for BConcave+BConcavePatient+4300 at IoU 0.95: nan
2025-07-26 12:43:19,612 - INFO - Processing video: BConcave+BConcavePatient+4500_flipped
2025-07-26 12:43:19,614 - INFO - Video BConcave+BConcavePatient+4500_flipped already processed (found segformer_model-BConcave+BConcavePatient+4500_flipped.mp4), skipping video processing...
2025-07-26 12:43:19,622 - INFO - VanillaSegmentationSaver initialized with output dir: /home/projects/bagon/andreyg/Projects/Object_reps_neural/Programming/hugging_face/model_experiments/segformer/exp2TTC_segformer-b3-finetuned-ade-512-512/processed_videos/segformer_model-BConcave+BConcavePatient+4500_flipped/org_segmentation
2025-07-26 12:43:19,626 - INFO - All collision results already exist for BConcave+BConcavePatient+4500_flipped
2025-07-26 12:43:19,627 - DEBUG - Loaded collision time for BConcave+BConcavePatient+4500_flipped at IoU 0.05: nan
2025-07-26 12:43:19,628 - DEBUG - Loaded collision time for BConcave+BConcavePatient+4500_flipped at IoU 0.1: nan
2025-07-26 12:43:19,629 - DEBUG - Loaded collision time for BConcave+BConcavePatient+4500_flipped at IoU 0.15: nan
2025-07-26 12:43:19,630 - DEBUG - Loaded collision time for BConcave+BConcavePatient+4500_flipped at IoU 0.2: nan
2025-07-26 12:43:19,631 - DEBUG - Loaded collision time for BConcave+BConcavePatient+4500_flipped at IoU 0.25: nan
2025-07-26 12:43:19,632 - DEBUG - Loaded collision time for BConcave+BConcavePatient+4500_flipped at IoU 0.3: nan
2025-07-26 12:43:19,633 - DEBUG - Loaded collision time for BConcave+BConcavePatient+4500_flipped at IoU 0.35: nan
2025-07-26 12:43:19,634 - DEBUG - Loaded collision time for BConcave+BConcavePatient+4500_flipped at IoU 0.4: nan
2025-07-26 12:43:19,634 - DEBUG - Loaded collision time for BConcave+BConcavePatient+4500_flipped at IoU 0.45: nan
2025-07-26 12:43:19,635 - DEBUG - Loaded collision time for BConcave+BConcavePatient+4500_flipped at IoU 0.5: nan
2025-07-26 12:43:19,636 - DEBUG - Loaded collision time for BConcave+BConcavePatient+4500_flipped at IoU 0.55: nan
2025-07-26 12:43:19,637 - DEBUG - Loaded collision time for BConcave+BConcavePatient+4500_flipped at IoU 0.6: nan
2025-07-26 12:43:19,638 - DEBUG - Loaded collision time for BConcave+BConcavePatient+4500_flipped at IoU 0.65: nan
2025-07-26 12:43:19,639 - DEBUG - Loaded collision time for BConcave+BConcavePatient+4500_flipped at IoU 0.7: nan
2025-07-26 12:43:19,640 - DEBUG - Loaded collision time for BConcave+BConcavePatient+4500_flipped at IoU 0.75: nan
2025-07-26 12:43:19,641 - DEBUG - Loaded collision time for BConcave+BConcavePatient+4500_flipped at IoU 0.8: nan
2025-07-26 12:43:19,642 - DEBUG - Loaded collision time for BConcave+BConcavePatient+4500_flipped at IoU 0.85: nan
2025-07-26 12:43:19,642 - DEBUG - Loaded collision time for BConcave+BConcavePatient+4500_flipped at IoU 0.9: nan
2025-07-26 12:43:19,643 - DEBUG - Loaded collision time for BConcave+BConcavePatient+4500_flipped at IoU 0.95: nan
2025-07-26 12:43:19,643 - INFO - Processing video: BConcave+BConvex+3500_flipped
2025-07-26 12:43:19,645 - INFO - Video BConcave+BConvex+3500_flipped already processed (found segformer_model-BConcave+BConvex+3500_flipped.mp4), skipping video processing...
2025-07-26 12:43:19,652 - INFO - VanillaSegmentationSaver initialized with output dir: /home/projects/bagon/andreyg/Projects/Object_reps_neural/Programming/hugging_face/model_experiments/segformer/exp2TTC_segformer-b3-finetuned-ade-512-512/processed_videos/segformer_model-BConcave+BConvex+3500_flipped/org_segmentation
2025-07-26 12:43:19,657 - INFO - All collision results already exist for BConcave+BConvex+3500_flipped
2025-07-26 12:43:19,658 - DEBUG - Loaded collision time for BConcave+BConvex+3500_flipped at IoU 0.05: nan
2025-07-26 12:43:19,659 - DEBUG - Loaded collision time for BConcave+BConvex+3500_flipped at IoU 0.1: nan
2025-07-26 12:43:19,660 - DEBUG - Loaded collision time for BConcave+BConvex+3500_flipped at IoU 0.15: nan
2025-07-26 12:43:19,661 - DEBUG - Loaded collision time for BConcave+BConvex+3500_flipped at IoU 0.2: nan
2025-07-26 12:43:19,662 - DEBUG - Loaded collision time for BConcave+BConvex+3500_flipped at IoU 0.25: nan
2025-07-26 12:43:19,663 - DEBUG - Loaded collision time for BConcave+BConvex+3500_flipped at IoU 0.3: nan
2025-07-26 12:43:19,664 - DEBUG - Loaded collision time for BConcave+BConvex+3500_flipped at IoU 0.35: nan
2025-07-26 12:43:19,664 - DEBUG - Loaded collision time for BConcave+BConvex+3500_flipped at IoU 0.4: nan
2025-07-26 12:43:19,665 - DEBUG - Loaded collision time for BConcave+BConvex+3500_flipped at IoU 0.45: nan
2025-07-26 12:43:19,666 - DEBUG - Loaded collision time for BConcave+BConvex+3500_flipped at IoU 0.5: nan
2025-07-26 12:43:19,667 - DEBUG - Loaded collision time for BConcave+BConvex+3500_flipped at IoU 0.55: nan
2025-07-26 12:43:19,668 - DEBUG - Loaded collision time for BConcave+BConvex+3500_flipped at IoU 0.6: nan
2025-07-26 12:43:19,669 - DEBUG - Loaded collision time for BConcave+BConvex+3500_flipped at IoU 0.65: nan
2025-07-26 12:43:19,670 - DEBUG - Loaded collision time for BConcave+BConvex+3500_flipped at IoU 0.7: nan
2025-07-26 12:43:19,671 - DEBUG - Loaded collision time for BConcave+BConvex+3500_flipped at IoU 0.75: nan
2025-07-26 12:43:19,671 - DEBUG - Loaded collision time for BConcave+BConvex+3500_flipped at IoU 0.8: nan
2025-07-26 12:43:19,672 - DEBUG - Loaded collision time for BConcave+BConvex+3500_flipped at IoU 0.85: nan
2025-07-26 12:43:19,672 - DEBUG - Loaded collision time for BConcave+BConvex+3500_flipped at IoU 0.9: nan
2025-07-26 12:43:19,673 - DEBUG - Loaded collision time for BConcave+BConvex+3500_flipped at IoU 0.95: nan
2025-07-26 12:43:19,673 - INFO - Processing video: BConcave+BConvex+3700
2025-07-26 12:43:19,674 - INFO - Video BConcave+BConvex+3700 already processed (found segformer_model-BConcave+BConvex+3700.mp4), skipping video processing...
2025-07-26 12:43:19,681 - INFO - VanillaSegmentationSaver initialized with output dir: /home/projects/bagon/andreyg/Projects/Object_reps_neural/Programming/hugging_face/model_experiments/segformer/exp2TTC_segformer-b3-finetuned-ade-512-512/processed_videos/segformer_model-BConcave+BConvex+3700/org_segmentation
2025-07-26 12:43:19,685 - INFO - All collision results already exist for BConcave+BConvex+3700
2025-07-26 12:43:19,685 - DEBUG - Loaded collision time for BConcave+BConvex+3700 at IoU 0.05: 4650.0
2025-07-26 12:43:19,686 - DEBUG - Loaded collision time for BConcave+BConvex+3700 at IoU 0.1: 4866.666666666666
2025-07-26 12:43:19,687 - DEBUG - Loaded collision time for BConcave+BConvex+3700 at IoU 0.15: nan
2025-07-26 12:43:19,687 - DEBUG - Loaded collision time for BConcave+BConvex+3700 at IoU 0.2: nan
2025-07-26 12:43:19,688 - DEBUG - Loaded collision time for BConcave+BConvex+3700 at IoU 0.25: nan
2025-07-26 12:43:19,689 - DEBUG - Loaded collision time for BConcave+BConvex+3700 at IoU 0.3: nan
2025-07-26 12:43:19,689 - DEBUG - Loaded collision time for BConcave+BConvex+3700 at IoU 0.35: nan
2025-07-26 12:43:19,690 - DEBUG - Loaded collision time for BConcave+BConvex+3700 at IoU 0.4: nan
2025-07-26 12:43:19,691 - DEBUG - Loaded collision time for BConcave+BConvex+3700 at IoU 0.45: nan
2025-07-26 12:43:19,691 - DEBUG - Loaded collision time for BConcave+BConvex+3700 at IoU 0.5: nan
2025-07-26 12:43:19,692 - DEBUG - Loaded collision time for BConcave+BConvex+3700 at IoU 0.55: nan
2025-07-26 12:43:19,693 - DEBUG - Loaded collision time for BConcave+BConvex+3700 at IoU 0.6: nan
2025-07-26 12:43:19,693 - DEBUG - Loaded collision time for BConcave+BConvex+3700 at IoU 0.65: nan
2025-07-26 12:43:19,694 - DEBUG - Loaded collision time for BConcave+BConvex+3700 at IoU 0.7: nan
2025-07-26 12:43:19,695 - DEBUG - Loaded collision time for BConcave+BConvex+3700 at IoU 0.75: nan
2025-07-26 12:43:19,695 - DEBUG - Loaded collision time for BConcave+BConvex+3700 at IoU 0.8: nan
2025-07-26 12:43:19,696 - DEBUG - Loaded collision time for BConcave+BConvex+3700 at IoU 0.85: nan
2025-07-26 12:43:19,697 - DEBUG - Loaded collision time for BConcave+BConvex+3700 at IoU 0.9: nan
2025-07-26 12:43:19,697 - DEBUG - Loaded collision time for BConcave+BConvex+3700 at IoU 0.95: nan
2025-07-26 12:43:19,697 - INFO - Processing video: BConcave+BConvex+3900_flipped
2025-07-26 12:43:19,699 - INFO - Video BConcave+BConvex+3900_flipped already processed (found segformer_model-BConcave+BConvex+3900_flipped.mp4), skipping video processing...
2025-07-26 12:43:19,705 - INFO - VanillaSegmentationSaver initialized with output dir: /home/projects/bagon/andreyg/Projects/Object_reps_neural/Programming/hugging_face/model_experiments/segformer/exp2TTC_segformer-b3-finetuned-ade-512-512/processed_videos/segformer_model-BConcave+BConvex+3900_flipped/org_segmentation
2025-07-26 12:43:19,710 - INFO - All collision results already exist for BConcave+BConvex+3900_flipped
2025-07-26 12:43:19,712 - DEBUG - Loaded collision time for BConcave+BConvex+3900_flipped at IoU 0.05: 4600.0
2025-07-26 12:43:19,713 - DEBUG - Loaded collision time for BConcave+BConvex+3900_flipped at IoU 0.1: 4633.333333333334
2025-07-26 12:43:19,713 - DEBUG - Loaded collision time for BConcave+BConvex+3900_flipped at IoU 0.15: 4666.666666666667
2025-07-26 12:43:19,714 - DEBUG - Loaded collision time for BConcave+BConvex+3900_flipped at IoU 0.2: 4683.333333333334
2025-07-26 12:43:19,715 - DEBUG - Loaded collision time for BConcave+BConvex+3900_flipped at IoU 0.25: 4733.333333333333
2025-07-26 12:43:19,716 - DEBUG - Loaded collision time for BConcave+BConvex+3900_flipped at IoU 0.3: 4750.0
2025-07-26 12:43:19,717 - DEBUG - Loaded collision time for BConcave+BConvex+3900_flipped at IoU 0.35: 4816.666666666666
2025-07-26 12:43:19,718 - DEBUG - Loaded collision time for BConcave+BConvex+3900_flipped at IoU 0.4: nan
2025-07-26 12:43:19,719 - DEBUG - Loaded collision time for BConcave+BConvex+3900_flipped at IoU 0.45: nan
2025-07-26 12:43:19,720 - DEBUG - Loaded collision time for BConcave+BConvex+3900_flipped at IoU 0.5: nan
2025-07-26 12:43:19,720 - DEBUG - Loaded collision time for BConcave+BConvex+3900_flipped at IoU 0.55: nan
2025-07-26 12:43:19,721 - DEBUG - Loaded collision time for BConcave+BConvex+3900_flipped at IoU 0.6: nan
2025-07-26 12:43:19,722 - DEBUG - Loaded collision time for BConcave+BConvex+3900_flipped at IoU 0.65: nan
2025-07-26 12:43:19,722 - DEBUG - Loaded collision time for BConcave+BConvex+3900_flipped at IoU 0.7: nan
2025-07-26 12:43:19,723 - DEBUG - Loaded collision time for BConcave+BConvex+3900_flipped at IoU 0.75: nan
2025-07-26 12:43:19,724 - DEBUG - Loaded collision time for BConcave+BConvex+3900_flipped at IoU 0.8: nan
2025-07-26 12:43:19,725 - DEBUG - Loaded collision time for BConcave+BConvex+3900_flipped at IoU 0.85: nan
2025-07-26 12:43:19,725 - DEBUG - Loaded collision time for BConcave+BConvex+3900_flipped at IoU 0.9: nan
2025-07-26 12:43:19,726 - DEBUG - Loaded collision time for BConcave+BConvex+3900_flipped at IoU 0.95: nan
2025-07-26 12:43:19,726 - INFO - Processing video: BConcave+BConvex+4100
2025-07-26 12:43:19,727 - INFO - Video BConcave+BConvex+4100 already processed (found segformer_model-BConcave+BConvex+4100.mp4), skipping video processing...
2025-07-26 12:43:19,735 - INFO - VanillaSegmentationSaver initialized with output dir: /home/projects/bagon/andreyg/Projects/Object_reps_neural/Programming/hugging_face/model_experiments/segformer/exp2TTC_segformer-b3-finetuned-ade-512-512/processed_videos/segformer_model-BConcave+BConvex+4100/org_segmentation
2025-07-26 12:43:19,738 - INFO - All collision results already exist for BConcave+BConvex+4100
2025-07-26 12:43:19,739 - DEBUG - Loaded collision time for BConcave+BConvex+4100 at IoU 0.05: 4433.333333333334
2025-07-26 12:43:19,739 - DEBUG - Loaded collision time for BConcave+BConvex+4100 at IoU 0.1: 4700.0
2025-07-26 12:43:19,740 - DEBUG - Loaded collision time for BConcave+BConvex+4100 at IoU 0.15: 5066.666666666666
2025-07-26 12:43:19,741 - DEBUG - Loaded collision time for BConcave+BConvex+4100 at IoU 0.2: 5233.333333333333
2025-07-26 12:43:19,742 - DEBUG - Loaded collision time for BConcave+BConvex+4100 at IoU 0.25: nan
2025-07-26 12:43:19,742 - DEBUG - Loaded collision time for BConcave+BConvex+4100 at IoU 0.3: nan
2025-07-26 12:43:19,743 - DEBUG - Loaded collision time for BConcave+BConvex+4100 at IoU 0.35: nan
2025-07-26 12:43:19,744 - DEBUG - Loaded collision time for BConcave+BConvex+4100 at IoU 0.4: nan
2025-07-26 12:43:19,744 - DEBUG - Loaded collision time for BConcave+BConvex+4100 at IoU 0.45: nan
2025-07-26 12:43:19,745 - DEBUG - Loaded collision time for BConcave+BConvex+4100 at IoU 0.5: nan
2025-07-26 12:43:19,746 - DEBUG - Loaded collision time for BConcave+BConvex+4100 at IoU 0.55: nan
2025-07-26 12:43:19,746 - DEBUG - Loaded collision time for BConcave+BConvex+4100 at IoU 0.6: nan
2025-07-26 12:43:19,747 - DEBUG - Loaded collision time for BConcave+BConvex+4100 at IoU 0.65: nan
2025-07-26 12:43:19,748 - DEBUG - Loaded collision time for BConcave+BConvex+4100 at IoU 0.7: nan
2025-07-26 12:43:19,749 - DEBUG - Loaded collision time for BConcave+BConvex+4100 at IoU 0.75: nan
2025-07-26 12:43:19,750 - DEBUG - Loaded collision time for BConcave+BConvex+4100 at IoU 0.8: nan
2025-07-26 12:43:19,751 - DEBUG - Loaded collision time for BConcave+BConvex+4100 at IoU 0.85: nan
2025-07-26 12:43:19,752 - DEBUG - Loaded collision time for BConcave+BConvex+4100 at IoU 0.9: nan
2025-07-26 12:43:19,753 - DEBUG - Loaded collision time for BConcave+BConvex+4100 at IoU 0.95: nan
2025-07-26 12:43:19,753 - INFO - Processing video: BConcave+BConvex+4300_flipped
2025-07-26 12:43:19,754 - INFO - Video BConcave+BConvex+4300_flipped already processed (found segformer_model-BConcave+BConvex+4300_flipped.mp4), skipping video processing...
2025-07-26 12:43:19,762 - INFO - VanillaSegmentationSaver initialized with output dir: /home/projects/bagon/andreyg/Projects/Object_reps_neural/Programming/hugging_face/model_experiments/segformer/exp2TTC_segformer-b3-finetuned-ade-512-512/processed_videos/segformer_model-BConcave+BConvex+4300_flipped/org_segmentation
2025-07-26 12:43:19,766 - INFO - All collision results already exist for BConcave+BConvex+4300_flipped
2025-07-26 12:43:19,767 - DEBUG - Loaded collision time for BConcave+BConvex+4300_flipped at IoU 0.05: 1500.0
2025-07-26 12:43:19,767 - DEBUG - Loaded collision time for BConcave+BConvex+4300_flipped at IoU 0.1: 1500.0
2025-07-26 12:43:19,768 - DEBUG - Loaded collision time for BConcave+BConvex+4300_flipped at IoU 0.15: 1500.0
2025-07-26 12:43:19,769 - DEBUG - Loaded collision time for BConcave+BConvex+4300_flipped at IoU 0.2: 1500.0
2025-07-26 12:43:19,769 - DEBUG - Loaded collision time for BConcave+BConvex+4300_flipped at IoU 0.25: 1500.0
2025-07-26 12:43:19,770 - DEBUG - Loaded collision time for BConcave+BConvex+4300_flipped at IoU 0.3: 1500.0
2025-07-26 12:43:19,771 - DEBUG - Loaded collision time for BConcave+BConvex+4300_flipped at IoU 0.35: 1500.0
2025-07-26 12:43:19,771 - DEBUG - Loaded collision time for BConcave+BConvex+4300_flipped at IoU 0.4: 1500.0
2025-07-26 12:43:19,772 - DEBUG - Loaded collision time for BConcave+BConvex+4300_flipped at IoU 0.45: 1500.0
2025-07-26 12:43:19,773 - DEBUG - Loaded collision time for BConcave+BConvex+4300_flipped at IoU 0.5: 1500.0
2025-07-26 12:43:19,773 - DEBUG - Loaded collision time for BConcave+BConvex+4300_flipped at IoU 0.55: 1500.0
2025-07-26 12:43:19,774 - DEBUG - Loaded collision time for BConcave+BConvex+4300_flipped at IoU 0.6: 1500.0
2025-07-26 12:43:19,775 - DEBUG - Loaded collision time for BConcave+BConvex+4300_flipped at IoU 0.65: 1500.0
2025-07-26 12:43:19,775 - DEBUG - Loaded collision time for BConcave+BConvex+4300_flipped at IoU 0.7: 1500.0
2025-07-26 12:43:19,776 - DEBUG - Loaded collision time for BConcave+BConvex+4300_flipped at IoU 0.75: 1500.0
2025-07-26 12:43:19,776 - DEBUG - Loaded collision time for BConcave+BConvex+4300_flipped at IoU 0.8: 1500.0
2025-07-26 12:43:19,777 - DEBUG - Loaded collision time for BConcave+BConvex+4300_flipped at IoU 0.85: 1516.6666666666665
2025-07-26 12:43:19,778 - DEBUG - Loaded collision time for BConcave+BConvex+4300_flipped at IoU 0.9: 1566.6666666666667
2025-07-26 12:43:19,778 - DEBUG - Loaded collision time for BConcave+BConvex+4300_flipped at IoU 0.95: nan
2025-07-26 12:43:19,778 - INFO - Processing video: BConcave+BConvex+4500
2025-07-26 12:43:19,780 - INFO - Video BConcave+BConvex+4500 already processed (found segformer_model-BConcave+BConvex+4500.mp4), skipping video processing...
2025-07-26 12:43:19,786 - INFO - VanillaSegmentationSaver initialized with output dir: /home/projects/bagon/andreyg/Projects/Object_reps_neural/Programming/hugging_face/model_experiments/segformer/exp2TTC_segformer-b3-finetuned-ade-512-512/processed_videos/segformer_model-BConcave+BConvex+4500/org_segmentation
2025-07-26 12:43:19,791 - INFO - All collision results already exist for BConcave+BConvex+4500
2025-07-26 12:43:19,792 - DEBUG - Loaded collision time for BConcave+BConvex+4500 at IoU 0.05: nan
2025-07-26 12:43:19,793 - DEBUG - Loaded collision time for BConcave+BConvex+4500 at IoU 0.1: nan
2025-07-26 12:43:19,793 - DEBUG - Loaded collision time for BConcave+BConvex+4500 at IoU 0.15: nan
2025-07-26 12:43:19,794 - DEBUG - Loaded collision time for BConcave+BConvex+4500 at IoU 0.2: nan
2025-07-26 12:43:19,795 - DEBUG - Loaded collision time for BConcave+BConvex+4500 at IoU 0.25: nan
2025-07-26 12:43:19,796 - DEBUG - Loaded collision time for BConcave+BConvex+4500 at IoU 0.3: nan
2025-07-26 12:43:19,797 - DEBUG - Loaded collision time for BConcave+BConvex+4500 at IoU 0.35: nan
2025-07-26 12:43:19,798 - DEBUG - Loaded collision time for BConcave+BConvex+4500 at IoU 0.4: nan
2025-07-26 12:43:19,799 - DEBUG - Loaded collision time for BConcave+BConvex+4500 at IoU 0.45: nan
2025-07-26 12:43:19,800 - DEBUG - Loaded collision time for BConcave+BConvex+4500 at IoU 0.5: nan
2025-07-26 12:43:19,800 - DEBUG - Loaded collision time for BConcave+BConvex+4500 at IoU 0.55: nan
2025-07-26 12:43:19,801 - DEBUG - Loaded collision time for BConcave+BConvex+4500 at IoU 0.6: nan
2025-07-26 12:43:19,802 - DEBUG - Loaded collision time for BConcave+BConvex+4500 at IoU 0.65: nan
2025-07-26 12:43:19,802 - DEBUG - Loaded collision time for BConcave+BConvex+4500 at IoU 0.7: nan
2025-07-26 12:43:19,803 - DEBUG - Loaded collision time for BConcave+BConvex+4500 at IoU 0.75: nan
2025-07-26 12:43:19,804 - DEBUG - Loaded collision time for BConcave+BConvex+4500 at IoU 0.8: nan
2025-07-26 12:43:19,804 - DEBUG - Loaded collision time for BConcave+BConvex+4500 at IoU 0.85: nan
2025-07-26 12:43:19,805 - DEBUG - Loaded collision time for BConcave+BConvex+4500 at IoU 0.9: nan
2025-07-26 12:43:19,806 - DEBUG - Loaded collision time for BConcave+BConvex+4500 at IoU 0.95: nan
2025-07-26 12:43:19,806 - INFO - Processing video: BConcave+CConcave+3500
2025-07-26 12:43:19,807 - INFO - Video BConcave+CConcave+3500 already processed (found segformer_model-BConcave+CConcave+3500.mp4), skipping video processing...
2025-07-26 12:43:19,814 - INFO - VanillaSegmentationSaver initialized with output dir: /home/projects/bagon/andreyg/Projects/Object_reps_neural/Programming/hugging_face/model_experiments/segformer/exp2TTC_segformer-b3-finetuned-ade-512-512/processed_videos/segformer_model-BConcave+CConcave+3500/org_segmentation
2025-07-26 12:43:19,817 - INFO - All collision results already exist for BConcave+CConcave+3500
2025-07-26 12:43:19,818 - DEBUG - Loaded collision time for BConcave+CConcave+3500 at IoU 0.05: 3716.666666666667
2025-07-26 12:43:19,818 - DEBUG - Loaded collision time for BConcave+CConcave+3500 at IoU 0.1: 3833.3333333333335
2025-07-26 12:43:19,819 - DEBUG - Loaded collision time for BConcave+CConcave+3500 at IoU 0.15: 3916.6666666666665
2025-07-26 12:43:19,820 - DEBUG - Loaded collision time for BConcave+CConcave+3500 at IoU 0.2: 4033.333333333333
2025-07-26 12:43:19,820 - DEBUG - Loaded collision time for BConcave+CConcave+3500 at IoU 0.25: 4133.333333333334
2025-07-26 12:43:19,821 - DEBUG - Loaded collision time for BConcave+CConcave+3500 at IoU 0.3: 4300.0
2025-07-26 12:43:19,822 - DEBUG - Loaded collision time for BConcave+CConcave+3500 at IoU 0.35: nan
2025-07-26 12:43:19,822 - DEBUG - Loaded collision time for BConcave+CConcave+3500 at IoU 0.4: nan
2025-07-26 12:43:19,823 - DEBUG - Loaded collision time for BConcave+CConcave+3500 at IoU 0.45: nan
2025-07-26 12:43:19,824 - DEBUG - Loaded collision time for BConcave+CConcave+3500 at IoU 0.5: nan
2025-07-26 12:43:19,824 - DEBUG - Loaded collision time for BConcave+CConcave+3500 at IoU 0.55: nan
2025-07-26 12:43:19,825 - DEBUG - Loaded collision time for BConcave+CConcave+3500 at IoU 0.6: nan
2025-07-26 12:43:19,826 - DEBUG - Loaded collision time for BConcave+CConcave+3500 at IoU 0.65: nan
2025-07-26 12:43:19,826 - DEBUG - Loaded collision time for BConcave+CConcave+3500 at IoU 0.7: nan
2025-07-26 12:43:19,827 - DEBUG - Loaded collision time for BConcave+CConcave+3500 at IoU 0.75: nan
2025-07-26 12:43:19,828 - DEBUG - Loaded collision time for BConcave+CConcave+3500 at IoU 0.8: nan
2025-07-26 12:43:19,828 - DEBUG - Loaded collision time for BConcave+CConcave+3500 at IoU 0.85: nan
2025-07-26 12:43:19,829 - DEBUG - Loaded collision time for BConcave+CConcave+3500 at IoU 0.9: nan
2025-07-26 12:43:19,830 - DEBUG - Loaded collision time for BConcave+CConcave+3500 at IoU 0.95: nan
2025-07-26 12:43:19,830 - INFO - Processing video: BConcave+CConcave+3700_flipped
2025-07-26 12:43:19,831 - INFO - Video BConcave+CConcave+3700_flipped already processed (found segformer_model-BConcave+CConcave+3700_flipped.mp4), skipping video processing...
2025-07-26 12:43:19,838 - INFO - VanillaSegmentationSaver initialized with output dir: /home/projects/bagon/andreyg/Projects/Object_reps_neural/Programming/hugging_face/model_experiments/segformer/exp2TTC_segformer-b3-finetuned-ade-512-512/processed_videos/segformer_model-BConcave+CConcave+3700_flipped/org_segmentation
2025-07-26 12:43:19,841 - INFO - All collision results already exist for BConcave+CConcave+3700_flipped
2025-07-26 12:43:19,842 - DEBUG - Loaded collision time for BConcave+CConcave+3700_flipped at IoU 0.05: 4116.666666666666
2025-07-26 12:43:19,843 - DEBUG - Loaded collision time for BConcave+CConcave+3700_flipped at IoU 0.1: 4366.666666666666
2025-07-26 12:43:19,844 - DEBUG - Loaded collision time for BConcave+CConcave+3700_flipped at IoU 0.15: 4516.666666666667
2025-07-26 12:43:19,844 - DEBUG - Loaded collision time for BConcave+CConcave+3700_flipped at IoU 0.2: 4650.0
2025-07-26 12:43:19,845 - DEBUG - Loaded collision time for BConcave+CConcave+3700_flipped at IoU 0.25: nan
2025-07-26 12:43:19,846 - DEBUG - Loaded collision time for BConcave+CConcave+3700_flipped at IoU 0.3: nan
2025-07-26 12:43:19,847 - DEBUG - Loaded collision time for BConcave+CConcave+3700_flipped at IoU 0.35: nan
2025-07-26 12:43:19,847 - DEBUG - Loaded collision time for BConcave+CConcave+3700_flipped at IoU 0.4: nan
2025-07-26 12:43:19,848 - DEBUG - Loaded collision time for BConcave+CConcave+3700_flipped at IoU 0.45: nan
2025-07-26 12:43:19,848 - DEBUG - Loaded collision time for BConcave+CConcave+3700_flipped at IoU 0.5: nan
2025-07-26 12:43:19,849 - DEBUG - Loaded collision time for BConcave+CConcave+3700_flipped at IoU 0.55: nan
2025-07-26 12:43:19,850 - DEBUG - Loaded collision time for BConcave+CConcave+3700_flipped at IoU 0.6: nan
2025-07-26 12:43:19,850 - DEBUG - Loaded collision time for BConcave+CConcave+3700_flipped at IoU 0.65: nan
2025-07-26 12:43:19,851 - DEBUG - Loaded collision time for BConcave+CConcave+3700_flipped at IoU 0.7: nan
2025-07-26 12:43:19,852 - DEBUG - Loaded collision time for BConcave+CConcave+3700_flipped at IoU 0.75: nan
2025-07-26 12:43:19,852 - DEBUG - Loaded collision time for BConcave+CConcave+3700_flipped at IoU 0.8: nan
2025-07-26 12:43:19,853 - DEBUG - Loaded collision time for BConcave+CConcave+3700_flipped at IoU 0.85: nan
2025-07-26 12:43:19,854 - DEBUG - Loaded collision time for BConcave+CConcave+3700_flipped at IoU 0.9: nan
2025-07-26 12:43:19,854 - DEBUG - Loaded collision time for BConcave+CConcave+3700_flipped at IoU 0.95: nan
2025-07-26 12:43:19,854 - INFO - Processing video: BConcave+CConcave+3900
2025-07-26 12:43:19,856 - INFO - Video BConcave+CConcave+3900 already processed (found segformer_model-BConcave+CConcave+3900.mp4), skipping video processing...
2025-07-26 12:43:19,863 - INFO - VanillaSegmentationSaver initialized with output dir: /home/projects/bagon/andreyg/Projects/Object_reps_neural/Programming/hugging_face/model_experiments/segformer/exp2TTC_segformer-b3-finetuned-ade-512-512/processed_videos/segformer_model-BConcave+CConcave+3900/org_segmentation
2025-07-26 12:43:19,867 - INFO - All collision results already exist for BConcave+CConcave+3900
2025-07-26 12:43:19,867 - DEBUG - Loaded collision time for BConcave+CConcave+3900 at IoU 0.05: nan
2025-07-26 12:43:19,868 - DEBUG - Loaded collision time for BConcave+CConcave+3900 at IoU 0.1: nan
2025-07-26 12:43:19,869 - DEBUG - Loaded collision time for BConcave+CConcave+3900 at IoU 0.15: nan
2025-07-26 12:43:19,869 - DEBUG - Loaded collision time for BConcave+CConcave+3900 at IoU 0.2: nan
2025-07-26 12:43:19,870 - DEBUG - Loaded collision time for BConcave+CConcave+3900 at IoU 0.25: nan
2025-07-26 12:43:19,871 - DEBUG - Loaded collision time for BConcave+CConcave+3900 at IoU 0.3: nan
2025-07-26 12:43:19,872 - DEBUG - Loaded collision time for BConcave+CConcave+3900 at IoU 0.35: nan
2025-07-26 12:43:19,872 - DEBUG - Loaded collision time for BConcave+CConcave+3900 at IoU 0.4: nan
2025-07-26 12:43:19,873 - DEBUG - Loaded collision time for BConcave+CConcave+3900 at IoU 0.45: nan
2025-07-26 12:43:19,874 - DEBUG - Loaded collision time for BConcave+CConcave+3900 at IoU 0.5: nan
2025-07-26 12:43:19,874 - DEBUG - Loaded collision time for BConcave+CConcave+3900 at IoU 0.55: nan
2025-07-26 12:43:19,875 - DEBUG - Loaded collision time for BConcave+CConcave+3900 at IoU 0.6: nan
2025-07-26 12:43:19,876 - DEBUG - Loaded collision time for BConcave+CConcave+3900 at IoU 0.65: nan
2025-07-26 12:43:19,876 - DEBUG - Loaded collision time for BConcave+CConcave+3900 at IoU 0.7: nan
2025-07-26 12:43:19,877 - DEBUG - Loaded collision time for BConcave+CConcave+3900 at IoU 0.75: nan
2025-07-26 12:43:19,878 - DEBUG - Loaded collision time for BConcave+CConcave+3900 at IoU 0.8: nan
2025-07-26 12:43:19,878 - DEBUG - Loaded collision time for BConcave+CConcave+3900 at IoU 0.85: nan
2025-07-26 12:43:19,879 - DEBUG - Loaded collision time for BConcave+CConcave+3900 at IoU 0.9: nan
2025-07-26 12:43:19,880 - DEBUG - Loaded collision time for BConcave+CConcave+3900 at IoU 0.95: nan
2025-07-26 12:43:19,880 - INFO - Processing video: BConcave+CConcave+4100_flipped
2025-07-26 12:43:19,881 - INFO - Video BConcave+CConcave+4100_flipped already processed (found segformer_model-BConcave+CConcave+4100_flipped.mp4), skipping video processing...
2025-07-26 12:43:19,888 - INFO - VanillaSegmentationSaver initialized with output dir: /home/projects/bagon/andreyg/Projects/Object_reps_neural/Programming/hugging_face/model_experiments/segformer/exp2TTC_segformer-b3-finetuned-ade-512-512/processed_videos/segformer_model-BConcave+CConcave+4100_flipped/org_segmentation
2025-07-26 12:43:19,893 - INFO - All collision results already exist for BConcave+CConcave+4100_flipped
2025-07-26 12:43:19,893 - DEBUG - Loaded collision time for BConcave+CConcave+4100_flipped at IoU 0.05: nan
2025-07-26 12:43:19,894 - DEBUG - Loaded collision time for BConcave+CConcave+4100_flipped at IoU 0.1: nan
2025-07-26 12:43:19,895 - DEBUG - Loaded collision time for BConcave+CConcave+4100_flipped at IoU 0.15: nan
2025-07-26 12:43:19,896 - DEBUG - Loaded collision time for BConcave+CConcave+4100_flipped at IoU 0.2: nan
2025-07-26 12:43:19,897 - DEBUG - Loaded collision time for BConcave+CConcave+4100_flipped at IoU 0.25: nan
2025-07-26 12:43:19,898 - DEBUG - Loaded collision time for BConcave+CConcave+4100_flipped at IoU 0.3: nan
2025-07-26 12:43:19,899 - DEBUG - Loaded collision time for BConcave+CConcave+4100_flipped at IoU 0.35: nan
2025-07-26 12:43:19,900 - DEBUG - Loaded collision time for BConcave+CConcave+4100_flipped at IoU 0.4: nan
2025-07-26 12:43:19,901 - DEBUG - Loaded collision time for BConcave+CConcave+4100_flipped at IoU 0.45: nan
2025-07-26 12:43:19,902 - DEBUG - Loaded collision time for BConcave+CConcave+4100_flipped at IoU 0.5: nan
2025-07-26 12:43:19,903 - DEBUG - Loaded collision time for BConcave+CConcave+4100_flipped at IoU 0.55: nan
2025-07-26 12:43:19,904 - DEBUG - Loaded collision time for BConcave+CConcave+4100_flipped at IoU 0.6: nan
2025-07-26 12:43:19,905 - DEBUG - Loaded collision time for BConcave+CConcave+4100_flipped at IoU 0.65: nan
2025-07-26 12:43:19,906 - DEBUG - Loaded collision time for BConcave+CConcave+4100_flipped at IoU 0.7: nan
2025-07-26 12:43:19,907 - DEBUG - Loaded collision time for BConcave+CConcave+4100_flipped at IoU 0.75: nan
2025-07-26 12:43:19,908 - DEBUG - Loaded collision time for BConcave+CConcave+4100_flipped at IoU 0.8: nan
2025-07-26 12:43:19,909 - DEBUG - Loaded collision time for BConcave+CConcave+4100_flipped at IoU 0.85: nan
2025-07-26 12:43:19,910 - DEBUG - Loaded collision time for BConcave+CConcave+4100_flipped at IoU 0.9: nan
2025-07-26 12:43:19,910 - DEBUG - Loaded collision time for BConcave+CConcave+4100_flipped at IoU 0.95: nan
2025-07-26 12:43:19,911 - INFO - Processing video: BConcave+CConcave+4300
2025-07-26 12:43:19,912 - INFO - Video BConcave+CConcave+4300 already processed (found segformer_model-BConcave+CConcave+4300.mp4), skipping video processing...
2025-07-26 12:43:19,920 - INFO - VanillaSegmentationSaver initialized with output dir: /home/projects/bagon/andreyg/Projects/Object_reps_neural/Programming/hugging_face/model_experiments/segformer/exp2TTC_segformer-b3-finetuned-ade-512-512/processed_videos/segformer_model-BConcave+CConcave+4300/org_segmentation
2025-07-26 12:43:19,925 - INFO - All collision results already exist for BConcave+CConcave+4300
2025-07-26 12:43:19,926 - DEBUG - Loaded collision time for BConcave+CConcave+4300 at IoU 0.05: 4550.0
2025-07-26 12:43:19,927 - DEBUG - Loaded collision time for BConcave+CConcave+4300 at IoU 0.1: 4666.666666666667
2025-07-26 12:43:19,928 - DEBUG - Loaded collision time for BConcave+CConcave+4300 at IoU 0.15: 4783.333333333333
2025-07-26 12:43:19,929 - DEBUG - Loaded collision time for BConcave+CConcave+4300 at IoU 0.2: 4866.666666666666
2025-07-26 12:43:19,930 - DEBUG - Loaded collision time for BConcave+CConcave+4300 at IoU 0.25: 4950.0
2025-07-26 12:43:19,931 - DEBUG - Loaded collision time for BConcave+CConcave+4300 at IoU 0.3: 5066.666666666666
2025-07-26 12:43:19,932 - DEBUG - Loaded collision time for BConcave+CConcave+4300 at IoU 0.35: nan
2025-07-26 12:43:19,933 - DEBUG - Loaded collision time for BConcave+CConcave+4300 at IoU 0.4: nan
2025-07-26 12:43:19,934 - DEBUG - Loaded collision time for BConcave+CConcave+4300 at IoU 0.45: nan
2025-07-26 12:43:19,935 - DEBUG - Loaded collision time for BConcave+CConcave+4300 at IoU 0.5: nan
2025-07-26 12:43:19,935 - DEBUG - Loaded collision time for BConcave+CConcave+4300 at IoU 0.55: nan
2025-07-26 12:43:19,936 - DEBUG - Loaded collision time for BConcave+CConcave+4300 at IoU 0.6: nan
2025-07-26 12:43:19,937 - DEBUG - Loaded collision time for BConcave+CConcave+4300 at IoU 0.65: nan
2025-07-26 12:43:19,937 - DEBUG - Loaded collision time for BConcave+CConcave+4300 at IoU 0.7: nan
2025-07-26 12:43:19,938 - DEBUG - Loaded collision time for BConcave+CConcave+4300 at IoU 0.75: nan
2025-07-26 12:43:19,939 - DEBUG - Loaded collision time for BConcave+CConcave+4300 at IoU 0.8: nan
2025-07-26 12:43:19,939 - DEBUG - Loaded collision time for BConcave+CConcave+4300 at IoU 0.85: nan
2025-07-26 12:43:19,940 - DEBUG - Loaded collision time for BConcave+CConcave+4300 at IoU 0.9: nan
2025-07-26 12:43:19,941 - DEBUG - Loaded collision time for BConcave+CConcave+4300 at IoU 0.95: nan
2025-07-26 12:43:19,941 - INFO - Processing video: BConcave+CConcave+4500_flipped
2025-07-26 12:43:19,942 - INFO - Video BConcave+CConcave+4500_flipped already processed (found segformer_model-BConcave+CConcave+4500_flipped.mp4), skipping video processing...
2025-07-26 12:43:19,949 - INFO - VanillaSegmentationSaver initialized with output dir: /home/projects/bagon/andreyg/Projects/Object_reps_neural/Programming/hugging_face/model_experiments/segformer/exp2TTC_segformer-b3-finetuned-ade-512-512/processed_videos/segformer_model-BConcave+CConcave+4500_flipped/org_segmentation
2025-07-26 12:43:19,953 - INFO - All collision results already exist for BConcave+CConcave+4500_flipped
2025-07-26 12:43:19,953 - DEBUG - Loaded collision time for BConcave+CConcave+4500_flipped at IoU 0.05: 4950.0
2025-07-26 12:43:19,954 - DEBUG - Loaded collision time for BConcave+CConcave+4500_flipped at IoU 0.1: 5000.0
2025-07-26 12:43:19,955 - DEBUG - Loaded collision time for BConcave+CConcave+4500_flipped at IoU 0.15: 5083.333333333333
2025-07-26 12:43:19,955 - DEBUG - Loaded collision time for BConcave+CConcave+4500_flipped at IoU 0.2: nan
2025-07-26 12:43:19,956 - DEBUG - Loaded collision time for BConcave+CConcave+4500_flipped at IoU 0.25: nan
2025-07-26 12:43:19,957 - DEBUG - Loaded collision time for BConcave+CConcave+4500_flipped at IoU 0.3: nan
2025-07-26 12:43:19,957 - DEBUG - Loaded collision time for BConcave+CConcave+4500_flipped at IoU 0.35: nan
2025-07-26 12:43:19,958 - DEBUG - Loaded collision time for BConcave+CConcave+4500_flipped at IoU 0.4: nan
2025-07-26 12:43:19,959 - DEBUG - Loaded collision time for BConcave+CConcave+4500_flipped at IoU 0.45: nan
2025-07-26 12:43:19,959 - DEBUG - Loaded collision time for BConcave+CConcave+4500_flipped at IoU 0.5: nan
2025-07-26 12:43:19,960 - DEBUG - Loaded collision time for BConcave+CConcave+4500_flipped at IoU 0.55: nan
2025-07-26 12:43:19,961 - DEBUG - Loaded collision time for BConcave+CConcave+4500_flipped at IoU 0.6: nan
2025-07-26 12:43:19,961 - DEBUG - Loaded collision time for BConcave+CConcave+4500_flipped at IoU 0.65: nan
2025-07-26 12:43:19,962 - DEBUG - Loaded collision time for BConcave+CConcave+4500_flipped at IoU 0.7: nan
2025-07-26 12:43:19,963 - DEBUG - Loaded collision time for BConcave+CConcave+4500_flipped at IoU 0.75: nan
2025-07-26 12:43:19,963 - DEBUG - Loaded collision time for BConcave+CConcave+4500_flipped at IoU 0.8: nan
2025-07-26 12:43:19,964 - DEBUG - Loaded collision time for BConcave+CConcave+4500_flipped at IoU 0.85: nan
2025-07-26 12:43:19,964 - DEBUG - Loaded collision time for BConcave+CConcave+4500_flipped at IoU 0.9: nan
2025-07-26 12:43:19,965 - DEBUG - Loaded collision time for BConcave+CConcave+4500_flipped at IoU 0.95: nan
2025-07-26 12:43:19,965 - INFO - Processing video: BConcave+CConvex+3500_flipped
2025-07-26 12:43:19,966 - INFO - Video BConcave+CConvex+3500_flipped already processed (found segformer_model-BConcave+CConvex+3500_flipped.mp4), skipping video processing...
2025-07-26 12:43:19,973 - INFO - VanillaSegmentationSaver initialized with output dir: /home/projects/bagon/andreyg/Projects/Object_reps_neural/Programming/hugging_face/model_experiments/segformer/exp2TTC_segformer-b3-finetuned-ade-512-512/processed_videos/segformer_model-BConcave+CConvex+3500_flipped/org_segmentation
2025-07-26 12:43:19,977 - INFO - All collision results already exist for BConcave+CConvex+3500_flipped
2025-07-26 12:43:19,977 - DEBUG - Loaded collision time for BConcave+CConvex+3500_flipped at IoU 0.05: 3816.666666666667
2025-07-26 12:43:19,978 - DEBUG - Loaded collision time for BConcave+CConvex+3500_flipped at IoU 0.1: 3966.666666666667
2025-07-26 12:43:19,978 - DEBUG - Loaded collision time for BConcave+CConvex+3500_flipped at IoU 0.15: 4066.6666666666665
2025-07-26 12:43:19,979 - DEBUG - Loaded collision time for BConcave+CConvex+3500_flipped at IoU 0.2: 4150.0
2025-07-26 12:43:19,980 - DEBUG - Loaded collision time for BConcave+CConvex+3500_flipped at IoU 0.25: 4216.666666666667
2025-07-26 12:43:19,980 - DEBUG - Loaded collision time for BConcave+CConvex+3500_flipped at IoU 0.3: 4333.333333333333
2025-07-26 12:43:19,981 - DEBUG - Loaded collision time for BConcave+CConvex+3500_flipped at IoU 0.35: 4583.333333333333
2025-07-26 12:43:19,982 - DEBUG - Loaded collision time for BConcave+CConvex+3500_flipped at IoU 0.4: nan
2025-07-26 12:43:19,982 - DEBUG - Loaded collision time for BConcave+CConvex+3500_flipped at IoU 0.45: nan
2025-07-26 12:43:19,983 - DEBUG - Loaded collision time for BConcave+CConvex+3500_flipped at IoU 0.5: nan
2025-07-26 12:43:19,984 - DEBUG - Loaded collision time for BConcave+CConvex+3500_flipped at IoU 0.55: nan
2025-07-26 12:43:19,984 - DEBUG - Loaded collision time for BConcave+CConvex+3500_flipped at IoU 0.6: nan
2025-07-26 12:43:19,985 - DEBUG - Loaded collision time for BConcave+CConvex+3500_flipped at IoU 0.65: nan
2025-07-26 12:43:19,986 - DEBUG - Loaded collision time for BConcave+CConvex+3500_flipped at IoU 0.7: nan
2025-07-26 12:43:19,986 - DEBUG - Loaded collision time for BConcave+CConvex+3500_flipped at IoU 0.75: nan
2025-07-26 12:43:19,987 - DEBUG - Loaded collision time for BConcave+CConvex+3500_flipped at IoU 0.8: nan
2025-07-26 12:43:19,988 - DEBUG - Loaded collision time for BConcave+CConvex+3500_flipped at IoU 0.85: nan
2025-07-26 12:43:19,988 - DEBUG - Loaded collision time for BConcave+CConvex+3500_flipped at IoU 0.9: nan
2025-07-26 12:43:19,989 - DEBUG - Loaded collision time for BConcave+CConvex+3500_flipped at IoU 0.95: nan
2025-07-26 12:43:19,989 - INFO - Processing video: BConcave+CConvex+3700
2025-07-26 12:43:19,990 - INFO - Video BConcave+CConvex+3700 already processed (found segformer_model-BConcave+CConvex+3700.mp4), skipping video processing...
2025-07-26 12:43:19,997 - INFO - VanillaSegmentationSaver initialized with output dir: /home/projects/bagon/andreyg/Projects/Object_reps_neural/Programming/hugging_face/model_experiments/segformer/exp2TTC_segformer-b3-finetuned-ade-512-512/processed_videos/segformer_model-BConcave+CConvex+3700/org_segmentation
2025-07-26 12:43:20,000 - INFO - All collision results already exist for BConcave+CConvex+3700
2025-07-26 12:43:20,001 - DEBUG - Loaded collision time for BConcave+CConvex+3700 at IoU 0.05: 4016.6666666666665
2025-07-26 12:43:20,002 - DEBUG - Loaded collision time for BConcave+CConvex+3700 at IoU 0.1: 4166.666666666667
2025-07-26 12:43:20,002 - DEBUG - Loaded collision time for BConcave+CConvex+3700 at IoU 0.15: 4283.333333333333
2025-07-26 12:43:20,003 - DEBUG - Loaded collision time for BConcave+CConvex+3700 at IoU 0.2: 4366.666666666666
2025-07-26 12:43:20,004 - DEBUG - Loaded collision time for BConcave+CConvex+3700 at IoU 0.25: 4450.0
2025-07-26 12:43:20,004 - DEBUG - Loaded collision time for BConcave+CConvex+3700 at IoU 0.3: 4750.0
2025-07-26 12:43:20,005 - DEBUG - Loaded collision time for BConcave+CConvex+3700 at IoU 0.35: nan
2025-07-26 12:43:20,006 - DEBUG - Loaded collision time for BConcave+CConvex+3700 at IoU 0.4: nan
2025-07-26 12:43:20,006 - DEBUG - Loaded collision time for BConcave+CConvex+3700 at IoU 0.45: nan
2025-07-26 12:43:20,007 - DEBUG - Loaded collision time for BConcave+CConvex+3700 at IoU 0.5: nan
2025-07-26 12:43:20,008 - DEBUG - Loaded collision time for BConcave+CConvex+3700 at IoU 0.55: nan
2025-07-26 12:43:20,008 - DEBUG - Loaded collision time for BConcave+CConvex+3700 at IoU 0.6: nan
2025-07-26 12:43:20,009 - DEBUG - Loaded collision time for BConcave+CConvex+3700 at IoU 0.65: nan
2025-07-26 12:43:20,010 - DEBUG - Loaded collision time for BConcave+CConvex+3700 at IoU 0.7: nan
2025-07-26 12:43:20,010 - DEBUG - Loaded collision time for BConcave+CConvex+3700 at IoU 0.75: nan
2025-07-26 12:43:20,011 - DEBUG - Loaded collision time for BConcave+CConvex+3700 at IoU 0.8: nan
2025-07-26 12:43:20,012 - DEBUG - Loaded collision time for BConcave+CConvex+3700 at IoU 0.85: nan
2025-07-26 12:43:20,012 - DEBUG - Loaded collision time for BConcave+CConvex+3700 at IoU 0.9: nan
2025-07-26 12:43:20,013 - DEBUG - Loaded collision time for BConcave+CConvex+3700 at IoU 0.95: nan
2025-07-26 12:43:20,013 - INFO - Processing video: BConcave+CConvex+3900_flipped
2025-07-26 12:43:20,014 - INFO - Video BConcave+CConvex+3900_flipped already processed (found segformer_model-BConcave+CConvex+3900_flipped.mp4), skipping video processing...
2025-07-26 12:43:20,021 - INFO - VanillaSegmentationSaver initialized with output dir: /home/projects/bagon/andreyg/Projects/Object_reps_neural/Programming/hugging_face/model_experiments/segformer/exp2TTC_segformer-b3-finetuned-ade-512-512/processed_videos/segformer_model-BConcave+CConvex+3900_flipped/org_segmentation
2025-07-26 12:43:20,024 - INFO - All collision results already exist for BConcave+CConvex+3900_flipped
2025-07-26 12:43:20,025 - DEBUG - Loaded collision time for BConcave+CConvex+3900_flipped at IoU 0.05: 4166.666666666667
2025-07-26 12:43:20,026 - DEBUG - Loaded collision time for BConcave+CConvex+3900_flipped at IoU 0.1: 4300.0
2025-07-26 12:43:20,026 - DEBUG - Loaded collision time for BConcave+CConvex+3900_flipped at IoU 0.15: 4400.0
2025-07-26 12:43:20,027 - DEBUG - Loaded collision time for BConcave+CConvex+3900_flipped at IoU 0.2: 4500.0
2025-07-26 12:43:20,028 - DEBUG - Loaded collision time for BConcave+CConvex+3900_flipped at IoU 0.25: 4566.666666666666
2025-07-26 12:43:20,028 - DEBUG - Loaded collision time for BConcave+CConvex+3900_flipped at IoU 0.3: 4666.666666666667
2025-07-26 12:43:20,029 - DEBUG - Loaded collision time for BConcave+CConvex+3900_flipped at IoU 0.35: nan
2025-07-26 12:43:20,030 - DEBUG - Loaded collision time for BConcave+CConvex+3900_flipped at IoU 0.4: nan
2025-07-26 12:43:20,030 - DEBUG - Loaded collision time for BConcave+CConvex+3900_flipped at IoU 0.45: nan
2025-07-26 12:43:20,031 - DEBUG - Loaded collision time for BConcave+CConvex+3900_flipped at IoU 0.5: nan
2025-07-26 12:43:20,031 - DEBUG - Loaded collision time for BConcave+CConvex+3900_flipped at IoU 0.55: nan
2025-07-26 12:43:20,032 - DEBUG - Loaded collision time for BConcave+CConvex+3900_flipped at IoU 0.6: nan
2025-07-26 12:43:20,033 - DEBUG - Loaded collision time for BConcave+CConvex+3900_flipped at IoU 0.65: nan
2025-07-26 12:43:20,034 - DEBUG - Loaded collision time for BConcave+CConvex+3900_flipped at IoU 0.7: nan
2025-07-26 12:43:20,034 - DEBUG - Loaded collision time for BConcave+CConvex+3900_flipped at IoU 0.75: nan
2025-07-26 12:43:20,035 - DEBUG - Loaded collision time for BConcave+CConvex+3900_flipped at IoU 0.8: nan
2025-07-26 12:43:20,036 - DEBUG - Loaded collision time for BConcave+CConvex+3900_flipped at IoU 0.85: nan
2025-07-26 12:43:20,036 - DEBUG - Loaded collision time for BConcave+CConvex+3900_flipped at IoU 0.9: nan
2025-07-26 12:43:20,037 - DEBUG - Loaded collision time for BConcave+CConvex+3900_flipped at IoU 0.95: nan
2025-07-26 12:43:20,037 - INFO - Processing video: BConcave+CConvex+4100
2025-07-26 12:43:20,038 - INFO - Video BConcave+CConvex+4100 already processed (found segformer_model-BConcave+CConvex+4100.mp4), skipping video processing...
2025-07-26 12:43:20,045 - INFO - VanillaSegmentationSaver initialized with output dir: /home/projects/bagon/andreyg/Projects/Object_reps_neural/Programming/hugging_face/model_experiments/segformer/exp2TTC_segformer-b3-finetuned-ade-512-512/processed_videos/segformer_model-BConcave+CConvex+4100/org_segmentation
2025-07-26 12:43:20,048 - INFO - All collision results already exist for BConcave+CConvex+4100
2025-07-26 12:43:20,049 - DEBUG - Loaded collision time for BConcave+CConvex+4100 at IoU 0.05: 4483.333333333333
2025-07-26 12:43:20,049 - DEBUG - Loaded collision time for BConcave+CConvex+4100 at IoU 0.1: 4633.333333333334
2025-07-26 12:43:20,050 - DEBUG - Loaded collision time for BConcave+CConvex+4100 at IoU 0.15: 4716.666666666667
2025-07-26 12:43:20,051 - DEBUG - Loaded collision time for BConcave+CConvex+4100 at IoU 0.2: 4800.0
2025-07-26 12:43:20,051 - DEBUG - Loaded collision time for BConcave+CConvex+4100 at IoU 0.25: 4883.333333333334
2025-07-26 12:43:20,052 - DEBUG - Loaded collision time for BConcave+CConvex+4100 at IoU 0.3: nan
2025-07-26 12:43:20,053 - DEBUG - Loaded collision time for BConcave+CConvex+4100 at IoU 0.35: nan
2025-07-26 12:43:20,053 - DEBUG - Loaded collision time for BConcave+CConvex+4100 at IoU 0.4: nan
2025-07-26 12:43:20,054 - DEBUG - Loaded collision time for BConcave+CConvex+4100 at IoU 0.45: nan
2025-07-26 12:43:20,055 - DEBUG - Loaded collision time for BConcave+CConvex+4100 at IoU 0.5: nan
2025-07-26 12:43:20,055 - DEBUG - Loaded collision time for BConcave+CConvex+4100 at IoU 0.55: nan
2025-07-26 12:43:20,056 - DEBUG - Loaded collision time for BConcave+CConvex+4100 at IoU 0.6: nan
2025-07-26 12:43:20,057 - DEBUG - Loaded collision time for BConcave+CConvex+4100 at IoU 0.65: nan
2025-07-26 12:43:20,057 - DEBUG - Loaded collision time for BConcave+CConvex+4100 at IoU 0.7: nan
2025-07-26 12:43:20,058 - DEBUG - Loaded collision time for BConcave+CConvex+4100 at IoU 0.75: nan
2025-07-26 12:43:20,059 - DEBUG - Loaded collision time for BConcave+CConvex+4100 at IoU 0.8: nan
2025-07-26 12:43:20,059 - DEBUG - Loaded collision time for BConcave+CConvex+4100 at IoU 0.85: nan
2025-07-26 12:43:20,060 - DEBUG - Loaded collision time for BConcave+CConvex+4100 at IoU 0.9: nan
2025-07-26 12:43:20,060 - DEBUG - Loaded collision time for BConcave+CConvex+4100 at IoU 0.95: nan
2025-07-26 12:43:20,061 - INFO - Processing video: BConcave+CConvex+4300_flipped
2025-07-26 12:43:20,062 - INFO - Video BConcave+CConvex+4300_flipped already processed (found segformer_model-BConcave+CConvex+4300_flipped.mp4), skipping video processing...
2025-07-26 12:43:20,069 - INFO - VanillaSegmentationSaver initialized with output dir: /home/projects/bagon/andreyg/Projects/Object_reps_neural/Programming/hugging_face/model_experiments/segformer/exp2TTC_segformer-b3-finetuned-ade-512-512/processed_videos/segformer_model-BConcave+CConvex+4300_flipped/org_segmentation
2025-07-26 12:43:20,072 - INFO - All collision results already exist for BConcave+CConvex+4300_flipped
2025-07-26 12:43:20,073 - DEBUG - Loaded collision time for BConcave+CConvex+4300_flipped at IoU 0.05: nan
2025-07-26 12:43:20,073 - DEBUG - Loaded collision time for BConcave+CConvex+4300_flipped at IoU 0.1: nan
2025-07-26 12:43:20,074 - DEBUG - Loaded collision time for BConcave+CConvex+4300_flipped at IoU 0.15: nan
2025-07-26 12:43:20,075 - DEBUG - Loaded collision time for BConcave+CConvex+4300_flipped at IoU 0.2: nan
2025-07-26 12:43:20,075 - DEBUG - Loaded collision time for BConcave+CConvex+4300_flipped at IoU 0.25: nan
2025-07-26 12:43:20,076 - DEBUG - Loaded collision time for BConcave+CConvex+4300_flipped at IoU 0.3: nan
2025-07-26 12:43:20,077 - DEBUG - Loaded collision time for BConcave+CConvex+4300_flipped at IoU 0.35: nan
2025-07-26 12:43:20,077 - DEBUG - Loaded collision time for BConcave+CConvex+4300_flipped at IoU 0.4: nan
2025-07-26 12:43:20,078 - DEBUG - Loaded collision time for BConcave+CConvex+4300_flipped at IoU 0.45: nan
2025-07-26 12:43:20,079 - DEBUG - Loaded collision time for BConcave+CConvex+4300_flipped at IoU 0.5: nan
2025-07-26 12:43:20,079 - DEBUG - Loaded collision time for BConcave+CConvex+4300_flipped at IoU 0.55: nan
2025-07-26 12:43:20,080 - DEBUG - Loaded collision time for BConcave+CConvex+4300_flipped at IoU 0.6: nan
2025-07-26 12:43:20,080 - DEBUG - Loaded collision time for BConcave+CConvex+4300_flipped at IoU 0.65: nan
2025-07-26 12:43:20,081 - DEBUG - Loaded collision time for BConcave+CConvex+4300_flipped at IoU 0.7: nan
2025-07-26 12:43:20,082 - DEBUG - Loaded collision time for BConcave+CConvex+4300_flipped at IoU 0.75: nan
2025-07-26 12:43:20,082 - DEBUG - Loaded collision time for BConcave+CConvex+4300_flipped at IoU 0.8: nan
2025-07-26 12:43:20,083 - DEBUG - Loaded collision time for BConcave+CConvex+4300_flipped at IoU 0.85: nan
2025-07-26 12:43:20,084 - DEBUG - Loaded collision time for BConcave+CConvex+4300_flipped at IoU 0.9: nan
2025-07-26 12:43:20,085 - DEBUG - Loaded collision time for BConcave+CConvex+4300_flipped at IoU 0.95: nan
2025-07-26 12:43:20,085 - INFO - Processing video: BConcave+CConvex+4500
2025-07-26 12:43:20,087 - INFO - Video BConcave+CConvex+4500 already processed (found segformer_model-BConcave+CConvex+4500.mp4), skipping video processing...
2025-07-26 12:43:20,095 - INFO - VanillaSegmentationSaver initialized with output dir: /home/projects/bagon/andreyg/Projects/Object_reps_neural/Programming/hugging_face/model_experiments/segformer/exp2TTC_segformer-b3-finetuned-ade-512-512/processed_videos/segformer_model-BConcave+CConvex+4500/org_segmentation
2025-07-26 12:43:20,100 - INFO - All collision results already exist for BConcave+CConvex+4500
2025-07-26 12:43:20,100 - DEBUG - Loaded collision time for BConcave+CConvex+4500 at IoU 0.05: 4766.666666666667
2025-07-26 12:43:20,101 - DEBUG - Loaded collision time for BConcave+CConvex+4500 at IoU 0.1: 4916.666666666667
2025-07-26 12:43:20,102 - DEBUG - Loaded collision time for BConcave+CConvex+4500 at IoU 0.15: 5033.333333333333
2025-07-26 12:43:20,103 - DEBUG - Loaded collision time for BConcave+CConvex+4500 at IoU 0.2: 5116.666666666666
2025-07-26 12:43:20,104 - DEBUG - Loaded collision time for BConcave+CConvex+4500 at IoU 0.25: 5200.0
2025-07-26 12:43:20,105 - DEBUG - Loaded collision time for BConcave+CConvex+4500 at IoU 0.3: 5350.0
2025-07-26 12:43:20,106 - DEBUG - Loaded collision time for BConcave+CConvex+4500 at IoU 0.35: nan
2025-07-26 12:43:20,107 - DEBUG - Loaded collision time for BConcave+CConvex+4500 at IoU 0.4: nan
2025-07-26 12:43:20,107 - DEBUG - Loaded collision time for BConcave+CConvex+4500 at IoU 0.45: nan
2025-07-26 12:43:20,108 - DEBUG - Loaded collision time for BConcave+CConvex+4500 at IoU 0.5: nan
2025-07-26 12:43:20,109 - DEBUG - Loaded collision time for BConcave+CConvex+4500 at IoU 0.55: nan
2025-07-26 12:43:20,110 - DEBUG - Loaded collision time for BConcave+CConvex+4500 at IoU 0.6: nan
2025-07-26 12:43:20,111 - DEBUG - Loaded collision time for BConcave+CConvex+4500 at IoU 0.65: nan
2025-07-26 12:43:20,112 - DEBUG - Loaded collision time for BConcave+CConvex+4500 at IoU 0.7: nan
2025-07-26 12:43:20,113 - DEBUG - Loaded collision time for BConcave+CConvex+4500 at IoU 0.75: nan
2025-07-26 12:43:20,114 - DEBUG - Loaded collision time for BConcave+CConvex+4500 at IoU 0.8: nan
2025-07-26 12:43:20,115 - DEBUG - Loaded collision time for BConcave+CConvex+4500 at IoU 0.85: nan
2025-07-26 12:43:20,116 - DEBUG - Loaded collision time for BConcave+CConvex+4500 at IoU 0.9: nan
2025-07-26 12:43:20,116 - DEBUG - Loaded collision time for BConcave+CConvex+4500 at IoU 0.95: nan
2025-07-26 12:43:20,117 - INFO - Processing video: BConcave+DConcave+3500
2025-07-26 12:43:20,118 - INFO - Video BConcave+DConcave+3500 already processed (found segformer_model-BConcave+DConcave+3500.mp4), skipping video processing...
2025-07-26 12:43:20,126 - INFO - VanillaSegmentationSaver initialized with output dir: /home/projects/bagon/andreyg/Projects/Object_reps_neural/Programming/hugging_face/model_experiments/segformer/exp2TTC_segformer-b3-finetuned-ade-512-512/processed_videos/segformer_model-BConcave+DConcave+3500/org_segmentation
2025-07-26 12:43:20,131 - INFO - All collision results already exist for BConcave+DConcave+3500
2025-07-26 12:43:20,132 - DEBUG - Loaded collision time for BConcave+DConcave+3500 at IoU 0.05: 1550.0
2025-07-26 12:43:20,133 - DEBUG - Loaded collision time for BConcave+DConcave+3500 at IoU 0.1: 1550.0
2025-07-26 12:43:20,134 - DEBUG - Loaded collision time for BConcave+DConcave+3500 at IoU 0.15: 1550.0
2025-07-26 12:43:20,135 - DEBUG - Loaded collision time for BConcave+DConcave+3500 at IoU 0.2: 1550.0
2025-07-26 12:43:20,136 - DEBUG - Loaded collision time for BConcave+DConcave+3500 at IoU 0.25: 1550.0
2025-07-26 12:43:20,137 - DEBUG - Loaded collision time for BConcave+DConcave+3500 at IoU 0.3: 1550.0
2025-07-26 12:43:20,137 - DEBUG - Loaded collision time for BConcave+DConcave+3500 at IoU 0.35: 1550.0
2025-07-26 12:43:20,138 - DEBUG - Loaded collision time for BConcave+DConcave+3500 at IoU 0.4: 1550.0
2025-07-26 12:43:20,139 - DEBUG - Loaded collision time for BConcave+DConcave+3500 at IoU 0.45: 1550.0
2025-07-26 12:43:20,140 - DEBUG - Loaded collision time for BConcave+DConcave+3500 at IoU 0.5: 1550.0
2025-07-26 12:43:20,141 - DEBUG - Loaded collision time for BConcave+DConcave+3500 at IoU 0.55: 1550.0
2025-07-26 12:43:20,142 - DEBUG - Loaded collision time for BConcave+DConcave+3500 at IoU 0.6: 1550.0
2025-07-26 12:43:20,143 - DEBUG - Loaded collision time for BConcave+DConcave+3500 at IoU 0.65: 1550.0
2025-07-26 12:43:20,144 - DEBUG - Loaded collision time for BConcave+DConcave+3500 at IoU 0.7: 1550.0
2025-07-26 12:43:20,145 - DEBUG - Loaded collision time for BConcave+DConcave+3500 at IoU 0.75: 1550.0
2025-07-26 12:43:20,146 - DEBUG - Loaded collision time for BConcave+DConcave+3500 at IoU 0.8: 1550.0
2025-07-26 12:43:20,147 - DEBUG - Loaded collision time for BConcave+DConcave+3500 at IoU 0.85: 1550.0
2025-07-26 12:43:20,147 - DEBUG - Loaded collision time for BConcave+DConcave+3500 at IoU 0.9: nan
2025-07-26 12:43:20,148 - DEBUG - Loaded collision time for BConcave+DConcave+3500 at IoU 0.95: nan
2025-07-26 12:43:20,148 - INFO - Processing video: BConcave+DConcave+3700_flipped
2025-07-26 12:43:20,150 - INFO - Video BConcave+DConcave+3700_flipped already processed (found segformer_model-BConcave+DConcave+3700_flipped.mp4), skipping video processing...
2025-07-26 12:43:20,158 - INFO - VanillaSegmentationSaver initialized with output dir: /home/projects/bagon/andreyg/Projects/Object_reps_neural/Programming/hugging_face/model_experiments/segformer/exp2TTC_segformer-b3-finetuned-ade-512-512/processed_videos/segformer_model-BConcave+DConcave+3700_flipped/org_segmentation
2025-07-26 12:43:20,163 - INFO - All collision results already exist for BConcave+DConcave+3700_flipped
2025-07-26 12:43:20,164 - DEBUG - Loaded collision time for BConcave+DConcave+3700_flipped at IoU 0.05: 4233.333333333333
2025-07-26 12:43:20,165 - DEBUG - Loaded collision time for BConcave+DConcave+3700_flipped at IoU 0.1: nan
2025-07-26 12:43:20,166 - DEBUG - Loaded collision time for BConcave+DConcave+3700_flipped at IoU 0.15: nan
2025-07-26 12:43:20,167 - DEBUG - Loaded collision time for BConcave+DConcave+3700_flipped at IoU 0.2: nan
2025-07-26 12:43:20,168 - DEBUG - Loaded collision time for BConcave+DConcave+3700_flipped at IoU 0.25: nan
2025-07-26 12:43:20,168 - DEBUG - Loaded collision time for BConcave+DConcave+3700_flipped at IoU 0.3: nan
2025-07-26 12:43:20,169 - DEBUG - Loaded collision time for BConcave+DConcave+3700_flipped at IoU 0.35: nan
2025-07-26 12:43:20,170 - DEBUG - Loaded collision time for BConcave+DConcave+3700_flipped at IoU 0.4: nan
2025-07-26 12:43:20,171 - DEBUG - Loaded collision time for BConcave+DConcave+3700_flipped at IoU 0.45: nan
2025-07-26 12:43:20,172 - DEBUG - Loaded collision time for BConcave+DConcave+3700_flipped at IoU 0.5: nan
2025-07-26 12:43:20,173 - DEBUG - Loaded collision time for BConcave+DConcave+3700_flipped at IoU 0.55: nan
2025-07-26 12:43:20,174 - DEBUG - Loaded collision time for BConcave+DConcave+3700_flipped at IoU 0.6: nan
2025-07-26 12:43:20,175 - DEBUG - Loaded collision time for BConcave+DConcave+3700_flipped at IoU 0.65: nan
2025-07-26 12:43:20,176 - DEBUG - Loaded collision time for BConcave+DConcave+3700_flipped at IoU 0.7: nan
2025-07-26 12:43:20,177 - DEBUG - Loaded collision time for BConcave+DConcave+3700_flipped at IoU 0.75: nan
2025-07-26 12:43:20,178 - DEBUG - Loaded collision time for BConcave+DConcave+3700_flipped at IoU 0.8: nan
2025-07-26 12:43:20,178 - DEBUG - Loaded collision time for BConcave+DConcave+3700_flipped at IoU 0.85: nan
2025-07-26 12:43:20,179 - DEBUG - Loaded collision time for BConcave+DConcave+3700_flipped at IoU 0.9: nan
2025-07-26 12:43:20,180 - DEBUG - Loaded collision time for BConcave+DConcave+3700_flipped at IoU 0.95: nan
2025-07-26 12:43:20,180 - INFO - Processing video: BConcave+DConcave+3900
2025-07-26 12:43:20,182 - INFO - Video BConcave+DConcave+3900 already processed (found segformer_model-BConcave+DConcave+3900.mp4), skipping video processing...
2025-07-26 12:43:20,189 - INFO - VanillaSegmentationSaver initialized with output dir: /home/projects/bagon/andreyg/Projects/Object_reps_neural/Programming/hugging_face/model_experiments/segformer/exp2TTC_segformer-b3-finetuned-ade-512-512/processed_videos/segformer_model-BConcave+DConcave+3900/org_segmentation
2025-07-26 12:43:20,194 - INFO - All collision results already exist for BConcave+DConcave+3900
2025-07-26 12:43:20,195 - DEBUG - Loaded collision time for BConcave+DConcave+3900 at IoU 0.05: nan
2025-07-26 12:43:20,196 - DEBUG - Loaded collision time for BConcave+DConcave+3900 at IoU 0.1: nan
2025-07-26 12:43:20,197 - DEBUG - Loaded collision time for BConcave+DConcave+3900 at IoU 0.15: nan
2025-07-26 12:43:20,198 - DEBUG - Loaded collision time for BConcave+DConcave+3900 at IoU 0.2: nan
2025-07-26 12:43:20,199 - DEBUG - Loaded collision time for BConcave+DConcave+3900 at IoU 0.25: nan
2025-07-26 12:43:20,200 - DEBUG - Loaded collision time for BConcave+DConcave+3900 at IoU 0.3: nan
2025-07-26 12:43:20,201 - DEBUG - Loaded collision time for BConcave+DConcave+3900 at IoU 0.35: nan
2025-07-26 12:43:20,202 - DEBUG - Loaded collision time for BConcave+DConcave+3900 at IoU 0.4: nan
2025-07-26 12:43:20,202 - DEBUG - Loaded collision time for BConcave+DConcave+3900 at IoU 0.45: nan
2025-07-26 12:43:20,203 - DEBUG - Loaded collision time for BConcave+DConcave+3900 at IoU 0.5: nan
2025-07-26 12:43:20,204 - DEBUG - Loaded collision time for BConcave+DConcave+3900 at IoU 0.55: nan
2025-07-26 12:43:20,205 - DEBUG - Loaded collision time for BConcave+DConcave+3900 at IoU 0.6: nan
2025-07-26 12:43:20,206 - DEBUG - Loaded collision time for BConcave+DConcave+3900 at IoU 0.65: nan
2025-07-26 12:43:20,207 - DEBUG - Loaded collision time for BConcave+DConcave+3900 at IoU 0.7: nan
2025-07-26 12:43:20,208 - DEBUG - Loaded collision time for BConcave+DConcave+3900 at IoU 0.75: nan
2025-07-26 12:43:20,209 - DEBUG - Loaded collision time for BConcave+DConcave+3900 at IoU 0.8: nan
2025-07-26 12:43:20,210 - DEBUG - Loaded collision time for BConcave+DConcave+3900 at IoU 0.85: nan
2025-07-26 12:43:20,211 - DEBUG - Loaded collision time for BConcave+DConcave+3900 at IoU 0.9: nan
2025-07-26 12:43:20,211 - DEBUG - Loaded collision time for BConcave+DConcave+3900 at IoU 0.95: nan
2025-07-26 12:43:20,212 - INFO - Processing video: BConcave+DConcave+4100_flipped
2025-07-26 12:43:20,213 - INFO - Video BConcave+DConcave+4100_flipped already processed (found segformer_model-BConcave+DConcave+4100_flipped.mp4), skipping video processing...
2025-07-26 12:43:20,221 - INFO - VanillaSegmentationSaver initialized with output dir: /home/projects/bagon/andreyg/Projects/Object_reps_neural/Programming/hugging_face/model_experiments/segformer/exp2TTC_segformer-b3-finetuned-ade-512-512/processed_videos/segformer_model-BConcave+DConcave+4100_flipped/org_segmentation
2025-07-26 12:43:20,226 - INFO - All collision results already exist for BConcave+DConcave+4100_flipped
2025-07-26 12:43:20,227 - DEBUG - Loaded collision time for BConcave+DConcave+4100_flipped at IoU 0.05: 1400.0
2025-07-26 12:43:20,228 - DEBUG - Loaded collision time for BConcave+DConcave+4100_flipped at IoU 0.1: nan
2025-07-26 12:43:20,229 - DEBUG - Loaded collision time for BConcave+DConcave+4100_flipped at IoU 0.15: nan
2025-07-26 12:43:20,229 - DEBUG - Loaded collision time for BConcave+DConcave+4100_flipped at IoU 0.2: nan
2025-07-26 12:43:20,230 - DEBUG - Loaded collision time for BConcave+DConcave+4100_flipped at IoU 0.25: nan
2025-07-26 12:43:20,231 - DEBUG - Loaded collision time for BConcave+DConcave+4100_flipped at IoU 0.3: nan
2025-07-26 12:43:20,232 - DEBUG - Loaded collision time for BConcave+DConcave+4100_flipped at IoU 0.35: nan
2025-07-26 12:43:20,233 - DEBUG - Loaded collision time for BConcave+DConcave+4100_flipped at IoU 0.4: nan
2025-07-26 12:43:20,234 - DEBUG - Loaded collision time for BConcave+DConcave+4100_flipped at IoU 0.45: nan
2025-07-26 12:43:20,235 - DEBUG - Loaded collision time for BConcave+DConcave+4100_flipped at IoU 0.5: nan
2025-07-26 12:43:20,236 - DEBUG - Loaded collision time for BConcave+DConcave+4100_flipped at IoU 0.55: nan
2025-07-26 12:43:20,237 - DEBUG - Loaded collision time for BConcave+DConcave+4100_flipped at IoU 0.6: nan
2025-07-26 12:43:20,238 - DEBUG - Loaded collision time for BConcave+DConcave+4100_flipped at IoU 0.65: nan
2025-07-26 12:43:20,239 - DEBUG - Loaded collision time for BConcave+DConcave+4100_flipped at IoU 0.7: nan
2025-07-26 12:43:20,240 - DEBUG - Loaded collision time for BConcave+DConcave+4100_flipped at IoU 0.75: nan
2025-07-26 12:43:20,241 - DEBUG - Loaded collision time for BConcave+DConcave+4100_flipped at IoU 0.8: nan
2025-07-26 12:43:20,241 - DEBUG - Loaded collision time for BConcave+DConcave+4100_flipped at IoU 0.85: nan
2025-07-26 12:43:20,242 - DEBUG - Loaded collision time for BConcave+DConcave+4100_flipped at IoU 0.9: nan
2025-07-26 12:43:20,243 - DEBUG - Loaded collision time for BConcave+DConcave+4100_flipped at IoU 0.95: nan
2025-07-26 12:43:20,243 - INFO - Processing video: BConcave+DConcave+4300
2025-07-26 12:43:20,245 - INFO - Video BConcave+DConcave+4300 already processed (found segformer_model-BConcave+DConcave+4300.mp4), skipping video processing...
2025-07-26 12:43:20,253 - INFO - VanillaSegmentationSaver initialized with output dir: /home/projects/bagon/andreyg/Projects/Object_reps_neural/Programming/hugging_face/model_experiments/segformer/exp2TTC_segformer-b3-finetuned-ade-512-512/processed_videos/segformer_model-BConcave+DConcave+4300/org_segmentation
2025-07-26 12:43:20,258 - INFO - All collision results already exist for BConcave+DConcave+4300
2025-07-26 12:43:20,259 - DEBUG - Loaded collision time for BConcave+DConcave+4300 at IoU 0.05: nan
2025-07-26 12:43:20,260 - DEBUG - Loaded collision time for BConcave+DConcave+4300 at IoU 0.1: nan
2025-07-26 12:43:20,261 - DEBUG - Loaded collision time for BConcave+DConcave+4300 at IoU 0.15: nan
2025-07-26 12:43:20,261 - DEBUG - Loaded collision time for BConcave+DConcave+4300 at IoU 0.2: nan
2025-07-26 12:43:20,262 - DEBUG - Loaded collision time for BConcave+DConcave+4300 at IoU 0.25: nan
2025-07-26 12:43:20,263 - DEBUG - Loaded collision time for BConcave+DConcave+4300 at IoU 0.3: nan
2025-07-26 12:43:20,264 - DEBUG - Loaded collision time for BConcave+DConcave+4300 at IoU 0.35: nan
2025-07-26 12:43:20,265 - DEBUG - Loaded collision time for BConcave+DConcave+4300 at IoU 0.4: nan
2025-07-26 12:43:20,266 - DEBUG - Loaded collision time for BConcave+DConcave+4300 at IoU 0.45: nan
2025-07-26 12:43:20,267 - DEBUG - Loaded collision time for BConcave+DConcave+4300 at IoU 0.5: nan
2025-07-26 12:43:20,268 - DEBUG - Loaded collision time for BConcave+DConcave+4300 at IoU 0.55: nan
2025-07-26 12:43:20,268 - DEBUG - Loaded collision time for BConcave+DConcave+4300 at IoU 0.6: nan
2025-07-26 12:43:20,269 - DEBUG - Loaded collision time for BConcave+DConcave+4300 at IoU 0.65: nan
2025-07-26 12:43:20,270 - DEBUG - Loaded collision time for BConcave+DConcave+4300 at IoU 0.7: nan
2025-07-26 12:43:20,271 - DEBUG - Loaded collision time for BConcave+DConcave+4300 at IoU 0.75: nan
2025-07-26 12:43:20,272 - DEBUG - Loaded collision time for BConcave+DConcave+4300 at IoU 0.8: nan
2025-07-26 12:43:20,273 - DEBUG - Loaded collision time for BConcave+DConcave+4300 at IoU 0.85: nan
2025-07-26 12:43:20,274 - DEBUG - Loaded collision time for BConcave+DConcave+4300 at IoU 0.9: nan
2025-07-26 12:43:20,275 - DEBUG - Loaded collision time for BConcave+DConcave+4300 at IoU 0.95: nan
2025-07-26 12:43:20,275 - INFO - Processing video: BConcave+DConcave+4500_flipped
2025-07-26 12:43:20,277 - INFO - Video BConcave+DConcave+4500_flipped already processed (found segformer_model-BConcave+DConcave+4500_flipped.mp4), skipping video processing...
2025-07-26 12:43:20,285 - INFO - VanillaSegmentationSaver initialized with output dir: /home/projects/bagon/andreyg/Projects/Object_reps_neural/Programming/hugging_face/model_experiments/segformer/exp2TTC_segformer-b3-finetuned-ade-512-512/processed_videos/segformer_model-BConcave+DConcave+4500_flipped/org_segmentation
2025-07-26 12:43:20,290 - INFO - All collision results already exist for BConcave+DConcave+4500_flipped
2025-07-26 12:43:20,290 - DEBUG - Loaded collision time for BConcave+DConcave+4500_flipped at IoU 0.05: 4966.666666666667
2025-07-26 12:43:20,291 - DEBUG - Loaded collision time for BConcave+DConcave+4500_flipped at IoU 0.1: nan
2025-07-26 12:43:20,292 - DEBUG - Loaded collision time for BConcave+DConcave+4500_flipped at IoU 0.15: nan
2025-07-26 12:43:20,293 - DEBUG - Loaded collision time for BConcave+DConcave+4500_flipped at IoU 0.2: nan
2025-07-26 12:43:20,294 - DEBUG - Loaded collision time for BConcave+DConcave+4500_flipped at IoU 0.25: nan
2025-07-26 12:43:20,295 - DEBUG - Loaded collision time for BConcave+DConcave+4500_flipped at IoU 0.3: nan
2025-07-26 12:43:20,296 - DEBUG - Loaded collision time for BConcave+DConcave+4500_flipped at IoU 0.35: nan
2025-07-26 12:43:20,297 - DEBUG - Loaded collision time for BConcave+DConcave+4500_flipped at IoU 0.4: nan
2025-07-26 12:43:20,298 - DEBUG - Loaded collision time for BConcave+DConcave+4500_flipped at IoU 0.45: nan
2025-07-26 12:43:20,299 - DEBUG - Loaded collision time for BConcave+DConcave+4500_flipped at IoU 0.5: nan
2025-07-26 12:43:20,300 - DEBUG - Loaded collision time for BConcave+DConcave+4500_flipped at IoU 0.55: nan
2025-07-26 12:43:20,300 - DEBUG - Loaded collision time for BConcave+DConcave+4500_flipped at IoU 0.6: nan
2025-07-26 12:43:20,301 - DEBUG - Loaded collision time for BConcave+DConcave+4500_flipped at IoU 0.65: nan
2025-07-26 12:43:20,302 - DEBUG - Loaded collision time for BConcave+DConcave+4500_flipped at IoU 0.7: nan
2025-07-26 12:43:20,303 - DEBUG - Loaded collision time for BConcave+DConcave+4500_flipped at IoU 0.75: nan
2025-07-26 12:43:20,304 - DEBUG - Loaded collision time for BConcave+DConcave+4500_flipped at IoU 0.8: nan
2025-07-26 12:43:20,305 - DEBUG - Loaded collision time for BConcave+DConcave+4500_flipped at IoU 0.85: nan
2025-07-26 12:43:20,306 - DEBUG - Loaded collision time for BConcave+DConcave+4500_flipped at IoU 0.9: nan
2025-07-26 12:43:20,307 - DEBUG - Loaded collision time for BConcave+DConcave+4500_flipped at IoU 0.95: nan
2025-07-26 12:43:20,307 - INFO - Processing video: BConcave+DConvex+3500_flipped
2025-07-26 12:43:20,308 - INFO - Video BConcave+DConvex+3500_flipped already processed (found segformer_model-BConcave+DConvex+3500_flipped.mp4), skipping video processing...
2025-07-26 12:43:20,316 - INFO - VanillaSegmentationSaver initialized with output dir: /home/projects/bagon/andreyg/Projects/Object_reps_neural/Programming/hugging_face/model_experiments/segformer/exp2TTC_segformer-b3-finetuned-ade-512-512/processed_videos/segformer_model-BConcave+DConvex+3500_flipped/org_segmentation
2025-07-26 12:43:20,321 - INFO - All collision results already exist for BConcave+DConvex+3500_flipped
2025-07-26 12:43:20,322 - DEBUG - Loaded collision time for BConcave+DConvex+3500_flipped at IoU 0.05: 4716.666666666667
2025-07-26 12:43:20,323 - DEBUG - Loaded collision time for BConcave+DConvex+3500_flipped at IoU 0.1: nan
2025-07-26 12:43:20,323 - DEBUG - Loaded collision time for BConcave+DConvex+3500_flipped at IoU 0.15: nan
2025-07-26 12:43:20,324 - DEBUG - Loaded collision time for BConcave+DConvex+3500_flipped at IoU 0.2: nan
2025-07-26 12:43:20,325 - DEBUG - Loaded collision time for BConcave+DConvex+3500_flipped at IoU 0.25: nan
2025-07-26 12:43:20,326 - DEBUG - Loaded collision time for BConcave+DConvex+3500_flipped at IoU 0.3: nan
2025-07-26 12:43:20,327 - DEBUG - Loaded collision time for BConcave+DConvex+3500_flipped at IoU 0.35: nan
2025-07-26 12:43:20,328 - DEBUG - Loaded collision time for BConcave+DConvex+3500_flipped at IoU 0.4: nan
2025-07-26 12:43:20,329 - DEBUG - Loaded collision time for BConcave+DConvex+3500_flipped at IoU 0.45: nan
2025-07-26 12:43:20,330 - DEBUG - Loaded collision time for BConcave+DConvex+3500_flipped at IoU 0.5: nan
2025-07-26 12:43:20,331 - DEBUG - Loaded collision time for BConcave+DConvex+3500_flipped at IoU 0.55: nan
2025-07-26 12:43:20,332 - DEBUG - Loaded collision time for BConcave+DConvex+3500_flipped at IoU 0.6: nan
2025-07-26 12:43:20,332 - DEBUG - Loaded collision time for BConcave+DConvex+3500_flipped at IoU 0.65: nan
2025-07-26 12:43:20,334 - DEBUG - Loaded collision time for BConcave+DConvex+3500_flipped at IoU 0.7: nan
2025-07-26 12:43:20,334 - DEBUG - Loaded collision time for BConcave+DConvex+3500_flipped at IoU 0.75: nan
2025-07-26 12:43:20,335 - DEBUG - Loaded collision time for BConcave+DConvex+3500_flipped at IoU 0.8: nan
2025-07-26 12:43:20,336 - DEBUG - Loaded collision time for BConcave+DConvex+3500_flipped at IoU 0.85: nan
2025-07-26 12:43:20,337 - DEBUG - Loaded collision time for BConcave+DConvex+3500_flipped at IoU 0.9: nan
2025-07-26 12:43:20,338 - DEBUG - Loaded collision time for BConcave+DConvex+3500_flipped at IoU 0.95: nan
2025-07-26 12:43:20,338 - INFO - Processing video: BConcave+DConvex+3700
2025-07-26 12:43:20,340 - INFO - Video BConcave+DConvex+3700 already processed (found segformer_model-BConcave+DConvex+3700.mp4), skipping video processing...
2025-07-26 12:43:20,348 - INFO - VanillaSegmentationSaver initialized with output dir: /home/projects/bagon/andreyg/Projects/Object_reps_neural/Programming/hugging_face/model_experiments/segformer/exp2TTC_segformer-b3-finetuned-ade-512-512/processed_videos/segformer_model-BConcave+DConvex+3700/org_segmentation
2025-07-26 12:43:20,354 - INFO - All collision results already exist for BConcave+DConvex+3700
2025-07-26 12:43:20,355 - DEBUG - Loaded collision time for BConcave+DConvex+3700 at IoU 0.05: 4866.666666666666
2025-07-26 12:43:20,356 - DEBUG - Loaded collision time for BConcave+DConvex+3700 at IoU 0.1: 4883.333333333334
2025-07-26 12:43:20,356 - DEBUG - Loaded collision time for BConcave+DConvex+3700 at IoU 0.15: 5083.333333333333
2025-07-26 12:43:20,357 - DEBUG - Loaded collision time for BConcave+DConvex+3700 at IoU 0.2: nan
2025-07-26 12:43:20,358 - DEBUG - Loaded collision time for BConcave+DConvex+3700 at IoU 0.25: nan
2025-07-26 12:43:20,359 - DEBUG - Loaded collision time for BConcave+DConvex+3700 at IoU 0.3: nan
2025-07-26 12:43:20,360 - DEBUG - Loaded collision time for BConcave+DConvex+3700 at IoU 0.35: nan
2025-07-26 12:43:20,361 - DEBUG - Loaded collision time for BConcave+DConvex+3700 at IoU 0.4: nan
2025-07-26 12:43:20,362 - DEBUG - Loaded collision time for BConcave+DConvex+3700 at IoU 0.45: nan
2025-07-26 12:43:20,363 - DEBUG - Loaded collision time for BConcave+DConvex+3700 at IoU 0.5: nan
2025-07-26 12:43:20,364 - DEBUG - Loaded collision time for BConcave+DConvex+3700 at IoU 0.55: nan
2025-07-26 12:43:20,364 - DEBUG - Loaded collision time for BConcave+DConvex+3700 at IoU 0.6: nan
2025-07-26 12:43:20,365 - DEBUG - Loaded collision time for BConcave+DConvex+3700 at IoU 0.65: nan
2025-07-26 12:43:20,366 - DEBUG - Loaded collision time for BConcave+DConvex+3700 at IoU 0.7: nan
2025-07-26 12:43:20,367 - DEBUG - Loaded collision time for BConcave+DConvex+3700 at IoU 0.75: nan
2025-07-26 12:43:20,368 - DEBUG - Loaded collision time for BConcave+DConvex+3700 at IoU 0.8: nan
2025-07-26 12:43:20,369 - DEBUG - Loaded collision time for BConcave+DConvex+3700 at IoU 0.85: nan
2025-07-26 12:43:20,370 - DEBUG - Loaded collision time for BConcave+DConvex+3700 at IoU 0.9: nan
2025-07-26 12:43:20,371 - DEBUG - Loaded collision time for BConcave+DConvex+3700 at IoU 0.95: nan
2025-07-26 12:43:20,371 - INFO - Processing video: BConcave+DConvex+3900_flipped
2025-07-26 12:43:20,372 - INFO - Video BConcave+DConvex+3900_flipped already processed (found segformer_model-BConcave+DConvex+3900_flipped.mp4), skipping video processing...
2025-07-26 12:43:20,380 - INFO - VanillaSegmentationSaver initialized with output dir: /home/projects/bagon/andreyg/Projects/Object_reps_neural/Programming/hugging_face/model_experiments/segformer/exp2TTC_segformer-b3-finetuned-ade-512-512/processed_videos/segformer_model-BConcave+DConvex+3900_flipped/org_segmentation
2025-07-26 12:43:20,385 - INFO - All collision results already exist for BConcave+DConvex+3900_flipped
2025-07-26 12:43:20,386 - DEBUG - Loaded collision time for BConcave+DConvex+3900_flipped at IoU 0.05: 4766.666666666667
2025-07-26 12:43:20,387 - DEBUG - Loaded collision time for BConcave+DConvex+3900_flipped at IoU 0.1: 5116.666666666666
2025-07-26 12:43:20,388 - DEBUG - Loaded collision time for BConcave+DConvex+3900_flipped at IoU 0.15: 5350.0
2025-07-26 12:43:20,389 - DEBUG - Loaded collision time for BConcave+DConvex+3900_flipped at IoU 0.2: 5350.0
2025-07-26 12:43:20,389 - DEBUG - Loaded collision time for BConcave+DConvex+3900_flipped at IoU 0.25: nan
2025-07-26 12:43:20,390 - DEBUG - Loaded collision time for BConcave+DConvex+3900_flipped at IoU 0.3: nan
2025-07-26 12:43:20,391 - DEBUG - Loaded collision time for BConcave+DConvex+3900_flipped at IoU 0.35: nan
2025-07-26 12:43:20,391 - DEBUG - Loaded collision time for BConcave+DConvex+3900_flipped at IoU 0.4: nan
2025-07-26 12:43:20,392 - DEBUG - Loaded collision time for BConcave+DConvex+3900_flipped at IoU 0.45: nan
2025-07-26 12:43:20,393 - DEBUG - Loaded collision time for BConcave+DConvex+3900_flipped at IoU 0.5: nan
2025-07-26 12:43:20,393 - DEBUG - Loaded collision time for BConcave+DConvex+3900_flipped at IoU 0.55: nan
2025-07-26 12:43:20,394 - DEBUG - Loaded collision time for BConcave+DConvex+3900_flipped at IoU 0.6: nan
2025-07-26 12:43:20,395 - DEBUG - Loaded collision time for BConcave+DConvex+3900_flipped at IoU 0.65: nan
2025-07-26 12:43:20,395 - DEBUG - Loaded collision time for BConcave+DConvex+3900_flipped at IoU 0.7: nan
2025-07-26 12:43:20,396 - DEBUG - Loaded collision time for BConcave+DConvex+3900_flipped at IoU 0.75: nan
2025-07-26 12:43:20,396 - DEBUG - Loaded collision time for BConcave+DConvex+3900_flipped at IoU 0.8: nan
2025-07-26 12:43:20,397 - DEBUG - Loaded collision time for BConcave+DConvex+3900_flipped at IoU 0.85: nan
2025-07-26 12:43:20,398 - DEBUG - Loaded collision time for BConcave+DConvex+3900_flipped at IoU 0.9: nan
2025-07-26 12:43:20,398 - DEBUG - Loaded collision time for BConcave+DConvex+3900_flipped at IoU 0.95: nan
2025-07-26 12:43:20,398 - INFO - Processing video: BConcave+DConvex+4100
2025-07-26 12:43:20,400 - INFO - Video BConcave+DConvex+4100 already processed (found segformer_model-BConcave+DConvex+4100.mp4), skipping video processing...
2025-07-26 12:43:20,407 - INFO - VanillaSegmentationSaver initialized with output dir: /home/projects/bagon/andreyg/Projects/Object_reps_neural/Programming/hugging_face/model_experiments/segformer/exp2TTC_segformer-b3-finetuned-ade-512-512/processed_videos/segformer_model-BConcave+DConvex+4100/org_segmentation
2025-07-26 12:43:20,410 - INFO - All collision results already exist for BConcave+DConvex+4100
2025-07-26 12:43:20,411 - DEBUG - Loaded collision time for BConcave+DConvex+4100 at IoU 0.05: 4566.666666666666
2025-07-26 12:43:20,411 - DEBUG - Loaded collision time for BConcave+DConvex+4100 at IoU 0.1: 4750.0
2025-07-26 12:43:20,412 - DEBUG - Loaded collision time for BConcave+DConvex+4100 at IoU 0.15: 4866.666666666666
2025-07-26 12:43:20,413 - DEBUG - Loaded collision time for BConcave+DConvex+4100 at IoU 0.2: 5000.0
2025-07-26 12:43:20,414 - DEBUG - Loaded collision time for BConcave+DConvex+4100 at IoU 0.25: 5066.666666666666
2025-07-26 12:43:20,414 - DEBUG - Loaded collision time for BConcave+DConvex+4100 at IoU 0.3: 5116.666666666666
2025-07-26 12:43:20,415 - DEBUG - Loaded collision time for BConcave+DConvex+4100 at IoU 0.35: 5166.666666666667
2025-07-26 12:43:20,416 - DEBUG - Loaded collision time for BConcave+DConvex+4100 at IoU 0.4: 5200.0
2025-07-26 12:43:20,417 - DEBUG - Loaded collision time for BConcave+DConvex+4100 at IoU 0.45: 5250.0
2025-07-26 12:43:20,418 - DEBUG - Loaded collision time for BConcave+DConvex+4100 at IoU 0.5: 5300.0
2025-07-26 12:43:20,418 - DEBUG - Loaded collision time for BConcave+DConvex+4100 at IoU 0.55: nan
2025-07-26 12:43:20,419 - DEBUG - Loaded collision time for BConcave+DConvex+4100 at IoU 0.6: nan
2025-07-26 12:43:20,420 - DEBUG - Loaded collision time for BConcave+DConvex+4100 at IoU 0.65: nan
2025-07-26 12:43:20,421 - DEBUG - Loaded collision time for BConcave+DConvex+4100 at IoU 0.7: nan
2025-07-26 12:43:20,422 - DEBUG - Loaded collision time for BConcave+DConvex+4100 at IoU 0.75: nan
2025-07-26 12:43:20,423 - DEBUG - Loaded collision time for BConcave+DConvex+4100 at IoU 0.8: nan
2025-07-26 12:43:20,423 - DEBUG - Loaded collision time for BConcave+DConvex+4100 at IoU 0.85: nan
2025-07-26 12:43:20,424 - DEBUG - Loaded collision time for BConcave+DConvex+4100 at IoU 0.9: nan
2025-07-26 12:43:20,425 - DEBUG - Loaded collision time for BConcave+DConvex+4100 at IoU 0.95: nan
2025-07-26 12:43:20,425 - INFO - Processing video: BConcave+DConvex+4300_flipped
2025-07-26 12:43:20,427 - INFO - Video BConcave+DConvex+4300_flipped already processed (found segformer_model-BConcave+DConvex+4300_flipped.mp4), skipping video processing...
2025-07-26 12:43:20,434 - INFO - VanillaSegmentationSaver initialized with output dir: /home/projects/bagon/andreyg/Projects/Object_reps_neural/Programming/hugging_face/model_experiments/segformer/exp2TTC_segformer-b3-finetuned-ade-512-512/processed_videos/segformer_model-BConcave+DConvex+4300_flipped/org_segmentation
2025-07-26 12:43:20,437 - INFO - All collision results already exist for BConcave+DConvex+4300_flipped
2025-07-26 12:43:20,438 - DEBUG - Loaded collision time for BConcave+DConvex+4300_flipped at IoU 0.05: 4783.333333333333
2025-07-26 12:43:20,439 - DEBUG - Loaded collision time for BConcave+DConvex+4300_flipped at IoU 0.1: 4966.666666666667
2025-07-26 12:43:20,439 - DEBUG - Loaded collision time for BConcave+DConvex+4300_flipped at IoU 0.15: 5016.666666666667
2025-07-26 12:43:20,440 - DEBUG - Loaded collision time for BConcave+DConvex+4300_flipped at IoU 0.2: 5150.0
2025-07-26 12:43:20,441 - DEBUG - Loaded collision time for BConcave+DConvex+4300_flipped at IoU 0.25: 5216.666666666667
2025-07-26 12:43:20,442 - DEBUG - Loaded collision time for BConcave+DConvex+4300_flipped at IoU 0.3: 5283.333333333333
2025-07-26 12:43:20,442 - DEBUG - Loaded collision time for BConcave+DConvex+4300_flipped at IoU 0.35: 5366.666666666666
2025-07-26 12:43:20,443 - DEBUG - Loaded collision time for BConcave+DConvex+4300_flipped at IoU 0.4: 5400.0
2025-07-26 12:43:20,444 - DEBUG - Loaded collision time for BConcave+DConvex+4300_flipped at IoU 0.45: 5466.666666666667
2025-07-26 12:43:20,444 - DEBUG - Loaded collision time for BConcave+DConvex+4300_flipped at IoU 0.5: nan
2025-07-26 12:43:20,445 - DEBUG - Loaded collision time for BConcave+DConvex+4300_flipped at IoU 0.55: nan
2025-07-26 12:43:20,445 - DEBUG - Loaded collision time for BConcave+DConvex+4300_flipped at IoU 0.6: nan
2025-07-26 12:43:20,446 - DEBUG - Loaded collision time for BConcave+DConvex+4300_flipped at IoU 0.65: nan
2025-07-26 12:43:20,447 - DEBUG - Loaded collision time for BConcave+DConvex+4300_flipped at IoU 0.7: nan
2025-07-26 12:43:20,447 - DEBUG - Loaded collision time for BConcave+DConvex+4300_flipped at IoU 0.75: nan
2025-07-26 12:43:20,448 - DEBUG - Loaded collision time for BConcave+DConvex+4300_flipped at IoU 0.8: nan
2025-07-26 12:43:20,449 - DEBUG - Loaded collision time for BConcave+DConvex+4300_flipped at IoU 0.85: nan
2025-07-26 12:43:20,449 - DEBUG - Loaded collision time for BConcave+DConvex+4300_flipped at IoU 0.9: nan
2025-07-26 12:43:20,450 - DEBUG - Loaded collision time for BConcave+DConvex+4300_flipped at IoU 0.95: nan
2025-07-26 12:43:20,450 - INFO - Processing video: BConcave+DConvex+4500
2025-07-26 12:43:20,451 - INFO - Video BConcave+DConvex+4500 already processed (found segformer_model-BConcave+DConvex+4500.mp4), skipping video processing...
2025-07-26 12:43:20,458 - INFO - VanillaSegmentationSaver initialized with output dir: /home/projects/bagon/andreyg/Projects/Object_reps_neural/Programming/hugging_face/model_experiments/segformer/exp2TTC_segformer-b3-finetuned-ade-512-512/processed_videos/segformer_model-BConcave+DConvex+4500/org_segmentation
2025-07-26 12:43:20,462 - INFO - All collision results already exist for BConcave+DConvex+4500
2025-07-26 12:43:20,463 - DEBUG - Loaded collision time for BConcave+DConvex+4500 at IoU 0.05: 5250.0
2025-07-26 12:43:20,464 - DEBUG - Loaded collision time for BConcave+DConvex+4500 at IoU 0.1: 5350.0
2025-07-26 12:43:20,465 - DEBUG - Loaded collision time for BConcave+DConvex+4500 at IoU 0.15: 5433.333333333334
2025-07-26 12:43:20,466 - DEBUG - Loaded collision time for BConcave+DConvex+4500 at IoU 0.2: nan
2025-07-26 12:43:20,466 - DEBUG - Loaded collision time for BConcave+DConvex+4500 at IoU 0.25: nan
2025-07-26 12:43:20,467 - DEBUG - Loaded collision time for BConcave+DConvex+4500 at IoU 0.3: nan
2025-07-26 12:43:20,468 - DEBUG - Loaded collision time for BConcave+DConvex+4500 at IoU 0.35: nan
2025-07-26 12:43:20,469 - DEBUG - Loaded collision time for BConcave+DConvex+4500 at IoU 0.4: nan
2025-07-26 12:43:20,470 - DEBUG - Loaded collision time for BConcave+DConvex+4500 at IoU 0.45: nan
2025-07-26 12:43:20,471 - DEBUG - Loaded collision time for BConcave+DConvex+4500 at IoU 0.5: nan
2025-07-26 12:43:20,471 - DEBUG - Loaded collision time for BConcave+DConvex+4500 at IoU 0.55: nan
2025-07-26 12:43:20,472 - DEBUG - Loaded collision time for BConcave+DConvex+4500 at IoU 0.6: nan
2025-07-26 12:43:20,473 - DEBUG - Loaded collision time for BConcave+DConvex+4500 at IoU 0.65: nan
2025-07-26 12:43:20,474 - DEBUG - Loaded collision time for BConcave+DConvex+4500 at IoU 0.7: nan
2025-07-26 12:43:20,475 - DEBUG - Loaded collision time for BConcave+DConvex+4500 at IoU 0.75: nan
2025-07-26 12:43:20,476 - DEBUG - Loaded collision time for BConcave+DConvex+4500 at IoU 0.8: nan
2025-07-26 12:43:20,477 - DEBUG - Loaded collision time for BConcave+DConvex+4500 at IoU 0.85: nan
2025-07-26 12:43:20,478 - DEBUG - Loaded collision time for BConcave+DConvex+4500 at IoU 0.9: nan
2025-07-26 12:43:20,479 - DEBUG - Loaded collision time for BConcave+DConvex+4500 at IoU 0.95: nan
2025-07-26 12:43:20,479 - INFO - Processing video: BConcave+EConcave+3500_flipped
2025-07-26 12:43:20,480 - INFO - Video BConcave+EConcave+3500_flipped already processed (found segformer_model-BConcave+EConcave+3500_flipped.mp4), skipping video processing...
2025-07-26 12:43:20,488 - INFO - VanillaSegmentationSaver initialized with output dir: /home/projects/bagon/andreyg/Projects/Object_reps_neural/Programming/hugging_face/model_experiments/segformer/exp2TTC_segformer-b3-finetuned-ade-512-512/processed_videos/segformer_model-BConcave+EConcave+3500_flipped/org_segmentation
2025-07-26 12:43:20,492 - INFO - All collision results already exist for BConcave+EConcave+3500_flipped
2025-07-26 12:43:20,493 - DEBUG - Loaded collision time for BConcave+EConcave+3500_flipped at IoU 0.05: 3883.3333333333335
2025-07-26 12:43:20,494 - DEBUG - Loaded collision time for BConcave+EConcave+3500_flipped at IoU 0.1: 4200.0
2025-07-26 12:43:20,495 - DEBUG - Loaded collision time for BConcave+EConcave+3500_flipped at IoU 0.15: nan
2025-07-26 12:43:20,496 - DEBUG - Loaded collision time for BConcave+EConcave+3500_flipped at IoU 0.2: nan
2025-07-26 12:43:20,497 - DEBUG - Loaded collision time for BConcave+EConcave+3500_flipped at IoU 0.25: nan
2025-07-26 12:43:20,498 - DEBUG - Loaded collision time for BConcave+EConcave+3500_flipped at IoU 0.3: nan
2025-07-26 12:43:20,499 - DEBUG - Loaded collision time for BConcave+EConcave+3500_flipped at IoU 0.35: nan
2025-07-26 12:43:20,499 - DEBUG - Loaded collision time for BConcave+EConcave+3500_flipped at IoU 0.4: nan
2025-07-26 12:43:20,500 - DEBUG - Loaded collision time for BConcave+EConcave+3500_flipped at IoU 0.45: nan
2025-07-26 12:43:20,501 - DEBUG - Loaded collision time for BConcave+EConcave+3500_flipped at IoU 0.5: nan
2025-07-26 12:43:20,502 - DEBUG - Loaded collision time for BConcave+EConcave+3500_flipped at IoU 0.55: nan
2025-07-26 12:43:20,503 - DEBUG - Loaded collision time for BConcave+EConcave+3500_flipped at IoU 0.6: nan
2025-07-26 12:43:20,504 - DEBUG - Loaded collision time for BConcave+EConcave+3500_flipped at IoU 0.65: nan
2025-07-26 12:43:20,505 - DEBUG - Loaded collision time for BConcave+EConcave+3500_flipped at IoU 0.7: nan
2025-07-26 12:43:20,506 - DEBUG - Loaded collision time for BConcave+EConcave+3500_flipped at IoU 0.75: nan
2025-07-26 12:43:20,507 - DEBUG - Loaded collision time for BConcave+EConcave+3500_flipped at IoU 0.8: nan
2025-07-26 12:43:20,508 - DEBUG - Loaded collision time for BConcave+EConcave+3500_flipped at IoU 0.85: nan
2025-07-26 12:43:20,508 - DEBUG - Loaded collision time for BConcave+EConcave+3500_flipped at IoU 0.9: nan
2025-07-26 12:43:20,509 - DEBUG - Loaded collision time for BConcave+EConcave+3500_flipped at IoU 0.95: nan
2025-07-26 12:43:20,509 - INFO - Processing video: BConcave+EConcave+3700
2025-07-26 12:43:20,510 - INFO - Video BConcave+EConcave+3700 already processed (found segformer_model-BConcave+EConcave+3700.mp4), skipping video processing...
2025-07-26 12:43:20,518 - INFO - VanillaSegmentationSaver initialized with output dir: /home/projects/bagon/andreyg/Projects/Object_reps_neural/Programming/hugging_face/model_experiments/segformer/exp2TTC_segformer-b3-finetuned-ade-512-512/processed_videos/segformer_model-BConcave+EConcave+3700/org_segmentation
2025-07-26 12:43:20,522 - INFO - All collision results already exist for BConcave+EConcave+3700
2025-07-26 12:43:20,523 - DEBUG - Loaded collision time for BConcave+EConcave+3700 at IoU 0.05: 3933.333333333333
2025-07-26 12:43:20,523 - DEBUG - Loaded collision time for BConcave+EConcave+3700 at IoU 0.1: 4050.0
2025-07-26 12:43:20,524 - DEBUG - Loaded collision time for BConcave+EConcave+3700 at IoU 0.15: 4250.0
2025-07-26 12:43:20,524 - DEBUG - Loaded collision time for BConcave+EConcave+3700 at IoU 0.2: nan
2025-07-26 12:43:20,525 - DEBUG - Loaded collision time for BConcave+EConcave+3700 at IoU 0.25: nan
2025-07-26 12:43:20,526 - DEBUG - Loaded collision time for BConcave+EConcave+3700 at IoU 0.3: nan
2025-07-26 12:43:20,527 - DEBUG - Loaded collision time for BConcave+EConcave+3700 at IoU 0.35: nan
2025-07-26 12:43:20,527 - DEBUG - Loaded collision time for BConcave+EConcave+3700 at IoU 0.4: nan
2025-07-26 12:43:20,528 - DEBUG - Loaded collision time for BConcave+EConcave+3700 at IoU 0.45: nan
2025-07-26 12:43:20,528 - DEBUG - Loaded collision time for BConcave+EConcave+3700 at IoU 0.5: nan
2025-07-26 12:43:20,529 - DEBUG - Loaded collision time for BConcave+EConcave+3700 at IoU 0.55: nan
2025-07-26 12:43:20,530 - DEBUG - Loaded collision time for BConcave+EConcave+3700 at IoU 0.6: nan
2025-07-26 12:43:20,530 - DEBUG - Loaded collision time for BConcave+EConcave+3700 at IoU 0.65: nan
2025-07-26 12:43:20,531 - DEBUG - Loaded collision time for BConcave+EConcave+3700 at IoU 0.7: nan
2025-07-26 12:43:20,532 - DEBUG - Loaded collision time for BConcave+EConcave+3700 at IoU 0.75: nan
2025-07-26 12:43:20,532 - DEBUG - Loaded collision time for BConcave+EConcave+3700 at IoU 0.8: nan
2025-07-26 12:43:20,533 - DEBUG - Loaded collision time for BConcave+EConcave+3700 at IoU 0.85: nan
2025-07-26 12:43:20,534 - DEBUG - Loaded collision time for BConcave+EConcave+3700 at IoU 0.9: nan
2025-07-26 12:43:20,534 - DEBUG - Loaded collision time for BConcave+EConcave+3700 at IoU 0.95: nan
2025-07-26 12:43:20,534 - INFO - Processing video: BConcave+EConcave+3900_flipped
2025-07-26 12:43:20,535 - INFO - Video BConcave+EConcave+3900_flipped already processed (found segformer_model-BConcave+EConcave+3900_flipped.mp4), skipping video processing...
2025-07-26 12:43:20,542 - INFO - VanillaSegmentationSaver initialized with output dir: /home/projects/bagon/andreyg/Projects/Object_reps_neural/Programming/hugging_face/model_experiments/segformer/exp2TTC_segformer-b3-finetuned-ade-512-512/processed_videos/segformer_model-BConcave+EConcave+3900_flipped/org_segmentation
2025-07-26 12:43:20,545 - INFO - All collision results already exist for BConcave+EConcave+3900_flipped
2025-07-26 12:43:20,546 - DEBUG - Loaded collision time for BConcave+EConcave+3900_flipped at IoU 0.05: nan
2025-07-26 12:43:20,546 - DEBUG - Loaded collision time for BConcave+EConcave+3900_flipped at IoU 0.1: nan
2025-07-26 12:43:20,547 - DEBUG - Loaded collision time for BConcave+EConcave+3900_flipped at IoU 0.15: nan
2025-07-26 12:43:20,548 - DEBUG - Loaded collision time for BConcave+EConcave+3900_flipped at IoU 0.2: nan
2025-07-26 12:43:20,548 - DEBUG - Loaded collision time for BConcave+EConcave+3900_flipped at IoU 0.25: nan
2025-07-26 12:43:20,549 - DEBUG - Loaded collision time for BConcave+EConcave+3900_flipped at IoU 0.3: nan
2025-07-26 12:43:20,550 - DEBUG - Loaded collision time for BConcave+EConcave+3900_flipped at IoU 0.35: nan
2025-07-26 12:43:20,550 - DEBUG - Loaded collision time for BConcave+EConcave+3900_flipped at IoU 0.4: nan
2025-07-26 12:43:20,551 - DEBUG - Loaded collision time for BConcave+EConcave+3900_flipped at IoU 0.45: nan
2025-07-26 12:43:20,552 - DEBUG - Loaded collision time for BConcave+EConcave+3900_flipped at IoU 0.5: nan
2025-07-26 12:43:20,552 - DEBUG - Loaded collision time for BConcave+EConcave+3900_flipped at IoU 0.55: nan
2025-07-26 12:43:20,553 - DEBUG - Loaded collision time for BConcave+EConcave+3900_flipped at IoU 0.6: nan
2025-07-26 12:43:20,554 - DEBUG - Loaded collision time for BConcave+EConcave+3900_flipped at IoU 0.65: nan
2025-07-26 12:43:20,554 - DEBUG - Loaded collision time for BConcave+EConcave+3900_flipped at IoU 0.7: nan
2025-07-26 12:43:20,555 - DEBUG - Loaded collision time for BConcave+EConcave+3900_flipped at IoU 0.75: nan
2025-07-26 12:43:20,556 - DEBUG - Loaded collision time for BConcave+EConcave+3900_flipped at IoU 0.8: nan
2025-07-26 12:43:20,556 - DEBUG - Loaded collision time for BConcave+EConcave+3900_flipped at IoU 0.85: nan
2025-07-26 12:43:20,557 - DEBUG - Loaded collision time for BConcave+EConcave+3900_flipped at IoU 0.9: nan
2025-07-26 12:43:20,557 - DEBUG - Loaded collision time for BConcave+EConcave+3900_flipped at IoU 0.95: nan
2025-07-26 12:43:20,557 - INFO - Processing video: BConcave+EConcave+4100
2025-07-26 12:43:20,559 - INFO - Video BConcave+EConcave+4100 already processed (found segformer_model-BConcave+EConcave+4100.mp4), skipping video processing...
2025-07-26 12:43:20,565 - INFO - VanillaSegmentationSaver initialized with output dir: /home/projects/bagon/andreyg/Projects/Object_reps_neural/Programming/hugging_face/model_experiments/segformer/exp2TTC_segformer-b3-finetuned-ade-512-512/processed_videos/segformer_model-BConcave+EConcave+4100/org_segmentation
2025-07-26 12:43:20,568 - INFO - All collision results already exist for BConcave+EConcave+4100
2025-07-26 12:43:20,569 - DEBUG - Loaded collision time for BConcave+EConcave+4100 at IoU 0.05: nan
2025-07-26 12:43:20,569 - DEBUG - Loaded collision time for BConcave+EConcave+4100 at IoU 0.1: nan
2025-07-26 12:43:20,570 - DEBUG - Loaded collision time for BConcave+EConcave+4100 at IoU 0.15: nan
2025-07-26 12:43:20,571 - DEBUG - Loaded collision time for BConcave+EConcave+4100 at IoU 0.2: nan
2025-07-26 12:43:20,571 - DEBUG - Loaded collision time for BConcave+EConcave+4100 at IoU 0.25: nan
2025-07-26 12:43:20,572 - DEBUG - Loaded collision time for BConcave+EConcave+4100 at IoU 0.3: nan
2025-07-26 12:43:20,573 - DEBUG - Loaded collision time for BConcave+EConcave+4100 at IoU 0.35: nan
2025-07-26 12:43:20,573 - DEBUG - Loaded collision time for BConcave+EConcave+4100 at IoU 0.4: nan
2025-07-26 12:43:20,574 - DEBUG - Loaded collision time for BConcave+EConcave+4100 at IoU 0.45: nan
2025-07-26 12:43:20,575 - DEBUG - Loaded collision time for BConcave+EConcave+4100 at IoU 0.5: nan
2025-07-26 12:43:20,575 - DEBUG - Loaded collision time for BConcave+EConcave+4100 at IoU 0.55: nan
2025-07-26 12:43:20,576 - DEBUG - Loaded collision time for BConcave+EConcave+4100 at IoU 0.6: nan
2025-07-26 12:43:20,576 - DEBUG - Loaded collision time for BConcave+EConcave+4100 at IoU 0.65: nan
2025-07-26 12:43:20,577 - DEBUG - Loaded collision time for BConcave+EConcave+4100 at IoU 0.7: nan
2025-07-26 12:43:20,578 - DEBUG - Loaded collision time for BConcave+EConcave+4100 at IoU 0.75: nan
2025-07-26 12:43:20,578 - DEBUG - Loaded collision time for BConcave+EConcave+4100 at IoU 0.8: nan
2025-07-26 12:43:20,579 - DEBUG - Loaded collision time for BConcave+EConcave+4100 at IoU 0.85: nan
2025-07-26 12:43:20,580 - DEBUG - Loaded collision time for BConcave+EConcave+4100 at IoU 0.9: nan
2025-07-26 12:43:20,580 - DEBUG - Loaded collision time for BConcave+EConcave+4100 at IoU 0.95: nan
2025-07-26 12:43:20,580 - INFO - Processing video: BConcave+EConcave+4300_flipped
2025-07-26 12:43:20,581 - INFO - Video BConcave+EConcave+4300_flipped already processed (found segformer_model-BConcave+EConcave+4300_flipped.mp4), skipping video processing...
2025-07-26 12:43:20,588 - INFO - VanillaSegmentationSaver initialized with output dir: /home/projects/bagon/andreyg/Projects/Object_reps_neural/Programming/hugging_face/model_experiments/segformer/exp2TTC_segformer-b3-finetuned-ade-512-512/processed_videos/segformer_model-BConcave+EConcave+4300_flipped/org_segmentation
2025-07-26 12:43:20,591 - INFO - All collision results already exist for BConcave+EConcave+4300_flipped
2025-07-26 12:43:20,592 - DEBUG - Loaded collision time for BConcave+EConcave+4300_flipped at IoU 0.05: 4583.333333333333
2025-07-26 12:43:20,592 - DEBUG - Loaded collision time for BConcave+EConcave+4300_flipped at IoU 0.1: 4750.0
2025-07-26 12:43:20,593 - DEBUG - Loaded collision time for BConcave+EConcave+4300_flipped at IoU 0.15: nan
2025-07-26 12:43:20,594 - DEBUG - Loaded collision time for BConcave+EConcave+4300_flipped at IoU 0.2: nan
2025-07-26 12:43:20,594 - DEBUG - Loaded collision time for BConcave+EConcave+4300_flipped at IoU 0.25: nan
2025-07-26 12:43:20,595 - DEBUG - Loaded collision time for BConcave+EConcave+4300_flipped at IoU 0.3: nan
2025-07-26 12:43:20,596 - DEBUG - Loaded collision time for BConcave+EConcave+4300_flipped at IoU 0.35: nan
2025-07-26 12:43:20,596 - DEBUG - Loaded collision time for BConcave+EConcave+4300_flipped at IoU 0.4: nan
2025-07-26 12:43:20,597 - DEBUG - Loaded collision time for BConcave+EConcave+4300_flipped at IoU 0.45: nan
2025-07-26 12:43:20,597 - DEBUG - Loaded collision time for BConcave+EConcave+4300_flipped at IoU 0.5: nan
2025-07-26 12:43:20,598 - DEBUG - Loaded collision time for BConcave+EConcave+4300_flipped at IoU 0.55: nan
2025-07-26 12:43:20,599 - DEBUG - Loaded collision time for BConcave+EConcave+4300_flipped at IoU 0.6: nan
2025-07-26 12:43:20,599 - DEBUG - Loaded collision time for BConcave+EConcave+4300_flipped at IoU 0.65: nan
2025-07-26 12:43:20,600 - DEBUG - Loaded collision time for BConcave+EConcave+4300_flipped at IoU 0.7: nan
2025-07-26 12:43:20,601 - DEBUG - Loaded collision time for BConcave+EConcave+4300_flipped at IoU 0.75: nan
2025-07-26 12:43:20,601 - DEBUG - Loaded collision time for BConcave+EConcave+4300_flipped at IoU 0.8: nan
2025-07-26 12:43:20,602 - DEBUG - Loaded collision time for BConcave+EConcave+4300_flipped at IoU 0.85: nan
2025-07-26 12:43:20,602 - DEBUG - Loaded collision time for BConcave+EConcave+4300_flipped at IoU 0.9: nan
2025-07-26 12:43:20,603 - DEBUG - Loaded collision time for BConcave+EConcave+4300_flipped at IoU 0.95: nan
2025-07-26 12:43:20,603 - INFO - Processing video: BConcave+EConcave+4500
2025-07-26 12:43:20,604 - INFO - Video BConcave+EConcave+4500 already processed (found segformer_model-BConcave+EConcave+4500.mp4), skipping video processing...
2025-07-26 12:43:20,611 - INFO - VanillaSegmentationSaver initialized with output dir: /home/projects/bagon/andreyg/Projects/Object_reps_neural/Programming/hugging_face/model_experiments/segformer/exp2TTC_segformer-b3-finetuned-ade-512-512/processed_videos/segformer_model-BConcave+EConcave+4500/org_segmentation
2025-07-26 12:43:20,614 - INFO - All collision results already exist for BConcave+EConcave+4500
2025-07-26 12:43:20,614 - DEBUG - Loaded collision time for BConcave+EConcave+4500 at IoU 0.05: 1650.0
2025-07-26 12:43:20,615 - DEBUG - Loaded collision time for BConcave+EConcave+4500 at IoU 0.1: 1650.0
2025-07-26 12:43:20,616 - DEBUG - Loaded collision time for BConcave+EConcave+4500 at IoU 0.15: 1650.0
2025-07-26 12:43:20,616 - DEBUG - Loaded collision time for BConcave+EConcave+4500 at IoU 0.2: 1650.0
2025-07-26 12:43:20,617 - DEBUG - Loaded collision time for BConcave+EConcave+4500 at IoU 0.25: 1650.0
2025-07-26 12:43:20,617 - DEBUG - Loaded collision time for BConcave+EConcave+4500 at IoU 0.3: 1650.0
2025-07-26 12:43:20,618 - DEBUG - Loaded collision time for BConcave+EConcave+4500 at IoU 0.35: 1650.0
2025-07-26 12:43:20,619 - DEBUG - Loaded collision time for BConcave+EConcave+4500 at IoU 0.4: 1650.0
2025-07-26 12:43:20,619 - DEBUG - Loaded collision time for BConcave+EConcave+4500 at IoU 0.45: 1650.0
2025-07-26 12:43:20,620 - DEBUG - Loaded collision time for BConcave+EConcave+4500 at IoU 0.5: 1650.0
2025-07-26 12:43:20,621 - DEBUG - Loaded collision time for BConcave+EConcave+4500 at IoU 0.55: 1650.0
2025-07-26 12:43:20,621 - DEBUG - Loaded collision time for BConcave+EConcave+4500 at IoU 0.6: 1650.0
2025-07-26 12:43:20,622 - DEBUG - Loaded collision time for BConcave+EConcave+4500 at IoU 0.65: 1650.0
2025-07-26 12:43:20,623 - DEBUG - Loaded collision time for BConcave+EConcave+4500 at IoU 0.7: 1650.0
2025-07-26 12:43:20,623 - DEBUG - Loaded collision time for BConcave+EConcave+4500 at IoU 0.75: 1650.0
2025-07-26 12:43:20,624 - DEBUG - Loaded collision time for BConcave+EConcave+4500 at IoU 0.8: 1666.6666666666667
2025-07-26 12:43:20,625 - DEBUG - Loaded collision time for BConcave+EConcave+4500 at IoU 0.85: nan
2025-07-26 12:43:20,625 - DEBUG - Loaded collision time for BConcave+EConcave+4500 at IoU 0.9: nan
2025-07-26 12:43:20,626 - DEBUG - Loaded collision time for BConcave+EConcave+4500 at IoU 0.95: nan
2025-07-26 12:43:20,626 - INFO - Processing video: BConcave+EConvex+3500
2025-07-26 12:43:20,627 - INFO - Video BConcave+EConvex+3500 already processed (found segformer_model-BConcave+EConvex+3500.mp4), skipping video processing...
2025-07-26 12:43:20,634 - INFO - VanillaSegmentationSaver initialized with output dir: /home/projects/bagon/andreyg/Projects/Object_reps_neural/Programming/hugging_face/model_experiments/segformer/exp2TTC_segformer-b3-finetuned-ade-512-512/processed_videos/segformer_model-BConcave+EConvex+3500/org_segmentation
2025-07-26 12:43:20,637 - INFO - All collision results already exist for BConcave+EConvex+3500
2025-07-26 12:43:20,637 - DEBUG - Loaded collision time for BConcave+EConvex+3500 at IoU 0.05: 3750.0
2025-07-26 12:43:20,638 - DEBUG - Loaded collision time for BConcave+EConvex+3500 at IoU 0.1: 3866.6666666666665
2025-07-26 12:43:20,639 - DEBUG - Loaded collision time for BConcave+EConvex+3500 at IoU 0.15: 3966.666666666667
2025-07-26 12:43:20,639 - DEBUG - Loaded collision time for BConcave+EConvex+3500 at IoU 0.2: 4050.0
2025-07-26 12:43:20,640 - DEBUG - Loaded collision time for BConcave+EConvex+3500 at IoU 0.25: 4133.333333333334
2025-07-26 12:43:20,641 - DEBUG - Loaded collision time for BConcave+EConvex+3500 at IoU 0.3: 4216.666666666667
2025-07-26 12:43:20,641 - DEBUG - Loaded collision time for BConcave+EConvex+3500 at IoU 0.35: nan
2025-07-26 12:43:20,642 - DEBUG - Loaded collision time for BConcave+EConvex+3500 at IoU 0.4: nan
2025-07-26 12:43:20,642 - DEBUG - Loaded collision time for BConcave+EConvex+3500 at IoU 0.45: nan
2025-07-26 12:43:20,643 - DEBUG - Loaded collision time for BConcave+EConvex+3500 at IoU 0.5: nan
2025-07-26 12:43:20,644 - DEBUG - Loaded collision time for BConcave+EConvex+3500 at IoU 0.55: nan
2025-07-26 12:43:20,644 - DEBUG - Loaded collision time for BConcave+EConvex+3500 at IoU 0.6: nan
2025-07-26 12:43:20,645 - DEBUG - Loaded collision time for BConcave+EConvex+3500 at IoU 0.65: nan
2025-07-26 12:43:20,646 - DEBUG - Loaded collision time for BConcave+EConvex+3500 at IoU 0.7: nan
2025-07-26 12:43:20,646 - DEBUG - Loaded collision time for BConcave+EConvex+3500 at IoU 0.75: nan
2025-07-26 12:43:20,647 - DEBUG - Loaded collision time for BConcave+EConvex+3500 at IoU 0.8: nan
2025-07-26 12:43:20,648 - DEBUG - Loaded collision time for BConcave+EConvex+3500 at IoU 0.85: nan
2025-07-26 12:43:20,648 - DEBUG - Loaded collision time for BConcave+EConvex+3500 at IoU 0.9: nan
2025-07-26 12:43:20,649 - DEBUG - Loaded collision time for BConcave+EConvex+3500 at IoU 0.95: nan
2025-07-26 12:43:20,649 - INFO - Processing video: BConcave+EConvex+3700_flipped
2025-07-26 12:43:20,650 - INFO - Video BConcave+EConvex+3700_flipped already processed (found segformer_model-BConcave+EConvex+3700_flipped.mp4), skipping video processing...
2025-07-26 12:43:20,657 - INFO - VanillaSegmentationSaver initialized with output dir: /home/projects/bagon/andreyg/Projects/Object_reps_neural/Programming/hugging_face/model_experiments/segformer/exp2TTC_segformer-b3-finetuned-ade-512-512/processed_videos/segformer_model-BConcave+EConvex+3700_flipped/org_segmentation
2025-07-26 12:43:20,660 - INFO - All collision results already exist for BConcave+EConvex+3700_flipped
2025-07-26 12:43:20,661 - DEBUG - Loaded collision time for BConcave+EConvex+3700_flipped at IoU 0.05: nan
2025-07-26 12:43:20,661 - DEBUG - Loaded collision time for BConcave+EConvex+3700_flipped at IoU 0.1: nan
2025-07-26 12:43:20,662 - DEBUG - Loaded collision time for BConcave+EConvex+3700_flipped at IoU 0.15: nan
2025-07-26 12:43:20,663 - DEBUG - Loaded collision time for BConcave+EConvex+3700_flipped at IoU 0.2: nan
2025-07-26 12:43:20,663 - DEBUG - Loaded collision time for BConcave+EConvex+3700_flipped at IoU 0.25: nan
2025-07-26 12:43:20,664 - DEBUG - Loaded collision time for BConcave+EConvex+3700_flipped at IoU 0.3: nan
2025-07-26 12:43:20,665 - DEBUG - Loaded collision time for BConcave+EConvex+3700_flipped at IoU 0.35: nan
2025-07-26 12:43:20,665 - DEBUG - Loaded collision time for BConcave+EConvex+3700_flipped at IoU 0.4: nan
2025-07-26 12:43:20,666 - DEBUG - Loaded collision time for BConcave+EConvex+3700_flipped at IoU 0.45: nan
2025-07-26 12:43:20,667 - DEBUG - Loaded collision time for BConcave+EConvex+3700_flipped at IoU 0.5: nan
2025-07-26 12:43:20,667 - DEBUG - Loaded collision time for BConcave+EConvex+3700_flipped at IoU 0.55: nan
2025-07-26 12:43:20,668 - DEBUG - Loaded collision time for BConcave+EConvex+3700_flipped at IoU 0.6: nan
2025-07-26 12:43:20,669 - DEBUG - Loaded collision time for BConcave+EConvex+3700_flipped at IoU 0.65: nan
2025-07-26 12:43:20,669 - DEBUG - Loaded collision time for BConcave+EConvex+3700_flipped at IoU 0.7: nan
2025-07-26 12:43:20,670 - DEBUG - Loaded collision time for BConcave+EConvex+3700_flipped at IoU 0.75: nan
2025-07-26 12:43:20,671 - DEBUG - Loaded collision time for BConcave+EConvex+3700_flipped at IoU 0.8: nan
2025-07-26 12:43:20,671 - DEBUG - Loaded collision time for BConcave+EConvex+3700_flipped at IoU 0.85: nan
2025-07-26 12:43:20,672 - DEBUG - Loaded collision time for BConcave+EConvex+3700_flipped at IoU 0.9: nan
2025-07-26 12:43:20,672 - DEBUG - Loaded collision time for BConcave+EConvex+3700_flipped at IoU 0.95: nan
2025-07-26 12:43:20,672 - INFO - Processing video: BConcave+EConvex+3900
2025-07-26 12:43:20,674 - INFO - Video BConcave+EConvex+3900 already processed (found segformer_model-BConcave+EConvex+3900.mp4), skipping video processing...
2025-07-26 12:43:20,680 - INFO - VanillaSegmentationSaver initialized with output dir: /home/projects/bagon/andreyg/Projects/Object_reps_neural/Programming/hugging_face/model_experiments/segformer/exp2TTC_segformer-b3-finetuned-ade-512-512/processed_videos/segformer_model-BConcave+EConvex+3900/org_segmentation
2025-07-26 12:43:20,684 - INFO - All collision results already exist for BConcave+EConvex+3900
2025-07-26 12:43:20,684 - DEBUG - Loaded collision time for BConcave+EConvex+3900 at IoU 0.05: nan
2025-07-26 12:43:20,685 - DEBUG - Loaded collision time for BConcave+EConvex+3900 at IoU 0.1: nan
2025-07-26 12:43:20,686 - DEBUG - Loaded collision time for BConcave+EConvex+3900 at IoU 0.15: nan
2025-07-26 12:43:20,686 - DEBUG - Loaded collision time for BConcave+EConvex+3900 at IoU 0.2: nan
2025-07-26 12:43:20,687 - DEBUG - Loaded collision time for BConcave+EConvex+3900 at IoU 0.25: nan
2025-07-26 12:43:20,688 - DEBUG - Loaded collision time for BConcave+EConvex+3900 at IoU 0.3: nan
2025-07-26 12:43:20,688 - DEBUG - Loaded collision time for BConcave+EConvex+3900 at IoU 0.35: nan
2025-07-26 12:43:20,689 - DEBUG - Loaded collision time for BConcave+EConvex+3900 at IoU 0.4: nan
2025-07-26 12:43:20,690 - DEBUG - Loaded collision time for BConcave+EConvex+3900 at IoU 0.45: nan
2025-07-26 12:43:20,690 - DEBUG - Loaded collision time for BConcave+EConvex+3900 at IoU 0.5: nan
2025-07-26 12:43:20,691 - DEBUG - Loaded collision time for BConcave+EConvex+3900 at IoU 0.55: nan
2025-07-26 12:43:20,692 - DEBUG - Loaded collision time for BConcave+EConvex+3900 at IoU 0.6: nan
2025-07-26 12:43:20,692 - DEBUG - Loaded collision time for BConcave+EConvex+3900 at IoU 0.65: nan
2025-07-26 12:43:20,693 - DEBUG - Loaded collision time for BConcave+EConvex+3900 at IoU 0.7: nan
2025-07-26 12:43:20,694 - DEBUG - Loaded collision time for BConcave+EConvex+3900 at IoU 0.75: nan
2025-07-26 12:43:20,694 - DEBUG - Loaded collision time for BConcave+EConvex+3900 at IoU 0.8: nan
2025-07-26 12:43:20,695 - DEBUG - Loaded collision time for BConcave+EConvex+3900 at IoU 0.85: nan
2025-07-26 12:43:20,696 - DEBUG - Loaded collision time for BConcave+EConvex+3900 at IoU 0.9: nan
2025-07-26 12:43:20,696 - DEBUG - Loaded collision time for BConcave+EConvex+3900 at IoU 0.95: nan
2025-07-26 12:43:20,696 - INFO - Processing video: BConcave+EConvex+4100_flipped
2025-07-26 12:43:20,698 - INFO - Video BConcave+EConvex+4100_flipped already processed (found segformer_model-BConcave+EConvex+4100_flipped.mp4), skipping video processing...
2025-07-26 12:43:20,704 - INFO - VanillaSegmentationSaver initialized with output dir: /home/projects/bagon/andreyg/Projects/Object_reps_neural/Programming/hugging_face/model_experiments/segformer/exp2TTC_segformer-b3-finetuned-ade-512-512/processed_videos/segformer_model-BConcave+EConvex+4100_flipped/org_segmentation
2025-07-26 12:43:20,708 - INFO - All collision results already exist for BConcave+EConvex+4100_flipped
2025-07-26 12:43:20,709 - DEBUG - Loaded collision time for BConcave+EConvex+4100_flipped at IoU 0.05: 2583.3333333333335
2025-07-26 12:43:20,709 - DEBUG - Loaded collision time for BConcave+EConvex+4100_flipped at IoU 0.1: nan
2025-07-26 12:43:20,710 - DEBUG - Loaded collision time for BConcave+EConvex+4100_flipped at IoU 0.15: nan
2025-07-26 12:43:20,711 - DEBUG - Loaded collision time for BConcave+EConvex+4100_flipped at IoU 0.2: nan
2025-07-26 12:43:20,711 - DEBUG - Loaded collision time for BConcave+EConvex+4100_flipped at IoU 0.25: nan
2025-07-26 12:43:20,712 - DEBUG - Loaded collision time for BConcave+EConvex+4100_flipped at IoU 0.3: nan
2025-07-26 12:43:20,712 - DEBUG - Loaded collision time for BConcave+EConvex+4100_flipped at IoU 0.35: nan
2025-07-26 12:43:20,713 - DEBUG - Loaded collision time for BConcave+EConvex+4100_flipped at IoU 0.4: nan
2025-07-26 12:43:20,714 - DEBUG - Loaded collision time for BConcave+EConvex+4100_flipped at IoU 0.45: nan
2025-07-26 12:43:20,714 - DEBUG - Loaded collision time for BConcave+EConvex+4100_flipped at IoU 0.5: nan
2025-07-26 12:43:20,715 - DEBUG - Loaded collision time for BConcave+EConvex+4100_flipped at IoU 0.55: nan
2025-07-26 12:43:20,716 - DEBUG - Loaded collision time for BConcave+EConvex+4100_flipped at IoU 0.6: nan
2025-07-26 12:43:20,717 - DEBUG - Loaded collision time for BConcave+EConvex+4100_flipped at IoU 0.65: nan
2025-07-26 12:43:20,717 - DEBUG - Loaded collision time for BConcave+EConvex+4100_flipped at IoU 0.7: nan
2025-07-26 12:43:20,718 - DEBUG - Loaded collision time for BConcave+EConvex+4100_flipped at IoU 0.75: nan
2025-07-26 12:43:20,719 - DEBUG - Loaded collision time for BConcave+EConvex+4100_flipped at IoU 0.8: nan
2025-07-26 12:43:20,719 - DEBUG - Loaded collision time for BConcave+EConvex+4100_flipped at IoU 0.85: nan
2025-07-26 12:43:20,720 - DEBUG - Loaded collision time for BConcave+EConvex+4100_flipped at IoU 0.9: nan
2025-07-26 12:43:20,720 - DEBUG - Loaded collision time for BConcave+EConvex+4100_flipped at IoU 0.95: nan
2025-07-26 12:43:20,720 - INFO - Processing video: BConcave+EConvex+4300
2025-07-26 12:43:20,722 - INFO - Video BConcave+EConvex+4300 already processed (found segformer_model-BConcave+EConvex+4300.mp4), skipping video processing...
2025-07-26 12:43:20,728 - INFO - VanillaSegmentationSaver initialized with output dir: /home/projects/bagon/andreyg/Projects/Object_reps_neural/Programming/hugging_face/model_experiments/segformer/exp2TTC_segformer-b3-finetuned-ade-512-512/processed_videos/segformer_model-BConcave+EConvex+4300/org_segmentation
2025-07-26 12:43:20,732 - INFO - All collision results already exist for BConcave+EConvex+4300
2025-07-26 12:43:20,732 - DEBUG - Loaded collision time for BConcave+EConvex+4300 at IoU 0.05: 4700.0
2025-07-26 12:43:20,733 - DEBUG - Loaded collision time for BConcave+EConvex+4300 at IoU 0.1: 4833.333333333333
2025-07-26 12:43:20,734 - DEBUG - Loaded collision time for BConcave+EConvex+4300 at IoU 0.15: 5100.0
2025-07-26 12:43:20,734 - DEBUG - Loaded collision time for BConcave+EConvex+4300 at IoU 0.2: nan
2025-07-26 12:43:20,735 - DEBUG - Loaded collision time for BConcave+EConvex+4300 at IoU 0.25: nan
2025-07-26 12:43:20,736 - DEBUG - Loaded collision time for BConcave+EConvex+4300 at IoU 0.3: nan
2025-07-26 12:43:20,736 - DEBUG - Loaded collision time for BConcave+EConvex+4300 at IoU 0.35: nan
2025-07-26 12:43:20,737 - DEBUG - Loaded collision time for BConcave+EConvex+4300 at IoU 0.4: nan
2025-07-26 12:43:20,738 - DEBUG - Loaded collision time for BConcave+EConvex+4300 at IoU 0.45: nan
2025-07-26 12:43:20,738 - DEBUG - Loaded collision time for BConcave+EConvex+4300 at IoU 0.5: nan
2025-07-26 12:43:20,739 - DEBUG - Loaded collision time for BConcave+EConvex+4300 at IoU 0.55: nan
2025-07-26 12:43:20,740 - DEBUG - Loaded collision time for BConcave+EConvex+4300 at IoU 0.6: nan
2025-07-26 12:43:20,740 - DEBUG - Loaded collision time for BConcave+EConvex+4300 at IoU 0.65: nan
2025-07-26 12:43:20,741 - DEBUG - Loaded collision time for BConcave+EConvex+4300 at IoU 0.7: nan
2025-07-26 12:43:20,742 - DEBUG - Loaded collision time for BConcave+EConvex+4300 at IoU 0.75: nan
2025-07-26 12:43:20,742 - DEBUG - Loaded collision time for BConcave+EConvex+4300 at IoU 0.8: nan
2025-07-26 12:43:20,743 - DEBUG - Loaded collision time for BConcave+EConvex+4300 at IoU 0.85: nan
2025-07-26 12:43:20,743 - DEBUG - Loaded collision time for BConcave+EConvex+4300 at IoU 0.9: nan
2025-07-26 12:43:20,744 - DEBUG - Loaded collision time for BConcave+EConvex+4300 at IoU 0.95: nan
2025-07-26 12:43:20,744 - INFO - Processing video: BConcave+EConvex+4500_flipped
2025-07-26 12:43:20,745 - INFO - Video BConcave+EConvex+4500_flipped already processed (found segformer_model-BConcave+EConvex+4500_flipped.mp4), skipping video processing...
2025-07-26 12:43:20,752 - INFO - VanillaSegmentationSaver initialized with output dir: /home/projects/bagon/andreyg/Projects/Object_reps_neural/Programming/hugging_face/model_experiments/segformer/exp2TTC_segformer-b3-finetuned-ade-512-512/processed_videos/segformer_model-BConcave+EConvex+4500_flipped/org_segmentation
2025-07-26 12:43:20,756 - INFO - All collision results already exist for BConcave+EConvex+4500_flipped
2025-07-26 12:43:20,756 - DEBUG - Loaded collision time for BConcave+EConvex+4500_flipped at IoU 0.05: 4800.0
2025-07-26 12:43:20,757 - DEBUG - Loaded collision time for BConcave+EConvex+4500_flipped at IoU 0.1: 4900.0
2025-07-26 12:43:20,758 - DEBUG - Loaded collision time for BConcave+EConvex+4500_flipped at IoU 0.15: 5000.0
2025-07-26 12:43:20,758 - DEBUG - Loaded collision time for BConcave+EConvex+4500_flipped at IoU 0.2: 5083.333333333333
2025-07-26 12:43:20,759 - DEBUG - Loaded collision time for BConcave+EConvex+4500_flipped at IoU 0.25: 5216.666666666667
2025-07-26 12:43:20,760 - DEBUG - Loaded collision time for BConcave+EConvex+4500_flipped at IoU 0.3: nan
2025-07-26 12:43:20,760 - DEBUG - Loaded collision time for BConcave+EConvex+4500_flipped at IoU 0.35: nan
2025-07-26 12:43:20,761 - DEBUG - Loaded collision time for BConcave+EConvex+4500_flipped at IoU 0.4: nan
2025-07-26 12:43:20,762 - DEBUG - Loaded collision time for BConcave+EConvex+4500_flipped at IoU 0.45: nan
2025-07-26 12:43:20,762 - DEBUG - Loaded collision time for BConcave+EConvex+4500_flipped at IoU 0.5: nan
2025-07-26 12:43:20,763 - DEBUG - Loaded collision time for BConcave+EConvex+4500_flipped at IoU 0.55: nan
2025-07-26 12:43:20,763 - DEBUG - Loaded collision time for BConcave+EConvex+4500_flipped at IoU 0.6: nan
2025-07-26 12:43:20,764 - DEBUG - Loaded collision time for BConcave+EConvex+4500_flipped at IoU 0.65: nan
2025-07-26 12:43:20,765 - DEBUG - Loaded collision time for BConcave+EConvex+4500_flipped at IoU 0.7: nan
2025-07-26 12:43:20,765 - DEBUG - Loaded collision time for BConcave+EConvex+4500_flipped at IoU 0.75: nan
2025-07-26 12:43:20,766 - DEBUG - Loaded collision time for BConcave+EConvex+4500_flipped at IoU 0.8: nan
2025-07-26 12:43:20,767 - DEBUG - Loaded collision time for BConcave+EConvex+4500_flipped at IoU 0.85: nan
2025-07-26 12:43:20,767 - DEBUG - Loaded collision time for BConcave+EConvex+4500_flipped at IoU 0.9: nan
2025-07-26 12:43:20,768 - DEBUG - Loaded collision time for BConcave+EConvex+4500_flipped at IoU 0.95: nan
2025-07-26 12:43:20,768 - INFO - Processing video: BConcave+FConcave+3500_flipped
2025-07-26 12:43:20,769 - INFO - Video BConcave+FConcave+3500_flipped already processed (found segformer_model-BConcave+FConcave+3500_flipped.mp4), skipping video processing...
2025-07-26 12:43:20,776 - INFO - VanillaSegmentationSaver initialized with output dir: /home/projects/bagon/andreyg/Projects/Object_reps_neural/Programming/hugging_face/model_experiments/segformer/exp2TTC_segformer-b3-finetuned-ade-512-512/processed_videos/segformer_model-BConcave+FConcave+3500_flipped/org_segmentation
2025-07-26 12:43:20,779 - INFO - All collision results already exist for BConcave+FConcave+3500_flipped
2025-07-26 12:43:20,780 - DEBUG - Loaded collision time for BConcave+FConcave+3500_flipped at IoU 0.05: 3833.3333333333335
2025-07-26 12:43:20,780 - DEBUG - Loaded collision time for BConcave+FConcave+3500_flipped at IoU 0.1: 3966.666666666667
2025-07-26 12:43:20,781 - DEBUG - Loaded collision time for BConcave+FConcave+3500_flipped at IoU 0.15: 4083.333333333333
2025-07-26 12:43:20,782 - DEBUG - Loaded collision time for BConcave+FConcave+3500_flipped at IoU 0.2: 4183.333333333334
2025-07-26 12:43:20,782 - DEBUG - Loaded collision time for BConcave+FConcave+3500_flipped at IoU 0.25: 4266.666666666667
2025-07-26 12:43:20,783 - DEBUG - Loaded collision time for BConcave+FConcave+3500_flipped at IoU 0.3: 4383.333333333334
2025-07-26 12:43:20,784 - DEBUG - Loaded collision time for BConcave+FConcave+3500_flipped at IoU 0.35: 4466.666666666667
2025-07-26 12:43:20,785 - DEBUG - Loaded collision time for BConcave+FConcave+3500_flipped at IoU 0.4: 4583.333333333333
2025-07-26 12:43:20,785 - DEBUG - Loaded collision time for BConcave+FConcave+3500_flipped at IoU 0.45: nan
2025-07-26 12:43:20,786 - DEBUG - Loaded collision time for BConcave+FConcave+3500_flipped at IoU 0.5: nan
2025-07-26 12:43:20,786 - DEBUG - Loaded collision time for BConcave+FConcave+3500_flipped at IoU 0.55: nan
2025-07-26 12:43:20,787 - DEBUG - Loaded collision time for BConcave+FConcave+3500_flipped at IoU 0.6: nan
2025-07-26 12:43:20,788 - DEBUG - Loaded collision time for BConcave+FConcave+3500_flipped at IoU 0.65: nan
2025-07-26 12:43:20,788 - DEBUG - Loaded collision time for BConcave+FConcave+3500_flipped at IoU 0.7: nan
2025-07-26 12:43:20,789 - DEBUG - Loaded collision time for BConcave+FConcave+3500_flipped at IoU 0.75: nan
2025-07-26 12:43:20,790 - DEBUG - Loaded collision time for BConcave+FConcave+3500_flipped at IoU 0.8: nan
2025-07-26 12:43:20,790 - DEBUG - Loaded collision time for BConcave+FConcave+3500_flipped at IoU 0.85: nan
2025-07-26 12:43:20,791 - DEBUG - Loaded collision time for BConcave+FConcave+3500_flipped at IoU 0.9: nan
2025-07-26 12:43:20,792 - DEBUG - Loaded collision time for BConcave+FConcave+3500_flipped at IoU 0.95: nan
2025-07-26 12:43:20,792 - INFO - Processing video: BConcave+FConcave+3700
2025-07-26 12:43:20,793 - INFO - Video BConcave+FConcave+3700 already processed (found segformer_model-BConcave+FConcave+3700.mp4), skipping video processing...
2025-07-26 12:43:20,800 - INFO - VanillaSegmentationSaver initialized with output dir: /home/projects/bagon/andreyg/Projects/Object_reps_neural/Programming/hugging_face/model_experiments/segformer/exp2TTC_segformer-b3-finetuned-ade-512-512/processed_videos/segformer_model-BConcave+FConcave+3700/org_segmentation
2025-07-26 12:43:20,803 - INFO - All collision results already exist for BConcave+FConcave+3700
2025-07-26 12:43:20,804 - DEBUG - Loaded collision time for BConcave+FConcave+3700 at IoU 0.05: 1633.3333333333333
2025-07-26 12:43:20,805 - DEBUG - Loaded collision time for BConcave+FConcave+3700 at IoU 0.1: 1633.3333333333333
2025-07-26 12:43:20,805 - DEBUG - Loaded collision time for BConcave+FConcave+3700 at IoU 0.15: 1633.3333333333333
2025-07-26 12:43:20,806 - DEBUG - Loaded collision time for BConcave+FConcave+3700 at IoU 0.2: 1633.3333333333333
2025-07-26 12:43:20,807 - DEBUG - Loaded collision time for BConcave+FConcave+3700 at IoU 0.25: 1633.3333333333333
2025-07-26 12:43:20,807 - DEBUG - Loaded collision time for BConcave+FConcave+3700 at IoU 0.3: 1633.3333333333333
2025-07-26 12:43:20,808 - DEBUG - Loaded collision time for BConcave+FConcave+3700 at IoU 0.35: 1633.3333333333333
2025-07-26 12:43:20,809 - DEBUG - Loaded collision time for BConcave+FConcave+3700 at IoU 0.4: 1633.3333333333333
2025-07-26 12:43:20,809 - DEBUG - Loaded collision time for BConcave+FConcave+3700 at IoU 0.45: 1633.3333333333333
2025-07-26 12:43:20,810 - DEBUG - Loaded collision time for BConcave+FConcave+3700 at IoU 0.5: 1633.3333333333333
2025-07-26 12:43:20,810 - DEBUG - Loaded collision time for BConcave+FConcave+3700 at IoU 0.55: 4333.333333333333
2025-07-26 12:43:20,811 - DEBUG - Loaded collision time for BConcave+FConcave+3700 at IoU 0.6: nan
2025-07-26 12:43:20,812 - DEBUG - Loaded collision time for BConcave+FConcave+3700 at IoU 0.65: nan
2025-07-26 12:43:20,812 - DEBUG - Loaded collision time for BConcave+FConcave+3700 at IoU 0.7: nan
2025-07-26 12:43:20,813 - DEBUG - Loaded collision time for BConcave+FConcave+3700 at IoU 0.75: nan
2025-07-26 12:43:20,814 - DEBUG - Loaded collision time for BConcave+FConcave+3700 at IoU 0.8: nan
2025-07-26 12:43:20,814 - DEBUG - Loaded collision time for BConcave+FConcave+3700 at IoU 0.85: nan
2025-07-26 12:43:20,815 - DEBUG - Loaded collision time for BConcave+FConcave+3700 at IoU 0.9: nan
2025-07-26 12:43:20,816 - DEBUG - Loaded collision time for BConcave+FConcave+3700 at IoU 0.95: nan
2025-07-26 12:43:20,816 - INFO - Processing video: BConcave+FConcave+3900_flipped
2025-07-26 12:43:20,817 - INFO - Video BConcave+FConcave+3900_flipped already processed (found segformer_model-BConcave+FConcave+3900_flipped.mp4), skipping video processing...
2025-07-26 12:43:20,823 - INFO - VanillaSegmentationSaver initialized with output dir: /home/projects/bagon/andreyg/Projects/Object_reps_neural/Programming/hugging_face/model_experiments/segformer/exp2TTC_segformer-b3-finetuned-ade-512-512/processed_videos/segformer_model-BConcave+FConcave+3900_flipped/org_segmentation
2025-07-26 12:43:20,827 - INFO - All collision results already exist for BConcave+FConcave+3900_flipped
2025-07-26 12:43:20,828 - DEBUG - Loaded collision time for BConcave+FConcave+3900_flipped at IoU 0.05: 1533.3333333333335
2025-07-26 12:43:20,828 - DEBUG - Loaded collision time for BConcave+FConcave+3900_flipped at IoU 0.1: 1533.3333333333335
2025-07-26 12:43:20,829 - DEBUG - Loaded collision time for BConcave+FConcave+3900_flipped at IoU 0.15: 1533.3333333333335
2025-07-26 12:43:20,830 - DEBUG - Loaded collision time for BConcave+FConcave+3900_flipped at IoU 0.2: 1533.3333333333335
2025-07-26 12:43:20,830 - DEBUG - Loaded collision time for BConcave+FConcave+3900_flipped at IoU 0.25: nan
2025-07-26 12:43:20,831 - DEBUG - Loaded collision time for BConcave+FConcave+3900_flipped at IoU 0.3: nan
2025-07-26 12:43:20,832 - DEBUG - Loaded collision time for BConcave+FConcave+3900_flipped at IoU 0.35: nan
2025-07-26 12:43:20,832 - DEBUG - Loaded collision time for BConcave+FConcave+3900_flipped at IoU 0.4: nan
2025-07-26 12:43:20,833 - DEBUG - Loaded collision time for BConcave+FConcave+3900_flipped at IoU 0.45: nan
2025-07-26 12:43:20,834 - DEBUG - Loaded collision time for BConcave+FConcave+3900_flipped at IoU 0.5: nan
2025-07-26 12:43:20,834 - DEBUG - Loaded collision time for BConcave+FConcave+3900_flipped at IoU 0.55: nan
2025-07-26 12:43:20,835 - DEBUG - Loaded collision time for BConcave+FConcave+3900_flipped at IoU 0.6: nan
2025-07-26 12:43:20,835 - DEBUG - Loaded collision time for BConcave+FConcave+3900_flipped at IoU 0.65: nan
2025-07-26 12:43:20,836 - DEBUG - Loaded collision time for BConcave+FConcave+3900_flipped at IoU 0.7: nan
2025-07-26 12:43:20,837 - DEBUG - Loaded collision time for BConcave+FConcave+3900_flipped at IoU 0.75: nan
2025-07-26 12:43:20,837 - DEBUG - Loaded collision time for BConcave+FConcave+3900_flipped at IoU 0.8: nan
2025-07-26 12:43:20,838 - DEBUG - Loaded collision time for BConcave+FConcave+3900_flipped at IoU 0.85: nan
2025-07-26 12:43:20,839 - DEBUG - Loaded collision time for BConcave+FConcave+3900_flipped at IoU 0.9: nan
2025-07-26 12:43:20,839 - DEBUG - Loaded collision time for BConcave+FConcave+3900_flipped at IoU 0.95: nan
2025-07-26 12:43:20,839 - INFO - Processing video: BConcave+FConcave+4100
2025-07-26 12:43:20,841 - INFO - Video BConcave+FConcave+4100 already processed (found segformer_model-BConcave+FConcave+4100.mp4), skipping video processing...
2025-07-26 12:43:20,847 - INFO - VanillaSegmentationSaver initialized with output dir: /home/projects/bagon/andreyg/Projects/Object_reps_neural/Programming/hugging_face/model_experiments/segformer/exp2TTC_segformer-b3-finetuned-ade-512-512/processed_videos/segformer_model-BConcave+FConcave+4100/org_segmentation
2025-07-26 12:43:20,851 - INFO - All collision results already exist for BConcave+FConcave+4100
2025-07-26 12:43:20,852 - DEBUG - Loaded collision time for BConcave+FConcave+4100 at IoU 0.05: 4583.333333333333
2025-07-26 12:43:20,852 - DEBUG - Loaded collision time for BConcave+FConcave+4100 at IoU 0.1: 4833.333333333333
2025-07-26 12:43:20,853 - DEBUG - Loaded collision time for BConcave+FConcave+4100 at IoU 0.15: 5016.666666666667
2025-07-26 12:43:20,854 - DEBUG - Loaded collision time for BConcave+FConcave+4100 at IoU 0.2: nan
2025-07-26 12:43:20,854 - DEBUG - Loaded collision time for BConcave+FConcave+4100 at IoU 0.25: nan
2025-07-26 12:43:20,855 - DEBUG - Loaded collision time for BConcave+FConcave+4100 at IoU 0.3: nan
2025-07-26 12:43:20,856 - DEBUG - Loaded collision time for BConcave+FConcave+4100 at IoU 0.35: nan
2025-07-26 12:43:20,856 - DEBUG - Loaded collision time for BConcave+FConcave+4100 at IoU 0.4: nan
2025-07-26 12:43:20,857 - DEBUG - Loaded collision time for BConcave+FConcave+4100 at IoU 0.45: nan
2025-07-26 12:43:20,857 - DEBUG - Loaded collision time for BConcave+FConcave+4100 at IoU 0.5: nan
2025-07-26 12:43:20,858 - DEBUG - Loaded collision time for BConcave+FConcave+4100 at IoU 0.55: nan
2025-07-26 12:43:20,859 - DEBUG - Loaded collision time for BConcave+FConcave+4100 at IoU 0.6: nan
2025-07-26 12:43:20,859 - DEBUG - Loaded collision time for BConcave+FConcave+4100 at IoU 0.65: nan
2025-07-26 12:43:20,860 - DEBUG - Loaded collision time for BConcave+FConcave+4100 at IoU 0.7: nan
2025-07-26 12:43:20,861 - DEBUG - Loaded collision time for BConcave+FConcave+4100 at IoU 0.75: nan
2025-07-26 12:43:20,861 - DEBUG - Loaded collision time for BConcave+FConcave+4100 at IoU 0.8: nan
2025-07-26 12:43:20,862 - DEBUG - Loaded collision time for BConcave+FConcave+4100 at IoU 0.85: nan
2025-07-26 12:43:20,863 - DEBUG - Loaded collision time for BConcave+FConcave+4100 at IoU 0.9: nan
2025-07-26 12:43:20,863 - DEBUG - Loaded collision time for BConcave+FConcave+4100 at IoU 0.95: nan
2025-07-26 12:43:20,863 - INFO - Processing video: BConcave+FConcave+4300_flipped
2025-07-26 12:43:20,865 - INFO - Video BConcave+FConcave+4300_flipped already processed (found segformer_model-BConcave+FConcave+4300_flipped.mp4), skipping video processing...
2025-07-26 12:43:20,871 - INFO - VanillaSegmentationSaver initialized with output dir: /home/projects/bagon/andreyg/Projects/Object_reps_neural/Programming/hugging_face/model_experiments/segformer/exp2TTC_segformer-b3-finetuned-ade-512-512/processed_videos/segformer_model-BConcave+FConcave+4300_flipped/org_segmentation
2025-07-26 12:43:20,874 - INFO - All collision results already exist for BConcave+FConcave+4300_flipped
2025-07-26 12:43:20,875 - DEBUG - Loaded collision time for BConcave+FConcave+4300_flipped at IoU 0.05: nan
2025-07-26 12:43:20,875 - DEBUG - Loaded collision time for BConcave+FConcave+4300_flipped at IoU 0.1: nan
2025-07-26 12:43:20,876 - DEBUG - Loaded collision time for BConcave+FConcave+4300_flipped at IoU 0.15: nan
2025-07-26 12:43:20,877 - DEBUG - Loaded collision time for BConcave+FConcave+4300_flipped at IoU 0.2: nan
2025-07-26 12:43:20,877 - DEBUG - Loaded collision time for BConcave+FConcave+4300_flipped at IoU 0.25: nan
2025-07-26 12:43:20,878 - DEBUG - Loaded collision time for BConcave+FConcave+4300_flipped at IoU 0.3: nan
2025-07-26 12:43:20,878 - DEBUG - Loaded collision time for BConcave+FConcave+4300_flipped at IoU 0.35: nan
2025-07-26 12:43:20,879 - DEBUG - Loaded collision time for BConcave+FConcave+4300_flipped at IoU 0.4: nan
2025-07-26 12:43:20,880 - DEBUG - Loaded collision time for BConcave+FConcave+4300_flipped at IoU 0.45: nan
2025-07-26 12:43:20,880 - DEBUG - Loaded collision time for BConcave+FConcave+4300_flipped at IoU 0.5: nan
2025-07-26 12:43:20,881 - DEBUG - Loaded collision time for BConcave+FConcave+4300_flipped at IoU 0.55: nan
2025-07-26 12:43:20,881 - DEBUG - Loaded collision time for BConcave+FConcave+4300_flipped at IoU 0.6: nan
2025-07-26 12:43:20,882 - DEBUG - Loaded collision time for BConcave+FConcave+4300_flipped at IoU 0.65: nan
2025-07-26 12:43:20,883 - DEBUG - Loaded collision time for BConcave+FConcave+4300_flipped at IoU 0.7: nan
2025-07-26 12:43:20,884 - DEBUG - Loaded collision time for BConcave+FConcave+4300_flipped at IoU 0.75: nan
2025-07-26 12:43:20,884 - DEBUG - Loaded collision time for BConcave+FConcave+4300_flipped at IoU 0.8: nan
2025-07-26 12:43:20,885 - DEBUG - Loaded collision time for BConcave+FConcave+4300_flipped at IoU 0.85: nan
2025-07-26 12:43:20,885 - DEBUG - Loaded collision time for BConcave+FConcave+4300_flipped at IoU 0.9: nan
2025-07-26 12:43:20,886 - DEBUG - Loaded collision time for BConcave+FConcave+4300_flipped at IoU 0.95: nan
2025-07-26 12:43:20,886 - INFO - Processing video: BConcave+FConcave+4500
2025-07-26 12:43:20,887 - INFO - Video BConcave+FConcave+4500 already processed (found segformer_model-BConcave+FConcave+4500.mp4), skipping video processing...
2025-07-26 12:43:20,894 - INFO - VanillaSegmentationSaver initialized with output dir: /home/projects/bagon/andreyg/Projects/Object_reps_neural/Programming/hugging_face/model_experiments/segformer/exp2TTC_segformer-b3-finetuned-ade-512-512/processed_videos/segformer_model-BConcave+FConcave+4500/org_segmentation
2025-07-26 12:43:20,897 - INFO - All collision results already exist for BConcave+FConcave+4500
2025-07-26 12:43:20,898 - DEBUG - Loaded collision time for BConcave+FConcave+4500 at IoU 0.05: 5033.333333333333
2025-07-26 12:43:20,899 - DEBUG - Loaded collision time for BConcave+FConcave+4500 at IoU 0.1: 5133.333333333334
2025-07-26 12:43:20,899 - DEBUG - Loaded collision time for BConcave+FConcave+4500 at IoU 0.15: 5233.333333333333
2025-07-26 12:43:20,900 - DEBUG - Loaded collision time for BConcave+FConcave+4500 at IoU 0.2: 5316.666666666666
2025-07-26 12:43:20,901 - DEBUG - Loaded collision time for BConcave+FConcave+4500 at IoU 0.25: 5400.0
2025-07-26 12:43:20,901 - DEBUG - Loaded collision time for BConcave+FConcave+4500 at IoU 0.3: 5466.666666666667
2025-07-26 12:43:20,902 - DEBUG - Loaded collision time for BConcave+FConcave+4500 at IoU 0.35: nan
2025-07-26 12:43:20,903 - DEBUG - Loaded collision time for BConcave+FConcave+4500 at IoU 0.4: nan
2025-07-26 12:43:20,903 - DEBUG - Loaded collision time for BConcave+FConcave+4500 at IoU 0.45: nan
2025-07-26 12:43:20,904 - DEBUG - Loaded collision time for BConcave+FConcave+4500 at IoU 0.5: nan
2025-07-26 12:43:20,904 - DEBUG - Loaded collision time for BConcave+FConcave+4500 at IoU 0.55: nan
2025-07-26 12:43:20,905 - DEBUG - Loaded collision time for BConcave+FConcave+4500 at IoU 0.6: nan
2025-07-26 12:43:20,906 - DEBUG - Loaded collision time for BConcave+FConcave+4500 at IoU 0.65: nan
2025-07-26 12:43:20,906 - DEBUG - Loaded collision time for BConcave+FConcave+4500 at IoU 0.7: nan
2025-07-26 12:43:20,907 - DEBUG - Loaded collision time for BConcave+FConcave+4500 at IoU 0.75: nan
2025-07-26 12:43:20,908 - DEBUG - Loaded collision time for BConcave+FConcave+4500 at IoU 0.8: nan
2025-07-26 12:43:20,908 - DEBUG - Loaded collision time for BConcave+FConcave+4500 at IoU 0.85: nan
2025-07-26 12:43:20,909 - DEBUG - Loaded collision time for BConcave+FConcave+4500 at IoU 0.9: nan
2025-07-26 12:43:20,910 - DEBUG - Loaded collision time for BConcave+FConcave+4500 at IoU 0.95: nan
2025-07-26 12:43:20,910 - INFO - Processing video: BConcave+FConvex+3500
2025-07-26 12:43:20,911 - INFO - Video BConcave+FConvex+3500 already processed (found segformer_model-BConcave+FConvex+3500.mp4), skipping video processing...
2025-07-26 12:43:20,917 - INFO - VanillaSegmentationSaver initialized with output dir: /home/projects/bagon/andreyg/Projects/Object_reps_neural/Programming/hugging_face/model_experiments/segformer/exp2TTC_segformer-b3-finetuned-ade-512-512/processed_videos/segformer_model-BConcave+FConvex+3500/org_segmentation
2025-07-26 12:43:20,921 - INFO - All collision results already exist for BConcave+FConvex+3500
2025-07-26 12:43:20,922 - DEBUG - Loaded collision time for BConcave+FConvex+3500 at IoU 0.05: 1683.3333333333333
2025-07-26 12:43:20,922 - DEBUG - Loaded collision time for BConcave+FConvex+3500 at IoU 0.1: 1700.0
2025-07-26 12:43:20,923 - DEBUG - Loaded collision time for BConcave+FConvex+3500 at IoU 0.15: 2316.666666666667
2025-07-26 12:43:20,923 - DEBUG - Loaded collision time for BConcave+FConvex+3500 at IoU 0.2: nan
2025-07-26 12:43:20,924 - DEBUG - Loaded collision time for BConcave+FConvex+3500 at IoU 0.25: nan
2025-07-26 12:43:20,925 - DEBUG - Loaded collision time for BConcave+FConvex+3500 at IoU 0.3: nan
2025-07-26 12:43:20,925 - DEBUG - Loaded collision time for BConcave+FConvex+3500 at IoU 0.35: nan
2025-07-26 12:43:20,926 - DEBUG - Loaded collision time for BConcave+FConvex+3500 at IoU 0.4: nan
2025-07-26 12:43:20,927 - DEBUG - Loaded collision time for BConcave+FConvex+3500 at IoU 0.45: nan
2025-07-26 12:43:20,927 - DEBUG - Loaded collision time for BConcave+FConvex+3500 at IoU 0.5: nan
2025-07-26 12:43:20,928 - DEBUG - Loaded collision time for BConcave+FConvex+3500 at IoU 0.55: nan
2025-07-26 12:43:20,929 - DEBUG - Loaded collision time for BConcave+FConvex+3500 at IoU 0.6: nan
2025-07-26 12:43:20,929 - DEBUG - Loaded collision time for BConcave+FConvex+3500 at IoU 0.65: nan
2025-07-26 12:43:20,930 - DEBUG - Loaded collision time for BConcave+FConvex+3500 at IoU 0.7: nan
2025-07-26 12:43:20,931 - DEBUG - Loaded collision time for BConcave+FConvex+3500 at IoU 0.75: nan
2025-07-26 12:43:20,931 - DEBUG - Loaded collision time for BConcave+FConvex+3500 at IoU 0.8: nan
2025-07-26 12:43:20,932 - DEBUG - Loaded collision time for BConcave+FConvex+3500 at IoU 0.85: nan
2025-07-26 12:43:20,933 - DEBUG - Loaded collision time for BConcave+FConvex+3500 at IoU 0.9: nan
2025-07-26 12:43:20,933 - DEBUG - Loaded collision time for BConcave+FConvex+3500 at IoU 0.95: nan
2025-07-26 12:43:20,933 - INFO - Processing video: BConcave+FConvex+3700_flipped
2025-07-26 12:43:20,934 - INFO - Video BConcave+FConvex+3700_flipped already processed (found segformer_model-BConcave+FConvex+3700_flipped.mp4), skipping video processing...
2025-07-26 12:43:20,941 - INFO - VanillaSegmentationSaver initialized with output dir: /home/projects/bagon/andreyg/Projects/Object_reps_neural/Programming/hugging_face/model_experiments/segformer/exp2TTC_segformer-b3-finetuned-ade-512-512/processed_videos/segformer_model-BConcave+FConvex+3700_flipped/org_segmentation
2025-07-26 12:43:20,945 - INFO - All collision results already exist for BConcave+FConvex+3700_flipped
2025-07-26 12:43:20,945 - DEBUG - Loaded collision time for BConcave+FConvex+3700_flipped at IoU 0.05: 4083.333333333333
2025-07-26 12:43:20,946 - DEBUG - Loaded collision time for BConcave+FConvex+3700_flipped at IoU 0.1: 4266.666666666667
2025-07-26 12:43:20,946 - DEBUG - Loaded collision time for BConcave+FConvex+3700_flipped at IoU 0.15: 4450.0
2025-07-26 12:43:20,947 - DEBUG - Loaded collision time for BConcave+FConvex+3700_flipped at IoU 0.2: 4716.666666666667
2025-07-26 12:43:20,948 - DEBUG - Loaded collision time for BConcave+FConvex+3700_flipped at IoU 0.25: nan
2025-07-26 12:43:20,948 - DEBUG - Loaded collision time for BConcave+FConvex+3700_flipped at IoU 0.3: nan
2025-07-26 12:43:20,949 - DEBUG - Loaded collision time for BConcave+FConvex+3700_flipped at IoU 0.35: nan
2025-07-26 12:43:20,950 - DEBUG - Loaded collision time for BConcave+FConvex+3700_flipped at IoU 0.4: nan
2025-07-26 12:43:20,950 - DEBUG - Loaded collision time for BConcave+FConvex+3700_flipped at IoU 0.45: nan
2025-07-26 12:43:20,951 - DEBUG - Loaded collision time for BConcave+FConvex+3700_flipped at IoU 0.5: nan
2025-07-26 12:43:20,952 - DEBUG - Loaded collision time for BConcave+FConvex+3700_flipped at IoU 0.55: nan
2025-07-26 12:43:20,952 - DEBUG - Loaded collision time for BConcave+FConvex+3700_flipped at IoU 0.6: nan
2025-07-26 12:43:20,953 - DEBUG - Loaded collision time for BConcave+FConvex+3700_flipped at IoU 0.65: nan
2025-07-26 12:43:20,954 - DEBUG - Loaded collision time for BConcave+FConvex+3700_flipped at IoU 0.7: nan
2025-07-26 12:43:20,954 - DEBUG - Loaded collision time for BConcave+FConvex+3700_flipped at IoU 0.75: nan
2025-07-26 12:43:20,955 - DEBUG - Loaded collision time for BConcave+FConvex+3700_flipped at IoU 0.8: nan
2025-07-26 12:43:20,955 - DEBUG - Loaded collision time for BConcave+FConvex+3700_flipped at IoU 0.85: nan
2025-07-26 12:43:20,956 - DEBUG - Loaded collision time for BConcave+FConvex+3700_flipped at IoU 0.9: nan
2025-07-26 12:43:20,957 - DEBUG - Loaded collision time for BConcave+FConvex+3700_flipped at IoU 0.95: nan
2025-07-26 12:43:20,957 - INFO - Processing video: BConcave+FConvex+3900
2025-07-26 12:43:20,958 - INFO - Video BConcave+FConvex+3900 already processed (found segformer_model-BConcave+FConvex+3900.mp4), skipping video processing...
2025-07-26 12:43:20,964 - INFO - VanillaSegmentationSaver initialized with output dir: /home/projects/bagon/andreyg/Projects/Object_reps_neural/Programming/hugging_face/model_experiments/segformer/exp2TTC_segformer-b3-finetuned-ade-512-512/processed_videos/segformer_model-BConcave+FConvex+3900/org_segmentation
2025-07-26 12:43:20,968 - INFO - All collision results already exist for BConcave+FConvex+3900
2025-07-26 12:43:20,969 - DEBUG - Loaded collision time for BConcave+FConvex+3900 at IoU 0.05: 1683.3333333333333
2025-07-26 12:43:20,969 - DEBUG - Loaded collision time for BConcave+FConvex+3900 at IoU 0.1: 1833.3333333333333
2025-07-26 12:43:20,970 - DEBUG - Loaded collision time for BConcave+FConvex+3900 at IoU 0.15: nan
2025-07-26 12:43:20,970 - DEBUG - Loaded collision time for BConcave+FConvex+3900 at IoU 0.2: nan
2025-07-26 12:43:20,971 - DEBUG - Loaded collision time for BConcave+FConvex+3900 at IoU 0.25: nan
2025-07-26 12:43:20,972 - DEBUG - Loaded collision time for BConcave+FConvex+3900 at IoU 0.3: nan
2025-07-26 12:43:20,972 - DEBUG - Loaded collision time for BConcave+FConvex+3900 at IoU 0.35: nan
2025-07-26 12:43:20,973 - DEBUG - Loaded collision time for BConcave+FConvex+3900 at IoU 0.4: nan
2025-07-26 12:43:20,974 - DEBUG - Loaded collision time for BConcave+FConvex+3900 at IoU 0.45: nan
2025-07-26 12:43:20,974 - DEBUG - Loaded collision time for BConcave+FConvex+3900 at IoU 0.5: nan
2025-07-26 12:43:20,975 - DEBUG - Loaded collision time for BConcave+FConvex+3900 at IoU 0.55: nan
2025-07-26 12:43:20,976 - DEBUG - Loaded collision time for BConcave+FConvex+3900 at IoU 0.6: nan
2025-07-26 12:43:20,976 - DEBUG - Loaded collision time for BConcave+FConvex+3900 at IoU 0.65: nan
2025-07-26 12:43:20,977 - DEBUG - Loaded collision time for BConcave+FConvex+3900 at IoU 0.7: nan
2025-07-26 12:43:20,978 - DEBUG - Loaded collision time for BConcave+FConvex+3900 at IoU 0.75: nan
2025-07-26 12:43:20,978 - DEBUG - Loaded collision time for BConcave+FConvex+3900 at IoU 0.8: nan
2025-07-26 12:43:20,979 - DEBUG - Loaded collision time for BConcave+FConvex+3900 at IoU 0.85: nan
2025-07-26 12:43:20,979 - DEBUG - Loaded collision time for BConcave+FConvex+3900 at IoU 0.9: nan
2025-07-26 12:43:20,980 - DEBUG - Loaded collision time for BConcave+FConvex+3900 at IoU 0.95: nan
2025-07-26 12:43:20,980 - INFO - Processing video: BConcave+FConvex+4100_flipped
2025-07-26 12:43:20,981 - INFO - Video BConcave+FConvex+4100_flipped already processed (found segformer_model-BConcave+FConvex+4100_flipped.mp4), skipping video processing...
2025-07-26 12:43:20,988 - INFO - VanillaSegmentationSaver initialized with output dir: /home/projects/bagon/andreyg/Projects/Object_reps_neural/Programming/hugging_face/model_experiments/segformer/exp2TTC_segformer-b3-finetuned-ade-512-512/processed_videos/segformer_model-BConcave+FConvex+4100_flipped/org_segmentation
2025-07-26 12:43:20,991 - INFO - All collision results already exist for BConcave+FConvex+4100_flipped
2025-07-26 12:43:20,992 - DEBUG - Loaded collision time for BConcave+FConvex+4100_flipped at IoU 0.05: nan
2025-07-26 12:43:20,992 - DEBUG - Loaded collision time for BConcave+FConvex+4100_flipped at IoU 0.1: nan
2025-07-26 12:43:20,993 - DEBUG - Loaded collision time for BConcave+FConvex+4100_flipped at IoU 0.15: nan
2025-07-26 12:43:20,994 - DEBUG - Loaded collision time for BConcave+FConvex+4100_flipped at IoU 0.2: nan
2025-07-26 12:43:20,994 - DEBUG - Loaded collision time for BConcave+FConvex+4100_flipped at IoU 0.25: nan
2025-07-26 12:43:20,995 - DEBUG - Loaded collision time for BConcave+FConvex+4100_flipped at IoU 0.3: nan
2025-07-26 12:43:20,996 - DEBUG - Loaded collision time for BConcave+FConvex+4100_flipped at IoU 0.35: nan
2025-07-26 12:43:20,996 - DEBUG - Loaded collision time for BConcave+FConvex+4100_flipped at IoU 0.4: nan
2025-07-26 12:43:20,997 - DEBUG - Loaded collision time for BConcave+FConvex+4100_flipped at IoU 0.45: nan
2025-07-26 12:43:20,997 - DEBUG - Loaded collision time for BConcave+FConvex+4100_flipped at IoU 0.5: nan
2025-07-26 12:43:20,998 - DEBUG - Loaded collision time for BConcave+FConvex+4100_flipped at IoU 0.55: nan
2025-07-26 12:43:20,999 - DEBUG - Loaded collision time for BConcave+FConvex+4100_flipped at IoU 0.6: nan
2025-07-26 12:43:20,999 - DEBUG - Loaded collision time for BConcave+FConvex+4100_flipped at IoU 0.65: nan
2025-07-26 12:43:21,000 - DEBUG - Loaded collision time for BConcave+FConvex+4100_flipped at IoU 0.7: nan
2025-07-26 12:43:21,001 - DEBUG - Loaded collision time for BConcave+FConvex+4100_flipped at IoU 0.75: nan
2025-07-26 12:43:21,001 - DEBUG - Loaded collision time for BConcave+FConvex+4100_flipped at IoU 0.8: nan
2025-07-26 12:43:21,002 - DEBUG - Loaded collision time for BConcave+FConvex+4100_flipped at IoU 0.85: nan
2025-07-26 12:43:21,002 - DEBUG - Loaded collision time for BConcave+FConvex+4100_flipped at IoU 0.9: nan
2025-07-26 12:43:21,003 - DEBUG - Loaded collision time for BConcave+FConvex+4100_flipped at IoU 0.95: nan
2025-07-26 12:43:21,003 - INFO - Processing video: BConcave+FConvex+4300
2025-07-26 12:43:21,004 - INFO - Video BConcave+FConvex+4300 already processed (found segformer_model-BConcave+FConvex+4300.mp4), skipping video processing...
2025-07-26 12:43:21,010 - INFO - VanillaSegmentationSaver initialized with output dir: /home/projects/bagon/andreyg/Projects/Object_reps_neural/Programming/hugging_face/model_experiments/segformer/exp2TTC_segformer-b3-finetuned-ade-512-512/processed_videos/segformer_model-BConcave+FConvex+4300/org_segmentation
2025-07-26 12:43:21,014 - INFO - All collision results already exist for BConcave+FConvex+4300
2025-07-26 12:43:21,014 - DEBUG - Loaded collision time for BConcave+FConvex+4300 at IoU 0.05: 4650.0
2025-07-26 12:43:21,015 - DEBUG - Loaded collision time for BConcave+FConvex+4300 at IoU 0.1: 4800.0
2025-07-26 12:43:21,016 - DEBUG - Loaded collision time for BConcave+FConvex+4300 at IoU 0.15: 4916.666666666667
2025-07-26 12:43:21,016 - DEBUG - Loaded collision time for BConcave+FConvex+4300 at IoU 0.2: 5016.666666666667
2025-07-26 12:43:21,017 - DEBUG - Loaded collision time for BConcave+FConvex+4300 at IoU 0.25: 5133.333333333334
2025-07-26 12:43:21,018 - DEBUG - Loaded collision time for BConcave+FConvex+4300 at IoU 0.3: 5266.666666666667
2025-07-26 12:43:21,018 - DEBUG - Loaded collision time for BConcave+FConvex+4300 at IoU 0.35: 5433.333333333334
2025-07-26 12:43:21,019 - DEBUG - Loaded collision time for BConcave+FConvex+4300 at IoU 0.4: nan
2025-07-26 12:43:21,020 - DEBUG - Loaded collision time for BConcave+FConvex+4300 at IoU 0.45: nan
2025-07-26 12:43:21,020 - DEBUG - Loaded collision time for BConcave+FConvex+4300 at IoU 0.5: nan
2025-07-26 12:43:21,021 - DEBUG - Loaded collision time for BConcave+FConvex+4300 at IoU 0.55: nan
2025-07-26 12:43:21,021 - DEBUG - Loaded collision time for BConcave+FConvex+4300 at IoU 0.6: nan
2025-07-26 12:43:21,022 - DEBUG - Loaded collision time for BConcave+FConvex+4300 at IoU 0.65: nan
2025-07-26 12:43:21,023 - DEBUG - Loaded collision time for BConcave+FConvex+4300 at IoU 0.7: nan
2025-07-26 12:43:21,023 - DEBUG - Loaded collision time for BConcave+FConvex+4300 at IoU 0.75: nan
2025-07-26 12:43:21,024 - DEBUG - Loaded collision time for BConcave+FConvex+4300 at IoU 0.8: nan
2025-07-26 12:43:21,025 - DEBUG - Loaded collision time for BConcave+FConvex+4300 at IoU 0.85: nan
2025-07-26 12:43:21,026 - DEBUG - Loaded collision time for BConcave+FConvex+4300 at IoU 0.9: nan
2025-07-26 12:43:21,027 - DEBUG - Loaded collision time for BConcave+FConvex+4300 at IoU 0.95: nan
2025-07-26 12:43:21,027 - INFO - Processing video: BConcave+FConvex+4500_flipped
2025-07-26 12:43:21,029 - INFO - Video BConcave+FConvex+4500_flipped already processed (found segformer_model-BConcave+FConvex+4500_flipped.mp4), skipping video processing...
2025-07-26 12:43:21,037 - INFO - VanillaSegmentationSaver initialized with output dir: /home/projects/bagon/andreyg/Projects/Object_reps_neural/Programming/hugging_face/model_experiments/segformer/exp2TTC_segformer-b3-finetuned-ade-512-512/processed_videos/segformer_model-BConcave+FConvex+4500_flipped/org_segmentation
2025-07-26 12:43:21,042 - INFO - All collision results already exist for BConcave+FConvex+4500_flipped
2025-07-26 12:43:21,043 - DEBUG - Loaded collision time for BConcave+FConvex+4500_flipped at IoU 0.05: 4866.666666666666
2025-07-26 12:43:21,044 - DEBUG - Loaded collision time for BConcave+FConvex+4500_flipped at IoU 0.1: 5050.0
2025-07-26 12:43:21,044 - DEBUG - Loaded collision time for BConcave+FConvex+4500_flipped at IoU 0.15: 5216.666666666667
2025-07-26 12:43:21,045 - DEBUG - Loaded collision time for BConcave+FConvex+4500_flipped at IoU 0.2: 5416.666666666667
2025-07-26 12:43:21,046 - DEBUG - Loaded collision time for BConcave+FConvex+4500_flipped at IoU 0.25: nan
2025-07-26 12:43:21,047 - DEBUG - Loaded collision time for BConcave+FConvex+4500_flipped at IoU 0.3: nan
2025-07-26 12:43:21,048 - DEBUG - Loaded collision time for BConcave+FConvex+4500_flipped at IoU 0.35: nan
2025-07-26 12:43:21,049 - DEBUG - Loaded collision time for BConcave+FConvex+4500_flipped at IoU 0.4: nan
2025-07-26 12:43:21,050 - DEBUG - Loaded collision time for BConcave+FConvex+4500_flipped at IoU 0.45: nan
2025-07-26 12:43:21,051 - DEBUG - Loaded collision time for BConcave+FConvex+4500_flipped at IoU 0.5: nan
2025-07-26 12:43:21,051 - DEBUG - Loaded collision time for BConcave+FConvex+4500_flipped at IoU 0.55: nan
2025-07-26 12:43:21,052 - DEBUG - Loaded collision time for BConcave+FConvex+4500_flipped at IoU 0.6: nan
2025-07-26 12:43:21,053 - DEBUG - Loaded collision time for BConcave+FConvex+4500_flipped at IoU 0.65: nan
2025-07-26 12:43:21,054 - DEBUG - Loaded collision time for BConcave+FConvex+4500_flipped at IoU 0.7: nan
2025-07-26 12:43:21,055 - DEBUG - Loaded collision time for BConcave+FConvex+4500_flipped at IoU 0.75: nan
2025-07-26 12:43:21,056 - DEBUG - Loaded collision time for BConcave+FConvex+4500_flipped at IoU 0.8: nan
2025-07-26 12:43:21,057 - DEBUG - Loaded collision time for BConcave+FConvex+4500_flipped at IoU 0.85: nan
2025-07-26 12:43:21,058 - DEBUG - Loaded collision time for BConcave+FConvex+4500_flipped at IoU 0.9: nan
2025-07-26 12:43:21,059 - DEBUG - Loaded collision time for BConcave+FConvex+4500_flipped at IoU 0.95: nan
2025-07-26 12:43:21,059 - INFO - Processing video: BConcave+gConcave+3500_flipped
2025-07-26 12:43:21,060 - INFO - Video BConcave+gConcave+3500_flipped already processed (found segformer_model-BConcave+gConcave+3500_flipped.mp4), skipping video processing...
2025-07-26 12:43:21,068 - INFO - VanillaSegmentationSaver initialized with output dir: /home/projects/bagon/andreyg/Projects/Object_reps_neural/Programming/hugging_face/model_experiments/segformer/exp2TTC_segformer-b3-finetuned-ade-512-512/processed_videos/segformer_model-BConcave+gConcave+3500_flipped/org_segmentation
2025-07-26 12:43:21,073 - INFO - All collision results already exist for BConcave+gConcave+3500_flipped
2025-07-26 12:43:21,074 - DEBUG - Loaded collision time for BConcave+gConcave+3500_flipped at IoU 0.05: 3833.3333333333335
2025-07-26 12:43:21,075 - DEBUG - Loaded collision time for BConcave+gConcave+3500_flipped at IoU 0.1: 3900.0
2025-07-26 12:43:21,076 - DEBUG - Loaded collision time for BConcave+gConcave+3500_flipped at IoU 0.15: 3983.3333333333335
2025-07-26 12:43:21,077 - DEBUG - Loaded collision time for BConcave+gConcave+3500_flipped at IoU 0.2: 4050.0
2025-07-26 12:43:21,078 - DEBUG - Loaded collision time for BConcave+gConcave+3500_flipped at IoU 0.25: 4133.333333333334
2025-07-26 12:43:21,079 - DEBUG - Loaded collision time for BConcave+gConcave+3500_flipped at IoU 0.3: 4200.0
2025-07-26 12:43:21,080 - DEBUG - Loaded collision time for BConcave+gConcave+3500_flipped at IoU 0.35: nan
2025-07-26 12:43:21,081 - DEBUG - Loaded collision time for BConcave+gConcave+3500_flipped at IoU 0.4: nan
2025-07-26 12:43:21,082 - DEBUG - Loaded collision time for BConcave+gConcave+3500_flipped at IoU 0.45: nan
2025-07-26 12:43:21,082 - DEBUG - Loaded collision time for BConcave+gConcave+3500_flipped at IoU 0.5: nan
2025-07-26 12:43:21,083 - DEBUG - Loaded collision time for BConcave+gConcave+3500_flipped at IoU 0.55: nan
2025-07-26 12:43:21,084 - DEBUG - Loaded collision time for BConcave+gConcave+3500_flipped at IoU 0.6: nan
2025-07-26 12:43:21,085 - DEBUG - Loaded collision time for BConcave+gConcave+3500_flipped at IoU 0.65: nan
2025-07-26 12:43:21,086 - DEBUG - Loaded collision time for BConcave+gConcave+3500_flipped at IoU 0.7: nan
2025-07-26 12:43:21,087 - DEBUG - Loaded collision time for BConcave+gConcave+3500_flipped at IoU 0.75: nan
2025-07-26 12:43:21,088 - DEBUG - Loaded collision time for BConcave+gConcave+3500_flipped at IoU 0.8: nan
2025-07-26 12:43:21,089 - DEBUG - Loaded collision time for BConcave+gConcave+3500_flipped at IoU 0.85: nan
2025-07-26 12:43:21,090 - DEBUG - Loaded collision time for BConcave+gConcave+3500_flipped at IoU 0.9: nan
2025-07-26 12:43:21,091 - DEBUG - Loaded collision time for BConcave+gConcave+3500_flipped at IoU 0.95: nan
2025-07-26 12:43:21,091 - INFO - Processing video: BConcave+gConcave+3700
2025-07-26 12:43:21,092 - INFO - Video BConcave+gConcave+3700 already processed (found segformer_model-BConcave+gConcave+3700.mp4), skipping video processing...
2025-07-26 12:43:21,100 - INFO - VanillaSegmentationSaver initialized with output dir: /home/projects/bagon/andreyg/Projects/Object_reps_neural/Programming/hugging_face/model_experiments/segformer/exp2TTC_segformer-b3-finetuned-ade-512-512/processed_videos/segformer_model-BConcave+gConcave+3700/org_segmentation
2025-07-26 12:43:21,105 - INFO - All collision results already exist for BConcave+gConcave+3700
2025-07-26 12:43:21,106 - DEBUG - Loaded collision time for BConcave+gConcave+3700 at IoU 0.05: nan
2025-07-26 12:43:21,107 - DEBUG - Loaded collision time for BConcave+gConcave+3700 at IoU 0.1: nan
2025-07-26 12:43:21,108 - DEBUG - Loaded collision time for BConcave+gConcave+3700 at IoU 0.15: nan
2025-07-26 12:43:21,108 - DEBUG - Loaded collision time for BConcave+gConcave+3700 at IoU 0.2: nan
2025-07-26 12:43:21,109 - DEBUG - Loaded collision time for BConcave+gConcave+3700 at IoU 0.25: nan
2025-07-26 12:43:21,110 - DEBUG - Loaded collision time for BConcave+gConcave+3700 at IoU 0.3: nan
2025-07-26 12:43:21,111 - DEBUG - Loaded collision time for BConcave+gConcave+3700 at IoU 0.35: nan
2025-07-26 12:43:21,112 - DEBUG - Loaded collision time for BConcave+gConcave+3700 at IoU 0.4: nan
2025-07-26 12:43:21,113 - DEBUG - Loaded collision time for BConcave+gConcave+3700 at IoU 0.45: nan
2025-07-26 12:43:21,114 - DEBUG - Loaded collision time for BConcave+gConcave+3700 at IoU 0.5: nan
2025-07-26 12:43:21,115 - DEBUG - Loaded collision time for BConcave+gConcave+3700 at IoU 0.55: nan
2025-07-26 12:43:21,116 - DEBUG - Loaded collision time for BConcave+gConcave+3700 at IoU 0.6: nan
2025-07-26 12:43:21,116 - DEBUG - Loaded collision time for BConcave+gConcave+3700 at IoU 0.65: nan
2025-07-26 12:43:21,117 - DEBUG - Loaded collision time for BConcave+gConcave+3700 at IoU 0.7: nan
2025-07-26 12:43:21,118 - DEBUG - Loaded collision time for BConcave+gConcave+3700 at IoU 0.75: nan
2025-07-26 12:43:21,119 - DEBUG - Loaded collision time for BConcave+gConcave+3700 at IoU 0.8: nan
2025-07-26 12:43:21,120 - DEBUG - Loaded collision time for BConcave+gConcave+3700 at IoU 0.85: nan
2025-07-26 12:43:21,121 - DEBUG - Loaded collision time for BConcave+gConcave+3700 at IoU 0.9: nan
2025-07-26 12:43:21,121 - DEBUG - Loaded collision time for BConcave+gConcave+3700 at IoU 0.95: nan
2025-07-26 12:43:21,122 - INFO - Processing video: BConcave+gConcave+3900_flipped
2025-07-26 12:43:21,123 - INFO - Video BConcave+gConcave+3900_flipped already processed (found segformer_model-BConcave+gConcave+3900_flipped.mp4), skipping video processing...
2025-07-26 12:43:21,131 - INFO - VanillaSegmentationSaver initialized with output dir: /home/projects/bagon/andreyg/Projects/Object_reps_neural/Programming/hugging_face/model_experiments/segformer/exp2TTC_segformer-b3-finetuned-ade-512-512/processed_videos/segformer_model-BConcave+gConcave+3900_flipped/org_segmentation
2025-07-26 12:43:21,136 - INFO - All collision results already exist for BConcave+gConcave+3900_flipped
2025-07-26 12:43:21,137 - DEBUG - Loaded collision time for BConcave+gConcave+3900_flipped at IoU 0.05: nan
2025-07-26 12:43:21,137 - DEBUG - Loaded collision time for BConcave+gConcave+3900_flipped at IoU 0.1: nan
2025-07-26 12:43:21,138 - DEBUG - Loaded collision time for BConcave+gConcave+3900_flipped at IoU 0.15: nan
2025-07-26 12:43:21,139 - DEBUG - Loaded collision time for BConcave+gConcave+3900_flipped at IoU 0.2: nan
2025-07-26 12:43:21,140 - DEBUG - Loaded collision time for BConcave+gConcave+3900_flipped at IoU 0.25: nan
2025-07-26 12:43:21,141 - DEBUG - Loaded collision time for BConcave+gConcave+3900_flipped at IoU 0.3: nan
2025-07-26 12:43:21,142 - DEBUG - Loaded collision time for BConcave+gConcave+3900_flipped at IoU 0.35: nan
2025-07-26 12:43:21,143 - DEBUG - Loaded collision time for BConcave+gConcave+3900_flipped at IoU 0.4: nan
2025-07-26 12:43:21,143 - DEBUG - Loaded collision time for BConcave+gConcave+3900_flipped at IoU 0.45: nan
2025-07-26 12:43:21,144 - DEBUG - Loaded collision time for BConcave+gConcave+3900_flipped at IoU 0.5: nan
2025-07-26 12:43:21,145 - DEBUG - Loaded collision time for BConcave+gConcave+3900_flipped at IoU 0.55: nan
2025-07-26 12:43:21,146 - DEBUG - Loaded collision time for BConcave+gConcave+3900_flipped at IoU 0.6: nan
2025-07-26 12:43:21,146 - DEBUG - Loaded collision time for BConcave+gConcave+3900_flipped at IoU 0.65: nan
2025-07-26 12:43:21,147 - DEBUG - Loaded collision time for BConcave+gConcave+3900_flipped at IoU 0.7: nan
2025-07-26 12:43:21,148 - DEBUG - Loaded collision time for BConcave+gConcave+3900_flipped at IoU 0.75: nan
2025-07-26 12:43:21,149 - DEBUG - Loaded collision time for BConcave+gConcave+3900_flipped at IoU 0.8: nan
2025-07-26 12:43:21,150 - DEBUG - Loaded collision time for BConcave+gConcave+3900_flipped at IoU 0.85: nan
2025-07-26 12:43:21,151 - DEBUG - Loaded collision time for BConcave+gConcave+3900_flipped at IoU 0.9: nan
2025-07-26 12:43:21,152 - DEBUG - Loaded collision time for BConcave+gConcave+3900_flipped at IoU 0.95: nan
2025-07-26 12:43:21,152 - INFO - Processing video: BConcave+gConcave+4100
2025-07-26 12:43:21,153 - INFO - Video BConcave+gConcave+4100 already processed (found segformer_model-BConcave+gConcave+4100.mp4), skipping video processing...
2025-07-26 12:43:21,161 - INFO - VanillaSegmentationSaver initialized with output dir: /home/projects/bagon/andreyg/Projects/Object_reps_neural/Programming/hugging_face/model_experiments/segformer/exp2TTC_segformer-b3-finetuned-ade-512-512/processed_videos/segformer_model-BConcave+gConcave+4100/org_segmentation
2025-07-26 12:43:21,165 - INFO - All collision results already exist for BConcave+gConcave+4100
2025-07-26 12:43:21,166 - DEBUG - Loaded collision time for BConcave+gConcave+4100 at IoU 0.05: 4366.666666666666
2025-07-26 12:43:21,167 - DEBUG - Loaded collision time for BConcave+gConcave+4100 at IoU 0.1: 4466.666666666667
2025-07-26 12:43:21,168 - DEBUG - Loaded collision time for BConcave+gConcave+4100 at IoU 0.15: 4533.333333333333
2025-07-26 12:43:21,169 - DEBUG - Loaded collision time for BConcave+gConcave+4100 at IoU 0.2: 4600.0
2025-07-26 12:43:21,170 - DEBUG - Loaded collision time for BConcave+gConcave+4100 at IoU 0.25: 4750.0
2025-07-26 12:43:21,171 - DEBUG - Loaded collision time for BConcave+gConcave+4100 at IoU 0.3: nan
2025-07-26 12:43:21,172 - DEBUG - Loaded collision time for BConcave+gConcave+4100 at IoU 0.35: nan
2025-07-26 12:43:21,173 - DEBUG - Loaded collision time for BConcave+gConcave+4100 at IoU 0.4: nan
2025-07-26 12:43:21,173 - DEBUG - Loaded collision time for BConcave+gConcave+4100 at IoU 0.45: nan
2025-07-26 12:43:21,174 - DEBUG - Loaded collision time for BConcave+gConcave+4100 at IoU 0.5: nan
2025-07-26 12:43:21,175 - DEBUG - Loaded collision time for BConcave+gConcave+4100 at IoU 0.55: nan
2025-07-26 12:43:21,176 - DEBUG - Loaded collision time for BConcave+gConcave+4100 at IoU 0.6: nan
2025-07-26 12:43:21,177 - DEBUG - Loaded collision time for BConcave+gConcave+4100 at IoU 0.65: nan
2025-07-26 12:43:21,178 - DEBUG - Loaded collision time for BConcave+gConcave+4100 at IoU 0.7: nan
2025-07-26 12:43:21,179 - DEBUG - Loaded collision time for BConcave+gConcave+4100 at IoU 0.75: nan
2025-07-26 12:43:21,180 - DEBUG - Loaded collision time for BConcave+gConcave+4100 at IoU 0.8: nan
2025-07-26 12:43:21,180 - DEBUG - Loaded collision time for BConcave+gConcave+4100 at IoU 0.85: nan
2025-07-26 12:43:21,181 - DEBUG - Loaded collision time for BConcave+gConcave+4100 at IoU 0.9: nan
2025-07-26 12:43:21,182 - DEBUG - Loaded collision time for BConcave+gConcave+4100 at IoU 0.95: nan
2025-07-26 12:43:21,182 - INFO - Processing video: BConcave+gConcave+4300_flipped
2025-07-26 12:43:21,184 - INFO - Video BConcave+gConcave+4300_flipped already processed (found segformer_model-BConcave+gConcave+4300_flipped.mp4), skipping video processing...
2025-07-26 12:43:21,192 - INFO - VanillaSegmentationSaver initialized with output dir: /home/projects/bagon/andreyg/Projects/Object_reps_neural/Programming/hugging_face/model_experiments/segformer/exp2TTC_segformer-b3-finetuned-ade-512-512/processed_videos/segformer_model-BConcave+gConcave+4300_flipped/org_segmentation
2025-07-26 12:43:21,196 - INFO - All collision results already exist for BConcave+gConcave+4300_flipped
2025-07-26 12:43:21,197 - DEBUG - Loaded collision time for BConcave+gConcave+4300_flipped at IoU 0.05: nan
2025-07-26 12:43:21,198 - DEBUG - Loaded collision time for BConcave+gConcave+4300_flipped at IoU 0.1: nan
2025-07-26 12:43:21,199 - DEBUG - Loaded collision time for BConcave+gConcave+4300_flipped at IoU 0.15: nan
2025-07-26 12:43:21,199 - DEBUG - Loaded collision time for BConcave+gConcave+4300_flipped at IoU 0.2: nan
2025-07-26 12:43:21,200 - DEBUG - Loaded collision time for BConcave+gConcave+4300_flipped at IoU 0.25: nan
2025-07-26 12:43:21,201 - DEBUG - Loaded collision time for BConcave+gConcave+4300_flipped at IoU 0.3: nan
2025-07-26 12:43:21,202 - DEBUG - Loaded collision time for BConcave+gConcave+4300_flipped at IoU 0.35: nan
2025-07-26 12:43:21,203 - DEBUG - Loaded collision time for BConcave+gConcave+4300_flipped at IoU 0.4: nan
2025-07-26 12:43:21,203 - DEBUG - Loaded collision time for BConcave+gConcave+4300_flipped at IoU 0.45: nan
2025-07-26 12:43:21,204 - DEBUG - Loaded collision time for BConcave+gConcave+4300_flipped at IoU 0.5: nan
2025-07-26 12:43:21,205 - DEBUG - Loaded collision time for BConcave+gConcave+4300_flipped at IoU 0.55: nan
2025-07-26 12:43:21,206 - DEBUG - Loaded collision time for BConcave+gConcave+4300_flipped at IoU 0.6: nan
2025-07-26 12:43:21,207 - DEBUG - Loaded collision time for BConcave+gConcave+4300_flipped at IoU 0.65: nan
2025-07-26 12:43:21,208 - DEBUG - Loaded collision time for BConcave+gConcave+4300_flipped at IoU 0.7: nan
2025-07-26 12:43:21,209 - DEBUG - Loaded collision time for BConcave+gConcave+4300_flipped at IoU 0.75: nan
2025-07-26 12:43:21,210 - DEBUG - Loaded collision time for BConcave+gConcave+4300_flipped at IoU 0.8: nan
2025-07-26 12:43:21,210 - DEBUG - Loaded collision time for BConcave+gConcave+4300_flipped at IoU 0.85: nan
2025-07-26 12:43:21,211 - DEBUG - Loaded collision time for BConcave+gConcave+4300_flipped at IoU 0.9: nan
2025-07-26 12:43:21,212 - DEBUG - Loaded collision time for BConcave+gConcave+4300_flipped at IoU 0.95: nan
2025-07-26 12:43:21,212 - INFO - Processing video: BConcave+gConcave+4500
2025-07-26 12:43:21,214 - INFO - Video BConcave+gConcave+4500 already processed (found segformer_model-BConcave+gConcave+4500.mp4), skipping video processing...
2025-07-26 12:43:21,221 - INFO - VanillaSegmentationSaver initialized with output dir: /home/projects/bagon/andreyg/Projects/Object_reps_neural/Programming/hugging_face/model_experiments/segformer/exp2TTC_segformer-b3-finetuned-ade-512-512/processed_videos/segformer_model-BConcave+gConcave+4500/org_segmentation
2025-07-26 12:43:21,225 - INFO - All collision results already exist for BConcave+gConcave+4500
2025-07-26 12:43:21,226 - DEBUG - Loaded collision time for BConcave+gConcave+4500 at IoU 0.05: 2266.6666666666665
2025-07-26 12:43:21,226 - DEBUG - Loaded collision time for BConcave+gConcave+4500 at IoU 0.1: nan
2025-07-26 12:43:21,227 - DEBUG - Loaded collision time for BConcave+gConcave+4500 at IoU 0.15: nan
2025-07-26 12:43:21,228 - DEBUG - Loaded collision time for BConcave+gConcave+4500 at IoU 0.2: nan
2025-07-26 12:43:21,228 - DEBUG - Loaded collision time for BConcave+gConcave+4500 at IoU 0.25: nan
2025-07-26 12:43:21,229 - DEBUG - Loaded collision time for BConcave+gConcave+4500 at IoU 0.3: nan
2025-07-26 12:43:21,230 - DEBUG - Loaded collision time for BConcave+gConcave+4500 at IoU 0.35: nan
2025-07-26 12:43:21,231 - DEBUG - Loaded collision time for BConcave+gConcave+4500 at IoU 0.4: nan
2025-07-26 12:43:21,231 - DEBUG - Loaded collision time for BConcave+gConcave+4500 at IoU 0.45: nan
2025-07-26 12:43:21,232 - DEBUG - Loaded collision time for BConcave+gConcave+4500 at IoU 0.5: nan
2025-07-26 12:43:21,232 - DEBUG - Loaded collision time for BConcave+gConcave+4500 at IoU 0.55: nan
2025-07-26 12:43:21,233 - DEBUG - Loaded collision time for BConcave+gConcave+4500 at IoU 0.6: nan
2025-07-26 12:43:21,234 - DEBUG - Loaded collision time for BConcave+gConcave+4500 at IoU 0.65: nan
2025-07-26 12:43:21,234 - DEBUG - Loaded collision time for BConcave+gConcave+4500 at IoU 0.7: nan
2025-07-26 12:43:21,235 - DEBUG - Loaded collision time for BConcave+gConcave+4500 at IoU 0.75: nan
2025-07-26 12:43:21,235 - DEBUG - Loaded collision time for BConcave+gConcave+4500 at IoU 0.8: nan
2025-07-26 12:43:21,236 - DEBUG - Loaded collision time for BConcave+gConcave+4500 at IoU 0.85: nan
2025-07-26 12:43:21,237 - DEBUG - Loaded collision time for BConcave+gConcave+4500 at IoU 0.9: nan
2025-07-26 12:43:21,237 - DEBUG - Loaded collision time for BConcave+gConcave+4500 at IoU 0.95: nan
2025-07-26 12:43:21,237 - INFO - Processing video: BConcave+gConvex+3500
2025-07-26 12:43:21,239 - INFO - Video BConcave+gConvex+3500 already processed (found segformer_model-BConcave+gConvex+3500.mp4), skipping video processing...
2025-07-26 12:43:21,245 - INFO - VanillaSegmentationSaver initialized with output dir: /home/projects/bagon/andreyg/Projects/Object_reps_neural/Programming/hugging_face/model_experiments/segformer/exp2TTC_segformer-b3-finetuned-ade-512-512/processed_videos/segformer_model-BConcave+gConvex+3500/org_segmentation
2025-07-26 12:43:21,248 - INFO - All collision results already exist for BConcave+gConvex+3500
2025-07-26 12:43:21,249 - DEBUG - Loaded collision time for BConcave+gConvex+3500 at IoU 0.05: 4783.333333333333
2025-07-26 12:43:21,249 - DEBUG - Loaded collision time for BConcave+gConvex+3500 at IoU 0.1: nan
2025-07-26 12:43:21,250 - DEBUG - Loaded collision time for BConcave+gConvex+3500 at IoU 0.15: nan
2025-07-26 12:43:21,251 - DEBUG - Loaded collision time for BConcave+gConvex+3500 at IoU 0.2: nan
2025-07-26 12:43:21,251 - DEBUG - Loaded collision time for BConcave+gConvex+3500 at IoU 0.25: nan
2025-07-26 12:43:21,252 - DEBUG - Loaded collision time for BConcave+gConvex+3500 at IoU 0.3: nan
2025-07-26 12:43:21,253 - DEBUG - Loaded collision time for BConcave+gConvex+3500 at IoU 0.35: nan
2025-07-26 12:43:21,253 - DEBUG - Loaded collision time for BConcave+gConvex+3500 at IoU 0.4: nan
2025-07-26 12:43:21,254 - DEBUG - Loaded collision time for BConcave+gConvex+3500 at IoU 0.45: nan
2025-07-26 12:43:21,254 - DEBUG - Loaded collision time for BConcave+gConvex+3500 at IoU 0.5: nan
2025-07-26 12:43:21,255 - DEBUG - Loaded collision time for BConcave+gConvex+3500 at IoU 0.55: nan
2025-07-26 12:43:21,255 - DEBUG - Loaded collision time for BConcave+gConvex+3500 at IoU 0.6: nan
2025-07-26 12:43:21,256 - DEBUG - Loaded collision time for BConcave+gConvex+3500 at IoU 0.65: nan
2025-07-26 12:43:21,257 - DEBUG - Loaded collision time for BConcave+gConvex+3500 at IoU 0.7: nan
2025-07-26 12:43:21,257 - DEBUG - Loaded collision time for BConcave+gConvex+3500 at IoU 0.75: nan
2025-07-26 12:43:21,258 - DEBUG - Loaded collision time for BConcave+gConvex+3500 at IoU 0.8: nan
2025-07-26 12:43:21,259 - DEBUG - Loaded collision time for BConcave+gConvex+3500 at IoU 0.85: nan
2025-07-26 12:43:21,259 - DEBUG - Loaded collision time for BConcave+gConvex+3500 at IoU 0.9: nan
2025-07-26 12:43:21,260 - DEBUG - Loaded collision time for BConcave+gConvex+3500 at IoU 0.95: nan
2025-07-26 12:43:21,260 - INFO - Processing video: BConcave+gConvex+3700_flipped
2025-07-26 12:43:21,261 - INFO - Video BConcave+gConvex+3700_flipped already processed (found segformer_model-BConcave+gConvex+3700_flipped.mp4), skipping video processing...
2025-07-26 12:43:21,267 - INFO - VanillaSegmentationSaver initialized with output dir: /home/projects/bagon/andreyg/Projects/Object_reps_neural/Programming/hugging_face/model_experiments/segformer/exp2TTC_segformer-b3-finetuned-ade-512-512/processed_videos/segformer_model-BConcave+gConvex+3700_flipped/org_segmentation
2025-07-26 12:43:21,271 - INFO - All collision results already exist for BConcave+gConvex+3700_flipped
2025-07-26 12:43:21,272 - DEBUG - Loaded collision time for BConcave+gConvex+3700_flipped at IoU 0.05: 4233.333333333333
2025-07-26 12:43:21,272 - DEBUG - Loaded collision time for BConcave+gConvex+3700_flipped at IoU 0.1: 4233.333333333333
2025-07-26 12:43:21,273 - DEBUG - Loaded collision time for BConcave+gConvex+3700_flipped at IoU 0.15: nan
2025-07-26 12:43:21,273 - DEBUG - Loaded collision time for BConcave+gConvex+3700_flipped at IoU 0.2: nan
2025-07-26 12:43:21,274 - DEBUG - Loaded collision time for BConcave+gConvex+3700_flipped at IoU 0.25: nan
2025-07-26 12:43:21,275 - DEBUG - Loaded collision time for BConcave+gConvex+3700_flipped at IoU 0.3: nan
2025-07-26 12:43:21,275 - DEBUG - Loaded collision time for BConcave+gConvex+3700_flipped at IoU 0.35: nan
2025-07-26 12:43:21,276 - DEBUG - Loaded collision time for BConcave+gConvex+3700_flipped at IoU 0.4: nan
2025-07-26 12:43:21,277 - DEBUG - Loaded collision time for BConcave+gConvex+3700_flipped at IoU 0.45: nan
2025-07-26 12:43:21,277 - DEBUG - Loaded collision time for BConcave+gConvex+3700_flipped at IoU 0.5: nan
2025-07-26 12:43:21,278 - DEBUG - Loaded collision time for BConcave+gConvex+3700_flipped at IoU 0.55: nan
2025-07-26 12:43:21,278 - DEBUG - Loaded collision time for BConcave+gConvex+3700_flipped at IoU 0.6: nan
2025-07-26 12:43:21,279 - DEBUG - Loaded collision time for BConcave+gConvex+3700_flipped at IoU 0.65: nan
2025-07-26 12:43:21,280 - DEBUG - Loaded collision time for BConcave+gConvex+3700_flipped at IoU 0.7: nan
2025-07-26 12:43:21,281 - DEBUG - Loaded collision time for BConcave+gConvex+3700_flipped at IoU 0.75: nan
2025-07-26 12:43:21,281 - DEBUG - Loaded collision time for BConcave+gConvex+3700_flipped at IoU 0.8: nan
2025-07-26 12:43:21,282 - DEBUG - Loaded collision time for BConcave+gConvex+3700_flipped at IoU 0.85: nan
2025-07-26 12:43:21,283 - DEBUG - Loaded collision time for BConcave+gConvex+3700_flipped at IoU 0.9: nan
2025-07-26 12:43:21,283 - DEBUG - Loaded collision time for BConcave+gConvex+3700_flipped at IoU 0.95: nan
2025-07-26 12:43:21,283 - INFO - Processing video: BConcave+gConvex+3900
2025-07-26 12:43:21,285 - INFO - Video BConcave+gConvex+3900 already processed (found segformer_model-BConcave+gConvex+3900.mp4), skipping video processing...
2025-07-26 12:43:21,291 - INFO - VanillaSegmentationSaver initialized with output dir: /home/projects/bagon/andreyg/Projects/Object_reps_neural/Programming/hugging_face/model_experiments/segformer/exp2TTC_segformer-b3-finetuned-ade-512-512/processed_videos/segformer_model-BConcave+gConvex+3900/org_segmentation
2025-07-26 12:43:21,294 - INFO - All collision results already exist for BConcave+gConvex+3900
2025-07-26 12:43:21,295 - DEBUG - Loaded collision time for BConcave+gConvex+3900 at IoU 0.05: 4216.666666666667
2025-07-26 12:43:21,296 - DEBUG - Loaded collision time for BConcave+gConvex+3900 at IoU 0.1: 4416.666666666667
2025-07-26 12:43:21,296 - DEBUG - Loaded collision time for BConcave+gConvex+3900 at IoU 0.15: 4583.333333333333
2025-07-26 12:43:21,297 - DEBUG - Loaded collision time for BConcave+gConvex+3900 at IoU 0.2: nan
2025-07-26 12:43:21,298 - DEBUG - Loaded collision time for BConcave+gConvex+3900 at IoU 0.25: nan
2025-07-26 12:43:21,298 - DEBUG - Loaded collision time for BConcave+gConvex+3900 at IoU 0.3: nan
2025-07-26 12:43:21,299 - DEBUG - Loaded collision time for BConcave+gConvex+3900 at IoU 0.35: nan
2025-07-26 12:43:21,300 - DEBUG - Loaded collision time for BConcave+gConvex+3900 at IoU 0.4: nan
2025-07-26 12:43:21,300 - DEBUG - Loaded collision time for BConcave+gConvex+3900 at IoU 0.45: nan
2025-07-26 12:43:21,301 - DEBUG - Loaded collision time for BConcave+gConvex+3900 at IoU 0.5: nan
2025-07-26 12:43:21,301 - DEBUG - Loaded collision time for BConcave+gConvex+3900 at IoU 0.55: nan
2025-07-26 12:43:21,302 - DEBUG - Loaded collision time for BConcave+gConvex+3900 at IoU 0.6: nan
2025-07-26 12:43:21,303 - DEBUG - Loaded collision time for BConcave+gConvex+3900 at IoU 0.65: nan
2025-07-26 12:43:21,303 - DEBUG - Loaded collision time for BConcave+gConvex+3900 at IoU 0.7: nan
2025-07-26 12:43:21,304 - DEBUG - Loaded collision time for BConcave+gConvex+3900 at IoU 0.75: nan
2025-07-26 12:43:21,305 - DEBUG - Loaded collision time for BConcave+gConvex+3900 at IoU 0.8: nan
2025-07-26 12:43:21,305 - DEBUG - Loaded collision time for BConcave+gConvex+3900 at IoU 0.85: nan
2025-07-26 12:43:21,306 - DEBUG - Loaded collision time for BConcave+gConvex+3900 at IoU 0.9: nan
2025-07-26 12:43:21,306 - DEBUG - Loaded collision time for BConcave+gConvex+3900 at IoU 0.95: nan
2025-07-26 12:43:21,307 - INFO - Processing video: BConcave+gConvex+4100_flipped
2025-07-26 12:43:21,308 - INFO - Video BConcave+gConvex+4100_flipped already processed (found segformer_model-BConcave+gConvex+4100_flipped.mp4), skipping video processing...
2025-07-26 12:43:21,314 - INFO - VanillaSegmentationSaver initialized with output dir: /home/projects/bagon/andreyg/Projects/Object_reps_neural/Programming/hugging_face/model_experiments/segformer/exp2TTC_segformer-b3-finetuned-ade-512-512/processed_videos/segformer_model-BConcave+gConvex+4100_flipped/org_segmentation
2025-07-26 12:43:21,318 - INFO - All collision results already exist for BConcave+gConvex+4100_flipped
2025-07-26 12:43:21,318 - DEBUG - Loaded collision time for BConcave+gConvex+4100_flipped at IoU 0.05: 4333.333333333333
2025-07-26 12:43:21,319 - DEBUG - Loaded collision time for BConcave+gConvex+4100_flipped at IoU 0.1: 4583.333333333333
2025-07-26 12:43:21,319 - DEBUG - Loaded collision time for BConcave+gConvex+4100_flipped at IoU 0.15: 4716.666666666667
2025-07-26 12:43:21,320 - DEBUG - Loaded collision time for BConcave+gConvex+4100_flipped at IoU 0.2: nan
2025-07-26 12:43:21,321 - DEBUG - Loaded collision time for BConcave+gConvex+4100_flipped at IoU 0.25: nan
2025-07-26 12:43:21,321 - DEBUG - Loaded collision time for BConcave+gConvex+4100_flipped at IoU 0.3: nan
2025-07-26 12:43:21,322 - DEBUG - Loaded collision time for BConcave+gConvex+4100_flipped at IoU 0.35: nan
2025-07-26 12:43:21,323 - DEBUG - Loaded collision time for BConcave+gConvex+4100_flipped at IoU 0.4: nan
2025-07-26 12:43:21,324 - DEBUG - Loaded collision time for BConcave+gConvex+4100_flipped at IoU 0.45: nan
2025-07-26 12:43:21,324 - DEBUG - Loaded collision time for BConcave+gConvex+4100_flipped at IoU 0.5: nan
2025-07-26 12:43:21,325 - DEBUG - Loaded collision time for BConcave+gConvex+4100_flipped at IoU 0.55: nan
2025-07-26 12:43:21,325 - DEBUG - Loaded collision time for BConcave+gConvex+4100_flipped at IoU 0.6: nan
2025-07-26 12:43:21,326 - DEBUG - Loaded collision time for BConcave+gConvex+4100_flipped at IoU 0.65: nan
2025-07-26 12:43:21,327 - DEBUG - Loaded collision time for BConcave+gConvex+4100_flipped at IoU 0.7: nan
2025-07-26 12:43:21,327 - DEBUG - Loaded collision time for BConcave+gConvex+4100_flipped at IoU 0.75: nan
2025-07-26 12:43:21,328 - DEBUG - Loaded collision time for BConcave+gConvex+4100_flipped at IoU 0.8: nan
2025-07-26 12:43:21,329 - DEBUG - Loaded collision time for BConcave+gConvex+4100_flipped at IoU 0.85: nan
2025-07-26 12:43:21,329 - DEBUG - Loaded collision time for BConcave+gConvex+4100_flipped at IoU 0.9: nan
2025-07-26 12:43:21,330 - DEBUG - Loaded collision time for BConcave+gConvex+4100_flipped at IoU 0.95: nan
2025-07-26 12:43:21,330 - INFO - Processing video: BConcave+gConvex+4300
2025-07-26 12:43:21,331 - INFO - Video BConcave+gConvex+4300 already processed (found segformer_model-BConcave+gConvex+4300.mp4), skipping video processing...
2025-07-26 12:43:21,338 - INFO - VanillaSegmentationSaver initialized with output dir: /home/projects/bagon/andreyg/Projects/Object_reps_neural/Programming/hugging_face/model_experiments/segformer/exp2TTC_segformer-b3-finetuned-ade-512-512/processed_videos/segformer_model-BConcave+gConvex+4300/org_segmentation
2025-07-26 12:43:21,341 - INFO - All collision results already exist for BConcave+gConvex+4300
2025-07-26 12:43:21,342 - DEBUG - Loaded collision time for BConcave+gConvex+4300 at IoU 0.05: 4683.333333333334
2025-07-26 12:43:21,342 - DEBUG - Loaded collision time for BConcave+gConvex+4300 at IoU 0.1: 4850.0
2025-07-26 12:43:21,343 - DEBUG - Loaded collision time for BConcave+gConvex+4300 at IoU 0.15: nan
2025-07-26 12:43:21,344 - DEBUG - Loaded collision time for BConcave+gConvex+4300 at IoU 0.2: nan
2025-07-26 12:43:21,344 - DEBUG - Loaded collision time for BConcave+gConvex+4300 at IoU 0.25: nan
2025-07-26 12:43:21,345 - DEBUG - Loaded collision time for BConcave+gConvex+4300 at IoU 0.3: nan
2025-07-26 12:43:21,346 - DEBUG - Loaded collision time for BConcave+gConvex+4300 at IoU 0.35: nan
2025-07-26 12:43:21,346 - DEBUG - Loaded collision time for BConcave+gConvex+4300 at IoU 0.4: nan
2025-07-26 12:43:21,347 - DEBUG - Loaded collision time for BConcave+gConvex+4300 at IoU 0.45: nan
2025-07-26 12:43:21,347 - DEBUG - Loaded collision time for BConcave+gConvex+4300 at IoU 0.5: nan
2025-07-26 12:43:21,348 - DEBUG - Loaded collision time for BConcave+gConvex+4300 at IoU 0.55: nan
2025-07-26 12:43:21,349 - DEBUG - Loaded collision time for BConcave+gConvex+4300 at IoU 0.6: nan
2025-07-26 12:43:21,349 - DEBUG - Loaded collision time for BConcave+gConvex+4300 at IoU 0.65: nan
2025-07-26 12:43:21,350 - DEBUG - Loaded collision time for BConcave+gConvex+4300 at IoU 0.7: nan
2025-07-26 12:43:21,351 - DEBUG - Loaded collision time for BConcave+gConvex+4300 at IoU 0.75: nan
2025-07-26 12:43:21,351 - DEBUG - Loaded collision time for BConcave+gConvex+4300 at IoU 0.8: nan
2025-07-26 12:43:21,352 - DEBUG - Loaded collision time for BConcave+gConvex+4300 at IoU 0.85: nan
2025-07-26 12:43:21,353 - DEBUG - Loaded collision time for BConcave+gConvex+4300 at IoU 0.9: nan
2025-07-26 12:43:21,353 - DEBUG - Loaded collision time for BConcave+gConvex+4300 at IoU 0.95: nan
2025-07-26 12:43:21,353 - INFO - Processing video: BConcave+gConvex+4500_flipped
2025-07-26 12:43:21,355 - INFO - Video BConcave+gConvex+4500_flipped already processed (found segformer_model-BConcave+gConvex+4500_flipped.mp4), skipping video processing...
2025-07-26 12:43:21,361 - INFO - VanillaSegmentationSaver initialized with output dir: /home/projects/bagon/andreyg/Projects/Object_reps_neural/Programming/hugging_face/model_experiments/segformer/exp2TTC_segformer-b3-finetuned-ade-512-512/processed_videos/segformer_model-BConcave+gConvex+4500_flipped/org_segmentation
2025-07-26 12:43:21,365 - INFO - All collision results already exist for BConcave+gConvex+4500_flipped
2025-07-26 12:43:21,365 - DEBUG - Loaded collision time for BConcave+gConvex+4500_flipped at IoU 0.05: nan
2025-07-26 12:43:21,366 - DEBUG - Loaded collision time for BConcave+gConvex+4500_flipped at IoU 0.1: nan
2025-07-26 12:43:21,366 - DEBUG - Loaded collision time for BConcave+gConvex+4500_flipped at IoU 0.15: nan
2025-07-26 12:43:21,367 - DEBUG - Loaded collision time for BConcave+gConvex+4500_flipped at IoU 0.2: nan
2025-07-26 12:43:21,368 - DEBUG - Loaded collision time for BConcave+gConvex+4500_flipped at IoU 0.25: nan
2025-07-26 12:43:21,368 - DEBUG - Loaded collision time for BConcave+gConvex+4500_flipped at IoU 0.3: nan
2025-07-26 12:43:21,369 - DEBUG - Loaded collision time for BConcave+gConvex+4500_flipped at IoU 0.35: nan
2025-07-26 12:43:21,370 - DEBUG - Loaded collision time for BConcave+gConvex+4500_flipped at IoU 0.4: nan
2025-07-26 12:43:21,370 - DEBUG - Loaded collision time for BConcave+gConvex+4500_flipped at IoU 0.45: nan
2025-07-26 12:43:21,371 - DEBUG - Loaded collision time for BConcave+gConvex+4500_flipped at IoU 0.5: nan
2025-07-26 12:43:21,371 - DEBUG - Loaded collision time for BConcave+gConvex+4500_flipped at IoU 0.55: nan
2025-07-26 12:43:21,372 - DEBUG - Loaded collision time for BConcave+gConvex+4500_flipped at IoU 0.6: nan
2025-07-26 12:43:21,373 - DEBUG - Loaded collision time for BConcave+gConvex+4500_flipped at IoU 0.65: nan
2025-07-26 12:43:21,373 - DEBUG - Loaded collision time for BConcave+gConvex+4500_flipped at IoU 0.7: nan
2025-07-26 12:43:21,374 - DEBUG - Loaded collision time for BConcave+gConvex+4500_flipped at IoU 0.75: nan
2025-07-26 12:43:21,375 - DEBUG - Loaded collision time for BConcave+gConvex+4500_flipped at IoU 0.8: nan
2025-07-26 12:43:21,375 - DEBUG - Loaded collision time for BConcave+gConvex+4500_flipped at IoU 0.85: nan
2025-07-26 12:43:21,376 - DEBUG - Loaded collision time for BConcave+gConvex+4500_flipped at IoU 0.9: nan
2025-07-26 12:43:21,376 - DEBUG - Loaded collision time for BConcave+gConvex+4500_flipped at IoU 0.95: nan
2025-07-26 12:43:21,377 - INFO - Processing video: BConcave+hConcave+3500_flipped
2025-07-26 12:43:21,378 - INFO - Video BConcave+hConcave+3500_flipped already processed (found segformer_model-BConcave+hConcave+3500_flipped.mp4), skipping video processing...
2025-07-26 12:43:21,384 - INFO - VanillaSegmentationSaver initialized with output dir: /home/projects/bagon/andreyg/Projects/Object_reps_neural/Programming/hugging_face/model_experiments/segformer/exp2TTC_segformer-b3-finetuned-ade-512-512/processed_videos/segformer_model-BConcave+hConcave+3500_flipped/org_segmentation
2025-07-26 12:43:21,389 - INFO - All collision results already exist for BConcave+hConcave+3500_flipped
2025-07-26 12:43:21,389 - DEBUG - Loaded collision time for BConcave+hConcave+3500_flipped at IoU 0.05: 3916.6666666666665
2025-07-26 12:43:21,390 - DEBUG - Loaded collision time for BConcave+hConcave+3500_flipped at IoU 0.1: 4050.0
2025-07-26 12:43:21,390 - DEBUG - Loaded collision time for BConcave+hConcave+3500_flipped at IoU 0.15: 4183.333333333334
2025-07-26 12:43:21,391 - DEBUG - Loaded collision time for BConcave+hConcave+3500_flipped at IoU 0.2: 4266.666666666667
2025-07-26 12:43:21,392 - DEBUG - Loaded collision time for BConcave+hConcave+3500_flipped at IoU 0.25: 4383.333333333334
2025-07-26 12:43:21,393 - DEBUG - Loaded collision time for BConcave+hConcave+3500_flipped at IoU 0.3: nan
2025-07-26 12:43:21,393 - DEBUG - Loaded collision time for BConcave+hConcave+3500_flipped at IoU 0.35: nan
2025-07-26 12:43:21,394 - DEBUG - Loaded collision time for BConcave+hConcave+3500_flipped at IoU 0.4: nan
2025-07-26 12:43:21,395 - DEBUG - Loaded collision time for BConcave+hConcave+3500_flipped at IoU 0.45: nan
2025-07-26 12:43:21,395 - DEBUG - Loaded collision time for BConcave+hConcave+3500_flipped at IoU 0.5: nan
2025-07-26 12:43:21,396 - DEBUG - Loaded collision time for BConcave+hConcave+3500_flipped at IoU 0.55: nan
2025-07-26 12:43:21,396 - DEBUG - Loaded collision time for BConcave+hConcave+3500_flipped at IoU 0.6: nan
2025-07-26 12:43:21,397 - DEBUG - Loaded collision time for BConcave+hConcave+3500_flipped at IoU 0.65: nan
2025-07-26 12:43:21,398 - DEBUG - Loaded collision time for BConcave+hConcave+3500_flipped at IoU 0.7: nan
2025-07-26 12:43:21,398 - DEBUG - Loaded collision time for BConcave+hConcave+3500_flipped at IoU 0.75: nan
2025-07-26 12:43:21,399 - DEBUG - Loaded collision time for BConcave+hConcave+3500_flipped at IoU 0.8: nan
2025-07-26 12:43:21,400 - DEBUG - Loaded collision time for BConcave+hConcave+3500_flipped at IoU 0.85: nan
2025-07-26 12:43:21,400 - DEBUG - Loaded collision time for BConcave+hConcave+3500_flipped at IoU 0.9: nan
2025-07-26 12:43:21,401 - DEBUG - Loaded collision time for BConcave+hConcave+3500_flipped at IoU 0.95: nan
2025-07-26 12:43:21,401 - INFO - Processing video: BConcave+hConcave+3700
2025-07-26 12:43:21,402 - INFO - Video BConcave+hConcave+3700 already processed (found segformer_model-BConcave+hConcave+3700.mp4), skipping video processing...
2025-07-26 12:43:21,409 - INFO - VanillaSegmentationSaver initialized with output dir: /home/projects/bagon/andreyg/Projects/Object_reps_neural/Programming/hugging_face/model_experiments/segformer/exp2TTC_segformer-b3-finetuned-ade-512-512/processed_videos/segformer_model-BConcave+hConcave+3700/org_segmentation
2025-07-26 12:43:21,412 - INFO - All collision results already exist for BConcave+hConcave+3700
2025-07-26 12:43:21,412 - DEBUG - Loaded collision time for BConcave+hConcave+3700 at IoU 0.05: 4033.333333333333
2025-07-26 12:43:21,413 - DEBUG - Loaded collision time for BConcave+hConcave+3700 at IoU 0.1: 4133.333333333334
2025-07-26 12:43:21,414 - DEBUG - Loaded collision time for BConcave+hConcave+3700 at IoU 0.15: 4233.333333333333
2025-07-26 12:43:21,414 - DEBUG - Loaded collision time for BConcave+hConcave+3700 at IoU 0.2: 4416.666666666667
2025-07-26 12:43:21,415 - DEBUG - Loaded collision time for BConcave+hConcave+3700 at IoU 0.25: nan
2025-07-26 12:43:21,416 - DEBUG - Loaded collision time for BConcave+hConcave+3700 at IoU 0.3: nan
2025-07-26 12:43:21,416 - DEBUG - Loaded collision time for BConcave+hConcave+3700 at IoU 0.35: nan
2025-07-26 12:43:21,417 - DEBUG - Loaded collision time for BConcave+hConcave+3700 at IoU 0.4: nan
2025-07-26 12:43:21,418 - DEBUG - Loaded collision time for BConcave+hConcave+3700 at IoU 0.45: nan
2025-07-26 12:43:21,418 - DEBUG - Loaded collision time for BConcave+hConcave+3700 at IoU 0.5: nan
2025-07-26 12:43:21,419 - DEBUG - Loaded collision time for BConcave+hConcave+3700 at IoU 0.55: nan
2025-07-26 12:43:21,420 - DEBUG - Loaded collision time for BConcave+hConcave+3700 at IoU 0.6: nan
2025-07-26 12:43:21,420 - DEBUG - Loaded collision time for BConcave+hConcave+3700 at IoU 0.65: nan
2025-07-26 12:43:21,421 - DEBUG - Loaded collision time for BConcave+hConcave+3700 at IoU 0.7: nan
2025-07-26 12:43:21,422 - DEBUG - Loaded collision time for BConcave+hConcave+3700 at IoU 0.75: nan
2025-07-26 12:43:21,422 - DEBUG - Loaded collision time for BConcave+hConcave+3700 at IoU 0.8: nan
2025-07-26 12:43:21,423 - DEBUG - Loaded collision time for BConcave+hConcave+3700 at IoU 0.85: nan
2025-07-26 12:43:21,424 - DEBUG - Loaded collision time for BConcave+hConcave+3700 at IoU 0.9: nan
2025-07-26 12:43:21,424 - DEBUG - Loaded collision time for BConcave+hConcave+3700 at IoU 0.95: nan
2025-07-26 12:43:21,424 - INFO - Processing video: BConcave+hConcave+3900_flipped
2025-07-26 12:43:21,425 - INFO - Video BConcave+hConcave+3900_flipped already processed (found segformer_model-BConcave+hConcave+3900_flipped.mp4), skipping video processing...
2025-07-26 12:43:21,432 - INFO - VanillaSegmentationSaver initialized with output dir: /home/projects/bagon/andreyg/Projects/Object_reps_neural/Programming/hugging_face/model_experiments/segformer/exp2TTC_segformer-b3-finetuned-ade-512-512/processed_videos/segformer_model-BConcave+hConcave+3900_flipped/org_segmentation
2025-07-26 12:43:21,436 - INFO - All collision results already exist for BConcave+hConcave+3900_flipped
2025-07-26 12:43:21,436 - DEBUG - Loaded collision time for BConcave+hConcave+3900_flipped at IoU 0.05: 4250.0
2025-07-26 12:43:21,437 - DEBUG - Loaded collision time for BConcave+hConcave+3900_flipped at IoU 0.1: 4383.333333333334
2025-07-26 12:43:21,437 - DEBUG - Loaded collision time for BConcave+hConcave+3900_flipped at IoU 0.15: 4500.0
2025-07-26 12:43:21,438 - DEBUG - Loaded collision time for BConcave+hConcave+3900_flipped at IoU 0.2: 4583.333333333333
2025-07-26 12:43:21,439 - DEBUG - Loaded collision time for BConcave+hConcave+3900_flipped at IoU 0.25: 4650.0
2025-07-26 12:43:21,440 - DEBUG - Loaded collision time for BConcave+hConcave+3900_flipped at IoU 0.3: 4783.333333333333
2025-07-26 12:43:21,440 - DEBUG - Loaded collision time for BConcave+hConcave+3900_flipped at IoU 0.35: nan
2025-07-26 12:43:21,441 - DEBUG - Loaded collision time for BConcave+hConcave+3900_flipped at IoU 0.4: nan
2025-07-26 12:43:21,442 - DEBUG - Loaded collision time for BConcave+hConcave+3900_flipped at IoU 0.45: nan
2025-07-26 12:43:21,442 - DEBUG - Loaded collision time for BConcave+hConcave+3900_flipped at IoU 0.5: nan
2025-07-26 12:43:21,443 - DEBUG - Loaded collision time for BConcave+hConcave+3900_flipped at IoU 0.55: nan
2025-07-26 12:43:21,443 - DEBUG - Loaded collision time for BConcave+hConcave+3900_flipped at IoU 0.6: nan
2025-07-26 12:43:21,444 - DEBUG - Loaded collision time for BConcave+hConcave+3900_flipped at IoU 0.65: nan
2025-07-26 12:43:21,445 - DEBUG - Loaded collision time for BConcave+hConcave+3900_flipped at IoU 0.7: nan
2025-07-26 12:43:21,445 - DEBUG - Loaded collision time for BConcave+hConcave+3900_flipped at IoU 0.75: nan
2025-07-26 12:43:21,446 - DEBUG - Loaded collision time for BConcave+hConcave+3900_flipped at IoU 0.8: nan
2025-07-26 12:43:21,447 - DEBUG - Loaded collision time for BConcave+hConcave+3900_flipped at IoU 0.85: nan
2025-07-26 12:43:21,447 - DEBUG - Loaded collision time for BConcave+hConcave+3900_flipped at IoU 0.9: nan
2025-07-26 12:43:21,448 - DEBUG - Loaded collision time for BConcave+hConcave+3900_flipped at IoU 0.95: nan
2025-07-26 12:43:21,448 - INFO - Processing video: BConcave+hConcave+4100
2025-07-26 12:43:21,449 - INFO - Video BConcave+hConcave+4100 already processed (found segformer_model-BConcave+hConcave+4100.mp4), skipping video processing...
2025-07-26 12:43:21,456 - INFO - VanillaSegmentationSaver initialized with output dir: /home/projects/bagon/andreyg/Projects/Object_reps_neural/Programming/hugging_face/model_experiments/segformer/exp2TTC_segformer-b3-finetuned-ade-512-512/processed_videos/segformer_model-BConcave+hConcave+4100/org_segmentation
2025-07-26 12:43:21,459 - INFO - All collision results already exist for BConcave+hConcave+4100
2025-07-26 12:43:21,460 - DEBUG - Loaded collision time for BConcave+hConcave+4100 at IoU 0.05: nan
2025-07-26 12:43:21,460 - DEBUG - Loaded collision time for BConcave+hConcave+4100 at IoU 0.1: nan
2025-07-26 12:43:21,461 - DEBUG - Loaded collision time for BConcave+hConcave+4100 at IoU 0.15: nan
2025-07-26 12:43:21,461 - DEBUG - Loaded collision time for BConcave+hConcave+4100 at IoU 0.2: nan
2025-07-26 12:43:21,462 - DEBUG - Loaded collision time for BConcave+hConcave+4100 at IoU 0.25: nan
2025-07-26 12:43:21,463 - DEBUG - Loaded collision time for BConcave+hConcave+4100 at IoU 0.3: nan
2025-07-26 12:43:21,463 - DEBUG - Loaded collision time for BConcave+hConcave+4100 at IoU 0.35: nan
2025-07-26 12:43:21,464 - DEBUG - Loaded collision time for BConcave+hConcave+4100 at IoU 0.4: nan
2025-07-26 12:43:21,465 - DEBUG - Loaded collision time for BConcave+hConcave+4100 at IoU 0.45: nan
2025-07-26 12:43:21,465 - DEBUG - Loaded collision time for BConcave+hConcave+4100 at IoU 0.5: nan
2025-07-26 12:43:21,466 - DEBUG - Loaded collision time for BConcave+hConcave+4100 at IoU 0.55: nan
2025-07-26 12:43:21,467 - DEBUG - Loaded collision time for BConcave+hConcave+4100 at IoU 0.6: nan
2025-07-26 12:43:21,467 - DEBUG - Loaded collision time for BConcave+hConcave+4100 at IoU 0.65: nan
2025-07-26 12:43:21,468 - DEBUG - Loaded collision time for BConcave+hConcave+4100 at IoU 0.7: nan
2025-07-26 12:43:21,468 - DEBUG - Loaded collision time for BConcave+hConcave+4100 at IoU 0.75: nan
2025-07-26 12:43:21,469 - DEBUG - Loaded collision time for BConcave+hConcave+4100 at IoU 0.8: nan
2025-07-26 12:43:21,470 - DEBUG - Loaded collision time for BConcave+hConcave+4100 at IoU 0.85: nan
2025-07-26 12:43:21,470 - DEBUG - Loaded collision time for BConcave+hConcave+4100 at IoU 0.9: nan
2025-07-26 12:43:21,471 - DEBUG - Loaded collision time for BConcave+hConcave+4100 at IoU 0.95: nan
2025-07-26 12:43:21,471 - INFO - Processing video: BConcave+hConcave+4300_flipped
2025-07-26 12:43:21,472 - INFO - Video BConcave+hConcave+4300_flipped already processed (found segformer_model-BConcave+hConcave+4300_flipped.mp4), skipping video processing...
2025-07-26 12:43:21,479 - INFO - VanillaSegmentationSaver initialized with output dir: /home/projects/bagon/andreyg/Projects/Object_reps_neural/Programming/hugging_face/model_experiments/segformer/exp2TTC_segformer-b3-finetuned-ade-512-512/processed_videos/segformer_model-BConcave+hConcave+4300_flipped/org_segmentation
2025-07-26 12:43:21,482 - INFO - All collision results already exist for BConcave+hConcave+4300_flipped
2025-07-26 12:43:21,483 - DEBUG - Loaded collision time for BConcave+hConcave+4300_flipped at IoU 0.05: 5050.0
2025-07-26 12:43:21,484 - DEBUG - Loaded collision time for BConcave+hConcave+4300_flipped at IoU 0.1: 5216.666666666667
2025-07-26 12:43:21,484 - DEBUG - Loaded collision time for BConcave+hConcave+4300_flipped at IoU 0.15: 5300.0
2025-07-26 12:43:21,485 - DEBUG - Loaded collision time for BConcave+hConcave+4300_flipped at IoU 0.2: nan
2025-07-26 12:43:21,486 - DEBUG - Loaded collision time for BConcave+hConcave+4300_flipped at IoU 0.25: nan
2025-07-26 12:43:21,486 - DEBUG - Loaded collision time for BConcave+hConcave+4300_flipped at IoU 0.3: nan
2025-07-26 12:43:21,487 - DEBUG - Loaded collision time for BConcave+hConcave+4300_flipped at IoU 0.35: nan
2025-07-26 12:43:21,488 - DEBUG - Loaded collision time for BConcave+hConcave+4300_flipped at IoU 0.4: nan
2025-07-26 12:43:21,488 - DEBUG - Loaded collision time for BConcave+hConcave+4300_flipped at IoU 0.45: nan
2025-07-26 12:43:21,489 - DEBUG - Loaded collision time for BConcave+hConcave+4300_flipped at IoU 0.5: nan
2025-07-26 12:43:21,490 - DEBUG - Loaded collision time for BConcave+hConcave+4300_flipped at IoU 0.55: nan
2025-07-26 12:43:21,490 - DEBUG - Loaded collision time for BConcave+hConcave+4300_flipped at IoU 0.6: nan
2025-07-26 12:43:21,491 - DEBUG - Loaded collision time for BConcave+hConcave+4300_flipped at IoU 0.65: nan
2025-07-26 12:43:21,492 - DEBUG - Loaded collision time for BConcave+hConcave+4300_flipped at IoU 0.7: nan
2025-07-26 12:43:21,492 - DEBUG - Loaded collision time for BConcave+hConcave+4300_flipped at IoU 0.75: nan
2025-07-26 12:43:21,493 - DEBUG - Loaded collision time for BConcave+hConcave+4300_flipped at IoU 0.8: nan
2025-07-26 12:43:21,494 - DEBUG - Loaded collision time for BConcave+hConcave+4300_flipped at IoU 0.85: nan
2025-07-26 12:43:21,494 - DEBUG - Loaded collision time for BConcave+hConcave+4300_flipped at IoU 0.9: nan
2025-07-26 12:43:21,495 - DEBUG - Loaded collision time for BConcave+hConcave+4300_flipped at IoU 0.95: nan
2025-07-26 12:43:21,495 - INFO - Processing video: BConcave+hConcave+4500
2025-07-26 12:43:21,496 - INFO - Video BConcave+hConcave+4500 already processed (found segformer_model-BConcave+hConcave+4500.mp4), skipping video processing...
2025-07-26 12:43:21,503 - INFO - VanillaSegmentationSaver initialized with output dir: /home/projects/bagon/andreyg/Projects/Object_reps_neural/Programming/hugging_face/model_experiments/segformer/exp2TTC_segformer-b3-finetuned-ade-512-512/processed_videos/segformer_model-BConcave+hConcave+4500/org_segmentation
2025-07-26 12:43:21,506 - INFO - All collision results already exist for BConcave+hConcave+4500
2025-07-26 12:43:21,507 - DEBUG - Loaded collision time for BConcave+hConcave+4500 at IoU 0.05: 5200.0
2025-07-26 12:43:21,508 - DEBUG - Loaded collision time for BConcave+hConcave+4500 at IoU 0.1: nan
2025-07-26 12:43:21,508 - DEBUG - Loaded collision time for BConcave+hConcave+4500 at IoU 0.15: nan
2025-07-26 12:43:21,509 - DEBUG - Loaded collision time for BConcave+hConcave+4500 at IoU 0.2: nan
2025-07-26 12:43:21,509 - DEBUG - Loaded collision time for BConcave+hConcave+4500 at IoU 0.25: nan
2025-07-26 12:43:21,510 - DEBUG - Loaded collision time for BConcave+hConcave+4500 at IoU 0.3: nan
2025-07-26 12:43:21,511 - DEBUG - Loaded collision time for BConcave+hConcave+4500 at IoU 0.35: nan
2025-07-26 12:43:21,511 - DEBUG - Loaded collision time for BConcave+hConcave+4500 at IoU 0.4: nan
2025-07-26 12:43:21,512 - DEBUG - Loaded collision time for BConcave+hConcave+4500 at IoU 0.45: nan
2025-07-26 12:43:21,513 - DEBUG - Loaded collision time for BConcave+hConcave+4500 at IoU 0.5: nan
2025-07-26 12:43:21,513 - DEBUG - Loaded collision time for BConcave+hConcave+4500 at IoU 0.55: nan
2025-07-26 12:43:21,514 - DEBUG - Loaded collision time for BConcave+hConcave+4500 at IoU 0.6: nan
2025-07-26 12:43:21,515 - DEBUG - Loaded collision time for BConcave+hConcave+4500 at IoU 0.65: nan
2025-07-26 12:43:21,515 - DEBUG - Loaded collision time for BConcave+hConcave+4500 at IoU 0.7: nan
2025-07-26 12:43:21,516 - DEBUG - Loaded collision time for BConcave+hConcave+4500 at IoU 0.75: nan
2025-07-26 12:43:21,516 - DEBUG - Loaded collision time for BConcave+hConcave+4500 at IoU 0.8: nan
2025-07-26 12:43:21,517 - DEBUG - Loaded collision time for BConcave+hConcave+4500 at IoU 0.85: nan
2025-07-26 12:43:21,518 - DEBUG - Loaded collision time for BConcave+hConcave+4500 at IoU 0.9: nan
2025-07-26 12:43:21,518 - DEBUG - Loaded collision time for BConcave+hConcave+4500 at IoU 0.95: nan
2025-07-26 12:43:21,518 - INFO - Processing video: BConcave+hConvex+3500
2025-07-26 12:43:21,520 - INFO - Video BConcave+hConvex+3500 already processed (found segformer_model-BConcave+hConvex+3500.mp4), skipping video processing...
2025-07-26 12:43:21,526 - INFO - VanillaSegmentationSaver initialized with output dir: /home/projects/bagon/andreyg/Projects/Object_reps_neural/Programming/hugging_face/model_experiments/segformer/exp2TTC_segformer-b3-finetuned-ade-512-512/processed_videos/segformer_model-BConcave+hConvex+3500/org_segmentation
2025-07-26 12:43:21,529 - INFO - All collision results already exist for BConcave+hConvex+3500
2025-07-26 12:43:21,530 - DEBUG - Loaded collision time for BConcave+hConvex+3500 at IoU 0.05: 3916.6666666666665
2025-07-26 12:43:21,530 - DEBUG - Loaded collision time for BConcave+hConvex+3500 at IoU 0.1: 4133.333333333334
2025-07-26 12:43:21,531 - DEBUG - Loaded collision time for BConcave+hConvex+3500 at IoU 0.15: 4300.0
2025-07-26 12:43:21,532 - DEBUG - Loaded collision time for BConcave+hConvex+3500 at IoU 0.2: 4516.666666666667
2025-07-26 12:43:21,532 - DEBUG - Loaded collision time for BConcave+hConvex+3500 at IoU 0.25: 4633.333333333334
2025-07-26 12:43:21,533 - DEBUG - Loaded collision time for BConcave+hConvex+3500 at IoU 0.3: nan
2025-07-26 12:43:21,533 - DEBUG - Loaded collision time for BConcave+hConvex+3500 at IoU 0.35: nan
2025-07-26 12:43:21,534 - DEBUG - Loaded collision time for BConcave+hConvex+3500 at IoU 0.4: nan
2025-07-26 12:43:21,535 - DEBUG - Loaded collision time for BConcave+hConvex+3500 at IoU 0.45: nan
2025-07-26 12:43:21,535 - DEBUG - Loaded collision time for BConcave+hConvex+3500 at IoU 0.5: nan
2025-07-26 12:43:21,536 - DEBUG - Loaded collision time for BConcave+hConvex+3500 at IoU 0.55: nan
2025-07-26 12:43:21,537 - DEBUG - Loaded collision time for BConcave+hConvex+3500 at IoU 0.6: nan
2025-07-26 12:43:21,537 - DEBUG - Loaded collision time for BConcave+hConvex+3500 at IoU 0.65: nan
2025-07-26 12:43:21,538 - DEBUG - Loaded collision time for BConcave+hConvex+3500 at IoU 0.7: nan
2025-07-26 12:43:21,539 - DEBUG - Loaded collision time for BConcave+hConvex+3500 at IoU 0.75: nan
2025-07-26 12:43:21,539 - DEBUG - Loaded collision time for BConcave+hConvex+3500 at IoU 0.8: nan
2025-07-26 12:43:21,540 - DEBUG - Loaded collision time for BConcave+hConvex+3500 at IoU 0.85: nan
2025-07-26 12:43:21,540 - DEBUG - Loaded collision time for BConcave+hConvex+3500 at IoU 0.9: nan
2025-07-26 12:43:21,541 - DEBUG - Loaded collision time for BConcave+hConvex+3500 at IoU 0.95: nan
2025-07-26 12:43:21,541 - INFO - Processing video: BConcave+hConvex+3700_flipped
2025-07-26 12:43:21,543 - INFO - Video BConcave+hConvex+3700_flipped already processed (found segformer_model-BConcave+hConvex+3700_flipped.mp4), skipping video processing...
2025-07-26 12:43:21,550 - INFO - VanillaSegmentationSaver initialized with output dir: /home/projects/bagon/andreyg/Projects/Object_reps_neural/Programming/hugging_face/model_experiments/segformer/exp2TTC_segformer-b3-finetuned-ade-512-512/processed_videos/segformer_model-BConcave+hConvex+3700_flipped/org_segmentation
2025-07-26 12:43:21,555 - INFO - All collision results already exist for BConcave+hConvex+3700_flipped
2025-07-26 12:43:21,556 - DEBUG - Loaded collision time for BConcave+hConvex+3700_flipped at IoU 0.05: 4050.0
2025-07-26 12:43:21,557 - DEBUG - Loaded collision time for BConcave+hConvex+3700_flipped at IoU 0.1: 4283.333333333333
2025-07-26 12:43:21,558 - DEBUG - Loaded collision time for BConcave+hConvex+3700_flipped at IoU 0.15: 4500.0
2025-07-26 12:43:21,559 - DEBUG - Loaded collision time for BConcave+hConvex+3700_flipped at IoU 0.2: 4750.0
2025-07-26 12:43:21,560 - DEBUG - Loaded collision time for BConcave+hConvex+3700_flipped at IoU 0.25: 4950.0
2025-07-26 12:43:21,561 - DEBUG - Loaded collision time for BConcave+hConvex+3700_flipped at IoU 0.3: nan
2025-07-26 12:43:21,562 - DEBUG - Loaded collision time for BConcave+hConvex+3700_flipped at IoU 0.35: nan
2025-07-26 12:43:21,563 - DEBUG - Loaded collision time for BConcave+hConvex+3700_flipped at IoU 0.4: nan
2025-07-26 12:43:21,564 - DEBUG - Loaded collision time for BConcave+hConvex+3700_flipped at IoU 0.45: nan
2025-07-26 12:43:21,564 - DEBUG - Loaded collision time for BConcave+hConvex+3700_flipped at IoU 0.5: nan
2025-07-26 12:43:21,565 - DEBUG - Loaded collision time for BConcave+hConvex+3700_flipped at IoU 0.55: nan
2025-07-26 12:43:21,566 - DEBUG - Loaded collision time for BConcave+hConvex+3700_flipped at IoU 0.6: nan
2025-07-26 12:43:21,567 - DEBUG - Loaded collision time for BConcave+hConvex+3700_flipped at IoU 0.65: nan
2025-07-26 12:43:21,568 - DEBUG - Loaded collision time for BConcave+hConvex+3700_flipped at IoU 0.7: nan
2025-07-26 12:43:21,569 - DEBUG - Loaded collision time for BConcave+hConvex+3700_flipped at IoU 0.75: nan
2025-07-26 12:43:21,570 - DEBUG - Loaded collision time for BConcave+hConvex+3700_flipped at IoU 0.8: nan
2025-07-26 12:43:21,570 - DEBUG - Loaded collision time for BConcave+hConvex+3700_flipped at IoU 0.85: nan
2025-07-26 12:43:21,571 - DEBUG - Loaded collision time for BConcave+hConvex+3700_flipped at IoU 0.9: nan
2025-07-26 12:43:21,572 - DEBUG - Loaded collision time for BConcave+hConvex+3700_flipped at IoU 0.95: nan
2025-07-26 12:43:21,572 - INFO - Processing video: BConcave+hConvex+3900
2025-07-26 12:43:21,573 - INFO - Video BConcave+hConvex+3900 already processed (found segformer_model-BConcave+hConvex+3900.mp4), skipping video processing...
2025-07-26 12:43:21,580 - INFO - VanillaSegmentationSaver initialized with output dir: /home/projects/bagon/andreyg/Projects/Object_reps_neural/Programming/hugging_face/model_experiments/segformer/exp2TTC_segformer-b3-finetuned-ade-512-512/processed_videos/segformer_model-BConcave+hConvex+3900/org_segmentation
2025-07-26 12:43:21,585 - INFO - All collision results already exist for BConcave+hConvex+3900
2025-07-26 12:43:21,586 - DEBUG - Loaded collision time for BConcave+hConvex+3900 at IoU 0.05: 4333.333333333333
2025-07-26 12:43:21,587 - DEBUG - Loaded collision time for BConcave+hConvex+3900 at IoU 0.1: 4583.333333333333
2025-07-26 12:43:21,587 - DEBUG - Loaded collision time for BConcave+hConvex+3900 at IoU 0.15: 4866.666666666666
2025-07-26 12:43:21,588 - DEBUG - Loaded collision time for BConcave+hConvex+3900 at IoU 0.2: 5000.0
2025-07-26 12:43:21,589 - DEBUG - Loaded collision time for BConcave+hConvex+3900 at IoU 0.25: nan
2025-07-26 12:43:21,590 - DEBUG - Loaded collision time for BConcave+hConvex+3900 at IoU 0.3: nan
2025-07-26 12:43:21,591 - DEBUG - Loaded collision time for BConcave+hConvex+3900 at IoU 0.35: nan
2025-07-26 12:43:21,592 - DEBUG - Loaded collision time for BConcave+hConvex+3900 at IoU 0.4: nan
2025-07-26 12:43:21,593 - DEBUG - Loaded collision time for BConcave+hConvex+3900 at IoU 0.45: nan
2025-07-26 12:43:21,594 - DEBUG - Loaded collision time for BConcave+hConvex+3900 at IoU 0.5: nan
2025-07-26 12:43:21,595 - DEBUG - Loaded collision time for BConcave+hConvex+3900 at IoU 0.55: nan
2025-07-26 12:43:21,596 - DEBUG - Loaded collision time for BConcave+hConvex+3900 at IoU 0.6: nan
2025-07-26 12:43:21,597 - DEBUG - Loaded collision time for BConcave+hConvex+3900 at IoU 0.65: nan
2025-07-26 12:43:21,597 - DEBUG - Loaded collision time for BConcave+hConvex+3900 at IoU 0.7: nan
2025-07-26 12:43:21,598 - DEBUG - Loaded collision time for BConcave+hConvex+3900 at IoU 0.75: nan
2025-07-26 12:43:21,599 - DEBUG - Loaded collision time for BConcave+hConvex+3900 at IoU 0.8: nan
2025-07-26 12:43:21,600 - DEBUG - Loaded collision time for BConcave+hConvex+3900 at IoU 0.85: nan
2025-07-26 12:43:21,601 - DEBUG - Loaded collision time for BConcave+hConvex+3900 at IoU 0.9: nan
2025-07-26 12:43:21,602 - DEBUG - Loaded collision time for BConcave+hConvex+3900 at IoU 0.95: nan
2025-07-26 12:43:21,602 - INFO - Processing video: BConcave+hConvex+4100_flipped
2025-07-26 12:43:21,603 - INFO - Video BConcave+hConvex+4100_flipped already processed (found segformer_model-BConcave+hConvex+4100_flipped.mp4), skipping video processing...
2025-07-26 12:43:21,611 - INFO - VanillaSegmentationSaver initialized with output dir: /home/projects/bagon/andreyg/Projects/Object_reps_neural/Programming/hugging_face/model_experiments/segformer/exp2TTC_segformer-b3-finetuned-ade-512-512/processed_videos/segformer_model-BConcave+hConvex+4100_flipped/org_segmentation
2025-07-26 12:43:21,615 - INFO - All collision results already exist for BConcave+hConvex+4100_flipped
2025-07-26 12:43:21,616 - DEBUG - Loaded collision time for BConcave+hConvex+4100_flipped at IoU 0.05: 5166.666666666667
2025-07-26 12:43:21,617 - DEBUG - Loaded collision time for BConcave+hConvex+4100_flipped at IoU 0.1: 5266.666666666667
2025-07-26 12:43:21,617 - DEBUG - Loaded collision time for BConcave+hConvex+4100_flipped at IoU 0.15: 5416.666666666667
2025-07-26 12:43:21,618 - DEBUG - Loaded collision time for BConcave+hConvex+4100_flipped at IoU 0.2: nan
2025-07-26 12:43:21,619 - DEBUG - Loaded collision time for BConcave+hConvex+4100_flipped at IoU 0.25: nan
2025-07-26 12:43:21,619 - DEBUG - Loaded collision time for BConcave+hConvex+4100_flipped at IoU 0.3: nan
2025-07-26 12:43:21,620 - DEBUG - Loaded collision time for BConcave+hConvex+4100_flipped at IoU 0.35: nan
2025-07-26 12:43:21,621 - DEBUG - Loaded collision time for BConcave+hConvex+4100_flipped at IoU 0.4: nan
2025-07-26 12:43:21,622 - DEBUG - Loaded collision time for BConcave+hConvex+4100_flipped at IoU 0.45: nan
2025-07-26 12:43:21,622 - DEBUG - Loaded collision time for BConcave+hConvex+4100_flipped at IoU 0.5: nan
2025-07-26 12:43:21,623 - DEBUG - Loaded collision time for BConcave+hConvex+4100_flipped at IoU 0.55: nan
2025-07-26 12:43:21,624 - DEBUG - Loaded collision time for BConcave+hConvex+4100_flipped at IoU 0.6: nan
2025-07-26 12:43:21,625 - DEBUG - Loaded collision time for BConcave+hConvex+4100_flipped at IoU 0.65: nan
2025-07-26 12:43:21,626 - DEBUG - Loaded collision time for BConcave+hConvex+4100_flipped at IoU 0.7: nan
2025-07-26 12:43:21,626 - DEBUG - Loaded collision time for BConcave+hConvex+4100_flipped at IoU 0.75: nan
2025-07-26 12:43:21,627 - DEBUG - Loaded collision time for BConcave+hConvex+4100_flipped at IoU 0.8: nan
2025-07-26 12:43:21,628 - DEBUG - Loaded collision time for BConcave+hConvex+4100_flipped at IoU 0.85: nan
2025-07-26 12:43:21,628 - DEBUG - Loaded collision time for BConcave+hConvex+4100_flipped at IoU 0.9: nan
2025-07-26 12:43:21,629 - DEBUG - Loaded collision time for BConcave+hConvex+4100_flipped at IoU 0.95: nan
2025-07-26 12:43:21,629 - INFO - Processing video: BConcave+hConvex+4300
2025-07-26 12:43:21,631 - INFO - Video BConcave+hConvex+4300 already processed (found segformer_model-BConcave+hConvex+4300.mp4), skipping video processing...
2025-07-26 12:43:21,637 - INFO - VanillaSegmentationSaver initialized with output dir: /home/projects/bagon/andreyg/Projects/Object_reps_neural/Programming/hugging_face/model_experiments/segformer/exp2TTC_segformer-b3-finetuned-ade-512-512/processed_videos/segformer_model-BConcave+hConvex+4300/org_segmentation
2025-07-26 12:43:21,642 - INFO - All collision results already exist for BConcave+hConvex+4300
2025-07-26 12:43:21,642 - DEBUG - Loaded collision time for BConcave+hConvex+4300 at IoU 0.05: 5033.333333333333
2025-07-26 12:43:21,643 - DEBUG - Loaded collision time for BConcave+hConvex+4300 at IoU 0.1: 5266.666666666667
2025-07-26 12:43:21,644 - DEBUG - Loaded collision time for BConcave+hConvex+4300 at IoU 0.15: 5266.666666666667
2025-07-26 12:43:21,645 - DEBUG - Loaded collision time for BConcave+hConvex+4300 at IoU 0.2: nan
2025-07-26 12:43:21,645 - DEBUG - Loaded collision time for BConcave+hConvex+4300 at IoU 0.25: nan
2025-07-26 12:43:21,646 - DEBUG - Loaded collision time for BConcave+hConvex+4300 at IoU 0.3: nan
2025-07-26 12:43:21,647 - DEBUG - Loaded collision time for BConcave+hConvex+4300 at IoU 0.35: nan
2025-07-26 12:43:21,648 - DEBUG - Loaded collision time for BConcave+hConvex+4300 at IoU 0.4: nan
2025-07-26 12:43:21,648 - DEBUG - Loaded collision time for BConcave+hConvex+4300 at IoU 0.45: nan
2025-07-26 12:43:21,649 - DEBUG - Loaded collision time for BConcave+hConvex+4300 at IoU 0.5: nan
2025-07-26 12:43:21,651 - DEBUG - Loaded collision time for BConcave+hConvex+4300 at IoU 0.55: nan
2025-07-26 12:43:21,652 - DEBUG - Loaded collision time for BConcave+hConvex+4300 at IoU 0.6: nan
2025-07-26 12:43:21,652 - DEBUG - Loaded collision time for BConcave+hConvex+4300 at IoU 0.65: nan
2025-07-26 12:43:21,653 - DEBUG - Loaded collision time for BConcave+hConvex+4300 at IoU 0.7: nan
2025-07-26 12:43:21,654 - DEBUG - Loaded collision time for BConcave+hConvex+4300 at IoU 0.75: nan
2025-07-26 12:43:21,655 - DEBUG - Loaded collision time for BConcave+hConvex+4300 at IoU 0.8: nan
2025-07-26 12:43:21,655 - DEBUG - Loaded collision time for BConcave+hConvex+4300 at IoU 0.85: nan
2025-07-26 12:43:21,656 - DEBUG - Loaded collision time for BConcave+hConvex+4300 at IoU 0.9: nan
2025-07-26 12:43:21,657 - DEBUG - Loaded collision time for BConcave+hConvex+4300 at IoU 0.95: nan
2025-07-26 12:43:21,657 - INFO - Processing video: BConcave+hConvex+4500_flipped
2025-07-26 12:43:21,658 - INFO - Video BConcave+hConvex+4500_flipped already processed (found segformer_model-BConcave+hConvex+4500_flipped.mp4), skipping video processing...
2025-07-26 12:43:21,665 - INFO - VanillaSegmentationSaver initialized with output dir: /home/projects/bagon/andreyg/Projects/Object_reps_neural/Programming/hugging_face/model_experiments/segformer/exp2TTC_segformer-b3-finetuned-ade-512-512/processed_videos/segformer_model-BConcave+hConvex+4500_flipped/org_segmentation
2025-07-26 12:43:21,669 - INFO - All collision results already exist for BConcave+hConvex+4500_flipped
2025-07-26 12:43:21,670 - DEBUG - Loaded collision time for BConcave+hConvex+4500_flipped at IoU 0.05: 5400.0
2025-07-26 12:43:21,670 - DEBUG - Loaded collision time for BConcave+hConvex+4500_flipped at IoU 0.1: nan
2025-07-26 12:43:21,671 - DEBUG - Loaded collision time for BConcave+hConvex+4500_flipped at IoU 0.15: nan
2025-07-26 12:43:21,672 - DEBUG - Loaded collision time for BConcave+hConvex+4500_flipped at IoU 0.2: nan
2025-07-26 12:43:21,672 - DEBUG - Loaded collision time for BConcave+hConvex+4500_flipped at IoU 0.25: nan
2025-07-26 12:43:21,673 - DEBUG - Loaded collision time for BConcave+hConvex+4500_flipped at IoU 0.3: nan
2025-07-26 12:43:21,674 - DEBUG - Loaded collision time for BConcave+hConvex+4500_flipped at IoU 0.35: nan
2025-07-26 12:43:21,675 - DEBUG - Loaded collision time for BConcave+hConvex+4500_flipped at IoU 0.4: nan
2025-07-26 12:43:21,675 - DEBUG - Loaded collision time for BConcave+hConvex+4500_flipped at IoU 0.45: nan
2025-07-26 12:43:21,676 - DEBUG - Loaded collision time for BConcave+hConvex+4500_flipped at IoU 0.5: nan
2025-07-26 12:43:21,677 - DEBUG - Loaded collision time for BConcave+hConvex+4500_flipped at IoU 0.55: nan
2025-07-26 12:43:21,677 - DEBUG - Loaded collision time for BConcave+hConvex+4500_flipped at IoU 0.6: nan
2025-07-26 12:43:21,678 - DEBUG - Loaded collision time for BConcave+hConvex+4500_flipped at IoU 0.65: nan
2025-07-26 12:43:21,679 - DEBUG - Loaded collision time for BConcave+hConvex+4500_flipped at IoU 0.7: nan
2025-07-26 12:43:21,679 - DEBUG - Loaded collision time for BConcave+hConvex+4500_flipped at IoU 0.75: nan
2025-07-26 12:43:21,680 - DEBUG - Loaded collision time for BConcave+hConvex+4500_flipped at IoU 0.8: nan
2025-07-26 12:43:21,681 - DEBUG - Loaded collision time for BConcave+hConvex+4500_flipped at IoU 0.85: nan
2025-07-26 12:43:21,682 - DEBUG - Loaded collision time for BConcave+hConvex+4500_flipped at IoU 0.9: nan
2025-07-26 12:43:21,682 - DEBUG - Loaded collision time for BConcave+hConvex+4500_flipped at IoU 0.95: nan
2025-07-26 12:43:21,682 - INFO - Processing video: squareA+squareP+4433+L
2025-07-26 12:43:21,683 - INFO - Video squareA+squareP+4433+L already processed (found segformer_model-squareA+squareP+4433+L.mp4), skipping video processing...
2025-07-26 12:43:21,690 - INFO - VanillaSegmentationSaver initialized with output dir: /home/projects/bagon/andreyg/Projects/Object_reps_neural/Programming/hugging_face/model_experiments/segformer/exp2TTC_segformer-b3-finetuned-ade-512-512/processed_videos/segformer_model-squareA+squareP+4433+L/org_segmentation
2025-07-26 12:43:21,694 - INFO - All collision results already exist for squareA+squareP+4433+L
2025-07-26 12:43:21,695 - DEBUG - Loaded collision time for squareA+squareP+4433+L at IoU 0.05: 1583.3333333333333
2025-07-26 12:43:21,696 - DEBUG - Loaded collision time for squareA+squareP+4433+L at IoU 0.1: 1583.3333333333333
2025-07-26 12:43:21,697 - DEBUG - Loaded collision time for squareA+squareP+4433+L at IoU 0.15: 1583.3333333333333
2025-07-26 12:43:21,698 - DEBUG - Loaded collision time for squareA+squareP+4433+L at IoU 0.2: 1583.3333333333333
2025-07-26 12:43:21,698 - DEBUG - Loaded collision time for squareA+squareP+4433+L at IoU 0.25: 1583.3333333333333
2025-07-26 12:43:21,699 - DEBUG - Loaded collision time for squareA+squareP+4433+L at IoU 0.3: 1583.3333333333333
2025-07-26 12:43:21,700 - DEBUG - Loaded collision time for squareA+squareP+4433+L at IoU 0.35: 1583.3333333333333
2025-07-26 12:43:21,701 - DEBUG - Loaded collision time for squareA+squareP+4433+L at IoU 0.4: 1583.3333333333333
2025-07-26 12:43:21,702 - DEBUG - Loaded collision time for squareA+squareP+4433+L at IoU 0.45: 1583.3333333333333
2025-07-26 12:43:21,703 - DEBUG - Loaded collision time for squareA+squareP+4433+L at IoU 0.5: 1583.3333333333333
2025-07-26 12:43:21,704 - DEBUG - Loaded collision time for squareA+squareP+4433+L at IoU 0.55: 1583.3333333333333
2025-07-26 12:43:21,704 - DEBUG - Loaded collision time for squareA+squareP+4433+L at IoU 0.6: 1583.3333333333333
2025-07-26 12:43:21,705 - DEBUG - Loaded collision time for squareA+squareP+4433+L at IoU 0.65: 1583.3333333333333
2025-07-26 12:43:21,706 - DEBUG - Loaded collision time for squareA+squareP+4433+L at IoU 0.7: 1583.3333333333333
2025-07-26 12:43:21,707 - DEBUG - Loaded collision time for squareA+squareP+4433+L at IoU 0.75: 1583.3333333333333
2025-07-26 12:43:21,708 - DEBUG - Loaded collision time for squareA+squareP+4433+L at IoU 0.8: 1583.3333333333333
2025-07-26 12:43:21,709 - DEBUG - Loaded collision time for squareA+squareP+4433+L at IoU 0.85: 1583.3333333333333
2025-07-26 12:43:21,710 - DEBUG - Loaded collision time for squareA+squareP+4433+L at IoU 0.9: 1583.3333333333333
2025-07-26 12:43:21,711 - DEBUG - Loaded collision time for squareA+squareP+4433+L at IoU 0.95: 1583.3333333333333
2025-07-26 12:43:21,711 - INFO - Processing video: squareA+squareP+4433+R_flipped
2025-07-26 12:43:21,712 - INFO - Video squareA+squareP+4433+R_flipped already processed (found segformer_model-squareA+squareP+4433+R_flipped.mp4), skipping video processing...
2025-07-26 12:43:21,720 - INFO - VanillaSegmentationSaver initialized with output dir: /home/projects/bagon/andreyg/Projects/Object_reps_neural/Programming/hugging_face/model_experiments/segformer/exp2TTC_segformer-b3-finetuned-ade-512-512/processed_videos/segformer_model-squareA+squareP+4433+R_flipped/org_segmentation
2025-07-26 12:43:21,725 - INFO - All collision results already exist for squareA+squareP+4433+R_flipped
2025-07-26 12:43:21,726 - DEBUG - Loaded collision time for squareA+squareP+4433+R_flipped at IoU 0.05: 4516.666666666667
2025-07-26 12:43:21,727 - DEBUG - Loaded collision time for squareA+squareP+4433+R_flipped at IoU 0.1: 4616.666666666666
2025-07-26 12:43:21,728 - DEBUG - Loaded collision time for squareA+squareP+4433+R_flipped at IoU 0.15: 4683.333333333334
2025-07-26 12:43:21,729 - DEBUG - Loaded collision time for squareA+squareP+4433+R_flipped at IoU 0.2: 4733.333333333333
2025-07-26 12:43:21,730 - DEBUG - Loaded collision time for squareA+squareP+4433+R_flipped at IoU 0.25: 4800.0
2025-07-26 12:43:21,730 - DEBUG - Loaded collision time for squareA+squareP+4433+R_flipped at IoU 0.3: 4883.333333333334
2025-07-26 12:43:21,732 - DEBUG - Loaded collision time for squareA+squareP+4433+R_flipped at IoU 0.35: 4916.666666666667
2025-07-26 12:43:21,733 - DEBUG - Loaded collision time for squareA+squareP+4433+R_flipped at IoU 0.4: 4966.666666666667
2025-07-26 12:43:21,733 - DEBUG - Loaded collision time for squareA+squareP+4433+R_flipped at IoU 0.45: 5033.333333333333
2025-07-26 12:43:21,734 - DEBUG - Loaded collision time for squareA+squareP+4433+R_flipped at IoU 0.5: 5066.666666666666
2025-07-26 12:43:21,735 - DEBUG - Loaded collision time for squareA+squareP+4433+R_flipped at IoU 0.55: 5100.0
2025-07-26 12:43:21,736 - DEBUG - Loaded collision time for squareA+squareP+4433+R_flipped at IoU 0.6: 5133.333333333334
2025-07-26 12:43:21,737 - DEBUG - Loaded collision time for squareA+squareP+4433+R_flipped at IoU 0.65: 5183.333333333334
2025-07-26 12:43:21,738 - DEBUG - Loaded collision time for squareA+squareP+4433+R_flipped at IoU 0.7: 5216.666666666667
2025-07-26 12:43:21,739 - DEBUG - Loaded collision time for squareA+squareP+4433+R_flipped at IoU 0.75: 5233.333333333333
2025-07-26 12:43:21,739 - DEBUG - Loaded collision time for squareA+squareP+4433+R_flipped at IoU 0.8: 5266.666666666667
2025-07-26 12:43:21,740 - DEBUG - Loaded collision time for squareA+squareP+4433+R_flipped at IoU 0.85: nan
2025-07-26 12:43:21,741 - DEBUG - Loaded collision time for squareA+squareP+4433+R_flipped at IoU 0.9: nan
2025-07-26 12:43:21,742 - DEBUG - Loaded collision time for squareA+squareP+4433+R_flipped at IoU 0.95: nan
2025-07-26 12:43:21,743 - INFO - Collecting collision data from all videos for analysis...
2025-07-26 12:43:21,743 - DEBUG - Collected collision time for AConcave_FConcave at IoU 0.05: 4016.6666666666665
2025-07-26 12:43:21,744 - DEBUG - Collected collision time for AConcave_FConcave at IoU 0.1: 4016.6666666666665
2025-07-26 12:43:21,744 - DEBUG - Collected collision time for AConcave_FConcave at IoU 0.15: 4016.6666666666665
2025-07-26 12:43:21,745 - DEBUG - Collected collision time for AConcave_FConcave at IoU 0.2: nan
2025-07-26 12:43:21,745 - DEBUG - Collected collision time for AConcave_FConcave at IoU 0.25: nan
2025-07-26 12:43:21,746 - DEBUG - Collected collision time for AConcave_FConcave at IoU 0.3: nan
2025-07-26 12:43:21,746 - DEBUG - Collected collision time for AConcave_FConcave at IoU 0.35: nan
2025-07-26 12:43:21,746 - DEBUG - Collected collision time for AConcave_FConcave at IoU 0.4: nan
2025-07-26 12:43:21,746 - DEBUG - Collected collision time for AConcave_FConcave at IoU 0.45: nan
2025-07-26 12:43:21,747 - DEBUG - Collected collision time for AConcave_FConcave at IoU 0.5: nan
2025-07-26 12:43:21,747 - DEBUG - Collected collision time for AConcave_FConcave at IoU 0.55: nan
2025-07-26 12:43:21,747 - DEBUG - Collected collision time for AConcave_FConcave at IoU 0.6: nan
2025-07-26 12:43:21,747 - DEBUG - Collected collision time for AConcave_FConcave at IoU 0.65: nan
2025-07-26 12:43:21,748 - DEBUG - Collected collision time for AConcave_FConcave at IoU 0.7: nan
2025-07-26 12:43:21,748 - DEBUG - Collected collision time for AConcave_FConcave at IoU 0.75: nan
2025-07-26 12:43:21,748 - DEBUG - Collected collision time for AConcave_FConcave at IoU 0.8: nan
2025-07-26 12:43:21,749 - DEBUG - Collected collision time for AConcave_FConcave at IoU 0.85: nan
2025-07-26 12:43:21,749 - DEBUG - Collected collision time for AConcave_FConcave at IoU 0.9: nan
2025-07-26 12:43:21,750 - DEBUG - Collected collision time for AConcave_FConcave at IoU 0.95: nan
2025-07-26 12:43:21,750 - DEBUG - Collected collision time for BConcave+AConcave+3500 at IoU 0.05: nan
2025-07-26 12:43:21,750 - DEBUG - Collected collision time for BConcave+AConcave+3500 at IoU 0.1: nan
2025-07-26 12:43:21,750 - DEBUG - Collected collision time for BConcave+AConcave+3500 at IoU 0.15: nan
2025-07-26 12:43:21,751 - DEBUG - Collected collision time for BConcave+AConcave+3500 at IoU 0.2: nan
2025-07-26 12:43:21,751 - DEBUG - Collected collision time for BConcave+AConcave+3500 at IoU 0.25: nan
2025-07-26 12:43:21,752 - DEBUG - Collected collision time for BConcave+AConcave+3500 at IoU 0.3: nan
2025-07-26 12:43:21,752 - DEBUG - Collected collision time for BConcave+AConcave+3500 at IoU 0.35: nan
2025-07-26 12:43:21,753 - DEBUG - Collected collision time for BConcave+AConcave+3500 at IoU 0.4: nan
2025-07-26 12:43:21,753 - DEBUG - Collected collision time for BConcave+AConcave+3500 at IoU 0.45: nan
2025-07-26 12:43:21,753 - DEBUG - Collected collision time for BConcave+AConcave+3500 at IoU 0.5: nan
2025-07-26 12:43:21,753 - DEBUG - Collected collision time for BConcave+AConcave+3500 at IoU 0.55: nan
2025-07-26 12:43:21,753 - DEBUG - Collected collision time for BConcave+AConcave+3500 at IoU 0.6: nan
2025-07-26 12:43:21,754 - DEBUG - Collected collision time for BConcave+AConcave+3500 at IoU 0.65: nan
2025-07-26 12:43:21,754 - DEBUG - Collected collision time for BConcave+AConcave+3500 at IoU 0.7: nan
2025-07-26 12:43:21,754 - DEBUG - Collected collision time for BConcave+AConcave+3500 at IoU 0.75: nan
2025-07-26 12:43:21,754 - DEBUG - Collected collision time for BConcave+AConcave+3500 at IoU 0.8: nan
2025-07-26 12:43:21,755 - DEBUG - Collected collision time for BConcave+AConcave+3500 at IoU 0.85: nan
2025-07-26 12:43:21,755 - DEBUG - Collected collision time for BConcave+AConcave+3500 at IoU 0.9: nan
2025-07-26 12:43:21,756 - DEBUG - Collected collision time for BConcave+AConcave+3500 at IoU 0.95: nan
2025-07-26 12:43:21,756 - DEBUG - Collected collision time for BConcave+AConcave+3700_flipped at IoU 0.05: nan
2025-07-26 12:43:21,756 - DEBUG - Collected collision time for BConcave+AConcave+3700_flipped at IoU 0.1: nan
2025-07-26 12:43:21,756 - DEBUG - Collected collision time for BConcave+AConcave+3700_flipped at IoU 0.15: nan
2025-07-26 12:43:21,757 - DEBUG - Collected collision time for BConcave+AConcave+3700_flipped at IoU 0.2: nan
2025-07-26 12:43:21,757 - DEBUG - Collected collision time for BConcave+AConcave+3700_flipped at IoU 0.25: nan
2025-07-26 12:43:21,757 - DEBUG - Collected collision time for BConcave+AConcave+3700_flipped at IoU 0.3: nan
2025-07-26 12:43:21,758 - DEBUG - Collected collision time for BConcave+AConcave+3700_flipped at IoU 0.35: nan
2025-07-26 12:43:21,758 - DEBUG - Collected collision time for BConcave+AConcave+3700_flipped at IoU 0.4: nan
2025-07-26 12:43:21,759 - DEBUG - Collected collision time for BConcave+AConcave+3700_flipped at IoU 0.45: nan
2025-07-26 12:43:21,759 - DEBUG - Collected collision time for BConcave+AConcave+3700_flipped at IoU 0.5: nan
2025-07-26 12:43:21,759 - DEBUG - Collected collision time for BConcave+AConcave+3700_flipped at IoU 0.55: nan
2025-07-26 12:43:21,760 - DEBUG - Collected collision time for BConcave+AConcave+3700_flipped at IoU 0.6: nan
2025-07-26 12:43:21,760 - DEBUG - Collected collision time for BConcave+AConcave+3700_flipped at IoU 0.65: nan
2025-07-26 12:43:21,760 - DEBUG - Collected collision time for BConcave+AConcave+3700_flipped at IoU 0.7: nan
2025-07-26 12:43:21,760 - DEBUG - Collected collision time for BConcave+AConcave+3700_flipped at IoU 0.75: nan
2025-07-26 12:43:21,761 - DEBUG - Collected collision time for BConcave+AConcave+3700_flipped at IoU 0.8: nan
2025-07-26 12:43:21,761 - DEBUG - Collected collision time for BConcave+AConcave+3700_flipped at IoU 0.85: nan
2025-07-26 12:43:21,762 - DEBUG - Collected collision time for BConcave+AConcave+3700_flipped at IoU 0.9: nan
2025-07-26 12:43:21,762 - DEBUG - Collected collision time for BConcave+AConcave+3700_flipped at IoU 0.95: nan
2025-07-26 12:43:21,762 - DEBUG - Collected collision time for BConcave+AConcave+3900 at IoU 0.05: 4133.333333333334
2025-07-26 12:43:21,763 - DEBUG - Collected collision time for BConcave+AConcave+3900 at IoU 0.1: 4216.666666666667
2025-07-26 12:43:21,763 - DEBUG - Collected collision time for BConcave+AConcave+3900 at IoU 0.15: 4283.333333333333
2025-07-26 12:43:21,763 - DEBUG - Collected collision time for BConcave+AConcave+3900 at IoU 0.2: 4350.0
2025-07-26 12:43:21,764 - DEBUG - Collected collision time for BConcave+AConcave+3900 at IoU 0.25: 4450.0
2025-07-26 12:43:21,764 - DEBUG - Collected collision time for BConcave+AConcave+3900 at IoU 0.3: 4500.0
2025-07-26 12:43:21,765 - DEBUG - Collected collision time for BConcave+AConcave+3900 at IoU 0.35: nan
2025-07-26 12:43:21,765 - DEBUG - Collected collision time for BConcave+AConcave+3900 at IoU 0.4: nan
2025-07-26 12:43:21,765 - DEBUG - Collected collision time for BConcave+AConcave+3900 at IoU 0.45: nan
2025-07-26 12:43:21,765 - DEBUG - Collected collision time for BConcave+AConcave+3900 at IoU 0.5: nan
2025-07-26 12:43:21,766 - DEBUG - Collected collision time for BConcave+AConcave+3900 at IoU 0.55: nan
2025-07-26 12:43:21,766 - DEBUG - Collected collision time for BConcave+AConcave+3900 at IoU 0.6: nan
2025-07-26 12:43:21,767 - DEBUG - Collected collision time for BConcave+AConcave+3900 at IoU 0.65: nan
2025-07-26 12:43:21,767 - DEBUG - Collected collision time for BConcave+AConcave+3900 at IoU 0.7: nan
2025-07-26 12:43:21,768 - DEBUG - Collected collision time for BConcave+AConcave+3900 at IoU 0.75: nan
2025-07-26 12:43:21,768 - DEBUG - Collected collision time for BConcave+AConcave+3900 at IoU 0.8: nan
2025-07-26 12:43:21,768 - DEBUG - Collected collision time for BConcave+AConcave+3900 at IoU 0.85: nan
2025-07-26 12:43:21,769 - DEBUG - Collected collision time for BConcave+AConcave+3900 at IoU 0.9: nan
2025-07-26 12:43:21,769 - DEBUG - Collected collision time for BConcave+AConcave+3900 at IoU 0.95: nan
2025-07-26 12:43:21,769 - DEBUG - Collected collision time for BConcave+AConcave+4100_flipped at IoU 0.05: 4333.333333333333
2025-07-26 12:43:21,769 - DEBUG - Collected collision time for BConcave+AConcave+4100_flipped at IoU 0.1: 4416.666666666667
2025-07-26 12:43:21,770 - DEBUG - Collected collision time for BConcave+AConcave+4100_flipped at IoU 0.15: 4500.0
2025-07-26 12:43:21,770 - DEBUG - Collected collision time for BConcave+AConcave+4100_flipped at IoU 0.2: 4566.666666666666
2025-07-26 12:43:21,771 - DEBUG - Collected collision time for BConcave+AConcave+4100_flipped at IoU 0.25: 4633.333333333334
2025-07-26 12:43:21,771 - DEBUG - Collected collision time for BConcave+AConcave+4100_flipped at IoU 0.3: 4716.666666666667
2025-07-26 12:43:21,771 - DEBUG - Collected collision time for BConcave+AConcave+4100_flipped at IoU 0.35: nan
2025-07-26 12:43:21,772 - DEBUG - Collected collision time for BConcave+AConcave+4100_flipped at IoU 0.4: nan
2025-07-26 12:43:21,772 - DEBUG - Collected collision time for BConcave+AConcave+4100_flipped at IoU 0.45: nan
2025-07-26 12:43:21,772 - DEBUG - Collected collision time for BConcave+AConcave+4100_flipped at IoU 0.5: nan
2025-07-26 12:43:21,772 - DEBUG - Collected collision time for BConcave+AConcave+4100_flipped at IoU 0.55: nan
2025-07-26 12:43:21,773 - DEBUG - Collected collision time for BConcave+AConcave+4100_flipped at IoU 0.6: nan
2025-07-26 12:43:21,773 - DEBUG - Collected collision time for BConcave+AConcave+4100_flipped at IoU 0.65: nan
2025-07-26 12:43:21,773 - DEBUG - Collected collision time for BConcave+AConcave+4100_flipped at IoU 0.7: nan
2025-07-26 12:43:21,773 - DEBUG - Collected collision time for BConcave+AConcave+4100_flipped at IoU 0.75: nan
2025-07-26 12:43:21,774 - DEBUG - Collected collision time for BConcave+AConcave+4100_flipped at IoU 0.8: nan
2025-07-26 12:43:21,774 - DEBUG - Collected collision time for BConcave+AConcave+4100_flipped at IoU 0.85: nan
2025-07-26 12:43:21,774 - DEBUG - Collected collision time for BConcave+AConcave+4100_flipped at IoU 0.9: nan
2025-07-26 12:43:21,775 - DEBUG - Collected collision time for BConcave+AConcave+4100_flipped at IoU 0.95: nan
2025-07-26 12:43:21,775 - DEBUG - Collected collision time for BConcave+AConcave+4300 at IoU 0.05: 4500.0
2025-07-26 12:43:21,775 - DEBUG - Collected collision time for BConcave+AConcave+4300 at IoU 0.1: 4583.333333333333
2025-07-26 12:43:21,776 - DEBUG - Collected collision time for BConcave+AConcave+4300 at IoU 0.15: 4666.666666666667
2025-07-26 12:43:21,776 - DEBUG - Collected collision time for BConcave+AConcave+4300 at IoU 0.2: 4733.333333333333
2025-07-26 12:43:21,776 - DEBUG - Collected collision time for BConcave+AConcave+4300 at IoU 0.25: 4800.0
2025-07-26 12:43:21,777 - DEBUG - Collected collision time for BConcave+AConcave+4300 at IoU 0.3: 4866.666666666666
2025-07-26 12:43:21,777 - DEBUG - Collected collision time for BConcave+AConcave+4300 at IoU 0.35: nan
2025-07-26 12:43:21,778 - DEBUG - Collected collision time for BConcave+AConcave+4300 at IoU 0.4: nan
2025-07-26 12:43:21,778 - DEBUG - Collected collision time for BConcave+AConcave+4300 at IoU 0.45: nan
2025-07-26 12:43:21,779 - DEBUG - Collected collision time for BConcave+AConcave+4300 at IoU 0.5: nan
2025-07-26 12:43:21,779 - DEBUG - Collected collision time for BConcave+AConcave+4300 at IoU 0.55: nan
2025-07-26 12:43:21,779 - DEBUG - Collected collision time for BConcave+AConcave+4300 at IoU 0.6: nan
2025-07-26 12:43:21,779 - DEBUG - Collected collision time for BConcave+AConcave+4300 at IoU 0.65: nan
2025-07-26 12:43:21,780 - DEBUG - Collected collision time for BConcave+AConcave+4300 at IoU 0.7: nan
2025-07-26 12:43:21,780 - DEBUG - Collected collision time for BConcave+AConcave+4300 at IoU 0.75: nan
2025-07-26 12:43:21,781 - DEBUG - Collected collision time for BConcave+AConcave+4300 at IoU 0.8: nan
2025-07-26 12:43:21,781 - DEBUG - Collected collision time for BConcave+AConcave+4300 at IoU 0.85: nan
2025-07-26 12:43:21,782 - DEBUG - Collected collision time for BConcave+AConcave+4300 at IoU 0.9: nan
2025-07-26 12:43:21,782 - DEBUG - Collected collision time for BConcave+AConcave+4300 at IoU 0.95: nan
2025-07-26 12:43:21,782 - DEBUG - Collected collision time for BConcave+AConcave+4500_flipped at IoU 0.05: nan
2025-07-26 12:43:21,782 - DEBUG - Collected collision time for BConcave+AConcave+4500_flipped at IoU 0.1: nan
2025-07-26 12:43:21,782 - DEBUG - Collected collision time for BConcave+AConcave+4500_flipped at IoU 0.15: nan
2025-07-26 12:43:21,783 - DEBUG - Collected collision time for BConcave+AConcave+4500_flipped at IoU 0.2: nan
2025-07-26 12:43:21,783 - DEBUG - Collected collision time for BConcave+AConcave+4500_flipped at IoU 0.25: nan
2025-07-26 12:43:21,783 - DEBUG - Collected collision time for BConcave+AConcave+4500_flipped at IoU 0.3: nan
2025-07-26 12:43:21,784 - DEBUG - Collected collision time for BConcave+AConcave+4500_flipped at IoU 0.35: nan
2025-07-26 12:43:21,784 - DEBUG - Collected collision time for BConcave+AConcave+4500_flipped at IoU 0.4: nan
2025-07-26 12:43:21,785 - DEBUG - Collected collision time for BConcave+AConcave+4500_flipped at IoU 0.45: nan
2025-07-26 12:43:21,785 - DEBUG - Collected collision time for BConcave+AConcave+4500_flipped at IoU 0.5: nan
2025-07-26 12:43:21,785 - DEBUG - Collected collision time for BConcave+AConcave+4500_flipped at IoU 0.55: nan
2025-07-26 12:43:21,786 - DEBUG - Collected collision time for BConcave+AConcave+4500_flipped at IoU 0.6: nan
2025-07-26 12:43:21,786 - DEBUG - Collected collision time for BConcave+AConcave+4500_flipped at IoU 0.65: nan
2025-07-26 12:43:21,787 - DEBUG - Collected collision time for BConcave+AConcave+4500_flipped at IoU 0.7: nan
2025-07-26 12:43:21,787 - DEBUG - Collected collision time for BConcave+AConcave+4500_flipped at IoU 0.75: nan
2025-07-26 12:43:21,787 - DEBUG - Collected collision time for BConcave+AConcave+4500_flipped at IoU 0.8: nan
2025-07-26 12:43:21,787 - DEBUG - Collected collision time for BConcave+AConcave+4500_flipped at IoU 0.85: nan
2025-07-26 12:43:21,788 - DEBUG - Collected collision time for BConcave+AConcave+4500_flipped at IoU 0.9: nan
2025-07-26 12:43:21,788 - DEBUG - Collected collision time for BConcave+AConcave+4500_flipped at IoU 0.95: nan
2025-07-26 12:43:21,788 - DEBUG - Collected collision time for BConcave+AConvex+3500_flipped at IoU 0.05: 3883.3333333333335
2025-07-26 12:43:21,789 - DEBUG - Collected collision time for BConcave+AConvex+3500_flipped at IoU 0.1: 4066.6666666666665
2025-07-26 12:43:21,789 - DEBUG - Collected collision time for BConcave+AConvex+3500_flipped at IoU 0.15: 4316.666666666666
2025-07-26 12:43:21,790 - DEBUG - Collected collision time for BConcave+AConvex+3500_flipped at IoU 0.2: nan
2025-07-26 12:43:21,790 - DEBUG - Collected collision time for BConcave+AConvex+3500_flipped at IoU 0.25: nan
2025-07-26 12:43:21,790 - DEBUG - Collected collision time for BConcave+AConvex+3500_flipped at IoU 0.3: nan
2025-07-26 12:43:21,790 - DEBUG - Collected collision time for BConcave+AConvex+3500_flipped at IoU 0.35: nan
2025-07-26 12:43:21,791 - DEBUG - Collected collision time for BConcave+AConvex+3500_flipped at IoU 0.4: nan
2025-07-26 12:43:21,791 - DEBUG - Collected collision time for BConcave+AConvex+3500_flipped at IoU 0.45: nan
2025-07-26 12:43:21,792 - DEBUG - Collected collision time for BConcave+AConvex+3500_flipped at IoU 0.5: nan
2025-07-26 12:43:21,792 - DEBUG - Collected collision time for BConcave+AConvex+3500_flipped at IoU 0.55: nan
2025-07-26 12:43:21,792 - DEBUG - Collected collision time for BConcave+AConvex+3500_flipped at IoU 0.6: nan
2025-07-26 12:43:21,792 - DEBUG - Collected collision time for BConcave+AConvex+3500_flipped at IoU 0.65: nan
2025-07-26 12:43:21,793 - DEBUG - Collected collision time for BConcave+AConvex+3500_flipped at IoU 0.7: nan
2025-07-26 12:43:21,793 - DEBUG - Collected collision time for BConcave+AConvex+3500_flipped at IoU 0.75: nan
2025-07-26 12:43:21,793 - DEBUG - Collected collision time for BConcave+AConvex+3500_flipped at IoU 0.8: nan
2025-07-26 12:43:21,793 - DEBUG - Collected collision time for BConcave+AConvex+3500_flipped at IoU 0.85: nan
2025-07-26 12:43:21,794 - DEBUG - Collected collision time for BConcave+AConvex+3500_flipped at IoU 0.9: nan
2025-07-26 12:43:21,794 - DEBUG - Collected collision time for BConcave+AConvex+3500_flipped at IoU 0.95: nan
2025-07-26 12:43:21,794 - DEBUG - Collected collision time for BConcave+AConvex+3700 at IoU 0.05: 4300.0
2025-07-26 12:43:21,794 - DEBUG - Collected collision time for BConcave+AConvex+3700 at IoU 0.1: nan
2025-07-26 12:43:21,795 - DEBUG - Collected collision time for BConcave+AConvex+3700 at IoU 0.15: nan
2025-07-26 12:43:21,795 - DEBUG - Collected collision time for BConcave+AConvex+3700 at IoU 0.2: nan
2025-07-26 12:43:21,795 - DEBUG - Collected collision time for BConcave+AConvex+3700 at IoU 0.25: nan
2025-07-26 12:43:21,796 - DEBUG - Collected collision time for BConcave+AConvex+3700 at IoU 0.3: nan
2025-07-26 12:43:21,796 - DEBUG - Collected collision time for BConcave+AConvex+3700 at IoU 0.35: nan
2025-07-26 12:43:21,796 - DEBUG - Collected collision time for BConcave+AConvex+3700 at IoU 0.4: nan
2025-07-26 12:43:21,796 - DEBUG - Collected collision time for BConcave+AConvex+3700 at IoU 0.45: nan
2025-07-26 12:43:21,797 - DEBUG - Collected collision time for BConcave+AConvex+3700 at IoU 0.5: nan
2025-07-26 12:43:21,797 - DEBUG - Collected collision time for BConcave+AConvex+3700 at IoU 0.55: nan
2025-07-26 12:43:21,797 - DEBUG - Collected collision time for BConcave+AConvex+3700 at IoU 0.6: nan
2025-07-26 12:43:21,798 - DEBUG - Collected collision time for BConcave+AConvex+3700 at IoU 0.65: nan
2025-07-26 12:43:21,798 - DEBUG - Collected collision time for BConcave+AConvex+3700 at IoU 0.7: nan
2025-07-26 12:43:21,798 - DEBUG - Collected collision time for BConcave+AConvex+3700 at IoU 0.75: nan
2025-07-26 12:43:21,799 - DEBUG - Collected collision time for BConcave+AConvex+3700 at IoU 0.8: nan
2025-07-26 12:43:21,800 - DEBUG - Collected collision time for BConcave+AConvex+3700 at IoU 0.85: nan
2025-07-26 12:43:21,800 - DEBUG - Collected collision time for BConcave+AConvex+3700 at IoU 0.9: nan
2025-07-26 12:43:21,800 - DEBUG - Collected collision time for BConcave+AConvex+3700 at IoU 0.95: nan
2025-07-26 12:43:21,800 - DEBUG - Collected collision time for BConcave+AConvex+3900_flipped at IoU 0.05: 4250.0
2025-07-26 12:43:21,800 - DEBUG - Collected collision time for BConcave+AConvex+3900_flipped at IoU 0.1: 4400.0
2025-07-26 12:43:21,801 - DEBUG - Collected collision time for BConcave+AConvex+3900_flipped at IoU 0.15: 4500.0
2025-07-26 12:43:21,801 - DEBUG - Collected collision time for BConcave+AConvex+3900_flipped at IoU 0.2: 5000.0
2025-07-26 12:43:21,801 - DEBUG - Collected collision time for BConcave+AConvex+3900_flipped at IoU 0.25: nan
2025-07-26 12:43:21,802 - DEBUG - Collected collision time for BConcave+AConvex+3900_flipped at IoU 0.3: nan
2025-07-26 12:43:21,802 - DEBUG - Collected collision time for BConcave+AConvex+3900_flipped at IoU 0.35: nan
2025-07-26 12:43:21,803 - DEBUG - Collected collision time for BConcave+AConvex+3900_flipped at IoU 0.4: nan
2025-07-26 12:43:21,803 - DEBUG - Collected collision time for BConcave+AConvex+3900_flipped at IoU 0.45: nan
2025-07-26 12:43:21,804 - DEBUG - Collected collision time for BConcave+AConvex+3900_flipped at IoU 0.5: nan
2025-07-26 12:43:21,804 - DEBUG - Collected collision time for BConcave+AConvex+3900_flipped at IoU 0.55: nan
2025-07-26 12:43:21,804 - DEBUG - Collected collision time for BConcave+AConvex+3900_flipped at IoU 0.6: nan
2025-07-26 12:43:21,804 - DEBUG - Collected collision time for BConcave+AConvex+3900_flipped at IoU 0.65: nan
2025-07-26 12:43:21,805 - DEBUG - Collected collision time for BConcave+AConvex+3900_flipped at IoU 0.7: nan
2025-07-26 12:43:21,805 - DEBUG - Collected collision time for BConcave+AConvex+3900_flipped at IoU 0.75: nan
2025-07-26 12:43:21,805 - DEBUG - Collected collision time for BConcave+AConvex+3900_flipped at IoU 0.8: nan
2025-07-26 12:43:21,805 - DEBUG - Collected collision time for BConcave+AConvex+3900_flipped at IoU 0.85: nan
2025-07-26 12:43:21,806 - DEBUG - Collected collision time for BConcave+AConvex+3900_flipped at IoU 0.9: nan
2025-07-26 12:43:21,806 - DEBUG - Collected collision time for BConcave+AConvex+3900_flipped at IoU 0.95: nan
2025-07-26 12:43:21,807 - DEBUG - Collected collision time for BConcave+AConvex+4100 at IoU 0.05: 4833.333333333333
2025-07-26 12:43:21,807 - DEBUG - Collected collision time for BConcave+AConvex+4100 at IoU 0.1: 5100.0
2025-07-26 12:43:21,807 - DEBUG - Collected collision time for BConcave+AConvex+4100 at IoU 0.15: nan
2025-07-26 12:43:21,807 - DEBUG - Collected collision time for BConcave+AConvex+4100 at IoU 0.2: nan
2025-07-26 12:43:21,808 - DEBUG - Collected collision time for BConcave+AConvex+4100 at IoU 0.25: nan
2025-07-26 12:43:21,808 - DEBUG - Collected collision time for BConcave+AConvex+4100 at IoU 0.3: nan
2025-07-26 12:43:21,808 - DEBUG - Collected collision time for BConcave+AConvex+4100 at IoU 0.35: nan
2025-07-26 12:43:21,808 - DEBUG - Collected collision time for BConcave+AConvex+4100 at IoU 0.4: nan
2025-07-26 12:43:21,809 - DEBUG - Collected collision time for BConcave+AConvex+4100 at IoU 0.45: nan
2025-07-26 12:43:21,809 - DEBUG - Collected collision time for BConcave+AConvex+4100 at IoU 0.5: nan
2025-07-26 12:43:21,809 - DEBUG - Collected collision time for BConcave+AConvex+4100 at IoU 0.55: nan
2025-07-26 12:43:21,809 - DEBUG - Collected collision time for BConcave+AConvex+4100 at IoU 0.6: nan
2025-07-26 12:43:21,810 - DEBUG - Collected collision time for BConcave+AConvex+4100 at IoU 0.65: nan
2025-07-26 12:43:21,810 - DEBUG - Collected collision time for BConcave+AConvex+4100 at IoU 0.7: nan
2025-07-26 12:43:21,811 - DEBUG - Collected collision time for BConcave+AConvex+4100 at IoU 0.75: nan
2025-07-26 12:43:21,811 - DEBUG - Collected collision time for BConcave+AConvex+4100 at IoU 0.8: nan
2025-07-26 12:43:21,811 - DEBUG - Collected collision time for BConcave+AConvex+4100 at IoU 0.85: nan
2025-07-26 12:43:21,811 - DEBUG - Collected collision time for BConcave+AConvex+4100 at IoU 0.9: nan
2025-07-26 12:43:21,812 - DEBUG - Collected collision time for BConcave+AConvex+4100 at IoU 0.95: nan
2025-07-26 12:43:21,812 - DEBUG - Collected collision time for BConcave+AConvex+4300_flipped at IoU 0.05: 4700.0
2025-07-26 12:43:21,813 - DEBUG - Collected collision time for BConcave+AConvex+4300_flipped at IoU 0.1: 4883.333333333334
2025-07-26 12:43:21,813 - DEBUG - Collected collision time for BConcave+AConvex+4300_flipped at IoU 0.15: 5033.333333333333
2025-07-26 12:43:21,813 - DEBUG - Collected collision time for BConcave+AConvex+4300_flipped at IoU 0.2: nan
2025-07-26 12:43:21,813 - DEBUG - Collected collision time for BConcave+AConvex+4300_flipped at IoU 0.25: nan
2025-07-26 12:43:21,814 - DEBUG - Collected collision time for BConcave+AConvex+4300_flipped at IoU 0.3: nan
2025-07-26 12:43:21,814 - DEBUG - Collected collision time for BConcave+AConvex+4300_flipped at IoU 0.35: nan
2025-07-26 12:43:21,814 - DEBUG - Collected collision time for BConcave+AConvex+4300_flipped at IoU 0.4: nan
2025-07-26 12:43:21,814 - DEBUG - Collected collision time for BConcave+AConvex+4300_flipped at IoU 0.45: nan
2025-07-26 12:43:21,815 - DEBUG - Collected collision time for BConcave+AConvex+4300_flipped at IoU 0.5: nan
2025-07-26 12:43:21,815 - DEBUG - Collected collision time for BConcave+AConvex+4300_flipped at IoU 0.55: nan
2025-07-26 12:43:21,815 - DEBUG - Collected collision time for BConcave+AConvex+4300_flipped at IoU 0.6: nan
2025-07-26 12:43:21,815 - DEBUG - Collected collision time for BConcave+AConvex+4300_flipped at IoU 0.65: nan
2025-07-26 12:43:21,816 - DEBUG - Collected collision time for BConcave+AConvex+4300_flipped at IoU 0.7: nan
2025-07-26 12:43:21,816 - DEBUG - Collected collision time for BConcave+AConvex+4300_flipped at IoU 0.75: nan
2025-07-26 12:43:21,816 - DEBUG - Collected collision time for BConcave+AConvex+4300_flipped at IoU 0.8: nan
2025-07-26 12:43:21,816 - DEBUG - Collected collision time for BConcave+AConvex+4300_flipped at IoU 0.85: nan
2025-07-26 12:43:21,817 - DEBUG - Collected collision time for BConcave+AConvex+4300_flipped at IoU 0.9: nan
2025-07-26 12:43:21,817 - DEBUG - Collected collision time for BConcave+AConvex+4300_flipped at IoU 0.95: nan
2025-07-26 12:43:21,818 - DEBUG - Collected collision time for BConcave+AConvex+4500 at IoU 0.05: 4883.333333333334
2025-07-26 12:43:21,818 - DEBUG - Collected collision time for BConcave+AConvex+4500 at IoU 0.1: 5050.0
2025-07-26 12:43:21,819 - DEBUG - Collected collision time for BConcave+AConvex+4500 at IoU 0.15: 5250.0
2025-07-26 12:43:21,819 - DEBUG - Collected collision time for BConcave+AConvex+4500 at IoU 0.2: nan
2025-07-26 12:43:21,819 - DEBUG - Collected collision time for BConcave+AConvex+4500 at IoU 0.25: nan
2025-07-26 12:43:21,819 - DEBUG - Collected collision time for BConcave+AConvex+4500 at IoU 0.3: nan
2025-07-26 12:43:21,820 - DEBUG - Collected collision time for BConcave+AConvex+4500 at IoU 0.35: nan
2025-07-26 12:43:21,820 - DEBUG - Collected collision time for BConcave+AConvex+4500 at IoU 0.4: nan
2025-07-26 12:43:21,820 - DEBUG - Collected collision time for BConcave+AConvex+4500 at IoU 0.45: nan
2025-07-26 12:43:21,820 - DEBUG - Collected collision time for BConcave+AConvex+4500 at IoU 0.5: nan
2025-07-26 12:43:21,821 - DEBUG - Collected collision time for BConcave+AConvex+4500 at IoU 0.55: nan
2025-07-26 12:43:21,821 - DEBUG - Collected collision time for BConcave+AConvex+4500 at IoU 0.6: nan
2025-07-26 12:43:21,821 - DEBUG - Collected collision time for BConcave+AConvex+4500 at IoU 0.65: nan
2025-07-26 12:43:21,821 - DEBUG - Collected collision time for BConcave+AConvex+4500 at IoU 0.7: nan
2025-07-26 12:43:21,822 - DEBUG - Collected collision time for BConcave+AConvex+4500 at IoU 0.75: nan
2025-07-26 12:43:21,822 - DEBUG - Collected collision time for BConcave+AConvex+4500 at IoU 0.8: nan
2025-07-26 12:43:21,823 - DEBUG - Collected collision time for BConcave+AConvex+4500 at IoU 0.85: nan
2025-07-26 12:43:21,823 - DEBUG - Collected collision time for BConcave+AConvex+4500 at IoU 0.9: nan
2025-07-26 12:43:21,823 - DEBUG - Collected collision time for BConcave+AConvex+4500 at IoU 0.95: nan
2025-07-26 12:43:21,824 - DEBUG - Collected collision time for BConcave+BConcavePatient+3500 at IoU 0.05: 3716.666666666667
2025-07-26 12:43:21,824 - DEBUG - Collected collision time for BConcave+BConcavePatient+3500 at IoU 0.1: 3800.0
2025-07-26 12:43:21,824 - DEBUG - Collected collision time for BConcave+BConcavePatient+3500 at IoU 0.15: 3866.6666666666665
2025-07-26 12:43:21,824 - DEBUG - Collected collision time for BConcave+BConcavePatient+3500 at IoU 0.2: 3966.666666666667
2025-07-26 12:43:21,825 - DEBUG - Collected collision time for BConcave+BConcavePatient+3500 at IoU 0.25: nan
2025-07-26 12:43:21,825 - DEBUG - Collected collision time for BConcave+BConcavePatient+3500 at IoU 0.3: nan
2025-07-26 12:43:21,825 - DEBUG - Collected collision time for BConcave+BConcavePatient+3500 at IoU 0.35: nan
2025-07-26 12:43:21,826 - DEBUG - Collected collision time for BConcave+BConcavePatient+3500 at IoU 0.4: nan
2025-07-26 12:43:21,826 - DEBUG - Collected collision time for BConcave+BConcavePatient+3500 at IoU 0.45: nan
2025-07-26 12:43:21,826 - DEBUG - Collected collision time for BConcave+BConcavePatient+3500 at IoU 0.5: nan
2025-07-26 12:43:21,826 - DEBUG - Collected collision time for BConcave+BConcavePatient+3500 at IoU 0.55: nan
2025-07-26 12:43:21,827 - DEBUG - Collected collision time for BConcave+BConcavePatient+3500 at IoU 0.6: nan
2025-07-26 12:43:21,827 - DEBUG - Collected collision time for BConcave+BConcavePatient+3500 at IoU 0.65: nan
2025-07-26 12:43:21,828 - DEBUG - Collected collision time for BConcave+BConcavePatient+3500 at IoU 0.7: nan
2025-07-26 12:43:21,828 - DEBUG - Collected collision time for BConcave+BConcavePatient+3500 at IoU 0.75: nan
2025-07-26 12:43:21,828 - DEBUG - Collected collision time for BConcave+BConcavePatient+3500 at IoU 0.8: nan
2025-07-26 12:43:21,828 - DEBUG - Collected collision time for BConcave+BConcavePatient+3500 at IoU 0.85: nan
2025-07-26 12:43:21,829 - DEBUG - Collected collision time for BConcave+BConcavePatient+3500 at IoU 0.9: nan
2025-07-26 12:43:21,829 - DEBUG - Collected collision time for BConcave+BConcavePatient+3500 at IoU 0.95: nan
2025-07-26 12:43:21,829 - DEBUG - Collected collision time for BConcave+BConcavePatient+3700_flipped at IoU 0.05: nan
2025-07-26 12:43:21,830 - DEBUG - Collected collision time for BConcave+BConcavePatient+3700_flipped at IoU 0.1: nan
2025-07-26 12:43:21,830 - DEBUG - Collected collision time for BConcave+BConcavePatient+3700_flipped at IoU 0.15: nan
2025-07-26 12:43:21,831 - DEBUG - Collected collision time for BConcave+BConcavePatient+3700_flipped at IoU 0.2: nan
2025-07-26 12:43:21,831 - DEBUG - Collected collision time for BConcave+BConcavePatient+3700_flipped at IoU 0.25: nan
2025-07-26 12:43:21,831 - DEBUG - Collected collision time for BConcave+BConcavePatient+3700_flipped at IoU 0.3: nan
2025-07-26 12:43:21,831 - DEBUG - Collected collision time for BConcave+BConcavePatient+3700_flipped at IoU 0.35: nan
2025-07-26 12:43:21,832 - DEBUG - Collected collision time for BConcave+BConcavePatient+3700_flipped at IoU 0.4: nan
2025-07-26 12:43:21,832 - DEBUG - Collected collision time for BConcave+BConcavePatient+3700_flipped at IoU 0.45: nan
2025-07-26 12:43:21,833 - DEBUG - Collected collision time for BConcave+BConcavePatient+3700_flipped at IoU 0.5: nan
2025-07-26 12:43:21,833 - DEBUG - Collected collision time for BConcave+BConcavePatient+3700_flipped at IoU 0.55: nan
2025-07-26 12:43:21,833 - DEBUG - Collected collision time for BConcave+BConcavePatient+3700_flipped at IoU 0.6: nan
2025-07-26 12:43:21,833 - DEBUG - Collected collision time for BConcave+BConcavePatient+3700_flipped at IoU 0.65: nan
2025-07-26 12:43:21,834 - DEBUG - Collected collision time for BConcave+BConcavePatient+3700_flipped at IoU 0.7: nan
2025-07-26 12:43:21,834 - DEBUG - Collected collision time for BConcave+BConcavePatient+3700_flipped at IoU 0.75: nan
2025-07-26 12:43:21,834 - DEBUG - Collected collision time for BConcave+BConcavePatient+3700_flipped at IoU 0.8: nan
2025-07-26 12:43:21,834 - DEBUG - Collected collision time for BConcave+BConcavePatient+3700_flipped at IoU 0.85: nan
2025-07-26 12:43:21,835 - DEBUG - Collected collision time for BConcave+BConcavePatient+3700_flipped at IoU 0.9: nan
2025-07-26 12:43:21,835 - DEBUG - Collected collision time for BConcave+BConcavePatient+3700_flipped at IoU 0.95: nan
2025-07-26 12:43:21,835 - DEBUG - Collected collision time for BConcave+BConcavePatient+3900 at IoU 0.05: 4116.666666666666
2025-07-26 12:43:21,836 - DEBUG - Collected collision time for BConcave+BConcavePatient+3900 at IoU 0.1: 4166.666666666667
2025-07-26 12:43:21,836 - DEBUG - Collected collision time for BConcave+BConcavePatient+3900 at IoU 0.15: 4233.333333333333
2025-07-26 12:43:21,837 - DEBUG - Collected collision time for BConcave+BConcavePatient+3900 at IoU 0.2: 4316.666666666666
2025-07-26 12:43:21,837 - DEBUG - Collected collision time for BConcave+BConcavePatient+3900 at IoU 0.25: nan
2025-07-26 12:43:21,837 - DEBUG - Collected collision time for BConcave+BConcavePatient+3900 at IoU 0.3: nan
2025-07-26 12:43:21,838 - DEBUG - Collected collision time for BConcave+BConcavePatient+3900 at IoU 0.35: nan
2025-07-26 12:43:21,838 - DEBUG - Collected collision time for BConcave+BConcavePatient+3900 at IoU 0.4: nan
2025-07-26 12:43:21,838 - DEBUG - Collected collision time for BConcave+BConcavePatient+3900 at IoU 0.45: nan
2025-07-26 12:43:21,839 - DEBUG - Collected collision time for BConcave+BConcavePatient+3900 at IoU 0.5: nan
2025-07-26 12:43:21,839 - DEBUG - Collected collision time for BConcave+BConcavePatient+3900 at IoU 0.55: nan
2025-07-26 12:43:21,839 - DEBUG - Collected collision time for BConcave+BConcavePatient+3900 at IoU 0.6: nan
2025-07-26 12:43:21,840 - DEBUG - Collected collision time for BConcave+BConcavePatient+3900 at IoU 0.65: nan
2025-07-26 12:43:21,840 - DEBUG - Collected collision time for BConcave+BConcavePatient+3900 at IoU 0.7: nan
2025-07-26 12:43:21,840 - DEBUG - Collected collision time for BConcave+BConcavePatient+3900 at IoU 0.75: nan
2025-07-26 12:43:21,840 - DEBUG - Collected collision time for BConcave+BConcavePatient+3900 at IoU 0.8: nan
2025-07-26 12:43:21,841 - DEBUG - Collected collision time for BConcave+BConcavePatient+3900 at IoU 0.85: nan
2025-07-26 12:43:21,841 - DEBUG - Collected collision time for BConcave+BConcavePatient+3900 at IoU 0.9: nan
2025-07-26 12:43:21,841 - DEBUG - Collected collision time for BConcave+BConcavePatient+3900 at IoU 0.95: nan
2025-07-26 12:43:21,842 - DEBUG - Collected collision time for BConcave+BConcavePatient+4100_flipped at IoU 0.05: 4400.0
2025-07-26 12:43:21,842 - DEBUG - Collected collision time for BConcave+BConcavePatient+4100_flipped at IoU 0.1: 4466.666666666667
2025-07-26 12:43:21,842 - DEBUG - Collected collision time for BConcave+BConcavePatient+4100_flipped at IoU 0.15: nan
2025-07-26 12:43:21,843 - DEBUG - Collected collision time for BConcave+BConcavePatient+4100_flipped at IoU 0.2: nan
2025-07-26 12:43:21,843 - DEBUG - Collected collision time for BConcave+BConcavePatient+4100_flipped at IoU 0.25: nan
2025-07-26 12:43:21,843 - DEBUG - Collected collision time for BConcave+BConcavePatient+4100_flipped at IoU 0.3: nan
2025-07-26 12:43:21,843 - DEBUG - Collected collision time for BConcave+BConcavePatient+4100_flipped at IoU 0.35: nan
2025-07-26 12:43:21,844 - DEBUG - Collected collision time for BConcave+BConcavePatient+4100_flipped at IoU 0.4: nan
2025-07-26 12:43:21,844 - DEBUG - Collected collision time for BConcave+BConcavePatient+4100_flipped at IoU 0.45: nan
2025-07-26 12:43:21,844 - DEBUG - Collected collision time for BConcave+BConcavePatient+4100_flipped at IoU 0.5: nan
2025-07-26 12:43:21,844 - DEBUG - Collected collision time for BConcave+BConcavePatient+4100_flipped at IoU 0.55: nan
2025-07-26 12:43:21,845 - DEBUG - Collected collision time for BConcave+BConcavePatient+4100_flipped at IoU 0.6: nan
2025-07-26 12:43:21,845 - DEBUG - Collected collision time for BConcave+BConcavePatient+4100_flipped at IoU 0.65: nan
2025-07-26 12:43:21,845 - DEBUG - Collected collision time for BConcave+BConcavePatient+4100_flipped at IoU 0.7: nan
2025-07-26 12:43:21,846 - DEBUG - Collected collision time for BConcave+BConcavePatient+4100_flipped at IoU 0.75: nan
2025-07-26 12:43:21,846 - DEBUG - Collected collision time for BConcave+BConcavePatient+4100_flipped at IoU 0.8: nan
2025-07-26 12:43:21,847 - DEBUG - Collected collision time for BConcave+BConcavePatient+4100_flipped at IoU 0.85: nan
2025-07-26 12:43:21,847 - DEBUG - Collected collision time for BConcave+BConcavePatient+4100_flipped at IoU 0.9: nan
2025-07-26 12:43:21,847 - DEBUG - Collected collision time for BConcave+BConcavePatient+4100_flipped at IoU 0.95: nan
2025-07-26 12:43:21,848 - DEBUG - Collected collision time for BConcave+BConcavePatient+4300 at IoU 0.05: 4816.666666666666
2025-07-26 12:43:21,848 - DEBUG - Collected collision time for BConcave+BConcavePatient+4300 at IoU 0.1: nan
2025-07-26 12:43:21,848 - DEBUG - Collected collision time for BConcave+BConcavePatient+4300 at IoU 0.15: nan
2025-07-26 12:43:21,849 - DEBUG - Collected collision time for BConcave+BConcavePatient+4300 at IoU 0.2: nan
2025-07-26 12:43:21,849 - DEBUG - Collected collision time for BConcave+BConcavePatient+4300 at IoU 0.25: nan
2025-07-26 12:43:21,850 - DEBUG - Collected collision time for BConcave+BConcavePatient+4300 at IoU 0.3: nan
2025-07-26 12:43:21,850 - DEBUG - Collected collision time for BConcave+BConcavePatient+4300 at IoU 0.35: nan
2025-07-26 12:43:21,850 - DEBUG - Collected collision time for BConcave+BConcavePatient+4300 at IoU 0.4: nan
2025-07-26 12:43:21,850 - DEBUG - Collected collision time for BConcave+BConcavePatient+4300 at IoU 0.45: nan
2025-07-26 12:43:21,851 - DEBUG - Collected collision time for BConcave+BConcavePatient+4300 at IoU 0.5: nan
2025-07-26 12:43:21,851 - DEBUG - Collected collision time for BConcave+BConcavePatient+4300 at IoU 0.55: nan
2025-07-26 12:43:21,851 - DEBUG - Collected collision time for BConcave+BConcavePatient+4300 at IoU 0.6: nan
2025-07-26 12:43:21,851 - DEBUG - Collected collision time for BConcave+BConcavePatient+4300 at IoU 0.65: nan
2025-07-26 12:43:21,852 - DEBUG - Collected collision time for BConcave+BConcavePatient+4300 at IoU 0.7: nan
2025-07-26 12:43:21,852 - DEBUG - Collected collision time for BConcave+BConcavePatient+4300 at IoU 0.75: nan
2025-07-26 12:43:21,852 - DEBUG - Collected collision time for BConcave+BConcavePatient+4300 at IoU 0.8: nan
2025-07-26 12:43:21,853 - DEBUG - Collected collision time for BConcave+BConcavePatient+4300 at IoU 0.85: nan
2025-07-26 12:43:21,853 - DEBUG - Collected collision time for BConcave+BConcavePatient+4300 at IoU 0.9: nan
2025-07-26 12:43:21,854 - DEBUG - Collected collision time for BConcave+BConcavePatient+4300 at IoU 0.95: nan
2025-07-26 12:43:21,854 - DEBUG - Collected collision time for BConcave+BConcavePatient+4500_flipped at IoU 0.05: nan
2025-07-26 12:43:21,854 - DEBUG - Collected collision time for BConcave+BConcavePatient+4500_flipped at IoU 0.1: nan
2025-07-26 12:43:21,854 - DEBUG - Collected collision time for BConcave+BConcavePatient+4500_flipped at IoU 0.15: nan
2025-07-26 12:43:21,855 - DEBUG - Collected collision time for BConcave+BConcavePatient+4500_flipped at IoU 0.2: nan
2025-07-26 12:43:21,855 - DEBUG - Collected collision time for BConcave+BConcavePatient+4500_flipped at IoU 0.25: nan
2025-07-26 12:43:21,855 - DEBUG - Collected collision time for BConcave+BConcavePatient+4500_flipped at IoU 0.3: nan
2025-07-26 12:43:21,856 - DEBUG - Collected collision time for BConcave+BConcavePatient+4500_flipped at IoU 0.35: nan
2025-07-26 12:43:21,856 - DEBUG - Collected collision time for BConcave+BConcavePatient+4500_flipped at IoU 0.4: nan
2025-07-26 12:43:21,856 - DEBUG - Collected collision time for BConcave+BConcavePatient+4500_flipped at IoU 0.45: nan
2025-07-26 12:43:21,856 - DEBUG - Collected collision time for BConcave+BConcavePatient+4500_flipped at IoU 0.5: nan
2025-07-26 12:43:21,857 - DEBUG - Collected collision time for BConcave+BConcavePatient+4500_flipped at IoU 0.55: nan
2025-07-26 12:43:21,857 - DEBUG - Collected collision time for BConcave+BConcavePatient+4500_flipped at IoU 0.6: nan
2025-07-26 12:43:21,858 - DEBUG - Collected collision time for BConcave+BConcavePatient+4500_flipped at IoU 0.65: nan
2025-07-26 12:43:21,858 - DEBUG - Collected collision time for BConcave+BConcavePatient+4500_flipped at IoU 0.7: nan
2025-07-26 12:43:21,858 - DEBUG - Collected collision time for BConcave+BConcavePatient+4500_flipped at IoU 0.75: nan
2025-07-26 12:43:21,858 - DEBUG - Collected collision time for BConcave+BConcavePatient+4500_flipped at IoU 0.8: nan
2025-07-26 12:43:21,859 - DEBUG - Collected collision time for BConcave+BConcavePatient+4500_flipped at IoU 0.85: nan
2025-07-26 12:43:21,859 - DEBUG - Collected collision time for BConcave+BConcavePatient+4500_flipped at IoU 0.9: nan
2025-07-26 12:43:21,859 - DEBUG - Collected collision time for BConcave+BConcavePatient+4500_flipped at IoU 0.95: nan
2025-07-26 12:43:21,859 - DEBUG - Collected collision time for BConcave+BConvex+3500_flipped at IoU 0.05: nan
2025-07-26 12:43:21,860 - DEBUG - Collected collision time for BConcave+BConvex+3500_flipped at IoU 0.1: nan
2025-07-26 12:43:21,860 - DEBUG - Collected collision time for BConcave+BConvex+3500_flipped at IoU 0.15: nan
2025-07-26 12:43:21,860 - DEBUG - Collected collision time for BConcave+BConvex+3500_flipped at IoU 0.2: nan
2025-07-26 12:43:21,861 - DEBUG - Collected collision time for BConcave+BConvex+3500_flipped at IoU 0.25: nan
2025-07-26 12:43:21,861 - DEBUG - Collected collision time for BConcave+BConvex+3500_flipped at IoU 0.3: nan
2025-07-26 12:43:21,861 - DEBUG - Collected collision time for BConcave+BConvex+3500_flipped at IoU 0.35: nan
2025-07-26 12:43:21,862 - DEBUG - Collected collision time for BConcave+BConvex+3500_flipped at IoU 0.4: nan
2025-07-26 12:43:21,862 - DEBUG - Collected collision time for BConcave+BConvex+3500_flipped at IoU 0.45: nan
2025-07-26 12:43:21,862 - DEBUG - Collected collision time for BConcave+BConvex+3500_flipped at IoU 0.5: nan
2025-07-26 12:43:21,862 - DEBUG - Collected collision time for BConcave+BConvex+3500_flipped at IoU 0.55: nan
2025-07-26 12:43:21,863 - DEBUG - Collected collision time for BConcave+BConvex+3500_flipped at IoU 0.6: nan
2025-07-26 12:43:21,863 - DEBUG - Collected collision time for BConcave+BConvex+3500_flipped at IoU 0.65: nan
2025-07-26 12:43:21,863 - DEBUG - Collected collision time for BConcave+BConvex+3500_flipped at IoU 0.7: nan
2025-07-26 12:43:21,864 - DEBUG - Collected collision time for BConcave+BConvex+3500_flipped at IoU 0.75: nan
2025-07-26 12:43:21,864 - DEBUG - Collected collision time for BConcave+BConvex+3500_flipped at IoU 0.8: nan
2025-07-26 12:43:21,864 - DEBUG - Collected collision time for BConcave+BConvex+3500_flipped at IoU 0.85: nan
2025-07-26 12:43:21,864 - DEBUG - Collected collision time for BConcave+BConvex+3500_flipped at IoU 0.9: nan
2025-07-26 12:43:21,865 - DEBUG - Collected collision time for BConcave+BConvex+3500_flipped at IoU 0.95: nan
2025-07-26 12:43:21,865 - DEBUG - Collected collision time for BConcave+BConvex+3700 at IoU 0.05: 4650.0
2025-07-26 12:43:21,865 - DEBUG - Collected collision time for BConcave+BConvex+3700 at IoU 0.1: 4866.666666666666
2025-07-26 12:43:21,865 - DEBUG - Collected collision time for BConcave+BConvex+3700 at IoU 0.15: nan
2025-07-26 12:43:21,866 - DEBUG - Collected collision time for BConcave+BConvex+3700 at IoU 0.2: nan
2025-07-26 12:43:21,866 - DEBUG - Collected collision time for BConcave+BConvex+3700 at IoU 0.25: nan
2025-07-26 12:43:21,866 - DEBUG - Collected collision time for BConcave+BConvex+3700 at IoU 0.3: nan
2025-07-26 12:43:21,866 - DEBUG - Collected collision time for BConcave+BConvex+3700 at IoU 0.35: nan
2025-07-26 12:43:21,867 - DEBUG - Collected collision time for BConcave+BConvex+3700 at IoU 0.4: nan
2025-07-26 12:43:21,867 - DEBUG - Collected collision time for BConcave+BConvex+3700 at IoU 0.45: nan
2025-07-26 12:43:21,867 - DEBUG - Collected collision time for BConcave+BConvex+3700 at IoU 0.5: nan
2025-07-26 12:43:21,867 - DEBUG - Collected collision time for BConcave+BConvex+3700 at IoU 0.55: nan
2025-07-26 12:43:21,868 - DEBUG - Collected collision time for BConcave+BConvex+3700 at IoU 0.6: nan
2025-07-26 12:43:21,868 - DEBUG - Collected collision time for BConcave+BConvex+3700 at IoU 0.65: nan
2025-07-26 12:43:21,868 - DEBUG - Collected collision time for BConcave+BConvex+3700 at IoU 0.7: nan
2025-07-26 12:43:21,868 - DEBUG - Collected collision time for BConcave+BConvex+3700 at IoU 0.75: nan
2025-07-26 12:43:21,869 - DEBUG - Collected collision time for BConcave+BConvex+3700 at IoU 0.8: nan
2025-07-26 12:43:21,869 - DEBUG - Collected collision time for BConcave+BConvex+3700 at IoU 0.85: nan
2025-07-26 12:43:21,870 - DEBUG - Collected collision time for BConcave+BConvex+3700 at IoU 0.9: nan
2025-07-26 12:43:21,870 - DEBUG - Collected collision time for BConcave+BConvex+3700 at IoU 0.95: nan
2025-07-26 12:43:21,870 - DEBUG - Collected collision time for BConcave+BConvex+3900_flipped at IoU 0.05: 4600.0
2025-07-26 12:43:21,871 - DEBUG - Collected collision time for BConcave+BConvex+3900_flipped at IoU 0.1: 4633.333333333334
2025-07-26 12:43:21,871 - DEBUG - Collected collision time for BConcave+BConvex+3900_flipped at IoU 0.15: 4666.666666666667
2025-07-26 12:43:21,872 - DEBUG - Collected collision time for BConcave+BConvex+3900_flipped at IoU 0.2: 4683.333333333334
2025-07-26 12:43:21,872 - DEBUG - Collected collision time for BConcave+BConvex+3900_flipped at IoU 0.25: 4733.333333333333
2025-07-26 12:43:21,872 - DEBUG - Collected collision time for BConcave+BConvex+3900_flipped at IoU 0.3: 4750.0
2025-07-26 12:43:21,873 - DEBUG - Collected collision time for BConcave+BConvex+3900_flipped at IoU 0.35: 4816.666666666666
2025-07-26 12:43:21,873 - DEBUG - Collected collision time for BConcave+BConvex+3900_flipped at IoU 0.4: nan
2025-07-26 12:43:21,873 - DEBUG - Collected collision time for BConcave+BConvex+3900_flipped at IoU 0.45: nan
2025-07-26 12:43:21,873 - DEBUG - Collected collision time for BConcave+BConvex+3900_flipped at IoU 0.5: nan
2025-07-26 12:43:21,874 - DEBUG - Collected collision time for BConcave+BConvex+3900_flipped at IoU 0.55: nan
2025-07-26 12:43:21,874 - DEBUG - Collected collision time for BConcave+BConvex+3900_flipped at IoU 0.6: nan
2025-07-26 12:43:21,874 - DEBUG - Collected collision time for BConcave+BConvex+3900_flipped at IoU 0.65: nan
2025-07-26 12:43:21,874 - DEBUG - Collected collision time for BConcave+BConvex+3900_flipped at IoU 0.7: nan
2025-07-26 12:43:21,875 - DEBUG - Collected collision time for BConcave+BConvex+3900_flipped at IoU 0.75: nan
2025-07-26 12:43:21,875 - DEBUG - Collected collision time for BConcave+BConvex+3900_flipped at IoU 0.8: nan
2025-07-26 12:43:21,875 - DEBUG - Collected collision time for BConcave+BConvex+3900_flipped at IoU 0.85: nan
2025-07-26 12:43:21,876 - DEBUG - Collected collision time for BConcave+BConvex+3900_flipped at IoU 0.9: nan
2025-07-26 12:43:21,876 - DEBUG - Collected collision time for BConcave+BConvex+3900_flipped at IoU 0.95: nan
2025-07-26 12:43:21,876 - DEBUG - Collected collision time for BConcave+BConvex+4100 at IoU 0.05: 4433.333333333334
2025-07-26 12:43:21,877 - DEBUG - Collected collision time for BConcave+BConvex+4100 at IoU 0.1: 4700.0
2025-07-26 12:43:21,877 - DEBUG - Collected collision time for BConcave+BConvex+4100 at IoU 0.15: 5066.666666666666
2025-07-26 12:43:21,877 - DEBUG - Collected collision time for BConcave+BConvex+4100 at IoU 0.2: 5233.333333333333
2025-07-26 12:43:21,878 - DEBUG - Collected collision time for BConcave+BConvex+4100 at IoU 0.25: nan
2025-07-26 12:43:21,878 - DEBUG - Collected collision time for BConcave+BConvex+4100 at IoU 0.3: nan
2025-07-26 12:43:21,878 - DEBUG - Collected collision time for BConcave+BConvex+4100 at IoU 0.35: nan
2025-07-26 12:43:21,878 - DEBUG - Collected collision time for BConcave+BConvex+4100 at IoU 0.4: nan
2025-07-26 12:43:21,879 - DEBUG - Collected collision time for BConcave+BConvex+4100 at IoU 0.45: nan
2025-07-26 12:43:21,879 - DEBUG - Collected collision time for BConcave+BConvex+4100 at IoU 0.5: nan
2025-07-26 12:43:21,880 - DEBUG - Collected collision time for BConcave+BConvex+4100 at IoU 0.55: nan
2025-07-26 12:43:21,880 - DEBUG - Collected collision time for BConcave+BConvex+4100 at IoU 0.6: nan
2025-07-26 12:43:21,880 - DEBUG - Collected collision time for BConcave+BConvex+4100 at IoU 0.65: nan
2025-07-26 12:43:21,880 - DEBUG - Collected collision time for BConcave+BConvex+4100 at IoU 0.7: nan
2025-07-26 12:43:21,881 - DEBUG - Collected collision time for BConcave+BConvex+4100 at IoU 0.75: nan
2025-07-26 12:43:21,881 - DEBUG - Collected collision time for BConcave+BConvex+4100 at IoU 0.8: nan
2025-07-26 12:43:21,881 - DEBUG - Collected collision time for BConcave+BConvex+4100 at IoU 0.85: nan
2025-07-26 12:43:21,882 - DEBUG - Collected collision time for BConcave+BConvex+4100 at IoU 0.9: nan
2025-07-26 12:43:21,882 - DEBUG - Collected collision time for BConcave+BConvex+4100 at IoU 0.95: nan
2025-07-26 12:43:21,882 - DEBUG - Collected collision time for BConcave+BConvex+4300_flipped at IoU 0.05: 1500.0
2025-07-26 12:43:21,883 - DEBUG - Collected collision time for BConcave+BConvex+4300_flipped at IoU 0.1: 1500.0
2025-07-26 12:43:21,883 - DEBUG - Collected collision time for BConcave+BConvex+4300_flipped at IoU 0.15: 1500.0
2025-07-26 12:43:21,883 - DEBUG - Collected collision time for BConcave+BConvex+4300_flipped at IoU 0.2: 1500.0
2025-07-26 12:43:21,883 - DEBUG - Collected collision time for BConcave+BConvex+4300_flipped at IoU 0.25: 1500.0
2025-07-26 12:43:21,884 - DEBUG - Collected collision time for BConcave+BConvex+4300_flipped at IoU 0.3: 1500.0
2025-07-26 12:43:21,884 - DEBUG - Collected collision time for BConcave+BConvex+4300_flipped at IoU 0.35: 1500.0
2025-07-26 12:43:21,884 - DEBUG - Collected collision time for BConcave+BConvex+4300_flipped at IoU 0.4: 1500.0
2025-07-26 12:43:21,884 - DEBUG - Collected collision time for BConcave+BConvex+4300_flipped at IoU 0.45: 1500.0
2025-07-26 12:43:21,885 - DEBUG - Collected collision time for BConcave+BConvex+4300_flipped at IoU 0.5: 1500.0
2025-07-26 12:43:21,885 - DEBUG - Collected collision time for BConcave+BConvex+4300_flipped at IoU 0.55: 1500.0
2025-07-26 12:43:21,886 - DEBUG - Collected collision time for BConcave+BConvex+4300_flipped at IoU 0.6: 1500.0
2025-07-26 12:43:21,886 - DEBUG - Collected collision time for BConcave+BConvex+4300_flipped at IoU 0.65: 1500.0
2025-07-26 12:43:21,886 - DEBUG - Collected collision time for BConcave+BConvex+4300_flipped at IoU 0.7: 1500.0
2025-07-26 12:43:21,886 - DEBUG - Collected collision time for BConcave+BConvex+4300_flipped at IoU 0.75: 1500.0
2025-07-26 12:43:21,887 - DEBUG - Collected collision time for BConcave+BConvex+4300_flipped at IoU 0.8: 1500.0
2025-07-26 12:43:21,887 - DEBUG - Collected collision time for BConcave+BConvex+4300_flipped at IoU 0.85: 1516.6666666666665
2025-07-26 12:43:21,888 - DEBUG - Collected collision time for BConcave+BConvex+4300_flipped at IoU 0.9: 1566.6666666666667
2025-07-26 12:43:21,888 - DEBUG - Collected collision time for BConcave+BConvex+4300_flipped at IoU 0.95: nan
2025-07-26 12:43:21,888 - DEBUG - Collected collision time for BConcave+BConvex+4500 at IoU 0.05: nan
2025-07-26 12:43:21,888 - DEBUG - Collected collision time for BConcave+BConvex+4500 at IoU 0.1: nan
2025-07-26 12:43:21,889 - DEBUG - Collected collision time for BConcave+BConvex+4500 at IoU 0.15: nan
2025-07-26 12:43:21,889 - DEBUG - Collected collision time for BConcave+BConvex+4500 at IoU 0.2: nan
2025-07-26 12:43:21,889 - DEBUG - Collected collision time for BConcave+BConvex+4500 at IoU 0.25: nan
2025-07-26 12:43:21,889 - DEBUG - Collected collision time for BConcave+BConvex+4500 at IoU 0.3: nan
2025-07-26 12:43:21,890 - DEBUG - Collected collision time for BConcave+BConvex+4500 at IoU 0.35: nan
2025-07-26 12:43:21,890 - DEBUG - Collected collision time for BConcave+BConvex+4500 at IoU 0.4: nan
2025-07-26 12:43:21,891 - DEBUG - Collected collision time for BConcave+BConvex+4500 at IoU 0.45: nan
2025-07-26 12:43:21,891 - DEBUG - Collected collision time for BConcave+BConvex+4500 at IoU 0.5: nan
2025-07-26 12:43:21,891 - DEBUG - Collected collision time for BConcave+BConvex+4500 at IoU 0.55: nan
2025-07-26 12:43:21,891 - DEBUG - Collected collision time for BConcave+BConvex+4500 at IoU 0.6: nan
2025-07-26 12:43:21,892 - DEBUG - Collected collision time for BConcave+BConvex+4500 at IoU 0.65: nan
2025-07-26 12:43:21,892 - DEBUG - Collected collision time for BConcave+BConvex+4500 at IoU 0.7: nan
2025-07-26 12:43:21,892 - DEBUG - Collected collision time for BConcave+BConvex+4500 at IoU 0.75: nan
2025-07-26 12:43:21,893 - DEBUG - Collected collision time for BConcave+BConvex+4500 at IoU 0.8: nan
2025-07-26 12:43:21,893 - DEBUG - Collected collision time for BConcave+BConvex+4500 at IoU 0.85: nan
2025-07-26 12:43:21,893 - DEBUG - Collected collision time for BConcave+BConvex+4500 at IoU 0.9: nan
2025-07-26 12:43:21,894 - DEBUG - Collected collision time for BConcave+BConvex+4500 at IoU 0.95: nan
2025-07-26 12:43:21,894 - DEBUG - Collected collision time for BConcave+CConcave+3500 at IoU 0.05: 3716.666666666667
2025-07-26 12:43:21,894 - DEBUG - Collected collision time for BConcave+CConcave+3500 at IoU 0.1: 3833.3333333333335
2025-07-26 12:43:21,895 - DEBUG - Collected collision time for BConcave+CConcave+3500 at IoU 0.15: 3916.6666666666665
2025-07-26 12:43:21,895 - DEBUG - Collected collision time for BConcave+CConcave+3500 at IoU 0.2: 4033.333333333333
2025-07-26 12:43:21,896 - DEBUG - Collected collision time for BConcave+CConcave+3500 at IoU 0.25: 4133.333333333334
2025-07-26 12:43:21,896 - DEBUG - Collected collision time for BConcave+CConcave+3500 at IoU 0.3: 4300.0
2025-07-26 12:43:21,896 - DEBUG - Collected collision time for BConcave+CConcave+3500 at IoU 0.35: nan
2025-07-26 12:43:21,897 - DEBUG - Collected collision time for BConcave+CConcave+3500 at IoU 0.4: nan
2025-07-26 12:43:21,897 - DEBUG - Collected collision time for BConcave+CConcave+3500 at IoU 0.45: nan
2025-07-26 12:43:21,897 - DEBUG - Collected collision time for BConcave+CConcave+3500 at IoU 0.5: nan
2025-07-26 12:43:21,897 - DEBUG - Collected collision time for BConcave+CConcave+3500 at IoU 0.55: nan
2025-07-26 12:43:21,898 - DEBUG - Collected collision time for BConcave+CConcave+3500 at IoU 0.6: nan
2025-07-26 12:43:21,898 - DEBUG - Collected collision time for BConcave+CConcave+3500 at IoU 0.65: nan
2025-07-26 12:43:21,898 - DEBUG - Collected collision time for BConcave+CConcave+3500 at IoU 0.7: nan
2025-07-26 12:43:21,898 - DEBUG - Collected collision time for BConcave+CConcave+3500 at IoU 0.75: nan
2025-07-26 12:43:21,899 - DEBUG - Collected collision time for BConcave+CConcave+3500 at IoU 0.8: nan
2025-07-26 12:43:21,899 - DEBUG - Collected collision time for BConcave+CConcave+3500 at IoU 0.85: nan
2025-07-26 12:43:21,899 - DEBUG - Collected collision time for BConcave+CConcave+3500 at IoU 0.9: nan
2025-07-26 12:43:21,899 - DEBUG - Collected collision time for BConcave+CConcave+3500 at IoU 0.95: nan
2025-07-26 12:43:21,900 - DEBUG - Collected collision time for BConcave+CConcave+3700_flipped at IoU 0.05: 4116.666666666666
2025-07-26 12:43:21,900 - DEBUG - Collected collision time for BConcave+CConcave+3700_flipped at IoU 0.1: 4366.666666666666
2025-07-26 12:43:21,901 - DEBUG - Collected collision time for BConcave+CConcave+3700_flipped at IoU 0.15: 4516.666666666667
2025-07-26 12:43:21,901 - DEBUG - Collected collision time for BConcave+CConcave+3700_flipped at IoU 0.2: 4650.0
2025-07-26 12:43:21,901 - DEBUG - Collected collision time for BConcave+CConcave+3700_flipped at IoU 0.25: nan
2025-07-26 12:43:21,902 - DEBUG - Collected collision time for BConcave+CConcave+3700_flipped at IoU 0.3: nan
2025-07-26 12:43:21,902 - DEBUG - Collected collision time for BConcave+CConcave+3700_flipped at IoU 0.35: nan
2025-07-26 12:43:21,902 - DEBUG - Collected collision time for BConcave+CConcave+3700_flipped at IoU 0.4: nan
2025-07-26 12:43:21,903 - DEBUG - Collected collision time for BConcave+CConcave+3700_flipped at IoU 0.45: nan
2025-07-26 12:43:21,903 - DEBUG - Collected collision time for BConcave+CConcave+3700_flipped at IoU 0.5: nan
2025-07-26 12:43:21,903 - DEBUG - Collected collision time for BConcave+CConcave+3700_flipped at IoU 0.55: nan
2025-07-26 12:43:21,903 - DEBUG - Collected collision time for BConcave+CConcave+3700_flipped at IoU 0.6: nan
2025-07-26 12:43:21,904 - DEBUG - Collected collision time for BConcave+CConcave+3700_flipped at IoU 0.65: nan
2025-07-26 12:43:21,904 - DEBUG - Collected collision time for BConcave+CConcave+3700_flipped at IoU 0.7: nan
2025-07-26 12:43:21,904 - DEBUG - Collected collision time for BConcave+CConcave+3700_flipped at IoU 0.75: nan
2025-07-26 12:43:21,905 - DEBUG - Collected collision time for BConcave+CConcave+3700_flipped at IoU 0.8: nan
2025-07-26 12:43:21,905 - DEBUG - Collected collision time for BConcave+CConcave+3700_flipped at IoU 0.85: nan
2025-07-26 12:43:21,905 - DEBUG - Collected collision time for BConcave+CConcave+3700_flipped at IoU 0.9: nan
2025-07-26 12:43:21,906 - DEBUG - Collected collision time for BConcave+CConcave+3700_flipped at IoU 0.95: nan
2025-07-26 12:43:21,906 - DEBUG - Collected collision time for BConcave+CConcave+3900 at IoU 0.05: nan
2025-07-26 12:43:21,906 - DEBUG - Collected collision time for BConcave+CConcave+3900 at IoU 0.1: nan
2025-07-26 12:43:21,907 - DEBUG - Collected collision time for BConcave+CConcave+3900 at IoU 0.15: nan
2025-07-26 12:43:21,907 - DEBUG - Collected collision time for BConcave+CConcave+3900 at IoU 0.2: nan
2025-07-26 12:43:21,908 - DEBUG - Collected collision time for BConcave+CConcave+3900 at IoU 0.25: nan
2025-07-26 12:43:21,908 - DEBUG - Collected collision time for BConcave+CConcave+3900 at IoU 0.3: nan
2025-07-26 12:43:21,909 - DEBUG - Collected collision time for BConcave+CConcave+3900 at IoU 0.35: nan
2025-07-26 12:43:21,909 - DEBUG - Collected collision time for BConcave+CConcave+3900 at IoU 0.4: nan
2025-07-26 12:43:21,909 - DEBUG - Collected collision time for BConcave+CConcave+3900 at IoU 0.45: nan
2025-07-26 12:43:21,909 - DEBUG - Collected collision time for BConcave+CConcave+3900 at IoU 0.5: nan
2025-07-26 12:43:21,910 - DEBUG - Collected collision time for BConcave+CConcave+3900 at IoU 0.55: nan
2025-07-26 12:43:21,910 - DEBUG - Collected collision time for BConcave+CConcave+3900 at IoU 0.6: nan
2025-07-26 12:43:21,910 - DEBUG - Collected collision time for BConcave+CConcave+3900 at IoU 0.65: nan
2025-07-26 12:43:21,911 - DEBUG - Collected collision time for BConcave+CConcave+3900 at IoU 0.7: nan
2025-07-26 12:43:21,911 - DEBUG - Collected collision time for BConcave+CConcave+3900 at IoU 0.75: nan
2025-07-26 12:43:21,911 - DEBUG - Collected collision time for BConcave+CConcave+3900 at IoU 0.8: nan
2025-07-26 12:43:21,912 - DEBUG - Collected collision time for BConcave+CConcave+3900 at IoU 0.85: nan
2025-07-26 12:43:21,912 - DEBUG - Collected collision time for BConcave+CConcave+3900 at IoU 0.9: nan
2025-07-26 12:43:21,913 - DEBUG - Collected collision time for BConcave+CConcave+3900 at IoU 0.95: nan
2025-07-26 12:43:21,913 - DEBUG - Collected collision time for BConcave+CConcave+4100_flipped at IoU 0.05: nan
2025-07-26 12:43:21,913 - DEBUG - Collected collision time for BConcave+CConcave+4100_flipped at IoU 0.1: nan
2025-07-26 12:43:21,913 - DEBUG - Collected collision time for BConcave+CConcave+4100_flipped at IoU 0.15: nan
2025-07-26 12:43:21,914 - DEBUG - Collected collision time for BConcave+CConcave+4100_flipped at IoU 0.2: nan
2025-07-26 12:43:21,914 - DEBUG - Collected collision time for BConcave+CConcave+4100_flipped at IoU 0.25: nan
2025-07-26 12:43:21,914 - DEBUG - Collected collision time for BConcave+CConcave+4100_flipped at IoU 0.3: nan
2025-07-26 12:43:21,915 - DEBUG - Collected collision time for BConcave+CConcave+4100_flipped at IoU 0.35: nan
2025-07-26 12:43:21,915 - DEBUG - Collected collision time for BConcave+CConcave+4100_flipped at IoU 0.4: nan
2025-07-26 12:43:21,915 - DEBUG - Collected collision time for BConcave+CConcave+4100_flipped at IoU 0.45: nan
2025-07-26 12:43:21,915 - DEBUG - Collected collision time for BConcave+CConcave+4100_flipped at IoU 0.5: nan
2025-07-26 12:43:21,916 - DEBUG - Collected collision time for BConcave+CConcave+4100_flipped at IoU 0.55: nan
2025-07-26 12:43:21,916 - DEBUG - Collected collision time for BConcave+CConcave+4100_flipped at IoU 0.6: nan
2025-07-26 12:43:21,916 - DEBUG - Collected collision time for BConcave+CConcave+4100_flipped at IoU 0.65: nan
2025-07-26 12:43:21,916 - DEBUG - Collected collision time for BConcave+CConcave+4100_flipped at IoU 0.7: nan
2025-07-26 12:43:21,917 - DEBUG - Collected collision time for BConcave+CConcave+4100_flipped at IoU 0.75: nan
2025-07-26 12:43:21,917 - DEBUG - Collected collision time for BConcave+CConcave+4100_flipped at IoU 0.8: nan
2025-07-26 12:43:21,917 - DEBUG - Collected collision time for BConcave+CConcave+4100_flipped at IoU 0.85: nan
2025-07-26 12:43:21,917 - DEBUG - Collected collision time for BConcave+CConcave+4100_flipped at IoU 0.9: nan
2025-07-26 12:43:21,918 - DEBUG - Collected collision time for BConcave+CConcave+4100_flipped at IoU 0.95: nan
2025-07-26 12:43:21,918 - DEBUG - Collected collision time for BConcave+CConcave+4300 at IoU 0.05: 4550.0
2025-07-26 12:43:21,918 - DEBUG - Collected collision time for BConcave+CConcave+4300 at IoU 0.1: 4666.666666666667
2025-07-26 12:43:21,918 - DEBUG - Collected collision time for BConcave+CConcave+4300 at IoU 0.15: 4783.333333333333
2025-07-26 12:43:21,919 - DEBUG - Collected collision time for BConcave+CConcave+4300 at IoU 0.2: 4866.666666666666
2025-07-26 12:43:21,919 - DEBUG - Collected collision time for BConcave+CConcave+4300 at IoU 0.25: 4950.0
2025-07-26 12:43:21,919 - DEBUG - Collected collision time for BConcave+CConcave+4300 at IoU 0.3: 5066.666666666666
2025-07-26 12:43:21,920 - DEBUG - Collected collision time for BConcave+CConcave+4300 at IoU 0.35: nan
2025-07-26 12:43:21,920 - DEBUG - Collected collision time for BConcave+CConcave+4300 at IoU 0.4: nan
2025-07-26 12:43:21,920 - DEBUG - Collected collision time for BConcave+CConcave+4300 at IoU 0.45: nan
2025-07-26 12:43:21,921 - DEBUG - Collected collision time for BConcave+CConcave+4300 at IoU 0.5: nan
2025-07-26 12:43:21,921 - DEBUG - Collected collision time for BConcave+CConcave+4300 at IoU 0.55: nan
2025-07-26 12:43:21,921 - DEBUG - Collected collision time for BConcave+CConcave+4300 at IoU 0.6: nan
2025-07-26 12:43:21,921 - DEBUG - Collected collision time for BConcave+CConcave+4300 at IoU 0.65: nan
2025-07-26 12:43:21,922 - DEBUG - Collected collision time for BConcave+CConcave+4300 at IoU 0.7: nan
2025-07-26 12:43:21,922 - DEBUG - Collected collision time for BConcave+CConcave+4300 at IoU 0.75: nan
2025-07-26 12:43:21,923 - DEBUG - Collected collision time for BConcave+CConcave+4300 at IoU 0.8: nan
2025-07-26 12:43:21,923 - DEBUG - Collected collision time for BConcave+CConcave+4300 at IoU 0.85: nan
2025-07-26 12:43:21,923 - DEBUG - Collected collision time for BConcave+CConcave+4300 at IoU 0.9: nan
2025-07-26 12:43:21,923 - DEBUG - Collected collision time for BConcave+CConcave+4300 at IoU 0.95: nan
2025-07-26 12:43:21,924 - DEBUG - Collected collision time for BConcave+CConcave+4500_flipped at IoU 0.05: 4950.0
2025-07-26 12:43:21,924 - DEBUG - Collected collision time for BConcave+CConcave+4500_flipped at IoU 0.1: 5000.0
2025-07-26 12:43:21,924 - DEBUG - Collected collision time for BConcave+CConcave+4500_flipped at IoU 0.15: 5083.333333333333
2025-07-26 12:43:21,925 - DEBUG - Collected collision time for BConcave+CConcave+4500_flipped at IoU 0.2: nan
2025-07-26 12:43:21,925 - DEBUG - Collected collision time for BConcave+CConcave+4500_flipped at IoU 0.25: nan
2025-07-26 12:43:21,925 - DEBUG - Collected collision time for BConcave+CConcave+4500_flipped at IoU 0.3: nan
2025-07-26 12:43:21,926 - DEBUG - Collected collision time for BConcave+CConcave+4500_flipped at IoU 0.35: nan
2025-07-26 12:43:21,926 - DEBUG - Collected collision time for BConcave+CConcave+4500_flipped at IoU 0.4: nan
2025-07-26 12:43:21,926 - DEBUG - Collected collision time for BConcave+CConcave+4500_flipped at IoU 0.45: nan
2025-07-26 12:43:21,927 - DEBUG - Collected collision time for BConcave+CConcave+4500_flipped at IoU 0.5: nan
2025-07-26 12:43:21,927 - DEBUG - Collected collision time for BConcave+CConcave+4500_flipped at IoU 0.55: nan
2025-07-26 12:43:21,927 - DEBUG - Collected collision time for BConcave+CConcave+4500_flipped at IoU 0.6: nan
2025-07-26 12:43:21,928 - DEBUG - Collected collision time for BConcave+CConcave+4500_flipped at IoU 0.65: nan
2025-07-26 12:43:21,928 - DEBUG - Collected collision time for BConcave+CConcave+4500_flipped at IoU 0.7: nan
2025-07-26 12:43:21,928 - DEBUG - Collected collision time for BConcave+CConcave+4500_flipped at IoU 0.75: nan
2025-07-26 12:43:21,929 - DEBUG - Collected collision time for BConcave+CConcave+4500_flipped at IoU 0.8: nan
2025-07-26 12:43:21,929 - DEBUG - Collected collision time for BConcave+CConcave+4500_flipped at IoU 0.85: nan
2025-07-26 12:43:21,929 - DEBUG - Collected collision time for BConcave+CConcave+4500_flipped at IoU 0.9: nan
2025-07-26 12:43:21,930 - DEBUG - Collected collision time for BConcave+CConcave+4500_flipped at IoU 0.95: nan
2025-07-26 12:43:21,930 - DEBUG - Collected collision time for BConcave+CConvex+3500_flipped at IoU 0.05: 3816.666666666667
2025-07-26 12:43:21,930 - DEBUG - Collected collision time for BConcave+CConvex+3500_flipped at IoU 0.1: 3966.666666666667
2025-07-26 12:43:21,931 - DEBUG - Collected collision time for BConcave+CConvex+3500_flipped at IoU 0.15: 4066.6666666666665
2025-07-26 12:43:21,931 - DEBUG - Collected collision time for BConcave+CConvex+3500_flipped at IoU 0.2: 4150.0
2025-07-26 12:43:21,931 - DEBUG - Collected collision time for BConcave+CConvex+3500_flipped at IoU 0.25: 4216.666666666667
2025-07-26 12:43:21,932 - DEBUG - Collected collision time for BConcave+CConvex+3500_flipped at IoU 0.3: 4333.333333333333
2025-07-26 12:43:21,932 - DEBUG - Collected collision time for BConcave+CConvex+3500_flipped at IoU 0.35: 4583.333333333333
2025-07-26 12:43:21,932 - DEBUG - Collected collision time for BConcave+CConvex+3500_flipped at IoU 0.4: nan
2025-07-26 12:43:21,932 - DEBUG - Collected collision time for BConcave+CConvex+3500_flipped at IoU 0.45: nan
2025-07-26 12:43:21,933 - DEBUG - Collected collision time for BConcave+CConvex+3500_flipped at IoU 0.5: nan
2025-07-26 12:43:21,933 - DEBUG - Collected collision time for BConcave+CConvex+3500_flipped at IoU 0.55: nan
2025-07-26 12:43:21,933 - DEBUG - Collected collision time for BConcave+CConvex+3500_flipped at IoU 0.6: nan
2025-07-26 12:43:21,933 - DEBUG - Collected collision time for BConcave+CConvex+3500_flipped at IoU 0.65: nan
2025-07-26 12:43:21,934 - DEBUG - Collected collision time for BConcave+CConvex+3500_flipped at IoU 0.7: nan
2025-07-26 12:43:21,934 - DEBUG - Collected collision time for BConcave+CConvex+3500_flipped at IoU 0.75: nan
2025-07-26 12:43:21,934 - DEBUG - Collected collision time for BConcave+CConvex+3500_flipped at IoU 0.8: nan
2025-07-26 12:43:21,934 - DEBUG - Collected collision time for BConcave+CConvex+3500_flipped at IoU 0.85: nan
2025-07-26 12:43:21,935 - DEBUG - Collected collision time for BConcave+CConvex+3500_flipped at IoU 0.9: nan
2025-07-26 12:43:21,935 - DEBUG - Collected collision time for BConcave+CConvex+3500_flipped at IoU 0.95: nan
2025-07-26 12:43:21,935 - DEBUG - Collected collision time for BConcave+CConvex+3700 at IoU 0.05: 4016.6666666666665
2025-07-26 12:43:21,936 - DEBUG - Collected collision time for BConcave+CConvex+3700 at IoU 0.1: 4166.666666666667
2025-07-26 12:43:21,936 - DEBUG - Collected collision time for BConcave+CConvex+3700 at IoU 0.15: 4283.333333333333
2025-07-26 12:43:21,936 - DEBUG - Collected collision time for BConcave+CConvex+3700 at IoU 0.2: 4366.666666666666
2025-07-26 12:43:21,937 - DEBUG - Collected collision time for BConcave+CConvex+3700 at IoU 0.25: 4450.0
2025-07-26 12:43:21,937 - DEBUG - Collected collision time for BConcave+CConvex+3700 at IoU 0.3: 4750.0
2025-07-26 12:43:21,937 - DEBUG - Collected collision time for BConcave+CConvex+3700 at IoU 0.35: nan
2025-07-26 12:43:21,938 - DEBUG - Collected collision time for BConcave+CConvex+3700 at IoU 0.4: nan
2025-07-26 12:43:21,938 - DEBUG - Collected collision time for BConcave+CConvex+3700 at IoU 0.45: nan
2025-07-26 12:43:21,939 - DEBUG - Collected collision time for BConcave+CConvex+3700 at IoU 0.5: nan
2025-07-26 12:43:21,939 - DEBUG - Collected collision time for BConcave+CConvex+3700 at IoU 0.55: nan
2025-07-26 12:43:21,940 - DEBUG - Collected collision time for BConcave+CConvex+3700 at IoU 0.6: nan
2025-07-26 12:43:21,940 - DEBUG - Collected collision time for BConcave+CConvex+3700 at IoU 0.65: nan
2025-07-26 12:43:21,941 - DEBUG - Collected collision time for BConcave+CConvex+3700 at IoU 0.7: nan
2025-07-26 12:43:21,941 - DEBUG - Collected collision time for BConcave+CConvex+3700 at IoU 0.75: nan
2025-07-26 12:43:21,941 - DEBUG - Collected collision time for BConcave+CConvex+3700 at IoU 0.8: nan
2025-07-26 12:43:21,942 - DEBUG - Collected collision time for BConcave+CConvex+3700 at IoU 0.85: nan
2025-07-26 12:43:21,942 - DEBUG - Collected collision time for BConcave+CConvex+3700 at IoU 0.9: nan
2025-07-26 12:43:21,942 - DEBUG - Collected collision time for BConcave+CConvex+3700 at IoU 0.95: nan
2025-07-26 12:43:21,942 - DEBUG - Collected collision time for BConcave+CConvex+3900_flipped at IoU 0.05: 4166.666666666667
2025-07-26 12:43:21,943 - DEBUG - Collected collision time for BConcave+CConvex+3900_flipped at IoU 0.1: 4300.0
2025-07-26 12:43:21,943 - DEBUG - Collected collision time for BConcave+CConvex+3900_flipped at IoU 0.15: 4400.0
2025-07-26 12:43:21,944 - DEBUG - Collected collision time for BConcave+CConvex+3900_flipped at IoU 0.2: 4500.0
2025-07-26 12:43:21,944 - DEBUG - Collected collision time for BConcave+CConvex+3900_flipped at IoU 0.25: 4566.666666666666
2025-07-26 12:43:21,944 - DEBUG - Collected collision time for BConcave+CConvex+3900_flipped at IoU 0.3: 4666.666666666667
2025-07-26 12:43:21,945 - DEBUG - Collected collision time for BConcave+CConvex+3900_flipped at IoU 0.35: nan
2025-07-26 12:43:21,945 - DEBUG - Collected collision time for BConcave+CConvex+3900_flipped at IoU 0.4: nan
2025-07-26 12:43:21,945 - DEBUG - Collected collision time for BConcave+CConvex+3900_flipped at IoU 0.45: nan
2025-07-26 12:43:21,946 - DEBUG - Collected collision time for BConcave+CConvex+3900_flipped at IoU 0.5: nan
2025-07-26 12:43:21,946 - DEBUG - Collected collision time for BConcave+CConvex+3900_flipped at IoU 0.55: nan
2025-07-26 12:43:21,946 - DEBUG - Collected collision time for BConcave+CConvex+3900_flipped at IoU 0.6: nan
2025-07-26 12:43:21,947 - DEBUG - Collected collision time for BConcave+CConvex+3900_flipped at IoU 0.65: nan
2025-07-26 12:43:21,947 - DEBUG - Collected collision time for BConcave+CConvex+3900_flipped at IoU 0.7: nan
2025-07-26 12:43:21,947 - DEBUG - Collected collision time for BConcave+CConvex+3900_flipped at IoU 0.75: nan
2025-07-26 12:43:21,947 - DEBUG - Collected collision time for BConcave+CConvex+3900_flipped at IoU 0.8: nan
2025-07-26 12:43:21,948 - DEBUG - Collected collision time for BConcave+CConvex+3900_flipped at IoU 0.85: nan
2025-07-26 12:43:21,948 - DEBUG - Collected collision time for BConcave+CConvex+3900_flipped at IoU 0.9: nan
2025-07-26 12:43:21,949 - DEBUG - Collected collision time for BConcave+CConvex+3900_flipped at IoU 0.95: nan
2025-07-26 12:43:21,949 - DEBUG - Collected collision time for BConcave+CConvex+4100 at IoU 0.05: 4483.333333333333
2025-07-26 12:43:21,949 - DEBUG - Collected collision time for BConcave+CConvex+4100 at IoU 0.1: 4633.333333333334
2025-07-26 12:43:21,950 - DEBUG - Collected collision time for BConcave+CConvex+4100 at IoU 0.15: 4716.666666666667
2025-07-26 12:43:21,950 - DEBUG - Collected collision time for BConcave+CConvex+4100 at IoU 0.2: 4800.0
2025-07-26 12:43:21,950 - DEBUG - Collected collision time for BConcave+CConvex+4100 at IoU 0.25: 4883.333333333334
2025-07-26 12:43:21,951 - DEBUG - Collected collision time for BConcave+CConvex+4100 at IoU 0.3: nan
2025-07-26 12:43:21,951 - DEBUG - Collected collision time for BConcave+CConvex+4100 at IoU 0.35: nan
2025-07-26 12:43:21,951 - DEBUG - Collected collision time for BConcave+CConvex+4100 at IoU 0.4: nan
2025-07-26 12:43:21,952 - DEBUG - Collected collision time for BConcave+CConvex+4100 at IoU 0.45: nan
2025-07-26 12:43:21,952 - DEBUG - Collected collision time for BConcave+CConvex+4100 at IoU 0.5: nan
2025-07-26 12:43:21,953 - DEBUG - Collected collision time for BConcave+CConvex+4100 at IoU 0.55: nan
2025-07-26 12:43:21,953 - DEBUG - Collected collision time for BConcave+CConvex+4100 at IoU 0.6: nan
2025-07-26 12:43:21,953 - DEBUG - Collected collision time for BConcave+CConvex+4100 at IoU 0.65: nan
2025-07-26 12:43:21,954 - DEBUG - Collected collision time for BConcave+CConvex+4100 at IoU 0.7: nan
2025-07-26 12:43:21,954 - DEBUG - Collected collision time for BConcave+CConvex+4100 at IoU 0.75: nan
2025-07-26 12:43:21,955 - DEBUG - Collected collision time for BConcave+CConvex+4100 at IoU 0.8: nan
2025-07-26 12:43:21,955 - DEBUG - Collected collision time for BConcave+CConvex+4100 at IoU 0.85: nan
2025-07-26 12:43:21,955 - DEBUG - Collected collision time for BConcave+CConvex+4100 at IoU 0.9: nan
2025-07-26 12:43:21,955 - DEBUG - Collected collision time for BConcave+CConvex+4100 at IoU 0.95: nan
2025-07-26 12:43:21,956 - DEBUG - Collected collision time for BConcave+CConvex+4300_flipped at IoU 0.05: nan
2025-07-26 12:43:21,956 - DEBUG - Collected collision time for BConcave+CConvex+4300_flipped at IoU 0.1: nan
2025-07-26 12:43:21,956 - DEBUG - Collected collision time for BConcave+CConvex+4300_flipped at IoU 0.15: nan
2025-07-26 12:43:21,956 - DEBUG - Collected collision time for BConcave+CConvex+4300_flipped at IoU 0.2: nan
2025-07-26 12:43:21,956 - DEBUG - Collected collision time for BConcave+CConvex+4300_flipped at IoU 0.25: nan
2025-07-26 12:43:21,957 - DEBUG - Collected collision time for BConcave+CConvex+4300_flipped at IoU 0.3: nan
2025-07-26 12:43:21,957 - DEBUG - Collected collision time for BConcave+CConvex+4300_flipped at IoU 0.35: nan
2025-07-26 12:43:21,957 - DEBUG - Collected collision time for BConcave+CConvex+4300_flipped at IoU 0.4: nan
2025-07-26 12:43:21,958 - DEBUG - Collected collision time for BConcave+CConvex+4300_flipped at IoU 0.45: nan
2025-07-26 12:43:21,958 - DEBUG - Collected collision time for BConcave+CConvex+4300_flipped at IoU 0.5: nan
2025-07-26 12:43:21,959 - DEBUG - Collected collision time for BConcave+CConvex+4300_flipped at IoU 0.55: nan
2025-07-26 12:43:21,959 - DEBUG - Collected collision time for BConcave+CConvex+4300_flipped at IoU 0.6: nan
2025-07-26 12:43:21,959 - DEBUG - Collected collision time for BConcave+CConvex+4300_flipped at IoU 0.65: nan
2025-07-26 12:43:21,960 - DEBUG - Collected collision time for BConcave+CConvex+4300_flipped at IoU 0.7: nan
2025-07-26 12:43:21,960 - DEBUG - Collected collision time for BConcave+CConvex+4300_flipped at IoU 0.75: nan
2025-07-26 12:43:21,960 - DEBUG - Collected collision time for BConcave+CConvex+4300_flipped at IoU 0.8: nan
2025-07-26 12:43:21,960 - DEBUG - Collected collision time for BConcave+CConvex+4300_flipped at IoU 0.85: nan
2025-07-26 12:43:21,961 - DEBUG - Collected collision time for BConcave+CConvex+4300_flipped at IoU 0.9: nan
2025-07-26 12:43:21,961 - DEBUG - Collected collision time for BConcave+CConvex+4300_flipped at IoU 0.95: nan
2025-07-26 12:43:21,961 - DEBUG - Collected collision time for BConcave+CConvex+4500 at IoU 0.05: 4766.666666666667
2025-07-26 12:43:21,962 - DEBUG - Collected collision time for BConcave+CConvex+4500 at IoU 0.1: 4916.666666666667
2025-07-26 12:43:21,962 - DEBUG - Collected collision time for BConcave+CConvex+4500 at IoU 0.15: 5033.333333333333
2025-07-26 12:43:21,962 - DEBUG - Collected collision time for BConcave+CConvex+4500 at IoU 0.2: 5116.666666666666
2025-07-26 12:43:21,962 - DEBUG - Collected collision time for BConcave+CConvex+4500 at IoU 0.25: 5200.0
2025-07-26 12:43:21,963 - DEBUG - Collected collision time for BConcave+CConvex+4500 at IoU 0.3: 5350.0
2025-07-26 12:43:21,963 - DEBUG - Collected collision time for BConcave+CConvex+4500 at IoU 0.35: nan
2025-07-26 12:43:21,963 - DEBUG - Collected collision time for BConcave+CConvex+4500 at IoU 0.4: nan
2025-07-26 12:43:21,964 - DEBUG - Collected collision time for BConcave+CConvex+4500 at IoU 0.45: nan
2025-07-26 12:43:21,964 - DEBUG - Collected collision time for BConcave+CConvex+4500 at IoU 0.5: nan
2025-07-26 12:43:21,965 - DEBUG - Collected collision time for BConcave+CConvex+4500 at IoU 0.55: nan
2025-07-26 12:43:21,965 - DEBUG - Collected collision time for BConcave+CConvex+4500 at IoU 0.6: nan
2025-07-26 12:43:21,965 - DEBUG - Collected collision time for BConcave+CConvex+4500 at IoU 0.65: nan
2025-07-26 12:43:21,966 - DEBUG - Collected collision time for BConcave+CConvex+4500 at IoU 0.7: nan
2025-07-26 12:43:21,966 - DEBUG - Collected collision time for BConcave+CConvex+4500 at IoU 0.75: nan
2025-07-26 12:43:21,966 - DEBUG - Collected collision time for BConcave+CConvex+4500 at IoU 0.8: nan
2025-07-26 12:43:21,966 - DEBUG - Collected collision time for BConcave+CConvex+4500 at IoU 0.85: nan
2025-07-26 12:43:21,967 - DEBUG - Collected collision time for BConcave+CConvex+4500 at IoU 0.9: nan
2025-07-26 12:43:21,967 - DEBUG - Collected collision time for BConcave+CConvex+4500 at IoU 0.95: nan
2025-07-26 12:43:21,967 - DEBUG - Collected collision time for BConcave+DConcave+3500 at IoU 0.05: 1550.0
2025-07-26 12:43:21,967 - DEBUG - Collected collision time for BConcave+DConcave+3500 at IoU 0.1: 1550.0
2025-07-26 12:43:21,968 - DEBUG - Collected collision time for BConcave+DConcave+3500 at IoU 0.15: 1550.0
2025-07-26 12:43:21,968 - DEBUG - Collected collision time for BConcave+DConcave+3500 at IoU 0.2: 1550.0
2025-07-26 12:43:21,968 - DEBUG - Collected collision time for BConcave+DConcave+3500 at IoU 0.25: 1550.0
2025-07-26 12:43:21,969 - DEBUG - Collected collision time for BConcave+DConcave+3500 at IoU 0.3: 1550.0
2025-07-26 12:43:21,969 - DEBUG - Collected collision time for BConcave+DConcave+3500 at IoU 0.35: 1550.0
2025-07-26 12:43:21,970 - DEBUG - Collected collision time for BConcave+DConcave+3500 at IoU 0.4: 1550.0
2025-07-26 12:43:21,970 - DEBUG - Collected collision time for BConcave+DConcave+3500 at IoU 0.45: 1550.0
2025-07-26 12:43:21,970 - DEBUG - Collected collision time for BConcave+DConcave+3500 at IoU 0.5: 1550.0
2025-07-26 12:43:21,970 - DEBUG - Collected collision time for BConcave+DConcave+3500 at IoU 0.55: 1550.0
2025-07-26 12:43:21,971 - DEBUG - Collected collision time for BConcave+DConcave+3500 at IoU 0.6: 1550.0
2025-07-26 12:43:21,971 - DEBUG - Collected collision time for BConcave+DConcave+3500 at IoU 0.65: 1550.0
2025-07-26 12:43:21,971 - DEBUG - Collected collision time for BConcave+DConcave+3500 at IoU 0.7: 1550.0
2025-07-26 12:43:21,972 - DEBUG - Collected collision time for BConcave+DConcave+3500 at IoU 0.75: 1550.0
2025-07-26 12:43:21,972 - DEBUG - Collected collision time for BConcave+DConcave+3500 at IoU 0.8: 1550.0
2025-07-26 12:43:21,973 - DEBUG - Collected collision time for BConcave+DConcave+3500 at IoU 0.85: 1550.0
2025-07-26 12:43:21,973 - DEBUG - Collected collision time for BConcave+DConcave+3500 at IoU 0.9: nan
2025-07-26 12:43:21,973 - DEBUG - Collected collision time for BConcave+DConcave+3500 at IoU 0.95: nan
2025-07-26 12:43:21,974 - DEBUG - Collected collision time for BConcave+DConcave+3700_flipped at IoU 0.05: 4233.333333333333
2025-07-26 12:43:21,974 - DEBUG - Collected collision time for BConcave+DConcave+3700_flipped at IoU 0.1: nan
2025-07-26 12:43:21,974 - DEBUG - Collected collision time for BConcave+DConcave+3700_flipped at IoU 0.15: nan
2025-07-26 12:43:21,975 - DEBUG - Collected collision time for BConcave+DConcave+3700_flipped at IoU 0.2: nan
2025-07-26 12:43:21,975 - DEBUG - Collected collision time for BConcave+DConcave+3700_flipped at IoU 0.25: nan
2025-07-26 12:43:21,975 - DEBUG - Collected collision time for BConcave+DConcave+3700_flipped at IoU 0.3: nan
2025-07-26 12:43:21,976 - DEBUG - Collected collision time for BConcave+DConcave+3700_flipped at IoU 0.35: nan
2025-07-26 12:43:21,976 - DEBUG - Collected collision time for BConcave+DConcave+3700_flipped at IoU 0.4: nan
2025-07-26 12:43:21,976 - DEBUG - Collected collision time for BConcave+DConcave+3700_flipped at IoU 0.45: nan
2025-07-26 12:43:21,977 - DEBUG - Collected collision time for BConcave+DConcave+3700_flipped at IoU 0.5: nan
2025-07-26 12:43:21,977 - DEBUG - Collected collision time for BConcave+DConcave+3700_flipped at IoU 0.55: nan
2025-07-26 12:43:21,977 - DEBUG - Collected collision time for BConcave+DConcave+3700_flipped at IoU 0.6: nan
2025-07-26 12:43:21,978 - DEBUG - Collected collision time for BConcave+DConcave+3700_flipped at IoU 0.65: nan
2025-07-26 12:43:21,978 - DEBUG - Collected collision time for BConcave+DConcave+3700_flipped at IoU 0.7: nan
2025-07-26 12:43:21,978 - DEBUG - Collected collision time for BConcave+DConcave+3700_flipped at IoU 0.75: nan
2025-07-26 12:43:21,979 - DEBUG - Collected collision time for BConcave+DConcave+3700_flipped at IoU 0.8: nan
2025-07-26 12:43:21,979 - DEBUG - Collected collision time for BConcave+DConcave+3700_flipped at IoU 0.85: nan
2025-07-26 12:43:21,979 - DEBUG - Collected collision time for BConcave+DConcave+3700_flipped at IoU 0.9: nan
2025-07-26 12:43:21,980 - DEBUG - Collected collision time for BConcave+DConcave+3700_flipped at IoU 0.95: nan
2025-07-26 12:43:21,980 - DEBUG - Collected collision time for BConcave+DConcave+3900 at IoU 0.05: nan
2025-07-26 12:43:21,980 - DEBUG - Collected collision time for BConcave+DConcave+3900 at IoU 0.1: nan
2025-07-26 12:43:21,981 - DEBUG - Collected collision time for BConcave+DConcave+3900 at IoU 0.15: nan
2025-07-26 12:43:21,981 - DEBUG - Collected collision time for BConcave+DConcave+3900 at IoU 0.2: nan
2025-07-26 12:43:21,982 - DEBUG - Collected collision time for BConcave+DConcave+3900 at IoU 0.25: nan
2025-07-26 12:43:21,982 - DEBUG - Collected collision time for BConcave+DConcave+3900 at IoU 0.3: nan
2025-07-26 12:43:21,982 - DEBUG - Collected collision time for BConcave+DConcave+3900 at IoU 0.35: nan
2025-07-26 12:43:21,982 - DEBUG - Collected collision time for BConcave+DConcave+3900 at IoU 0.4: nan
2025-07-26 12:43:21,983 - DEBUG - Collected collision time for BConcave+DConcave+3900 at IoU 0.45: nan
2025-07-26 12:43:21,983 - DEBUG - Collected collision time for BConcave+DConcave+3900 at IoU 0.5: nan
2025-07-26 12:43:21,983 - DEBUG - Collected collision time for BConcave+DConcave+3900 at IoU 0.55: nan
2025-07-26 12:43:21,984 - DEBUG - Collected collision time for BConcave+DConcave+3900 at IoU 0.6: nan
2025-07-26 12:43:21,984 - DEBUG - Collected collision time for BConcave+DConcave+3900 at IoU 0.65: nan
2025-07-26 12:43:21,984 - DEBUG - Collected collision time for BConcave+DConcave+3900 at IoU 0.7: nan
2025-07-26 12:43:21,985 - DEBUG - Collected collision time for BConcave+DConcave+3900 at IoU 0.75: nan
2025-07-26 12:43:21,985 - DEBUG - Collected collision time for BConcave+DConcave+3900 at IoU 0.8: nan
2025-07-26 12:43:21,985 - DEBUG - Collected collision time for BConcave+DConcave+3900 at IoU 0.85: nan
2025-07-26 12:43:21,986 - DEBUG - Collected collision time for BConcave+DConcave+3900 at IoU 0.9: nan
2025-07-26 12:43:21,986 - DEBUG - Collected collision time for BConcave+DConcave+3900 at IoU 0.95: nan
2025-07-26 12:43:21,986 - DEBUG - Collected collision time for BConcave+DConcave+4100_flipped at IoU 0.05: 1400.0
2025-07-26 12:43:21,986 - DEBUG - Collected collision time for BConcave+DConcave+4100_flipped at IoU 0.1: nan
2025-07-26 12:43:21,987 - DEBUG - Collected collision time for BConcave+DConcave+4100_flipped at IoU 0.15: nan
2025-07-26 12:43:21,987 - DEBUG - Collected collision time for BConcave+DConcave+4100_flipped at IoU 0.2: nan
2025-07-26 12:43:21,987 - DEBUG - Collected collision time for BConcave+DConcave+4100_flipped at IoU 0.25: nan
2025-07-26 12:43:21,988 - DEBUG - Collected collision time for BConcave+DConcave+4100_flipped at IoU 0.3: nan
2025-07-26 12:43:21,988 - DEBUG - Collected collision time for BConcave+DConcave+4100_flipped at IoU 0.35: nan
2025-07-26 12:43:21,988 - DEBUG - Collected collision time for BConcave+DConcave+4100_flipped at IoU 0.4: nan
2025-07-26 12:43:21,989 - DEBUG - Collected collision time for BConcave+DConcave+4100_flipped at IoU 0.45: nan
2025-07-26 12:43:21,989 - DEBUG - Collected collision time for BConcave+DConcave+4100_flipped at IoU 0.5: nan
2025-07-26 12:43:21,989 - DEBUG - Collected collision time for BConcave+DConcave+4100_flipped at IoU 0.55: nan
2025-07-26 12:43:21,990 - DEBUG - Collected collision time for BConcave+DConcave+4100_flipped at IoU 0.6: nan
2025-07-26 12:43:21,990 - DEBUG - Collected collision time for BConcave+DConcave+4100_flipped at IoU 0.65: nan
2025-07-26 12:43:21,990 - DEBUG - Collected collision time for BConcave+DConcave+4100_flipped at IoU 0.7: nan
2025-07-26 12:43:21,991 - DEBUG - Collected collision time for BConcave+DConcave+4100_flipped at IoU 0.75: nan
2025-07-26 12:43:21,991 - DEBUG - Collected collision time for BConcave+DConcave+4100_flipped at IoU 0.8: nan
2025-07-26 12:43:21,992 - DEBUG - Collected collision time for BConcave+DConcave+4100_flipped at IoU 0.85: nan
2025-07-26 12:43:21,992 - DEBUG - Collected collision time for BConcave+DConcave+4100_flipped at IoU 0.9: nan
2025-07-26 12:43:21,992 - DEBUG - Collected collision time for BConcave+DConcave+4100_flipped at IoU 0.95: nan
2025-07-26 12:43:21,992 - DEBUG - Collected collision time for BConcave+DConcave+4300 at IoU 0.05: nan
2025-07-26 12:43:21,993 - DEBUG - Collected collision time for BConcave+DConcave+4300 at IoU 0.1: nan
2025-07-26 12:43:21,993 - DEBUG - Collected collision time for BConcave+DConcave+4300 at IoU 0.15: nan
2025-07-26 12:43:21,993 - DEBUG - Collected collision time for BConcave+DConcave+4300 at IoU 0.2: nan
2025-07-26 12:43:21,994 - DEBUG - Collected collision time for BConcave+DConcave+4300 at IoU 0.25: nan
2025-07-26 12:43:21,994 - DEBUG - Collected collision time for BConcave+DConcave+4300 at IoU 0.3: nan
2025-07-26 12:43:21,994 - DEBUG - Collected collision time for BConcave+DConcave+4300 at IoU 0.35: nan
2025-07-26 12:43:21,995 - DEBUG - Collected collision time for BConcave+DConcave+4300 at IoU 0.4: nan
2025-07-26 12:43:21,995 - DEBUG - Collected collision time for BConcave+DConcave+4300 at IoU 0.45: nan
2025-07-26 12:43:21,995 - DEBUG - Collected collision time for BConcave+DConcave+4300 at IoU 0.5: nan
2025-07-26 12:43:21,996 - DEBUG - Collected collision time for BConcave+DConcave+4300 at IoU 0.55: nan
2025-07-26 12:43:21,996 - DEBUG - Collected collision time for BConcave+DConcave+4300 at IoU 0.6: nan
2025-07-26 12:43:21,997 - DEBUG - Collected collision time for BConcave+DConcave+4300 at IoU 0.65: nan
2025-07-26 12:43:21,997 - DEBUG - Collected collision time for BConcave+DConcave+4300 at IoU 0.7: nan
2025-07-26 12:43:21,997 - DEBUG - Collected collision time for BConcave+DConcave+4300 at IoU 0.75: nan
2025-07-26 12:43:21,997 - DEBUG - Collected collision time for BConcave+DConcave+4300 at IoU 0.8: nan
2025-07-26 12:43:21,998 - DEBUG - Collected collision time for BConcave+DConcave+4300 at IoU 0.85: nan
2025-07-26 12:43:21,998 - DEBUG - Collected collision time for BConcave+DConcave+4300 at IoU 0.9: nan
2025-07-26 12:43:21,998 - DEBUG - Collected collision time for BConcave+DConcave+4300 at IoU 0.95: nan
2025-07-26 12:43:21,999 - DEBUG - Collected collision time for BConcave+DConcave+4500_flipped at IoU 0.05: 4966.666666666667
2025-07-26 12:43:21,999 - DEBUG - Collected collision time for BConcave+DConcave+4500_flipped at IoU 0.1: nan
2025-07-26 12:43:21,999 - DEBUG - Collected collision time for BConcave+DConcave+4500_flipped at IoU 0.15: nan
2025-07-26 12:43:22,000 - DEBUG - Collected collision time for BConcave+DConcave+4500_flipped at IoU 0.2: nan
2025-07-26 12:43:22,000 - DEBUG - Collected collision time for BConcave+DConcave+4500_flipped at IoU 0.25: nan
2025-07-26 12:43:22,000 - DEBUG - Collected collision time for BConcave+DConcave+4500_flipped at IoU 0.3: nan
2025-07-26 12:43:22,000 - DEBUG - Collected collision time for BConcave+DConcave+4500_flipped at IoU 0.35: nan
2025-07-26 12:43:22,001 - DEBUG - Collected collision time for BConcave+DConcave+4500_flipped at IoU 0.4: nan
2025-07-26 12:43:22,001 - DEBUG - Collected collision time for BConcave+DConcave+4500_flipped at IoU 0.45: nan
2025-07-26 12:43:22,001 - DEBUG - Collected collision time for BConcave+DConcave+4500_flipped at IoU 0.5: nan
2025-07-26 12:43:22,002 - DEBUG - Collected collision time for BConcave+DConcave+4500_flipped at IoU 0.55: nan
2025-07-26 12:43:22,002 - DEBUG - Collected collision time for BConcave+DConcave+4500_flipped at IoU 0.6: nan
2025-07-26 12:43:22,002 - DEBUG - Collected collision time for BConcave+DConcave+4500_flipped at IoU 0.65: nan
2025-07-26 12:43:22,002 - DEBUG - Collected collision time for BConcave+DConcave+4500_flipped at IoU 0.7: nan
2025-07-26 12:43:22,002 - DEBUG - Collected collision time for BConcave+DConcave+4500_flipped at IoU 0.75: nan
2025-07-26 12:43:22,003 - DEBUG - Collected collision time for BConcave+DConcave+4500_flipped at IoU 0.8: nan
2025-07-26 12:43:22,003 - DEBUG - Collected collision time for BConcave+DConcave+4500_flipped at IoU 0.85: nan
2025-07-26 12:43:22,003 - DEBUG - Collected collision time for BConcave+DConcave+4500_flipped at IoU 0.9: nan
2025-07-26 12:43:22,003 - DEBUG - Collected collision time for BConcave+DConcave+4500_flipped at IoU 0.95: nan
2025-07-26 12:43:22,004 - DEBUG - Collected collision time for BConcave+DConvex+3500_flipped at IoU 0.05: 4716.666666666667
2025-07-26 12:43:22,004 - DEBUG - Collected collision time for BConcave+DConvex+3500_flipped at IoU 0.1: nan
2025-07-26 12:43:22,004 - DEBUG - Collected collision time for BConcave+DConvex+3500_flipped at IoU 0.15: nan
2025-07-26 12:43:22,004 - DEBUG - Collected collision time for BConcave+DConvex+3500_flipped at IoU 0.2: nan
2025-07-26 12:43:22,004 - DEBUG - Collected collision time for BConcave+DConvex+3500_flipped at IoU 0.25: nan
2025-07-26 12:43:22,005 - DEBUG - Collected collision time for BConcave+DConvex+3500_flipped at IoU 0.3: nan
2025-07-26 12:43:22,005 - DEBUG - Collected collision time for BConcave+DConvex+3500_flipped at IoU 0.35: nan
2025-07-26 12:43:22,005 - DEBUG - Collected collision time for BConcave+DConvex+3500_flipped at IoU 0.4: nan
2025-07-26 12:43:22,005 - DEBUG - Collected collision time for BConcave+DConvex+3500_flipped at IoU 0.45: nan
2025-07-26 12:43:22,006 - DEBUG - Collected collision time for BConcave+DConvex+3500_flipped at IoU 0.5: nan
2025-07-26 12:43:22,006 - DEBUG - Collected collision time for BConcave+DConvex+3500_flipped at IoU 0.55: nan
2025-07-26 12:43:22,006 - DEBUG - Collected collision time for BConcave+DConvex+3500_flipped at IoU 0.6: nan
2025-07-26 12:43:22,006 - DEBUG - Collected collision time for BConcave+DConvex+3500_flipped at IoU 0.65: nan
2025-07-26 12:43:22,006 - DEBUG - Collected collision time for BConcave+DConvex+3500_flipped at IoU 0.7: nan
2025-07-26 12:43:22,007 - DEBUG - Collected collision time for BConcave+DConvex+3500_flipped at IoU 0.75: nan
2025-07-26 12:43:22,007 - DEBUG - Collected collision time for BConcave+DConvex+3500_flipped at IoU 0.8: nan
2025-07-26 12:43:22,007 - DEBUG - Collected collision time for BConcave+DConvex+3500_flipped at IoU 0.85: nan
2025-07-26 12:43:22,007 - DEBUG - Collected collision time for BConcave+DConvex+3500_flipped at IoU 0.9: nan
2025-07-26 12:43:22,008 - DEBUG - Collected collision time for BConcave+DConvex+3500_flipped at IoU 0.95: nan
2025-07-26 12:43:22,008 - DEBUG - Collected collision time for BConcave+DConvex+3700 at IoU 0.05: 4866.666666666666
2025-07-26 12:43:22,008 - DEBUG - Collected collision time for BConcave+DConvex+3700 at IoU 0.1: 4883.333333333334
2025-07-26 12:43:22,008 - DEBUG - Collected collision time for BConcave+DConvex+3700 at IoU 0.15: 5083.333333333333
2025-07-26 12:43:22,009 - DEBUG - Collected collision time for BConcave+DConvex+3700 at IoU 0.2: nan
2025-07-26 12:43:22,009 - DEBUG - Collected collision time for BConcave+DConvex+3700 at IoU 0.25: nan
2025-07-26 12:43:22,009 - DEBUG - Collected collision time for BConcave+DConvex+3700 at IoU 0.3: nan
2025-07-26 12:43:22,009 - DEBUG - Collected collision time for BConcave+DConvex+3700 at IoU 0.35: nan
2025-07-26 12:43:22,010 - DEBUG - Collected collision time for BConcave+DConvex+3700 at IoU 0.4: nan
2025-07-26 12:43:22,010 - DEBUG - Collected collision time for BConcave+DConvex+3700 at IoU 0.45: nan
2025-07-26 12:43:22,010 - DEBUG - Collected collision time for BConcave+DConvex+3700 at IoU 0.5: nan
2025-07-26 12:43:22,011 - DEBUG - Collected collision time for BConcave+DConvex+3700 at IoU 0.55: nan
2025-07-26 12:43:22,011 - DEBUG - Collected collision time for BConcave+DConvex+3700 at IoU 0.6: nan
2025-07-26 12:43:22,011 - DEBUG - Collected collision time for BConcave+DConvex+3700 at IoU 0.65: nan
2025-07-26 12:43:22,012 - DEBUG - Collected collision time for BConcave+DConvex+3700 at IoU 0.7: nan
2025-07-26 12:43:22,012 - DEBUG - Collected collision time for BConcave+DConvex+3700 at IoU 0.75: nan
2025-07-26 12:43:22,012 - DEBUG - Collected collision time for BConcave+DConvex+3700 at IoU 0.8: nan
2025-07-26 12:43:22,013 - DEBUG - Collected collision time for BConcave+DConvex+3700 at IoU 0.85: nan
2025-07-26 12:43:22,013 - DEBUG - Collected collision time for BConcave+DConvex+3700 at IoU 0.9: nan
2025-07-26 12:43:22,013 - DEBUG - Collected collision time for BConcave+DConvex+3700 at IoU 0.95: nan
2025-07-26 12:43:22,014 - DEBUG - Collected collision time for BConcave+DConvex+3900_flipped at IoU 0.05: 4766.666666666667
2025-07-26 12:43:22,014 - DEBUG - Collected collision time for BConcave+DConvex+3900_flipped at IoU 0.1: 5116.666666666666
2025-07-26 12:43:22,014 - DEBUG - Collected collision time for BConcave+DConvex+3900_flipped at IoU 0.15: 5350.0
2025-07-26 12:43:22,014 - DEBUG - Collected collision time for BConcave+DConvex+3900_flipped at IoU 0.2: 5350.0
2025-07-26 12:43:22,015 - DEBUG - Collected collision time for BConcave+DConvex+3900_flipped at IoU 0.25: nan
2025-07-26 12:43:22,015 - DEBUG - Collected collision time for BConcave+DConvex+3900_flipped at IoU 0.3: nan
2025-07-26 12:43:22,015 - DEBUG - Collected collision time for BConcave+DConvex+3900_flipped at IoU 0.35: nan
2025-07-26 12:43:22,016 - DEBUG - Collected collision time for BConcave+DConvex+3900_flipped at IoU 0.4: nan
2025-07-26 12:43:22,016 - DEBUG - Collected collision time for BConcave+DConvex+3900_flipped at IoU 0.45: nan
2025-07-26 12:43:22,016 - DEBUG - Collected collision time for BConcave+DConvex+3900_flipped at IoU 0.5: nan
2025-07-26 12:43:22,017 - DEBUG - Collected collision time for BConcave+DConvex+3900_flipped at IoU 0.55: nan
2025-07-26 12:43:22,017 - DEBUG - Collected collision time for BConcave+DConvex+3900_flipped at IoU 0.6: nan
2025-07-26 12:43:22,017 - DEBUG - Collected collision time for BConcave+DConvex+3900_flipped at IoU 0.65: nan
2025-07-26 12:43:22,018 - DEBUG - Collected collision time for BConcave+DConvex+3900_flipped at IoU 0.7: nan
2025-07-26 12:43:22,018 - DEBUG - Collected collision time for BConcave+DConvex+3900_flipped at IoU 0.75: nan
2025-07-26 12:43:22,018 - DEBUG - Collected collision time for BConcave+DConvex+3900_flipped at IoU 0.8: nan
2025-07-26 12:43:22,019 - DEBUG - Collected collision time for BConcave+DConvex+3900_flipped at IoU 0.85: nan
2025-07-26 12:43:22,019 - DEBUG - Collected collision time for BConcave+DConvex+3900_flipped at IoU 0.9: nan
2025-07-26 12:43:22,019 - DEBUG - Collected collision time for BConcave+DConvex+3900_flipped at IoU 0.95: nan
2025-07-26 12:43:22,020 - DEBUG - Collected collision time for BConcave+DConvex+4100 at IoU 0.05: 4566.666666666666
2025-07-26 12:43:22,020 - DEBUG - Collected collision time for BConcave+DConvex+4100 at IoU 0.1: 4750.0
2025-07-26 12:43:22,020 - DEBUG - Collected collision time for BConcave+DConvex+4100 at IoU 0.15: 4866.666666666666
2025-07-26 12:43:22,020 - DEBUG - Collected collision time for BConcave+DConvex+4100 at IoU 0.2: 5000.0
2025-07-26 12:43:22,021 - DEBUG - Collected collision time for BConcave+DConvex+4100 at IoU 0.25: 5066.666666666666
2025-07-26 12:43:22,021 - DEBUG - Collected collision time for BConcave+DConvex+4100 at IoU 0.3: 5116.666666666666
2025-07-26 12:43:22,021 - DEBUG - Collected collision time for BConcave+DConvex+4100 at IoU 0.35: 5166.666666666667
2025-07-26 12:43:22,021 - DEBUG - Collected collision time for BConcave+DConvex+4100 at IoU 0.4: 5200.0
2025-07-26 12:43:22,022 - DEBUG - Collected collision time for BConcave+DConvex+4100 at IoU 0.45: 5250.0
2025-07-26 12:43:22,022 - DEBUG - Collected collision time for BConcave+DConvex+4100 at IoU 0.5: 5300.0
2025-07-26 12:43:22,022 - DEBUG - Collected collision time for BConcave+DConvex+4100 at IoU 0.55: nan
2025-07-26 12:43:22,023 - DEBUG - Collected collision time for BConcave+DConvex+4100 at IoU 0.6: nan
2025-07-26 12:43:22,023 - DEBUG - Collected collision time for BConcave+DConvex+4100 at IoU 0.65: nan
2025-07-26 12:43:22,023 - DEBUG - Collected collision time for BConcave+DConvex+4100 at IoU 0.7: nan
2025-07-26 12:43:22,023 - DEBUG - Collected collision time for BConcave+DConvex+4100 at IoU 0.75: nan
2025-07-26 12:43:22,023 - DEBUG - Collected collision time for BConcave+DConvex+4100 at IoU 0.8: nan
2025-07-26 12:43:22,024 - DEBUG - Collected collision time for BConcave+DConvex+4100 at IoU 0.85: nan
2025-07-26 12:43:22,024 - DEBUG - Collected collision time for BConcave+DConvex+4100 at IoU 0.9: nan
2025-07-26 12:43:22,024 - DEBUG - Collected collision time for BConcave+DConvex+4100 at IoU 0.95: nan
2025-07-26 12:43:22,025 - DEBUG - Collected collision time for BConcave+DConvex+4300_flipped at IoU 0.05: 4783.333333333333
2025-07-26 12:43:22,025 - DEBUG - Collected collision time for BConcave+DConvex+4300_flipped at IoU 0.1: 4966.666666666667
2025-07-26 12:43:22,025 - DEBUG - Collected collision time for BConcave+DConvex+4300_flipped at IoU 0.15: 5016.666666666667
2025-07-26 12:43:22,025 - DEBUG - Collected collision time for BConcave+DConvex+4300_flipped at IoU 0.2: 5150.0
2025-07-26 12:43:22,026 - DEBUG - Collected collision time for BConcave+DConvex+4300_flipped at IoU 0.25: 5216.666666666667
2025-07-26 12:43:22,026 - DEBUG - Collected collision time for BConcave+DConvex+4300_flipped at IoU 0.3: 5283.333333333333
2025-07-26 12:43:22,026 - DEBUG - Collected collision time for BConcave+DConvex+4300_flipped at IoU 0.35: 5366.666666666666
2025-07-26 12:43:22,027 - DEBUG - Collected collision time for BConcave+DConvex+4300_flipped at IoU 0.4: 5400.0
2025-07-26 12:43:22,027 - DEBUG - Collected collision time for BConcave+DConvex+4300_flipped at IoU 0.45: 5466.666666666667
2025-07-26 12:43:22,027 - DEBUG - Collected collision time for BConcave+DConvex+4300_flipped at IoU 0.5: nan
2025-07-26 12:43:22,027 - DEBUG - Collected collision time for BConcave+DConvex+4300_flipped at IoU 0.55: nan
2025-07-26 12:43:22,027 - DEBUG - Collected collision time for BConcave+DConvex+4300_flipped at IoU 0.6: nan
2025-07-26 12:43:22,028 - DEBUG - Collected collision time for BConcave+DConvex+4300_flipped at IoU 0.65: nan
2025-07-26 12:43:22,028 - DEBUG - Collected collision time for BConcave+DConvex+4300_flipped at IoU 0.7: nan
2025-07-26 12:43:22,028 - DEBUG - Collected collision time for BConcave+DConvex+4300_flipped at IoU 0.75: nan
2025-07-26 12:43:22,029 - DEBUG - Collected collision time for BConcave+DConvex+4300_flipped at IoU 0.8: nan
2025-07-26 12:43:22,029 - DEBUG - Collected collision time for BConcave+DConvex+4300_flipped at IoU 0.85: nan
2025-07-26 12:43:22,030 - DEBUG - Collected collision time for BConcave+DConvex+4300_flipped at IoU 0.9: nan
2025-07-26 12:43:22,030 - DEBUG - Collected collision time for BConcave+DConvex+4300_flipped at IoU 0.95: nan
2025-07-26 12:43:22,030 - DEBUG - Collected collision time for BConcave+DConvex+4500 at IoU 0.05: 5250.0
2025-07-26 12:43:22,031 - DEBUG - Collected collision time for BConcave+DConvex+4500 at IoU 0.1: 5350.0
2025-07-26 12:43:22,031 - DEBUG - Collected collision time for BConcave+DConvex+4500 at IoU 0.15: 5433.333333333334
2025-07-26 12:43:22,031 - DEBUG - Collected collision time for BConcave+DConvex+4500 at IoU 0.2: nan
2025-07-26 12:43:22,032 - DEBUG - Collected collision time for BConcave+DConvex+4500 at IoU 0.25: nan
2025-07-26 12:43:22,032 - DEBUG - Collected collision time for BConcave+DConvex+4500 at IoU 0.3: nan
2025-07-26 12:43:22,032 - DEBUG - Collected collision time for BConcave+DConvex+4500 at IoU 0.35: nan
2025-07-26 12:43:22,032 - DEBUG - Collected collision time for BConcave+DConvex+4500 at IoU 0.4: nan
2025-07-26 12:43:22,033 - DEBUG - Collected collision time for BConcave+DConvex+4500 at IoU 0.45: nan
2025-07-26 12:43:22,033 - DEBUG - Collected collision time for BConcave+DConvex+4500 at IoU 0.5: nan
2025-07-26 12:43:22,033 - DEBUG - Collected collision time for BConcave+DConvex+4500 at IoU 0.55: nan
2025-07-26 12:43:22,033 - DEBUG - Collected collision time for BConcave+DConvex+4500 at IoU 0.6: nan
2025-07-26 12:43:22,034 - DEBUG - Collected collision time for BConcave+DConvex+4500 at IoU 0.65: nan
2025-07-26 12:43:22,034 - DEBUG - Collected collision time for BConcave+DConvex+4500 at IoU 0.7: nan
2025-07-26 12:43:22,034 - DEBUG - Collected collision time for BConcave+DConvex+4500 at IoU 0.75: nan
2025-07-26 12:43:22,035 - DEBUG - Collected collision time for BConcave+DConvex+4500 at IoU 0.8: nan
2025-07-26 12:43:22,035 - DEBUG - Collected collision time for BConcave+DConvex+4500 at IoU 0.85: nan
2025-07-26 12:43:22,035 - DEBUG - Collected collision time for BConcave+DConvex+4500 at IoU 0.9: nan
2025-07-26 12:43:22,036 - DEBUG - Collected collision time for BConcave+DConvex+4500 at IoU 0.95: nan
2025-07-26 12:43:22,036 - DEBUG - Collected collision time for BConcave+EConcave+3500_flipped at IoU 0.05: 3883.3333333333335
2025-07-26 12:43:22,036 - DEBUG - Collected collision time for BConcave+EConcave+3500_flipped at IoU 0.1: 4200.0
2025-07-26 12:43:22,037 - DEBUG - Collected collision time for BConcave+EConcave+3500_flipped at IoU 0.15: nan
2025-07-26 12:43:22,037 - DEBUG - Collected collision time for BConcave+EConcave+3500_flipped at IoU 0.2: nan
2025-07-26 12:43:22,037 - DEBUG - Collected collision time for BConcave+EConcave+3500_flipped at IoU 0.25: nan
2025-07-26 12:43:22,037 - DEBUG - Collected collision time for BConcave+EConcave+3500_flipped at IoU 0.3: nan
2025-07-26 12:43:22,038 - DEBUG - Collected collision time for BConcave+EConcave+3500_flipped at IoU 0.35: nan
2025-07-26 12:43:22,038 - DEBUG - Collected collision time for BConcave+EConcave+3500_flipped at IoU 0.4: nan
2025-07-26 12:43:22,038 - DEBUG - Collected collision time for BConcave+EConcave+3500_flipped at IoU 0.45: nan
2025-07-26 12:43:22,039 - DEBUG - Collected collision time for BConcave+EConcave+3500_flipped at IoU 0.5: nan
2025-07-26 12:43:22,039 - DEBUG - Collected collision time for BConcave+EConcave+3500_flipped at IoU 0.55: nan
2025-07-26 12:43:22,040 - DEBUG - Collected collision time for BConcave+EConcave+3500_flipped at IoU 0.6: nan
2025-07-26 12:43:22,040 - DEBUG - Collected collision time for BConcave+EConcave+3500_flipped at IoU 0.65: nan
2025-07-26 12:43:22,040 - DEBUG - Collected collision time for BConcave+EConcave+3500_flipped at IoU 0.7: nan
2025-07-26 12:43:22,041 - DEBUG - Collected collision time for BConcave+EConcave+3500_flipped at IoU 0.75: nan
2025-07-26 12:43:22,041 - DEBUG - Collected collision time for BConcave+EConcave+3500_flipped at IoU 0.8: nan
2025-07-26 12:43:22,041 - DEBUG - Collected collision time for BConcave+EConcave+3500_flipped at IoU 0.85: nan
2025-07-26 12:43:22,041 - DEBUG - Collected collision time for BConcave+EConcave+3500_flipped at IoU 0.9: nan
2025-07-26 12:43:22,042 - DEBUG - Collected collision time for BConcave+EConcave+3500_flipped at IoU 0.95: nan
2025-07-26 12:43:22,042 - DEBUG - Collected collision time for BConcave+EConcave+3700 at IoU 0.05: 3933.333333333333
2025-07-26 12:43:22,042 - DEBUG - Collected collision time for BConcave+EConcave+3700 at IoU 0.1: 4050.0
2025-07-26 12:43:22,043 - DEBUG - Collected collision time for BConcave+EConcave+3700 at IoU 0.15: 4250.0
2025-07-26 12:43:22,043 - DEBUG - Collected collision time for BConcave+EConcave+3700 at IoU 0.2: nan
2025-07-26 12:43:22,043 - DEBUG - Collected collision time for BConcave+EConcave+3700 at IoU 0.25: nan
2025-07-26 12:43:22,044 - DEBUG - Collected collision time for BConcave+EConcave+3700 at IoU 0.3: nan
2025-07-26 12:43:22,044 - DEBUG - Collected collision time for BConcave+EConcave+3700 at IoU 0.35: nan
2025-07-26 12:43:22,044 - DEBUG - Collected collision time for BConcave+EConcave+3700 at IoU 0.4: nan
2025-07-26 12:43:22,045 - DEBUG - Collected collision time for BConcave+EConcave+3700 at IoU 0.45: nan
2025-07-26 12:43:22,045 - DEBUG - Collected collision time for BConcave+EConcave+3700 at IoU 0.5: nan
2025-07-26 12:43:22,045 - DEBUG - Collected collision time for BConcave+EConcave+3700 at IoU 0.55: nan
2025-07-26 12:43:22,045 - DEBUG - Collected collision time for BConcave+EConcave+3700 at IoU 0.6: nan
2025-07-26 12:43:22,046 - DEBUG - Collected collision time for BConcave+EConcave+3700 at IoU 0.65: nan
2025-07-26 12:43:22,046 - DEBUG - Collected collision time for BConcave+EConcave+3700 at IoU 0.7: nan
2025-07-26 12:43:22,047 - DEBUG - Collected collision time for BConcave+EConcave+3700 at IoU 0.75: nan
2025-07-26 12:43:22,047 - DEBUG - Collected collision time for BConcave+EConcave+3700 at IoU 0.8: nan
2025-07-26 12:43:22,047 - DEBUG - Collected collision time for BConcave+EConcave+3700 at IoU 0.85: nan
2025-07-26 12:43:22,047 - DEBUG - Collected collision time for BConcave+EConcave+3700 at IoU 0.9: nan
2025-07-26 12:43:22,048 - DEBUG - Collected collision time for BConcave+EConcave+3700 at IoU 0.95: nan
2025-07-26 12:43:22,048 - DEBUG - Collected collision time for BConcave+EConcave+3900_flipped at IoU 0.05: nan
2025-07-26 12:43:22,048 - DEBUG - Collected collision time for BConcave+EConcave+3900_flipped at IoU 0.1: nan
2025-07-26 12:43:22,049 - DEBUG - Collected collision time for BConcave+EConcave+3900_flipped at IoU 0.15: nan
2025-07-26 12:43:22,049 - DEBUG - Collected collision time for BConcave+EConcave+3900_flipped at IoU 0.2: nan
2025-07-26 12:43:22,049 - DEBUG - Collected collision time for BConcave+EConcave+3900_flipped at IoU 0.25: nan
2025-07-26 12:43:22,050 - DEBUG - Collected collision time for BConcave+EConcave+3900_flipped at IoU 0.3: nan
2025-07-26 12:43:22,050 - DEBUG - Collected collision time for BConcave+EConcave+3900_flipped at IoU 0.35: nan
2025-07-26 12:43:22,050 - DEBUG - Collected collision time for BConcave+EConcave+3900_flipped at IoU 0.4: nan
2025-07-26 12:43:22,051 - DEBUG - Collected collision time for BConcave+EConcave+3900_flipped at IoU 0.45: nan
2025-07-26 12:43:22,051 - DEBUG - Collected collision time for BConcave+EConcave+3900_flipped at IoU 0.5: nan
2025-07-26 12:43:22,051 - DEBUG - Collected collision time for BConcave+EConcave+3900_flipped at IoU 0.55: nan
2025-07-26 12:43:22,052 - DEBUG - Collected collision time for BConcave+EConcave+3900_flipped at IoU 0.6: nan
2025-07-26 12:43:22,052 - DEBUG - Collected collision time for BConcave+EConcave+3900_flipped at IoU 0.65: nan
2025-07-26 12:43:22,052 - DEBUG - Collected collision time for BConcave+EConcave+3900_flipped at IoU 0.7: nan
2025-07-26 12:43:22,053 - DEBUG - Collected collision time for BConcave+EConcave+3900_flipped at IoU 0.75: nan
2025-07-26 12:43:22,053 - DEBUG - Collected collision time for BConcave+EConcave+3900_flipped at IoU 0.8: nan
2025-07-26 12:43:22,053 - DEBUG - Collected collision time for BConcave+EConcave+3900_flipped at IoU 0.85: nan
2025-07-26 12:43:22,053 - DEBUG - Collected collision time for BConcave+EConcave+3900_flipped at IoU 0.9: nan
2025-07-26 12:43:22,054 - DEBUG - Collected collision time for BConcave+EConcave+3900_flipped at IoU 0.95: nan
2025-07-26 12:43:22,054 - DEBUG - Collected collision time for BConcave+EConcave+4100 at IoU 0.05: nan
2025-07-26 12:43:22,054 - DEBUG - Collected collision time for BConcave+EConcave+4100 at IoU 0.1: nan
2025-07-26 12:43:22,055 - DEBUG - Collected collision time for BConcave+EConcave+4100 at IoU 0.15: nan
2025-07-26 12:43:22,055 - DEBUG - Collected collision time for BConcave+EConcave+4100 at IoU 0.2: nan
2025-07-26 12:43:22,055 - DEBUG - Collected collision time for BConcave+EConcave+4100 at IoU 0.25: nan
2025-07-26 12:43:22,056 - DEBUG - Collected collision time for BConcave+EConcave+4100 at IoU 0.3: nan
2025-07-26 12:43:22,056 - DEBUG - Collected collision time for BConcave+EConcave+4100 at IoU 0.35: nan
2025-07-26 12:43:22,056 - DEBUG - Collected collision time for BConcave+EConcave+4100 at IoU 0.4: nan
2025-07-26 12:43:22,056 - DEBUG - Collected collision time for BConcave+EConcave+4100 at IoU 0.45: nan
2025-07-26 12:43:22,057 - DEBUG - Collected collision time for BConcave+EConcave+4100 at IoU 0.5: nan
2025-07-26 12:43:22,057 - DEBUG - Collected collision time for BConcave+EConcave+4100 at IoU 0.55: nan
2025-07-26 12:43:22,057 - DEBUG - Collected collision time for BConcave+EConcave+4100 at IoU 0.6: nan
2025-07-26 12:43:22,057 - DEBUG - Collected collision time for BConcave+EConcave+4100 at IoU 0.65: nan
2025-07-26 12:43:22,058 - DEBUG - Collected collision time for BConcave+EConcave+4100 at IoU 0.7: nan
2025-07-26 12:43:22,058 - DEBUG - Collected collision time for BConcave+EConcave+4100 at IoU 0.75: nan
2025-07-26 12:43:22,059 - DEBUG - Collected collision time for BConcave+EConcave+4100 at IoU 0.8: nan
2025-07-26 12:43:22,059 - DEBUG - Collected collision time for BConcave+EConcave+4100 at IoU 0.85: nan
2025-07-26 12:43:22,060 - DEBUG - Collected collision time for BConcave+EConcave+4100 at IoU 0.9: nan
2025-07-26 12:43:22,060 - DEBUG - Collected collision time for BConcave+EConcave+4100 at IoU 0.95: nan
2025-07-26 12:43:22,061 - DEBUG - Collected collision time for BConcave+EConcave+4300_flipped at IoU 0.05: 4583.333333333333
2025-07-26 12:43:22,061 - DEBUG - Collected collision time for BConcave+EConcave+4300_flipped at IoU 0.1: 4750.0
2025-07-26 12:43:22,061 - DEBUG - Collected collision time for BConcave+EConcave+4300_flipped at IoU 0.15: nan
2025-07-26 12:43:22,062 - DEBUG - Collected collision time for BConcave+EConcave+4300_flipped at IoU 0.2: nan
2025-07-26 12:43:22,062 - DEBUG - Collected collision time for BConcave+EConcave+4300_flipped at IoU 0.25: nan
2025-07-26 12:43:22,062 - DEBUG - Collected collision time for BConcave+EConcave+4300_flipped at IoU 0.3: nan
2025-07-26 12:43:22,063 - DEBUG - Collected collision time for BConcave+EConcave+4300_flipped at IoU 0.35: nan
2025-07-26 12:43:22,063 - DEBUG - Collected collision time for BConcave+EConcave+4300_flipped at IoU 0.4: nan
2025-07-26 12:43:22,064 - DEBUG - Collected collision time for BConcave+EConcave+4300_flipped at IoU 0.45: nan
2025-07-26 12:43:22,064 - DEBUG - Collected collision time for BConcave+EConcave+4300_flipped at IoU 0.5: nan
2025-07-26 12:43:22,064 - DEBUG - Collected collision time for BConcave+EConcave+4300_flipped at IoU 0.55: nan
2025-07-26 12:43:22,064 - DEBUG - Collected collision time for BConcave+EConcave+4300_flipped at IoU 0.6: nan
2025-07-26 12:43:22,065 - DEBUG - Collected collision time for BConcave+EConcave+4300_flipped at IoU 0.65: nan
2025-07-26 12:43:22,065 - DEBUG - Collected collision time for BConcave+EConcave+4300_flipped at IoU 0.7: nan
2025-07-26 12:43:22,066 - DEBUG - Collected collision time for BConcave+EConcave+4300_flipped at IoU 0.75: nan
2025-07-26 12:43:22,066 - DEBUG - Collected collision time for BConcave+EConcave+4300_flipped at IoU 0.8: nan
2025-07-26 12:43:22,066 - DEBUG - Collected collision time for BConcave+EConcave+4300_flipped at IoU 0.85: nan
2025-07-26 12:43:22,067 - DEBUG - Collected collision time for BConcave+EConcave+4300_flipped at IoU 0.9: nan
2025-07-26 12:43:22,067 - DEBUG - Collected collision time for BConcave+EConcave+4300_flipped at IoU 0.95: nan
2025-07-26 12:43:22,067 - DEBUG - Collected collision time for BConcave+EConcave+4500 at IoU 0.05: 1650.0
2025-07-26 12:43:22,068 - DEBUG - Collected collision time for BConcave+EConcave+4500 at IoU 0.1: 1650.0
2025-07-26 12:43:22,068 - DEBUG - Collected collision time for BConcave+EConcave+4500 at IoU 0.15: 1650.0
2025-07-26 12:43:22,069 - DEBUG - Collected collision time for BConcave+EConcave+4500 at IoU 0.2: 1650.0
2025-07-26 12:43:22,069 - DEBUG - Collected collision time for BConcave+EConcave+4500 at IoU 0.25: 1650.0
2025-07-26 12:43:22,069 - DEBUG - Collected collision time for BConcave+EConcave+4500 at IoU 0.3: 1650.0
2025-07-26 12:43:22,070 - DEBUG - Collected collision time for BConcave+EConcave+4500 at IoU 0.35: 1650.0
2025-07-26 12:43:22,070 - DEBUG - Collected collision time for BConcave+EConcave+4500 at IoU 0.4: 1650.0
2025-07-26 12:43:22,070 - DEBUG - Collected collision time for BConcave+EConcave+4500 at IoU 0.45: 1650.0
2025-07-26 12:43:22,070 - DEBUG - Collected collision time for BConcave+EConcave+4500 at IoU 0.5: 1650.0
2025-07-26 12:43:22,071 - DEBUG - Collected collision time for BConcave+EConcave+4500 at IoU 0.55: 1650.0
2025-07-26 12:43:22,071 - DEBUG - Collected collision time for BConcave+EConcave+4500 at IoU 0.6: 1650.0
2025-07-26 12:43:22,071 - DEBUG - Collected collision time for BConcave+EConcave+4500 at IoU 0.65: 1650.0
2025-07-26 12:43:22,071 - DEBUG - Collected collision time for BConcave+EConcave+4500 at IoU 0.7: 1650.0
2025-07-26 12:43:22,071 - DEBUG - Collected collision time for BConcave+EConcave+4500 at IoU 0.75: 1650.0
2025-07-26 12:43:22,072 - DEBUG - Collected collision time for BConcave+EConcave+4500 at IoU 0.8: 1666.6666666666667
2025-07-26 12:43:22,072 - DEBUG - Collected collision time for BConcave+EConcave+4500 at IoU 0.85: nan
2025-07-26 12:43:22,072 - DEBUG - Collected collision time for BConcave+EConcave+4500 at IoU 0.9: nan
2025-07-26 12:43:22,072 - DEBUG - Collected collision time for BConcave+EConcave+4500 at IoU 0.95: nan
2025-07-26 12:43:22,073 - DEBUG - Collected collision time for BConcave+EConvex+3500 at IoU 0.05: 3750.0
2025-07-26 12:43:22,073 - DEBUG - Collected collision time for BConcave+EConvex+3500 at IoU 0.1: 3866.6666666666665
2025-07-26 12:43:22,073 - DEBUG - Collected collision time for BConcave+EConvex+3500 at IoU 0.15: 3966.666666666667
2025-07-26 12:43:22,073 - DEBUG - Collected collision time for BConcave+EConvex+3500 at IoU 0.2: 4050.0
2025-07-26 12:43:22,074 - DEBUG - Collected collision time for BConcave+EConvex+3500 at IoU 0.25: 4133.333333333334
2025-07-26 12:43:22,074 - DEBUG - Collected collision time for BConcave+EConvex+3500 at IoU 0.3: 4216.666666666667
2025-07-26 12:43:22,074 - DEBUG - Collected collision time for BConcave+EConvex+3500 at IoU 0.35: nan
2025-07-26 12:43:22,074 - DEBUG - Collected collision time for BConcave+EConvex+3500 at IoU 0.4: nan
2025-07-26 12:43:22,074 - DEBUG - Collected collision time for BConcave+EConvex+3500 at IoU 0.45: nan
2025-07-26 12:43:22,075 - DEBUG - Collected collision time for BConcave+EConvex+3500 at IoU 0.5: nan
2025-07-26 12:43:22,075 - DEBUG - Collected collision time for BConcave+EConvex+3500 at IoU 0.55: nan
2025-07-26 12:43:22,075 - DEBUG - Collected collision time for BConcave+EConvex+3500 at IoU 0.6: nan
2025-07-26 12:43:22,075 - DEBUG - Collected collision time for BConcave+EConvex+3500 at IoU 0.65: nan
2025-07-26 12:43:22,076 - DEBUG - Collected collision time for BConcave+EConvex+3500 at IoU 0.7: nan
2025-07-26 12:43:22,076 - DEBUG - Collected collision time for BConcave+EConvex+3500 at IoU 0.75: nan
2025-07-26 12:43:22,076 - DEBUG - Collected collision time for BConcave+EConvex+3500 at IoU 0.8: nan
2025-07-26 12:43:22,076 - DEBUG - Collected collision time for BConcave+EConvex+3500 at IoU 0.85: nan
2025-07-26 12:43:22,077 - DEBUG - Collected collision time for BConcave+EConvex+3500 at IoU 0.9: nan
2025-07-26 12:43:22,077 - DEBUG - Collected collision time for BConcave+EConvex+3500 at IoU 0.95: nan
2025-07-26 12:43:22,077 - DEBUG - Collected collision time for BConcave+EConvex+3700_flipped at IoU 0.05: nan
2025-07-26 12:43:22,077 - DEBUG - Collected collision time for BConcave+EConvex+3700_flipped at IoU 0.1: nan
2025-07-26 12:43:22,077 - DEBUG - Collected collision time for BConcave+EConvex+3700_flipped at IoU 0.15: nan
2025-07-26 12:43:22,078 - DEBUG - Collected collision time for BConcave+EConvex+3700_flipped at IoU 0.2: nan
2025-07-26 12:43:22,078 - DEBUG - Collected collision time for BConcave+EConvex+3700_flipped at IoU 0.25: nan
2025-07-26 12:43:22,078 - DEBUG - Collected collision time for BConcave+EConvex+3700_flipped at IoU 0.3: nan
2025-07-26 12:43:22,079 - DEBUG - Collected collision time for BConcave+EConvex+3700_flipped at IoU 0.35: nan
2025-07-26 12:43:22,079 - DEBUG - Collected collision time for BConcave+EConvex+3700_flipped at IoU 0.4: nan
2025-07-26 12:43:22,079 - DEBUG - Collected collision time for BConcave+EConvex+3700_flipped at IoU 0.45: nan
2025-07-26 12:43:22,080 - DEBUG - Collected collision time for BConcave+EConvex+3700_flipped at IoU 0.5: nan
2025-07-26 12:43:22,080 - DEBUG - Collected collision time for BConcave+EConvex+3700_flipped at IoU 0.55: nan
2025-07-26 12:43:22,080 - DEBUG - Collected collision time for BConcave+EConvex+3700_flipped at IoU 0.6: nan
2025-07-26 12:43:22,080 - DEBUG - Collected collision time for BConcave+EConvex+3700_flipped at IoU 0.65: nan
2025-07-26 12:43:22,081 - DEBUG - Collected collision time for BConcave+EConvex+3700_flipped at IoU 0.7: nan
2025-07-26 12:43:22,081 - DEBUG - Collected collision time for BConcave+EConvex+3700_flipped at IoU 0.75: nan
2025-07-26 12:43:22,081 - DEBUG - Collected collision time for BConcave+EConvex+3700_flipped at IoU 0.8: nan
2025-07-26 12:43:22,082 - DEBUG - Collected collision time for BConcave+EConvex+3700_flipped at IoU 0.85: nan
2025-07-26 12:43:22,082 - DEBUG - Collected collision time for BConcave+EConvex+3700_flipped at IoU 0.9: nan
2025-07-26 12:43:22,082 - DEBUG - Collected collision time for BConcave+EConvex+3700_flipped at IoU 0.95: nan
2025-07-26 12:43:22,083 - DEBUG - Collected collision time for BConcave+EConvex+3900 at IoU 0.05: nan
2025-07-26 12:43:22,083 - DEBUG - Collected collision time for BConcave+EConvex+3900 at IoU 0.1: nan
2025-07-26 12:43:22,084 - DEBUG - Collected collision time for BConcave+EConvex+3900 at IoU 0.15: nan
2025-07-26 12:43:22,084 - DEBUG - Collected collision time for BConcave+EConvex+3900 at IoU 0.2: nan
2025-07-26 12:43:22,084 - DEBUG - Collected collision time for BConcave+EConvex+3900 at IoU 0.25: nan
2025-07-26 12:43:22,084 - DEBUG - Collected collision time for BConcave+EConvex+3900 at IoU 0.3: nan
2025-07-26 12:43:22,085 - DEBUG - Collected collision time for BConcave+EConvex+3900 at IoU 0.35: nan
2025-07-26 12:43:22,085 - DEBUG - Collected collision time for BConcave+EConvex+3900 at IoU 0.4: nan
2025-07-26 12:43:22,086 - DEBUG - Collected collision time for BConcave+EConvex+3900 at IoU 0.45: nan
2025-07-26 12:43:22,086 - DEBUG - Collected collision time for BConcave+EConvex+3900 at IoU 0.5: nan
2025-07-26 12:43:22,086 - DEBUG - Collected collision time for BConcave+EConvex+3900 at IoU 0.55: nan
2025-07-26 12:43:22,086 - DEBUG - Collected collision time for BConcave+EConvex+3900 at IoU 0.6: nan
2025-07-26 12:43:22,087 - DEBUG - Collected collision time for BConcave+EConvex+3900 at IoU 0.65: nan
2025-07-26 12:43:22,087 - DEBUG - Collected collision time for BConcave+EConvex+3900 at IoU 0.7: nan
2025-07-26 12:43:22,087 - DEBUG - Collected collision time for BConcave+EConvex+3900 at IoU 0.75: nan
2025-07-26 12:43:22,087 - DEBUG - Collected collision time for BConcave+EConvex+3900 at IoU 0.8: nan
2025-07-26 12:43:22,087 - DEBUG - Collected collision time for BConcave+EConvex+3900 at IoU 0.85: nan
2025-07-26 12:43:22,088 - DEBUG - Collected collision time for BConcave+EConvex+3900 at IoU 0.9: nan
2025-07-26 12:43:22,088 - DEBUG - Collected collision time for BConcave+EConvex+3900 at IoU 0.95: nan
2025-07-26 12:43:22,088 - DEBUG - Collected collision time for BConcave+EConvex+4100_flipped at IoU 0.05: 2583.3333333333335
2025-07-26 12:43:22,089 - DEBUG - Collected collision time for BConcave+EConvex+4100_flipped at IoU 0.1: nan
2025-07-26 12:43:22,089 - DEBUG - Collected collision time for BConcave+EConvex+4100_flipped at IoU 0.15: nan
2025-07-26 12:43:22,089 - DEBUG - Collected collision time for BConcave+EConvex+4100_flipped at IoU 0.2: nan
2025-07-26 12:43:22,090 - DEBUG - Collected collision time for BConcave+EConvex+4100_flipped at IoU 0.25: nan
2025-07-26 12:43:22,090 - DEBUG - Collected collision time for BConcave+EConvex+4100_flipped at IoU 0.3: nan
2025-07-26 12:43:22,090 - DEBUG - Collected collision time for BConcave+EConvex+4100_flipped at IoU 0.35: nan
2025-07-26 12:43:22,091 - DEBUG - Collected collision time for BConcave+EConvex+4100_flipped at IoU 0.4: nan
2025-07-26 12:43:22,091 - DEBUG - Collected collision time for BConcave+EConvex+4100_flipped at IoU 0.45: nan
2025-07-26 12:43:22,091 - DEBUG - Collected collision time for BConcave+EConvex+4100_flipped at IoU 0.5: nan
2025-07-26 12:43:22,091 - DEBUG - Collected collision time for BConcave+EConvex+4100_flipped at IoU 0.55: nan
2025-07-26 12:43:22,092 - DEBUG - Collected collision time for BConcave+EConvex+4100_flipped at IoU 0.6: nan
2025-07-26 12:43:22,092 - DEBUG - Collected collision time for BConcave+EConvex+4100_flipped at IoU 0.65: nan
2025-07-26 12:43:22,092 - DEBUG - Collected collision time for BConcave+EConvex+4100_flipped at IoU 0.7: nan
2025-07-26 12:43:22,093 - DEBUG - Collected collision time for BConcave+EConvex+4100_flipped at IoU 0.75: nan
2025-07-26 12:43:22,093 - DEBUG - Collected collision time for BConcave+EConvex+4100_flipped at IoU 0.8: nan
2025-07-26 12:43:22,093 - DEBUG - Collected collision time for BConcave+EConvex+4100_flipped at IoU 0.85: nan
2025-07-26 12:43:22,094 - DEBUG - Collected collision time for BConcave+EConvex+4100_flipped at IoU 0.9: nan
2025-07-26 12:43:22,094 - DEBUG - Collected collision time for BConcave+EConvex+4100_flipped at IoU 0.95: nan
2025-07-26 12:43:22,094 - DEBUG - Collected collision time for BConcave+EConvex+4300 at IoU 0.05: 4700.0
2025-07-26 12:43:22,095 - DEBUG - Collected collision time for BConcave+EConvex+4300 at IoU 0.1: 4833.333333333333
2025-07-26 12:43:22,095 - DEBUG - Collected collision time for BConcave+EConvex+4300 at IoU 0.15: 5100.0
2025-07-26 12:43:22,095 - DEBUG - Collected collision time for BConcave+EConvex+4300 at IoU 0.2: nan
2025-07-26 12:43:22,096 - DEBUG - Collected collision time for BConcave+EConvex+4300 at IoU 0.25: nan
2025-07-26 12:43:22,096 - DEBUG - Collected collision time for BConcave+EConvex+4300 at IoU 0.3: nan
2025-07-26 12:43:22,096 - DEBUG - Collected collision time for BConcave+EConvex+4300 at IoU 0.35: nan
2025-07-26 12:43:22,096 - DEBUG - Collected collision time for BConcave+EConvex+4300 at IoU 0.4: nan
2025-07-26 12:43:22,097 - DEBUG - Collected collision time for BConcave+EConvex+4300 at IoU 0.45: nan
2025-07-26 12:43:22,097 - DEBUG - Collected collision time for BConcave+EConvex+4300 at IoU 0.5: nan
2025-07-26 12:43:22,097 - DEBUG - Collected collision time for BConcave+EConvex+4300 at IoU 0.55: nan
2025-07-26 12:43:22,098 - DEBUG - Collected collision time for BConcave+EConvex+4300 at IoU 0.6: nan
2025-07-26 12:43:22,098 - DEBUG - Collected collision time for BConcave+EConvex+4300 at IoU 0.65: nan
2025-07-26 12:43:22,098 - DEBUG - Collected collision time for BConcave+EConvex+4300 at IoU 0.7: nan
2025-07-26 12:43:22,098 - DEBUG - Collected collision time for BConcave+EConvex+4300 at IoU 0.75: nan
2025-07-26 12:43:22,098 - DEBUG - Collected collision time for BConcave+EConvex+4300 at IoU 0.8: nan
2025-07-26 12:43:22,099 - DEBUG - Collected collision time for BConcave+EConvex+4300 at IoU 0.85: nan
2025-07-26 12:43:22,099 - DEBUG - Collected collision time for BConcave+EConvex+4300 at IoU 0.9: nan
2025-07-26 12:43:22,099 - DEBUG - Collected collision time for BConcave+EConvex+4300 at IoU 0.95: nan
2025-07-26 12:43:22,099 - DEBUG - Collected collision time for BConcave+EConvex+4500_flipped at IoU 0.05: 4800.0
2025-07-26 12:43:22,100 - DEBUG - Collected collision time for BConcave+EConvex+4500_flipped at IoU 0.1: 4900.0
2025-07-26 12:43:22,100 - DEBUG - Collected collision time for BConcave+EConvex+4500_flipped at IoU 0.15: 5000.0
2025-07-26 12:43:22,100 - DEBUG - Collected collision time for BConcave+EConvex+4500_flipped at IoU 0.2: 5083.333333333333
2025-07-26 12:43:22,100 - DEBUG - Collected collision time for BConcave+EConvex+4500_flipped at IoU 0.25: 5216.666666666667
2025-07-26 12:43:22,101 - DEBUG - Collected collision time for BConcave+EConvex+4500_flipped at IoU 0.3: nan
2025-07-26 12:43:22,101 - DEBUG - Collected collision time for BConcave+EConvex+4500_flipped at IoU 0.35: nan
2025-07-26 12:43:22,101 - DEBUG - Collected collision time for BConcave+EConvex+4500_flipped at IoU 0.4: nan
2025-07-26 12:43:22,102 - DEBUG - Collected collision time for BConcave+EConvex+4500_flipped at IoU 0.45: nan
2025-07-26 12:43:22,102 - DEBUG - Collected collision time for BConcave+EConvex+4500_flipped at IoU 0.5: nan
2025-07-26 12:43:22,102 - DEBUG - Collected collision time for BConcave+EConvex+4500_flipped at IoU 0.55: nan
2025-07-26 12:43:22,102 - DEBUG - Collected collision time for BConcave+EConvex+4500_flipped at IoU 0.6: nan
2025-07-26 12:43:22,103 - DEBUG - Collected collision time for BConcave+EConvex+4500_flipped at IoU 0.65: nan
2025-07-26 12:43:22,103 - DEBUG - Collected collision time for BConcave+EConvex+4500_flipped at IoU 0.7: nan
2025-07-26 12:43:22,103 - DEBUG - Collected collision time for BConcave+EConvex+4500_flipped at IoU 0.75: nan
2025-07-26 12:43:22,104 - DEBUG - Collected collision time for BConcave+EConvex+4500_flipped at IoU 0.8: nan
2025-07-26 12:43:22,104 - DEBUG - Collected collision time for BConcave+EConvex+4500_flipped at IoU 0.85: nan
2025-07-26 12:43:22,104 - DEBUG - Collected collision time for BConcave+EConvex+4500_flipped at IoU 0.9: nan
2025-07-26 12:43:22,105 - DEBUG - Collected collision time for BConcave+EConvex+4500_flipped at IoU 0.95: nan
2025-07-26 12:43:22,105 - DEBUG - Collected collision time for BConcave+FConcave+3500_flipped at IoU 0.05: 3833.3333333333335
2025-07-26 12:43:22,105 - DEBUG - Collected collision time for BConcave+FConcave+3500_flipped at IoU 0.1: 3966.666666666667
2025-07-26 12:43:22,106 - DEBUG - Collected collision time for BConcave+FConcave+3500_flipped at IoU 0.15: 4083.333333333333
2025-07-26 12:43:22,106 - DEBUG - Collected collision time for BConcave+FConcave+3500_flipped at IoU 0.2: 4183.333333333334
2025-07-26 12:43:22,106 - DEBUG - Collected collision time for BConcave+FConcave+3500_flipped at IoU 0.25: 4266.666666666667
2025-07-26 12:43:22,107 - DEBUG - Collected collision time for BConcave+FConcave+3500_flipped at IoU 0.3: 4383.333333333334
2025-07-26 12:43:22,107 - DEBUG - Collected collision time for BConcave+FConcave+3500_flipped at IoU 0.35: 4466.666666666667
2025-07-26 12:43:22,108 - DEBUG - Collected collision time for BConcave+FConcave+3500_flipped at IoU 0.4: 4583.333333333333
2025-07-26 12:43:22,108 - DEBUG - Collected collision time for BConcave+FConcave+3500_flipped at IoU 0.45: nan
2025-07-26 12:43:22,108 - DEBUG - Collected collision time for BConcave+FConcave+3500_flipped at IoU 0.5: nan
2025-07-26 12:43:22,109 - DEBUG - Collected collision time for BConcave+FConcave+3500_flipped at IoU 0.55: nan
2025-07-26 12:43:22,109 - DEBUG - Collected collision time for BConcave+FConcave+3500_flipped at IoU 0.6: nan
2025-07-26 12:43:22,109 - DEBUG - Collected collision time for BConcave+FConcave+3500_flipped at IoU 0.65: nan
2025-07-26 12:43:22,110 - DEBUG - Collected collision time for BConcave+FConcave+3500_flipped at IoU 0.7: nan
2025-07-26 12:43:22,110 - DEBUG - Collected collision time for BConcave+FConcave+3500_flipped at IoU 0.75: nan
2025-07-26 12:43:22,110 - DEBUG - Collected collision time for BConcave+FConcave+3500_flipped at IoU 0.8: nan
2025-07-26 12:43:22,111 - DEBUG - Collected collision time for BConcave+FConcave+3500_flipped at IoU 0.85: nan
2025-07-26 12:43:22,111 - DEBUG - Collected collision time for BConcave+FConcave+3500_flipped at IoU 0.9: nan
2025-07-26 12:43:22,112 - DEBUG - Collected collision time for BConcave+FConcave+3500_flipped at IoU 0.95: nan
2025-07-26 12:43:22,112 - DEBUG - Collected collision time for BConcave+FConcave+3700 at IoU 0.05: 1633.3333333333333
2025-07-26 12:43:22,112 - DEBUG - Collected collision time for BConcave+FConcave+3700 at IoU 0.1: 1633.3333333333333
2025-07-26 12:43:22,112 - DEBUG - Collected collision time for BConcave+FConcave+3700 at IoU 0.15: 1633.3333333333333
2025-07-26 12:43:22,112 - DEBUG - Collected collision time for BConcave+FConcave+3700 at IoU 0.2: 1633.3333333333333
2025-07-26 12:43:22,113 - DEBUG - Collected collision time for BConcave+FConcave+3700 at IoU 0.25: 1633.3333333333333
2025-07-26 12:43:22,113 - DEBUG - Collected collision time for BConcave+FConcave+3700 at IoU 0.3: 1633.3333333333333
2025-07-26 12:43:22,113 - DEBUG - Collected collision time for BConcave+FConcave+3700 at IoU 0.35: 1633.3333333333333
2025-07-26 12:43:22,114 - DEBUG - Collected collision time for BConcave+FConcave+3700 at IoU 0.4: 1633.3333333333333
2025-07-26 12:43:22,114 - DEBUG - Collected collision time for BConcave+FConcave+3700 at IoU 0.45: 1633.3333333333333
2025-07-26 12:43:22,114 - DEBUG - Collected collision time for BConcave+FConcave+3700 at IoU 0.5: 1633.3333333333333
2025-07-26 12:43:22,115 - DEBUG - Collected collision time for BConcave+FConcave+3700 at IoU 0.55: 4333.333333333333
2025-07-26 12:43:22,115 - DEBUG - Collected collision time for BConcave+FConcave+3700 at IoU 0.6: nan
2025-07-26 12:43:22,115 - DEBUG - Collected collision time for BConcave+FConcave+3700 at IoU 0.65: nan
2025-07-26 12:43:22,115 - DEBUG - Collected collision time for BConcave+FConcave+3700 at IoU 0.7: nan
2025-07-26 12:43:22,115 - DEBUG - Collected collision time for BConcave+FConcave+3700 at IoU 0.75: nan
2025-07-26 12:43:22,116 - DEBUG - Collected collision time for BConcave+FConcave+3700 at IoU 0.8: nan
2025-07-26 12:43:22,116 - DEBUG - Collected collision time for BConcave+FConcave+3700 at IoU 0.85: nan
2025-07-26 12:43:22,116 - DEBUG - Collected collision time for BConcave+FConcave+3700 at IoU 0.9: nan
2025-07-26 12:43:22,117 - DEBUG - Collected collision time for BConcave+FConcave+3700 at IoU 0.95: nan
2025-07-26 12:43:22,117 - DEBUG - Collected collision time for BConcave+FConcave+3900_flipped at IoU 0.05: 1533.3333333333335
2025-07-26 12:43:22,117 - DEBUG - Collected collision time for BConcave+FConcave+3900_flipped at IoU 0.1: 1533.3333333333335
2025-07-26 12:43:22,118 - DEBUG - Collected collision time for BConcave+FConcave+3900_flipped at IoU 0.15: 1533.3333333333335
2025-07-26 12:43:22,118 - DEBUG - Collected collision time for BConcave+FConcave+3900_flipped at IoU 0.2: 1533.3333333333335
2025-07-26 12:43:22,118 - DEBUG - Collected collision time for BConcave+FConcave+3900_flipped at IoU 0.25: nan
2025-07-26 12:43:22,119 - DEBUG - Collected collision time for BConcave+FConcave+3900_flipped at IoU 0.3: nan
2025-07-26 12:43:22,119 - DEBUG - Collected collision time for BConcave+FConcave+3900_flipped at IoU 0.35: nan
2025-07-26 12:43:22,120 - DEBUG - Collected collision time for BConcave+FConcave+3900_flipped at IoU 0.4: nan
2025-07-26 12:43:22,120 - DEBUG - Collected collision time for BConcave+FConcave+3900_flipped at IoU 0.45: nan
2025-07-26 12:43:22,120 - DEBUG - Collected collision time for BConcave+FConcave+3900_flipped at IoU 0.5: nan
2025-07-26 12:43:22,120 - DEBUG - Collected collision time for BConcave+FConcave+3900_flipped at IoU 0.55: nan
2025-07-26 12:43:22,121 - DEBUG - Collected collision time for BConcave+FConcave+3900_flipped at IoU 0.6: nan
2025-07-26 12:43:22,121 - DEBUG - Collected collision time for BConcave+FConcave+3900_flipped at IoU 0.65: nan
2025-07-26 12:43:22,121 - DEBUG - Collected collision time for BConcave+FConcave+3900_flipped at IoU 0.7: nan
2025-07-26 12:43:22,122 - DEBUG - Collected collision time for BConcave+FConcave+3900_flipped at IoU 0.75: nan
2025-07-26 12:43:22,122 - DEBUG - Collected collision time for BConcave+FConcave+3900_flipped at IoU 0.8: nan
2025-07-26 12:43:22,122 - DEBUG - Collected collision time for BConcave+FConcave+3900_flipped at IoU 0.85: nan
2025-07-26 12:43:22,122 - DEBUG - Collected collision time for BConcave+FConcave+3900_flipped at IoU 0.9: nan
2025-07-26 12:43:22,123 - DEBUG - Collected collision time for BConcave+FConcave+3900_flipped at IoU 0.95: nan
2025-07-26 12:43:22,123 - DEBUG - Collected collision time for BConcave+FConcave+4100 at IoU 0.05: 4583.333333333333
2025-07-26 12:43:22,123 - DEBUG - Collected collision time for BConcave+FConcave+4100 at IoU 0.1: 4833.333333333333
2025-07-26 12:43:22,123 - DEBUG - Collected collision time for BConcave+FConcave+4100 at IoU 0.15: 5016.666666666667
2025-07-26 12:43:22,124 - DEBUG - Collected collision time for BConcave+FConcave+4100 at IoU 0.2: nan
2025-07-26 12:43:22,124 - DEBUG - Collected collision time for BConcave+FConcave+4100 at IoU 0.25: nan
2025-07-26 12:43:22,125 - DEBUG - Collected collision time for BConcave+FConcave+4100 at IoU 0.3: nan
2025-07-26 12:43:22,125 - DEBUG - Collected collision time for BConcave+FConcave+4100 at IoU 0.35: nan
2025-07-26 12:43:22,125 - DEBUG - Collected collision time for BConcave+FConcave+4100 at IoU 0.4: nan
2025-07-26 12:43:22,125 - DEBUG - Collected collision time for BConcave+FConcave+4100 at IoU 0.45: nan
2025-07-26 12:43:22,126 - DEBUG - Collected collision time for BConcave+FConcave+4100 at IoU 0.5: nan
2025-07-26 12:43:22,126 - DEBUG - Collected collision time for BConcave+FConcave+4100 at IoU 0.55: nan
2025-07-26 12:43:22,126 - DEBUG - Collected collision time for BConcave+FConcave+4100 at IoU 0.6: nan
2025-07-26 12:43:22,127 - DEBUG - Collected collision time for BConcave+FConcave+4100 at IoU 0.65: nan
2025-07-26 12:43:22,127 - DEBUG - Collected collision time for BConcave+FConcave+4100 at IoU 0.7: nan
2025-07-26 12:43:22,127 - DEBUG - Collected collision time for BConcave+FConcave+4100 at IoU 0.75: nan
2025-07-26 12:43:22,127 - DEBUG - Collected collision time for BConcave+FConcave+4100 at IoU 0.8: nan
2025-07-26 12:43:22,128 - DEBUG - Collected collision time for BConcave+FConcave+4100 at IoU 0.85: nan
2025-07-26 12:43:22,128 - DEBUG - Collected collision time for BConcave+FConcave+4100 at IoU 0.9: nan
2025-07-26 12:43:22,128 - DEBUG - Collected collision time for BConcave+FConcave+4100 at IoU 0.95: nan
2025-07-26 12:43:22,128 - DEBUG - Collected collision time for BConcave+FConcave+4300_flipped at IoU 0.05: nan
2025-07-26 12:43:22,129 - DEBUG - Collected collision time for BConcave+FConcave+4300_flipped at IoU 0.1: nan
2025-07-26 12:43:22,129 - DEBUG - Collected collision time for BConcave+FConcave+4300_flipped at IoU 0.15: nan
2025-07-26 12:43:22,129 - DEBUG - Collected collision time for BConcave+FConcave+4300_flipped at IoU 0.2: nan
2025-07-26 12:43:22,129 - DEBUG - Collected collision time for BConcave+FConcave+4300_flipped at IoU 0.25: nan
2025-07-26 12:43:22,130 - DEBUG - Collected collision time for BConcave+FConcave+4300_flipped at IoU 0.3: nan
2025-07-26 12:43:22,130 - DEBUG - Collected collision time for BConcave+FConcave+4300_flipped at IoU 0.35: nan
2025-07-26 12:43:22,130 - DEBUG - Collected collision time for BConcave+FConcave+4300_flipped at IoU 0.4: nan
2025-07-26 12:43:22,131 - DEBUG - Collected collision time for BConcave+FConcave+4300_flipped at IoU 0.45: nan
2025-07-26 12:43:22,131 - DEBUG - Collected collision time for BConcave+FConcave+4300_flipped at IoU 0.5: nan
2025-07-26 12:43:22,131 - DEBUG - Collected collision time for BConcave+FConcave+4300_flipped at IoU 0.55: nan
2025-07-26 12:43:22,131 - DEBUG - Collected collision time for BConcave+FConcave+4300_flipped at IoU 0.6: nan
2025-07-26 12:43:22,132 - DEBUG - Collected collision time for BConcave+FConcave+4300_flipped at IoU 0.65: nan
2025-07-26 12:43:22,132 - DEBUG - Collected collision time for BConcave+FConcave+4300_flipped at IoU 0.7: nan
2025-07-26 12:43:22,133 - DEBUG - Collected collision time for BConcave+FConcave+4300_flipped at IoU 0.75: nan
2025-07-26 12:43:22,133 - DEBUG - Collected collision time for BConcave+FConcave+4300_flipped at IoU 0.8: nan
2025-07-26 12:43:22,133 - DEBUG - Collected collision time for BConcave+FConcave+4300_flipped at IoU 0.85: nan
2025-07-26 12:43:22,134 - DEBUG - Collected collision time for BConcave+FConcave+4300_flipped at IoU 0.9: nan
2025-07-26 12:43:22,134 - DEBUG - Collected collision time for BConcave+FConcave+4300_flipped at IoU 0.95: nan
2025-07-26 12:43:22,134 - DEBUG - Collected collision time for BConcave+FConcave+4500 at IoU 0.05: 5033.333333333333
2025-07-26 12:43:22,135 - DEBUG - Collected collision time for BConcave+FConcave+4500 at IoU 0.1: 5133.333333333334
2025-07-26 12:43:22,135 - DEBUG - Collected collision time for BConcave+FConcave+4500 at IoU 0.15: 5233.333333333333
2025-07-26 12:43:22,135 - DEBUG - Collected collision time for BConcave+FConcave+4500 at IoU 0.2: 5316.666666666666
2025-07-26 12:43:22,135 - DEBUG - Collected collision time for BConcave+FConcave+4500 at IoU 0.25: 5400.0
2025-07-26 12:43:22,135 - DEBUG - Collected collision time for BConcave+FConcave+4500 at IoU 0.3: 5466.666666666667
2025-07-26 12:43:22,136 - DEBUG - Collected collision time for BConcave+FConcave+4500 at IoU 0.35: nan
2025-07-26 12:43:22,136 - DEBUG - Collected collision time for BConcave+FConcave+4500 at IoU 0.4: nan
2025-07-26 12:43:22,137 - DEBUG - Collected collision time for BConcave+FConcave+4500 at IoU 0.45: nan
2025-07-26 12:43:22,137 - DEBUG - Collected collision time for BConcave+FConcave+4500 at IoU 0.5: nan
2025-07-26 12:43:22,137 - DEBUG - Collected collision time for BConcave+FConcave+4500 at IoU 0.55: nan
2025-07-26 12:43:22,137 - DEBUG - Collected collision time for BConcave+FConcave+4500 at IoU 0.6: nan
2025-07-26 12:43:22,138 - DEBUG - Collected collision time for BConcave+FConcave+4500 at IoU 0.65: nan
2025-07-26 12:43:22,138 - DEBUG - Collected collision time for BConcave+FConcave+4500 at IoU 0.7: nan
2025-07-26 12:43:22,139 - DEBUG - Collected collision time for BConcave+FConcave+4500 at IoU 0.75: nan
2025-07-26 12:43:22,139 - DEBUG - Collected collision time for BConcave+FConcave+4500 at IoU 0.8: nan
2025-07-26 12:43:22,139 - DEBUG - Collected collision time for BConcave+FConcave+4500 at IoU 0.85: nan
2025-07-26 12:43:22,139 - DEBUG - Collected collision time for BConcave+FConcave+4500 at IoU 0.9: nan
2025-07-26 12:43:22,140 - DEBUG - Collected collision time for BConcave+FConcave+4500 at IoU 0.95: nan
2025-07-26 12:43:22,140 - DEBUG - Collected collision time for BConcave+FConvex+3500 at IoU 0.05: 1683.3333333333333
2025-07-26 12:43:22,141 - DEBUG - Collected collision time for BConcave+FConvex+3500 at IoU 0.1: 1700.0
2025-07-26 12:43:22,141 - DEBUG - Collected collision time for BConcave+FConvex+3500 at IoU 0.15: 2316.666666666667
2025-07-26 12:43:22,141 - DEBUG - Collected collision time for BConcave+FConvex+3500 at IoU 0.2: nan
2025-07-26 12:43:22,142 - DEBUG - Collected collision time for BConcave+FConvex+3500 at IoU 0.25: nan
2025-07-26 12:43:22,142 - DEBUG - Collected collision time for BConcave+FConvex+3500 at IoU 0.3: nan
2025-07-26 12:43:22,142 - DEBUG - Collected collision time for BConcave+FConvex+3500 at IoU 0.35: nan
2025-07-26 12:43:22,142 - DEBUG - Collected collision time for BConcave+FConvex+3500 at IoU 0.4: nan
2025-07-26 12:43:22,143 - DEBUG - Collected collision time for BConcave+FConvex+3500 at IoU 0.45: nan
2025-07-26 12:43:22,143 - DEBUG - Collected collision time for BConcave+FConvex+3500 at IoU 0.5: nan
2025-07-26 12:43:22,143 - DEBUG - Collected collision time for BConcave+FConvex+3500 at IoU 0.55: nan
2025-07-26 12:43:22,144 - DEBUG - Collected collision time for BConcave+FConvex+3500 at IoU 0.6: nan
2025-07-26 12:43:22,144 - DEBUG - Collected collision time for BConcave+FConvex+3500 at IoU 0.65: nan
2025-07-26 12:43:22,144 - DEBUG - Collected collision time for BConcave+FConvex+3500 at IoU 0.7: nan
2025-07-26 12:43:22,144 - DEBUG - Collected collision time for BConcave+FConvex+3500 at IoU 0.75: nan
2025-07-26 12:43:22,145 - DEBUG - Collected collision time for BConcave+FConvex+3500 at IoU 0.8: nan
2025-07-26 12:43:22,145 - DEBUG - Collected collision time for BConcave+FConvex+3500 at IoU 0.85: nan
2025-07-26 12:43:22,145 - DEBUG - Collected collision time for BConcave+FConvex+3500 at IoU 0.9: nan
2025-07-26 12:43:22,146 - DEBUG - Collected collision time for BConcave+FConvex+3500 at IoU 0.95: nan
2025-07-26 12:43:22,146 - DEBUG - Collected collision time for BConcave+FConvex+3700_flipped at IoU 0.05: 4083.333333333333
2025-07-26 12:43:22,147 - DEBUG - Collected collision time for BConcave+FConvex+3700_flipped at IoU 0.1: 4266.666666666667
2025-07-26 12:43:22,147 - DEBUG - Collected collision time for BConcave+FConvex+3700_flipped at IoU 0.15: 4450.0
2025-07-26 12:43:22,147 - DEBUG - Collected collision time for BConcave+FConvex+3700_flipped at IoU 0.2: 4716.666666666667
2025-07-26 12:43:22,147 - DEBUG - Collected collision time for BConcave+FConvex+3700_flipped at IoU 0.25: nan
2025-07-26 12:43:22,148 - DEBUG - Collected collision time for BConcave+FConvex+3700_flipped at IoU 0.3: nan
2025-07-26 12:43:22,148 - DEBUG - Collected collision time for BConcave+FConvex+3700_flipped at IoU 0.35: nan
2025-07-26 12:43:22,148 - DEBUG - Collected collision time for BConcave+FConvex+3700_flipped at IoU 0.4: nan
2025-07-26 12:43:22,149 - DEBUG - Collected collision time for BConcave+FConvex+3700_flipped at IoU 0.45: nan
2025-07-26 12:43:22,149 - DEBUG - Collected collision time for BConcave+FConvex+3700_flipped at IoU 0.5: nan
2025-07-26 12:43:22,149 - DEBUG - Collected collision time for BConcave+FConvex+3700_flipped at IoU 0.55: nan
2025-07-26 12:43:22,149 - DEBUG - Collected collision time for BConcave+FConvex+3700_flipped at IoU 0.6: nan
2025-07-26 12:43:22,150 - DEBUG - Collected collision time for BConcave+FConvex+3700_flipped at IoU 0.65: nan
2025-07-26 12:43:22,150 - DEBUG - Collected collision time for BConcave+FConvex+3700_flipped at IoU 0.7: nan
2025-07-26 12:43:22,150 - DEBUG - Collected collision time for BConcave+FConvex+3700_flipped at IoU 0.75: nan
2025-07-26 12:43:22,151 - DEBUG - Collected collision time for BConcave+FConvex+3700_flipped at IoU 0.8: nan
2025-07-26 12:43:22,151 - DEBUG - Collected collision time for BConcave+FConvex+3700_flipped at IoU 0.85: nan
2025-07-26 12:43:22,151 - DEBUG - Collected collision time for BConcave+FConvex+3700_flipped at IoU 0.9: nan
2025-07-26 12:43:22,151 - DEBUG - Collected collision time for BConcave+FConvex+3700_flipped at IoU 0.95: nan
2025-07-26 12:43:22,152 - DEBUG - Collected collision time for BConcave+FConvex+3900 at IoU 0.05: 1683.3333333333333
2025-07-26 12:43:22,152 - DEBUG - Collected collision time for BConcave+FConvex+3900 at IoU 0.1: 1833.3333333333333
2025-07-26 12:43:22,152 - DEBUG - Collected collision time for BConcave+FConvex+3900 at IoU 0.15: nan
2025-07-26 12:43:22,153 - DEBUG - Collected collision time for BConcave+FConvex+3900 at IoU 0.2: nan
2025-07-26 12:43:22,153 - DEBUG - Collected collision time for BConcave+FConvex+3900 at IoU 0.25: nan
2025-07-26 12:43:22,153 - DEBUG - Collected collision time for BConcave+FConvex+3900 at IoU 0.3: nan
2025-07-26 12:43:22,153 - DEBUG - Collected collision time for BConcave+FConvex+3900 at IoU 0.35: nan
2025-07-26 12:43:22,154 - DEBUG - Collected collision time for BConcave+FConvex+3900 at IoU 0.4: nan
2025-07-26 12:43:22,154 - DEBUG - Collected collision time for BConcave+FConvex+3900 at IoU 0.45: nan
2025-07-26 12:43:22,154 - DEBUG - Collected collision time for BConcave+FConvex+3900 at IoU 0.5: nan
2025-07-26 12:43:22,154 - DEBUG - Collected collision time for BConcave+FConvex+3900 at IoU 0.55: nan
2025-07-26 12:43:22,155 - DEBUG - Collected collision time for BConcave+FConvex+3900 at IoU 0.6: nan
2025-07-26 12:43:22,155 - DEBUG - Collected collision time for BConcave+FConvex+3900 at IoU 0.65: nan
2025-07-26 12:43:22,156 - DEBUG - Collected collision time for BConcave+FConvex+3900 at IoU 0.7: nan
2025-07-26 12:43:22,156 - DEBUG - Collected collision time for BConcave+FConvex+3900 at IoU 0.75: nan
2025-07-26 12:43:22,156 - DEBUG - Collected collision time for BConcave+FConvex+3900 at IoU 0.8: nan
2025-07-26 12:43:22,156 - DEBUG - Collected collision time for BConcave+FConvex+3900 at IoU 0.85: nan
2025-07-26 12:43:22,157 - DEBUG - Collected collision time for BConcave+FConvex+3900 at IoU 0.9: nan
2025-07-26 12:43:22,157 - DEBUG - Collected collision time for BConcave+FConvex+3900 at IoU 0.95: nan
2025-07-26 12:43:22,158 - DEBUG - Collected collision time for BConcave+FConvex+4100_flipped at IoU 0.05: nan
2025-07-26 12:43:22,158 - DEBUG - Collected collision time for BConcave+FConvex+4100_flipped at IoU 0.1: nan
2025-07-26 12:43:22,158 - DEBUG - Collected collision time for BConcave+FConvex+4100_flipped at IoU 0.15: nan
2025-07-26 12:43:22,159 - DEBUG - Collected collision time for BConcave+FConvex+4100_flipped at IoU 0.2: nan
2025-07-26 12:43:22,159 - DEBUG - Collected collision time for BConcave+FConvex+4100_flipped at IoU 0.25: nan
2025-07-26 12:43:22,160 - DEBUG - Collected collision time for BConcave+FConvex+4100_flipped at IoU 0.3: nan
2025-07-26 12:43:22,160 - DEBUG - Collected collision time for BConcave+FConvex+4100_flipped at IoU 0.35: nan
2025-07-26 12:43:22,160 - DEBUG - Collected collision time for BConcave+FConvex+4100_flipped at IoU 0.4: nan
2025-07-26 12:43:22,161 - DEBUG - Collected collision time for BConcave+FConvex+4100_flipped at IoU 0.45: nan
2025-07-26 12:43:22,161 - DEBUG - Collected collision time for BConcave+FConvex+4100_flipped at IoU 0.5: nan
2025-07-26 12:43:22,161 - DEBUG - Collected collision time for BConcave+FConvex+4100_flipped at IoU 0.55: nan
2025-07-26 12:43:22,162 - DEBUG - Collected collision time for BConcave+FConvex+4100_flipped at IoU 0.6: nan
2025-07-26 12:43:22,162 - DEBUG - Collected collision time for BConcave+FConvex+4100_flipped at IoU 0.65: nan
2025-07-26 12:43:22,163 - DEBUG - Collected collision time for BConcave+FConvex+4100_flipped at IoU 0.7: nan
2025-07-26 12:43:22,163 - DEBUG - Collected collision time for BConcave+FConvex+4100_flipped at IoU 0.75: nan
2025-07-26 12:43:22,163 - DEBUG - Collected collision time for BConcave+FConvex+4100_flipped at IoU 0.8: nan
2025-07-26 12:43:22,164 - DEBUG - Collected collision time for BConcave+FConvex+4100_flipped at IoU 0.85: nan
2025-07-26 12:43:22,164 - DEBUG - Collected collision time for BConcave+FConvex+4100_flipped at IoU 0.9: nan
2025-07-26 12:43:22,164 - DEBUG - Collected collision time for BConcave+FConvex+4100_flipped at IoU 0.95: nan
2025-07-26 12:43:22,165 - DEBUG - Collected collision time for BConcave+FConvex+4300 at IoU 0.05: 4650.0
2025-07-26 12:43:22,165 - DEBUG - Collected collision time for BConcave+FConvex+4300 at IoU 0.1: 4800.0
2025-07-26 12:43:22,166 - DEBUG - Collected collision time for BConcave+FConvex+4300 at IoU 0.15: 4916.666666666667
2025-07-26 12:43:22,166 - DEBUG - Collected collision time for BConcave+FConvex+4300 at IoU 0.2: 5016.666666666667
2025-07-26 12:43:22,166 - DEBUG - Collected collision time for BConcave+FConvex+4300 at IoU 0.25: 5133.333333333334
2025-07-26 12:43:22,167 - DEBUG - Collected collision time for BConcave+FConvex+4300 at IoU 0.3: 5266.666666666667
2025-07-26 12:43:22,167 - DEBUG - Collected collision time for BConcave+FConvex+4300 at IoU 0.35: 5433.333333333334
2025-07-26 12:43:22,167 - DEBUG - Collected collision time for BConcave+FConvex+4300 at IoU 0.4: nan
2025-07-26 12:43:22,167 - DEBUG - Collected collision time for BConcave+FConvex+4300 at IoU 0.45: nan
2025-07-26 12:43:22,168 - DEBUG - Collected collision time for BConcave+FConvex+4300 at IoU 0.5: nan
2025-07-26 12:43:22,168 - DEBUG - Collected collision time for BConcave+FConvex+4300 at IoU 0.55: nan
2025-07-26 12:43:22,168 - DEBUG - Collected collision time for BConcave+FConvex+4300 at IoU 0.6: nan
2025-07-26 12:43:22,168 - DEBUG - Collected collision time for BConcave+FConvex+4300 at IoU 0.65: nan
2025-07-26 12:43:22,169 - DEBUG - Collected collision time for BConcave+FConvex+4300 at IoU 0.7: nan
2025-07-26 12:43:22,169 - DEBUG - Collected collision time for BConcave+FConvex+4300 at IoU 0.75: nan
2025-07-26 12:43:22,170 - DEBUG - Collected collision time for BConcave+FConvex+4300 at IoU 0.8: nan
2025-07-26 12:43:22,170 - DEBUG - Collected collision time for BConcave+FConvex+4300 at IoU 0.85: nan
2025-07-26 12:43:22,170 - DEBUG - Collected collision time for BConcave+FConvex+4300 at IoU 0.9: nan
2025-07-26 12:43:22,171 - DEBUG - Collected collision time for BConcave+FConvex+4300 at IoU 0.95: nan
2025-07-26 12:43:22,171 - DEBUG - Collected collision time for BConcave+FConvex+4500_flipped at IoU 0.05: 4866.666666666666
2025-07-26 12:43:22,171 - DEBUG - Collected collision time for BConcave+FConvex+4500_flipped at IoU 0.1: 5050.0
2025-07-26 12:43:22,171 - DEBUG - Collected collision time for BConcave+FConvex+4500_flipped at IoU 0.15: 5216.666666666667
2025-07-26 12:43:22,172 - DEBUG - Collected collision time for BConcave+FConvex+4500_flipped at IoU 0.2: 5416.666666666667
2025-07-26 12:43:22,172 - DEBUG - Collected collision time for BConcave+FConvex+4500_flipped at IoU 0.25: nan
2025-07-26 12:43:22,173 - DEBUG - Collected collision time for BConcave+FConvex+4500_flipped at IoU 0.3: nan
2025-07-26 12:43:22,173 - DEBUG - Collected collision time for BConcave+FConvex+4500_flipped at IoU 0.35: nan
2025-07-26 12:43:22,173 - DEBUG - Collected collision time for BConcave+FConvex+4500_flipped at IoU 0.4: nan
2025-07-26 12:43:22,173 - DEBUG - Collected collision time for BConcave+FConvex+4500_flipped at IoU 0.45: nan
2025-07-26 12:43:22,174 - DEBUG - Collected collision time for BConcave+FConvex+4500_flipped at IoU 0.5: nan
2025-07-26 12:43:22,174 - DEBUG - Collected collision time for BConcave+FConvex+4500_flipped at IoU 0.55: nan
2025-07-26 12:43:22,174 - DEBUG - Collected collision time for BConcave+FConvex+4500_flipped at IoU 0.6: nan
2025-07-26 12:43:22,175 - DEBUG - Collected collision time for BConcave+FConvex+4500_flipped at IoU 0.65: nan
2025-07-26 12:43:22,175 - DEBUG - Collected collision time for BConcave+FConvex+4500_flipped at IoU 0.7: nan
2025-07-26 12:43:22,176 - DEBUG - Collected collision time for BConcave+FConvex+4500_flipped at IoU 0.75: nan
2025-07-26 12:43:22,176 - DEBUG - Collected collision time for BConcave+FConvex+4500_flipped at IoU 0.8: nan
2025-07-26 12:43:22,176 - DEBUG - Collected collision time for BConcave+FConvex+4500_flipped at IoU 0.85: nan
2025-07-26 12:43:22,176 - DEBUG - Collected collision time for BConcave+FConvex+4500_flipped at IoU 0.9: nan
2025-07-26 12:43:22,177 - DEBUG - Collected collision time for BConcave+FConvex+4500_flipped at IoU 0.95: nan
2025-07-26 12:43:22,177 - DEBUG - Collected collision time for BConcave+gConcave+3500_flipped at IoU 0.05: 3833.3333333333335
2025-07-26 12:43:22,177 - DEBUG - Collected collision time for BConcave+gConcave+3500_flipped at IoU 0.1: 3900.0
2025-07-26 12:43:22,177 - DEBUG - Collected collision time for BConcave+gConcave+3500_flipped at IoU 0.15: 3983.3333333333335
2025-07-26 12:43:22,178 - DEBUG - Collected collision time for BConcave+gConcave+3500_flipped at IoU 0.2: 4050.0
2025-07-26 12:43:22,178 - DEBUG - Collected collision time for BConcave+gConcave+3500_flipped at IoU 0.25: 4133.333333333334
2025-07-26 12:43:22,178 - DEBUG - Collected collision time for BConcave+gConcave+3500_flipped at IoU 0.3: 4200.0
2025-07-26 12:43:22,179 - DEBUG - Collected collision time for BConcave+gConcave+3500_flipped at IoU 0.35: nan
2025-07-26 12:43:22,179 - DEBUG - Collected collision time for BConcave+gConcave+3500_flipped at IoU 0.4: nan
2025-07-26 12:43:22,179 - DEBUG - Collected collision time for BConcave+gConcave+3500_flipped at IoU 0.45: nan
2025-07-26 12:43:22,180 - DEBUG - Collected collision time for BConcave+gConcave+3500_flipped at IoU 0.5: nan
2025-07-26 12:43:22,180 - DEBUG - Collected collision time for BConcave+gConcave+3500_flipped at IoU 0.55: nan
2025-07-26 12:43:22,180 - DEBUG - Collected collision time for BConcave+gConcave+3500_flipped at IoU 0.6: nan
2025-07-26 12:43:22,180 - DEBUG - Collected collision time for BConcave+gConcave+3500_flipped at IoU 0.65: nan
2025-07-26 12:43:22,181 - DEBUG - Collected collision time for BConcave+gConcave+3500_flipped at IoU 0.7: nan
2025-07-26 12:43:22,181 - DEBUG - Collected collision time for BConcave+gConcave+3500_flipped at IoU 0.75: nan
2025-07-26 12:43:22,181 - DEBUG - Collected collision time for BConcave+gConcave+3500_flipped at IoU 0.8: nan
2025-07-26 12:43:22,182 - DEBUG - Collected collision time for BConcave+gConcave+3500_flipped at IoU 0.85: nan
2025-07-26 12:43:22,182 - DEBUG - Collected collision time for BConcave+gConcave+3500_flipped at IoU 0.9: nan
2025-07-26 12:43:22,182 - DEBUG - Collected collision time for BConcave+gConcave+3500_flipped at IoU 0.95: nan
2025-07-26 12:43:22,183 - DEBUG - Collected collision time for BConcave+gConcave+3700 at IoU 0.05: nan
2025-07-26 12:43:22,183 - DEBUG - Collected collision time for BConcave+gConcave+3700 at IoU 0.1: nan
2025-07-26 12:43:22,184 - DEBUG - Collected collision time for BConcave+gConcave+3700 at IoU 0.15: nan
2025-07-26 12:43:22,184 - DEBUG - Collected collision time for BConcave+gConcave+3700 at IoU 0.2: nan
2025-07-26 12:43:22,184 - DEBUG - Collected collision time for BConcave+gConcave+3700 at IoU 0.25: nan
2025-07-26 12:43:22,185 - DEBUG - Collected collision time for BConcave+gConcave+3700 at IoU 0.3: nan
2025-07-26 12:43:22,185 - DEBUG - Collected collision time for BConcave+gConcave+3700 at IoU 0.35: nan
2025-07-26 12:43:22,185 - DEBUG - Collected collision time for BConcave+gConcave+3700 at IoU 0.4: nan
2025-07-26 12:43:22,186 - DEBUG - Collected collision time for BConcave+gConcave+3700 at IoU 0.45: nan
2025-07-26 12:43:22,186 - DEBUG - Collected collision time for BConcave+gConcave+3700 at IoU 0.5: nan
2025-07-26 12:43:22,186 - DEBUG - Collected collision time for BConcave+gConcave+3700 at IoU 0.55: nan
2025-07-26 12:43:22,187 - DEBUG - Collected collision time for BConcave+gConcave+3700 at IoU 0.6: nan
2025-07-26 12:43:22,187 - DEBUG - Collected collision time for BConcave+gConcave+3700 at IoU 0.65: nan
2025-07-26 12:43:22,187 - DEBUG - Collected collision time for BConcave+gConcave+3700 at IoU 0.7: nan
2025-07-26 12:43:22,188 - DEBUG - Collected collision time for BConcave+gConcave+3700 at IoU 0.75: nan
2025-07-26 12:43:22,188 - DEBUG - Collected collision time for BConcave+gConcave+3700 at IoU 0.8: nan
2025-07-26 12:43:22,188 - DEBUG - Collected collision time for BConcave+gConcave+3700 at IoU 0.85: nan
2025-07-26 12:43:22,189 - DEBUG - Collected collision time for BConcave+gConcave+3700 at IoU 0.9: nan
2025-07-26 12:43:22,189 - DEBUG - Collected collision time for BConcave+gConcave+3700 at IoU 0.95: nan
2025-07-26 12:43:22,189 - DEBUG - Collected collision time for BConcave+gConcave+3900_flipped at IoU 0.05: nan
2025-07-26 12:43:22,189 - DEBUG - Collected collision time for BConcave+gConcave+3900_flipped at IoU 0.1: nan
2025-07-26 12:43:22,190 - DEBUG - Collected collision time for BConcave+gConcave+3900_flipped at IoU 0.15: nan
2025-07-26 12:43:22,190 - DEBUG - Collected collision time for BConcave+gConcave+3900_flipped at IoU 0.2: nan
2025-07-26 12:43:22,190 - DEBUG - Collected collision time for BConcave+gConcave+3900_flipped at IoU 0.25: nan
2025-07-26 12:43:22,190 - DEBUG - Collected collision time for BConcave+gConcave+3900_flipped at IoU 0.3: nan
2025-07-26 12:43:22,191 - DEBUG - Collected collision time for BConcave+gConcave+3900_flipped at IoU 0.35: nan
2025-07-26 12:43:22,191 - DEBUG - Collected collision time for BConcave+gConcave+3900_flipped at IoU 0.4: nan
2025-07-26 12:43:22,191 - DEBUG - Collected collision time for BConcave+gConcave+3900_flipped at IoU 0.45: nan
2025-07-26 12:43:22,191 - DEBUG - Collected collision time for BConcave+gConcave+3900_flipped at IoU 0.5: nan
2025-07-26 12:43:22,191 - DEBUG - Collected collision time for BConcave+gConcave+3900_flipped at IoU 0.55: nan
2025-07-26 12:43:22,192 - DEBUG - Collected collision time for BConcave+gConcave+3900_flipped at IoU 0.6: nan
2025-07-26 12:43:22,192 - DEBUG - Collected collision time for BConcave+gConcave+3900_flipped at IoU 0.65: nan
2025-07-26 12:43:22,192 - DEBUG - Collected collision time for BConcave+gConcave+3900_flipped at IoU 0.7: nan
2025-07-26 12:43:22,192 - DEBUG - Collected collision time for BConcave+gConcave+3900_flipped at IoU 0.75: nan
2025-07-26 12:43:22,193 - DEBUG - Collected collision time for BConcave+gConcave+3900_flipped at IoU 0.8: nan
2025-07-26 12:43:22,193 - DEBUG - Collected collision time for BConcave+gConcave+3900_flipped at IoU 0.85: nan
2025-07-26 12:43:22,194 - DEBUG - Collected collision time for BConcave+gConcave+3900_flipped at IoU 0.9: nan
2025-07-26 12:43:22,194 - DEBUG - Collected collision time for BConcave+gConcave+3900_flipped at IoU 0.95: nan
2025-07-26 12:43:22,194 - DEBUG - Collected collision time for BConcave+gConcave+4100 at IoU 0.05: 4366.666666666666
2025-07-26 12:43:22,194 - DEBUG - Collected collision time for BConcave+gConcave+4100 at IoU 0.1: 4466.666666666667
2025-07-26 12:43:22,195 - DEBUG - Collected collision time for BConcave+gConcave+4100 at IoU 0.15: 4533.333333333333
2025-07-26 12:43:22,195 - DEBUG - Collected collision time for BConcave+gConcave+4100 at IoU 0.2: 4600.0
2025-07-26 12:43:22,195 - DEBUG - Collected collision time for BConcave+gConcave+4100 at IoU 0.25: 4750.0
2025-07-26 12:43:22,196 - DEBUG - Collected collision time for BConcave+gConcave+4100 at IoU 0.3: nan
2025-07-26 12:43:22,196 - DEBUG - Collected collision time for BConcave+gConcave+4100 at IoU 0.35: nan
2025-07-26 12:43:22,197 - DEBUG - Collected collision time for BConcave+gConcave+4100 at IoU 0.4: nan
2025-07-26 12:43:22,197 - DEBUG - Collected collision time for BConcave+gConcave+4100 at IoU 0.45: nan
2025-07-26 12:43:22,197 - DEBUG - Collected collision time for BConcave+gConcave+4100 at IoU 0.5: nan
2025-07-26 12:43:22,198 - DEBUG - Collected collision time for BConcave+gConcave+4100 at IoU 0.55: nan
2025-07-26 12:43:22,198 - DEBUG - Collected collision time for BConcave+gConcave+4100 at IoU 0.6: nan
2025-07-26 12:43:22,199 - DEBUG - Collected collision time for BConcave+gConcave+4100 at IoU 0.65: nan
2025-07-26 12:43:22,199 - DEBUG - Collected collision time for BConcave+gConcave+4100 at IoU 0.7: nan
2025-07-26 12:43:22,199 - DEBUG - Collected collision time for BConcave+gConcave+4100 at IoU 0.75: nan
2025-07-26 12:43:22,200 - DEBUG - Collected collision time for BConcave+gConcave+4100 at IoU 0.8: nan
2025-07-26 12:43:22,200 - DEBUG - Collected collision time for BConcave+gConcave+4100 at IoU 0.85: nan
2025-07-26 12:43:22,201 - DEBUG - Collected collision time for BConcave+gConcave+4100 at IoU 0.9: nan
2025-07-26 12:43:22,201 - DEBUG - Collected collision time for BConcave+gConcave+4100 at IoU 0.95: nan
2025-07-26 12:43:22,201 - DEBUG - Collected collision time for BConcave+gConcave+4300_flipped at IoU 0.05: nan
2025-07-26 12:43:22,201 - DEBUG - Collected collision time for BConcave+gConcave+4300_flipped at IoU 0.1: nan
2025-07-26 12:43:22,202 - DEBUG - Collected collision time for BConcave+gConcave+4300_flipped at IoU 0.15: nan
2025-07-26 12:43:22,202 - DEBUG - Collected collision time for BConcave+gConcave+4300_flipped at IoU 0.2: nan
2025-07-26 12:43:22,202 - DEBUG - Collected collision time for BConcave+gConcave+4300_flipped at IoU 0.25: nan
2025-07-26 12:43:22,202 - DEBUG - Collected collision time for BConcave+gConcave+4300_flipped at IoU 0.3: nan
2025-07-26 12:43:22,203 - DEBUG - Collected collision time for BConcave+gConcave+4300_flipped at IoU 0.35: nan
2025-07-26 12:43:22,203 - DEBUG - Collected collision time for BConcave+gConcave+4300_flipped at IoU 0.4: nan
2025-07-26 12:43:22,203 - DEBUG - Collected collision time for BConcave+gConcave+4300_flipped at IoU 0.45: nan
2025-07-26 12:43:22,203 - DEBUG - Collected collision time for BConcave+gConcave+4300_flipped at IoU 0.5: nan
2025-07-26 12:43:22,204 - DEBUG - Collected collision time for BConcave+gConcave+4300_flipped at IoU 0.55: nan
2025-07-26 12:43:22,204 - DEBUG - Collected collision time for BConcave+gConcave+4300_flipped at IoU 0.6: nan
2025-07-26 12:43:22,205 - DEBUG - Collected collision time for BConcave+gConcave+4300_flipped at IoU 0.65: nan
2025-07-26 12:43:22,205 - DEBUG - Collected collision time for BConcave+gConcave+4300_flipped at IoU 0.7: nan
2025-07-26 12:43:22,205 - DEBUG - Collected collision time for BConcave+gConcave+4300_flipped at IoU 0.75: nan
2025-07-26 12:43:22,205 - DEBUG - Collected collision time for BConcave+gConcave+4300_flipped at IoU 0.8: nan
2025-07-26 12:43:22,206 - DEBUG - Collected collision time for BConcave+gConcave+4300_flipped at IoU 0.85: nan
2025-07-26 12:43:22,206 - DEBUG - Collected collision time for BConcave+gConcave+4300_flipped at IoU 0.9: nan
2025-07-26 12:43:22,206 - DEBUG - Collected collision time for BConcave+gConcave+4300_flipped at IoU 0.95: nan
2025-07-26 12:43:22,207 - DEBUG - Collected collision time for BConcave+gConcave+4500 at IoU 0.05: 2266.6666666666665
2025-07-26 12:43:22,207 - DEBUG - Collected collision time for BConcave+gConcave+4500 at IoU 0.1: nan
2025-07-26 12:43:22,207 - DEBUG - Collected collision time for BConcave+gConcave+4500 at IoU 0.15: nan
2025-07-26 12:43:22,207 - DEBUG - Collected collision time for BConcave+gConcave+4500 at IoU 0.2: nan
2025-07-26 12:43:22,208 - DEBUG - Collected collision time for BConcave+gConcave+4500 at IoU 0.25: nan
2025-07-26 12:43:22,208 - DEBUG - Collected collision time for BConcave+gConcave+4500 at IoU 0.3: nan
2025-07-26 12:43:22,208 - DEBUG - Collected collision time for BConcave+gConcave+4500 at IoU 0.35: nan
2025-07-26 12:43:22,209 - DEBUG - Collected collision time for BConcave+gConcave+4500 at IoU 0.4: nan
2025-07-26 12:43:22,209 - DEBUG - Collected collision time for BConcave+gConcave+4500 at IoU 0.45: nan
2025-07-26 12:43:22,210 - DEBUG - Collected collision time for BConcave+gConcave+4500 at IoU 0.5: nan
2025-07-26 12:43:22,210 - DEBUG - Collected collision time for BConcave+gConcave+4500 at IoU 0.55: nan
2025-07-26 12:43:22,210 - DEBUG - Collected collision time for BConcave+gConcave+4500 at IoU 0.6: nan
2025-07-26 12:43:22,210 - DEBUG - Collected collision time for BConcave+gConcave+4500 at IoU 0.65: nan
2025-07-26 12:43:22,211 - DEBUG - Collected collision time for BConcave+gConcave+4500 at IoU 0.7: nan
2025-07-26 12:43:22,211 - DEBUG - Collected collision time for BConcave+gConcave+4500 at IoU 0.75: nan
2025-07-26 12:43:22,211 - DEBUG - Collected collision time for BConcave+gConcave+4500 at IoU 0.8: nan
2025-07-26 12:43:22,211 - DEBUG - Collected collision time for BConcave+gConcave+4500 at IoU 0.85: nan
2025-07-26 12:43:22,212 - DEBUG - Collected collision time for BConcave+gConcave+4500 at IoU 0.9: nan
2025-07-26 12:43:22,212 - DEBUG - Collected collision time for BConcave+gConcave+4500 at IoU 0.95: nan
2025-07-26 12:43:22,213 - DEBUG - Collected collision time for BConcave+gConvex+3500 at IoU 0.05: 4783.333333333333
2025-07-26 12:43:22,213 - DEBUG - Collected collision time for BConcave+gConvex+3500 at IoU 0.1: nan
2025-07-26 12:43:22,213 - DEBUG - Collected collision time for BConcave+gConvex+3500 at IoU 0.15: nan
2025-07-26 12:43:22,213 - DEBUG - Collected collision time for BConcave+gConvex+3500 at IoU 0.2: nan
2025-07-26 12:43:22,214 - DEBUG - Collected collision time for BConcave+gConvex+3500 at IoU 0.25: nan
2025-07-26 12:43:22,214 - DEBUG - Collected collision time for BConcave+gConvex+3500 at IoU 0.3: nan
2025-07-26 12:43:22,214 - DEBUG - Collected collision time for BConcave+gConvex+3500 at IoU 0.35: nan
2025-07-26 12:43:22,215 - DEBUG - Collected collision time for BConcave+gConvex+3500 at IoU 0.4: nan
2025-07-26 12:43:22,215 - DEBUG - Collected collision time for BConcave+gConvex+3500 at IoU 0.45: nan
2025-07-26 12:43:22,216 - DEBUG - Collected collision time for BConcave+gConvex+3500 at IoU 0.5: nan
2025-07-26 12:43:22,216 - DEBUG - Collected collision time for BConcave+gConvex+3500 at IoU 0.55: nan
2025-07-26 12:43:22,216 - DEBUG - Collected collision time for BConcave+gConvex+3500 at IoU 0.6: nan
2025-07-26 12:43:22,217 - DEBUG - Collected collision time for BConcave+gConvex+3500 at IoU 0.65: nan
2025-07-26 12:43:22,217 - DEBUG - Collected collision time for BConcave+gConvex+3500 at IoU 0.7: nan
2025-07-26 12:43:22,217 - DEBUG - Collected collision time for BConcave+gConvex+3500 at IoU 0.75: nan
2025-07-26 12:43:22,218 - DEBUG - Collected collision time for BConcave+gConvex+3500 at IoU 0.8: nan
2025-07-26 12:43:22,218 - DEBUG - Collected collision time for BConcave+gConvex+3500 at IoU 0.85: nan
2025-07-26 12:43:22,218 - DEBUG - Collected collision time for BConcave+gConvex+3500 at IoU 0.9: nan
2025-07-26 12:43:22,219 - DEBUG - Collected collision time for BConcave+gConvex+3500 at IoU 0.95: nan
2025-07-26 12:43:22,219 - DEBUG - Collected collision time for BConcave+gConvex+3700_flipped at IoU 0.05: 4233.333333333333
2025-07-26 12:43:22,219 - DEBUG - Collected collision time for BConcave+gConvex+3700_flipped at IoU 0.1: 4233.333333333333
2025-07-26 12:43:22,220 - DEBUG - Collected collision time for BConcave+gConvex+3700_flipped at IoU 0.15: nan
2025-07-26 12:43:22,220 - DEBUG - Collected collision time for BConcave+gConvex+3700_flipped at IoU 0.2: nan
2025-07-26 12:43:22,220 - DEBUG - Collected collision time for BConcave+gConvex+3700_flipped at IoU 0.25: nan
2025-07-26 12:43:22,221 - DEBUG - Collected collision time for BConcave+gConvex+3700_flipped at IoU 0.3: nan
2025-07-26 12:43:22,221 - DEBUG - Collected collision time for BConcave+gConvex+3700_flipped at IoU 0.35: nan
2025-07-26 12:43:22,221 - DEBUG - Collected collision time for BConcave+gConvex+3700_flipped at IoU 0.4: nan
2025-07-26 12:43:22,221 - DEBUG - Collected collision time for BConcave+gConvex+3700_flipped at IoU 0.45: nan
2025-07-26 12:43:22,222 - DEBUG - Collected collision time for BConcave+gConvex+3700_flipped at IoU 0.5: nan
2025-07-26 12:43:22,222 - DEBUG - Collected collision time for BConcave+gConvex+3700_flipped at IoU 0.55: nan
2025-07-26 12:43:22,223 - DEBUG - Collected collision time for BConcave+gConvex+3700_flipped at IoU 0.6: nan
2025-07-26 12:43:22,223 - DEBUG - Collected collision time for BConcave+gConvex+3700_flipped at IoU 0.65: nan
2025-07-26 12:43:22,223 - DEBUG - Collected collision time for BConcave+gConvex+3700_flipped at IoU 0.7: nan
2025-07-26 12:43:22,223 - DEBUG - Collected collision time for BConcave+gConvex+3700_flipped at IoU 0.75: nan
2025-07-26 12:43:22,224 - DEBUG - Collected collision time for BConcave+gConvex+3700_flipped at IoU 0.8: nan
2025-07-26 12:43:22,224 - DEBUG - Collected collision time for BConcave+gConvex+3700_flipped at IoU 0.85: nan
2025-07-26 12:43:22,225 - DEBUG - Collected collision time for BConcave+gConvex+3700_flipped at IoU 0.9: nan
2025-07-26 12:43:22,225 - DEBUG - Collected collision time for BConcave+gConvex+3700_flipped at IoU 0.95: nan
2025-07-26 12:43:22,225 - DEBUG - Collected collision time for BConcave+gConvex+3900 at IoU 0.05: 4216.666666666667
2025-07-26 12:43:22,225 - DEBUG - Collected collision time for BConcave+gConvex+3900 at IoU 0.1: 4416.666666666667
2025-07-26 12:43:22,226 - DEBUG - Collected collision time for BConcave+gConvex+3900 at IoU 0.15: 4583.333333333333
2025-07-26 12:43:22,226 - DEBUG - Collected collision time for BConcave+gConvex+3900 at IoU 0.2: nan
2025-07-26 12:43:22,226 - DEBUG - Collected collision time for BConcave+gConvex+3900 at IoU 0.25: nan
2025-07-26 12:43:22,227 - DEBUG - Collected collision time for BConcave+gConvex+3900 at IoU 0.3: nan
2025-07-26 12:43:22,227 - DEBUG - Collected collision time for BConcave+gConvex+3900 at IoU 0.35: nan
2025-07-26 12:43:22,227 - DEBUG - Collected collision time for BConcave+gConvex+3900 at IoU 0.4: nan
2025-07-26 12:43:22,228 - DEBUG - Collected collision time for BConcave+gConvex+3900 at IoU 0.45: nan
2025-07-26 12:43:22,228 - DEBUG - Collected collision time for BConcave+gConvex+3900 at IoU 0.5: nan
2025-07-26 12:43:22,228 - DEBUG - Collected collision time for BConcave+gConvex+3900 at IoU 0.55: nan
2025-07-26 12:43:22,228 - DEBUG - Collected collision time for BConcave+gConvex+3900 at IoU 0.6: nan
2025-07-26 12:43:22,229 - DEBUG - Collected collision time for BConcave+gConvex+3900 at IoU 0.65: nan
2025-07-26 12:43:22,229 - DEBUG - Collected collision time for BConcave+gConvex+3900 at IoU 0.7: nan
2025-07-26 12:43:22,230 - DEBUG - Collected collision time for BConcave+gConvex+3900 at IoU 0.75: nan
2025-07-26 12:43:22,230 - DEBUG - Collected collision time for BConcave+gConvex+3900 at IoU 0.8: nan
2025-07-26 12:43:22,230 - DEBUG - Collected collision time for BConcave+gConvex+3900 at IoU 0.85: nan
2025-07-26 12:43:22,231 - DEBUG - Collected collision time for BConcave+gConvex+3900 at IoU 0.9: nan
2025-07-26 12:43:22,231 - DEBUG - Collected collision time for BConcave+gConvex+3900 at IoU 0.95: nan
2025-07-26 12:43:22,231 - DEBUG - Collected collision time for BConcave+gConvex+4100_flipped at IoU 0.05: 4333.333333333333
2025-07-26 12:43:22,231 - DEBUG - Collected collision time for BConcave+gConvex+4100_flipped at IoU 0.1: 4583.333333333333
2025-07-26 12:43:22,232 - DEBUG - Collected collision time for BConcave+gConvex+4100_flipped at IoU 0.15: 4716.666666666667
2025-07-26 12:43:22,232 - DEBUG - Collected collision time for BConcave+gConvex+4100_flipped at IoU 0.2: nan
2025-07-26 12:43:22,232 - DEBUG - Collected collision time for BConcave+gConvex+4100_flipped at IoU 0.25: nan
2025-07-26 12:43:22,233 - DEBUG - Collected collision time for BConcave+gConvex+4100_flipped at IoU 0.3: nan
2025-07-26 12:43:22,233 - DEBUG - Collected collision time for BConcave+gConvex+4100_flipped at IoU 0.35: nan
2025-07-26 12:43:22,233 - DEBUG - Collected collision time for BConcave+gConvex+4100_flipped at IoU 0.4: nan
2025-07-26 12:43:22,233 - DEBUG - Collected collision time for BConcave+gConvex+4100_flipped at IoU 0.45: nan
2025-07-26 12:43:22,234 - DEBUG - Collected collision time for BConcave+gConvex+4100_flipped at IoU 0.5: nan
2025-07-26 12:43:22,234 - DEBUG - Collected collision time for BConcave+gConvex+4100_flipped at IoU 0.55: nan
2025-07-26 12:43:22,235 - DEBUG - Collected collision time for BConcave+gConvex+4100_flipped at IoU 0.6: nan
2025-07-26 12:43:22,235 - DEBUG - Collected collision time for BConcave+gConvex+4100_flipped at IoU 0.65: nan
2025-07-26 12:43:22,235 - DEBUG - Collected collision time for BConcave+gConvex+4100_flipped at IoU 0.7: nan
2025-07-26 12:43:22,236 - DEBUG - Collected collision time for BConcave+gConvex+4100_flipped at IoU 0.75: nan
2025-07-26 12:43:22,236 - DEBUG - Collected collision time for BConcave+gConvex+4100_flipped at IoU 0.8: nan
2025-07-26 12:43:22,236 - DEBUG - Collected collision time for BConcave+gConvex+4100_flipped at IoU 0.85: nan
2025-07-26 12:43:22,237 - DEBUG - Collected collision time for BConcave+gConvex+4100_flipped at IoU 0.9: nan
2025-07-26 12:43:22,237 - DEBUG - Collected collision time for BConcave+gConvex+4100_flipped at IoU 0.95: nan
2025-07-26 12:43:22,237 - DEBUG - Collected collision time for BConcave+gConvex+4300 at IoU 0.05: 4683.333333333334
2025-07-26 12:43:22,237 - DEBUG - Collected collision time for BConcave+gConvex+4300 at IoU 0.1: 4850.0
2025-07-26 12:43:22,238 - DEBUG - Collected collision time for BConcave+gConvex+4300 at IoU 0.15: nan
2025-07-26 12:43:22,238 - DEBUG - Collected collision time for BConcave+gConvex+4300 at IoU 0.2: nan
2025-07-26 12:43:22,239 - DEBUG - Collected collision time for BConcave+gConvex+4300 at IoU 0.25: nan
2025-07-26 12:43:22,239 - DEBUG - Collected collision time for BConcave+gConvex+4300 at IoU 0.3: nan
2025-07-26 12:43:22,239 - DEBUG - Collected collision time for BConcave+gConvex+4300 at IoU 0.35: nan
2025-07-26 12:43:22,239 - DEBUG - Collected collision time for BConcave+gConvex+4300 at IoU 0.4: nan
2025-07-26 12:43:22,240 - DEBUG - Collected collision time for BConcave+gConvex+4300 at IoU 0.45: nan
2025-07-26 12:43:22,240 - DEBUG - Collected collision time for BConcave+gConvex+4300 at IoU 0.5: nan
2025-07-26 12:43:22,241 - DEBUG - Collected collision time for BConcave+gConvex+4300 at IoU 0.55: nan
2025-07-26 12:43:22,241 - DEBUG - Collected collision time for BConcave+gConvex+4300 at IoU 0.6: nan
2025-07-26 12:43:22,241 - DEBUG - Collected collision time for BConcave+gConvex+4300 at IoU 0.65: nan
2025-07-26 12:43:22,241 - DEBUG - Collected collision time for BConcave+gConvex+4300 at IoU 0.7: nan
2025-07-26 12:43:22,242 - DEBUG - Collected collision time for BConcave+gConvex+4300 at IoU 0.75: nan
2025-07-26 12:43:22,242 - DEBUG - Collected collision time for BConcave+gConvex+4300 at IoU 0.8: nan
2025-07-26 12:43:22,243 - DEBUG - Collected collision time for BConcave+gConvex+4300 at IoU 0.85: nan
2025-07-26 12:43:22,243 - DEBUG - Collected collision time for BConcave+gConvex+4300 at IoU 0.9: nan
2025-07-26 12:43:22,243 - DEBUG - Collected collision time for BConcave+gConvex+4300 at IoU 0.95: nan
2025-07-26 12:43:22,243 - DEBUG - Collected collision time for BConcave+gConvex+4500_flipped at IoU 0.05: nan
2025-07-26 12:43:22,244 - DEBUG - Collected collision time for BConcave+gConvex+4500_flipped at IoU 0.1: nan
2025-07-26 12:43:22,244 - DEBUG - Collected collision time for BConcave+gConvex+4500_flipped at IoU 0.15: nan
2025-07-26 12:43:22,245 - DEBUG - Collected collision time for BConcave+gConvex+4500_flipped at IoU 0.2: nan
2025-07-26 12:43:22,245 - DEBUG - Collected collision time for BConcave+gConvex+4500_flipped at IoU 0.25: nan
2025-07-26 12:43:22,245 - DEBUG - Collected collision time for BConcave+gConvex+4500_flipped at IoU 0.3: nan
2025-07-26 12:43:22,246 - DEBUG - Collected collision time for BConcave+gConvex+4500_flipped at IoU 0.35: nan
2025-07-26 12:43:22,246 - DEBUG - Collected collision time for BConcave+gConvex+4500_flipped at IoU 0.4: nan
2025-07-26 12:43:22,246 - DEBUG - Collected collision time for BConcave+gConvex+4500_flipped at IoU 0.45: nan
2025-07-26 12:43:22,247 - DEBUG - Collected collision time for BConcave+gConvex+4500_flipped at IoU 0.5: nan
2025-07-26 12:43:22,247 - DEBUG - Collected collision time for BConcave+gConvex+4500_flipped at IoU 0.55: nan
2025-07-26 12:43:22,247 - DEBUG - Collected collision time for BConcave+gConvex+4500_flipped at IoU 0.6: nan
2025-07-26 12:43:22,247 - DEBUG - Collected collision time for BConcave+gConvex+4500_flipped at IoU 0.65: nan
2025-07-26 12:43:22,248 - DEBUG - Collected collision time for BConcave+gConvex+4500_flipped at IoU 0.7: nan
2025-07-26 12:43:22,248 - DEBUG - Collected collision time for BConcave+gConvex+4500_flipped at IoU 0.75: nan
2025-07-26 12:43:22,249 - DEBUG - Collected collision time for BConcave+gConvex+4500_flipped at IoU 0.8: nan
2025-07-26 12:43:22,249 - DEBUG - Collected collision time for BConcave+gConvex+4500_flipped at IoU 0.85: nan
2025-07-26 12:43:22,249 - DEBUG - Collected collision time for BConcave+gConvex+4500_flipped at IoU 0.9: nan
2025-07-26 12:43:22,249 - DEBUG - Collected collision time for BConcave+gConvex+4500_flipped at IoU 0.95: nan
2025-07-26 12:43:22,250 - DEBUG - Collected collision time for BConcave+hConcave+3500_flipped at IoU 0.05: 3916.6666666666665
2025-07-26 12:43:22,250 - DEBUG - Collected collision time for BConcave+hConcave+3500_flipped at IoU 0.1: 4050.0
2025-07-26 12:43:22,250 - DEBUG - Collected collision time for BConcave+hConcave+3500_flipped at IoU 0.15: 4183.333333333334
2025-07-26 12:43:22,251 - DEBUG - Collected collision time for BConcave+hConcave+3500_flipped at IoU 0.2: 4266.666666666667
2025-07-26 12:43:22,251 - DEBUG - Collected collision time for BConcave+hConcave+3500_flipped at IoU 0.25: 4383.333333333334
2025-07-26 12:43:22,251 - DEBUG - Collected collision time for BConcave+hConcave+3500_flipped at IoU 0.3: nan
2025-07-26 12:43:22,252 - DEBUG - Collected collision time for BConcave+hConcave+3500_flipped at IoU 0.35: nan
2025-07-26 12:43:22,252 - DEBUG - Collected collision time for BConcave+hConcave+3500_flipped at IoU 0.4: nan
2025-07-26 12:43:22,252 - DEBUG - Collected collision time for BConcave+hConcave+3500_flipped at IoU 0.45: nan
2025-07-26 12:43:22,253 - DEBUG - Collected collision time for BConcave+hConcave+3500_flipped at IoU 0.5: nan
2025-07-26 12:43:22,253 - DEBUG - Collected collision time for BConcave+hConcave+3500_flipped at IoU 0.55: nan
2025-07-26 12:43:22,253 - DEBUG - Collected collision time for BConcave+hConcave+3500_flipped at IoU 0.6: nan
2025-07-26 12:43:22,254 - DEBUG - Collected collision time for BConcave+hConcave+3500_flipped at IoU 0.65: nan
2025-07-26 12:43:22,254 - DEBUG - Collected collision time for BConcave+hConcave+3500_flipped at IoU 0.7: nan
2025-07-26 12:43:22,254 - DEBUG - Collected collision time for BConcave+hConcave+3500_flipped at IoU 0.75: nan
2025-07-26 12:43:22,254 - DEBUG - Collected collision time for BConcave+hConcave+3500_flipped at IoU 0.8: nan
2025-07-26 12:43:22,255 - DEBUG - Collected collision time for BConcave+hConcave+3500_flipped at IoU 0.85: nan
2025-07-26 12:43:22,255 - DEBUG - Collected collision time for BConcave+hConcave+3500_flipped at IoU 0.9: nan
2025-07-26 12:43:22,256 - DEBUG - Collected collision time for BConcave+hConcave+3500_flipped at IoU 0.95: nan
2025-07-26 12:43:22,256 - DEBUG - Collected collision time for BConcave+hConcave+3700 at IoU 0.05: 4033.333333333333
2025-07-26 12:43:22,256 - DEBUG - Collected collision time for BConcave+hConcave+3700 at IoU 0.1: 4133.333333333334
2025-07-26 12:43:22,257 - DEBUG - Collected collision time for BConcave+hConcave+3700 at IoU 0.15: 4233.333333333333
2025-07-26 12:43:22,257 - DEBUG - Collected collision time for BConcave+hConcave+3700 at IoU 0.2: 4416.666666666667
2025-07-26 12:43:22,257 - DEBUG - Collected collision time for BConcave+hConcave+3700 at IoU 0.25: nan
2025-07-26 12:43:22,257 - DEBUG - Collected collision time for BConcave+hConcave+3700 at IoU 0.3: nan
2025-07-26 12:43:22,258 - DEBUG - Collected collision time for BConcave+hConcave+3700 at IoU 0.35: nan
2025-07-26 12:43:22,258 - DEBUG - Collected collision time for BConcave+hConcave+3700 at IoU 0.4: nan
2025-07-26 12:43:22,258 - DEBUG - Collected collision time for BConcave+hConcave+3700 at IoU 0.45: nan
2025-07-26 12:43:22,258 - DEBUG - Collected collision time for BConcave+hConcave+3700 at IoU 0.5: nan
2025-07-26 12:43:22,259 - DEBUG - Collected collision time for BConcave+hConcave+3700 at IoU 0.55: nan
2025-07-26 12:43:22,259 - DEBUG - Collected collision time for BConcave+hConcave+3700 at IoU 0.6: nan
2025-07-26 12:43:22,259 - DEBUG - Collected collision time for BConcave+hConcave+3700 at IoU 0.65: nan
2025-07-26 12:43:22,260 - DEBUG - Collected collision time for BConcave+hConcave+3700 at IoU 0.7: nan
2025-07-26 12:43:22,260 - DEBUG - Collected collision time for BConcave+hConcave+3700 at IoU 0.75: nan
2025-07-26 12:43:22,261 - DEBUG - Collected collision time for BConcave+hConcave+3700 at IoU 0.8: nan
2025-07-26 12:43:22,261 - DEBUG - Collected collision time for BConcave+hConcave+3700 at IoU 0.85: nan
2025-07-26 12:43:22,261 - DEBUG - Collected collision time for BConcave+hConcave+3700 at IoU 0.9: nan
2025-07-26 12:43:22,261 - DEBUG - Collected collision time for BConcave+hConcave+3700 at IoU 0.95: nan
2025-07-26 12:43:22,261 - DEBUG - Collected collision time for BConcave+hConcave+3900_flipped at IoU 0.05: 4250.0
2025-07-26 12:43:22,262 - DEBUG - Collected collision time for BConcave+hConcave+3900_flipped at IoU 0.1: 4383.333333333334
2025-07-26 12:43:22,262 - DEBUG - Collected collision time for BConcave+hConcave+3900_flipped at IoU 0.15: 4500.0
2025-07-26 12:43:22,263 - DEBUG - Collected collision time for BConcave+hConcave+3900_flipped at IoU 0.2: 4583.333333333333
2025-07-26 12:43:22,263 - DEBUG - Collected collision time for BConcave+hConcave+3900_flipped at IoU 0.25: 4650.0
2025-07-26 12:43:22,263 - DEBUG - Collected collision time for BConcave+hConcave+3900_flipped at IoU 0.3: 4783.333333333333
2025-07-26 12:43:22,263 - DEBUG - Collected collision time for BConcave+hConcave+3900_flipped at IoU 0.35: nan
2025-07-26 12:43:22,264 - DEBUG - Collected collision time for BConcave+hConcave+3900_flipped at IoU 0.4: nan
2025-07-26 12:43:22,264 - DEBUG - Collected collision time for BConcave+hConcave+3900_flipped at IoU 0.45: nan
2025-07-26 12:43:22,265 - DEBUG - Collected collision time for BConcave+hConcave+3900_flipped at IoU 0.5: nan
2025-07-26 12:43:22,265 - DEBUG - Collected collision time for BConcave+hConcave+3900_flipped at IoU 0.55: nan
2025-07-26 12:43:22,265 - DEBUG - Collected collision time for BConcave+hConcave+3900_flipped at IoU 0.6: nan
2025-07-26 12:43:22,266 - DEBUG - Collected collision time for BConcave+hConcave+3900_flipped at IoU 0.65: nan
2025-07-26 12:43:22,266 - DEBUG - Collected collision time for BConcave+hConcave+3900_flipped at IoU 0.7: nan
2025-07-26 12:43:22,266 - DEBUG - Collected collision time for BConcave+hConcave+3900_flipped at IoU 0.75: nan
2025-07-26 12:43:22,266 - DEBUG - Collected collision time for BConcave+hConcave+3900_flipped at IoU 0.8: nan
2025-07-26 12:43:22,266 - DEBUG - Collected collision time for BConcave+hConcave+3900_flipped at IoU 0.85: nan
2025-07-26 12:43:22,267 - DEBUG - Collected collision time for BConcave+hConcave+3900_flipped at IoU 0.9: nan
2025-07-26 12:43:22,267 - DEBUG - Collected collision time for BConcave+hConcave+3900_flipped at IoU 0.95: nan
2025-07-26 12:43:22,268 - DEBUG - Collected collision time for BConcave+hConcave+4100 at IoU 0.05: nan
2025-07-26 12:43:22,268 - DEBUG - Collected collision time for BConcave+hConcave+4100 at IoU 0.1: nan
2025-07-26 12:43:22,268 - DEBUG - Collected collision time for BConcave+hConcave+4100 at IoU 0.15: nan
2025-07-26 12:43:22,268 - DEBUG - Collected collision time for BConcave+hConcave+4100 at IoU 0.2: nan
2025-07-26 12:43:22,269 - DEBUG - Collected collision time for BConcave+hConcave+4100 at IoU 0.25: nan
2025-07-26 12:43:22,269 - DEBUG - Collected collision time for BConcave+hConcave+4100 at IoU 0.3: nan
2025-07-26 12:43:22,269 - DEBUG - Collected collision time for BConcave+hConcave+4100 at IoU 0.35: nan
2025-07-26 12:43:22,270 - DEBUG - Collected collision time for BConcave+hConcave+4100 at IoU 0.4: nan
2025-07-26 12:43:22,270 - DEBUG - Collected collision time for BConcave+hConcave+4100 at IoU 0.45: nan
2025-07-26 12:43:22,270 - DEBUG - Collected collision time for BConcave+hConcave+4100 at IoU 0.5: nan
2025-07-26 12:43:22,271 - DEBUG - Collected collision time for BConcave+hConcave+4100 at IoU 0.55: nan
2025-07-26 12:43:22,271 - DEBUG - Collected collision time for BConcave+hConcave+4100 at IoU 0.6: nan
2025-07-26 12:43:22,271 - DEBUG - Collected collision time for BConcave+hConcave+4100 at IoU 0.65: nan
2025-07-26 12:43:22,271 - DEBUG - Collected collision time for BConcave+hConcave+4100 at IoU 0.7: nan
2025-07-26 12:43:22,272 - DEBUG - Collected collision time for BConcave+hConcave+4100 at IoU 0.75: nan
2025-07-26 12:43:22,272 - DEBUG - Collected collision time for BConcave+hConcave+4100 at IoU 0.8: nan
2025-07-26 12:43:22,273 - DEBUG - Collected collision time for BConcave+hConcave+4100 at IoU 0.85: nan
2025-07-26 12:43:22,273 - DEBUG - Collected collision time for BConcave+hConcave+4100 at IoU 0.9: nan
2025-07-26 12:43:22,273 - DEBUG - Collected collision time for BConcave+hConcave+4100 at IoU 0.95: nan
2025-07-26 12:43:22,274 - DEBUG - Collected collision time for BConcave+hConcave+4300_flipped at IoU 0.05: 5050.0
2025-07-26 12:43:22,274 - DEBUG - Collected collision time for BConcave+hConcave+4300_flipped at IoU 0.1: 5216.666666666667
2025-07-26 12:43:22,274 - DEBUG - Collected collision time for BConcave+hConcave+4300_flipped at IoU 0.15: 5300.0
2025-07-26 12:43:22,275 - DEBUG - Collected collision time for BConcave+hConcave+4300_flipped at IoU 0.2: nan
2025-07-26 12:43:22,275 - DEBUG - Collected collision time for BConcave+hConcave+4300_flipped at IoU 0.25: nan
2025-07-26 12:43:22,275 - DEBUG - Collected collision time for BConcave+hConcave+4300_flipped at IoU 0.3: nan
2025-07-26 12:43:22,276 - DEBUG - Collected collision time for BConcave+hConcave+4300_flipped at IoU 0.35: nan
2025-07-26 12:43:22,276 - DEBUG - Collected collision time for BConcave+hConcave+4300_flipped at IoU 0.4: nan
2025-07-26 12:43:22,276 - DEBUG - Collected collision time for BConcave+hConcave+4300_flipped at IoU 0.45: nan
2025-07-26 12:43:22,277 - DEBUG - Collected collision time for BConcave+hConcave+4300_flipped at IoU 0.5: nan
2025-07-26 12:43:22,277 - DEBUG - Collected collision time for BConcave+hConcave+4300_flipped at IoU 0.55: nan
2025-07-26 12:43:22,278 - DEBUG - Collected collision time for BConcave+hConcave+4300_flipped at IoU 0.6: nan
2025-07-26 12:43:22,278 - DEBUG - Collected collision time for BConcave+hConcave+4300_flipped at IoU 0.65: nan
2025-07-26 12:43:22,278 - DEBUG - Collected collision time for BConcave+hConcave+4300_flipped at IoU 0.7: nan
2025-07-26 12:43:22,278 - DEBUG - Collected collision time for BConcave+hConcave+4300_flipped at IoU 0.75: nan
2025-07-26 12:43:22,279 - DEBUG - Collected collision time for BConcave+hConcave+4300_flipped at IoU 0.8: nan
2025-07-26 12:43:22,279 - DEBUG - Collected collision time for BConcave+hConcave+4300_flipped at IoU 0.85: nan
2025-07-26 12:43:22,279 - DEBUG - Collected collision time for BConcave+hConcave+4300_flipped at IoU 0.9: nan
2025-07-26 12:43:22,280 - DEBUG - Collected collision time for BConcave+hConcave+4300_flipped at IoU 0.95: nan
2025-07-26 12:43:22,280 - DEBUG - Collected collision time for BConcave+hConcave+4500 at IoU 0.05: 5200.0
2025-07-26 12:43:22,280 - DEBUG - Collected collision time for BConcave+hConcave+4500 at IoU 0.1: nan
2025-07-26 12:43:22,281 - DEBUG - Collected collision time for BConcave+hConcave+4500 at IoU 0.15: nan
2025-07-26 12:43:22,281 - DEBUG - Collected collision time for BConcave+hConcave+4500 at IoU 0.2: nan
2025-07-26 12:43:22,282 - DEBUG - Collected collision time for BConcave+hConcave+4500 at IoU 0.25: nan
2025-07-26 12:43:22,282 - DEBUG - Collected collision time for BConcave+hConcave+4500 at IoU 0.3: nan
2025-07-26 12:43:22,282 - DEBUG - Collected collision time for BConcave+hConcave+4500 at IoU 0.35: nan
2025-07-26 12:43:22,282 - DEBUG - Collected collision time for BConcave+hConcave+4500 at IoU 0.4: nan
2025-07-26 12:43:22,283 - DEBUG - Collected collision time for BConcave+hConcave+4500 at IoU 0.45: nan
2025-07-26 12:43:22,283 - DEBUG - Collected collision time for BConcave+hConcave+4500 at IoU 0.5: nan
2025-07-26 12:43:22,284 - DEBUG - Collected collision time for BConcave+hConcave+4500 at IoU 0.55: nan
2025-07-26 12:43:22,284 - DEBUG - Collected collision time for BConcave+hConcave+4500 at IoU 0.6: nan
2025-07-26 12:43:22,284 - DEBUG - Collected collision time for BConcave+hConcave+4500 at IoU 0.65: nan
2025-07-26 12:43:22,284 - DEBUG - Collected collision time for BConcave+hConcave+4500 at IoU 0.7: nan
2025-07-26 12:43:22,285 - DEBUG - Collected collision time for BConcave+hConcave+4500 at IoU 0.75: nan
2025-07-26 12:43:22,285 - DEBUG - Collected collision time for BConcave+hConcave+4500 at IoU 0.8: nan
2025-07-26 12:43:22,285 - DEBUG - Collected collision time for BConcave+hConcave+4500 at IoU 0.85: nan
2025-07-26 12:43:22,286 - DEBUG - Collected collision time for BConcave+hConcave+4500 at IoU 0.9: nan
2025-07-26 12:43:22,286 - DEBUG - Collected collision time for BConcave+hConcave+4500 at IoU 0.95: nan
2025-07-26 12:43:22,286 - DEBUG - Collected collision time for BConcave+hConvex+3500 at IoU 0.05: 3916.6666666666665
2025-07-26 12:43:22,286 - DEBUG - Collected collision time for BConcave+hConvex+3500 at IoU 0.1: 4133.333333333334
2025-07-26 12:43:22,287 - DEBUG - Collected collision time for BConcave+hConvex+3500 at IoU 0.15: 4300.0
2025-07-26 12:43:22,287 - DEBUG - Collected collision time for BConcave+hConvex+3500 at IoU 0.2: 4516.666666666667
2025-07-26 12:43:22,287 - DEBUG - Collected collision time for BConcave+hConvex+3500 at IoU 0.25: 4633.333333333334
2025-07-26 12:43:22,288 - DEBUG - Collected collision time for BConcave+hConvex+3500 at IoU 0.3: nan
2025-07-26 12:43:22,288 - DEBUG - Collected collision time for BConcave+hConvex+3500 at IoU 0.35: nan
2025-07-26 12:43:22,288 - DEBUG - Collected collision time for BConcave+hConvex+3500 at IoU 0.4: nan
2025-07-26 12:43:22,288 - DEBUG - Collected collision time for BConcave+hConvex+3500 at IoU 0.45: nan
2025-07-26 12:43:22,289 - DEBUG - Collected collision time for BConcave+hConvex+3500 at IoU 0.5: nan
2025-07-26 12:43:22,289 - DEBUG - Collected collision time for BConcave+hConvex+3500 at IoU 0.55: nan
2025-07-26 12:43:22,289 - DEBUG - Collected collision time for BConcave+hConvex+3500 at IoU 0.6: nan
2025-07-26 12:43:22,290 - DEBUG - Collected collision time for BConcave+hConvex+3500 at IoU 0.65: nan
2025-07-26 12:43:22,290 - DEBUG - Collected collision time for BConcave+hConvex+3500 at IoU 0.7: nan
2025-07-26 12:43:22,290 - DEBUG - Collected collision time for BConcave+hConvex+3500 at IoU 0.75: nan
2025-07-26 12:43:22,291 - DEBUG - Collected collision time for BConcave+hConvex+3500 at IoU 0.8: nan
2025-07-26 12:43:22,291 - DEBUG - Collected collision time for BConcave+hConvex+3500 at IoU 0.85: nan
2025-07-26 12:43:22,291 - DEBUG - Collected collision time for BConcave+hConvex+3500 at IoU 0.9: nan
2025-07-26 12:43:22,292 - DEBUG - Collected collision time for BConcave+hConvex+3500 at IoU 0.95: nan
2025-07-26 12:43:22,292 - DEBUG - Collected collision time for BConcave+hConvex+3700_flipped at IoU 0.05: 4050.0
2025-07-26 12:43:22,292 - DEBUG - Collected collision time for BConcave+hConvex+3700_flipped at IoU 0.1: 4283.333333333333
2025-07-26 12:43:22,293 - DEBUG - Collected collision time for BConcave+hConvex+3700_flipped at IoU 0.15: 4500.0
2025-07-26 12:43:22,293 - DEBUG - Collected collision time for BConcave+hConvex+3700_flipped at IoU 0.2: 4750.0
2025-07-26 12:43:22,293 - DEBUG - Collected collision time for BConcave+hConvex+3700_flipped at IoU 0.25: 4950.0
2025-07-26 12:43:22,293 - DEBUG - Collected collision time for BConcave+hConvex+3700_flipped at IoU 0.3: nan
2025-07-26 12:43:22,294 - DEBUG - Collected collision time for BConcave+hConvex+3700_flipped at IoU 0.35: nan
2025-07-26 12:43:22,294 - DEBUG - Collected collision time for BConcave+hConvex+3700_flipped at IoU 0.4: nan
2025-07-26 12:43:22,294 - DEBUG - Collected collision time for BConcave+hConvex+3700_flipped at IoU 0.45: nan
2025-07-26 12:43:22,294 - DEBUG - Collected collision time for BConcave+hConvex+3700_flipped at IoU 0.5: nan
2025-07-26 12:43:22,295 - DEBUG - Collected collision time for BConcave+hConvex+3700_flipped at IoU 0.55: nan
2025-07-26 12:43:22,295 - DEBUG - Collected collision time for BConcave+hConvex+3700_flipped at IoU 0.6: nan
2025-07-26 12:43:22,295 - DEBUG - Collected collision time for BConcave+hConvex+3700_flipped at IoU 0.65: nan
2025-07-26 12:43:22,296 - DEBUG - Collected collision time for BConcave+hConvex+3700_flipped at IoU 0.7: nan
2025-07-26 12:43:22,296 - DEBUG - Collected collision time for BConcave+hConvex+3700_flipped at IoU 0.75: nan
2025-07-26 12:43:22,297 - DEBUG - Collected collision time for BConcave+hConvex+3700_flipped at IoU 0.8: nan
2025-07-26 12:43:22,297 - DEBUG - Collected collision time for BConcave+hConvex+3700_flipped at IoU 0.85: nan
2025-07-26 12:43:22,297 - DEBUG - Collected collision time for BConcave+hConvex+3700_flipped at IoU 0.9: nan
2025-07-26 12:43:22,297 - DEBUG - Collected collision time for BConcave+hConvex+3700_flipped at IoU 0.95: nan
2025-07-26 12:43:22,298 - DEBUG - Collected collision time for BConcave+hConvex+3900 at IoU 0.05: 4333.333333333333
2025-07-26 12:43:22,298 - DEBUG - Collected collision time for BConcave+hConvex+3900 at IoU 0.1: 4583.333333333333
2025-07-26 12:43:22,299 - DEBUG - Collected collision time for BConcave+hConvex+3900 at IoU 0.15: 4866.666666666666
2025-07-26 12:43:22,299 - DEBUG - Collected collision time for BConcave+hConvex+3900 at IoU 0.2: 5000.0
2025-07-26 12:43:22,299 - DEBUG - Collected collision time for BConcave+hConvex+3900 at IoU 0.25: nan
2025-07-26 12:43:22,300 - DEBUG - Collected collision time for BConcave+hConvex+3900 at IoU 0.3: nan
2025-07-26 12:43:22,300 - DEBUG - Collected collision time for BConcave+hConvex+3900 at IoU 0.35: nan
2025-07-26 12:43:22,300 - DEBUG - Collected collision time for BConcave+hConvex+3900 at IoU 0.4: nan
2025-07-26 12:43:22,301 - DEBUG - Collected collision time for BConcave+hConvex+3900 at IoU 0.45: nan
2025-07-26 12:43:22,301 - DEBUG - Collected collision time for BConcave+hConvex+3900 at IoU 0.5: nan
2025-07-26 12:43:22,301 - DEBUG - Collected collision time for BConcave+hConvex+3900 at IoU 0.55: nan
2025-07-26 12:43:22,302 - DEBUG - Collected collision time for BConcave+hConvex+3900 at IoU 0.6: nan
2025-07-26 12:43:22,302 - DEBUG - Collected collision time for BConcave+hConvex+3900 at IoU 0.65: nan
2025-07-26 12:43:22,302 - DEBUG - Collected collision time for BConcave+hConvex+3900 at IoU 0.7: nan
2025-07-26 12:43:22,302 - DEBUG - Collected collision time for BConcave+hConvex+3900 at IoU 0.75: nan
2025-07-26 12:43:22,303 - DEBUG - Collected collision time for BConcave+hConvex+3900 at IoU 0.8: nan
2025-07-26 12:43:22,303 - DEBUG - Collected collision time for BConcave+hConvex+3900 at IoU 0.85: nan
2025-07-26 12:43:22,304 - DEBUG - Collected collision time for BConcave+hConvex+3900 at IoU 0.9: nan
2025-07-26 12:43:22,304 - DEBUG - Collected collision time for BConcave+hConvex+3900 at IoU 0.95: nan
2025-07-26 12:43:22,304 - DEBUG - Collected collision time for BConcave+hConvex+4100_flipped at IoU 0.05: 5166.666666666667
2025-07-26 12:43:22,304 - DEBUG - Collected collision time for BConcave+hConvex+4100_flipped at IoU 0.1: 5266.666666666667
2025-07-26 12:43:22,305 - DEBUG - Collected collision time for BConcave+hConvex+4100_flipped at IoU 0.15: 5416.666666666667
2025-07-26 12:43:22,305 - DEBUG - Collected collision time for BConcave+hConvex+4100_flipped at IoU 0.2: nan
2025-07-26 12:43:22,306 - DEBUG - Collected collision time for BConcave+hConvex+4100_flipped at IoU 0.25: nan
2025-07-26 12:43:22,306 - DEBUG - Collected collision time for BConcave+hConvex+4100_flipped at IoU 0.3: nan
2025-07-26 12:43:22,306 - DEBUG - Collected collision time for BConcave+hConvex+4100_flipped at IoU 0.35: nan
2025-07-26 12:43:22,307 - DEBUG - Collected collision time for BConcave+hConvex+4100_flipped at IoU 0.4: nan
2025-07-26 12:43:22,307 - DEBUG - Collected collision time for BConcave+hConvex+4100_flipped at IoU 0.45: nan
2025-07-26 12:43:22,307 - DEBUG - Collected collision time for BConcave+hConvex+4100_flipped at IoU 0.5: nan
2025-07-26 12:43:22,308 - DEBUG - Collected collision time for BConcave+hConvex+4100_flipped at IoU 0.55: nan
2025-07-26 12:43:22,308 - DEBUG - Collected collision time for BConcave+hConvex+4100_flipped at IoU 0.6: nan
2025-07-26 12:43:22,308 - DEBUG - Collected collision time for BConcave+hConvex+4100_flipped at IoU 0.65: nan
2025-07-26 12:43:22,309 - DEBUG - Collected collision time for BConcave+hConvex+4100_flipped at IoU 0.7: nan
2025-07-26 12:43:22,309 - DEBUG - Collected collision time for BConcave+hConvex+4100_flipped at IoU 0.75: nan
2025-07-26 12:43:22,310 - DEBUG - Collected collision time for BConcave+hConvex+4100_flipped at IoU 0.8: nan
2025-07-26 12:43:22,310 - DEBUG - Collected collision time for BConcave+hConvex+4100_flipped at IoU 0.85: nan
2025-07-26 12:43:22,310 - DEBUG - Collected collision time for BConcave+hConvex+4100_flipped at IoU 0.9: nan
2025-07-26 12:43:22,311 - DEBUG - Collected collision time for BConcave+hConvex+4100_flipped at IoU 0.95: nan
2025-07-26 12:43:22,311 - DEBUG - Collected collision time for BConcave+hConvex+4300 at IoU 0.05: 5033.333333333333
2025-07-26 12:43:22,311 - DEBUG - Collected collision time for BConcave+hConvex+4300 at IoU 0.1: 5266.666666666667
2025-07-26 12:43:22,312 - DEBUG - Collected collision time for BConcave+hConvex+4300 at IoU 0.15: 5266.666666666667
2025-07-26 12:43:22,312 - DEBUG - Collected collision time for BConcave+hConvex+4300 at IoU 0.2: nan
2025-07-26 12:43:22,312 - DEBUG - Collected collision time for BConcave+hConvex+4300 at IoU 0.25: nan
2025-07-26 12:43:22,313 - DEBUG - Collected collision time for BConcave+hConvex+4300 at IoU 0.3: nan
2025-07-26 12:43:22,313 - DEBUG - Collected collision time for BConcave+hConvex+4300 at IoU 0.35: nan
2025-07-26 12:43:22,313 - DEBUG - Collected collision time for BConcave+hConvex+4300 at IoU 0.4: nan
2025-07-26 12:43:22,314 - DEBUG - Collected collision time for BConcave+hConvex+4300 at IoU 0.45: nan
2025-07-26 12:43:22,314 - DEBUG - Collected collision time for BConcave+hConvex+4300 at IoU 0.5: nan
2025-07-26 12:43:22,314 - DEBUG - Collected collision time for BConcave+hConvex+4300 at IoU 0.55: nan
2025-07-26 12:43:22,314 - DEBUG - Collected collision time for BConcave+hConvex+4300 at IoU 0.6: nan
2025-07-26 12:43:22,315 - DEBUG - Collected collision time for BConcave+hConvex+4300 at IoU 0.65: nan
2025-07-26 12:43:22,315 - DEBUG - Collected collision time for BConcave+hConvex+4300 at IoU 0.7: nan
2025-07-26 12:43:22,316 - DEBUG - Collected collision time for BConcave+hConvex+4300 at IoU 0.75: nan
2025-07-26 12:43:22,316 - DEBUG - Collected collision time for BConcave+hConvex+4300 at IoU 0.8: nan
2025-07-26 12:43:22,316 - DEBUG - Collected collision time for BConcave+hConvex+4300 at IoU 0.85: nan
2025-07-26 12:43:22,316 - DEBUG - Collected collision time for BConcave+hConvex+4300 at IoU 0.9: nan
2025-07-26 12:43:22,317 - DEBUG - Collected collision time for BConcave+hConvex+4300 at IoU 0.95: nan
2025-07-26 12:43:22,317 - DEBUG - Collected collision time for BConcave+hConvex+4500_flipped at IoU 0.05: 5400.0
2025-07-26 12:43:22,318 - DEBUG - Collected collision time for BConcave+hConvex+4500_flipped at IoU 0.1: nan
2025-07-26 12:43:22,318 - DEBUG - Collected collision time for BConcave+hConvex+4500_flipped at IoU 0.15: nan
2025-07-26 12:43:22,318 - DEBUG - Collected collision time for BConcave+hConvex+4500_flipped at IoU 0.2: nan
2025-07-26 12:43:22,319 - DEBUG - Collected collision time for BConcave+hConvex+4500_flipped at IoU 0.25: nan
2025-07-26 12:43:22,319 - DEBUG - Collected collision time for BConcave+hConvex+4500_flipped at IoU 0.3: nan
2025-07-26 12:43:22,319 - DEBUG - Collected collision time for BConcave+hConvex+4500_flipped at IoU 0.35: nan
2025-07-26 12:43:22,319 - DEBUG - Collected collision time for BConcave+hConvex+4500_flipped at IoU 0.4: nan
2025-07-26 12:43:22,320 - DEBUG - Collected collision time for BConcave+hConvex+4500_flipped at IoU 0.45: nan
2025-07-26 12:43:22,320 - DEBUG - Collected collision time for BConcave+hConvex+4500_flipped at IoU 0.5: nan
2025-07-26 12:43:22,320 - DEBUG - Collected collision time for BConcave+hConvex+4500_flipped at IoU 0.55: nan
2025-07-26 12:43:22,321 - DEBUG - Collected collision time for BConcave+hConvex+4500_flipped at IoU 0.6: nan
2025-07-26 12:43:22,321 - DEBUG - Collected collision time for BConcave+hConvex+4500_flipped at IoU 0.65: nan
2025-07-26 12:43:22,321 - DEBUG - Collected collision time for BConcave+hConvex+4500_flipped at IoU 0.7: nan
2025-07-26 12:43:22,322 - DEBUG - Collected collision time for BConcave+hConvex+4500_flipped at IoU 0.75: nan
2025-07-26 12:43:22,322 - DEBUG - Collected collision time for BConcave+hConvex+4500_flipped at IoU 0.8: nan
2025-07-26 12:43:22,322 - DEBUG - Collected collision time for BConcave+hConvex+4500_flipped at IoU 0.85: nan
2025-07-26 12:43:22,322 - DEBUG - Collected collision time for BConcave+hConvex+4500_flipped at IoU 0.9: nan
2025-07-26 12:43:22,323 - DEBUG - Collected collision time for BConcave+hConvex+4500_flipped at IoU 0.95: nan
2025-07-26 12:43:22,323 - DEBUG - Collected collision time for squareA+squareP+4433+L at IoU 0.05: 1583.3333333333333
2025-07-26 12:43:22,323 - DEBUG - Collected collision time for squareA+squareP+4433+L at IoU 0.1: 1583.3333333333333
2025-07-26 12:43:22,324 - DEBUG - Collected collision time for squareA+squareP+4433+L at IoU 0.15: 1583.3333333333333
2025-07-26 12:43:22,324 - DEBUG - Collected collision time for squareA+squareP+4433+L at IoU 0.2: 1583.3333333333333
2025-07-26 12:43:22,324 - DEBUG - Collected collision time for squareA+squareP+4433+L at IoU 0.25: 1583.3333333333333
2025-07-26 12:43:22,325 - DEBUG - Collected collision time for squareA+squareP+4433+L at IoU 0.3: 1583.3333333333333
2025-07-26 12:43:22,325 - DEBUG - Collected collision time for squareA+squareP+4433+L at IoU 0.35: 1583.3333333333333
2025-07-26 12:43:22,325 - DEBUG - Collected collision time for squareA+squareP+4433+L at IoU 0.4: 1583.3333333333333
2025-07-26 12:43:22,326 - DEBUG - Collected collision time for squareA+squareP+4433+L at IoU 0.45: 1583.3333333333333
2025-07-26 12:43:22,326 - DEBUG - Collected collision time for squareA+squareP+4433+L at IoU 0.5: 1583.3333333333333
2025-07-26 12:43:22,326 - DEBUG - Collected collision time for squareA+squareP+4433+L at IoU 0.55: 1583.3333333333333
2025-07-26 12:43:22,327 - DEBUG - Collected collision time for squareA+squareP+4433+L at IoU 0.6: 1583.3333333333333
2025-07-26 12:43:22,327 - DEBUG - Collected collision time for squareA+squareP+4433+L at IoU 0.65: 1583.3333333333333
2025-07-26 12:43:22,327 - DEBUG - Collected collision time for squareA+squareP+4433+L at IoU 0.7: 1583.3333333333333
2025-07-26 12:43:22,328 - DEBUG - Collected collision time for squareA+squareP+4433+L at IoU 0.75: 1583.3333333333333
2025-07-26 12:43:22,328 - DEBUG - Collected collision time for squareA+squareP+4433+L at IoU 0.8: 1583.3333333333333
2025-07-26 12:43:22,328 - DEBUG - Collected collision time for squareA+squareP+4433+L at IoU 0.85: 1583.3333333333333
2025-07-26 12:43:22,328 - DEBUG - Collected collision time for squareA+squareP+4433+L at IoU 0.9: 1583.3333333333333
2025-07-26 12:43:22,329 - DEBUG - Collected collision time for squareA+squareP+4433+L at IoU 0.95: 1583.3333333333333
2025-07-26 12:43:22,329 - DEBUG - Collected collision time for squareA+squareP+4433+R_flipped at IoU 0.05: 4516.666666666667
2025-07-26 12:43:22,329 - DEBUG - Collected collision time for squareA+squareP+4433+R_flipped at IoU 0.1: 4616.666666666666
2025-07-26 12:43:22,330 - DEBUG - Collected collision time for squareA+squareP+4433+R_flipped at IoU 0.15: 4683.333333333334
2025-07-26 12:43:22,330 - DEBUG - Collected collision time for squareA+squareP+4433+R_flipped at IoU 0.2: 4733.333333333333
2025-07-26 12:43:22,330 - DEBUG - Collected collision time for squareA+squareP+4433+R_flipped at IoU 0.25: 4800.0
2025-07-26 12:43:22,330 - DEBUG - Collected collision time for squareA+squareP+4433+R_flipped at IoU 0.3: 4883.333333333334
2025-07-26 12:43:22,331 - DEBUG - Collected collision time for squareA+squareP+4433+R_flipped at IoU 0.35: 4916.666666666667
2025-07-26 12:43:22,331 - DEBUG - Collected collision time for squareA+squareP+4433+R_flipped at IoU 0.4: 4966.666666666667
2025-07-26 12:43:22,331 - DEBUG - Collected collision time for squareA+squareP+4433+R_flipped at IoU 0.45: 5033.333333333333
2025-07-26 12:43:22,331 - DEBUG - Collected collision time for squareA+squareP+4433+R_flipped at IoU 0.5: 5066.666666666666
2025-07-26 12:43:22,332 - DEBUG - Collected collision time for squareA+squareP+4433+R_flipped at IoU 0.55: 5100.0
2025-07-26 12:43:22,332 - DEBUG - Collected collision time for squareA+squareP+4433+R_flipped at IoU 0.6: 5133.333333333334
2025-07-26 12:43:22,332 - DEBUG - Collected collision time for squareA+squareP+4433+R_flipped at IoU 0.65: 5183.333333333334
2025-07-26 12:43:22,332 - DEBUG - Collected collision time for squareA+squareP+4433+R_flipped at IoU 0.7: 5216.666666666667
2025-07-26 12:43:22,333 - DEBUG - Collected collision time for squareA+squareP+4433+R_flipped at IoU 0.75: 5233.333333333333
2025-07-26 12:43:22,333 - DEBUG - Collected collision time for squareA+squareP+4433+R_flipped at IoU 0.8: 5266.666666666667
2025-07-26 12:43:22,333 - DEBUG - Collected collision time for squareA+squareP+4433+R_flipped at IoU 0.85: nan
2025-07-26 12:43:22,334 - DEBUG - Collected collision time for squareA+squareP+4433+R_flipped at IoU 0.9: nan
2025-07-26 12:43:22,334 - DEBUG - Collected collision time for squareA+squareP+4433+R_flipped at IoU 0.95: nan
2025-07-26 12:43:22,335 - INFO - Collected collision data for 99 videos
2025-07-26 12:43:22,335 - INFO - Analyzing participant correlations with proper name mapping...
2025-07-26 12:43:44,460 - INFO - Convex vs Concave analysis completed for IoU 0.05
2025-07-26 12:44:06,179 - INFO - Convex vs Concave analysis completed for IoU 0.1
2025-07-26 12:44:27,376 - INFO - Convex vs Concave analysis completed for IoU 0.15
2025-07-26 12:44:48,352 - INFO - Convex vs Concave analysis completed for IoU 0.2
2025-07-26 12:45:08,943 - INFO - Convex vs Concave analysis completed for IoU 0.25
2025-07-26 12:45:29,569 - INFO - Convex vs Concave analysis completed for IoU 0.3
2025-07-26 12:45:49,495 - INFO - Convex vs Concave analysis completed for IoU 0.35
2025-07-26 12:46:09,907 - INFO - Convex vs Concave analysis completed for IoU 0.4
2025-07-26 12:46:29,880 - INFO - Convex vs Concave analysis completed for IoU 0.45
2025-07-26 12:46:49,998 - INFO - Convex vs Concave analysis completed for IoU 0.5
2025-07-26 12:47:09,689 - INFO - Convex vs Concave analysis completed for IoU 0.55
2025-07-26 12:47:29,826 - INFO - Convex vs Concave analysis completed for IoU 0.6
2025-07-26 12:47:49,814 - INFO - Convex vs Concave analysis completed for IoU 0.65
2025-07-26 12:48:09,516 - INFO - Convex vs Concave analysis completed for IoU 0.7
2025-07-26 12:48:28,935 - INFO - Convex vs Concave analysis completed for IoU 0.75
2025-07-26 12:48:48,464 - INFO - Convex vs Concave analysis completed for IoU 0.8
2025-07-26 12:49:08,461 - INFO - Convex vs Concave analysis completed for IoU 0.85
2025-07-26 12:49:27,385 - INFO - Convex vs Concave analysis completed for IoU 0.9
2025-07-26 12:49:43,875 - INFO - Convex vs Concave analysis completed for IoU 0.95
2025-07-26 12:49:43,876 - INFO - TTC experiment completed successfully
