{
    "test_gqa_loss": 1418.5325131488935,
    "test_gqa_loss_answer_attr": 1.0853033835815293,
    "test_gqa_loss_answer_cat": 1.472601318035859,
    "test_gqa_loss_answer_global": 0.1702536996628882,
    "test_gqa_loss_answer_obj": 0.1744586640038826,
    "test_gqa_loss_answer_rel": 2.6266655867474937,
    "test_gqa_loss_answer_type": 0.0007916850927191253,
    "test_gqa_loss_bbox": 0.0,
    "test_gqa_loss_bbox_0": 0.0,
    "test_gqa_loss_bbox_1": 0.0,
    "test_gqa_loss_bbox_2": 0.0,
    "test_gqa_loss_bbox_3": 0.0,
    "test_gqa_loss_bbox_4": 0.0,
    "test_gqa_loss_ce": 9.39154792921192,
    "test_gqa_loss_ce_0": 588.1305528050146,
    "test_gqa_loss_ce_1": 406.8722303361457,
    "test_gqa_loss_ce_2": 53.576004589874735,
    "test_gqa_loss_ce_3": 67.63767728466674,
    "test_gqa_loss_ce_4": 287.3944225795378,
    "test_gqa_loss_giou": 0.0,
    "test_gqa_loss_giou_0": 0.0,
    "test_gqa_loss_giou_1": 0.0,
    "test_gqa_loss_giou_2": 0.0,
    "test_gqa_loss_giou_3": 0.0,
    "test_gqa_loss_giou_4": 0.0,
    "test_gqa_accuracy_answer_attr_unscaled": 0.6214074268558909,
    "test_gqa_accuracy_answer_cat_unscaled": 0.7065778346684983,
    "test_gqa_accuracy_answer_global_unscaled": 0.9517766497461929,
    "test_gqa_accuracy_answer_obj_unscaled": 0.9331641281921852,
    "test_gqa_accuracy_answer_rel_unscaled": 0.4522631191814006,
    "test_gqa_accuracy_answer_total_unscaled": 0.5359612945372683,
    "test_gqa_accuracy_answer_type_unscaled": 0.9999206852791879,
    "test_gqa_cardinality_error_unscaled": 2.050142766860536,
    "test_gqa_cardinality_error_0_unscaled": 93.9242068450463,
    "test_gqa_cardinality_error_1_unscaled": 99.99992068527919,
    "test_gqa_cardinality_error_2_unscaled": 18.821763963263653,
    "test_gqa_cardinality_error_3_unscaled": 27.010739215134365,
    "test_gqa_cardinality_error_4_unscaled": 70.77385789125704,
    "test_gqa_loss_answer_attr_unscaled": 1.0853033835815293,
    "test_gqa_loss_answer_cat_unscaled": 1.472601318035859,
    "test_gqa_loss_answer_global_unscaled": 0.1702536996628882,
    "test_gqa_loss_answer_obj_unscaled": 0.1744586640038826,
    "test_gqa_loss_answer_rel_unscaled": 2.6266655867474937,
    "test_gqa_loss_answer_type_unscaled": 0.0007916850927191253,
    "test_gqa_loss_bbox_unscaled": 0.0,
    "test_gqa_loss_bbox_0_unscaled": 0.0,
    "test_gqa_loss_bbox_1_unscaled": 0.0,
    "test_gqa_loss_bbox_2_unscaled": 0.0,
    "test_gqa_loss_bbox_3_unscaled": 0.0,
    "test_gqa_loss_bbox_4_unscaled": 0.0,
    "test_gqa_loss_ce_unscaled": 9.39154792921192,
    "test_gqa_loss_ce_0_unscaled": 588.1305528050146,
    "test_gqa_loss_ce_1_unscaled": 406.8722303361457,
    "test_gqa_loss_ce_2_unscaled": 53.576004589874735,
    "test_gqa_loss_ce_3_unscaled": 67.63767728466674,
    "test_gqa_loss_ce_4_unscaled": 287.3944225795378,
    "test_gqa_loss_giou_unscaled": 0.0,
    "test_gqa_loss_giou_0_unscaled": 0.0,
    "test_gqa_loss_giou_1_unscaled": 0.0,
    "test_gqa_loss_giou_2_unscaled": 0.0,
    "test_gqa_loss_giou_3_unscaled": 0.0,
    "test_gqa_loss_giou_4_unscaled": 0.0,
    "test_gqa_coco_eval_bbox": [
        -1.0,
        -1.0,
        -1.0,
        -1.0,
        -1.0,
        -1.0,
        -1.0,
        -1.0,
        -1.0,
        -1.0,
        -1.0,
        -1.0
    ],
    "n_parameters": 185847022
}