2025-07-27 01:36:20,739 - INFO - Logger initialized. Writing detailed log to /home/projects/bagon/andreyg/Projects/Object_reps_neural/Programming/hugging_face/model_experiments/segformer/exp2TTC_segformer-b2-finetuned-ade-512-512/logs/ttc_exp_20250727_013620.log
2025-07-27 01:36:20,739 - INFO - VideoProcessor initialized with 2 blobs to detect
2025-07-27 01:36:20,739 - INFO - Blob 1 memory strategy: running_average
2025-07-27 01:36:20,739 - INFO - Blob 1 running average window: 10
2025-07-27 01:36:20,739 - INFO - Blob 1 memory will freeze after frame: 80
2025-07-27 01:36:20,739 - INFO - Vanilla segmentation enabled
2025-07-27 01:36:20,739 - INFO - Initialized TTC Experiment with output dir: /home/projects/bagon/andreyg/Projects/Object_reps_neural/Programming/hugging_face/model_experiments/segformer/exp2TTC_segformer-b2-finetuned-ade-512-512
2025-07-27 01:36:20,739 - INFO - Model prefix: segformer_model
2025-07-27 01:36:20,739 - INFO - Debug mode: False
2025-07-27 01:36:20,739 - INFO - TTC-specific configuration:
2025-07-27 01:36:20,739 - INFO -   - Blob 1 memory: running average of past 10 frames
2025-07-27 01:36:20,739 - INFO -   - Blob 1 memory updates stop after frame 80
2025-07-27 01:36:20,739 - INFO - Starting full TTC experiment
2025-07-27 01:36:20,740 - INFO - Found 99 video files to process
2025-07-27 01:36:20,740 - INFO - Reading participant CSV from /home/projects/bagon/andreyg/Projects/Object_reps_neural/Programming/hugging_face/model_experiments/exp2TTC_files/experiment2-CollisionDetection-Data.csv...
2025-07-27 01:36:20,756 - INFO - CSV loaded with 13974 rows and 10 columns.
2025-07-27 01:36:20,756 - INFO - Reading name mapping from /home/projects/bagon/andreyg/Projects/Object_reps_neural/Programming/hugging_face/model_experiments/exp2TTC_files/name_mapping.json...
2025-07-27 01:36:20,757 - INFO - Loaded name mapping with 96 entries.
2025-07-27 01:36:20,758 - INFO - Starting collision detection across videos and IoU thresholds...
2025-07-27 01:36:20,759 - INFO - Processing video: AConcave_FConcave
2025-07-27 01:36:20,761 - INFO - Video AConcave_FConcave already processed (found segformer_model-AConcave_FConcave.mp4), skipping video processing...
2025-07-27 01:36:20,778 - INFO - VanillaSegmentationSaver initialized with output dir: /home/projects/bagon/andreyg/Projects/Object_reps_neural/Programming/hugging_face/model_experiments/segformer/exp2TTC_segformer-b2-finetuned-ade-512-512/processed_videos/segformer_model-AConcave_FConcave/org_segmentation
2025-07-27 01:36:20,783 - INFO - All collision results already exist for AConcave_FConcave
2025-07-27 01:36:20,784 - DEBUG - Loaded collision time for AConcave_FConcave at IoU 0.05: 3650.0
2025-07-27 01:36:20,784 - DEBUG - Loaded collision time for AConcave_FConcave at IoU 0.1: 3650.0
2025-07-27 01:36:20,785 - DEBUG - Loaded collision time for AConcave_FConcave at IoU 0.15: 3650.0
2025-07-27 01:36:20,786 - DEBUG - Loaded collision time for AConcave_FConcave at IoU 0.2: 3650.0
2025-07-27 01:36:20,787 - DEBUG - Loaded collision time for AConcave_FConcave at IoU 0.25: 3650.0
2025-07-27 01:36:20,788 - DEBUG - Loaded collision time for AConcave_FConcave at IoU 0.3: 3650.0
2025-07-27 01:36:20,789 - DEBUG - Loaded collision time for AConcave_FConcave at IoU 0.35: 3650.0
2025-07-27 01:36:20,790 - DEBUG - Loaded collision time for AConcave_FConcave at IoU 0.4: 3650.0
2025-07-27 01:36:20,791 - DEBUG - Loaded collision time for AConcave_FConcave at IoU 0.45: 3650.0
2025-07-27 01:36:20,792 - DEBUG - Loaded collision time for AConcave_FConcave at IoU 0.5: 3650.0
2025-07-27 01:36:20,793 - DEBUG - Loaded collision time for AConcave_FConcave at IoU 0.55: 3700.0
2025-07-27 01:36:20,794 - DEBUG - Loaded collision time for AConcave_FConcave at IoU 0.6: 4216.666666666667
2025-07-27 01:36:20,795 - DEBUG - Loaded collision time for AConcave_FConcave at IoU 0.65: 4233.333333333333
2025-07-27 01:36:20,796 - DEBUG - Loaded collision time for AConcave_FConcave at IoU 0.7: nan
2025-07-27 01:36:20,797 - DEBUG - Loaded collision time for AConcave_FConcave at IoU 0.75: nan
2025-07-27 01:36:20,798 - DEBUG - Loaded collision time for AConcave_FConcave at IoU 0.8: nan
2025-07-27 01:36:20,799 - DEBUG - Loaded collision time for AConcave_FConcave at IoU 0.85: nan
2025-07-27 01:36:20,800 - DEBUG - Loaded collision time for AConcave_FConcave at IoU 0.9: nan
2025-07-27 01:36:20,801 - DEBUG - Loaded collision time for AConcave_FConcave at IoU 0.95: nan
2025-07-27 01:36:20,801 - INFO - Processing video: BConcave+AConcave+3500
2025-07-27 01:36:20,803 - INFO - Video BConcave+AConcave+3500 already processed (found segformer_model-BConcave+AConcave+3500.mp4), skipping video processing...
2025-07-27 01:36:20,817 - INFO - VanillaSegmentationSaver initialized with output dir: /home/projects/bagon/andreyg/Projects/Object_reps_neural/Programming/hugging_face/model_experiments/segformer/exp2TTC_segformer-b2-finetuned-ade-512-512/processed_videos/segformer_model-BConcave+AConcave+3500/org_segmentation
2025-07-27 01:36:20,822 - INFO - All collision results already exist for BConcave+AConcave+3500
2025-07-27 01:36:20,823 - DEBUG - Loaded collision time for BConcave+AConcave+3500 at IoU 0.05: 3733.3333333333335
2025-07-27 01:36:20,824 - DEBUG - Loaded collision time for BConcave+AConcave+3500 at IoU 0.1: 3800.0
2025-07-27 01:36:20,825 - DEBUG - Loaded collision time for BConcave+AConcave+3500 at IoU 0.15: 3866.6666666666665
2025-07-27 01:36:20,826 - DEBUG - Loaded collision time for BConcave+AConcave+3500 at IoU 0.2: 3933.333333333333
2025-07-27 01:36:20,827 - DEBUG - Loaded collision time for BConcave+AConcave+3500 at IoU 0.25: 3983.3333333333335
2025-07-27 01:36:20,828 - DEBUG - Loaded collision time for BConcave+AConcave+3500 at IoU 0.3: 4033.333333333333
2025-07-27 01:36:20,829 - DEBUG - Loaded collision time for BConcave+AConcave+3500 at IoU 0.35: nan
2025-07-27 01:36:20,830 - DEBUG - Loaded collision time for BConcave+AConcave+3500 at IoU 0.4: nan
2025-07-27 01:36:20,830 - DEBUG - Loaded collision time for BConcave+AConcave+3500 at IoU 0.45: nan
2025-07-27 01:36:20,831 - DEBUG - Loaded collision time for BConcave+AConcave+3500 at IoU 0.5: nan
2025-07-27 01:36:20,832 - DEBUG - Loaded collision time for BConcave+AConcave+3500 at IoU 0.55: nan
2025-07-27 01:36:20,833 - DEBUG - Loaded collision time for BConcave+AConcave+3500 at IoU 0.6: nan
2025-07-27 01:36:20,834 - DEBUG - Loaded collision time for BConcave+AConcave+3500 at IoU 0.65: nan
2025-07-27 01:36:20,835 - DEBUG - Loaded collision time for BConcave+AConcave+3500 at IoU 0.7: nan
2025-07-27 01:36:20,841 - DEBUG - Loaded collision time for BConcave+AConcave+3500 at IoU 0.75: nan
2025-07-27 01:36:20,842 - DEBUG - Loaded collision time for BConcave+AConcave+3500 at IoU 0.8: nan
2025-07-27 01:36:20,843 - DEBUG - Loaded collision time for BConcave+AConcave+3500 at IoU 0.85: nan
2025-07-27 01:36:20,844 - DEBUG - Loaded collision time for BConcave+AConcave+3500 at IoU 0.9: nan
2025-07-27 01:36:20,844 - DEBUG - Loaded collision time for BConcave+AConcave+3500 at IoU 0.95: nan
2025-07-27 01:36:20,844 - INFO - Processing video: BConcave+AConcave+3700_flipped
2025-07-27 01:36:20,846 - INFO - Video BConcave+AConcave+3700_flipped already processed (found segformer_model-BConcave+AConcave+3700_flipped.mp4), skipping video processing...
2025-07-27 01:36:20,858 - INFO - VanillaSegmentationSaver initialized with output dir: /home/projects/bagon/andreyg/Projects/Object_reps_neural/Programming/hugging_face/model_experiments/segformer/exp2TTC_segformer-b2-finetuned-ade-512-512/processed_videos/segformer_model-BConcave+AConcave+3700_flipped/org_segmentation
2025-07-27 01:36:20,863 - INFO - All collision results already exist for BConcave+AConcave+3700_flipped
2025-07-27 01:36:20,864 - DEBUG - Loaded collision time for BConcave+AConcave+3700_flipped at IoU 0.05: 3850.0
2025-07-27 01:36:20,865 - DEBUG - Loaded collision time for BConcave+AConcave+3700_flipped at IoU 0.1: 3983.3333333333335
2025-07-27 01:36:20,866 - DEBUG - Loaded collision time for BConcave+AConcave+3700_flipped at IoU 0.15: 4050.0
2025-07-27 01:36:20,867 - DEBUG - Loaded collision time for BConcave+AConcave+3700_flipped at IoU 0.2: 4233.333333333333
2025-07-27 01:36:20,868 - DEBUG - Loaded collision time for BConcave+AConcave+3700_flipped at IoU 0.25: 4300.0
2025-07-27 01:36:20,869 - DEBUG - Loaded collision time for BConcave+AConcave+3700_flipped at IoU 0.3: nan
2025-07-27 01:36:20,870 - DEBUG - Loaded collision time for BConcave+AConcave+3700_flipped at IoU 0.35: nan
2025-07-27 01:36:20,871 - DEBUG - Loaded collision time for BConcave+AConcave+3700_flipped at IoU 0.4: nan
2025-07-27 01:36:20,872 - DEBUG - Loaded collision time for BConcave+AConcave+3700_flipped at IoU 0.45: nan
2025-07-27 01:36:20,873 - DEBUG - Loaded collision time for BConcave+AConcave+3700_flipped at IoU 0.5: nan
2025-07-27 01:36:20,874 - DEBUG - Loaded collision time for BConcave+AConcave+3700_flipped at IoU 0.55: nan
2025-07-27 01:36:20,875 - DEBUG - Loaded collision time for BConcave+AConcave+3700_flipped at IoU 0.6: nan
2025-07-27 01:36:20,875 - DEBUG - Loaded collision time for BConcave+AConcave+3700_flipped at IoU 0.65: nan
2025-07-27 01:36:20,876 - DEBUG - Loaded collision time for BConcave+AConcave+3700_flipped at IoU 0.7: nan
2025-07-27 01:36:20,877 - DEBUG - Loaded collision time for BConcave+AConcave+3700_flipped at IoU 0.75: nan
2025-07-27 01:36:20,878 - DEBUG - Loaded collision time for BConcave+AConcave+3700_flipped at IoU 0.8: nan
2025-07-27 01:36:20,879 - DEBUG - Loaded collision time for BConcave+AConcave+3700_flipped at IoU 0.85: nan
2025-07-27 01:36:20,880 - DEBUG - Loaded collision time for BConcave+AConcave+3700_flipped at IoU 0.9: nan
2025-07-27 01:36:20,881 - DEBUG - Loaded collision time for BConcave+AConcave+3700_flipped at IoU 0.95: nan
2025-07-27 01:36:20,881 - INFO - Processing video: BConcave+AConcave+3900
2025-07-27 01:36:20,883 - INFO - Video BConcave+AConcave+3900 already processed (found segformer_model-BConcave+AConcave+3900.mp4), skipping video processing...
2025-07-27 01:36:20,897 - INFO - VanillaSegmentationSaver initialized with output dir: /home/projects/bagon/andreyg/Projects/Object_reps_neural/Programming/hugging_face/model_experiments/segformer/exp2TTC_segformer-b2-finetuned-ade-512-512/processed_videos/segformer_model-BConcave+AConcave+3900/org_segmentation
2025-07-27 01:36:20,902 - INFO - All collision results already exist for BConcave+AConcave+3900
2025-07-27 01:36:20,903 - DEBUG - Loaded collision time for BConcave+AConcave+3900 at IoU 0.05: 4166.666666666667
2025-07-27 01:36:20,904 - DEBUG - Loaded collision time for BConcave+AConcave+3900 at IoU 0.1: 4216.666666666667
2025-07-27 01:36:20,905 - DEBUG - Loaded collision time for BConcave+AConcave+3900 at IoU 0.15: 4283.333333333333
2025-07-27 01:36:20,905 - DEBUG - Loaded collision time for BConcave+AConcave+3900 at IoU 0.2: 4383.333333333334
2025-07-27 01:36:20,906 - DEBUG - Loaded collision time for BConcave+AConcave+3900 at IoU 0.25: nan
2025-07-27 01:36:20,907 - DEBUG - Loaded collision time for BConcave+AConcave+3900 at IoU 0.3: nan
2025-07-27 01:36:20,908 - DEBUG - Loaded collision time for BConcave+AConcave+3900 at IoU 0.35: nan
2025-07-27 01:36:20,909 - DEBUG - Loaded collision time for BConcave+AConcave+3900 at IoU 0.4: nan
2025-07-27 01:36:20,910 - DEBUG - Loaded collision time for BConcave+AConcave+3900 at IoU 0.45: nan
2025-07-27 01:36:20,911 - DEBUG - Loaded collision time for BConcave+AConcave+3900 at IoU 0.5: nan
2025-07-27 01:36:20,912 - DEBUG - Loaded collision time for BConcave+AConcave+3900 at IoU 0.55: nan
2025-07-27 01:36:20,913 - DEBUG - Loaded collision time for BConcave+AConcave+3900 at IoU 0.6: nan
2025-07-27 01:36:20,914 - DEBUG - Loaded collision time for BConcave+AConcave+3900 at IoU 0.65: nan
2025-07-27 01:36:20,915 - DEBUG - Loaded collision time for BConcave+AConcave+3900 at IoU 0.7: nan
2025-07-27 01:36:20,916 - DEBUG - Loaded collision time for BConcave+AConcave+3900 at IoU 0.75: nan
2025-07-27 01:36:20,917 - DEBUG - Loaded collision time for BConcave+AConcave+3900 at IoU 0.8: nan
2025-07-27 01:36:20,918 - DEBUG - Loaded collision time for BConcave+AConcave+3900 at IoU 0.85: nan
2025-07-27 01:36:20,919 - DEBUG - Loaded collision time for BConcave+AConcave+3900 at IoU 0.9: nan
2025-07-27 01:36:20,920 - DEBUG - Loaded collision time for BConcave+AConcave+3900 at IoU 0.95: nan
2025-07-27 01:36:20,920 - INFO - Processing video: BConcave+AConcave+4100_flipped
2025-07-27 01:36:20,922 - INFO - Video BConcave+AConcave+4100_flipped already processed (found segformer_model-BConcave+AConcave+4100_flipped.mp4), skipping video processing...
2025-07-27 01:36:20,936 - INFO - VanillaSegmentationSaver initialized with output dir: /home/projects/bagon/andreyg/Projects/Object_reps_neural/Programming/hugging_face/model_experiments/segformer/exp2TTC_segformer-b2-finetuned-ade-512-512/processed_videos/segformer_model-BConcave+AConcave+4100_flipped/org_segmentation
2025-07-27 01:36:20,941 - INFO - All collision results already exist for BConcave+AConcave+4100_flipped
2025-07-27 01:36:20,941 - DEBUG - Loaded collision time for BConcave+AConcave+4100_flipped at IoU 0.05: 4350.0
2025-07-27 01:36:20,942 - DEBUG - Loaded collision time for BConcave+AConcave+4100_flipped at IoU 0.1: 4416.666666666667
2025-07-27 01:36:20,943 - DEBUG - Loaded collision time for BConcave+AConcave+4100_flipped at IoU 0.15: 4483.333333333333
2025-07-27 01:36:20,944 - DEBUG - Loaded collision time for BConcave+AConcave+4100_flipped at IoU 0.2: 4550.0
2025-07-27 01:36:20,945 - DEBUG - Loaded collision time for BConcave+AConcave+4100_flipped at IoU 0.25: 4600.0
2025-07-27 01:36:20,946 - DEBUG - Loaded collision time for BConcave+AConcave+4100_flipped at IoU 0.3: 4650.0
2025-07-27 01:36:20,947 - DEBUG - Loaded collision time for BConcave+AConcave+4100_flipped at IoU 0.35: nan
2025-07-27 01:36:20,948 - DEBUG - Loaded collision time for BConcave+AConcave+4100_flipped at IoU 0.4: nan
2025-07-27 01:36:20,949 - DEBUG - Loaded collision time for BConcave+AConcave+4100_flipped at IoU 0.45: nan
2025-07-27 01:36:20,950 - DEBUG - Loaded collision time for BConcave+AConcave+4100_flipped at IoU 0.5: nan
2025-07-27 01:36:20,951 - DEBUG - Loaded collision time for BConcave+AConcave+4100_flipped at IoU 0.55: nan
2025-07-27 01:36:20,952 - DEBUG - Loaded collision time for BConcave+AConcave+4100_flipped at IoU 0.6: nan
2025-07-27 01:36:20,953 - DEBUG - Loaded collision time for BConcave+AConcave+4100_flipped at IoU 0.65: nan
2025-07-27 01:36:20,954 - DEBUG - Loaded collision time for BConcave+AConcave+4100_flipped at IoU 0.7: nan
2025-07-27 01:36:20,955 - DEBUG - Loaded collision time for BConcave+AConcave+4100_flipped at IoU 0.75: nan
2025-07-27 01:36:20,956 - DEBUG - Loaded collision time for BConcave+AConcave+4100_flipped at IoU 0.8: nan
2025-07-27 01:36:20,957 - DEBUG - Loaded collision time for BConcave+AConcave+4100_flipped at IoU 0.85: nan
2025-07-27 01:36:20,958 - DEBUG - Loaded collision time for BConcave+AConcave+4100_flipped at IoU 0.9: nan
2025-07-27 01:36:20,959 - DEBUG - Loaded collision time for BConcave+AConcave+4100_flipped at IoU 0.95: nan
2025-07-27 01:36:20,959 - INFO - Processing video: BConcave+AConcave+4300
2025-07-27 01:36:20,961 - INFO - Video BConcave+AConcave+4300 already processed (found segformer_model-BConcave+AConcave+4300.mp4), skipping video processing...
2025-07-27 01:36:20,978 - INFO - VanillaSegmentationSaver initialized with output dir: /home/projects/bagon/andreyg/Projects/Object_reps_neural/Programming/hugging_face/model_experiments/segformer/exp2TTC_segformer-b2-finetuned-ade-512-512/processed_videos/segformer_model-BConcave+AConcave+4300/org_segmentation
2025-07-27 01:36:20,984 - INFO - All collision results already exist for BConcave+AConcave+4300
2025-07-27 01:36:20,985 - DEBUG - Loaded collision time for BConcave+AConcave+4300 at IoU 0.05: 4516.666666666667
2025-07-27 01:36:20,985 - DEBUG - Loaded collision time for BConcave+AConcave+4300 at IoU 0.1: 4600.0
2025-07-27 01:36:20,986 - DEBUG - Loaded collision time for BConcave+AConcave+4300 at IoU 0.15: 4666.666666666667
2025-07-27 01:36:20,987 - DEBUG - Loaded collision time for BConcave+AConcave+4300 at IoU 0.2: 4733.333333333333
2025-07-27 01:36:20,988 - DEBUG - Loaded collision time for BConcave+AConcave+4300 at IoU 0.25: 4783.333333333333
2025-07-27 01:36:20,989 - DEBUG - Loaded collision time for BConcave+AConcave+4300 at IoU 0.3: 4833.333333333333
2025-07-27 01:36:20,990 - DEBUG - Loaded collision time for BConcave+AConcave+4300 at IoU 0.35: nan
2025-07-27 01:36:20,991 - DEBUG - Loaded collision time for BConcave+AConcave+4300 at IoU 0.4: nan
2025-07-27 01:36:20,993 - DEBUG - Loaded collision time for BConcave+AConcave+4300 at IoU 0.45: nan
2025-07-27 01:36:20,994 - DEBUG - Loaded collision time for BConcave+AConcave+4300 at IoU 0.5: nan
2025-07-27 01:36:20,995 - DEBUG - Loaded collision time for BConcave+AConcave+4300 at IoU 0.55: nan
2025-07-27 01:36:20,996 - DEBUG - Loaded collision time for BConcave+AConcave+4300 at IoU 0.6: nan
2025-07-27 01:36:20,997 - DEBUG - Loaded collision time for BConcave+AConcave+4300 at IoU 0.65: nan
2025-07-27 01:36:20,998 - DEBUG - Loaded collision time for BConcave+AConcave+4300 at IoU 0.7: nan
2025-07-27 01:36:20,999 - DEBUG - Loaded collision time for BConcave+AConcave+4300 at IoU 0.75: nan
2025-07-27 01:36:21,000 - DEBUG - Loaded collision time for BConcave+AConcave+4300 at IoU 0.8: nan
2025-07-27 01:36:21,001 - DEBUG - Loaded collision time for BConcave+AConcave+4300 at IoU 0.85: nan
2025-07-27 01:36:21,002 - DEBUG - Loaded collision time for BConcave+AConcave+4300 at IoU 0.9: nan
2025-07-27 01:36:21,003 - DEBUG - Loaded collision time for BConcave+AConcave+4300 at IoU 0.95: nan
2025-07-27 01:36:21,003 - INFO - Processing video: BConcave+AConcave+4500_flipped
2025-07-27 01:36:21,005 - INFO - Video BConcave+AConcave+4500_flipped already processed (found segformer_model-BConcave+AConcave+4500_flipped.mp4), skipping video processing...
2025-07-27 01:36:21,019 - INFO - VanillaSegmentationSaver initialized with output dir: /home/projects/bagon/andreyg/Projects/Object_reps_neural/Programming/hugging_face/model_experiments/segformer/exp2TTC_segformer-b2-finetuned-ade-512-512/processed_videos/segformer_model-BConcave+AConcave+4500_flipped/org_segmentation
2025-07-27 01:36:21,025 - INFO - All collision results already exist for BConcave+AConcave+4500_flipped
2025-07-27 01:36:21,026 - DEBUG - Loaded collision time for BConcave+AConcave+4500_flipped at IoU 0.05: 4766.666666666667
2025-07-27 01:36:21,026 - DEBUG - Loaded collision time for BConcave+AConcave+4500_flipped at IoU 0.1: 4833.333333333333
2025-07-27 01:36:21,027 - DEBUG - Loaded collision time for BConcave+AConcave+4500_flipped at IoU 0.15: 4883.333333333334
2025-07-27 01:36:21,028 - DEBUG - Loaded collision time for BConcave+AConcave+4500_flipped at IoU 0.2: 4950.0
2025-07-27 01:36:21,029 - DEBUG - Loaded collision time for BConcave+AConcave+4500_flipped at IoU 0.25: 5000.0
2025-07-27 01:36:21,030 - DEBUG - Loaded collision time for BConcave+AConcave+4500_flipped at IoU 0.3: 5083.333333333333
2025-07-27 01:36:21,031 - DEBUG - Loaded collision time for BConcave+AConcave+4500_flipped at IoU 0.35: nan
2025-07-27 01:36:21,032 - DEBUG - Loaded collision time for BConcave+AConcave+4500_flipped at IoU 0.4: nan
2025-07-27 01:36:21,033 - DEBUG - Loaded collision time for BConcave+AConcave+4500_flipped at IoU 0.45: nan
2025-07-27 01:36:21,034 - DEBUG - Loaded collision time for BConcave+AConcave+4500_flipped at IoU 0.5: nan
2025-07-27 01:36:21,035 - DEBUG - Loaded collision time for BConcave+AConcave+4500_flipped at IoU 0.55: nan
2025-07-27 01:36:21,035 - DEBUG - Loaded collision time for BConcave+AConcave+4500_flipped at IoU 0.6: nan
2025-07-27 01:36:21,036 - DEBUG - Loaded collision time for BConcave+AConcave+4500_flipped at IoU 0.65: nan
2025-07-27 01:36:21,037 - DEBUG - Loaded collision time for BConcave+AConcave+4500_flipped at IoU 0.7: nan
2025-07-27 01:36:21,038 - DEBUG - Loaded collision time for BConcave+AConcave+4500_flipped at IoU 0.75: nan
2025-07-27 01:36:21,039 - DEBUG - Loaded collision time for BConcave+AConcave+4500_flipped at IoU 0.8: nan
2025-07-27 01:36:21,040 - DEBUG - Loaded collision time for BConcave+AConcave+4500_flipped at IoU 0.85: nan
2025-07-27 01:36:21,041 - DEBUG - Loaded collision time for BConcave+AConcave+4500_flipped at IoU 0.9: nan
2025-07-27 01:36:21,042 - DEBUG - Loaded collision time for BConcave+AConcave+4500_flipped at IoU 0.95: nan
2025-07-27 01:36:21,042 - INFO - Processing video: BConcave+AConvex+3500_flipped
2025-07-27 01:36:21,044 - INFO - Video BConcave+AConvex+3500_flipped already processed (found segformer_model-BConcave+AConvex+3500_flipped.mp4), skipping video processing...
2025-07-27 01:36:21,056 - INFO - VanillaSegmentationSaver initialized with output dir: /home/projects/bagon/andreyg/Projects/Object_reps_neural/Programming/hugging_face/model_experiments/segformer/exp2TTC_segformer-b2-finetuned-ade-512-512/processed_videos/segformer_model-BConcave+AConvex+3500_flipped/org_segmentation
2025-07-27 01:36:21,061 - INFO - All collision results already exist for BConcave+AConvex+3500_flipped
2025-07-27 01:36:21,062 - DEBUG - Loaded collision time for BConcave+AConvex+3500_flipped at IoU 0.05: 3900.0
2025-07-27 01:36:21,063 - DEBUG - Loaded collision time for BConcave+AConvex+3500_flipped at IoU 0.1: 4066.6666666666665
2025-07-27 01:36:21,064 - DEBUG - Loaded collision time for BConcave+AConvex+3500_flipped at IoU 0.15: 4216.666666666667
2025-07-27 01:36:21,065 - DEBUG - Loaded collision time for BConcave+AConvex+3500_flipped at IoU 0.2: nan
2025-07-27 01:36:21,066 - DEBUG - Loaded collision time for BConcave+AConvex+3500_flipped at IoU 0.25: nan
2025-07-27 01:36:21,066 - DEBUG - Loaded collision time for BConcave+AConvex+3500_flipped at IoU 0.3: nan
2025-07-27 01:36:21,067 - DEBUG - Loaded collision time for BConcave+AConvex+3500_flipped at IoU 0.35: nan
2025-07-27 01:36:21,068 - DEBUG - Loaded collision time for BConcave+AConvex+3500_flipped at IoU 0.4: nan
2025-07-27 01:36:21,069 - DEBUG - Loaded collision time for BConcave+AConvex+3500_flipped at IoU 0.45: nan
2025-07-27 01:36:21,070 - DEBUG - Loaded collision time for BConcave+AConvex+3500_flipped at IoU 0.5: nan
2025-07-27 01:36:21,071 - DEBUG - Loaded collision time for BConcave+AConvex+3500_flipped at IoU 0.55: nan
2025-07-27 01:36:21,072 - DEBUG - Loaded collision time for BConcave+AConvex+3500_flipped at IoU 0.6: nan
2025-07-27 01:36:21,073 - DEBUG - Loaded collision time for BConcave+AConvex+3500_flipped at IoU 0.65: nan
2025-07-27 01:36:21,074 - DEBUG - Loaded collision time for BConcave+AConvex+3500_flipped at IoU 0.7: nan
2025-07-27 01:36:21,075 - DEBUG - Loaded collision time for BConcave+AConvex+3500_flipped at IoU 0.75: nan
2025-07-27 01:36:21,076 - DEBUG - Loaded collision time for BConcave+AConvex+3500_flipped at IoU 0.8: nan
2025-07-27 01:36:21,077 - DEBUG - Loaded collision time for BConcave+AConvex+3500_flipped at IoU 0.85: nan
2025-07-27 01:36:21,078 - DEBUG - Loaded collision time for BConcave+AConvex+3500_flipped at IoU 0.9: nan
2025-07-27 01:36:21,079 - DEBUG - Loaded collision time for BConcave+AConvex+3500_flipped at IoU 0.95: nan
2025-07-27 01:36:21,079 - INFO - Processing video: BConcave+AConvex+3700
2025-07-27 01:36:21,082 - INFO - Video BConcave+AConvex+3700 already processed (found segformer_model-BConcave+AConvex+3700.mp4), skipping video processing...
2025-07-27 01:36:21,094 - INFO - VanillaSegmentationSaver initialized with output dir: /home/projects/bagon/andreyg/Projects/Object_reps_neural/Programming/hugging_face/model_experiments/segformer/exp2TTC_segformer-b2-finetuned-ade-512-512/processed_videos/segformer_model-BConcave+AConvex+3700/org_segmentation
2025-07-27 01:36:21,099 - INFO - All collision results already exist for BConcave+AConvex+3700
2025-07-27 01:36:21,100 - DEBUG - Loaded collision time for BConcave+AConvex+3700 at IoU 0.05: 4250.0
2025-07-27 01:36:21,101 - DEBUG - Loaded collision time for BConcave+AConvex+3700 at IoU 0.1: 4633.333333333334
2025-07-27 01:36:21,102 - DEBUG - Loaded collision time for BConcave+AConvex+3700 at IoU 0.15: nan
2025-07-27 01:36:21,103 - DEBUG - Loaded collision time for BConcave+AConvex+3700 at IoU 0.2: nan
2025-07-27 01:36:21,104 - DEBUG - Loaded collision time for BConcave+AConvex+3700 at IoU 0.25: nan
2025-07-27 01:36:21,105 - DEBUG - Loaded collision time for BConcave+AConvex+3700 at IoU 0.3: nan
2025-07-27 01:36:21,106 - DEBUG - Loaded collision time for BConcave+AConvex+3700 at IoU 0.35: nan
2025-07-27 01:36:21,107 - DEBUG - Loaded collision time for BConcave+AConvex+3700 at IoU 0.4: nan
2025-07-27 01:36:21,108 - DEBUG - Loaded collision time for BConcave+AConvex+3700 at IoU 0.45: nan
2025-07-27 01:36:21,108 - DEBUG - Loaded collision time for BConcave+AConvex+3700 at IoU 0.5: nan
2025-07-27 01:36:21,109 - DEBUG - Loaded collision time for BConcave+AConvex+3700 at IoU 0.55: nan
2025-07-27 01:36:21,110 - DEBUG - Loaded collision time for BConcave+AConvex+3700 at IoU 0.6: nan
2025-07-27 01:36:21,111 - DEBUG - Loaded collision time for BConcave+AConvex+3700 at IoU 0.65: nan
2025-07-27 01:36:21,112 - DEBUG - Loaded collision time for BConcave+AConvex+3700 at IoU 0.7: nan
2025-07-27 01:36:21,114 - DEBUG - Loaded collision time for BConcave+AConvex+3700 at IoU 0.75: nan
2025-07-27 01:36:21,115 - DEBUG - Loaded collision time for BConcave+AConvex+3700 at IoU 0.8: nan
2025-07-27 01:36:21,116 - DEBUG - Loaded collision time for BConcave+AConvex+3700 at IoU 0.85: nan
2025-07-27 01:36:21,116 - DEBUG - Loaded collision time for BConcave+AConvex+3700 at IoU 0.9: nan
2025-07-27 01:36:21,118 - DEBUG - Loaded collision time for BConcave+AConvex+3700 at IoU 0.95: nan
2025-07-27 01:36:21,118 - INFO - Processing video: BConcave+AConvex+3900_flipped
2025-07-27 01:36:21,120 - INFO - Video BConcave+AConvex+3900_flipped already processed (found segformer_model-BConcave+AConvex+3900_flipped.mp4), skipping video processing...
2025-07-27 01:36:21,133 - INFO - VanillaSegmentationSaver initialized with output dir: /home/projects/bagon/andreyg/Projects/Object_reps_neural/Programming/hugging_face/model_experiments/segformer/exp2TTC_segformer-b2-finetuned-ade-512-512/processed_videos/segformer_model-BConcave+AConvex+3900_flipped/org_segmentation
2025-07-27 01:36:21,139 - INFO - All collision results already exist for BConcave+AConvex+3900_flipped
2025-07-27 01:36:21,140 - DEBUG - Loaded collision time for BConcave+AConvex+3900_flipped at IoU 0.05: nan
2025-07-27 01:36:21,140 - DEBUG - Loaded collision time for BConcave+AConvex+3900_flipped at IoU 0.1: nan
2025-07-27 01:36:21,141 - DEBUG - Loaded collision time for BConcave+AConvex+3900_flipped at IoU 0.15: nan
2025-07-27 01:36:21,142 - DEBUG - Loaded collision time for BConcave+AConvex+3900_flipped at IoU 0.2: nan
2025-07-27 01:36:21,143 - DEBUG - Loaded collision time for BConcave+AConvex+3900_flipped at IoU 0.25: nan
2025-07-27 01:36:21,144 - DEBUG - Loaded collision time for BConcave+AConvex+3900_flipped at IoU 0.3: nan
2025-07-27 01:36:21,145 - DEBUG - Loaded collision time for BConcave+AConvex+3900_flipped at IoU 0.35: nan
2025-07-27 01:36:21,146 - DEBUG - Loaded collision time for BConcave+AConvex+3900_flipped at IoU 0.4: nan
2025-07-27 01:36:21,147 - DEBUG - Loaded collision time for BConcave+AConvex+3900_flipped at IoU 0.45: nan
2025-07-27 01:36:21,148 - DEBUG - Loaded collision time for BConcave+AConvex+3900_flipped at IoU 0.5: nan
2025-07-27 01:36:21,149 - DEBUG - Loaded collision time for BConcave+AConvex+3900_flipped at IoU 0.55: nan
2025-07-27 01:36:21,150 - DEBUG - Loaded collision time for BConcave+AConvex+3900_flipped at IoU 0.6: nan
2025-07-27 01:36:21,151 - DEBUG - Loaded collision time for BConcave+AConvex+3900_flipped at IoU 0.65: nan
2025-07-27 01:36:21,152 - DEBUG - Loaded collision time for BConcave+AConvex+3900_flipped at IoU 0.7: nan
2025-07-27 01:36:21,153 - DEBUG - Loaded collision time for BConcave+AConvex+3900_flipped at IoU 0.75: nan
2025-07-27 01:36:21,153 - DEBUG - Loaded collision time for BConcave+AConvex+3900_flipped at IoU 0.8: nan
2025-07-27 01:36:21,154 - DEBUG - Loaded collision time for BConcave+AConvex+3900_flipped at IoU 0.85: nan
2025-07-27 01:36:21,155 - DEBUG - Loaded collision time for BConcave+AConvex+3900_flipped at IoU 0.9: nan
2025-07-27 01:36:21,156 - DEBUG - Loaded collision time for BConcave+AConvex+3900_flipped at IoU 0.95: nan
2025-07-27 01:36:21,156 - INFO - Processing video: BConcave+AConvex+4100
2025-07-27 01:36:21,158 - INFO - Video BConcave+AConvex+4100 already processed (found segformer_model-BConcave+AConvex+4100.mp4), skipping video processing...
2025-07-27 01:36:21,171 - INFO - VanillaSegmentationSaver initialized with output dir: /home/projects/bagon/andreyg/Projects/Object_reps_neural/Programming/hugging_face/model_experiments/segformer/exp2TTC_segformer-b2-finetuned-ade-512-512/processed_videos/segformer_model-BConcave+AConvex+4100/org_segmentation
2025-07-27 01:36:21,177 - INFO - All collision results already exist for BConcave+AConvex+4100
2025-07-27 01:36:21,178 - DEBUG - Loaded collision time for BConcave+AConvex+4100 at IoU 0.05: 4516.666666666667
2025-07-27 01:36:21,179 - DEBUG - Loaded collision time for BConcave+AConvex+4100 at IoU 0.1: 4650.0
2025-07-27 01:36:21,180 - DEBUG - Loaded collision time for BConcave+AConvex+4100 at IoU 0.15: 4783.333333333333
2025-07-27 01:36:21,180 - DEBUG - Loaded collision time for BConcave+AConvex+4100 at IoU 0.2: 5050.0
2025-07-27 01:36:21,181 - DEBUG - Loaded collision time for BConcave+AConvex+4100 at IoU 0.25: nan
2025-07-27 01:36:21,182 - DEBUG - Loaded collision time for BConcave+AConvex+4100 at IoU 0.3: nan
2025-07-27 01:36:21,183 - DEBUG - Loaded collision time for BConcave+AConvex+4100 at IoU 0.35: nan
2025-07-27 01:36:21,184 - DEBUG - Loaded collision time for BConcave+AConvex+4100 at IoU 0.4: nan
2025-07-27 01:36:21,185 - DEBUG - Loaded collision time for BConcave+AConvex+4100 at IoU 0.45: nan
2025-07-27 01:36:21,186 - DEBUG - Loaded collision time for BConcave+AConvex+4100 at IoU 0.5: nan
2025-07-27 01:36:21,187 - DEBUG - Loaded collision time for BConcave+AConvex+4100 at IoU 0.55: nan
2025-07-27 01:36:21,188 - DEBUG - Loaded collision time for BConcave+AConvex+4100 at IoU 0.6: nan
2025-07-27 01:36:21,189 - DEBUG - Loaded collision time for BConcave+AConvex+4100 at IoU 0.65: nan
2025-07-27 01:36:21,190 - DEBUG - Loaded collision time for BConcave+AConvex+4100 at IoU 0.7: nan
2025-07-27 01:36:21,191 - DEBUG - Loaded collision time for BConcave+AConvex+4100 at IoU 0.75: nan
2025-07-27 01:36:21,191 - DEBUG - Loaded collision time for BConcave+AConvex+4100 at IoU 0.8: nan
2025-07-27 01:36:21,192 - DEBUG - Loaded collision time for BConcave+AConvex+4100 at IoU 0.85: nan
2025-07-27 01:36:21,194 - DEBUG - Loaded collision time for BConcave+AConvex+4100 at IoU 0.9: nan
2025-07-27 01:36:21,194 - DEBUG - Loaded collision time for BConcave+AConvex+4100 at IoU 0.95: nan
2025-07-27 01:36:21,194 - INFO - Processing video: BConcave+AConvex+4300_flipped
2025-07-27 01:36:21,197 - INFO - Video BConcave+AConvex+4300_flipped already processed (found segformer_model-BConcave+AConvex+4300_flipped.mp4), skipping video processing...
2025-07-27 01:36:21,210 - INFO - VanillaSegmentationSaver initialized with output dir: /home/projects/bagon/andreyg/Projects/Object_reps_neural/Programming/hugging_face/model_experiments/segformer/exp2TTC_segformer-b2-finetuned-ade-512-512/processed_videos/segformer_model-BConcave+AConvex+4300_flipped/org_segmentation
2025-07-27 01:36:21,216 - INFO - All collision results already exist for BConcave+AConvex+4300_flipped
2025-07-27 01:36:21,217 - DEBUG - Loaded collision time for BConcave+AConvex+4300_flipped at IoU 0.05: 4750.0
2025-07-27 01:36:21,218 - DEBUG - Loaded collision time for BConcave+AConvex+4300_flipped at IoU 0.1: 4900.0
2025-07-27 01:36:21,219 - DEBUG - Loaded collision time for BConcave+AConvex+4300_flipped at IoU 0.15: 5000.0
2025-07-27 01:36:21,220 - DEBUG - Loaded collision time for BConcave+AConvex+4300_flipped at IoU 0.2: 5383.333333333334
2025-07-27 01:36:21,220 - DEBUG - Loaded collision time for BConcave+AConvex+4300_flipped at IoU 0.25: nan
2025-07-27 01:36:21,221 - DEBUG - Loaded collision time for BConcave+AConvex+4300_flipped at IoU 0.3: nan
2025-07-27 01:36:21,222 - DEBUG - Loaded collision time for BConcave+AConvex+4300_flipped at IoU 0.35: nan
2025-07-27 01:36:21,223 - DEBUG - Loaded collision time for BConcave+AConvex+4300_flipped at IoU 0.4: nan
2025-07-27 01:36:21,224 - DEBUG - Loaded collision time for BConcave+AConvex+4300_flipped at IoU 0.45: nan
2025-07-27 01:36:21,225 - DEBUG - Loaded collision time for BConcave+AConvex+4300_flipped at IoU 0.5: nan
2025-07-27 01:36:21,226 - DEBUG - Loaded collision time for BConcave+AConvex+4300_flipped at IoU 0.55: nan
2025-07-27 01:36:21,227 - DEBUG - Loaded collision time for BConcave+AConvex+4300_flipped at IoU 0.6: nan
2025-07-27 01:36:21,228 - DEBUG - Loaded collision time for BConcave+AConvex+4300_flipped at IoU 0.65: nan
2025-07-27 01:36:21,229 - DEBUG - Loaded collision time for BConcave+AConvex+4300_flipped at IoU 0.7: nan
2025-07-27 01:36:21,230 - DEBUG - Loaded collision time for BConcave+AConvex+4300_flipped at IoU 0.75: nan
2025-07-27 01:36:21,231 - DEBUG - Loaded collision time for BConcave+AConvex+4300_flipped at IoU 0.8: nan
2025-07-27 01:36:21,232 - DEBUG - Loaded collision time for BConcave+AConvex+4300_flipped at IoU 0.85: nan
2025-07-27 01:36:21,233 - DEBUG - Loaded collision time for BConcave+AConvex+4300_flipped at IoU 0.9: nan
2025-07-27 01:36:21,234 - DEBUG - Loaded collision time for BConcave+AConvex+4300_flipped at IoU 0.95: nan
2025-07-27 01:36:21,234 - INFO - Processing video: BConcave+AConvex+4500
2025-07-27 01:36:21,236 - INFO - Video BConcave+AConvex+4500 already processed (found segformer_model-BConcave+AConvex+4500.mp4), skipping video processing...
2025-07-27 01:36:21,249 - INFO - VanillaSegmentationSaver initialized with output dir: /home/projects/bagon/andreyg/Projects/Object_reps_neural/Programming/hugging_face/model_experiments/segformer/exp2TTC_segformer-b2-finetuned-ade-512-512/processed_videos/segformer_model-BConcave+AConvex+4500/org_segmentation
2025-07-27 01:36:21,254 - INFO - All collision results already exist for BConcave+AConvex+4500
2025-07-27 01:36:21,255 - DEBUG - Loaded collision time for BConcave+AConvex+4500 at IoU 0.05: 4900.0
2025-07-27 01:36:21,256 - DEBUG - Loaded collision time for BConcave+AConvex+4500 at IoU 0.1: 5050.0
2025-07-27 01:36:21,257 - DEBUG - Loaded collision time for BConcave+AConvex+4500 at IoU 0.15: 5200.0
2025-07-27 01:36:21,258 - DEBUG - Loaded collision time for BConcave+AConvex+4500 at IoU 0.2: nan
2025-07-27 01:36:21,259 - DEBUG - Loaded collision time for BConcave+AConvex+4500 at IoU 0.25: nan
2025-07-27 01:36:21,260 - DEBUG - Loaded collision time for BConcave+AConvex+4500 at IoU 0.3: nan
2025-07-27 01:36:21,261 - DEBUG - Loaded collision time for BConcave+AConvex+4500 at IoU 0.35: nan
2025-07-27 01:36:21,262 - DEBUG - Loaded collision time for BConcave+AConvex+4500 at IoU 0.4: nan
2025-07-27 01:36:21,263 - DEBUG - Loaded collision time for BConcave+AConvex+4500 at IoU 0.45: nan
2025-07-27 01:36:21,264 - DEBUG - Loaded collision time for BConcave+AConvex+4500 at IoU 0.5: nan
2025-07-27 01:36:21,265 - DEBUG - Loaded collision time for BConcave+AConvex+4500 at IoU 0.55: nan
2025-07-27 01:36:21,265 - DEBUG - Loaded collision time for BConcave+AConvex+4500 at IoU 0.6: nan
2025-07-27 01:36:21,266 - DEBUG - Loaded collision time for BConcave+AConvex+4500 at IoU 0.65: nan
2025-07-27 01:36:21,267 - DEBUG - Loaded collision time for BConcave+AConvex+4500 at IoU 0.7: nan
2025-07-27 01:36:21,268 - DEBUG - Loaded collision time for BConcave+AConvex+4500 at IoU 0.75: nan
2025-07-27 01:36:21,269 - DEBUG - Loaded collision time for BConcave+AConvex+4500 at IoU 0.8: nan
2025-07-27 01:36:21,270 - DEBUG - Loaded collision time for BConcave+AConvex+4500 at IoU 0.85: nan
2025-07-27 01:36:21,271 - DEBUG - Loaded collision time for BConcave+AConvex+4500 at IoU 0.9: nan
2025-07-27 01:36:21,272 - DEBUG - Loaded collision time for BConcave+AConvex+4500 at IoU 0.95: nan
2025-07-27 01:36:21,272 - INFO - Processing video: BConcave+BConcavePatient+3500
2025-07-27 01:36:21,274 - INFO - Video BConcave+BConcavePatient+3500 already processed (found segformer_model-BConcave+BConcavePatient+3500.mp4), skipping video processing...
2025-07-27 01:36:21,288 - INFO - VanillaSegmentationSaver initialized with output dir: /home/projects/bagon/andreyg/Projects/Object_reps_neural/Programming/hugging_face/model_experiments/segformer/exp2TTC_segformer-b2-finetuned-ade-512-512/processed_videos/segformer_model-BConcave+BConcavePatient+3500/org_segmentation
2025-07-27 01:36:21,293 - INFO - All collision results already exist for BConcave+BConcavePatient+3500
2025-07-27 01:36:21,294 - DEBUG - Loaded collision time for BConcave+BConcavePatient+3500 at IoU 0.05: nan
2025-07-27 01:36:21,295 - DEBUG - Loaded collision time for BConcave+BConcavePatient+3500 at IoU 0.1: nan
2025-07-27 01:36:21,296 - DEBUG - Loaded collision time for BConcave+BConcavePatient+3500 at IoU 0.15: nan
2025-07-27 01:36:21,297 - DEBUG - Loaded collision time for BConcave+BConcavePatient+3500 at IoU 0.2: nan
2025-07-27 01:36:21,298 - DEBUG - Loaded collision time for BConcave+BConcavePatient+3500 at IoU 0.25: nan
2025-07-27 01:36:21,299 - DEBUG - Loaded collision time for BConcave+BConcavePatient+3500 at IoU 0.3: nan
2025-07-27 01:36:21,300 - DEBUG - Loaded collision time for BConcave+BConcavePatient+3500 at IoU 0.35: nan
2025-07-27 01:36:21,301 - DEBUG - Loaded collision time for BConcave+BConcavePatient+3500 at IoU 0.4: nan
2025-07-27 01:36:21,302 - DEBUG - Loaded collision time for BConcave+BConcavePatient+3500 at IoU 0.45: nan
2025-07-27 01:36:21,303 - DEBUG - Loaded collision time for BConcave+BConcavePatient+3500 at IoU 0.5: nan
2025-07-27 01:36:21,304 - DEBUG - Loaded collision time for BConcave+BConcavePatient+3500 at IoU 0.55: nan
2025-07-27 01:36:21,305 - DEBUG - Loaded collision time for BConcave+BConcavePatient+3500 at IoU 0.6: nan
2025-07-27 01:36:21,306 - DEBUG - Loaded collision time for BConcave+BConcavePatient+3500 at IoU 0.65: nan
2025-07-27 01:36:21,307 - DEBUG - Loaded collision time for BConcave+BConcavePatient+3500 at IoU 0.7: nan
2025-07-27 01:36:21,308 - DEBUG - Loaded collision time for BConcave+BConcavePatient+3500 at IoU 0.75: nan
2025-07-27 01:36:21,309 - DEBUG - Loaded collision time for BConcave+BConcavePatient+3500 at IoU 0.8: nan
2025-07-27 01:36:21,310 - DEBUG - Loaded collision time for BConcave+BConcavePatient+3500 at IoU 0.85: nan
2025-07-27 01:36:21,311 - DEBUG - Loaded collision time for BConcave+BConcavePatient+3500 at IoU 0.9: nan
2025-07-27 01:36:21,312 - DEBUG - Loaded collision time for BConcave+BConcavePatient+3500 at IoU 0.95: nan
2025-07-27 01:36:21,312 - INFO - Processing video: BConcave+BConcavePatient+3700_flipped
2025-07-27 01:36:21,314 - INFO - Video BConcave+BConcavePatient+3700_flipped already processed (found segformer_model-BConcave+BConcavePatient+3700_flipped.mp4), skipping video processing...
2025-07-27 01:36:21,327 - INFO - VanillaSegmentationSaver initialized with output dir: /home/projects/bagon/andreyg/Projects/Object_reps_neural/Programming/hugging_face/model_experiments/segformer/exp2TTC_segformer-b2-finetuned-ade-512-512/processed_videos/segformer_model-BConcave+BConcavePatient+3700_flipped/org_segmentation
2025-07-27 01:36:21,333 - INFO - All collision results already exist for BConcave+BConcavePatient+3700_flipped
2025-07-27 01:36:21,334 - DEBUG - Loaded collision time for BConcave+BConcavePatient+3700_flipped at IoU 0.05: nan
2025-07-27 01:36:21,335 - DEBUG - Loaded collision time for BConcave+BConcavePatient+3700_flipped at IoU 0.1: nan
2025-07-27 01:36:21,336 - DEBUG - Loaded collision time for BConcave+BConcavePatient+3700_flipped at IoU 0.15: nan
2025-07-27 01:36:21,337 - DEBUG - Loaded collision time for BConcave+BConcavePatient+3700_flipped at IoU 0.2: nan
2025-07-27 01:36:21,338 - DEBUG - Loaded collision time for BConcave+BConcavePatient+3700_flipped at IoU 0.25: nan
2025-07-27 01:36:21,339 - DEBUG - Loaded collision time for BConcave+BConcavePatient+3700_flipped at IoU 0.3: nan
2025-07-27 01:36:21,340 - DEBUG - Loaded collision time for BConcave+BConcavePatient+3700_flipped at IoU 0.35: nan
2025-07-27 01:36:21,341 - DEBUG - Loaded collision time for BConcave+BConcavePatient+3700_flipped at IoU 0.4: nan
2025-07-27 01:36:21,342 - DEBUG - Loaded collision time for BConcave+BConcavePatient+3700_flipped at IoU 0.45: nan
2025-07-27 01:36:21,343 - DEBUG - Loaded collision time for BConcave+BConcavePatient+3700_flipped at IoU 0.5: nan
2025-07-27 01:36:21,344 - DEBUG - Loaded collision time for BConcave+BConcavePatient+3700_flipped at IoU 0.55: nan
2025-07-27 01:36:21,345 - DEBUG - Loaded collision time for BConcave+BConcavePatient+3700_flipped at IoU 0.6: nan
2025-07-27 01:36:21,346 - DEBUG - Loaded collision time for BConcave+BConcavePatient+3700_flipped at IoU 0.65: nan
2025-07-27 01:36:21,347 - DEBUG - Loaded collision time for BConcave+BConcavePatient+3700_flipped at IoU 0.7: nan
2025-07-27 01:36:21,348 - DEBUG - Loaded collision time for BConcave+BConcavePatient+3700_flipped at IoU 0.75: nan
2025-07-27 01:36:21,349 - DEBUG - Loaded collision time for BConcave+BConcavePatient+3700_flipped at IoU 0.8: nan
2025-07-27 01:36:21,350 - DEBUG - Loaded collision time for BConcave+BConcavePatient+3700_flipped at IoU 0.85: nan
2025-07-27 01:36:21,351 - DEBUG - Loaded collision time for BConcave+BConcavePatient+3700_flipped at IoU 0.9: nan
2025-07-27 01:36:21,352 - DEBUG - Loaded collision time for BConcave+BConcavePatient+3700_flipped at IoU 0.95: nan
2025-07-27 01:36:21,352 - INFO - Processing video: BConcave+BConcavePatient+3900
2025-07-27 01:36:21,355 - INFO - Video BConcave+BConcavePatient+3900 already processed (found segformer_model-BConcave+BConcavePatient+3900.mp4), skipping video processing...
2025-07-27 01:36:21,367 - INFO - VanillaSegmentationSaver initialized with output dir: /home/projects/bagon/andreyg/Projects/Object_reps_neural/Programming/hugging_face/model_experiments/segformer/exp2TTC_segformer-b2-finetuned-ade-512-512/processed_videos/segformer_model-BConcave+BConcavePatient+3900/org_segmentation
2025-07-27 01:36:21,372 - INFO - All collision results already exist for BConcave+BConcavePatient+3900
2025-07-27 01:36:21,373 - DEBUG - Loaded collision time for BConcave+BConcavePatient+3900 at IoU 0.05: 4083.333333333333
2025-07-27 01:36:21,374 - DEBUG - Loaded collision time for BConcave+BConcavePatient+3900 at IoU 0.1: 4166.666666666667
2025-07-27 01:36:21,375 - DEBUG - Loaded collision time for BConcave+BConcavePatient+3900 at IoU 0.15: 4250.0
2025-07-27 01:36:21,376 - DEBUG - Loaded collision time for BConcave+BConcavePatient+3900 at IoU 0.2: 4333.333333333333
2025-07-27 01:36:21,377 - DEBUG - Loaded collision time for BConcave+BConcavePatient+3900 at IoU 0.25: nan
2025-07-27 01:36:21,378 - DEBUG - Loaded collision time for BConcave+BConcavePatient+3900 at IoU 0.3: nan
2025-07-27 01:36:21,379 - DEBUG - Loaded collision time for BConcave+BConcavePatient+3900 at IoU 0.35: nan
2025-07-27 01:36:21,380 - DEBUG - Loaded collision time for BConcave+BConcavePatient+3900 at IoU 0.4: nan
2025-07-27 01:36:21,381 - DEBUG - Loaded collision time for BConcave+BConcavePatient+3900 at IoU 0.45: nan
2025-07-27 01:36:21,382 - DEBUG - Loaded collision time for BConcave+BConcavePatient+3900 at IoU 0.5: nan
2025-07-27 01:36:21,383 - DEBUG - Loaded collision time for BConcave+BConcavePatient+3900 at IoU 0.55: nan
2025-07-27 01:36:21,384 - DEBUG - Loaded collision time for BConcave+BConcavePatient+3900 at IoU 0.6: nan
2025-07-27 01:36:21,385 - DEBUG - Loaded collision time for BConcave+BConcavePatient+3900 at IoU 0.65: nan
2025-07-27 01:36:21,386 - DEBUG - Loaded collision time for BConcave+BConcavePatient+3900 at IoU 0.7: nan
2025-07-27 01:36:21,387 - DEBUG - Loaded collision time for BConcave+BConcavePatient+3900 at IoU 0.75: nan
2025-07-27 01:36:21,388 - DEBUG - Loaded collision time for BConcave+BConcavePatient+3900 at IoU 0.8: nan
2025-07-27 01:36:21,389 - DEBUG - Loaded collision time for BConcave+BConcavePatient+3900 at IoU 0.85: nan
2025-07-27 01:36:21,390 - DEBUG - Loaded collision time for BConcave+BConcavePatient+3900 at IoU 0.9: nan
2025-07-27 01:36:21,391 - DEBUG - Loaded collision time for BConcave+BConcavePatient+3900 at IoU 0.95: nan
2025-07-27 01:36:21,391 - INFO - Processing video: BConcave+BConcavePatient+4100_flipped
2025-07-27 01:36:21,393 - INFO - Video BConcave+BConcavePatient+4100_flipped already processed (found segformer_model-BConcave+BConcavePatient+4100_flipped.mp4), skipping video processing...
2025-07-27 01:36:21,407 - INFO - VanillaSegmentationSaver initialized with output dir: /home/projects/bagon/andreyg/Projects/Object_reps_neural/Programming/hugging_face/model_experiments/segformer/exp2TTC_segformer-b2-finetuned-ade-512-512/processed_videos/segformer_model-BConcave+BConcavePatient+4100_flipped/org_segmentation
2025-07-27 01:36:21,412 - INFO - All collision results already exist for BConcave+BConcavePatient+4100_flipped
2025-07-27 01:36:21,413 - DEBUG - Loaded collision time for BConcave+BConcavePatient+4100_flipped at IoU 0.05: 4316.666666666666
2025-07-27 01:36:21,414 - DEBUG - Loaded collision time for BConcave+BConcavePatient+4100_flipped at IoU 0.1: nan
2025-07-27 01:36:21,415 - DEBUG - Loaded collision time for BConcave+BConcavePatient+4100_flipped at IoU 0.15: nan
2025-07-27 01:36:21,416 - DEBUG - Loaded collision time for BConcave+BConcavePatient+4100_flipped at IoU 0.2: nan
2025-07-27 01:36:21,417 - DEBUG - Loaded collision time for BConcave+BConcavePatient+4100_flipped at IoU 0.25: nan
2025-07-27 01:36:21,418 - DEBUG - Loaded collision time for BConcave+BConcavePatient+4100_flipped at IoU 0.3: nan
2025-07-27 01:36:21,419 - DEBUG - Loaded collision time for BConcave+BConcavePatient+4100_flipped at IoU 0.35: nan
2025-07-27 01:36:21,420 - DEBUG - Loaded collision time for BConcave+BConcavePatient+4100_flipped at IoU 0.4: nan
2025-07-27 01:36:21,421 - DEBUG - Loaded collision time for BConcave+BConcavePatient+4100_flipped at IoU 0.45: nan
2025-07-27 01:36:21,421 - DEBUG - Loaded collision time for BConcave+BConcavePatient+4100_flipped at IoU 0.5: nan
2025-07-27 01:36:21,422 - DEBUG - Loaded collision time for BConcave+BConcavePatient+4100_flipped at IoU 0.55: nan
2025-07-27 01:36:21,423 - DEBUG - Loaded collision time for BConcave+BConcavePatient+4100_flipped at IoU 0.6: nan
2025-07-27 01:36:21,424 - DEBUG - Loaded collision time for BConcave+BConcavePatient+4100_flipped at IoU 0.65: nan
2025-07-27 01:36:21,425 - DEBUG - Loaded collision time for BConcave+BConcavePatient+4100_flipped at IoU 0.7: nan
2025-07-27 01:36:21,426 - DEBUG - Loaded collision time for BConcave+BConcavePatient+4100_flipped at IoU 0.75: nan
2025-07-27 01:36:21,427 - DEBUG - Loaded collision time for BConcave+BConcavePatient+4100_flipped at IoU 0.8: nan
2025-07-27 01:36:21,428 - DEBUG - Loaded collision time for BConcave+BConcavePatient+4100_flipped at IoU 0.85: nan
2025-07-27 01:36:21,429 - DEBUG - Loaded collision time for BConcave+BConcavePatient+4100_flipped at IoU 0.9: nan
2025-07-27 01:36:21,430 - DEBUG - Loaded collision time for BConcave+BConcavePatient+4100_flipped at IoU 0.95: nan
2025-07-27 01:36:21,430 - INFO - Processing video: BConcave+BConcavePatient+4300
2025-07-27 01:36:21,433 - INFO - Video BConcave+BConcavePatient+4300 already processed (found segformer_model-BConcave+BConcavePatient+4300.mp4), skipping video processing...
2025-07-27 01:36:21,446 - INFO - VanillaSegmentationSaver initialized with output dir: /home/projects/bagon/andreyg/Projects/Object_reps_neural/Programming/hugging_face/model_experiments/segformer/exp2TTC_segformer-b2-finetuned-ade-512-512/processed_videos/segformer_model-BConcave+BConcavePatient+4300/org_segmentation
2025-07-27 01:36:21,451 - INFO - All collision results already exist for BConcave+BConcavePatient+4300
2025-07-27 01:36:21,452 - DEBUG - Loaded collision time for BConcave+BConcavePatient+4300 at IoU 0.05: 4516.666666666667
2025-07-27 01:36:21,453 - DEBUG - Loaded collision time for BConcave+BConcavePatient+4300 at IoU 0.1: 4700.0
2025-07-27 01:36:21,454 - DEBUG - Loaded collision time for BConcave+BConcavePatient+4300 at IoU 0.15: nan
2025-07-27 01:36:21,455 - DEBUG - Loaded collision time for BConcave+BConcavePatient+4300 at IoU 0.2: nan
2025-07-27 01:36:21,456 - DEBUG - Loaded collision time for BConcave+BConcavePatient+4300 at IoU 0.25: nan
2025-07-27 01:36:21,457 - DEBUG - Loaded collision time for BConcave+BConcavePatient+4300 at IoU 0.3: nan
2025-07-27 01:36:21,458 - DEBUG - Loaded collision time for BConcave+BConcavePatient+4300 at IoU 0.35: nan
2025-07-27 01:36:21,459 - DEBUG - Loaded collision time for BConcave+BConcavePatient+4300 at IoU 0.4: nan
2025-07-27 01:36:21,460 - DEBUG - Loaded collision time for BConcave+BConcavePatient+4300 at IoU 0.45: nan
2025-07-27 01:36:21,461 - DEBUG - Loaded collision time for BConcave+BConcavePatient+4300 at IoU 0.5: nan
2025-07-27 01:36:21,462 - DEBUG - Loaded collision time for BConcave+BConcavePatient+4300 at IoU 0.55: nan
2025-07-27 01:36:21,463 - DEBUG - Loaded collision time for BConcave+BConcavePatient+4300 at IoU 0.6: nan
2025-07-27 01:36:21,464 - DEBUG - Loaded collision time for BConcave+BConcavePatient+4300 at IoU 0.65: nan
2025-07-27 01:36:21,465 - DEBUG - Loaded collision time for BConcave+BConcavePatient+4300 at IoU 0.7: nan
2025-07-27 01:36:21,466 - DEBUG - Loaded collision time for BConcave+BConcavePatient+4300 at IoU 0.75: nan
2025-07-27 01:36:21,467 - DEBUG - Loaded collision time for BConcave+BConcavePatient+4300 at IoU 0.8: nan
2025-07-27 01:36:21,468 - DEBUG - Loaded collision time for BConcave+BConcavePatient+4300 at IoU 0.85: nan
2025-07-27 01:36:21,469 - DEBUG - Loaded collision time for BConcave+BConcavePatient+4300 at IoU 0.9: nan
2025-07-27 01:36:21,470 - DEBUG - Loaded collision time for BConcave+BConcavePatient+4300 at IoU 0.95: nan
2025-07-27 01:36:21,470 - INFO - Processing video: BConcave+BConcavePatient+4500_flipped
2025-07-27 01:36:21,472 - INFO - Video BConcave+BConcavePatient+4500_flipped already processed (found segformer_model-BConcave+BConcavePatient+4500_flipped.mp4), skipping video processing...
2025-07-27 01:36:21,485 - INFO - VanillaSegmentationSaver initialized with output dir: /home/projects/bagon/andreyg/Projects/Object_reps_neural/Programming/hugging_face/model_experiments/segformer/exp2TTC_segformer-b2-finetuned-ade-512-512/processed_videos/segformer_model-BConcave+BConcavePatient+4500_flipped/org_segmentation
2025-07-27 01:36:21,490 - INFO - All collision results already exist for BConcave+BConcavePatient+4500_flipped
2025-07-27 01:36:21,491 - DEBUG - Loaded collision time for BConcave+BConcavePatient+4500_flipped at IoU 0.05: nan
2025-07-27 01:36:21,492 - DEBUG - Loaded collision time for BConcave+BConcavePatient+4500_flipped at IoU 0.1: nan
2025-07-27 01:36:21,493 - DEBUG - Loaded collision time for BConcave+BConcavePatient+4500_flipped at IoU 0.15: nan
2025-07-27 01:36:21,494 - DEBUG - Loaded collision time for BConcave+BConcavePatient+4500_flipped at IoU 0.2: nan
2025-07-27 01:36:21,494 - DEBUG - Loaded collision time for BConcave+BConcavePatient+4500_flipped at IoU 0.25: nan
2025-07-27 01:36:21,495 - DEBUG - Loaded collision time for BConcave+BConcavePatient+4500_flipped at IoU 0.3: nan
2025-07-27 01:36:21,496 - DEBUG - Loaded collision time for BConcave+BConcavePatient+4500_flipped at IoU 0.35: nan
2025-07-27 01:36:21,497 - DEBUG - Loaded collision time for BConcave+BConcavePatient+4500_flipped at IoU 0.4: nan
2025-07-27 01:36:21,498 - DEBUG - Loaded collision time for BConcave+BConcavePatient+4500_flipped at IoU 0.45: nan
2025-07-27 01:36:21,499 - DEBUG - Loaded collision time for BConcave+BConcavePatient+4500_flipped at IoU 0.5: nan
2025-07-27 01:36:21,500 - DEBUG - Loaded collision time for BConcave+BConcavePatient+4500_flipped at IoU 0.55: nan
2025-07-27 01:36:21,501 - DEBUG - Loaded collision time for BConcave+BConcavePatient+4500_flipped at IoU 0.6: nan
2025-07-27 01:36:21,502 - DEBUG - Loaded collision time for BConcave+BConcavePatient+4500_flipped at IoU 0.65: nan
2025-07-27 01:36:21,503 - DEBUG - Loaded collision time for BConcave+BConcavePatient+4500_flipped at IoU 0.7: nan
2025-07-27 01:36:21,504 - DEBUG - Loaded collision time for BConcave+BConcavePatient+4500_flipped at IoU 0.75: nan
2025-07-27 01:36:21,505 - DEBUG - Loaded collision time for BConcave+BConcavePatient+4500_flipped at IoU 0.8: nan
2025-07-27 01:36:21,505 - DEBUG - Loaded collision time for BConcave+BConcavePatient+4500_flipped at IoU 0.85: nan
2025-07-27 01:36:21,506 - DEBUG - Loaded collision time for BConcave+BConcavePatient+4500_flipped at IoU 0.9: nan
2025-07-27 01:36:21,507 - DEBUG - Loaded collision time for BConcave+BConcavePatient+4500_flipped at IoU 0.95: nan
2025-07-27 01:36:21,507 - INFO - Processing video: BConcave+BConvex+3500_flipped
2025-07-27 01:36:21,509 - INFO - Video BConcave+BConvex+3500_flipped already processed (found segformer_model-BConcave+BConvex+3500_flipped.mp4), skipping video processing...
2025-07-27 01:36:21,521 - INFO - VanillaSegmentationSaver initialized with output dir: /home/projects/bagon/andreyg/Projects/Object_reps_neural/Programming/hugging_face/model_experiments/segformer/exp2TTC_segformer-b2-finetuned-ade-512-512/processed_videos/segformer_model-BConcave+BConvex+3500_flipped/org_segmentation
2025-07-27 01:36:21,527 - INFO - All collision results already exist for BConcave+BConvex+3500_flipped
2025-07-27 01:36:21,528 - DEBUG - Loaded collision time for BConcave+BConvex+3500_flipped at IoU 0.05: 3866.6666666666665
2025-07-27 01:36:21,529 - DEBUG - Loaded collision time for BConcave+BConvex+3500_flipped at IoU 0.1: 4066.6666666666665
2025-07-27 01:36:21,530 - DEBUG - Loaded collision time for BConcave+BConvex+3500_flipped at IoU 0.15: 4250.0
2025-07-27 01:36:21,531 - DEBUG - Loaded collision time for BConcave+BConvex+3500_flipped at IoU 0.2: nan
2025-07-27 01:36:21,531 - DEBUG - Loaded collision time for BConcave+BConvex+3500_flipped at IoU 0.25: nan
2025-07-27 01:36:21,532 - DEBUG - Loaded collision time for BConcave+BConvex+3500_flipped at IoU 0.3: nan
2025-07-27 01:36:21,533 - DEBUG - Loaded collision time for BConcave+BConvex+3500_flipped at IoU 0.35: nan
2025-07-27 01:36:21,535 - DEBUG - Loaded collision time for BConcave+BConvex+3500_flipped at IoU 0.4: nan
2025-07-27 01:36:21,536 - DEBUG - Loaded collision time for BConcave+BConvex+3500_flipped at IoU 0.45: nan
2025-07-27 01:36:21,537 - DEBUG - Loaded collision time for BConcave+BConvex+3500_flipped at IoU 0.5: nan
2025-07-27 01:36:21,538 - DEBUG - Loaded collision time for BConcave+BConvex+3500_flipped at IoU 0.55: nan
2025-07-27 01:36:21,539 - DEBUG - Loaded collision time for BConcave+BConvex+3500_flipped at IoU 0.6: nan
2025-07-27 01:36:21,540 - DEBUG - Loaded collision time for BConcave+BConvex+3500_flipped at IoU 0.65: nan
2025-07-27 01:36:21,541 - DEBUG - Loaded collision time for BConcave+BConvex+3500_flipped at IoU 0.7: nan
2025-07-27 01:36:21,542 - DEBUG - Loaded collision time for BConcave+BConvex+3500_flipped at IoU 0.75: nan
2025-07-27 01:36:21,543 - DEBUG - Loaded collision time for BConcave+BConvex+3500_flipped at IoU 0.8: nan
2025-07-27 01:36:21,544 - DEBUG - Loaded collision time for BConcave+BConvex+3500_flipped at IoU 0.85: nan
2025-07-27 01:36:21,545 - DEBUG - Loaded collision time for BConcave+BConvex+3500_flipped at IoU 0.9: nan
2025-07-27 01:36:21,547 - DEBUG - Loaded collision time for BConcave+BConvex+3500_flipped at IoU 0.95: nan
2025-07-27 01:36:21,547 - INFO - Processing video: BConcave+BConvex+3700
2025-07-27 01:36:21,549 - INFO - Video BConcave+BConvex+3700 already processed (found segformer_model-BConcave+BConvex+3700.mp4), skipping video processing...
2025-07-27 01:36:21,562 - INFO - VanillaSegmentationSaver initialized with output dir: /home/projects/bagon/andreyg/Projects/Object_reps_neural/Programming/hugging_face/model_experiments/segformer/exp2TTC_segformer-b2-finetuned-ade-512-512/processed_videos/segformer_model-BConcave+BConvex+3700/org_segmentation
2025-07-27 01:36:21,567 - INFO - All collision results already exist for BConcave+BConvex+3700
2025-07-27 01:36:21,568 - DEBUG - Loaded collision time for BConcave+BConvex+3700 at IoU 0.05: 4000.0
2025-07-27 01:36:21,569 - DEBUG - Loaded collision time for BConcave+BConvex+3700 at IoU 0.1: 4216.666666666667
2025-07-27 01:36:21,570 - DEBUG - Loaded collision time for BConcave+BConvex+3700 at IoU 0.15: 4416.666666666667
2025-07-27 01:36:21,571 - DEBUG - Loaded collision time for BConcave+BConvex+3700 at IoU 0.2: 4566.666666666666
2025-07-27 01:36:21,572 - DEBUG - Loaded collision time for BConcave+BConvex+3700 at IoU 0.25: nan
2025-07-27 01:36:21,574 - DEBUG - Loaded collision time for BConcave+BConvex+3700 at IoU 0.3: nan
2025-07-27 01:36:21,575 - DEBUG - Loaded collision time for BConcave+BConvex+3700 at IoU 0.35: nan
2025-07-27 01:36:21,576 - DEBUG - Loaded collision time for BConcave+BConvex+3700 at IoU 0.4: nan
2025-07-27 01:36:21,577 - DEBUG - Loaded collision time for BConcave+BConvex+3700 at IoU 0.45: nan
2025-07-27 01:36:21,578 - DEBUG - Loaded collision time for BConcave+BConvex+3700 at IoU 0.5: nan
2025-07-27 01:36:21,579 - DEBUG - Loaded collision time for BConcave+BConvex+3700 at IoU 0.55: nan
2025-07-27 01:36:21,580 - DEBUG - Loaded collision time for BConcave+BConvex+3700 at IoU 0.6: nan
2025-07-27 01:36:21,581 - DEBUG - Loaded collision time for BConcave+BConvex+3700 at IoU 0.65: nan
2025-07-27 01:36:21,582 - DEBUG - Loaded collision time for BConcave+BConvex+3700 at IoU 0.7: nan
2025-07-27 01:36:21,583 - DEBUG - Loaded collision time for BConcave+BConvex+3700 at IoU 0.75: nan
2025-07-27 01:36:21,584 - DEBUG - Loaded collision time for BConcave+BConvex+3700 at IoU 0.8: nan
2025-07-27 01:36:21,585 - DEBUG - Loaded collision time for BConcave+BConvex+3700 at IoU 0.85: nan
2025-07-27 01:36:21,585 - DEBUG - Loaded collision time for BConcave+BConvex+3700 at IoU 0.9: nan
2025-07-27 01:36:21,586 - DEBUG - Loaded collision time for BConcave+BConvex+3700 at IoU 0.95: nan
2025-07-27 01:36:21,587 - INFO - Processing video: BConcave+BConvex+3900_flipped
2025-07-27 01:36:21,589 - INFO - Video BConcave+BConvex+3900_flipped already processed (found segformer_model-BConcave+BConvex+3900_flipped.mp4), skipping video processing...
2025-07-27 01:36:21,601 - INFO - VanillaSegmentationSaver initialized with output dir: /home/projects/bagon/andreyg/Projects/Object_reps_neural/Programming/hugging_face/model_experiments/segformer/exp2TTC_segformer-b2-finetuned-ade-512-512/processed_videos/segformer_model-BConcave+BConvex+3900_flipped/org_segmentation
2025-07-27 01:36:21,607 - INFO - All collision results already exist for BConcave+BConvex+3900_flipped
2025-07-27 01:36:21,608 - DEBUG - Loaded collision time for BConcave+BConvex+3900_flipped at IoU 0.05: 4266.666666666667
2025-07-27 01:36:21,609 - DEBUG - Loaded collision time for BConcave+BConvex+3900_flipped at IoU 0.1: 4433.333333333334
2025-07-27 01:36:21,610 - DEBUG - Loaded collision time for BConcave+BConvex+3900_flipped at IoU 0.15: 4566.666666666666
2025-07-27 01:36:21,611 - DEBUG - Loaded collision time for BConcave+BConvex+3900_flipped at IoU 0.2: 4833.333333333333
2025-07-27 01:36:21,612 - DEBUG - Loaded collision time for BConcave+BConvex+3900_flipped at IoU 0.25: nan
2025-07-27 01:36:21,613 - DEBUG - Loaded collision time for BConcave+BConvex+3900_flipped at IoU 0.3: nan
2025-07-27 01:36:21,614 - DEBUG - Loaded collision time for BConcave+BConvex+3900_flipped at IoU 0.35: nan
2025-07-27 01:36:21,615 - DEBUG - Loaded collision time for BConcave+BConvex+3900_flipped at IoU 0.4: nan
2025-07-27 01:36:21,616 - DEBUG - Loaded collision time for BConcave+BConvex+3900_flipped at IoU 0.45: nan
2025-07-27 01:36:21,616 - DEBUG - Loaded collision time for BConcave+BConvex+3900_flipped at IoU 0.5: nan
2025-07-27 01:36:21,617 - DEBUG - Loaded collision time for BConcave+BConvex+3900_flipped at IoU 0.55: nan
2025-07-27 01:36:21,618 - DEBUG - Loaded collision time for BConcave+BConvex+3900_flipped at IoU 0.6: nan
2025-07-27 01:36:21,619 - DEBUG - Loaded collision time for BConcave+BConvex+3900_flipped at IoU 0.65: nan
2025-07-27 01:36:21,620 - DEBUG - Loaded collision time for BConcave+BConvex+3900_flipped at IoU 0.7: nan
2025-07-27 01:36:21,622 - DEBUG - Loaded collision time for BConcave+BConvex+3900_flipped at IoU 0.75: nan
2025-07-27 01:36:21,625 - DEBUG - Loaded collision time for BConcave+BConvex+3900_flipped at IoU 0.8: nan
2025-07-27 01:36:21,625 - DEBUG - Loaded collision time for BConcave+BConvex+3900_flipped at IoU 0.85: nan
2025-07-27 01:36:21,626 - DEBUG - Loaded collision time for BConcave+BConvex+3900_flipped at IoU 0.9: nan
2025-07-27 01:36:21,628 - DEBUG - Loaded collision time for BConcave+BConvex+3900_flipped at IoU 0.95: nan
2025-07-27 01:36:21,628 - INFO - Processing video: BConcave+BConvex+4100
2025-07-27 01:36:21,631 - INFO - Video BConcave+BConvex+4100 already processed (found segformer_model-BConcave+BConvex+4100.mp4), skipping video processing...
2025-07-27 01:36:21,643 - INFO - VanillaSegmentationSaver initialized with output dir: /home/projects/bagon/andreyg/Projects/Object_reps_neural/Programming/hugging_face/model_experiments/segformer/exp2TTC_segformer-b2-finetuned-ade-512-512/processed_videos/segformer_model-BConcave+BConvex+4100/org_segmentation
2025-07-27 01:36:21,648 - INFO - All collision results already exist for BConcave+BConvex+4100
2025-07-27 01:36:21,648 - DEBUG - Loaded collision time for BConcave+BConvex+4100 at IoU 0.05: 4450.0
2025-07-27 01:36:21,649 - DEBUG - Loaded collision time for BConcave+BConvex+4100 at IoU 0.1: 4666.666666666667
2025-07-27 01:36:21,650 - DEBUG - Loaded collision time for BConcave+BConvex+4100 at IoU 0.15: 4850.0
2025-07-27 01:36:21,651 - DEBUG - Loaded collision time for BConcave+BConvex+4100 at IoU 0.2: 5183.333333333334
2025-07-27 01:36:21,651 - DEBUG - Loaded collision time for BConcave+BConvex+4100 at IoU 0.25: nan
2025-07-27 01:36:21,652 - DEBUG - Loaded collision time for BConcave+BConvex+4100 at IoU 0.3: nan
2025-07-27 01:36:21,653 - DEBUG - Loaded collision time for BConcave+BConvex+4100 at IoU 0.35: nan
2025-07-27 01:36:21,654 - DEBUG - Loaded collision time for BConcave+BConvex+4100 at IoU 0.4: nan
2025-07-27 01:36:21,655 - DEBUG - Loaded collision time for BConcave+BConvex+4100 at IoU 0.45: nan
2025-07-27 01:36:21,656 - DEBUG - Loaded collision time for BConcave+BConvex+4100 at IoU 0.5: nan
2025-07-27 01:36:21,657 - DEBUG - Loaded collision time for BConcave+BConvex+4100 at IoU 0.55: nan
2025-07-27 01:36:21,658 - DEBUG - Loaded collision time for BConcave+BConvex+4100 at IoU 0.6: nan
2025-07-27 01:36:21,659 - DEBUG - Loaded collision time for BConcave+BConvex+4100 at IoU 0.65: nan
2025-07-27 01:36:21,660 - DEBUG - Loaded collision time for BConcave+BConvex+4100 at IoU 0.7: nan
2025-07-27 01:36:21,661 - DEBUG - Loaded collision time for BConcave+BConvex+4100 at IoU 0.75: nan
2025-07-27 01:36:21,662 - DEBUG - Loaded collision time for BConcave+BConvex+4100 at IoU 0.8: nan
2025-07-27 01:36:21,663 - DEBUG - Loaded collision time for BConcave+BConvex+4100 at IoU 0.85: nan
2025-07-27 01:36:21,663 - DEBUG - Loaded collision time for BConcave+BConvex+4100 at IoU 0.9: nan
2025-07-27 01:36:21,664 - DEBUG - Loaded collision time for BConcave+BConvex+4100 at IoU 0.95: nan
2025-07-27 01:36:21,665 - INFO - Processing video: BConcave+BConvex+4300_flipped
2025-07-27 01:36:21,667 - INFO - Video BConcave+BConvex+4300_flipped already processed (found segformer_model-BConcave+BConvex+4300_flipped.mp4), skipping video processing...
2025-07-27 01:36:21,679 - INFO - VanillaSegmentationSaver initialized with output dir: /home/projects/bagon/andreyg/Projects/Object_reps_neural/Programming/hugging_face/model_experiments/segformer/exp2TTC_segformer-b2-finetuned-ade-512-512/processed_videos/segformer_model-BConcave+BConvex+4300_flipped/org_segmentation
2025-07-27 01:36:21,684 - INFO - All collision results already exist for BConcave+BConvex+4300_flipped
2025-07-27 01:36:21,685 - DEBUG - Loaded collision time for BConcave+BConvex+4300_flipped at IoU 0.05: 5450.0
2025-07-27 01:36:21,686 - DEBUG - Loaded collision time for BConcave+BConvex+4300_flipped at IoU 0.1: nan
2025-07-27 01:36:21,687 - DEBUG - Loaded collision time for BConcave+BConvex+4300_flipped at IoU 0.15: nan
2025-07-27 01:36:21,688 - DEBUG - Loaded collision time for BConcave+BConvex+4300_flipped at IoU 0.2: nan
2025-07-27 01:36:21,688 - DEBUG - Loaded collision time for BConcave+BConvex+4300_flipped at IoU 0.25: nan
2025-07-27 01:36:21,689 - DEBUG - Loaded collision time for BConcave+BConvex+4300_flipped at IoU 0.3: nan
2025-07-27 01:36:21,690 - DEBUG - Loaded collision time for BConcave+BConvex+4300_flipped at IoU 0.35: nan
2025-07-27 01:36:21,691 - DEBUG - Loaded collision time for BConcave+BConvex+4300_flipped at IoU 0.4: nan
2025-07-27 01:36:21,692 - DEBUG - Loaded collision time for BConcave+BConvex+4300_flipped at IoU 0.45: nan
2025-07-27 01:36:21,693 - DEBUG - Loaded collision time for BConcave+BConvex+4300_flipped at IoU 0.5: nan
2025-07-27 01:36:21,694 - DEBUG - Loaded collision time for BConcave+BConvex+4300_flipped at IoU 0.55: nan
2025-07-27 01:36:21,695 - DEBUG - Loaded collision time for BConcave+BConvex+4300_flipped at IoU 0.6: nan
2025-07-27 01:36:21,696 - DEBUG - Loaded collision time for BConcave+BConvex+4300_flipped at IoU 0.65: nan
2025-07-27 01:36:21,697 - DEBUG - Loaded collision time for BConcave+BConvex+4300_flipped at IoU 0.7: nan
2025-07-27 01:36:21,698 - DEBUG - Loaded collision time for BConcave+BConvex+4300_flipped at IoU 0.75: nan
2025-07-27 01:36:21,701 - DEBUG - Loaded collision time for BConcave+BConvex+4300_flipped at IoU 0.8: nan
2025-07-27 01:36:21,702 - DEBUG - Loaded collision time for BConcave+BConvex+4300_flipped at IoU 0.85: nan
2025-07-27 01:36:21,703 - DEBUG - Loaded collision time for BConcave+BConvex+4300_flipped at IoU 0.9: nan
2025-07-27 01:36:21,704 - DEBUG - Loaded collision time for BConcave+BConvex+4300_flipped at IoU 0.95: nan
2025-07-27 01:36:21,704 - INFO - Processing video: BConcave+BConvex+4500
2025-07-27 01:36:21,706 - INFO - Video BConcave+BConvex+4500 already processed (found segformer_model-BConcave+BConvex+4500.mp4), skipping video processing...
2025-07-27 01:36:21,720 - INFO - VanillaSegmentationSaver initialized with output dir: /home/projects/bagon/andreyg/Projects/Object_reps_neural/Programming/hugging_face/model_experiments/segformer/exp2TTC_segformer-b2-finetuned-ade-512-512/processed_videos/segformer_model-BConcave+BConvex+4500/org_segmentation
2025-07-27 01:36:21,725 - INFO - All collision results already exist for BConcave+BConvex+4500
2025-07-27 01:36:21,726 - DEBUG - Loaded collision time for BConcave+BConvex+4500 at IoU 0.05: 4850.0
2025-07-27 01:36:21,727 - DEBUG - Loaded collision time for BConcave+BConvex+4500 at IoU 0.1: 5066.666666666666
2025-07-27 01:36:21,728 - DEBUG - Loaded collision time for BConcave+BConvex+4500 at IoU 0.15: 5233.333333333333
2025-07-27 01:36:21,729 - DEBUG - Loaded collision time for BConcave+BConvex+4500 at IoU 0.2: nan
2025-07-27 01:36:21,730 - DEBUG - Loaded collision time for BConcave+BConvex+4500 at IoU 0.25: nan
2025-07-27 01:36:21,731 - DEBUG - Loaded collision time for BConcave+BConvex+4500 at IoU 0.3: nan
2025-07-27 01:36:21,732 - DEBUG - Loaded collision time for BConcave+BConvex+4500 at IoU 0.35: nan
2025-07-27 01:36:21,733 - DEBUG - Loaded collision time for BConcave+BConvex+4500 at IoU 0.4: nan
2025-07-27 01:36:21,734 - DEBUG - Loaded collision time for BConcave+BConvex+4500 at IoU 0.45: nan
2025-07-27 01:36:21,735 - DEBUG - Loaded collision time for BConcave+BConvex+4500 at IoU 0.5: nan
2025-07-27 01:36:21,736 - DEBUG - Loaded collision time for BConcave+BConvex+4500 at IoU 0.55: nan
2025-07-27 01:36:21,736 - DEBUG - Loaded collision time for BConcave+BConvex+4500 at IoU 0.6: nan
2025-07-27 01:36:21,737 - DEBUG - Loaded collision time for BConcave+BConvex+4500 at IoU 0.65: nan
2025-07-27 01:36:21,738 - DEBUG - Loaded collision time for BConcave+BConvex+4500 at IoU 0.7: nan
2025-07-27 01:36:21,739 - DEBUG - Loaded collision time for BConcave+BConvex+4500 at IoU 0.75: nan
2025-07-27 01:36:21,740 - DEBUG - Loaded collision time for BConcave+BConvex+4500 at IoU 0.8: nan
2025-07-27 01:36:21,741 - DEBUG - Loaded collision time for BConcave+BConvex+4500 at IoU 0.85: nan
2025-07-27 01:36:21,742 - DEBUG - Loaded collision time for BConcave+BConvex+4500 at IoU 0.9: nan
2025-07-27 01:36:21,743 - DEBUG - Loaded collision time for BConcave+BConvex+4500 at IoU 0.95: nan
2025-07-27 01:36:21,743 - INFO - Processing video: BConcave+CConcave+3500
2025-07-27 01:36:21,745 - INFO - Video BConcave+CConcave+3500 already processed (found segformer_model-BConcave+CConcave+3500.mp4), skipping video processing...
2025-07-27 01:36:21,759 - INFO - VanillaSegmentationSaver initialized with output dir: /home/projects/bagon/andreyg/Projects/Object_reps_neural/Programming/hugging_face/model_experiments/segformer/exp2TTC_segformer-b2-finetuned-ade-512-512/processed_videos/segformer_model-BConcave+CConcave+3500/org_segmentation
2025-07-27 01:36:21,764 - INFO - All collision results already exist for BConcave+CConcave+3500
2025-07-27 01:36:21,764 - DEBUG - Loaded collision time for BConcave+CConcave+3500 at IoU 0.05: 3733.3333333333335
2025-07-27 01:36:21,765 - DEBUG - Loaded collision time for BConcave+CConcave+3500 at IoU 0.1: 3850.0
2025-07-27 01:36:21,766 - DEBUG - Loaded collision time for BConcave+CConcave+3500 at IoU 0.15: 3950.0
2025-07-27 01:36:21,767 - DEBUG - Loaded collision time for BConcave+CConcave+3500 at IoU 0.2: 4033.333333333333
2025-07-27 01:36:21,768 - DEBUG - Loaded collision time for BConcave+CConcave+3500 at IoU 0.25: 4133.333333333334
2025-07-27 01:36:21,769 - DEBUG - Loaded collision time for BConcave+CConcave+3500 at IoU 0.3: 4200.0
2025-07-27 01:36:21,770 - DEBUG - Loaded collision time for BConcave+CConcave+3500 at IoU 0.35: 4283.333333333333
2025-07-27 01:36:21,771 - DEBUG - Loaded collision time for BConcave+CConcave+3500 at IoU 0.4: nan
2025-07-27 01:36:21,772 - DEBUG - Loaded collision time for BConcave+CConcave+3500 at IoU 0.45: nan
2025-07-27 01:36:21,773 - DEBUG - Loaded collision time for BConcave+CConcave+3500 at IoU 0.5: nan
2025-07-27 01:36:21,774 - DEBUG - Loaded collision time for BConcave+CConcave+3500 at IoU 0.55: nan
2025-07-27 01:36:21,774 - DEBUG - Loaded collision time for BConcave+CConcave+3500 at IoU 0.6: nan
2025-07-27 01:36:21,776 - DEBUG - Loaded collision time for BConcave+CConcave+3500 at IoU 0.65: nan
2025-07-27 01:36:21,776 - DEBUG - Loaded collision time for BConcave+CConcave+3500 at IoU 0.7: nan
2025-07-27 01:36:21,777 - DEBUG - Loaded collision time for BConcave+CConcave+3500 at IoU 0.75: nan
2025-07-27 01:36:21,778 - DEBUG - Loaded collision time for BConcave+CConcave+3500 at IoU 0.8: nan
2025-07-27 01:36:21,779 - DEBUG - Loaded collision time for BConcave+CConcave+3500 at IoU 0.85: nan
2025-07-27 01:36:21,780 - DEBUG - Loaded collision time for BConcave+CConcave+3500 at IoU 0.9: nan
2025-07-27 01:36:21,781 - DEBUG - Loaded collision time for BConcave+CConcave+3500 at IoU 0.95: nan
2025-07-27 01:36:21,781 - INFO - Processing video: BConcave+CConcave+3700_flipped
2025-07-27 01:36:21,783 - INFO - Video BConcave+CConcave+3700_flipped already processed (found segformer_model-BConcave+CConcave+3700_flipped.mp4), skipping video processing...
2025-07-27 01:36:21,796 - INFO - VanillaSegmentationSaver initialized with output dir: /home/projects/bagon/andreyg/Projects/Object_reps_neural/Programming/hugging_face/model_experiments/segformer/exp2TTC_segformer-b2-finetuned-ade-512-512/processed_videos/segformer_model-BConcave+CConcave+3700_flipped/org_segmentation
2025-07-27 01:36:21,801 - INFO - All collision results already exist for BConcave+CConcave+3700_flipped
2025-07-27 01:36:21,802 - DEBUG - Loaded collision time for BConcave+CConcave+3700_flipped at IoU 0.05: 4716.666666666667
2025-07-27 01:36:21,802 - DEBUG - Loaded collision time for BConcave+CConcave+3700_flipped at IoU 0.1: nan
2025-07-27 01:36:21,803 - DEBUG - Loaded collision time for BConcave+CConcave+3700_flipped at IoU 0.15: nan
2025-07-27 01:36:21,804 - DEBUG - Loaded collision time for BConcave+CConcave+3700_flipped at IoU 0.2: nan
2025-07-27 01:36:21,805 - DEBUG - Loaded collision time for BConcave+CConcave+3700_flipped at IoU 0.25: nan
2025-07-27 01:36:21,805 - DEBUG - Loaded collision time for BConcave+CConcave+3700_flipped at IoU 0.3: nan
2025-07-27 01:36:21,806 - DEBUG - Loaded collision time for BConcave+CConcave+3700_flipped at IoU 0.35: nan
2025-07-27 01:36:21,807 - DEBUG - Loaded collision time for BConcave+CConcave+3700_flipped at IoU 0.4: nan
2025-07-27 01:36:21,808 - DEBUG - Loaded collision time for BConcave+CConcave+3700_flipped at IoU 0.45: nan
2025-07-27 01:36:21,809 - DEBUG - Loaded collision time for BConcave+CConcave+3700_flipped at IoU 0.5: nan
2025-07-27 01:36:21,810 - DEBUG - Loaded collision time for BConcave+CConcave+3700_flipped at IoU 0.55: nan
2025-07-27 01:36:21,810 - DEBUG - Loaded collision time for BConcave+CConcave+3700_flipped at IoU 0.6: nan
2025-07-27 01:36:21,811 - DEBUG - Loaded collision time for BConcave+CConcave+3700_flipped at IoU 0.65: nan
2025-07-27 01:36:21,812 - DEBUG - Loaded collision time for BConcave+CConcave+3700_flipped at IoU 0.7: nan
2025-07-27 01:36:21,813 - DEBUG - Loaded collision time for BConcave+CConcave+3700_flipped at IoU 0.75: nan
2025-07-27 01:36:21,814 - DEBUG - Loaded collision time for BConcave+CConcave+3700_flipped at IoU 0.8: nan
2025-07-27 01:36:21,815 - DEBUG - Loaded collision time for BConcave+CConcave+3700_flipped at IoU 0.85: nan
2025-07-27 01:36:21,816 - DEBUG - Loaded collision time for BConcave+CConcave+3700_flipped at IoU 0.9: nan
2025-07-27 01:36:21,817 - DEBUG - Loaded collision time for BConcave+CConcave+3700_flipped at IoU 0.95: nan
2025-07-27 01:36:21,817 - INFO - Processing video: BConcave+CConcave+3900
2025-07-27 01:36:21,819 - INFO - Video BConcave+CConcave+3900 already processed (found segformer_model-BConcave+CConcave+3900.mp4), skipping video processing...
2025-07-27 01:36:21,832 - INFO - VanillaSegmentationSaver initialized with output dir: /home/projects/bagon/andreyg/Projects/Object_reps_neural/Programming/hugging_face/model_experiments/segformer/exp2TTC_segformer-b2-finetuned-ade-512-512/processed_videos/segformer_model-BConcave+CConcave+3900/org_segmentation
2025-07-27 01:36:21,837 - INFO - All collision results already exist for BConcave+CConcave+3900
2025-07-27 01:36:21,838 - DEBUG - Loaded collision time for BConcave+CConcave+3900 at IoU 0.05: 4150.0
2025-07-27 01:36:21,838 - DEBUG - Loaded collision time for BConcave+CConcave+3900 at IoU 0.1: 4233.333333333333
2025-07-27 01:36:21,839 - DEBUG - Loaded collision time for BConcave+CConcave+3900 at IoU 0.15: 4333.333333333333
2025-07-27 01:36:21,840 - DEBUG - Loaded collision time for BConcave+CConcave+3900 at IoU 0.2: 4383.333333333334
2025-07-27 01:36:21,841 - DEBUG - Loaded collision time for BConcave+CConcave+3900 at IoU 0.25: 4450.0
2025-07-27 01:36:21,842 - DEBUG - Loaded collision time for BConcave+CConcave+3900 at IoU 0.3: 4533.333333333333
2025-07-27 01:36:21,843 - DEBUG - Loaded collision time for BConcave+CConcave+3900 at IoU 0.35: nan
2025-07-27 01:36:21,844 - DEBUG - Loaded collision time for BConcave+CConcave+3900 at IoU 0.4: nan
2025-07-27 01:36:21,845 - DEBUG - Loaded collision time for BConcave+CConcave+3900 at IoU 0.45: nan
2025-07-27 01:36:21,846 - DEBUG - Loaded collision time for BConcave+CConcave+3900 at IoU 0.5: nan
2025-07-27 01:36:21,847 - DEBUG - Loaded collision time for BConcave+CConcave+3900 at IoU 0.55: nan
2025-07-27 01:36:21,848 - DEBUG - Loaded collision time for BConcave+CConcave+3900 at IoU 0.6: nan
2025-07-27 01:36:21,849 - DEBUG - Loaded collision time for BConcave+CConcave+3900 at IoU 0.65: nan
2025-07-27 01:36:21,850 - DEBUG - Loaded collision time for BConcave+CConcave+3900 at IoU 0.7: nan
2025-07-27 01:36:21,851 - DEBUG - Loaded collision time for BConcave+CConcave+3900 at IoU 0.75: nan
2025-07-27 01:36:21,851 - DEBUG - Loaded collision time for BConcave+CConcave+3900 at IoU 0.8: nan
2025-07-27 01:36:21,852 - DEBUG - Loaded collision time for BConcave+CConcave+3900 at IoU 0.85: nan
2025-07-27 01:36:21,853 - DEBUG - Loaded collision time for BConcave+CConcave+3900 at IoU 0.9: nan
2025-07-27 01:36:21,854 - DEBUG - Loaded collision time for BConcave+CConcave+3900 at IoU 0.95: nan
2025-07-27 01:36:21,854 - INFO - Processing video: BConcave+CConcave+4100_flipped
2025-07-27 01:36:21,856 - INFO - Video BConcave+CConcave+4100_flipped already processed (found segformer_model-BConcave+CConcave+4100_flipped.mp4), skipping video processing...
2025-07-27 01:36:21,873 - INFO - VanillaSegmentationSaver initialized with output dir: /home/projects/bagon/andreyg/Projects/Object_reps_neural/Programming/hugging_face/model_experiments/segformer/exp2TTC_segformer-b2-finetuned-ade-512-512/processed_videos/segformer_model-BConcave+CConcave+4100_flipped/org_segmentation
2025-07-27 01:36:21,878 - INFO - All collision results already exist for BConcave+CConcave+4100_flipped
2025-07-27 01:36:21,878 - DEBUG - Loaded collision time for BConcave+CConcave+4100_flipped at IoU 0.05: nan
2025-07-27 01:36:21,879 - DEBUG - Loaded collision time for BConcave+CConcave+4100_flipped at IoU 0.1: nan
2025-07-27 01:36:21,880 - DEBUG - Loaded collision time for BConcave+CConcave+4100_flipped at IoU 0.15: nan
2025-07-27 01:36:21,881 - DEBUG - Loaded collision time for BConcave+CConcave+4100_flipped at IoU 0.2: nan
2025-07-27 01:36:21,882 - DEBUG - Loaded collision time for BConcave+CConcave+4100_flipped at IoU 0.25: nan
2025-07-27 01:36:21,882 - DEBUG - Loaded collision time for BConcave+CConcave+4100_flipped at IoU 0.3: nan
2025-07-27 01:36:21,883 - DEBUG - Loaded collision time for BConcave+CConcave+4100_flipped at IoU 0.35: nan
2025-07-27 01:36:21,884 - DEBUG - Loaded collision time for BConcave+CConcave+4100_flipped at IoU 0.4: nan
2025-07-27 01:36:21,885 - DEBUG - Loaded collision time for BConcave+CConcave+4100_flipped at IoU 0.45: nan
2025-07-27 01:36:21,885 - DEBUG - Loaded collision time for BConcave+CConcave+4100_flipped at IoU 0.5: nan
2025-07-27 01:36:21,886 - DEBUG - Loaded collision time for BConcave+CConcave+4100_flipped at IoU 0.55: nan
2025-07-27 01:36:21,887 - DEBUG - Loaded collision time for BConcave+CConcave+4100_flipped at IoU 0.6: nan
2025-07-27 01:36:21,887 - DEBUG - Loaded collision time for BConcave+CConcave+4100_flipped at IoU 0.65: nan
2025-07-27 01:36:21,888 - DEBUG - Loaded collision time for BConcave+CConcave+4100_flipped at IoU 0.7: nan
2025-07-27 01:36:21,889 - DEBUG - Loaded collision time for BConcave+CConcave+4100_flipped at IoU 0.75: nan
2025-07-27 01:36:21,890 - DEBUG - Loaded collision time for BConcave+CConcave+4100_flipped at IoU 0.8: nan
2025-07-27 01:36:21,890 - DEBUG - Loaded collision time for BConcave+CConcave+4100_flipped at IoU 0.85: nan
2025-07-27 01:36:21,891 - DEBUG - Loaded collision time for BConcave+CConcave+4100_flipped at IoU 0.9: nan
2025-07-27 01:36:21,892 - DEBUG - Loaded collision time for BConcave+CConcave+4100_flipped at IoU 0.95: nan
2025-07-27 01:36:21,892 - INFO - Processing video: BConcave+CConcave+4300
2025-07-27 01:36:21,894 - INFO - Video BConcave+CConcave+4300 already processed (found segformer_model-BConcave+CConcave+4300.mp4), skipping video processing...
2025-07-27 01:36:21,905 - INFO - VanillaSegmentationSaver initialized with output dir: /home/projects/bagon/andreyg/Projects/Object_reps_neural/Programming/hugging_face/model_experiments/segformer/exp2TTC_segformer-b2-finetuned-ade-512-512/processed_videos/segformer_model-BConcave+CConcave+4300/org_segmentation
2025-07-27 01:36:21,910 - INFO - All collision results already exist for BConcave+CConcave+4300
2025-07-27 01:36:21,910 - DEBUG - Loaded collision time for BConcave+CConcave+4300 at IoU 0.05: 4533.333333333333
2025-07-27 01:36:21,911 - DEBUG - Loaded collision time for BConcave+CConcave+4300 at IoU 0.1: 4633.333333333334
2025-07-27 01:36:21,912 - DEBUG - Loaded collision time for BConcave+CConcave+4300 at IoU 0.15: 4733.333333333333
2025-07-27 01:36:21,913 - DEBUG - Loaded collision time for BConcave+CConcave+4300 at IoU 0.2: 4833.333333333333
2025-07-27 01:36:21,913 - DEBUG - Loaded collision time for BConcave+CConcave+4300 at IoU 0.25: 4916.666666666667
2025-07-27 01:36:21,914 - DEBUG - Loaded collision time for BConcave+CConcave+4300 at IoU 0.3: 5000.0
2025-07-27 01:36:21,915 - DEBUG - Loaded collision time for BConcave+CConcave+4300 at IoU 0.35: 5166.666666666667
2025-07-27 01:36:21,916 - DEBUG - Loaded collision time for BConcave+CConcave+4300 at IoU 0.4: nan
2025-07-27 01:36:21,916 - DEBUG - Loaded collision time for BConcave+CConcave+4300 at IoU 0.45: nan
2025-07-27 01:36:21,917 - DEBUG - Loaded collision time for BConcave+CConcave+4300 at IoU 0.5: nan
2025-07-27 01:36:21,918 - DEBUG - Loaded collision time for BConcave+CConcave+4300 at IoU 0.55: nan
2025-07-27 01:36:21,919 - DEBUG - Loaded collision time for BConcave+CConcave+4300 at IoU 0.6: nan
2025-07-27 01:36:21,919 - DEBUG - Loaded collision time for BConcave+CConcave+4300 at IoU 0.65: nan
2025-07-27 01:36:21,920 - DEBUG - Loaded collision time for BConcave+CConcave+4300 at IoU 0.7: nan
2025-07-27 01:36:21,921 - DEBUG - Loaded collision time for BConcave+CConcave+4300 at IoU 0.75: nan
2025-07-27 01:36:21,922 - DEBUG - Loaded collision time for BConcave+CConcave+4300 at IoU 0.8: nan
2025-07-27 01:36:21,922 - DEBUG - Loaded collision time for BConcave+CConcave+4300 at IoU 0.85: nan
2025-07-27 01:36:21,923 - DEBUG - Loaded collision time for BConcave+CConcave+4300 at IoU 0.9: nan
2025-07-27 01:36:21,924 - DEBUG - Loaded collision time for BConcave+CConcave+4300 at IoU 0.95: nan
2025-07-27 01:36:21,924 - INFO - Processing video: BConcave+CConcave+4500_flipped
2025-07-27 01:36:21,925 - INFO - Video BConcave+CConcave+4500_flipped already processed (found segformer_model-BConcave+CConcave+4500_flipped.mp4), skipping video processing...
2025-07-27 01:36:21,938 - INFO - VanillaSegmentationSaver initialized with output dir: /home/projects/bagon/andreyg/Projects/Object_reps_neural/Programming/hugging_face/model_experiments/segformer/exp2TTC_segformer-b2-finetuned-ade-512-512/processed_videos/segformer_model-BConcave+CConcave+4500_flipped/org_segmentation
2025-07-27 01:36:21,943 - INFO - All collision results already exist for BConcave+CConcave+4500_flipped
2025-07-27 01:36:21,944 - DEBUG - Loaded collision time for BConcave+CConcave+4500_flipped at IoU 0.05: 4750.0
2025-07-27 01:36:21,945 - DEBUG - Loaded collision time for BConcave+CConcave+4500_flipped at IoU 0.1: 4833.333333333333
2025-07-27 01:36:21,946 - DEBUG - Loaded collision time for BConcave+CConcave+4500_flipped at IoU 0.15: 4916.666666666667
2025-07-27 01:36:21,947 - DEBUG - Loaded collision time for BConcave+CConcave+4500_flipped at IoU 0.2: 5083.333333333333
2025-07-27 01:36:21,948 - DEBUG - Loaded collision time for BConcave+CConcave+4500_flipped at IoU 0.25: nan
2025-07-27 01:36:21,948 - DEBUG - Loaded collision time for BConcave+CConcave+4500_flipped at IoU 0.3: nan
2025-07-27 01:36:21,949 - DEBUG - Loaded collision time for BConcave+CConcave+4500_flipped at IoU 0.35: nan
2025-07-27 01:36:21,950 - DEBUG - Loaded collision time for BConcave+CConcave+4500_flipped at IoU 0.4: nan
2025-07-27 01:36:21,951 - DEBUG - Loaded collision time for BConcave+CConcave+4500_flipped at IoU 0.45: nan
2025-07-27 01:36:21,952 - DEBUG - Loaded collision time for BConcave+CConcave+4500_flipped at IoU 0.5: nan
2025-07-27 01:36:21,953 - DEBUG - Loaded collision time for BConcave+CConcave+4500_flipped at IoU 0.55: nan
2025-07-27 01:36:21,954 - DEBUG - Loaded collision time for BConcave+CConcave+4500_flipped at IoU 0.6: nan
2025-07-27 01:36:21,955 - DEBUG - Loaded collision time for BConcave+CConcave+4500_flipped at IoU 0.65: nan
2025-07-27 01:36:21,956 - DEBUG - Loaded collision time for BConcave+CConcave+4500_flipped at IoU 0.7: nan
2025-07-27 01:36:21,957 - DEBUG - Loaded collision time for BConcave+CConcave+4500_flipped at IoU 0.75: nan
2025-07-27 01:36:21,958 - DEBUG - Loaded collision time for BConcave+CConcave+4500_flipped at IoU 0.8: nan
2025-07-27 01:36:21,959 - DEBUG - Loaded collision time for BConcave+CConcave+4500_flipped at IoU 0.85: nan
2025-07-27 01:36:21,960 - DEBUG - Loaded collision time for BConcave+CConcave+4500_flipped at IoU 0.9: nan
2025-07-27 01:36:21,961 - DEBUG - Loaded collision time for BConcave+CConcave+4500_flipped at IoU 0.95: nan
2025-07-27 01:36:21,961 - INFO - Processing video: BConcave+CConvex+3500_flipped
2025-07-27 01:36:21,963 - INFO - Video BConcave+CConvex+3500_flipped already processed (found segformer_model-BConcave+CConvex+3500_flipped.mp4), skipping video processing...
2025-07-27 01:36:21,975 - INFO - VanillaSegmentationSaver initialized with output dir: /home/projects/bagon/andreyg/Projects/Object_reps_neural/Programming/hugging_face/model_experiments/segformer/exp2TTC_segformer-b2-finetuned-ade-512-512/processed_videos/segformer_model-BConcave+CConvex+3500_flipped/org_segmentation
2025-07-27 01:36:21,980 - INFO - All collision results already exist for BConcave+CConvex+3500_flipped
2025-07-27 01:36:21,981 - DEBUG - Loaded collision time for BConcave+CConvex+3500_flipped at IoU 0.05: 3816.666666666667
2025-07-27 01:36:21,982 - DEBUG - Loaded collision time for BConcave+CConvex+3500_flipped at IoU 0.1: 3916.6666666666665
2025-07-27 01:36:21,983 - DEBUG - Loaded collision time for BConcave+CConvex+3500_flipped at IoU 0.15: 4016.6666666666665
2025-07-27 01:36:21,983 - DEBUG - Loaded collision time for BConcave+CConvex+3500_flipped at IoU 0.2: 4100.0
2025-07-27 01:36:21,984 - DEBUG - Loaded collision time for BConcave+CConvex+3500_flipped at IoU 0.25: 4166.666666666667
2025-07-27 01:36:21,985 - DEBUG - Loaded collision time for BConcave+CConvex+3500_flipped at IoU 0.3: 4250.0
2025-07-27 01:36:21,986 - DEBUG - Loaded collision time for BConcave+CConvex+3500_flipped at IoU 0.35: 4333.333333333333
2025-07-27 01:36:21,987 - DEBUG - Loaded collision time for BConcave+CConvex+3500_flipped at IoU 0.4: 4516.666666666667
2025-07-27 01:36:21,988 - DEBUG - Loaded collision time for BConcave+CConvex+3500_flipped at IoU 0.45: nan
2025-07-27 01:36:21,989 - DEBUG - Loaded collision time for BConcave+CConvex+3500_flipped at IoU 0.5: nan
2025-07-27 01:36:21,990 - DEBUG - Loaded collision time for BConcave+CConvex+3500_flipped at IoU 0.55: nan
2025-07-27 01:36:21,991 - DEBUG - Loaded collision time for BConcave+CConvex+3500_flipped at IoU 0.6: nan
2025-07-27 01:36:21,992 - DEBUG - Loaded collision time for BConcave+CConvex+3500_flipped at IoU 0.65: nan
2025-07-27 01:36:21,993 - DEBUG - Loaded collision time for BConcave+CConvex+3500_flipped at IoU 0.7: nan
2025-07-27 01:36:21,993 - DEBUG - Loaded collision time for BConcave+CConvex+3500_flipped at IoU 0.75: nan
2025-07-27 01:36:21,994 - DEBUG - Loaded collision time for BConcave+CConvex+3500_flipped at IoU 0.8: nan
2025-07-27 01:36:21,995 - DEBUG - Loaded collision time for BConcave+CConvex+3500_flipped at IoU 0.85: nan
2025-07-27 01:36:21,996 - DEBUG - Loaded collision time for BConcave+CConvex+3500_flipped at IoU 0.9: nan
2025-07-27 01:36:21,997 - DEBUG - Loaded collision time for BConcave+CConvex+3500_flipped at IoU 0.95: nan
2025-07-27 01:36:21,997 - INFO - Processing video: BConcave+CConvex+3700
2025-07-27 01:36:21,999 - INFO - Video BConcave+CConvex+3700 already processed (found segformer_model-BConcave+CConvex+3700.mp4), skipping video processing...
2025-07-27 01:36:22,010 - INFO - VanillaSegmentationSaver initialized with output dir: /home/projects/bagon/andreyg/Projects/Object_reps_neural/Programming/hugging_face/model_experiments/segformer/exp2TTC_segformer-b2-finetuned-ade-512-512/processed_videos/segformer_model-BConcave+CConvex+3700/org_segmentation
2025-07-27 01:36:22,016 - INFO - All collision results already exist for BConcave+CConvex+3700
2025-07-27 01:36:22,017 - DEBUG - Loaded collision time for BConcave+CConvex+3700 at IoU 0.05: 3983.3333333333335
2025-07-27 01:36:22,018 - DEBUG - Loaded collision time for BConcave+CConvex+3700 at IoU 0.1: 4116.666666666666
2025-07-27 01:36:22,019 - DEBUG - Loaded collision time for BConcave+CConvex+3700 at IoU 0.15: 4216.666666666667
2025-07-27 01:36:22,020 - DEBUG - Loaded collision time for BConcave+CConvex+3700 at IoU 0.2: 4316.666666666666
2025-07-27 01:36:22,020 - DEBUG - Loaded collision time for BConcave+CConvex+3700 at IoU 0.25: 4383.333333333334
2025-07-27 01:36:22,021 - DEBUG - Loaded collision time for BConcave+CConvex+3700 at IoU 0.3: 4466.666666666667
2025-07-27 01:36:22,022 - DEBUG - Loaded collision time for BConcave+CConvex+3700 at IoU 0.35: 4566.666666666666
2025-07-27 01:36:22,023 - DEBUG - Loaded collision time for BConcave+CConvex+3700 at IoU 0.4: nan
2025-07-27 01:36:22,024 - DEBUG - Loaded collision time for BConcave+CConvex+3700 at IoU 0.45: nan
2025-07-27 01:36:22,025 - DEBUG - Loaded collision time for BConcave+CConvex+3700 at IoU 0.5: nan
2025-07-27 01:36:22,026 - DEBUG - Loaded collision time for BConcave+CConvex+3700 at IoU 0.55: nan
2025-07-27 01:36:22,027 - DEBUG - Loaded collision time for BConcave+CConvex+3700 at IoU 0.6: nan
2025-07-27 01:36:22,028 - DEBUG - Loaded collision time for BConcave+CConvex+3700 at IoU 0.65: nan
2025-07-27 01:36:22,029 - DEBUG - Loaded collision time for BConcave+CConvex+3700 at IoU 0.7: nan
2025-07-27 01:36:22,029 - DEBUG - Loaded collision time for BConcave+CConvex+3700 at IoU 0.75: nan
2025-07-27 01:36:22,031 - DEBUG - Loaded collision time for BConcave+CConvex+3700 at IoU 0.8: nan
2025-07-27 01:36:22,031 - DEBUG - Loaded collision time for BConcave+CConvex+3700 at IoU 0.85: nan
2025-07-27 01:36:22,032 - DEBUG - Loaded collision time for BConcave+CConvex+3700 at IoU 0.9: nan
2025-07-27 01:36:22,033 - DEBUG - Loaded collision time for BConcave+CConvex+3700 at IoU 0.95: nan
2025-07-27 01:36:22,033 - INFO - Processing video: BConcave+CConvex+3900_flipped
2025-07-27 01:36:22,035 - INFO - Video BConcave+CConvex+3900_flipped already processed (found segformer_model-BConcave+CConvex+3900_flipped.mp4), skipping video processing...
2025-07-27 01:36:22,048 - INFO - VanillaSegmentationSaver initialized with output dir: /home/projects/bagon/andreyg/Projects/Object_reps_neural/Programming/hugging_face/model_experiments/segformer/exp2TTC_segformer-b2-finetuned-ade-512-512/processed_videos/segformer_model-BConcave+CConvex+3900_flipped/org_segmentation
2025-07-27 01:36:22,053 - INFO - All collision results already exist for BConcave+CConvex+3900_flipped
2025-07-27 01:36:22,054 - DEBUG - Loaded collision time for BConcave+CConvex+3900_flipped at IoU 0.05: 4233.333333333333
2025-07-27 01:36:22,055 - DEBUG - Loaded collision time for BConcave+CConvex+3900_flipped at IoU 0.1: 4366.666666666666
2025-07-27 01:36:22,056 - DEBUG - Loaded collision time for BConcave+CConvex+3900_flipped at IoU 0.15: 4500.0
2025-07-27 01:36:22,057 - DEBUG - Loaded collision time for BConcave+CConvex+3900_flipped at IoU 0.2: 4600.0
2025-07-27 01:36:22,058 - DEBUG - Loaded collision time for BConcave+CConvex+3900_flipped at IoU 0.25: 4700.0
2025-07-27 01:36:22,059 - DEBUG - Loaded collision time for BConcave+CConvex+3900_flipped at IoU 0.3: 4850.0
2025-07-27 01:36:22,059 - DEBUG - Loaded collision time for BConcave+CConvex+3900_flipped at IoU 0.35: nan
2025-07-27 01:36:22,060 - DEBUG - Loaded collision time for BConcave+CConvex+3900_flipped at IoU 0.4: nan
2025-07-27 01:36:22,061 - DEBUG - Loaded collision time for BConcave+CConvex+3900_flipped at IoU 0.45: nan
2025-07-27 01:36:22,062 - DEBUG - Loaded collision time for BConcave+CConvex+3900_flipped at IoU 0.5: nan
2025-07-27 01:36:22,063 - DEBUG - Loaded collision time for BConcave+CConvex+3900_flipped at IoU 0.55: nan
2025-07-27 01:36:22,064 - DEBUG - Loaded collision time for BConcave+CConvex+3900_flipped at IoU 0.6: nan
2025-07-27 01:36:22,065 - DEBUG - Loaded collision time for BConcave+CConvex+3900_flipped at IoU 0.65: nan
2025-07-27 01:36:22,066 - DEBUG - Loaded collision time for BConcave+CConvex+3900_flipped at IoU 0.7: nan
2025-07-27 01:36:22,067 - DEBUG - Loaded collision time for BConcave+CConvex+3900_flipped at IoU 0.75: nan
2025-07-27 01:36:22,068 - DEBUG - Loaded collision time for BConcave+CConvex+3900_flipped at IoU 0.8: nan
2025-07-27 01:36:22,068 - DEBUG - Loaded collision time for BConcave+CConvex+3900_flipped at IoU 0.85: nan
2025-07-27 01:36:22,069 - DEBUG - Loaded collision time for BConcave+CConvex+3900_flipped at IoU 0.9: nan
2025-07-27 01:36:22,070 - DEBUG - Loaded collision time for BConcave+CConvex+3900_flipped at IoU 0.95: nan
2025-07-27 01:36:22,070 - INFO - Processing video: BConcave+CConvex+4100
2025-07-27 01:36:22,072 - INFO - Video BConcave+CConvex+4100 already processed (found segformer_model-BConcave+CConvex+4100.mp4), skipping video processing...
2025-07-27 01:36:22,087 - INFO - VanillaSegmentationSaver initialized with output dir: /home/projects/bagon/andreyg/Projects/Object_reps_neural/Programming/hugging_face/model_experiments/segformer/exp2TTC_segformer-b2-finetuned-ade-512-512/processed_videos/segformer_model-BConcave+CConvex+4100/org_segmentation
2025-07-27 01:36:22,092 - INFO - All collision results already exist for BConcave+CConvex+4100
2025-07-27 01:36:22,093 - DEBUG - Loaded collision time for BConcave+CConvex+4100 at IoU 0.05: 4416.666666666667
2025-07-27 01:36:22,094 - DEBUG - Loaded collision time for BConcave+CConvex+4100 at IoU 0.1: 4566.666666666666
2025-07-27 01:36:22,095 - DEBUG - Loaded collision time for BConcave+CConvex+4100 at IoU 0.15: 4666.666666666667
2025-07-27 01:36:22,096 - DEBUG - Loaded collision time for BConcave+CConvex+4100 at IoU 0.2: 4750.0
2025-07-27 01:36:22,097 - DEBUG - Loaded collision time for BConcave+CConvex+4100 at IoU 0.25: 4816.666666666666
2025-07-27 01:36:22,098 - DEBUG - Loaded collision time for BConcave+CConvex+4100 at IoU 0.3: 4900.0
2025-07-27 01:36:22,099 - DEBUG - Loaded collision time for BConcave+CConvex+4100 at IoU 0.35: 5016.666666666667
2025-07-27 01:36:22,100 - DEBUG - Loaded collision time for BConcave+CConvex+4100 at IoU 0.4: nan
2025-07-27 01:36:22,101 - DEBUG - Loaded collision time for BConcave+CConvex+4100 at IoU 0.45: nan
2025-07-27 01:36:22,102 - DEBUG - Loaded collision time for BConcave+CConvex+4100 at IoU 0.5: nan
2025-07-27 01:36:22,103 - DEBUG - Loaded collision time for BConcave+CConvex+4100 at IoU 0.55: nan
2025-07-27 01:36:22,104 - DEBUG - Loaded collision time for BConcave+CConvex+4100 at IoU 0.6: nan
2025-07-27 01:36:22,105 - DEBUG - Loaded collision time for BConcave+CConvex+4100 at IoU 0.65: nan
2025-07-27 01:36:22,106 - DEBUG - Loaded collision time for BConcave+CConvex+4100 at IoU 0.7: nan
2025-07-27 01:36:22,107 - DEBUG - Loaded collision time for BConcave+CConvex+4100 at IoU 0.75: nan
2025-07-27 01:36:22,108 - DEBUG - Loaded collision time for BConcave+CConvex+4100 at IoU 0.8: nan
2025-07-27 01:36:22,109 - DEBUG - Loaded collision time for BConcave+CConvex+4100 at IoU 0.85: nan
2025-07-27 01:36:22,110 - DEBUG - Loaded collision time for BConcave+CConvex+4100 at IoU 0.9: nan
2025-07-27 01:36:22,111 - DEBUG - Loaded collision time for BConcave+CConvex+4100 at IoU 0.95: nan
2025-07-27 01:36:22,111 - INFO - Processing video: BConcave+CConvex+4300_flipped
2025-07-27 01:36:22,113 - INFO - Video BConcave+CConvex+4300_flipped already processed (found segformer_model-BConcave+CConvex+4300_flipped.mp4), skipping video processing...
2025-07-27 01:36:22,126 - INFO - VanillaSegmentationSaver initialized with output dir: /home/projects/bagon/andreyg/Projects/Object_reps_neural/Programming/hugging_face/model_experiments/segformer/exp2TTC_segformer-b2-finetuned-ade-512-512/processed_videos/segformer_model-BConcave+CConvex+4300_flipped/org_segmentation
2025-07-27 01:36:22,132 - INFO - All collision results already exist for BConcave+CConvex+4300_flipped
2025-07-27 01:36:22,133 - DEBUG - Loaded collision time for BConcave+CConvex+4300_flipped at IoU 0.05: nan
2025-07-27 01:36:22,134 - DEBUG - Loaded collision time for BConcave+CConvex+4300_flipped at IoU 0.1: nan
2025-07-27 01:36:22,135 - DEBUG - Loaded collision time for BConcave+CConvex+4300_flipped at IoU 0.15: nan
2025-07-27 01:36:22,136 - DEBUG - Loaded collision time for BConcave+CConvex+4300_flipped at IoU 0.2: nan
2025-07-27 01:36:22,137 - DEBUG - Loaded collision time for BConcave+CConvex+4300_flipped at IoU 0.25: nan
2025-07-27 01:36:22,138 - DEBUG - Loaded collision time for BConcave+CConvex+4300_flipped at IoU 0.3: nan
2025-07-27 01:36:22,139 - DEBUG - Loaded collision time for BConcave+CConvex+4300_flipped at IoU 0.35: nan
2025-07-27 01:36:22,140 - DEBUG - Loaded collision time for BConcave+CConvex+4300_flipped at IoU 0.4: nan
2025-07-27 01:36:22,141 - DEBUG - Loaded collision time for BConcave+CConvex+4300_flipped at IoU 0.45: nan
2025-07-27 01:36:22,141 - DEBUG - Loaded collision time for BConcave+CConvex+4300_flipped at IoU 0.5: nan
2025-07-27 01:36:22,142 - DEBUG - Loaded collision time for BConcave+CConvex+4300_flipped at IoU 0.55: nan
2025-07-27 01:36:22,143 - DEBUG - Loaded collision time for BConcave+CConvex+4300_flipped at IoU 0.6: nan
2025-07-27 01:36:22,144 - DEBUG - Loaded collision time for BConcave+CConvex+4300_flipped at IoU 0.65: nan
2025-07-27 01:36:22,145 - DEBUG - Loaded collision time for BConcave+CConvex+4300_flipped at IoU 0.7: nan
2025-07-27 01:36:22,146 - DEBUG - Loaded collision time for BConcave+CConvex+4300_flipped at IoU 0.75: nan
2025-07-27 01:36:22,147 - DEBUG - Loaded collision time for BConcave+CConvex+4300_flipped at IoU 0.8: nan
2025-07-27 01:36:22,148 - DEBUG - Loaded collision time for BConcave+CConvex+4300_flipped at IoU 0.85: nan
2025-07-27 01:36:22,149 - DEBUG - Loaded collision time for BConcave+CConvex+4300_flipped at IoU 0.9: nan
2025-07-27 01:36:22,150 - DEBUG - Loaded collision time for BConcave+CConvex+4300_flipped at IoU 0.95: nan
2025-07-27 01:36:22,150 - INFO - Processing video: BConcave+CConvex+4500
2025-07-27 01:36:22,152 - INFO - Video BConcave+CConvex+4500 already processed (found segformer_model-BConcave+CConvex+4500.mp4), skipping video processing...
2025-07-27 01:36:22,165 - INFO - VanillaSegmentationSaver initialized with output dir: /home/projects/bagon/andreyg/Projects/Object_reps_neural/Programming/hugging_face/model_experiments/segformer/exp2TTC_segformer-b2-finetuned-ade-512-512/processed_videos/segformer_model-BConcave+CConvex+4500/org_segmentation
2025-07-27 01:36:22,170 - INFO - All collision results already exist for BConcave+CConvex+4500
2025-07-27 01:36:22,171 - DEBUG - Loaded collision time for BConcave+CConvex+4500 at IoU 0.05: 4800.0
2025-07-27 01:36:22,172 - DEBUG - Loaded collision time for BConcave+CConvex+4500 at IoU 0.1: 4933.333333333334
2025-07-27 01:36:22,173 - DEBUG - Loaded collision time for BConcave+CConvex+4500 at IoU 0.15: 5033.333333333333
2025-07-27 01:36:22,174 - DEBUG - Loaded collision time for BConcave+CConvex+4500 at IoU 0.2: 5133.333333333334
2025-07-27 01:36:22,175 - DEBUG - Loaded collision time for BConcave+CConvex+4500 at IoU 0.25: 5200.0
2025-07-27 01:36:22,176 - DEBUG - Loaded collision time for BConcave+CConvex+4500 at IoU 0.3: 5283.333333333333
2025-07-27 01:36:22,177 - DEBUG - Loaded collision time for BConcave+CConvex+4500 at IoU 0.35: 5450.0
2025-07-27 01:36:22,178 - DEBUG - Loaded collision time for BConcave+CConvex+4500 at IoU 0.4: nan
2025-07-27 01:36:22,179 - DEBUG - Loaded collision time for BConcave+CConvex+4500 at IoU 0.45: nan
2025-07-27 01:36:22,180 - DEBUG - Loaded collision time for BConcave+CConvex+4500 at IoU 0.5: nan
2025-07-27 01:36:22,181 - DEBUG - Loaded collision time for BConcave+CConvex+4500 at IoU 0.55: nan
2025-07-27 01:36:22,182 - DEBUG - Loaded collision time for BConcave+CConvex+4500 at IoU 0.6: nan
2025-07-27 01:36:22,183 - DEBUG - Loaded collision time for BConcave+CConvex+4500 at IoU 0.65: nan
2025-07-27 01:36:22,184 - DEBUG - Loaded collision time for BConcave+CConvex+4500 at IoU 0.7: nan
2025-07-27 01:36:22,185 - DEBUG - Loaded collision time for BConcave+CConvex+4500 at IoU 0.75: nan
2025-07-27 01:36:22,186 - DEBUG - Loaded collision time for BConcave+CConvex+4500 at IoU 0.8: nan
2025-07-27 01:36:22,187 - DEBUG - Loaded collision time for BConcave+CConvex+4500 at IoU 0.85: nan
2025-07-27 01:36:22,188 - DEBUG - Loaded collision time for BConcave+CConvex+4500 at IoU 0.9: nan
2025-07-27 01:36:22,189 - DEBUG - Loaded collision time for BConcave+CConvex+4500 at IoU 0.95: nan
2025-07-27 01:36:22,189 - INFO - Processing video: BConcave+DConcave+3500
2025-07-27 01:36:22,191 - INFO - Video BConcave+DConcave+3500 already processed (found segformer_model-BConcave+DConcave+3500.mp4), skipping video processing...
2025-07-27 01:36:22,204 - INFO - VanillaSegmentationSaver initialized with output dir: /home/projects/bagon/andreyg/Projects/Object_reps_neural/Programming/hugging_face/model_experiments/segformer/exp2TTC_segformer-b2-finetuned-ade-512-512/processed_videos/segformer_model-BConcave+DConcave+3500/org_segmentation
2025-07-27 01:36:22,209 - INFO - All collision results already exist for BConcave+DConcave+3500
2025-07-27 01:36:22,210 - DEBUG - Loaded collision time for BConcave+DConcave+3500 at IoU 0.05: nan
2025-07-27 01:36:22,211 - DEBUG - Loaded collision time for BConcave+DConcave+3500 at IoU 0.1: nan
2025-07-27 01:36:22,212 - DEBUG - Loaded collision time for BConcave+DConcave+3500 at IoU 0.15: nan
2025-07-27 01:36:22,213 - DEBUG - Loaded collision time for BConcave+DConcave+3500 at IoU 0.2: nan
2025-07-27 01:36:22,214 - DEBUG - Loaded collision time for BConcave+DConcave+3500 at IoU 0.25: nan
2025-07-27 01:36:22,215 - DEBUG - Loaded collision time for BConcave+DConcave+3500 at IoU 0.3: nan
2025-07-27 01:36:22,216 - DEBUG - Loaded collision time for BConcave+DConcave+3500 at IoU 0.35: nan
2025-07-27 01:36:22,217 - DEBUG - Loaded collision time for BConcave+DConcave+3500 at IoU 0.4: nan
2025-07-27 01:36:22,218 - DEBUG - Loaded collision time for BConcave+DConcave+3500 at IoU 0.45: nan
2025-07-27 01:36:22,219 - DEBUG - Loaded collision time for BConcave+DConcave+3500 at IoU 0.5: nan
2025-07-27 01:36:22,220 - DEBUG - Loaded collision time for BConcave+DConcave+3500 at IoU 0.55: nan
2025-07-27 01:36:22,221 - DEBUG - Loaded collision time for BConcave+DConcave+3500 at IoU 0.6: nan
2025-07-27 01:36:22,222 - DEBUG - Loaded collision time for BConcave+DConcave+3500 at IoU 0.65: nan
2025-07-27 01:36:22,223 - DEBUG - Loaded collision time for BConcave+DConcave+3500 at IoU 0.7: nan
2025-07-27 01:36:22,224 - DEBUG - Loaded collision time for BConcave+DConcave+3500 at IoU 0.75: nan
2025-07-27 01:36:22,225 - DEBUG - Loaded collision time for BConcave+DConcave+3500 at IoU 0.8: nan
2025-07-27 01:36:22,226 - DEBUG - Loaded collision time for BConcave+DConcave+3500 at IoU 0.85: nan
2025-07-27 01:36:22,227 - DEBUG - Loaded collision time for BConcave+DConcave+3500 at IoU 0.9: nan
2025-07-27 01:36:22,228 - DEBUG - Loaded collision time for BConcave+DConcave+3500 at IoU 0.95: nan
2025-07-27 01:36:22,228 - INFO - Processing video: BConcave+DConcave+3700_flipped
2025-07-27 01:36:22,230 - INFO - Video BConcave+DConcave+3700_flipped already processed (found segformer_model-BConcave+DConcave+3700_flipped.mp4), skipping video processing...
2025-07-27 01:36:22,243 - INFO - VanillaSegmentationSaver initialized with output dir: /home/projects/bagon/andreyg/Projects/Object_reps_neural/Programming/hugging_face/model_experiments/segformer/exp2TTC_segformer-b2-finetuned-ade-512-512/processed_videos/segformer_model-BConcave+DConcave+3700_flipped/org_segmentation
2025-07-27 01:36:22,248 - INFO - All collision results already exist for BConcave+DConcave+3700_flipped
2025-07-27 01:36:22,249 - DEBUG - Loaded collision time for BConcave+DConcave+3700_flipped at IoU 0.05: 3950.0
2025-07-27 01:36:22,250 - DEBUG - Loaded collision time for BConcave+DConcave+3700_flipped at IoU 0.1: 4016.6666666666665
2025-07-27 01:36:22,251 - DEBUG - Loaded collision time for BConcave+DConcave+3700_flipped at IoU 0.15: 4083.333333333333
2025-07-27 01:36:22,252 - DEBUG - Loaded collision time for BConcave+DConcave+3700_flipped at IoU 0.2: 4166.666666666667
2025-07-27 01:36:22,252 - DEBUG - Loaded collision time for BConcave+DConcave+3700_flipped at IoU 0.25: 4233.333333333333
2025-07-27 01:36:22,253 - DEBUG - Loaded collision time for BConcave+DConcave+3700_flipped at IoU 0.3: 4300.0
2025-07-27 01:36:22,254 - DEBUG - Loaded collision time for BConcave+DConcave+3700_flipped at IoU 0.35: 4366.666666666666
2025-07-27 01:36:22,255 - DEBUG - Loaded collision time for BConcave+DConcave+3700_flipped at IoU 0.4: 4433.333333333334
2025-07-27 01:36:22,256 - DEBUG - Loaded collision time for BConcave+DConcave+3700_flipped at IoU 0.45: nan
2025-07-27 01:36:22,257 - DEBUG - Loaded collision time for BConcave+DConcave+3700_flipped at IoU 0.5: nan
2025-07-27 01:36:22,258 - DEBUG - Loaded collision time for BConcave+DConcave+3700_flipped at IoU 0.55: nan
2025-07-27 01:36:22,259 - DEBUG - Loaded collision time for BConcave+DConcave+3700_flipped at IoU 0.6: nan
2025-07-27 01:36:22,260 - DEBUG - Loaded collision time for BConcave+DConcave+3700_flipped at IoU 0.65: nan
2025-07-27 01:36:22,261 - DEBUG - Loaded collision time for BConcave+DConcave+3700_flipped at IoU 0.7: nan
2025-07-27 01:36:22,262 - DEBUG - Loaded collision time for BConcave+DConcave+3700_flipped at IoU 0.75: nan
2025-07-27 01:36:22,262 - DEBUG - Loaded collision time for BConcave+DConcave+3700_flipped at IoU 0.8: nan
2025-07-27 01:36:22,263 - DEBUG - Loaded collision time for BConcave+DConcave+3700_flipped at IoU 0.85: nan
2025-07-27 01:36:22,264 - DEBUG - Loaded collision time for BConcave+DConcave+3700_flipped at IoU 0.9: nan
2025-07-27 01:36:22,265 - DEBUG - Loaded collision time for BConcave+DConcave+3700_flipped at IoU 0.95: nan
2025-07-27 01:36:22,265 - INFO - Processing video: BConcave+DConcave+3900
2025-07-27 01:36:22,268 - INFO - Video BConcave+DConcave+3900 already processed (found segformer_model-BConcave+DConcave+3900.mp4), skipping video processing...
2025-07-27 01:36:22,279 - INFO - VanillaSegmentationSaver initialized with output dir: /home/projects/bagon/andreyg/Projects/Object_reps_neural/Programming/hugging_face/model_experiments/segformer/exp2TTC_segformer-b2-finetuned-ade-512-512/processed_videos/segformer_model-BConcave+DConcave+3900/org_segmentation
2025-07-27 01:36:22,283 - INFO - All collision results already exist for BConcave+DConcave+3900
2025-07-27 01:36:22,284 - DEBUG - Loaded collision time for BConcave+DConcave+3900 at IoU 0.05: 1500.0
2025-07-27 01:36:22,284 - DEBUG - Loaded collision time for BConcave+DConcave+3900 at IoU 0.1: 4166.666666666667
2025-07-27 01:36:22,285 - DEBUG - Loaded collision time for BConcave+DConcave+3900 at IoU 0.15: 4250.0
2025-07-27 01:36:22,286 - DEBUG - Loaded collision time for BConcave+DConcave+3900 at IoU 0.2: 4316.666666666666
2025-07-27 01:36:22,287 - DEBUG - Loaded collision time for BConcave+DConcave+3900 at IoU 0.25: 4383.333333333334
2025-07-27 01:36:22,287 - DEBUG - Loaded collision time for BConcave+DConcave+3900 at IoU 0.3: 4433.333333333334
2025-07-27 01:36:22,288 - DEBUG - Loaded collision time for BConcave+DConcave+3900 at IoU 0.35: 4500.0
2025-07-27 01:36:22,289 - DEBUG - Loaded collision time for BConcave+DConcave+3900 at IoU 0.4: 4566.666666666666
2025-07-27 01:36:22,289 - DEBUG - Loaded collision time for BConcave+DConcave+3900 at IoU 0.45: 4633.333333333334
2025-07-27 01:36:22,290 - DEBUG - Loaded collision time for BConcave+DConcave+3900 at IoU 0.5: nan
2025-07-27 01:36:22,291 - DEBUG - Loaded collision time for BConcave+DConcave+3900 at IoU 0.55: nan
2025-07-27 01:36:22,292 - DEBUG - Loaded collision time for BConcave+DConcave+3900 at IoU 0.6: nan
2025-07-27 01:36:22,292 - DEBUG - Loaded collision time for BConcave+DConcave+3900 at IoU 0.65: nan
2025-07-27 01:36:22,293 - DEBUG - Loaded collision time for BConcave+DConcave+3900 at IoU 0.7: nan
2025-07-27 01:36:22,294 - DEBUG - Loaded collision time for BConcave+DConcave+3900 at IoU 0.75: nan
2025-07-27 01:36:22,294 - DEBUG - Loaded collision time for BConcave+DConcave+3900 at IoU 0.8: nan
2025-07-27 01:36:22,295 - DEBUG - Loaded collision time for BConcave+DConcave+3900 at IoU 0.85: nan
2025-07-27 01:36:22,296 - DEBUG - Loaded collision time for BConcave+DConcave+3900 at IoU 0.9: nan
2025-07-27 01:36:22,296 - DEBUG - Loaded collision time for BConcave+DConcave+3900 at IoU 0.95: nan
2025-07-27 01:36:22,296 - INFO - Processing video: BConcave+DConcave+4100_flipped
2025-07-27 01:36:22,298 - INFO - Video BConcave+DConcave+4100_flipped already processed (found segformer_model-BConcave+DConcave+4100_flipped.mp4), skipping video processing...
2025-07-27 01:36:22,311 - INFO - VanillaSegmentationSaver initialized with output dir: /home/projects/bagon/andreyg/Projects/Object_reps_neural/Programming/hugging_face/model_experiments/segformer/exp2TTC_segformer-b2-finetuned-ade-512-512/processed_videos/segformer_model-BConcave+DConcave+4100_flipped/org_segmentation
2025-07-27 01:36:22,316 - INFO - All collision results already exist for BConcave+DConcave+4100_flipped
2025-07-27 01:36:22,316 - DEBUG - Loaded collision time for BConcave+DConcave+4100_flipped at IoU 0.05: 4316.666666666666
2025-07-27 01:36:22,317 - DEBUG - Loaded collision time for BConcave+DConcave+4100_flipped at IoU 0.1: 4400.0
2025-07-27 01:36:22,318 - DEBUG - Loaded collision time for BConcave+DConcave+4100_flipped at IoU 0.15: 4466.666666666667
2025-07-27 01:36:22,319 - DEBUG - Loaded collision time for BConcave+DConcave+4100_flipped at IoU 0.2: 4533.333333333333
2025-07-27 01:36:22,319 - DEBUG - Loaded collision time for BConcave+DConcave+4100_flipped at IoU 0.25: 4583.333333333333
2025-07-27 01:36:22,320 - DEBUG - Loaded collision time for BConcave+DConcave+4100_flipped at IoU 0.3: 4650.0
2025-07-27 01:36:22,321 - DEBUG - Loaded collision time for BConcave+DConcave+4100_flipped at IoU 0.35: 4700.0
2025-07-27 01:36:22,322 - DEBUG - Loaded collision time for BConcave+DConcave+4100_flipped at IoU 0.4: 4783.333333333333
2025-07-27 01:36:22,323 - DEBUG - Loaded collision time for BConcave+DConcave+4100_flipped at IoU 0.45: 4866.666666666666
2025-07-27 01:36:22,324 - DEBUG - Loaded collision time for BConcave+DConcave+4100_flipped at IoU 0.5: nan
2025-07-27 01:36:22,325 - DEBUG - Loaded collision time for BConcave+DConcave+4100_flipped at IoU 0.55: nan
2025-07-27 01:36:22,325 - DEBUG - Loaded collision time for BConcave+DConcave+4100_flipped at IoU 0.6: nan
2025-07-27 01:36:22,326 - DEBUG - Loaded collision time for BConcave+DConcave+4100_flipped at IoU 0.65: nan
2025-07-27 01:36:22,327 - DEBUG - Loaded collision time for BConcave+DConcave+4100_flipped at IoU 0.7: nan
2025-07-27 01:36:22,328 - DEBUG - Loaded collision time for BConcave+DConcave+4100_flipped at IoU 0.75: nan
2025-07-27 01:36:22,329 - DEBUG - Loaded collision time for BConcave+DConcave+4100_flipped at IoU 0.8: nan
2025-07-27 01:36:22,330 - DEBUG - Loaded collision time for BConcave+DConcave+4100_flipped at IoU 0.85: nan
2025-07-27 01:36:22,331 - DEBUG - Loaded collision time for BConcave+DConcave+4100_flipped at IoU 0.9: nan
2025-07-27 01:36:22,332 - DEBUG - Loaded collision time for BConcave+DConcave+4100_flipped at IoU 0.95: nan
2025-07-27 01:36:22,332 - INFO - Processing video: BConcave+DConcave+4300
2025-07-27 01:36:22,334 - INFO - Video BConcave+DConcave+4300 already processed (found segformer_model-BConcave+DConcave+4300.mp4), skipping video processing...
2025-07-27 01:36:22,348 - INFO - VanillaSegmentationSaver initialized with output dir: /home/projects/bagon/andreyg/Projects/Object_reps_neural/Programming/hugging_face/model_experiments/segformer/exp2TTC_segformer-b2-finetuned-ade-512-512/processed_videos/segformer_model-BConcave+DConcave+4300/org_segmentation
2025-07-27 01:36:22,352 - INFO - All collision results already exist for BConcave+DConcave+4300
2025-07-27 01:36:22,353 - DEBUG - Loaded collision time for BConcave+DConcave+4300 at IoU 0.05: 4666.666666666667
2025-07-27 01:36:22,354 - DEBUG - Loaded collision time for BConcave+DConcave+4300 at IoU 0.1: 4750.0
2025-07-27 01:36:22,355 - DEBUG - Loaded collision time for BConcave+DConcave+4300 at IoU 0.15: 4833.333333333333
2025-07-27 01:36:22,356 - DEBUG - Loaded collision time for BConcave+DConcave+4300 at IoU 0.2: 4950.0
2025-07-27 01:36:22,357 - DEBUG - Loaded collision time for BConcave+DConcave+4300 at IoU 0.25: 5050.0
2025-07-27 01:36:22,357 - DEBUG - Loaded collision time for BConcave+DConcave+4300 at IoU 0.3: nan
2025-07-27 01:36:22,358 - DEBUG - Loaded collision time for BConcave+DConcave+4300 at IoU 0.35: nan
2025-07-27 01:36:22,359 - DEBUG - Loaded collision time for BConcave+DConcave+4300 at IoU 0.4: nan
2025-07-27 01:36:22,360 - DEBUG - Loaded collision time for BConcave+DConcave+4300 at IoU 0.45: nan
2025-07-27 01:36:22,360 - DEBUG - Loaded collision time for BConcave+DConcave+4300 at IoU 0.5: nan
2025-07-27 01:36:22,361 - DEBUG - Loaded collision time for BConcave+DConcave+4300 at IoU 0.55: nan
2025-07-27 01:36:22,362 - DEBUG - Loaded collision time for BConcave+DConcave+4300 at IoU 0.6: nan
2025-07-27 01:36:22,363 - DEBUG - Loaded collision time for BConcave+DConcave+4300 at IoU 0.65: nan
2025-07-27 01:36:22,364 - DEBUG - Loaded collision time for BConcave+DConcave+4300 at IoU 0.7: nan
2025-07-27 01:36:22,365 - DEBUG - Loaded collision time for BConcave+DConcave+4300 at IoU 0.75: nan
2025-07-27 01:36:22,366 - DEBUG - Loaded collision time for BConcave+DConcave+4300 at IoU 0.8: nan
2025-07-27 01:36:22,367 - DEBUG - Loaded collision time for BConcave+DConcave+4300 at IoU 0.85: nan
2025-07-27 01:36:22,367 - DEBUG - Loaded collision time for BConcave+DConcave+4300 at IoU 0.9: nan
2025-07-27 01:36:22,368 - DEBUG - Loaded collision time for BConcave+DConcave+4300 at IoU 0.95: nan
2025-07-27 01:36:22,368 - INFO - Processing video: BConcave+DConcave+4500_flipped
2025-07-27 01:36:22,370 - INFO - Video BConcave+DConcave+4500_flipped already processed (found segformer_model-BConcave+DConcave+4500_flipped.mp4), skipping video processing...
2025-07-27 01:36:22,385 - INFO - VanillaSegmentationSaver initialized with output dir: /home/projects/bagon/andreyg/Projects/Object_reps_neural/Programming/hugging_face/model_experiments/segformer/exp2TTC_segformer-b2-finetuned-ade-512-512/processed_videos/segformer_model-BConcave+DConcave+4500_flipped/org_segmentation
2025-07-27 01:36:22,389 - INFO - All collision results already exist for BConcave+DConcave+4500_flipped
2025-07-27 01:36:22,390 - DEBUG - Loaded collision time for BConcave+DConcave+4500_flipped at IoU 0.05: 4766.666666666667
2025-07-27 01:36:22,391 - DEBUG - Loaded collision time for BConcave+DConcave+4500_flipped at IoU 0.1: 4833.333333333333
2025-07-27 01:36:22,392 - DEBUG - Loaded collision time for BConcave+DConcave+4500_flipped at IoU 0.15: 4900.0
2025-07-27 01:36:22,393 - DEBUG - Loaded collision time for BConcave+DConcave+4500_flipped at IoU 0.2: 4950.0
2025-07-27 01:36:22,394 - DEBUG - Loaded collision time for BConcave+DConcave+4500_flipped at IoU 0.25: 5016.666666666667
2025-07-27 01:36:22,395 - DEBUG - Loaded collision time for BConcave+DConcave+4500_flipped at IoU 0.3: 5066.666666666666
2025-07-27 01:36:22,396 - DEBUG - Loaded collision time for BConcave+DConcave+4500_flipped at IoU 0.35: 5133.333333333334
2025-07-27 01:36:22,397 - DEBUG - Loaded collision time for BConcave+DConcave+4500_flipped at IoU 0.4: 5200.0
2025-07-27 01:36:22,397 - DEBUG - Loaded collision time for BConcave+DConcave+4500_flipped at IoU 0.45: 5283.333333333333
2025-07-27 01:36:22,398 - DEBUG - Loaded collision time for BConcave+DConcave+4500_flipped at IoU 0.5: nan
2025-07-27 01:36:22,399 - DEBUG - Loaded collision time for BConcave+DConcave+4500_flipped at IoU 0.55: nan
2025-07-27 01:36:22,400 - DEBUG - Loaded collision time for BConcave+DConcave+4500_flipped at IoU 0.6: nan
2025-07-27 01:36:22,401 - DEBUG - Loaded collision time for BConcave+DConcave+4500_flipped at IoU 0.65: nan
2025-07-27 01:36:22,402 - DEBUG - Loaded collision time for BConcave+DConcave+4500_flipped at IoU 0.7: nan
2025-07-27 01:36:22,403 - DEBUG - Loaded collision time for BConcave+DConcave+4500_flipped at IoU 0.75: nan
2025-07-27 01:36:22,403 - DEBUG - Loaded collision time for BConcave+DConcave+4500_flipped at IoU 0.8: nan
2025-07-27 01:36:22,404 - DEBUG - Loaded collision time for BConcave+DConcave+4500_flipped at IoU 0.85: nan
2025-07-27 01:36:22,405 - DEBUG - Loaded collision time for BConcave+DConcave+4500_flipped at IoU 0.9: nan
2025-07-27 01:36:22,406 - DEBUG - Loaded collision time for BConcave+DConcave+4500_flipped at IoU 0.95: nan
2025-07-27 01:36:22,406 - INFO - Processing video: BConcave+DConvex+3500_flipped
2025-07-27 01:36:22,409 - INFO - Video BConcave+DConvex+3500_flipped already processed (found segformer_model-BConcave+DConvex+3500_flipped.mp4), skipping video processing...
2025-07-27 01:36:22,426 - INFO - VanillaSegmentationSaver initialized with output dir: /home/projects/bagon/andreyg/Projects/Object_reps_neural/Programming/hugging_face/model_experiments/segformer/exp2TTC_segformer-b2-finetuned-ade-512-512/processed_videos/segformer_model-BConcave+DConvex+3500_flipped/org_segmentation
2025-07-27 01:36:22,431 - INFO - All collision results already exist for BConcave+DConvex+3500_flipped
2025-07-27 01:36:22,432 - DEBUG - Loaded collision time for BConcave+DConvex+3500_flipped at IoU 0.05: 4166.666666666667
2025-07-27 01:36:22,433 - DEBUG - Loaded collision time for BConcave+DConvex+3500_flipped at IoU 0.1: 4266.666666666667
2025-07-27 01:36:22,434 - DEBUG - Loaded collision time for BConcave+DConvex+3500_flipped at IoU 0.15: 4350.0
2025-07-27 01:36:22,435 - DEBUG - Loaded collision time for BConcave+DConvex+3500_flipped at IoU 0.2: 4400.0
2025-07-27 01:36:22,436 - DEBUG - Loaded collision time for BConcave+DConvex+3500_flipped at IoU 0.25: 4466.666666666667
2025-07-27 01:36:22,437 - DEBUG - Loaded collision time for BConcave+DConvex+3500_flipped at IoU 0.3: 4516.666666666667
2025-07-27 01:36:22,437 - DEBUG - Loaded collision time for BConcave+DConvex+3500_flipped at IoU 0.35: 4566.666666666666
2025-07-27 01:36:22,438 - DEBUG - Loaded collision time for BConcave+DConvex+3500_flipped at IoU 0.4: 4650.0
2025-07-27 01:36:22,439 - DEBUG - Loaded collision time for BConcave+DConvex+3500_flipped at IoU 0.45: 4716.666666666667
2025-07-27 01:36:22,440 - DEBUG - Loaded collision time for BConcave+DConvex+3500_flipped at IoU 0.5: nan
2025-07-27 01:36:22,441 - DEBUG - Loaded collision time for BConcave+DConvex+3500_flipped at IoU 0.55: nan
2025-07-27 01:36:22,442 - DEBUG - Loaded collision time for BConcave+DConvex+3500_flipped at IoU 0.6: nan
2025-07-27 01:36:22,443 - DEBUG - Loaded collision time for BConcave+DConvex+3500_flipped at IoU 0.65: nan
2025-07-27 01:36:22,444 - DEBUG - Loaded collision time for BConcave+DConvex+3500_flipped at IoU 0.7: nan
2025-07-27 01:36:22,445 - DEBUG - Loaded collision time for BConcave+DConvex+3500_flipped at IoU 0.75: nan
2025-07-27 01:36:22,446 - DEBUG - Loaded collision time for BConcave+DConvex+3500_flipped at IoU 0.8: nan
2025-07-27 01:36:22,447 - DEBUG - Loaded collision time for BConcave+DConvex+3500_flipped at IoU 0.85: nan
2025-07-27 01:36:22,448 - DEBUG - Loaded collision time for BConcave+DConvex+3500_flipped at IoU 0.9: nan
2025-07-27 01:36:22,448 - DEBUG - Loaded collision time for BConcave+DConvex+3500_flipped at IoU 0.95: nan
2025-07-27 01:36:22,448 - INFO - Processing video: BConcave+DConvex+3700
2025-07-27 01:36:22,451 - INFO - Video BConcave+DConvex+3700 already processed (found segformer_model-BConcave+DConvex+3700.mp4), skipping video processing...
2025-07-27 01:36:22,464 - INFO - VanillaSegmentationSaver initialized with output dir: /home/projects/bagon/andreyg/Projects/Object_reps_neural/Programming/hugging_face/model_experiments/segformer/exp2TTC_segformer-b2-finetuned-ade-512-512/processed_videos/segformer_model-BConcave+DConvex+3700/org_segmentation
2025-07-27 01:36:22,469 - INFO - All collision results already exist for BConcave+DConvex+3700
2025-07-27 01:36:22,470 - DEBUG - Loaded collision time for BConcave+DConvex+3700 at IoU 0.05: 4333.333333333333
2025-07-27 01:36:22,471 - DEBUG - Loaded collision time for BConcave+DConvex+3700 at IoU 0.1: 4416.666666666667
2025-07-27 01:36:22,472 - DEBUG - Loaded collision time for BConcave+DConvex+3700 at IoU 0.15: 4516.666666666667
2025-07-27 01:36:22,473 - DEBUG - Loaded collision time for BConcave+DConvex+3700 at IoU 0.2: 4566.666666666666
2025-07-27 01:36:22,474 - DEBUG - Loaded collision time for BConcave+DConvex+3700 at IoU 0.25: 4633.333333333334
2025-07-27 01:36:22,474 - DEBUG - Loaded collision time for BConcave+DConvex+3700 at IoU 0.3: 4700.0
2025-07-27 01:36:22,475 - DEBUG - Loaded collision time for BConcave+DConvex+3700 at IoU 0.35: 4733.333333333333
2025-07-27 01:36:22,476 - DEBUG - Loaded collision time for BConcave+DConvex+3700 at IoU 0.4: 4766.666666666667
2025-07-27 01:36:22,477 - DEBUG - Loaded collision time for BConcave+DConvex+3700 at IoU 0.45: 4816.666666666666
2025-07-27 01:36:22,478 - DEBUG - Loaded collision time for BConcave+DConvex+3700 at IoU 0.5: 4850.0
2025-07-27 01:36:22,479 - DEBUG - Loaded collision time for BConcave+DConvex+3700 at IoU 0.55: 4933.333333333334
2025-07-27 01:36:22,480 - DEBUG - Loaded collision time for BConcave+DConvex+3700 at IoU 0.6: nan
2025-07-27 01:36:22,481 - DEBUG - Loaded collision time for BConcave+DConvex+3700 at IoU 0.65: nan
2025-07-27 01:36:22,482 - DEBUG - Loaded collision time for BConcave+DConvex+3700 at IoU 0.7: nan
2025-07-27 01:36:22,483 - DEBUG - Loaded collision time for BConcave+DConvex+3700 at IoU 0.75: nan
2025-07-27 01:36:22,484 - DEBUG - Loaded collision time for BConcave+DConvex+3700 at IoU 0.8: nan
2025-07-27 01:36:22,485 - DEBUG - Loaded collision time for BConcave+DConvex+3700 at IoU 0.85: nan
2025-07-27 01:36:22,486 - DEBUG - Loaded collision time for BConcave+DConvex+3700 at IoU 0.9: nan
2025-07-27 01:36:22,487 - DEBUG - Loaded collision time for BConcave+DConvex+3700 at IoU 0.95: nan
2025-07-27 01:36:22,487 - INFO - Processing video: BConcave+DConvex+3900_flipped
2025-07-27 01:36:22,489 - INFO - Video BConcave+DConvex+3900_flipped already processed (found segformer_model-BConcave+DConvex+3900_flipped.mp4), skipping video processing...
2025-07-27 01:36:22,501 - INFO - VanillaSegmentationSaver initialized with output dir: /home/projects/bagon/andreyg/Projects/Object_reps_neural/Programming/hugging_face/model_experiments/segformer/exp2TTC_segformer-b2-finetuned-ade-512-512/processed_videos/segformer_model-BConcave+DConvex+3900_flipped/org_segmentation
2025-07-27 01:36:22,506 - INFO - All collision results already exist for BConcave+DConvex+3900_flipped
2025-07-27 01:36:22,507 - DEBUG - Loaded collision time for BConcave+DConvex+3900_flipped at IoU 0.05: 4466.666666666667
2025-07-27 01:36:22,508 - DEBUG - Loaded collision time for BConcave+DConvex+3900_flipped at IoU 0.1: 4566.666666666666
2025-07-27 01:36:22,509 - DEBUG - Loaded collision time for BConcave+DConvex+3900_flipped at IoU 0.15: 4616.666666666666
2025-07-27 01:36:22,510 - DEBUG - Loaded collision time for BConcave+DConvex+3900_flipped at IoU 0.2: 4700.0
2025-07-27 01:36:22,511 - DEBUG - Loaded collision time for BConcave+DConvex+3900_flipped at IoU 0.25: 4750.0
2025-07-27 01:36:22,512 - DEBUG - Loaded collision time for BConcave+DConvex+3900_flipped at IoU 0.3: 4800.0
2025-07-27 01:36:22,513 - DEBUG - Loaded collision time for BConcave+DConvex+3900_flipped at IoU 0.35: 4850.0
2025-07-27 01:36:22,513 - DEBUG - Loaded collision time for BConcave+DConvex+3900_flipped at IoU 0.4: 4900.0
2025-07-27 01:36:22,515 - DEBUG - Loaded collision time for BConcave+DConvex+3900_flipped at IoU 0.45: 4950.0
2025-07-27 01:36:22,515 - DEBUG - Loaded collision time for BConcave+DConvex+3900_flipped at IoU 0.5: 4983.333333333333
2025-07-27 01:36:22,516 - DEBUG - Loaded collision time for BConcave+DConvex+3900_flipped at IoU 0.55: 5033.333333333333
2025-07-27 01:36:22,518 - DEBUG - Loaded collision time for BConcave+DConvex+3900_flipped at IoU 0.6: nan
2025-07-27 01:36:22,518 - DEBUG - Loaded collision time for BConcave+DConvex+3900_flipped at IoU 0.65: nan
2025-07-27 01:36:22,519 - DEBUG - Loaded collision time for BConcave+DConvex+3900_flipped at IoU 0.7: nan
2025-07-27 01:36:22,520 - DEBUG - Loaded collision time for BConcave+DConvex+3900_flipped at IoU 0.75: nan
2025-07-27 01:36:22,521 - DEBUG - Loaded collision time for BConcave+DConvex+3900_flipped at IoU 0.8: nan
2025-07-27 01:36:22,522 - DEBUG - Loaded collision time for BConcave+DConvex+3900_flipped at IoU 0.85: nan
2025-07-27 01:36:22,523 - DEBUG - Loaded collision time for BConcave+DConvex+3900_flipped at IoU 0.9: nan
2025-07-27 01:36:22,524 - DEBUG - Loaded collision time for BConcave+DConvex+3900_flipped at IoU 0.95: nan
2025-07-27 01:36:22,524 - INFO - Processing video: BConcave+DConvex+4100
2025-07-27 01:36:22,527 - INFO - Video BConcave+DConvex+4100 already processed (found segformer_model-BConcave+DConvex+4100.mp4), skipping video processing...
2025-07-27 01:36:22,543 - INFO - VanillaSegmentationSaver initialized with output dir: /home/projects/bagon/andreyg/Projects/Object_reps_neural/Programming/hugging_face/model_experiments/segformer/exp2TTC_segformer-b2-finetuned-ade-512-512/processed_videos/segformer_model-BConcave+DConvex+4100/org_segmentation
2025-07-27 01:36:22,548 - INFO - All collision results already exist for BConcave+DConvex+4100
2025-07-27 01:36:22,549 - DEBUG - Loaded collision time for BConcave+DConvex+4100 at IoU 0.05: 1516.6666666666665
2025-07-27 01:36:22,550 - DEBUG - Loaded collision time for BConcave+DConvex+4100 at IoU 0.1: 4633.333333333334
2025-07-27 01:36:22,551 - DEBUG - Loaded collision time for BConcave+DConvex+4100 at IoU 0.15: 4733.333333333333
2025-07-27 01:36:22,552 - DEBUG - Loaded collision time for BConcave+DConvex+4100 at IoU 0.2: 4816.666666666666
2025-07-27 01:36:22,553 - DEBUG - Loaded collision time for BConcave+DConvex+4100 at IoU 0.25: 4900.0
2025-07-27 01:36:22,554 - DEBUG - Loaded collision time for BConcave+DConvex+4100 at IoU 0.3: 4983.333333333333
2025-07-27 01:36:22,555 - DEBUG - Loaded collision time for BConcave+DConvex+4100 at IoU 0.35: 5066.666666666666
2025-07-27 01:36:22,556 - DEBUG - Loaded collision time for BConcave+DConvex+4100 at IoU 0.4: 5133.333333333334
2025-07-27 01:36:22,557 - DEBUG - Loaded collision time for BConcave+DConvex+4100 at IoU 0.45: 5183.333333333334
2025-07-27 01:36:22,558 - DEBUG - Loaded collision time for BConcave+DConvex+4100 at IoU 0.5: 5233.333333333333
2025-07-27 01:36:22,559 - DEBUG - Loaded collision time for BConcave+DConvex+4100 at IoU 0.55: 5300.0
2025-07-27 01:36:22,560 - DEBUG - Loaded collision time for BConcave+DConvex+4100 at IoU 0.6: nan
2025-07-27 01:36:22,561 - DEBUG - Loaded collision time for BConcave+DConvex+4100 at IoU 0.65: nan
2025-07-27 01:36:22,562 - DEBUG - Loaded collision time for BConcave+DConvex+4100 at IoU 0.7: nan
2025-07-27 01:36:22,563 - DEBUG - Loaded collision time for BConcave+DConvex+4100 at IoU 0.75: nan
2025-07-27 01:36:22,564 - DEBUG - Loaded collision time for BConcave+DConvex+4100 at IoU 0.8: nan
2025-07-27 01:36:22,565 - DEBUG - Loaded collision time for BConcave+DConvex+4100 at IoU 0.85: nan
2025-07-27 01:36:22,566 - DEBUG - Loaded collision time for BConcave+DConvex+4100 at IoU 0.9: nan
2025-07-27 01:36:22,566 - DEBUG - Loaded collision time for BConcave+DConvex+4100 at IoU 0.95: nan
2025-07-27 01:36:22,566 - INFO - Processing video: BConcave+DConvex+4300_flipped
2025-07-27 01:36:22,569 - INFO - Video BConcave+DConvex+4300_flipped already processed (found segformer_model-BConcave+DConvex+4300_flipped.mp4), skipping video processing...
2025-07-27 01:36:22,582 - INFO - VanillaSegmentationSaver initialized with output dir: /home/projects/bagon/andreyg/Projects/Object_reps_neural/Programming/hugging_face/model_experiments/segformer/exp2TTC_segformer-b2-finetuned-ade-512-512/processed_videos/segformer_model-BConcave+DConvex+4300_flipped/org_segmentation
2025-07-27 01:36:22,587 - INFO - All collision results already exist for BConcave+DConvex+4300_flipped
2025-07-27 01:36:22,588 - DEBUG - Loaded collision time for BConcave+DConvex+4300_flipped at IoU 0.05: 5016.666666666667
2025-07-27 01:36:22,589 - DEBUG - Loaded collision time for BConcave+DConvex+4300_flipped at IoU 0.1: 5183.333333333334
2025-07-27 01:36:22,590 - DEBUG - Loaded collision time for BConcave+DConvex+4300_flipped at IoU 0.15: 5183.333333333334
2025-07-27 01:36:22,591 - DEBUG - Loaded collision time for BConcave+DConvex+4300_flipped at IoU 0.2: 5200.0
2025-07-27 01:36:22,592 - DEBUG - Loaded collision time for BConcave+DConvex+4300_flipped at IoU 0.25: 5283.333333333333
2025-07-27 01:36:22,593 - DEBUG - Loaded collision time for BConcave+DConvex+4300_flipped at IoU 0.3: 5350.0
2025-07-27 01:36:22,594 - DEBUG - Loaded collision time for BConcave+DConvex+4300_flipped at IoU 0.35: 5350.0
2025-07-27 01:36:22,595 - DEBUG - Loaded collision time for BConcave+DConvex+4300_flipped at IoU 0.4: 5383.333333333334
2025-07-27 01:36:22,596 - DEBUG - Loaded collision time for BConcave+DConvex+4300_flipped at IoU 0.45: 5383.333333333334
2025-07-27 01:36:22,597 - DEBUG - Loaded collision time for BConcave+DConvex+4300_flipped at IoU 0.5: nan
2025-07-27 01:36:22,598 - DEBUG - Loaded collision time for BConcave+DConvex+4300_flipped at IoU 0.55: nan
2025-07-27 01:36:22,599 - DEBUG - Loaded collision time for BConcave+DConvex+4300_flipped at IoU 0.6: nan
2025-07-27 01:36:22,600 - DEBUG - Loaded collision time for BConcave+DConvex+4300_flipped at IoU 0.65: nan
2025-07-27 01:36:22,601 - DEBUG - Loaded collision time for BConcave+DConvex+4300_flipped at IoU 0.7: nan
2025-07-27 01:36:22,602 - DEBUG - Loaded collision time for BConcave+DConvex+4300_flipped at IoU 0.75: nan
2025-07-27 01:36:22,603 - DEBUG - Loaded collision time for BConcave+DConvex+4300_flipped at IoU 0.8: nan
2025-07-27 01:36:22,604 - DEBUG - Loaded collision time for BConcave+DConvex+4300_flipped at IoU 0.85: nan
2025-07-27 01:36:22,605 - DEBUG - Loaded collision time for BConcave+DConvex+4300_flipped at IoU 0.9: nan
2025-07-27 01:36:22,606 - DEBUG - Loaded collision time for BConcave+DConvex+4300_flipped at IoU 0.95: nan
2025-07-27 01:36:22,606 - INFO - Processing video: BConcave+DConvex+4500
2025-07-27 01:36:22,608 - INFO - Video BConcave+DConvex+4500 already processed (found segformer_model-BConcave+DConvex+4500.mp4), skipping video processing...
2025-07-27 01:36:22,622 - INFO - VanillaSegmentationSaver initialized with output dir: /home/projects/bagon/andreyg/Projects/Object_reps_neural/Programming/hugging_face/model_experiments/segformer/exp2TTC_segformer-b2-finetuned-ade-512-512/processed_videos/segformer_model-BConcave+DConvex+4500/org_segmentation
2025-07-27 01:36:22,627 - INFO - All collision results already exist for BConcave+DConvex+4500
2025-07-27 01:36:22,628 - DEBUG - Loaded collision time for BConcave+DConvex+4500 at IoU 0.05: 4883.333333333334
2025-07-27 01:36:22,628 - DEBUG - Loaded collision time for BConcave+DConvex+4500 at IoU 0.1: 5033.333333333333
2025-07-27 01:36:22,629 - DEBUG - Loaded collision time for BConcave+DConvex+4500 at IoU 0.15: 5133.333333333334
2025-07-27 01:36:22,631 - DEBUG - Loaded collision time for BConcave+DConvex+4500 at IoU 0.2: 5233.333333333333
2025-07-27 01:36:22,631 - DEBUG - Loaded collision time for BConcave+DConvex+4500 at IoU 0.25: 5300.0
2025-07-27 01:36:22,632 - DEBUG - Loaded collision time for BConcave+DConvex+4500 at IoU 0.3: 5400.0
2025-07-27 01:36:22,633 - DEBUG - Loaded collision time for BConcave+DConvex+4500 at IoU 0.35: 5466.666666666667
2025-07-27 01:36:22,635 - DEBUG - Loaded collision time for BConcave+DConvex+4500 at IoU 0.4: nan
2025-07-27 01:36:22,635 - DEBUG - Loaded collision time for BConcave+DConvex+4500 at IoU 0.45: nan
2025-07-27 01:36:22,636 - DEBUG - Loaded collision time for BConcave+DConvex+4500 at IoU 0.5: nan
2025-07-27 01:36:22,637 - DEBUG - Loaded collision time for BConcave+DConvex+4500 at IoU 0.55: nan
2025-07-27 01:36:22,638 - DEBUG - Loaded collision time for BConcave+DConvex+4500 at IoU 0.6: nan
2025-07-27 01:36:22,639 - DEBUG - Loaded collision time for BConcave+DConvex+4500 at IoU 0.65: nan
2025-07-27 01:36:22,640 - DEBUG - Loaded collision time for BConcave+DConvex+4500 at IoU 0.7: nan
2025-07-27 01:36:22,641 - DEBUG - Loaded collision time for BConcave+DConvex+4500 at IoU 0.75: nan
2025-07-27 01:36:22,642 - DEBUG - Loaded collision time for BConcave+DConvex+4500 at IoU 0.8: nan
2025-07-27 01:36:22,643 - DEBUG - Loaded collision time for BConcave+DConvex+4500 at IoU 0.85: nan
2025-07-27 01:36:22,644 - DEBUG - Loaded collision time for BConcave+DConvex+4500 at IoU 0.9: nan
2025-07-27 01:36:22,645 - DEBUG - Loaded collision time for BConcave+DConvex+4500 at IoU 0.95: nan
2025-07-27 01:36:22,645 - INFO - Processing video: BConcave+EConcave+3500_flipped
2025-07-27 01:36:22,647 - INFO - Video BConcave+EConcave+3500_flipped already processed (found segformer_model-BConcave+EConcave+3500_flipped.mp4), skipping video processing...
2025-07-27 01:36:22,659 - INFO - VanillaSegmentationSaver initialized with output dir: /home/projects/bagon/andreyg/Projects/Object_reps_neural/Programming/hugging_face/model_experiments/segformer/exp2TTC_segformer-b2-finetuned-ade-512-512/processed_videos/segformer_model-BConcave+EConcave+3500_flipped/org_segmentation
2025-07-27 01:36:22,664 - INFO - All collision results already exist for BConcave+EConcave+3500_flipped
2025-07-27 01:36:22,665 - DEBUG - Loaded collision time for BConcave+EConcave+3500_flipped at IoU 0.05: 3816.666666666667
2025-07-27 01:36:22,666 - DEBUG - Loaded collision time for BConcave+EConcave+3500_flipped at IoU 0.1: 3900.0
2025-07-27 01:36:22,667 - DEBUG - Loaded collision time for BConcave+EConcave+3500_flipped at IoU 0.15: 4016.6666666666665
2025-07-27 01:36:22,668 - DEBUG - Loaded collision time for BConcave+EConcave+3500_flipped at IoU 0.2: nan
2025-07-27 01:36:22,669 - DEBUG - Loaded collision time for BConcave+EConcave+3500_flipped at IoU 0.25: nan
2025-07-27 01:36:22,670 - DEBUG - Loaded collision time for BConcave+EConcave+3500_flipped at IoU 0.3: nan
2025-07-27 01:36:22,671 - DEBUG - Loaded collision time for BConcave+EConcave+3500_flipped at IoU 0.35: nan
2025-07-27 01:36:22,672 - DEBUG - Loaded collision time for BConcave+EConcave+3500_flipped at IoU 0.4: nan
2025-07-27 01:36:22,673 - DEBUG - Loaded collision time for BConcave+EConcave+3500_flipped at IoU 0.45: nan
2025-07-27 01:36:22,674 - DEBUG - Loaded collision time for BConcave+EConcave+3500_flipped at IoU 0.5: nan
2025-07-27 01:36:22,675 - DEBUG - Loaded collision time for BConcave+EConcave+3500_flipped at IoU 0.55: nan
2025-07-27 01:36:22,676 - DEBUG - Loaded collision time for BConcave+EConcave+3500_flipped at IoU 0.6: nan
2025-07-27 01:36:22,676 - DEBUG - Loaded collision time for BConcave+EConcave+3500_flipped at IoU 0.65: nan
2025-07-27 01:36:22,677 - DEBUG - Loaded collision time for BConcave+EConcave+3500_flipped at IoU 0.7: nan
2025-07-27 01:36:22,678 - DEBUG - Loaded collision time for BConcave+EConcave+3500_flipped at IoU 0.75: nan
2025-07-27 01:36:22,679 - DEBUG - Loaded collision time for BConcave+EConcave+3500_flipped at IoU 0.8: nan
2025-07-27 01:36:22,680 - DEBUG - Loaded collision time for BConcave+EConcave+3500_flipped at IoU 0.85: nan
2025-07-27 01:36:22,681 - DEBUG - Loaded collision time for BConcave+EConcave+3500_flipped at IoU 0.9: nan
2025-07-27 01:36:22,682 - DEBUG - Loaded collision time for BConcave+EConcave+3500_flipped at IoU 0.95: nan
2025-07-27 01:36:22,682 - INFO - Processing video: BConcave+EConcave+3700
2025-07-27 01:36:22,684 - INFO - Video BConcave+EConcave+3700 already processed (found segformer_model-BConcave+EConcave+3700.mp4), skipping video processing...
2025-07-27 01:36:22,696 - INFO - VanillaSegmentationSaver initialized with output dir: /home/projects/bagon/andreyg/Projects/Object_reps_neural/Programming/hugging_face/model_experiments/segformer/exp2TTC_segformer-b2-finetuned-ade-512-512/processed_videos/segformer_model-BConcave+EConcave+3700/org_segmentation
2025-07-27 01:36:22,701 - INFO - All collision results already exist for BConcave+EConcave+3700
2025-07-27 01:36:22,702 - DEBUG - Loaded collision time for BConcave+EConcave+3700 at IoU 0.05: 3933.333333333333
2025-07-27 01:36:22,703 - DEBUG - Loaded collision time for BConcave+EConcave+3700 at IoU 0.1: 4066.6666666666665
2025-07-27 01:36:22,704 - DEBUG - Loaded collision time for BConcave+EConcave+3700 at IoU 0.15: 4216.666666666667
2025-07-27 01:36:22,705 - DEBUG - Loaded collision time for BConcave+EConcave+3700 at IoU 0.2: nan
2025-07-27 01:36:22,706 - DEBUG - Loaded collision time for BConcave+EConcave+3700 at IoU 0.25: nan
2025-07-27 01:36:22,707 - DEBUG - Loaded collision time for BConcave+EConcave+3700 at IoU 0.3: nan
2025-07-27 01:36:22,708 - DEBUG - Loaded collision time for BConcave+EConcave+3700 at IoU 0.35: nan
2025-07-27 01:36:22,709 - DEBUG - Loaded collision time for BConcave+EConcave+3700 at IoU 0.4: nan
2025-07-27 01:36:22,710 - DEBUG - Loaded collision time for BConcave+EConcave+3700 at IoU 0.45: nan
2025-07-27 01:36:22,711 - DEBUG - Loaded collision time for BConcave+EConcave+3700 at IoU 0.5: nan
2025-07-27 01:36:22,712 - DEBUG - Loaded collision time for BConcave+EConcave+3700 at IoU 0.55: nan
2025-07-27 01:36:22,712 - DEBUG - Loaded collision time for BConcave+EConcave+3700 at IoU 0.6: nan
2025-07-27 01:36:22,713 - DEBUG - Loaded collision time for BConcave+EConcave+3700 at IoU 0.65: nan
2025-07-27 01:36:22,714 - DEBUG - Loaded collision time for BConcave+EConcave+3700 at IoU 0.7: nan
2025-07-27 01:36:22,715 - DEBUG - Loaded collision time for BConcave+EConcave+3700 at IoU 0.75: nan
2025-07-27 01:36:22,716 - DEBUG - Loaded collision time for BConcave+EConcave+3700 at IoU 0.8: nan
2025-07-27 01:36:22,717 - DEBUG - Loaded collision time for BConcave+EConcave+3700 at IoU 0.85: nan
2025-07-27 01:36:22,718 - DEBUG - Loaded collision time for BConcave+EConcave+3700 at IoU 0.9: nan
2025-07-27 01:36:22,719 - DEBUG - Loaded collision time for BConcave+EConcave+3700 at IoU 0.95: nan
2025-07-27 01:36:22,719 - INFO - Processing video: BConcave+EConcave+3900_flipped
2025-07-27 01:36:22,721 - INFO - Video BConcave+EConcave+3900_flipped already processed (found segformer_model-BConcave+EConcave+3900_flipped.mp4), skipping video processing...
2025-07-27 01:36:22,733 - INFO - VanillaSegmentationSaver initialized with output dir: /home/projects/bagon/andreyg/Projects/Object_reps_neural/Programming/hugging_face/model_experiments/segformer/exp2TTC_segformer-b2-finetuned-ade-512-512/processed_videos/segformer_model-BConcave+EConcave+3900_flipped/org_segmentation
2025-07-27 01:36:22,738 - INFO - All collision results already exist for BConcave+EConcave+3900_flipped
2025-07-27 01:36:22,739 - DEBUG - Loaded collision time for BConcave+EConcave+3900_flipped at IoU 0.05: 4166.666666666667
2025-07-27 01:36:22,740 - DEBUG - Loaded collision time for BConcave+EConcave+3900_flipped at IoU 0.1: 4300.0
2025-07-27 01:36:22,741 - DEBUG - Loaded collision time for BConcave+EConcave+3900_flipped at IoU 0.15: 4583.333333333333
2025-07-27 01:36:22,742 - DEBUG - Loaded collision time for BConcave+EConcave+3900_flipped at IoU 0.2: nan
2025-07-27 01:36:22,743 - DEBUG - Loaded collision time for BConcave+EConcave+3900_flipped at IoU 0.25: nan
2025-07-27 01:36:22,744 - DEBUG - Loaded collision time for BConcave+EConcave+3900_flipped at IoU 0.3: nan
2025-07-27 01:36:22,745 - DEBUG - Loaded collision time for BConcave+EConcave+3900_flipped at IoU 0.35: nan
2025-07-27 01:36:22,746 - DEBUG - Loaded collision time for BConcave+EConcave+3900_flipped at IoU 0.4: nan
2025-07-27 01:36:22,747 - DEBUG - Loaded collision time for BConcave+EConcave+3900_flipped at IoU 0.45: nan
2025-07-27 01:36:22,748 - DEBUG - Loaded collision time for BConcave+EConcave+3900_flipped at IoU 0.5: nan
2025-07-27 01:36:22,749 - DEBUG - Loaded collision time for BConcave+EConcave+3900_flipped at IoU 0.55: nan
2025-07-27 01:36:22,750 - DEBUG - Loaded collision time for BConcave+EConcave+3900_flipped at IoU 0.6: nan
2025-07-27 01:36:22,751 - DEBUG - Loaded collision time for BConcave+EConcave+3900_flipped at IoU 0.65: nan
2025-07-27 01:36:22,752 - DEBUG - Loaded collision time for BConcave+EConcave+3900_flipped at IoU 0.7: nan
2025-07-27 01:36:22,752 - DEBUG - Loaded collision time for BConcave+EConcave+3900_flipped at IoU 0.75: nan
2025-07-27 01:36:22,753 - DEBUG - Loaded collision time for BConcave+EConcave+3900_flipped at IoU 0.8: nan
2025-07-27 01:36:22,754 - DEBUG - Loaded collision time for BConcave+EConcave+3900_flipped at IoU 0.85: nan
2025-07-27 01:36:22,755 - DEBUG - Loaded collision time for BConcave+EConcave+3900_flipped at IoU 0.9: nan
2025-07-27 01:36:22,756 - DEBUG - Loaded collision time for BConcave+EConcave+3900_flipped at IoU 0.95: nan
2025-07-27 01:36:22,756 - INFO - Processing video: BConcave+EConcave+4100
2025-07-27 01:36:22,758 - INFO - Video BConcave+EConcave+4100 already processed (found segformer_model-BConcave+EConcave+4100.mp4), skipping video processing...
2025-07-27 01:36:22,771 - INFO - VanillaSegmentationSaver initialized with output dir: /home/projects/bagon/andreyg/Projects/Object_reps_neural/Programming/hugging_face/model_experiments/segformer/exp2TTC_segformer-b2-finetuned-ade-512-512/processed_videos/segformer_model-BConcave+EConcave+4100/org_segmentation
2025-07-27 01:36:22,776 - INFO - All collision results already exist for BConcave+EConcave+4100
2025-07-27 01:36:22,777 - DEBUG - Loaded collision time for BConcave+EConcave+4100 at IoU 0.05: 4333.333333333333
2025-07-27 01:36:22,778 - DEBUG - Loaded collision time for BConcave+EConcave+4100 at IoU 0.1: 4466.666666666667
2025-07-27 01:36:22,779 - DEBUG - Loaded collision time for BConcave+EConcave+4100 at IoU 0.15: 4650.0
2025-07-27 01:36:22,780 - DEBUG - Loaded collision time for BConcave+EConcave+4100 at IoU 0.2: nan
2025-07-27 01:36:22,781 - DEBUG - Loaded collision time for BConcave+EConcave+4100 at IoU 0.25: nan
2025-07-27 01:36:22,781 - DEBUG - Loaded collision time for BConcave+EConcave+4100 at IoU 0.3: nan
2025-07-27 01:36:22,783 - DEBUG - Loaded collision time for BConcave+EConcave+4100 at IoU 0.35: nan
2025-07-27 01:36:22,783 - DEBUG - Loaded collision time for BConcave+EConcave+4100 at IoU 0.4: nan
2025-07-27 01:36:22,784 - DEBUG - Loaded collision time for BConcave+EConcave+4100 at IoU 0.45: nan
2025-07-27 01:36:22,785 - DEBUG - Loaded collision time for BConcave+EConcave+4100 at IoU 0.5: nan
2025-07-27 01:36:22,786 - DEBUG - Loaded collision time for BConcave+EConcave+4100 at IoU 0.55: nan
2025-07-27 01:36:22,787 - DEBUG - Loaded collision time for BConcave+EConcave+4100 at IoU 0.6: nan
2025-07-27 01:36:22,788 - DEBUG - Loaded collision time for BConcave+EConcave+4100 at IoU 0.65: nan
2025-07-27 01:36:22,789 - DEBUG - Loaded collision time for BConcave+EConcave+4100 at IoU 0.7: nan
2025-07-27 01:36:22,790 - DEBUG - Loaded collision time for BConcave+EConcave+4100 at IoU 0.75: nan
2025-07-27 01:36:22,791 - DEBUG - Loaded collision time for BConcave+EConcave+4100 at IoU 0.8: nan
2025-07-27 01:36:22,792 - DEBUG - Loaded collision time for BConcave+EConcave+4100 at IoU 0.85: nan
2025-07-27 01:36:22,793 - DEBUG - Loaded collision time for BConcave+EConcave+4100 at IoU 0.9: nan
2025-07-27 01:36:22,794 - DEBUG - Loaded collision time for BConcave+EConcave+4100 at IoU 0.95: nan
2025-07-27 01:36:22,794 - INFO - Processing video: BConcave+EConcave+4300_flipped
2025-07-27 01:36:22,796 - INFO - Video BConcave+EConcave+4300_flipped already processed (found segformer_model-BConcave+EConcave+4300_flipped.mp4), skipping video processing...
2025-07-27 01:36:22,809 - INFO - VanillaSegmentationSaver initialized with output dir: /home/projects/bagon/andreyg/Projects/Object_reps_neural/Programming/hugging_face/model_experiments/segformer/exp2TTC_segformer-b2-finetuned-ade-512-512/processed_videos/segformer_model-BConcave+EConcave+4300_flipped/org_segmentation
2025-07-27 01:36:22,814 - INFO - All collision results already exist for BConcave+EConcave+4300_flipped
2025-07-27 01:36:22,814 - DEBUG - Loaded collision time for BConcave+EConcave+4300_flipped at IoU 0.05: 4566.666666666666
2025-07-27 01:36:22,815 - DEBUG - Loaded collision time for BConcave+EConcave+4300_flipped at IoU 0.1: 4683.333333333334
2025-07-27 01:36:22,816 - DEBUG - Loaded collision time for BConcave+EConcave+4300_flipped at IoU 0.15: 4816.666666666666
2025-07-27 01:36:22,817 - DEBUG - Loaded collision time for BConcave+EConcave+4300_flipped at IoU 0.2: nan
2025-07-27 01:36:22,818 - DEBUG - Loaded collision time for BConcave+EConcave+4300_flipped at IoU 0.25: nan
2025-07-27 01:36:22,819 - DEBUG - Loaded collision time for BConcave+EConcave+4300_flipped at IoU 0.3: nan
2025-07-27 01:36:22,820 - DEBUG - Loaded collision time for BConcave+EConcave+4300_flipped at IoU 0.35: nan
2025-07-27 01:36:22,821 - DEBUG - Loaded collision time for BConcave+EConcave+4300_flipped at IoU 0.4: nan
2025-07-27 01:36:22,822 - DEBUG - Loaded collision time for BConcave+EConcave+4300_flipped at IoU 0.45: nan
2025-07-27 01:36:22,823 - DEBUG - Loaded collision time for BConcave+EConcave+4300_flipped at IoU 0.5: nan
2025-07-27 01:36:22,824 - DEBUG - Loaded collision time for BConcave+EConcave+4300_flipped at IoU 0.55: nan
2025-07-27 01:36:22,825 - DEBUG - Loaded collision time for BConcave+EConcave+4300_flipped at IoU 0.6: nan
2025-07-27 01:36:22,826 - DEBUG - Loaded collision time for BConcave+EConcave+4300_flipped at IoU 0.65: nan
2025-07-27 01:36:22,827 - DEBUG - Loaded collision time for BConcave+EConcave+4300_flipped at IoU 0.7: nan
2025-07-27 01:36:22,828 - DEBUG - Loaded collision time for BConcave+EConcave+4300_flipped at IoU 0.75: nan
2025-07-27 01:36:22,829 - DEBUG - Loaded collision time for BConcave+EConcave+4300_flipped at IoU 0.8: nan
2025-07-27 01:36:22,830 - DEBUG - Loaded collision time for BConcave+EConcave+4300_flipped at IoU 0.85: nan
2025-07-27 01:36:22,831 - DEBUG - Loaded collision time for BConcave+EConcave+4300_flipped at IoU 0.9: nan
2025-07-27 01:36:22,832 - DEBUG - Loaded collision time for BConcave+EConcave+4300_flipped at IoU 0.95: nan
2025-07-27 01:36:22,832 - INFO - Processing video: BConcave+EConcave+4500
2025-07-27 01:36:22,834 - INFO - Video BConcave+EConcave+4500 already processed (found segformer_model-BConcave+EConcave+4500.mp4), skipping video processing...
2025-07-27 01:36:22,846 - INFO - VanillaSegmentationSaver initialized with output dir: /home/projects/bagon/andreyg/Projects/Object_reps_neural/Programming/hugging_face/model_experiments/segformer/exp2TTC_segformer-b2-finetuned-ade-512-512/processed_videos/segformer_model-BConcave+EConcave+4500/org_segmentation
2025-07-27 01:36:22,851 - INFO - All collision results already exist for BConcave+EConcave+4500
2025-07-27 01:36:22,851 - DEBUG - Loaded collision time for BConcave+EConcave+4500 at IoU 0.05: 4750.0
2025-07-27 01:36:22,852 - DEBUG - Loaded collision time for BConcave+EConcave+4500 at IoU 0.1: 4883.333333333334
2025-07-27 01:36:22,853 - DEBUG - Loaded collision time for BConcave+EConcave+4500 at IoU 0.15: 5216.666666666667
2025-07-27 01:36:22,854 - DEBUG - Loaded collision time for BConcave+EConcave+4500 at IoU 0.2: nan
2025-07-27 01:36:22,854 - DEBUG - Loaded collision time for BConcave+EConcave+4500 at IoU 0.25: nan
2025-07-27 01:36:22,855 - DEBUG - Loaded collision time for BConcave+EConcave+4500 at IoU 0.3: nan
2025-07-27 01:36:22,856 - DEBUG - Loaded collision time for BConcave+EConcave+4500 at IoU 0.35: nan
2025-07-27 01:36:22,857 - DEBUG - Loaded collision time for BConcave+EConcave+4500 at IoU 0.4: nan
2025-07-27 01:36:22,857 - DEBUG - Loaded collision time for BConcave+EConcave+4500 at IoU 0.45: nan
2025-07-27 01:36:22,858 - DEBUG - Loaded collision time for BConcave+EConcave+4500 at IoU 0.5: nan
2025-07-27 01:36:22,859 - DEBUG - Loaded collision time for BConcave+EConcave+4500 at IoU 0.55: nan
2025-07-27 01:36:22,860 - DEBUG - Loaded collision time for BConcave+EConcave+4500 at IoU 0.6: nan
2025-07-27 01:36:22,861 - DEBUG - Loaded collision time for BConcave+EConcave+4500 at IoU 0.65: nan
2025-07-27 01:36:22,861 - DEBUG - Loaded collision time for BConcave+EConcave+4500 at IoU 0.7: nan
2025-07-27 01:36:22,862 - DEBUG - Loaded collision time for BConcave+EConcave+4500 at IoU 0.75: nan
2025-07-27 01:36:22,863 - DEBUG - Loaded collision time for BConcave+EConcave+4500 at IoU 0.8: nan
2025-07-27 01:36:22,864 - DEBUG - Loaded collision time for BConcave+EConcave+4500 at IoU 0.85: nan
2025-07-27 01:36:22,865 - DEBUG - Loaded collision time for BConcave+EConcave+4500 at IoU 0.9: nan
2025-07-27 01:36:22,866 - DEBUG - Loaded collision time for BConcave+EConcave+4500 at IoU 0.95: nan
2025-07-27 01:36:22,866 - INFO - Processing video: BConcave+EConvex+3500
2025-07-27 01:36:22,868 - INFO - Video BConcave+EConvex+3500 already processed (found segformer_model-BConcave+EConvex+3500.mp4), skipping video processing...
2025-07-27 01:36:22,881 - INFO - VanillaSegmentationSaver initialized with output dir: /home/projects/bagon/andreyg/Projects/Object_reps_neural/Programming/hugging_face/model_experiments/segformer/exp2TTC_segformer-b2-finetuned-ade-512-512/processed_videos/segformer_model-BConcave+EConvex+3500/org_segmentation
2025-07-27 01:36:22,886 - INFO - All collision results already exist for BConcave+EConvex+3500
2025-07-27 01:36:22,887 - DEBUG - Loaded collision time for BConcave+EConvex+3500 at IoU 0.05: 3750.0
2025-07-27 01:36:22,888 - DEBUG - Loaded collision time for BConcave+EConvex+3500 at IoU 0.1: 3866.6666666666665
2025-07-27 01:36:22,889 - DEBUG - Loaded collision time for BConcave+EConvex+3500 at IoU 0.15: 3966.666666666667
2025-07-27 01:36:22,890 - DEBUG - Loaded collision time for BConcave+EConvex+3500 at IoU 0.2: 4066.6666666666665
2025-07-27 01:36:22,891 - DEBUG - Loaded collision time for BConcave+EConvex+3500 at IoU 0.25: 4166.666666666667
2025-07-27 01:36:22,892 - DEBUG - Loaded collision time for BConcave+EConvex+3500 at IoU 0.3: nan
2025-07-27 01:36:22,893 - DEBUG - Loaded collision time for BConcave+EConvex+3500 at IoU 0.35: nan
2025-07-27 01:36:22,894 - DEBUG - Loaded collision time for BConcave+EConvex+3500 at IoU 0.4: nan
2025-07-27 01:36:22,894 - DEBUG - Loaded collision time for BConcave+EConvex+3500 at IoU 0.45: nan
2025-07-27 01:36:22,895 - DEBUG - Loaded collision time for BConcave+EConvex+3500 at IoU 0.5: nan
2025-07-27 01:36:22,896 - DEBUG - Loaded collision time for BConcave+EConvex+3500 at IoU 0.55: nan
2025-07-27 01:36:22,897 - DEBUG - Loaded collision time for BConcave+EConvex+3500 at IoU 0.6: nan
2025-07-27 01:36:22,898 - DEBUG - Loaded collision time for BConcave+EConvex+3500 at IoU 0.65: nan
2025-07-27 01:36:22,899 - DEBUG - Loaded collision time for BConcave+EConvex+3500 at IoU 0.7: nan
2025-07-27 01:36:22,900 - DEBUG - Loaded collision time for BConcave+EConvex+3500 at IoU 0.75: nan
2025-07-27 01:36:22,901 - DEBUG - Loaded collision time for BConcave+EConvex+3500 at IoU 0.8: nan
2025-07-27 01:36:22,902 - DEBUG - Loaded collision time for BConcave+EConvex+3500 at IoU 0.85: nan
2025-07-27 01:36:22,903 - DEBUG - Loaded collision time for BConcave+EConvex+3500 at IoU 0.9: nan
2025-07-27 01:36:22,904 - DEBUG - Loaded collision time for BConcave+EConvex+3500 at IoU 0.95: nan
2025-07-27 01:36:22,904 - INFO - Processing video: BConcave+EConvex+3700_flipped
2025-07-27 01:36:22,906 - INFO - Video BConcave+EConvex+3700_flipped already processed (found segformer_model-BConcave+EConvex+3700_flipped.mp4), skipping video processing...
2025-07-27 01:36:22,919 - INFO - VanillaSegmentationSaver initialized with output dir: /home/projects/bagon/andreyg/Projects/Object_reps_neural/Programming/hugging_face/model_experiments/segformer/exp2TTC_segformer-b2-finetuned-ade-512-512/processed_videos/segformer_model-BConcave+EConvex+3700_flipped/org_segmentation
2025-07-27 01:36:22,925 - INFO - All collision results already exist for BConcave+EConvex+3700_flipped
2025-07-27 01:36:22,926 - DEBUG - Loaded collision time for BConcave+EConvex+3700_flipped at IoU 0.05: 4033.333333333333
2025-07-27 01:36:22,926 - DEBUG - Loaded collision time for BConcave+EConvex+3700_flipped at IoU 0.1: 4150.0
2025-07-27 01:36:22,927 - DEBUG - Loaded collision time for BConcave+EConvex+3700_flipped at IoU 0.15: 4233.333333333333
2025-07-27 01:36:22,928 - DEBUG - Loaded collision time for BConcave+EConvex+3700_flipped at IoU 0.2: 4300.0
2025-07-27 01:36:22,929 - DEBUG - Loaded collision time for BConcave+EConvex+3700_flipped at IoU 0.25: 4416.666666666667
2025-07-27 01:36:22,930 - DEBUG - Loaded collision time for BConcave+EConvex+3700_flipped at IoU 0.3: nan
2025-07-27 01:36:22,931 - DEBUG - Loaded collision time for BConcave+EConvex+3700_flipped at IoU 0.35: nan
2025-07-27 01:36:22,932 - DEBUG - Loaded collision time for BConcave+EConvex+3700_flipped at IoU 0.4: nan
2025-07-27 01:36:22,933 - DEBUG - Loaded collision time for BConcave+EConvex+3700_flipped at IoU 0.45: nan
2025-07-27 01:36:22,934 - DEBUG - Loaded collision time for BConcave+EConvex+3700_flipped at IoU 0.5: nan
2025-07-27 01:36:22,935 - DEBUG - Loaded collision time for BConcave+EConvex+3700_flipped at IoU 0.55: nan
2025-07-27 01:36:22,936 - DEBUG - Loaded collision time for BConcave+EConvex+3700_flipped at IoU 0.6: nan
2025-07-27 01:36:22,937 - DEBUG - Loaded collision time for BConcave+EConvex+3700_flipped at IoU 0.65: nan
2025-07-27 01:36:22,938 - DEBUG - Loaded collision time for BConcave+EConvex+3700_flipped at IoU 0.7: nan
2025-07-27 01:36:22,939 - DEBUG - Loaded collision time for BConcave+EConvex+3700_flipped at IoU 0.75: nan
2025-07-27 01:36:22,940 - DEBUG - Loaded collision time for BConcave+EConvex+3700_flipped at IoU 0.8: nan
2025-07-27 01:36:22,941 - DEBUG - Loaded collision time for BConcave+EConvex+3700_flipped at IoU 0.85: nan
2025-07-27 01:36:22,942 - DEBUG - Loaded collision time for BConcave+EConvex+3700_flipped at IoU 0.9: nan
2025-07-27 01:36:22,943 - DEBUG - Loaded collision time for BConcave+EConvex+3700_flipped at IoU 0.95: nan
2025-07-27 01:36:22,943 - INFO - Processing video: BConcave+EConvex+3900
2025-07-27 01:36:22,945 - INFO - Video BConcave+EConvex+3900 already processed (found segformer_model-BConcave+EConvex+3900.mp4), skipping video processing...
2025-07-27 01:36:22,959 - INFO - VanillaSegmentationSaver initialized with output dir: /home/projects/bagon/andreyg/Projects/Object_reps_neural/Programming/hugging_face/model_experiments/segformer/exp2TTC_segformer-b2-finetuned-ade-512-512/processed_videos/segformer_model-BConcave+EConvex+3900/org_segmentation
2025-07-27 01:36:22,964 - INFO - All collision results already exist for BConcave+EConvex+3900
2025-07-27 01:36:22,965 - DEBUG - Loaded collision time for BConcave+EConvex+3900 at IoU 0.05: 4150.0
2025-07-27 01:36:22,967 - DEBUG - Loaded collision time for BConcave+EConvex+3900 at IoU 0.1: 4266.666666666667
2025-07-27 01:36:22,967 - DEBUG - Loaded collision time for BConcave+EConvex+3900 at IoU 0.15: 4366.666666666666
2025-07-27 01:36:22,968 - DEBUG - Loaded collision time for BConcave+EConvex+3900 at IoU 0.2: 4450.0
2025-07-27 01:36:22,969 - DEBUG - Loaded collision time for BConcave+EConvex+3900 at IoU 0.25: 4550.0
2025-07-27 01:36:22,970 - DEBUG - Loaded collision time for BConcave+EConvex+3900 at IoU 0.3: nan
2025-07-27 01:36:22,971 - DEBUG - Loaded collision time for BConcave+EConvex+3900 at IoU 0.35: nan
2025-07-27 01:36:22,972 - DEBUG - Loaded collision time for BConcave+EConvex+3900 at IoU 0.4: nan
2025-07-27 01:36:22,973 - DEBUG - Loaded collision time for BConcave+EConvex+3900 at IoU 0.45: nan
2025-07-27 01:36:22,974 - DEBUG - Loaded collision time for BConcave+EConvex+3900 at IoU 0.5: nan
2025-07-27 01:36:22,975 - DEBUG - Loaded collision time for BConcave+EConvex+3900 at IoU 0.55: nan
2025-07-27 01:36:22,976 - DEBUG - Loaded collision time for BConcave+EConvex+3900 at IoU 0.6: nan
2025-07-27 01:36:22,977 - DEBUG - Loaded collision time for BConcave+EConvex+3900 at IoU 0.65: nan
2025-07-27 01:36:22,978 - DEBUG - Loaded collision time for BConcave+EConvex+3900 at IoU 0.7: nan
2025-07-27 01:36:22,979 - DEBUG - Loaded collision time for BConcave+EConvex+3900 at IoU 0.75: nan
2025-07-27 01:36:22,980 - DEBUG - Loaded collision time for BConcave+EConvex+3900 at IoU 0.8: nan
2025-07-27 01:36:22,981 - DEBUG - Loaded collision time for BConcave+EConvex+3900 at IoU 0.85: nan
2025-07-27 01:36:22,982 - DEBUG - Loaded collision time for BConcave+EConvex+3900 at IoU 0.9: nan
2025-07-27 01:36:22,982 - DEBUG - Loaded collision time for BConcave+EConvex+3900 at IoU 0.95: nan
2025-07-27 01:36:22,982 - INFO - Processing video: BConcave+EConvex+4100_flipped
2025-07-27 01:36:22,984 - INFO - Video BConcave+EConvex+4100_flipped already processed (found segformer_model-BConcave+EConvex+4100_flipped.mp4), skipping video processing...
2025-07-27 01:36:22,997 - INFO - VanillaSegmentationSaver initialized with output dir: /home/projects/bagon/andreyg/Projects/Object_reps_neural/Programming/hugging_face/model_experiments/segformer/exp2TTC_segformer-b2-finetuned-ade-512-512/processed_videos/segformer_model-BConcave+EConvex+4100_flipped/org_segmentation
2025-07-27 01:36:23,003 - INFO - All collision results already exist for BConcave+EConvex+4100_flipped
2025-07-27 01:36:23,004 - DEBUG - Loaded collision time for BConcave+EConvex+4100_flipped at IoU 0.05: 4400.0
2025-07-27 01:36:23,005 - DEBUG - Loaded collision time for BConcave+EConvex+4100_flipped at IoU 0.1: 4500.0
2025-07-27 01:36:23,006 - DEBUG - Loaded collision time for BConcave+EConvex+4100_flipped at IoU 0.15: 4600.0
2025-07-27 01:36:23,007 - DEBUG - Loaded collision time for BConcave+EConvex+4100_flipped at IoU 0.2: 4700.0
2025-07-27 01:36:23,008 - DEBUG - Loaded collision time for BConcave+EConvex+4100_flipped at IoU 0.25: 4800.0
2025-07-27 01:36:23,009 - DEBUG - Loaded collision time for BConcave+EConvex+4100_flipped at IoU 0.3: nan
2025-07-27 01:36:23,010 - DEBUG - Loaded collision time for BConcave+EConvex+4100_flipped at IoU 0.35: nan
2025-07-27 01:36:23,011 - DEBUG - Loaded collision time for BConcave+EConvex+4100_flipped at IoU 0.4: nan
2025-07-27 01:36:23,012 - DEBUG - Loaded collision time for BConcave+EConvex+4100_flipped at IoU 0.45: nan
2025-07-27 01:36:23,013 - DEBUG - Loaded collision time for BConcave+EConvex+4100_flipped at IoU 0.5: nan
2025-07-27 01:36:23,014 - DEBUG - Loaded collision time for BConcave+EConvex+4100_flipped at IoU 0.55: nan
2025-07-27 01:36:23,015 - DEBUG - Loaded collision time for BConcave+EConvex+4100_flipped at IoU 0.6: nan
2025-07-27 01:36:23,016 - DEBUG - Loaded collision time for BConcave+EConvex+4100_flipped at IoU 0.65: nan
2025-07-27 01:36:23,017 - DEBUG - Loaded collision time for BConcave+EConvex+4100_flipped at IoU 0.7: nan
2025-07-27 01:36:23,018 - DEBUG - Loaded collision time for BConcave+EConvex+4100_flipped at IoU 0.75: nan
2025-07-27 01:36:23,019 - DEBUG - Loaded collision time for BConcave+EConvex+4100_flipped at IoU 0.8: nan
2025-07-27 01:36:23,020 - DEBUG - Loaded collision time for BConcave+EConvex+4100_flipped at IoU 0.85: nan
2025-07-27 01:36:23,021 - DEBUG - Loaded collision time for BConcave+EConvex+4100_flipped at IoU 0.9: nan
2025-07-27 01:36:23,021 - DEBUG - Loaded collision time for BConcave+EConvex+4100_flipped at IoU 0.95: nan
2025-07-27 01:36:23,021 - INFO - Processing video: BConcave+EConvex+4300
2025-07-27 01:36:23,023 - INFO - Video BConcave+EConvex+4300 already processed (found segformer_model-BConcave+EConvex+4300.mp4), skipping video processing...
2025-07-27 01:36:23,038 - INFO - VanillaSegmentationSaver initialized with output dir: /home/projects/bagon/andreyg/Projects/Object_reps_neural/Programming/hugging_face/model_experiments/segformer/exp2TTC_segformer-b2-finetuned-ade-512-512/processed_videos/segformer_model-BConcave+EConvex+4300/org_segmentation
2025-07-27 01:36:23,042 - INFO - All collision results already exist for BConcave+EConvex+4300
2025-07-27 01:36:23,044 - DEBUG - Loaded collision time for BConcave+EConvex+4300 at IoU 0.05: 4683.333333333334
2025-07-27 01:36:23,044 - DEBUG - Loaded collision time for BConcave+EConvex+4300 at IoU 0.1: 4783.333333333333
2025-07-27 01:36:23,045 - DEBUG - Loaded collision time for BConcave+EConvex+4300 at IoU 0.15: 4883.333333333334
2025-07-27 01:36:23,046 - DEBUG - Loaded collision time for BConcave+EConvex+4300 at IoU 0.2: 5016.666666666667
2025-07-27 01:36:23,047 - DEBUG - Loaded collision time for BConcave+EConvex+4300 at IoU 0.25: nan
2025-07-27 01:36:23,048 - DEBUG - Loaded collision time for BConcave+EConvex+4300 at IoU 0.3: nan
2025-07-27 01:36:23,049 - DEBUG - Loaded collision time for BConcave+EConvex+4300 at IoU 0.35: nan
2025-07-27 01:36:23,050 - DEBUG - Loaded collision time for BConcave+EConvex+4300 at IoU 0.4: nan
2025-07-27 01:36:23,051 - DEBUG - Loaded collision time for BConcave+EConvex+4300 at IoU 0.45: nan
2025-07-27 01:36:23,051 - DEBUG - Loaded collision time for BConcave+EConvex+4300 at IoU 0.5: nan
2025-07-27 01:36:23,052 - DEBUG - Loaded collision time for BConcave+EConvex+4300 at IoU 0.55: nan
2025-07-27 01:36:23,053 - DEBUG - Loaded collision time for BConcave+EConvex+4300 at IoU 0.6: nan
2025-07-27 01:36:23,054 - DEBUG - Loaded collision time for BConcave+EConvex+4300 at IoU 0.65: nan
2025-07-27 01:36:23,055 - DEBUG - Loaded collision time for BConcave+EConvex+4300 at IoU 0.7: nan
2025-07-27 01:36:23,056 - DEBUG - Loaded collision time for BConcave+EConvex+4300 at IoU 0.75: nan
2025-07-27 01:36:23,057 - DEBUG - Loaded collision time for BConcave+EConvex+4300 at IoU 0.8: nan
2025-07-27 01:36:23,058 - DEBUG - Loaded collision time for BConcave+EConvex+4300 at IoU 0.85: nan
2025-07-27 01:36:23,059 - DEBUG - Loaded collision time for BConcave+EConvex+4300 at IoU 0.9: nan
2025-07-27 01:36:23,060 - DEBUG - Loaded collision time for BConcave+EConvex+4300 at IoU 0.95: nan
2025-07-27 01:36:23,060 - INFO - Processing video: BConcave+EConvex+4500_flipped
2025-07-27 01:36:23,062 - INFO - Video BConcave+EConvex+4500_flipped already processed (found segformer_model-BConcave+EConvex+4500_flipped.mp4), skipping video processing...
2025-07-27 01:36:23,077 - INFO - VanillaSegmentationSaver initialized with output dir: /home/projects/bagon/andreyg/Projects/Object_reps_neural/Programming/hugging_face/model_experiments/segformer/exp2TTC_segformer-b2-finetuned-ade-512-512/processed_videos/segformer_model-BConcave+EConvex+4500_flipped/org_segmentation
2025-07-27 01:36:23,082 - INFO - All collision results already exist for BConcave+EConvex+4500_flipped
2025-07-27 01:36:23,083 - DEBUG - Loaded collision time for BConcave+EConvex+4500_flipped at IoU 0.05: 4816.666666666666
2025-07-27 01:36:23,084 - DEBUG - Loaded collision time for BConcave+EConvex+4500_flipped at IoU 0.1: 4933.333333333334
2025-07-27 01:36:23,085 - DEBUG - Loaded collision time for BConcave+EConvex+4500_flipped at IoU 0.15: 5000.0
2025-07-27 01:36:23,086 - DEBUG - Loaded collision time for BConcave+EConvex+4500_flipped at IoU 0.2: 5083.333333333333
2025-07-27 01:36:23,087 - DEBUG - Loaded collision time for BConcave+EConvex+4500_flipped at IoU 0.25: 5166.666666666667
2025-07-27 01:36:23,088 - DEBUG - Loaded collision time for BConcave+EConvex+4500_flipped at IoU 0.3: nan
2025-07-27 01:36:23,089 - DEBUG - Loaded collision time for BConcave+EConvex+4500_flipped at IoU 0.35: nan
2025-07-27 01:36:23,090 - DEBUG - Loaded collision time for BConcave+EConvex+4500_flipped at IoU 0.4: nan
2025-07-27 01:36:23,091 - DEBUG - Loaded collision time for BConcave+EConvex+4500_flipped at IoU 0.45: nan
2025-07-27 01:36:23,092 - DEBUG - Loaded collision time for BConcave+EConvex+4500_flipped at IoU 0.5: nan
2025-07-27 01:36:23,093 - DEBUG - Loaded collision time for BConcave+EConvex+4500_flipped at IoU 0.55: nan
2025-07-27 01:36:23,094 - DEBUG - Loaded collision time for BConcave+EConvex+4500_flipped at IoU 0.6: nan
2025-07-27 01:36:23,095 - DEBUG - Loaded collision time for BConcave+EConvex+4500_flipped at IoU 0.65: nan
2025-07-27 01:36:23,096 - DEBUG - Loaded collision time for BConcave+EConvex+4500_flipped at IoU 0.7: nan
2025-07-27 01:36:23,097 - DEBUG - Loaded collision time for BConcave+EConvex+4500_flipped at IoU 0.75: nan
2025-07-27 01:36:23,098 - DEBUG - Loaded collision time for BConcave+EConvex+4500_flipped at IoU 0.8: nan
2025-07-27 01:36:23,099 - DEBUG - Loaded collision time for BConcave+EConvex+4500_flipped at IoU 0.85: nan
2025-07-27 01:36:23,100 - DEBUG - Loaded collision time for BConcave+EConvex+4500_flipped at IoU 0.9: nan
2025-07-27 01:36:23,101 - DEBUG - Loaded collision time for BConcave+EConvex+4500_flipped at IoU 0.95: nan
2025-07-27 01:36:23,101 - INFO - Processing video: BConcave+FConcave+3500_flipped
2025-07-27 01:36:23,103 - INFO - Video BConcave+FConcave+3500_flipped already processed (found segformer_model-BConcave+FConcave+3500_flipped.mp4), skipping video processing...
2025-07-27 01:36:23,117 - INFO - VanillaSegmentationSaver initialized with output dir: /home/projects/bagon/andreyg/Projects/Object_reps_neural/Programming/hugging_face/model_experiments/segformer/exp2TTC_segformer-b2-finetuned-ade-512-512/processed_videos/segformer_model-BConcave+FConcave+3500_flipped/org_segmentation
2025-07-27 01:36:23,122 - INFO - All collision results already exist for BConcave+FConcave+3500_flipped
2025-07-27 01:36:23,123 - DEBUG - Loaded collision time for BConcave+FConcave+3500_flipped at IoU 0.05: 3833.3333333333335
2025-07-27 01:36:23,124 - DEBUG - Loaded collision time for BConcave+FConcave+3500_flipped at IoU 0.1: 4000.0
2025-07-27 01:36:23,125 - DEBUG - Loaded collision time for BConcave+FConcave+3500_flipped at IoU 0.15: 4100.0
2025-07-27 01:36:23,126 - DEBUG - Loaded collision time for BConcave+FConcave+3500_flipped at IoU 0.2: 4183.333333333334
2025-07-27 01:36:23,127 - DEBUG - Loaded collision time for BConcave+FConcave+3500_flipped at IoU 0.25: 4316.666666666666
2025-07-27 01:36:23,128 - DEBUG - Loaded collision time for BConcave+FConcave+3500_flipped at IoU 0.3: 4466.666666666667
2025-07-27 01:36:23,130 - DEBUG - Loaded collision time for BConcave+FConcave+3500_flipped at IoU 0.35: nan
2025-07-27 01:36:23,131 - DEBUG - Loaded collision time for BConcave+FConcave+3500_flipped at IoU 0.4: nan
2025-07-27 01:36:23,132 - DEBUG - Loaded collision time for BConcave+FConcave+3500_flipped at IoU 0.45: nan
2025-07-27 01:36:23,133 - DEBUG - Loaded collision time for BConcave+FConcave+3500_flipped at IoU 0.5: nan
2025-07-27 01:36:23,134 - DEBUG - Loaded collision time for BConcave+FConcave+3500_flipped at IoU 0.55: nan
2025-07-27 01:36:23,135 - DEBUG - Loaded collision time for BConcave+FConcave+3500_flipped at IoU 0.6: nan
2025-07-27 01:36:23,136 - DEBUG - Loaded collision time for BConcave+FConcave+3500_flipped at IoU 0.65: nan
2025-07-27 01:36:23,137 - DEBUG - Loaded collision time for BConcave+FConcave+3500_flipped at IoU 0.7: nan
2025-07-27 01:36:23,138 - DEBUG - Loaded collision time for BConcave+FConcave+3500_flipped at IoU 0.75: nan
2025-07-27 01:36:23,139 - DEBUG - Loaded collision time for BConcave+FConcave+3500_flipped at IoU 0.8: nan
2025-07-27 01:36:23,139 - DEBUG - Loaded collision time for BConcave+FConcave+3500_flipped at IoU 0.85: nan
2025-07-27 01:36:23,140 - DEBUG - Loaded collision time for BConcave+FConcave+3500_flipped at IoU 0.9: nan
2025-07-27 01:36:23,141 - DEBUG - Loaded collision time for BConcave+FConcave+3500_flipped at IoU 0.95: nan
2025-07-27 01:36:23,141 - INFO - Processing video: BConcave+FConcave+3700
2025-07-27 01:36:23,143 - INFO - Video BConcave+FConcave+3700 already processed (found segformer_model-BConcave+FConcave+3700.mp4), skipping video processing...
2025-07-27 01:36:23,158 - INFO - VanillaSegmentationSaver initialized with output dir: /home/projects/bagon/andreyg/Projects/Object_reps_neural/Programming/hugging_face/model_experiments/segformer/exp2TTC_segformer-b2-finetuned-ade-512-512/processed_videos/segformer_model-BConcave+FConcave+3700/org_segmentation
2025-07-27 01:36:23,163 - INFO - All collision results already exist for BConcave+FConcave+3700
2025-07-27 01:36:23,163 - DEBUG - Loaded collision time for BConcave+FConcave+3700 at IoU 0.05: 4000.0
2025-07-27 01:36:23,164 - DEBUG - Loaded collision time for BConcave+FConcave+3700 at IoU 0.1: 4150.0
2025-07-27 01:36:23,165 - DEBUG - Loaded collision time for BConcave+FConcave+3700 at IoU 0.15: 4250.0
2025-07-27 01:36:23,166 - DEBUG - Loaded collision time for BConcave+FConcave+3700 at IoU 0.2: 4350.0
2025-07-27 01:36:23,167 - DEBUG - Loaded collision time for BConcave+FConcave+3700 at IoU 0.25: 4433.333333333334
2025-07-27 01:36:23,168 - DEBUG - Loaded collision time for BConcave+FConcave+3700 at IoU 0.3: 4533.333333333333
2025-07-27 01:36:23,169 - DEBUG - Loaded collision time for BConcave+FConcave+3700 at IoU 0.35: 4650.0
2025-07-27 01:36:23,170 - DEBUG - Loaded collision time for BConcave+FConcave+3700 at IoU 0.4: 4750.0
2025-07-27 01:36:23,171 - DEBUG - Loaded collision time for BConcave+FConcave+3700 at IoU 0.45: nan
2025-07-27 01:36:23,172 - DEBUG - Loaded collision time for BConcave+FConcave+3700 at IoU 0.5: nan
2025-07-27 01:36:23,173 - DEBUG - Loaded collision time for BConcave+FConcave+3700 at IoU 0.55: nan
2025-07-27 01:36:23,174 - DEBUG - Loaded collision time for BConcave+FConcave+3700 at IoU 0.6: nan
2025-07-27 01:36:23,175 - DEBUG - Loaded collision time for BConcave+FConcave+3700 at IoU 0.65: nan
2025-07-27 01:36:23,175 - DEBUG - Loaded collision time for BConcave+FConcave+3700 at IoU 0.7: nan
2025-07-27 01:36:23,176 - DEBUG - Loaded collision time for BConcave+FConcave+3700 at IoU 0.75: nan
2025-07-27 01:36:23,177 - DEBUG - Loaded collision time for BConcave+FConcave+3700 at IoU 0.8: nan
2025-07-27 01:36:23,178 - DEBUG - Loaded collision time for BConcave+FConcave+3700 at IoU 0.85: nan
2025-07-27 01:36:23,179 - DEBUG - Loaded collision time for BConcave+FConcave+3700 at IoU 0.9: nan
2025-07-27 01:36:23,180 - DEBUG - Loaded collision time for BConcave+FConcave+3700 at IoU 0.95: nan
2025-07-27 01:36:23,180 - INFO - Processing video: BConcave+FConcave+3900_flipped
2025-07-27 01:36:23,182 - INFO - Video BConcave+FConcave+3900_flipped already processed (found segformer_model-BConcave+FConcave+3900_flipped.mp4), skipping video processing...
2025-07-27 01:36:23,196 - INFO - VanillaSegmentationSaver initialized with output dir: /home/projects/bagon/andreyg/Projects/Object_reps_neural/Programming/hugging_face/model_experiments/segformer/exp2TTC_segformer-b2-finetuned-ade-512-512/processed_videos/segformer_model-BConcave+FConcave+3900_flipped/org_segmentation
2025-07-27 01:36:23,201 - INFO - All collision results already exist for BConcave+FConcave+3900_flipped
2025-07-27 01:36:23,202 - DEBUG - Loaded collision time for BConcave+FConcave+3900_flipped at IoU 0.05: 4150.0
2025-07-27 01:36:23,203 - DEBUG - Loaded collision time for BConcave+FConcave+3900_flipped at IoU 0.1: 4533.333333333333
2025-07-27 01:36:23,204 - DEBUG - Loaded collision time for BConcave+FConcave+3900_flipped at IoU 0.15: 4800.0
2025-07-27 01:36:23,205 - DEBUG - Loaded collision time for BConcave+FConcave+3900_flipped at IoU 0.2: 4950.0
2025-07-27 01:36:23,206 - DEBUG - Loaded collision time for BConcave+FConcave+3900_flipped at IoU 0.25: 5033.333333333333
2025-07-27 01:36:23,207 - DEBUG - Loaded collision time for BConcave+FConcave+3900_flipped at IoU 0.3: nan
2025-07-27 01:36:23,208 - DEBUG - Loaded collision time for BConcave+FConcave+3900_flipped at IoU 0.35: nan
2025-07-27 01:36:23,209 - DEBUG - Loaded collision time for BConcave+FConcave+3900_flipped at IoU 0.4: nan
2025-07-27 01:36:23,210 - DEBUG - Loaded collision time for BConcave+FConcave+3900_flipped at IoU 0.45: nan
2025-07-27 01:36:23,211 - DEBUG - Loaded collision time for BConcave+FConcave+3900_flipped at IoU 0.5: nan
2025-07-27 01:36:23,212 - DEBUG - Loaded collision time for BConcave+FConcave+3900_flipped at IoU 0.55: nan
2025-07-27 01:36:23,212 - DEBUG - Loaded collision time for BConcave+FConcave+3900_flipped at IoU 0.6: nan
2025-07-27 01:36:23,213 - DEBUG - Loaded collision time for BConcave+FConcave+3900_flipped at IoU 0.65: nan
2025-07-27 01:36:23,214 - DEBUG - Loaded collision time for BConcave+FConcave+3900_flipped at IoU 0.7: nan
2025-07-27 01:36:23,215 - DEBUG - Loaded collision time for BConcave+FConcave+3900_flipped at IoU 0.75: nan
2025-07-27 01:36:23,216 - DEBUG - Loaded collision time for BConcave+FConcave+3900_flipped at IoU 0.8: nan
2025-07-27 01:36:23,218 - DEBUG - Loaded collision time for BConcave+FConcave+3900_flipped at IoU 0.85: nan
2025-07-27 01:36:23,218 - DEBUG - Loaded collision time for BConcave+FConcave+3900_flipped at IoU 0.9: nan
2025-07-27 01:36:23,219 - DEBUG - Loaded collision time for BConcave+FConcave+3900_flipped at IoU 0.95: nan
2025-07-27 01:36:23,219 - INFO - Processing video: BConcave+FConcave+4100
2025-07-27 01:36:23,221 - INFO - Video BConcave+FConcave+4100 already processed (found segformer_model-BConcave+FConcave+4100.mp4), skipping video processing...
2025-07-27 01:36:23,233 - INFO - VanillaSegmentationSaver initialized with output dir: /home/projects/bagon/andreyg/Projects/Object_reps_neural/Programming/hugging_face/model_experiments/segformer/exp2TTC_segformer-b2-finetuned-ade-512-512/processed_videos/segformer_model-BConcave+FConcave+4100/org_segmentation
2025-07-27 01:36:23,238 - INFO - All collision results already exist for BConcave+FConcave+4100
2025-07-27 01:36:23,239 - DEBUG - Loaded collision time for BConcave+FConcave+4100 at IoU 0.05: 4550.0
2025-07-27 01:36:23,240 - DEBUG - Loaded collision time for BConcave+FConcave+4100 at IoU 0.1: 4633.333333333334
2025-07-27 01:36:23,240 - DEBUG - Loaded collision time for BConcave+FConcave+4100 at IoU 0.15: 4733.333333333333
2025-07-27 01:36:23,241 - DEBUG - Loaded collision time for BConcave+FConcave+4100 at IoU 0.2: 4883.333333333334
2025-07-27 01:36:23,242 - DEBUG - Loaded collision time for BConcave+FConcave+4100 at IoU 0.25: 5000.0
2025-07-27 01:36:23,243 - DEBUG - Loaded collision time for BConcave+FConcave+4100 at IoU 0.3: nan
2025-07-27 01:36:23,244 - DEBUG - Loaded collision time for BConcave+FConcave+4100 at IoU 0.35: nan
2025-07-27 01:36:23,245 - DEBUG - Loaded collision time for BConcave+FConcave+4100 at IoU 0.4: nan
2025-07-27 01:36:23,246 - DEBUG - Loaded collision time for BConcave+FConcave+4100 at IoU 0.45: nan
2025-07-27 01:36:23,247 - DEBUG - Loaded collision time for BConcave+FConcave+4100 at IoU 0.5: nan
2025-07-27 01:36:23,248 - DEBUG - Loaded collision time for BConcave+FConcave+4100 at IoU 0.55: nan
2025-07-27 01:36:23,249 - DEBUG - Loaded collision time for BConcave+FConcave+4100 at IoU 0.6: nan
2025-07-27 01:36:23,250 - DEBUG - Loaded collision time for BConcave+FConcave+4100 at IoU 0.65: nan
2025-07-27 01:36:23,250 - DEBUG - Loaded collision time for BConcave+FConcave+4100 at IoU 0.7: nan
2025-07-27 01:36:23,251 - DEBUG - Loaded collision time for BConcave+FConcave+4100 at IoU 0.75: nan
2025-07-27 01:36:23,252 - DEBUG - Loaded collision time for BConcave+FConcave+4100 at IoU 0.8: nan
2025-07-27 01:36:23,253 - DEBUG - Loaded collision time for BConcave+FConcave+4100 at IoU 0.85: nan
2025-07-27 01:36:23,254 - DEBUG - Loaded collision time for BConcave+FConcave+4100 at IoU 0.9: nan
2025-07-27 01:36:23,255 - DEBUG - Loaded collision time for BConcave+FConcave+4100 at IoU 0.95: nan
2025-07-27 01:36:23,255 - INFO - Processing video: BConcave+FConcave+4300_flipped
2025-07-27 01:36:23,257 - INFO - Video BConcave+FConcave+4300_flipped already processed (found segformer_model-BConcave+FConcave+4300_flipped.mp4), skipping video processing...
2025-07-27 01:36:23,269 - INFO - VanillaSegmentationSaver initialized with output dir: /home/projects/bagon/andreyg/Projects/Object_reps_neural/Programming/hugging_face/model_experiments/segformer/exp2TTC_segformer-b2-finetuned-ade-512-512/processed_videos/segformer_model-BConcave+FConcave+4300_flipped/org_segmentation
2025-07-27 01:36:23,273 - INFO - All collision results already exist for BConcave+FConcave+4300_flipped
2025-07-27 01:36:23,274 - DEBUG - Loaded collision time for BConcave+FConcave+4300_flipped at IoU 0.05: 4500.0
2025-07-27 01:36:23,275 - DEBUG - Loaded collision time for BConcave+FConcave+4300_flipped at IoU 0.1: 4916.666666666667
2025-07-27 01:36:23,275 - DEBUG - Loaded collision time for BConcave+FConcave+4300_flipped at IoU 0.15: 5250.0
2025-07-27 01:36:23,276 - DEBUG - Loaded collision time for BConcave+FConcave+4300_flipped at IoU 0.2: 5400.0
2025-07-27 01:36:23,277 - DEBUG - Loaded collision time for BConcave+FConcave+4300_flipped at IoU 0.25: nan
2025-07-27 01:36:23,278 - DEBUG - Loaded collision time for BConcave+FConcave+4300_flipped at IoU 0.3: nan
2025-07-27 01:36:23,278 - DEBUG - Loaded collision time for BConcave+FConcave+4300_flipped at IoU 0.35: nan
2025-07-27 01:36:23,279 - DEBUG - Loaded collision time for BConcave+FConcave+4300_flipped at IoU 0.4: nan
2025-07-27 01:36:23,280 - DEBUG - Loaded collision time for BConcave+FConcave+4300_flipped at IoU 0.45: nan
2025-07-27 01:36:23,281 - DEBUG - Loaded collision time for BConcave+FConcave+4300_flipped at IoU 0.5: nan
2025-07-27 01:36:23,282 - DEBUG - Loaded collision time for BConcave+FConcave+4300_flipped at IoU 0.55: nan
2025-07-27 01:36:23,283 - DEBUG - Loaded collision time for BConcave+FConcave+4300_flipped at IoU 0.6: nan
2025-07-27 01:36:23,284 - DEBUG - Loaded collision time for BConcave+FConcave+4300_flipped at IoU 0.65: nan
2025-07-27 01:36:23,284 - DEBUG - Loaded collision time for BConcave+FConcave+4300_flipped at IoU 0.7: nan
2025-07-27 01:36:23,285 - DEBUG - Loaded collision time for BConcave+FConcave+4300_flipped at IoU 0.75: nan
2025-07-27 01:36:23,286 - DEBUG - Loaded collision time for BConcave+FConcave+4300_flipped at IoU 0.8: nan
2025-07-27 01:36:23,287 - DEBUG - Loaded collision time for BConcave+FConcave+4300_flipped at IoU 0.85: nan
2025-07-27 01:36:23,288 - DEBUG - Loaded collision time for BConcave+FConcave+4300_flipped at IoU 0.9: nan
2025-07-27 01:36:23,289 - DEBUG - Loaded collision time for BConcave+FConcave+4300_flipped at IoU 0.95: nan
2025-07-27 01:36:23,289 - INFO - Processing video: BConcave+FConcave+4500
2025-07-27 01:36:23,291 - INFO - Video BConcave+FConcave+4500 already processed (found segformer_model-BConcave+FConcave+4500.mp4), skipping video processing...
2025-07-27 01:36:23,302 - INFO - VanillaSegmentationSaver initialized with output dir: /home/projects/bagon/andreyg/Projects/Object_reps_neural/Programming/hugging_face/model_experiments/segformer/exp2TTC_segformer-b2-finetuned-ade-512-512/processed_videos/segformer_model-BConcave+FConcave+4500/org_segmentation
2025-07-27 01:36:23,307 - INFO - All collision results already exist for BConcave+FConcave+4500
2025-07-27 01:36:23,308 - DEBUG - Loaded collision time for BConcave+FConcave+4500 at IoU 0.05: 4800.0
2025-07-27 01:36:23,309 - DEBUG - Loaded collision time for BConcave+FConcave+4500 at IoU 0.1: 4933.333333333334
2025-07-27 01:36:23,309 - DEBUG - Loaded collision time for BConcave+FConcave+4500 at IoU 0.15: 5050.0
2025-07-27 01:36:23,310 - DEBUG - Loaded collision time for BConcave+FConcave+4500 at IoU 0.2: 5133.333333333334
2025-07-27 01:36:23,311 - DEBUG - Loaded collision time for BConcave+FConcave+4500 at IoU 0.25: 5233.333333333333
2025-07-27 01:36:23,312 - DEBUG - Loaded collision time for BConcave+FConcave+4500 at IoU 0.3: 5316.666666666666
2025-07-27 01:36:23,313 - DEBUG - Loaded collision time for BConcave+FConcave+4500 at IoU 0.35: 5416.666666666667
2025-07-27 01:36:23,314 - DEBUG - Loaded collision time for BConcave+FConcave+4500 at IoU 0.4: nan
2025-07-27 01:36:23,315 - DEBUG - Loaded collision time for BConcave+FConcave+4500 at IoU 0.45: nan
2025-07-27 01:36:23,315 - DEBUG - Loaded collision time for BConcave+FConcave+4500 at IoU 0.5: nan
2025-07-27 01:36:23,316 - DEBUG - Loaded collision time for BConcave+FConcave+4500 at IoU 0.55: nan
2025-07-27 01:36:23,317 - DEBUG - Loaded collision time for BConcave+FConcave+4500 at IoU 0.6: nan
2025-07-27 01:36:23,318 - DEBUG - Loaded collision time for BConcave+FConcave+4500 at IoU 0.65: nan
2025-07-27 01:36:23,319 - DEBUG - Loaded collision time for BConcave+FConcave+4500 at IoU 0.7: nan
2025-07-27 01:36:23,320 - DEBUG - Loaded collision time for BConcave+FConcave+4500 at IoU 0.75: nan
2025-07-27 01:36:23,320 - DEBUG - Loaded collision time for BConcave+FConcave+4500 at IoU 0.8: nan
2025-07-27 01:36:23,322 - DEBUG - Loaded collision time for BConcave+FConcave+4500 at IoU 0.85: nan
2025-07-27 01:36:23,323 - DEBUG - Loaded collision time for BConcave+FConcave+4500 at IoU 0.9: nan
2025-07-27 01:36:23,323 - DEBUG - Loaded collision time for BConcave+FConcave+4500 at IoU 0.95: nan
2025-07-27 01:36:23,324 - INFO - Processing video: BConcave+FConvex+3500
2025-07-27 01:36:23,325 - INFO - Video BConcave+FConvex+3500 already processed (found segformer_model-BConcave+FConvex+3500.mp4), skipping video processing...
2025-07-27 01:36:23,342 - INFO - VanillaSegmentationSaver initialized with output dir: /home/projects/bagon/andreyg/Projects/Object_reps_neural/Programming/hugging_face/model_experiments/segformer/exp2TTC_segformer-b2-finetuned-ade-512-512/processed_videos/segformer_model-BConcave+FConvex+3500/org_segmentation
2025-07-27 01:36:23,347 - INFO - All collision results already exist for BConcave+FConvex+3500
2025-07-27 01:36:23,348 - DEBUG - Loaded collision time for BConcave+FConvex+3500 at IoU 0.05: 3883.3333333333335
2025-07-27 01:36:23,348 - DEBUG - Loaded collision time for BConcave+FConvex+3500 at IoU 0.1: 4133.333333333334
2025-07-27 01:36:23,349 - DEBUG - Loaded collision time for BConcave+FConvex+3500 at IoU 0.15: 4516.666666666667
2025-07-27 01:36:23,350 - DEBUG - Loaded collision time for BConcave+FConvex+3500 at IoU 0.2: nan
2025-07-27 01:36:23,351 - DEBUG - Loaded collision time for BConcave+FConvex+3500 at IoU 0.25: nan
2025-07-27 01:36:23,351 - DEBUG - Loaded collision time for BConcave+FConvex+3500 at IoU 0.3: nan
2025-07-27 01:36:23,352 - DEBUG - Loaded collision time for BConcave+FConvex+3500 at IoU 0.35: nan
2025-07-27 01:36:23,353 - DEBUG - Loaded collision time for BConcave+FConvex+3500 at IoU 0.4: nan
2025-07-27 01:36:23,354 - DEBUG - Loaded collision time for BConcave+FConvex+3500 at IoU 0.45: nan
2025-07-27 01:36:23,354 - DEBUG - Loaded collision time for BConcave+FConvex+3500 at IoU 0.5: nan
2025-07-27 01:36:23,355 - DEBUG - Loaded collision time for BConcave+FConvex+3500 at IoU 0.55: nan
2025-07-27 01:36:23,356 - DEBUG - Loaded collision time for BConcave+FConvex+3500 at IoU 0.6: nan
2025-07-27 01:36:23,357 - DEBUG - Loaded collision time for BConcave+FConvex+3500 at IoU 0.65: nan
2025-07-27 01:36:23,358 - DEBUG - Loaded collision time for BConcave+FConvex+3500 at IoU 0.7: nan
2025-07-27 01:36:23,359 - DEBUG - Loaded collision time for BConcave+FConvex+3500 at IoU 0.75: nan
2025-07-27 01:36:23,359 - DEBUG - Loaded collision time for BConcave+FConvex+3500 at IoU 0.8: nan
2025-07-27 01:36:23,360 - DEBUG - Loaded collision time for BConcave+FConvex+3500 at IoU 0.85: nan
2025-07-27 01:36:23,361 - DEBUG - Loaded collision time for BConcave+FConvex+3500 at IoU 0.9: nan
2025-07-27 01:36:23,362 - DEBUG - Loaded collision time for BConcave+FConvex+3500 at IoU 0.95: nan
2025-07-27 01:36:23,362 - INFO - Processing video: BConcave+FConvex+3700_flipped
2025-07-27 01:36:23,364 - INFO - Video BConcave+FConvex+3700_flipped already processed (found segformer_model-BConcave+FConvex+3700_flipped.mp4), skipping video processing...
2025-07-27 01:36:23,376 - INFO - VanillaSegmentationSaver initialized with output dir: /home/projects/bagon/andreyg/Projects/Object_reps_neural/Programming/hugging_face/model_experiments/segformer/exp2TTC_segformer-b2-finetuned-ade-512-512/processed_videos/segformer_model-BConcave+FConvex+3700_flipped/org_segmentation
2025-07-27 01:36:23,382 - INFO - All collision results already exist for BConcave+FConvex+3700_flipped
2025-07-27 01:36:23,383 - DEBUG - Loaded collision time for BConcave+FConvex+3700_flipped at IoU 0.05: 4166.666666666667
2025-07-27 01:36:23,384 - DEBUG - Loaded collision time for BConcave+FConvex+3700_flipped at IoU 0.1: 4300.0
2025-07-27 01:36:23,385 - DEBUG - Loaded collision time for BConcave+FConvex+3700_flipped at IoU 0.15: 4416.666666666667
2025-07-27 01:36:23,385 - DEBUG - Loaded collision time for BConcave+FConvex+3700_flipped at IoU 0.2: 4533.333333333333
2025-07-27 01:36:23,386 - DEBUG - Loaded collision time for BConcave+FConvex+3700_flipped at IoU 0.25: 4633.333333333334
2025-07-27 01:36:23,387 - DEBUG - Loaded collision time for BConcave+FConvex+3700_flipped at IoU 0.3: 4733.333333333333
2025-07-27 01:36:23,388 - DEBUG - Loaded collision time for BConcave+FConvex+3700_flipped at IoU 0.35: 4866.666666666666
2025-07-27 01:36:23,388 - DEBUG - Loaded collision time for BConcave+FConvex+3700_flipped at IoU 0.4: nan
2025-07-27 01:36:23,389 - DEBUG - Loaded collision time for BConcave+FConvex+3700_flipped at IoU 0.45: nan
2025-07-27 01:36:23,390 - DEBUG - Loaded collision time for BConcave+FConvex+3700_flipped at IoU 0.5: nan
2025-07-27 01:36:23,391 - DEBUG - Loaded collision time for BConcave+FConvex+3700_flipped at IoU 0.55: nan
2025-07-27 01:36:23,392 - DEBUG - Loaded collision time for BConcave+FConvex+3700_flipped at IoU 0.6: nan
2025-07-27 01:36:23,393 - DEBUG - Loaded collision time for BConcave+FConvex+3700_flipped at IoU 0.65: nan
2025-07-27 01:36:23,394 - DEBUG - Loaded collision time for BConcave+FConvex+3700_flipped at IoU 0.7: nan
2025-07-27 01:36:23,395 - DEBUG - Loaded collision time for BConcave+FConvex+3700_flipped at IoU 0.75: nan
2025-07-27 01:36:23,396 - DEBUG - Loaded collision time for BConcave+FConvex+3700_flipped at IoU 0.8: nan
2025-07-27 01:36:23,397 - DEBUG - Loaded collision time for BConcave+FConvex+3700_flipped at IoU 0.85: nan
2025-07-27 01:36:23,398 - DEBUG - Loaded collision time for BConcave+FConvex+3700_flipped at IoU 0.9: nan
2025-07-27 01:36:23,399 - DEBUG - Loaded collision time for BConcave+FConvex+3700_flipped at IoU 0.95: nan
2025-07-27 01:36:23,399 - INFO - Processing video: BConcave+FConvex+3900
2025-07-27 01:36:23,401 - INFO - Video BConcave+FConvex+3900 already processed (found segformer_model-BConcave+FConvex+3900.mp4), skipping video processing...
2025-07-27 01:36:23,413 - INFO - VanillaSegmentationSaver initialized with output dir: /home/projects/bagon/andreyg/Projects/Object_reps_neural/Programming/hugging_face/model_experiments/segformer/exp2TTC_segformer-b2-finetuned-ade-512-512/processed_videos/segformer_model-BConcave+FConvex+3900/org_segmentation
2025-07-27 01:36:23,418 - INFO - All collision results already exist for BConcave+FConvex+3900
2025-07-27 01:36:23,419 - DEBUG - Loaded collision time for BConcave+FConvex+3900 at IoU 0.05: 4633.333333333334
2025-07-27 01:36:23,420 - DEBUG - Loaded collision time for BConcave+FConvex+3900 at IoU 0.1: 4866.666666666666
2025-07-27 01:36:23,421 - DEBUG - Loaded collision time for BConcave+FConvex+3900 at IoU 0.15: nan
2025-07-27 01:36:23,422 - DEBUG - Loaded collision time for BConcave+FConvex+3900 at IoU 0.2: nan
2025-07-27 01:36:23,423 - DEBUG - Loaded collision time for BConcave+FConvex+3900 at IoU 0.25: nan
2025-07-27 01:36:23,424 - DEBUG - Loaded collision time for BConcave+FConvex+3900 at IoU 0.3: nan
2025-07-27 01:36:23,425 - DEBUG - Loaded collision time for BConcave+FConvex+3900 at IoU 0.35: nan
2025-07-27 01:36:23,426 - DEBUG - Loaded collision time for BConcave+FConvex+3900 at IoU 0.4: nan
2025-07-27 01:36:23,427 - DEBUG - Loaded collision time for BConcave+FConvex+3900 at IoU 0.45: nan
2025-07-27 01:36:23,428 - DEBUG - Loaded collision time for BConcave+FConvex+3900 at IoU 0.5: nan
2025-07-27 01:36:23,429 - DEBUG - Loaded collision time for BConcave+FConvex+3900 at IoU 0.55: nan
2025-07-27 01:36:23,429 - DEBUG - Loaded collision time for BConcave+FConvex+3900 at IoU 0.6: nan
2025-07-27 01:36:23,430 - DEBUG - Loaded collision time for BConcave+FConvex+3900 at IoU 0.65: nan
2025-07-27 01:36:23,431 - DEBUG - Loaded collision time for BConcave+FConvex+3900 at IoU 0.7: nan
2025-07-27 01:36:23,433 - DEBUG - Loaded collision time for BConcave+FConvex+3900 at IoU 0.75: nan
2025-07-27 01:36:23,434 - DEBUG - Loaded collision time for BConcave+FConvex+3900 at IoU 0.8: nan
2025-07-27 01:36:23,435 - DEBUG - Loaded collision time for BConcave+FConvex+3900 at IoU 0.85: nan
2025-07-27 01:36:23,436 - DEBUG - Loaded collision time for BConcave+FConvex+3900 at IoU 0.9: nan
2025-07-27 01:36:23,437 - DEBUG - Loaded collision time for BConcave+FConvex+3900 at IoU 0.95: nan
2025-07-27 01:36:23,437 - INFO - Processing video: BConcave+FConvex+4100_flipped
2025-07-27 01:36:23,440 - INFO - Video BConcave+FConvex+4100_flipped already processed (found segformer_model-BConcave+FConvex+4100_flipped.mp4), skipping video processing...
2025-07-27 01:36:23,453 - INFO - VanillaSegmentationSaver initialized with output dir: /home/projects/bagon/andreyg/Projects/Object_reps_neural/Programming/hugging_face/model_experiments/segformer/exp2TTC_segformer-b2-finetuned-ade-512-512/processed_videos/segformer_model-BConcave+FConvex+4100_flipped/org_segmentation
2025-07-27 01:36:23,468 - INFO - All collision results already exist for BConcave+FConvex+4100_flipped
2025-07-27 01:36:23,469 - DEBUG - Loaded collision time for BConcave+FConvex+4100_flipped at IoU 0.05: 4566.666666666666
2025-07-27 01:36:23,469 - DEBUG - Loaded collision time for BConcave+FConvex+4100_flipped at IoU 0.1: 4716.666666666667
2025-07-27 01:36:23,470 - DEBUG - Loaded collision time for BConcave+FConvex+4100_flipped at IoU 0.15: 4833.333333333333
2025-07-27 01:36:23,471 - DEBUG - Loaded collision time for BConcave+FConvex+4100_flipped at IoU 0.2: 4983.333333333333
2025-07-27 01:36:23,472 - DEBUG - Loaded collision time for BConcave+FConvex+4100_flipped at IoU 0.25: 5116.666666666666
2025-07-27 01:36:23,473 - DEBUG - Loaded collision time for BConcave+FConvex+4100_flipped at IoU 0.3: nan
2025-07-27 01:36:23,474 - DEBUG - Loaded collision time for BConcave+FConvex+4100_flipped at IoU 0.35: nan
2025-07-27 01:36:23,475 - DEBUG - Loaded collision time for BConcave+FConvex+4100_flipped at IoU 0.4: nan
2025-07-27 01:36:23,476 - DEBUG - Loaded collision time for BConcave+FConvex+4100_flipped at IoU 0.45: nan
2025-07-27 01:36:23,477 - DEBUG - Loaded collision time for BConcave+FConvex+4100_flipped at IoU 0.5: nan
2025-07-27 01:36:23,478 - DEBUG - Loaded collision time for BConcave+FConvex+4100_flipped at IoU 0.55: nan
2025-07-27 01:36:23,479 - DEBUG - Loaded collision time for BConcave+FConvex+4100_flipped at IoU 0.6: nan
2025-07-27 01:36:23,480 - DEBUG - Loaded collision time for BConcave+FConvex+4100_flipped at IoU 0.65: nan
2025-07-27 01:36:23,480 - DEBUG - Loaded collision time for BConcave+FConvex+4100_flipped at IoU 0.7: nan
2025-07-27 01:36:23,481 - DEBUG - Loaded collision time for BConcave+FConvex+4100_flipped at IoU 0.75: nan
2025-07-27 01:36:23,482 - DEBUG - Loaded collision time for BConcave+FConvex+4100_flipped at IoU 0.8: nan
2025-07-27 01:36:23,483 - DEBUG - Loaded collision time for BConcave+FConvex+4100_flipped at IoU 0.85: nan
2025-07-27 01:36:23,484 - DEBUG - Loaded collision time for BConcave+FConvex+4100_flipped at IoU 0.9: nan
2025-07-27 01:36:23,485 - DEBUG - Loaded collision time for BConcave+FConvex+4100_flipped at IoU 0.95: nan
2025-07-27 01:36:23,485 - INFO - Processing video: BConcave+FConvex+4300
2025-07-27 01:36:23,488 - INFO - Video BConcave+FConvex+4300 already processed (found segformer_model-BConcave+FConvex+4300.mp4), skipping video processing...
2025-07-27 01:36:23,499 - INFO - VanillaSegmentationSaver initialized with output dir: /home/projects/bagon/andreyg/Projects/Object_reps_neural/Programming/hugging_face/model_experiments/segformer/exp2TTC_segformer-b2-finetuned-ade-512-512/processed_videos/segformer_model-BConcave+FConvex+4300/org_segmentation
2025-07-27 01:36:23,505 - INFO - All collision results already exist for BConcave+FConvex+4300
2025-07-27 01:36:23,505 - DEBUG - Loaded collision time for BConcave+FConvex+4300 at IoU 0.05: 4716.666666666667
2025-07-27 01:36:23,506 - DEBUG - Loaded collision time for BConcave+FConvex+4300 at IoU 0.1: 4883.333333333334
2025-07-27 01:36:23,507 - DEBUG - Loaded collision time for BConcave+FConvex+4300 at IoU 0.15: 5000.0
2025-07-27 01:36:23,508 - DEBUG - Loaded collision time for BConcave+FConvex+4300 at IoU 0.2: 5100.0
2025-07-27 01:36:23,509 - DEBUG - Loaded collision time for BConcave+FConvex+4300 at IoU 0.25: 5200.0
2025-07-27 01:36:23,510 - DEBUG - Loaded collision time for BConcave+FConvex+4300 at IoU 0.3: 5283.333333333333
2025-07-27 01:36:23,511 - DEBUG - Loaded collision time for BConcave+FConvex+4300 at IoU 0.35: 5400.0
2025-07-27 01:36:23,512 - DEBUG - Loaded collision time for BConcave+FConvex+4300 at IoU 0.4: nan
2025-07-27 01:36:23,513 - DEBUG - Loaded collision time for BConcave+FConvex+4300 at IoU 0.45: nan
2025-07-27 01:36:23,514 - DEBUG - Loaded collision time for BConcave+FConvex+4300 at IoU 0.5: nan
2025-07-27 01:36:23,515 - DEBUG - Loaded collision time for BConcave+FConvex+4300 at IoU 0.55: nan
2025-07-27 01:36:23,516 - DEBUG - Loaded collision time for BConcave+FConvex+4300 at IoU 0.6: nan
2025-07-27 01:36:23,517 - DEBUG - Loaded collision time for BConcave+FConvex+4300 at IoU 0.65: nan
2025-07-27 01:36:23,518 - DEBUG - Loaded collision time for BConcave+FConvex+4300 at IoU 0.7: nan
2025-07-27 01:36:23,519 - DEBUG - Loaded collision time for BConcave+FConvex+4300 at IoU 0.75: nan
2025-07-27 01:36:23,519 - DEBUG - Loaded collision time for BConcave+FConvex+4300 at IoU 0.8: nan
2025-07-27 01:36:23,520 - DEBUG - Loaded collision time for BConcave+FConvex+4300 at IoU 0.85: nan
2025-07-27 01:36:23,521 - DEBUG - Loaded collision time for BConcave+FConvex+4300 at IoU 0.9: nan
2025-07-27 01:36:23,522 - DEBUG - Loaded collision time for BConcave+FConvex+4300 at IoU 0.95: nan
2025-07-27 01:36:23,522 - INFO - Processing video: BConcave+FConvex+4500_flipped
2025-07-27 01:36:23,524 - INFO - Video BConcave+FConvex+4500_flipped already processed (found segformer_model-BConcave+FConvex+4500_flipped.mp4), skipping video processing...
2025-07-27 01:36:23,538 - INFO - VanillaSegmentationSaver initialized with output dir: /home/projects/bagon/andreyg/Projects/Object_reps_neural/Programming/hugging_face/model_experiments/segformer/exp2TTC_segformer-b2-finetuned-ade-512-512/processed_videos/segformer_model-BConcave+FConvex+4500_flipped/org_segmentation
2025-07-27 01:36:23,544 - INFO - All collision results already exist for BConcave+FConvex+4500_flipped
2025-07-27 01:36:23,545 - DEBUG - Loaded collision time for BConcave+FConvex+4500_flipped at IoU 0.05: 4900.0
2025-07-27 01:36:23,546 - DEBUG - Loaded collision time for BConcave+FConvex+4500_flipped at IoU 0.1: 5066.666666666666
2025-07-27 01:36:23,547 - DEBUG - Loaded collision time for BConcave+FConvex+4500_flipped at IoU 0.15: 5216.666666666667
2025-07-27 01:36:23,548 - DEBUG - Loaded collision time for BConcave+FConvex+4500_flipped at IoU 0.2: 5300.0
2025-07-27 01:36:23,549 - DEBUG - Loaded collision time for BConcave+FConvex+4500_flipped at IoU 0.25: 5400.0
2025-07-27 01:36:23,550 - DEBUG - Loaded collision time for BConcave+FConvex+4500_flipped at IoU 0.3: nan
2025-07-27 01:36:23,551 - DEBUG - Loaded collision time for BConcave+FConvex+4500_flipped at IoU 0.35: nan
2025-07-27 01:36:23,552 - DEBUG - Loaded collision time for BConcave+FConvex+4500_flipped at IoU 0.4: nan
2025-07-27 01:36:23,553 - DEBUG - Loaded collision time for BConcave+FConvex+4500_flipped at IoU 0.45: nan
2025-07-27 01:36:23,554 - DEBUG - Loaded collision time for BConcave+FConvex+4500_flipped at IoU 0.5: nan
2025-07-27 01:36:23,554 - DEBUG - Loaded collision time for BConcave+FConvex+4500_flipped at IoU 0.55: nan
2025-07-27 01:36:23,555 - DEBUG - Loaded collision time for BConcave+FConvex+4500_flipped at IoU 0.6: nan
2025-07-27 01:36:23,556 - DEBUG - Loaded collision time for BConcave+FConvex+4500_flipped at IoU 0.65: nan
2025-07-27 01:36:23,557 - DEBUG - Loaded collision time for BConcave+FConvex+4500_flipped at IoU 0.7: nan
2025-07-27 01:36:23,558 - DEBUG - Loaded collision time for BConcave+FConvex+4500_flipped at IoU 0.75: nan
2025-07-27 01:36:23,559 - DEBUG - Loaded collision time for BConcave+FConvex+4500_flipped at IoU 0.8: nan
2025-07-27 01:36:23,560 - DEBUG - Loaded collision time for BConcave+FConvex+4500_flipped at IoU 0.85: nan
2025-07-27 01:36:23,561 - DEBUG - Loaded collision time for BConcave+FConvex+4500_flipped at IoU 0.9: nan
2025-07-27 01:36:23,562 - DEBUG - Loaded collision time for BConcave+FConvex+4500_flipped at IoU 0.95: nan
2025-07-27 01:36:23,562 - INFO - Processing video: BConcave+gConcave+3500_flipped
2025-07-27 01:36:23,564 - INFO - Video BConcave+gConcave+3500_flipped already processed (found segformer_model-BConcave+gConcave+3500_flipped.mp4), skipping video processing...
2025-07-27 01:36:23,578 - INFO - VanillaSegmentationSaver initialized with output dir: /home/projects/bagon/andreyg/Projects/Object_reps_neural/Programming/hugging_face/model_experiments/segformer/exp2TTC_segformer-b2-finetuned-ade-512-512/processed_videos/segformer_model-BConcave+gConcave+3500_flipped/org_segmentation
2025-07-27 01:36:23,583 - INFO - All collision results already exist for BConcave+gConcave+3500_flipped
2025-07-27 01:36:23,584 - DEBUG - Loaded collision time for BConcave+gConcave+3500_flipped at IoU 0.05: nan
2025-07-27 01:36:23,585 - DEBUG - Loaded collision time for BConcave+gConcave+3500_flipped at IoU 0.1: nan
2025-07-27 01:36:23,586 - DEBUG - Loaded collision time for BConcave+gConcave+3500_flipped at IoU 0.15: nan
2025-07-27 01:36:23,587 - DEBUG - Loaded collision time for BConcave+gConcave+3500_flipped at IoU 0.2: nan
2025-07-27 01:36:23,588 - DEBUG - Loaded collision time for BConcave+gConcave+3500_flipped at IoU 0.25: nan
2025-07-27 01:36:23,589 - DEBUG - Loaded collision time for BConcave+gConcave+3500_flipped at IoU 0.3: nan
2025-07-27 01:36:23,590 - DEBUG - Loaded collision time for BConcave+gConcave+3500_flipped at IoU 0.35: nan
2025-07-27 01:36:23,591 - DEBUG - Loaded collision time for BConcave+gConcave+3500_flipped at IoU 0.4: nan
2025-07-27 01:36:23,594 - DEBUG - Loaded collision time for BConcave+gConcave+3500_flipped at IoU 0.45: nan
2025-07-27 01:36:23,597 - DEBUG - Loaded collision time for BConcave+gConcave+3500_flipped at IoU 0.5: nan
2025-07-27 01:36:23,598 - DEBUG - Loaded collision time for BConcave+gConcave+3500_flipped at IoU 0.55: nan
2025-07-27 01:36:23,600 - DEBUG - Loaded collision time for BConcave+gConcave+3500_flipped at IoU 0.6: nan
2025-07-27 01:36:23,601 - DEBUG - Loaded collision time for BConcave+gConcave+3500_flipped at IoU 0.65: nan
2025-07-27 01:36:23,602 - DEBUG - Loaded collision time for BConcave+gConcave+3500_flipped at IoU 0.7: nan
2025-07-27 01:36:23,603 - DEBUG - Loaded collision time for BConcave+gConcave+3500_flipped at IoU 0.75: nan
2025-07-27 01:36:23,604 - DEBUG - Loaded collision time for BConcave+gConcave+3500_flipped at IoU 0.8: nan
2025-07-27 01:36:23,605 - DEBUG - Loaded collision time for BConcave+gConcave+3500_flipped at IoU 0.85: nan
2025-07-27 01:36:23,606 - DEBUG - Loaded collision time for BConcave+gConcave+3500_flipped at IoU 0.9: nan
2025-07-27 01:36:23,607 - DEBUG - Loaded collision time for BConcave+gConcave+3500_flipped at IoU 0.95: nan
2025-07-27 01:36:23,607 - INFO - Processing video: BConcave+gConcave+3700
2025-07-27 01:36:23,611 - INFO - Video BConcave+gConcave+3700 already processed (found segformer_model-BConcave+gConcave+3700.mp4), skipping video processing...
2025-07-27 01:36:23,623 - INFO - VanillaSegmentationSaver initialized with output dir: /home/projects/bagon/andreyg/Projects/Object_reps_neural/Programming/hugging_face/model_experiments/segformer/exp2TTC_segformer-b2-finetuned-ade-512-512/processed_videos/segformer_model-BConcave+gConcave+3700/org_segmentation
2025-07-27 01:36:23,628 - INFO - All collision results already exist for BConcave+gConcave+3700
2025-07-27 01:36:23,629 - DEBUG - Loaded collision time for BConcave+gConcave+3700 at IoU 0.05: 3966.666666666667
2025-07-27 01:36:23,630 - DEBUG - Loaded collision time for BConcave+gConcave+3700 at IoU 0.1: 4066.6666666666665
2025-07-27 01:36:23,631 - DEBUG - Loaded collision time for BConcave+gConcave+3700 at IoU 0.15: 4166.666666666667
2025-07-27 01:36:23,632 - DEBUG - Loaded collision time for BConcave+gConcave+3700 at IoU 0.2: 4233.333333333333
2025-07-27 01:36:23,633 - DEBUG - Loaded collision time for BConcave+gConcave+3700 at IoU 0.25: 4333.333333333333
2025-07-27 01:36:23,634 - DEBUG - Loaded collision time for BConcave+gConcave+3700 at IoU 0.3: nan
2025-07-27 01:36:23,635 - DEBUG - Loaded collision time for BConcave+gConcave+3700 at IoU 0.35: nan
2025-07-27 01:36:23,636 - DEBUG - Loaded collision time for BConcave+gConcave+3700 at IoU 0.4: nan
2025-07-27 01:36:23,637 - DEBUG - Loaded collision time for BConcave+gConcave+3700 at IoU 0.45: nan
2025-07-27 01:36:23,638 - DEBUG - Loaded collision time for BConcave+gConcave+3700 at IoU 0.5: nan
2025-07-27 01:36:23,639 - DEBUG - Loaded collision time for BConcave+gConcave+3700 at IoU 0.55: nan
2025-07-27 01:36:23,640 - DEBUG - Loaded collision time for BConcave+gConcave+3700 at IoU 0.6: nan
2025-07-27 01:36:23,641 - DEBUG - Loaded collision time for BConcave+gConcave+3700 at IoU 0.65: nan
2025-07-27 01:36:23,642 - DEBUG - Loaded collision time for BConcave+gConcave+3700 at IoU 0.7: nan
2025-07-27 01:36:23,643 - DEBUG - Loaded collision time for BConcave+gConcave+3700 at IoU 0.75: nan
2025-07-27 01:36:23,644 - DEBUG - Loaded collision time for BConcave+gConcave+3700 at IoU 0.8: nan
2025-07-27 01:36:23,644 - DEBUG - Loaded collision time for BConcave+gConcave+3700 at IoU 0.85: nan
2025-07-27 01:36:23,645 - DEBUG - Loaded collision time for BConcave+gConcave+3700 at IoU 0.9: nan
2025-07-27 01:36:23,646 - DEBUG - Loaded collision time for BConcave+gConcave+3700 at IoU 0.95: nan
2025-07-27 01:36:23,646 - INFO - Processing video: BConcave+gConcave+3900_flipped
2025-07-27 01:36:23,649 - INFO - Video BConcave+gConcave+3900_flipped already processed (found segformer_model-BConcave+gConcave+3900_flipped.mp4), skipping video processing...
2025-07-27 01:36:23,664 - INFO - VanillaSegmentationSaver initialized with output dir: /home/projects/bagon/andreyg/Projects/Object_reps_neural/Programming/hugging_face/model_experiments/segformer/exp2TTC_segformer-b2-finetuned-ade-512-512/processed_videos/segformer_model-BConcave+gConcave+3900_flipped/org_segmentation
2025-07-27 01:36:23,670 - INFO - All collision results already exist for BConcave+gConcave+3900_flipped
2025-07-27 01:36:23,671 - DEBUG - Loaded collision time for BConcave+gConcave+3900_flipped at IoU 0.05: 4033.333333333333
2025-07-27 01:36:23,671 - DEBUG - Loaded collision time for BConcave+gConcave+3900_flipped at IoU 0.1: 4150.0
2025-07-27 01:36:23,672 - DEBUG - Loaded collision time for BConcave+gConcave+3900_flipped at IoU 0.15: 4266.666666666667
2025-07-27 01:36:23,673 - DEBUG - Loaded collision time for BConcave+gConcave+3900_flipped at IoU 0.2: 4350.0
2025-07-27 01:36:23,675 - DEBUG - Loaded collision time for BConcave+gConcave+3900_flipped at IoU 0.25: 4433.333333333334
2025-07-27 01:36:23,676 - DEBUG - Loaded collision time for BConcave+gConcave+3900_flipped at IoU 0.3: 4616.666666666666
2025-07-27 01:36:23,677 - DEBUG - Loaded collision time for BConcave+gConcave+3900_flipped at IoU 0.35: nan
2025-07-27 01:36:23,678 - DEBUG - Loaded collision time for BConcave+gConcave+3900_flipped at IoU 0.4: nan
2025-07-27 01:36:23,679 - DEBUG - Loaded collision time for BConcave+gConcave+3900_flipped at IoU 0.45: nan
2025-07-27 01:36:23,680 - DEBUG - Loaded collision time for BConcave+gConcave+3900_flipped at IoU 0.5: nan
2025-07-27 01:36:23,681 - DEBUG - Loaded collision time for BConcave+gConcave+3900_flipped at IoU 0.55: nan
2025-07-27 01:36:23,682 - DEBUG - Loaded collision time for BConcave+gConcave+3900_flipped at IoU 0.6: nan
2025-07-27 01:36:23,682 - DEBUG - Loaded collision time for BConcave+gConcave+3900_flipped at IoU 0.65: nan
2025-07-27 01:36:23,683 - DEBUG - Loaded collision time for BConcave+gConcave+3900_flipped at IoU 0.7: nan
2025-07-27 01:36:23,684 - DEBUG - Loaded collision time for BConcave+gConcave+3900_flipped at IoU 0.75: nan
2025-07-27 01:36:23,686 - DEBUG - Loaded collision time for BConcave+gConcave+3900_flipped at IoU 0.8: nan
2025-07-27 01:36:23,687 - DEBUG - Loaded collision time for BConcave+gConcave+3900_flipped at IoU 0.85: nan
2025-07-27 01:36:23,688 - DEBUG - Loaded collision time for BConcave+gConcave+3900_flipped at IoU 0.9: nan
2025-07-27 01:36:23,688 - DEBUG - Loaded collision time for BConcave+gConcave+3900_flipped at IoU 0.95: nan
2025-07-27 01:36:23,689 - INFO - Processing video: BConcave+gConcave+4100
2025-07-27 01:36:23,691 - INFO - Video BConcave+gConcave+4100 already processed (found segformer_model-BConcave+gConcave+4100.mp4), skipping video processing...
2025-07-27 01:36:23,704 - INFO - VanillaSegmentationSaver initialized with output dir: /home/projects/bagon/andreyg/Projects/Object_reps_neural/Programming/hugging_face/model_experiments/segformer/exp2TTC_segformer-b2-finetuned-ade-512-512/processed_videos/segformer_model-BConcave+gConcave+4100/org_segmentation
2025-07-27 01:36:23,709 - INFO - All collision results already exist for BConcave+gConcave+4100
2025-07-27 01:36:23,710 - DEBUG - Loaded collision time for BConcave+gConcave+4100 at IoU 0.05: 4350.0
2025-07-27 01:36:23,711 - DEBUG - Loaded collision time for BConcave+gConcave+4100 at IoU 0.1: 4466.666666666667
2025-07-27 01:36:23,712 - DEBUG - Loaded collision time for BConcave+gConcave+4100 at IoU 0.15: 4566.666666666666
2025-07-27 01:36:23,713 - DEBUG - Loaded collision time for BConcave+gConcave+4100 at IoU 0.2: 4700.0
2025-07-27 01:36:23,713 - DEBUG - Loaded collision time for BConcave+gConcave+4100 at IoU 0.25: nan
2025-07-27 01:36:23,714 - DEBUG - Loaded collision time for BConcave+gConcave+4100 at IoU 0.3: nan
2025-07-27 01:36:23,715 - DEBUG - Loaded collision time for BConcave+gConcave+4100 at IoU 0.35: nan
2025-07-27 01:36:23,716 - DEBUG - Loaded collision time for BConcave+gConcave+4100 at IoU 0.4: nan
2025-07-27 01:36:23,716 - DEBUG - Loaded collision time for BConcave+gConcave+4100 at IoU 0.45: nan
2025-07-27 01:36:23,717 - DEBUG - Loaded collision time for BConcave+gConcave+4100 at IoU 0.5: nan
2025-07-27 01:36:23,718 - DEBUG - Loaded collision time for BConcave+gConcave+4100 at IoU 0.55: nan
2025-07-27 01:36:23,719 - DEBUG - Loaded collision time for BConcave+gConcave+4100 at IoU 0.6: nan
2025-07-27 01:36:23,720 - DEBUG - Loaded collision time for BConcave+gConcave+4100 at IoU 0.65: nan
2025-07-27 01:36:23,721 - DEBUG - Loaded collision time for BConcave+gConcave+4100 at IoU 0.7: nan
2025-07-27 01:36:23,722 - DEBUG - Loaded collision time for BConcave+gConcave+4100 at IoU 0.75: nan
2025-07-27 01:36:23,723 - DEBUG - Loaded collision time for BConcave+gConcave+4100 at IoU 0.8: nan
2025-07-27 01:36:23,724 - DEBUG - Loaded collision time for BConcave+gConcave+4100 at IoU 0.85: nan
2025-07-27 01:36:23,725 - DEBUG - Loaded collision time for BConcave+gConcave+4100 at IoU 0.9: nan
2025-07-27 01:36:23,726 - DEBUG - Loaded collision time for BConcave+gConcave+4100 at IoU 0.95: nan
2025-07-27 01:36:23,726 - INFO - Processing video: BConcave+gConcave+4300_flipped
2025-07-27 01:36:23,728 - INFO - Video BConcave+gConcave+4300_flipped already processed (found segformer_model-BConcave+gConcave+4300_flipped.mp4), skipping video processing...
2025-07-27 01:36:23,740 - INFO - VanillaSegmentationSaver initialized with output dir: /home/projects/bagon/andreyg/Projects/Object_reps_neural/Programming/hugging_face/model_experiments/segformer/exp2TTC_segformer-b2-finetuned-ade-512-512/processed_videos/segformer_model-BConcave+gConcave+4300_flipped/org_segmentation
2025-07-27 01:36:23,744 - INFO - All collision results already exist for BConcave+gConcave+4300_flipped
2025-07-27 01:36:23,745 - DEBUG - Loaded collision time for BConcave+gConcave+4300_flipped at IoU 0.05: 4516.666666666667
2025-07-27 01:36:23,746 - DEBUG - Loaded collision time for BConcave+gConcave+4300_flipped at IoU 0.1: 4616.666666666666
2025-07-27 01:36:23,747 - DEBUG - Loaded collision time for BConcave+gConcave+4300_flipped at IoU 0.15: 4700.0
2025-07-27 01:36:23,748 - DEBUG - Loaded collision time for BConcave+gConcave+4300_flipped at IoU 0.2: 4783.333333333333
2025-07-27 01:36:23,748 - DEBUG - Loaded collision time for BConcave+gConcave+4300_flipped at IoU 0.25: 4900.0
2025-07-27 01:36:23,749 - DEBUG - Loaded collision time for BConcave+gConcave+4300_flipped at IoU 0.3: nan
2025-07-27 01:36:23,750 - DEBUG - Loaded collision time for BConcave+gConcave+4300_flipped at IoU 0.35: nan
2025-07-27 01:36:23,751 - DEBUG - Loaded collision time for BConcave+gConcave+4300_flipped at IoU 0.4: nan
2025-07-27 01:36:23,752 - DEBUG - Loaded collision time for BConcave+gConcave+4300_flipped at IoU 0.45: nan
2025-07-27 01:36:23,752 - DEBUG - Loaded collision time for BConcave+gConcave+4300_flipped at IoU 0.5: nan
2025-07-27 01:36:23,753 - DEBUG - Loaded collision time for BConcave+gConcave+4300_flipped at IoU 0.55: nan
2025-07-27 01:36:23,754 - DEBUG - Loaded collision time for BConcave+gConcave+4300_flipped at IoU 0.6: nan
2025-07-27 01:36:23,755 - DEBUG - Loaded collision time for BConcave+gConcave+4300_flipped at IoU 0.65: nan
2025-07-27 01:36:23,756 - DEBUG - Loaded collision time for BConcave+gConcave+4300_flipped at IoU 0.7: nan
2025-07-27 01:36:23,756 - DEBUG - Loaded collision time for BConcave+gConcave+4300_flipped at IoU 0.75: nan
2025-07-27 01:36:23,757 - DEBUG - Loaded collision time for BConcave+gConcave+4300_flipped at IoU 0.8: nan
2025-07-27 01:36:23,758 - DEBUG - Loaded collision time for BConcave+gConcave+4300_flipped at IoU 0.85: nan
2025-07-27 01:36:23,759 - DEBUG - Loaded collision time for BConcave+gConcave+4300_flipped at IoU 0.9: nan
2025-07-27 01:36:23,759 - DEBUG - Loaded collision time for BConcave+gConcave+4300_flipped at IoU 0.95: nan
2025-07-27 01:36:23,760 - INFO - Processing video: BConcave+gConcave+4500
2025-07-27 01:36:23,762 - INFO - Video BConcave+gConcave+4500 already processed (found segformer_model-BConcave+gConcave+4500.mp4), skipping video processing...
2025-07-27 01:36:23,773 - INFO - VanillaSegmentationSaver initialized with output dir: /home/projects/bagon/andreyg/Projects/Object_reps_neural/Programming/hugging_face/model_experiments/segformer/exp2TTC_segformer-b2-finetuned-ade-512-512/processed_videos/segformer_model-BConcave+gConcave+4500/org_segmentation
2025-07-27 01:36:23,777 - INFO - All collision results already exist for BConcave+gConcave+4500
2025-07-27 01:36:23,778 - DEBUG - Loaded collision time for BConcave+gConcave+4500 at IoU 0.05: 4750.0
2025-07-27 01:36:23,779 - DEBUG - Loaded collision time for BConcave+gConcave+4500 at IoU 0.1: 4866.666666666666
2025-07-27 01:36:23,780 - DEBUG - Loaded collision time for BConcave+gConcave+4500 at IoU 0.15: 4966.666666666667
2025-07-27 01:36:23,781 - DEBUG - Loaded collision time for BConcave+gConcave+4500 at IoU 0.2: 5183.333333333334
2025-07-27 01:36:23,782 - DEBUG - Loaded collision time for BConcave+gConcave+4500 at IoU 0.25: nan
2025-07-27 01:36:23,782 - DEBUG - Loaded collision time for BConcave+gConcave+4500 at IoU 0.3: nan
2025-07-27 01:36:23,783 - DEBUG - Loaded collision time for BConcave+gConcave+4500 at IoU 0.35: nan
2025-07-27 01:36:23,784 - DEBUG - Loaded collision time for BConcave+gConcave+4500 at IoU 0.4: nan
2025-07-27 01:36:23,785 - DEBUG - Loaded collision time for BConcave+gConcave+4500 at IoU 0.45: nan
2025-07-27 01:36:23,786 - DEBUG - Loaded collision time for BConcave+gConcave+4500 at IoU 0.5: nan
2025-07-27 01:36:23,786 - DEBUG - Loaded collision time for BConcave+gConcave+4500 at IoU 0.55: nan
2025-07-27 01:36:23,787 - DEBUG - Loaded collision time for BConcave+gConcave+4500 at IoU 0.6: nan
2025-07-27 01:36:23,788 - DEBUG - Loaded collision time for BConcave+gConcave+4500 at IoU 0.65: nan
2025-07-27 01:36:23,789 - DEBUG - Loaded collision time for BConcave+gConcave+4500 at IoU 0.7: nan
2025-07-27 01:36:23,790 - DEBUG - Loaded collision time for BConcave+gConcave+4500 at IoU 0.75: nan
2025-07-27 01:36:23,791 - DEBUG - Loaded collision time for BConcave+gConcave+4500 at IoU 0.8: nan
2025-07-27 01:36:23,792 - DEBUG - Loaded collision time for BConcave+gConcave+4500 at IoU 0.85: nan
2025-07-27 01:36:23,793 - DEBUG - Loaded collision time for BConcave+gConcave+4500 at IoU 0.9: nan
2025-07-27 01:36:23,794 - DEBUG - Loaded collision time for BConcave+gConcave+4500 at IoU 0.95: nan
2025-07-27 01:36:23,794 - INFO - Processing video: BConcave+gConvex+3500
2025-07-27 01:36:23,796 - INFO - Video BConcave+gConvex+3500 already processed (found segformer_model-BConcave+gConvex+3500.mp4), skipping video processing...
2025-07-27 01:36:23,807 - INFO - VanillaSegmentationSaver initialized with output dir: /home/projects/bagon/andreyg/Projects/Object_reps_neural/Programming/hugging_face/model_experiments/segformer/exp2TTC_segformer-b2-finetuned-ade-512-512/processed_videos/segformer_model-BConcave+gConvex+3500/org_segmentation
2025-07-27 01:36:23,812 - INFO - All collision results already exist for BConcave+gConvex+3500
2025-07-27 01:36:23,813 - DEBUG - Loaded collision time for BConcave+gConvex+3500 at IoU 0.05: nan
2025-07-27 01:36:23,814 - DEBUG - Loaded collision time for BConcave+gConvex+3500 at IoU 0.1: nan
2025-07-27 01:36:23,815 - DEBUG - Loaded collision time for BConcave+gConvex+3500 at IoU 0.15: nan
2025-07-27 01:36:23,816 - DEBUG - Loaded collision time for BConcave+gConvex+3500 at IoU 0.2: nan
2025-07-27 01:36:23,817 - DEBUG - Loaded collision time for BConcave+gConvex+3500 at IoU 0.25: nan
2025-07-27 01:36:23,817 - DEBUG - Loaded collision time for BConcave+gConvex+3500 at IoU 0.3: nan
2025-07-27 01:36:23,818 - DEBUG - Loaded collision time for BConcave+gConvex+3500 at IoU 0.35: nan
2025-07-27 01:36:23,819 - DEBUG - Loaded collision time for BConcave+gConvex+3500 at IoU 0.4: nan
2025-07-27 01:36:23,820 - DEBUG - Loaded collision time for BConcave+gConvex+3500 at IoU 0.45: nan
2025-07-27 01:36:23,820 - DEBUG - Loaded collision time for BConcave+gConvex+3500 at IoU 0.5: nan
2025-07-27 01:36:23,821 - DEBUG - Loaded collision time for BConcave+gConvex+3500 at IoU 0.55: nan
2025-07-27 01:36:23,822 - DEBUG - Loaded collision time for BConcave+gConvex+3500 at IoU 0.6: nan
2025-07-27 01:36:23,822 - DEBUG - Loaded collision time for BConcave+gConvex+3500 at IoU 0.65: nan
2025-07-27 01:36:23,823 - DEBUG - Loaded collision time for BConcave+gConvex+3500 at IoU 0.7: nan
2025-07-27 01:36:23,824 - DEBUG - Loaded collision time for BConcave+gConvex+3500 at IoU 0.75: nan
2025-07-27 01:36:23,825 - DEBUG - Loaded collision time for BConcave+gConvex+3500 at IoU 0.8: nan
2025-07-27 01:36:23,825 - DEBUG - Loaded collision time for BConcave+gConvex+3500 at IoU 0.85: nan
2025-07-27 01:36:23,826 - DEBUG - Loaded collision time for BConcave+gConvex+3500 at IoU 0.9: nan
2025-07-27 01:36:23,827 - DEBUG - Loaded collision time for BConcave+gConvex+3500 at IoU 0.95: nan
2025-07-27 01:36:23,827 - INFO - Processing video: BConcave+gConvex+3700_flipped
2025-07-27 01:36:23,829 - INFO - Video BConcave+gConvex+3700_flipped already processed (found segformer_model-BConcave+gConvex+3700_flipped.mp4), skipping video processing...
2025-07-27 01:36:23,841 - INFO - VanillaSegmentationSaver initialized with output dir: /home/projects/bagon/andreyg/Projects/Object_reps_neural/Programming/hugging_face/model_experiments/segformer/exp2TTC_segformer-b2-finetuned-ade-512-512/processed_videos/segformer_model-BConcave+gConvex+3700_flipped/org_segmentation
2025-07-27 01:36:23,845 - INFO - All collision results already exist for BConcave+gConvex+3700_flipped
2025-07-27 01:36:23,846 - DEBUG - Loaded collision time for BConcave+gConvex+3700_flipped at IoU 0.05: nan
2025-07-27 01:36:23,847 - DEBUG - Loaded collision time for BConcave+gConvex+3700_flipped at IoU 0.1: nan
2025-07-27 01:36:23,848 - DEBUG - Loaded collision time for BConcave+gConvex+3700_flipped at IoU 0.15: nan
2025-07-27 01:36:23,849 - DEBUG - Loaded collision time for BConcave+gConvex+3700_flipped at IoU 0.2: nan
2025-07-27 01:36:23,850 - DEBUG - Loaded collision time for BConcave+gConvex+3700_flipped at IoU 0.25: nan
2025-07-27 01:36:23,851 - DEBUG - Loaded collision time for BConcave+gConvex+3700_flipped at IoU 0.3: nan
2025-07-27 01:36:23,852 - DEBUG - Loaded collision time for BConcave+gConvex+3700_flipped at IoU 0.35: nan
2025-07-27 01:36:23,852 - DEBUG - Loaded collision time for BConcave+gConvex+3700_flipped at IoU 0.4: nan
2025-07-27 01:36:23,853 - DEBUG - Loaded collision time for BConcave+gConvex+3700_flipped at IoU 0.45: nan
2025-07-27 01:36:23,854 - DEBUG - Loaded collision time for BConcave+gConvex+3700_flipped at IoU 0.5: nan
2025-07-27 01:36:23,855 - DEBUG - Loaded collision time for BConcave+gConvex+3700_flipped at IoU 0.55: nan
2025-07-27 01:36:23,856 - DEBUG - Loaded collision time for BConcave+gConvex+3700_flipped at IoU 0.6: nan
2025-07-27 01:36:23,857 - DEBUG - Loaded collision time for BConcave+gConvex+3700_flipped at IoU 0.65: nan
2025-07-27 01:36:23,858 - DEBUG - Loaded collision time for BConcave+gConvex+3700_flipped at IoU 0.7: nan
2025-07-27 01:36:23,859 - DEBUG - Loaded collision time for BConcave+gConvex+3700_flipped at IoU 0.75: nan
2025-07-27 01:36:23,860 - DEBUG - Loaded collision time for BConcave+gConvex+3700_flipped at IoU 0.8: nan
2025-07-27 01:36:23,861 - DEBUG - Loaded collision time for BConcave+gConvex+3700_flipped at IoU 0.85: nan
2025-07-27 01:36:23,862 - DEBUG - Loaded collision time for BConcave+gConvex+3700_flipped at IoU 0.9: nan
2025-07-27 01:36:23,863 - DEBUG - Loaded collision time for BConcave+gConvex+3700_flipped at IoU 0.95: nan
2025-07-27 01:36:23,863 - INFO - Processing video: BConcave+gConvex+3900
2025-07-27 01:36:23,865 - INFO - Video BConcave+gConvex+3900 already processed (found segformer_model-BConcave+gConvex+3900.mp4), skipping video processing...
2025-07-27 01:36:23,877 - INFO - VanillaSegmentationSaver initialized with output dir: /home/projects/bagon/andreyg/Projects/Object_reps_neural/Programming/hugging_face/model_experiments/segformer/exp2TTC_segformer-b2-finetuned-ade-512-512/processed_videos/segformer_model-BConcave+gConvex+3900/org_segmentation
2025-07-27 01:36:23,882 - INFO - All collision results already exist for BConcave+gConvex+3900
2025-07-27 01:36:23,883 - DEBUG - Loaded collision time for BConcave+gConvex+3900 at IoU 0.05: nan
2025-07-27 01:36:23,884 - DEBUG - Loaded collision time for BConcave+gConvex+3900 at IoU 0.1: nan
2025-07-27 01:36:23,885 - DEBUG - Loaded collision time for BConcave+gConvex+3900 at IoU 0.15: nan
2025-07-27 01:36:23,886 - DEBUG - Loaded collision time for BConcave+gConvex+3900 at IoU 0.2: nan
2025-07-27 01:36:23,887 - DEBUG - Loaded collision time for BConcave+gConvex+3900 at IoU 0.25: nan
2025-07-27 01:36:23,888 - DEBUG - Loaded collision time for BConcave+gConvex+3900 at IoU 0.3: nan
2025-07-27 01:36:23,889 - DEBUG - Loaded collision time for BConcave+gConvex+3900 at IoU 0.35: nan
2025-07-27 01:36:23,890 - DEBUG - Loaded collision time for BConcave+gConvex+3900 at IoU 0.4: nan
2025-07-27 01:36:23,891 - DEBUG - Loaded collision time for BConcave+gConvex+3900 at IoU 0.45: nan
2025-07-27 01:36:23,892 - DEBUG - Loaded collision time for BConcave+gConvex+3900 at IoU 0.5: nan
2025-07-27 01:36:23,893 - DEBUG - Loaded collision time for BConcave+gConvex+3900 at IoU 0.55: nan
2025-07-27 01:36:23,894 - DEBUG - Loaded collision time for BConcave+gConvex+3900 at IoU 0.6: nan
2025-07-27 01:36:23,895 - DEBUG - Loaded collision time for BConcave+gConvex+3900 at IoU 0.65: nan
2025-07-27 01:36:23,896 - DEBUG - Loaded collision time for BConcave+gConvex+3900 at IoU 0.7: nan
2025-07-27 01:36:23,897 - DEBUG - Loaded collision time for BConcave+gConvex+3900 at IoU 0.75: nan
2025-07-27 01:36:23,898 - DEBUG - Loaded collision time for BConcave+gConvex+3900 at IoU 0.8: nan
2025-07-27 01:36:23,898 - DEBUG - Loaded collision time for BConcave+gConvex+3900 at IoU 0.85: nan
2025-07-27 01:36:23,899 - DEBUG - Loaded collision time for BConcave+gConvex+3900 at IoU 0.9: nan
2025-07-27 01:36:23,901 - DEBUG - Loaded collision time for BConcave+gConvex+3900 at IoU 0.95: nan
2025-07-27 01:36:23,901 - INFO - Processing video: BConcave+gConvex+4100_flipped
2025-07-27 01:36:23,903 - INFO - Video BConcave+gConvex+4100_flipped already processed (found segformer_model-BConcave+gConvex+4100_flipped.mp4), skipping video processing...
2025-07-27 01:36:23,916 - INFO - VanillaSegmentationSaver initialized with output dir: /home/projects/bagon/andreyg/Projects/Object_reps_neural/Programming/hugging_face/model_experiments/segformer/exp2TTC_segformer-b2-finetuned-ade-512-512/processed_videos/segformer_model-BConcave+gConvex+4100_flipped/org_segmentation
2025-07-27 01:36:23,921 - INFO - All collision results already exist for BConcave+gConvex+4100_flipped
2025-07-27 01:36:23,922 - DEBUG - Loaded collision time for BConcave+gConvex+4100_flipped at IoU 0.05: 4600.0
2025-07-27 01:36:23,923 - DEBUG - Loaded collision time for BConcave+gConvex+4100_flipped at IoU 0.1: 4866.666666666666
2025-07-27 01:36:23,924 - DEBUG - Loaded collision time for BConcave+gConvex+4100_flipped at IoU 0.15: nan
2025-07-27 01:36:23,925 - DEBUG - Loaded collision time for BConcave+gConvex+4100_flipped at IoU 0.2: nan
2025-07-27 01:36:23,926 - DEBUG - Loaded collision time for BConcave+gConvex+4100_flipped at IoU 0.25: nan
2025-07-27 01:36:23,927 - DEBUG - Loaded collision time for BConcave+gConvex+4100_flipped at IoU 0.3: nan
2025-07-27 01:36:23,928 - DEBUG - Loaded collision time for BConcave+gConvex+4100_flipped at IoU 0.35: nan
2025-07-27 01:36:23,929 - DEBUG - Loaded collision time for BConcave+gConvex+4100_flipped at IoU 0.4: nan
2025-07-27 01:36:23,930 - DEBUG - Loaded collision time for BConcave+gConvex+4100_flipped at IoU 0.45: nan
2025-07-27 01:36:23,931 - DEBUG - Loaded collision time for BConcave+gConvex+4100_flipped at IoU 0.5: nan
2025-07-27 01:36:23,932 - DEBUG - Loaded collision time for BConcave+gConvex+4100_flipped at IoU 0.55: nan
2025-07-27 01:36:23,933 - DEBUG - Loaded collision time for BConcave+gConvex+4100_flipped at IoU 0.6: nan
2025-07-27 01:36:23,934 - DEBUG - Loaded collision time for BConcave+gConvex+4100_flipped at IoU 0.65: nan
2025-07-27 01:36:23,935 - DEBUG - Loaded collision time for BConcave+gConvex+4100_flipped at IoU 0.7: nan
2025-07-27 01:36:23,936 - DEBUG - Loaded collision time for BConcave+gConvex+4100_flipped at IoU 0.75: nan
2025-07-27 01:36:23,937 - DEBUG - Loaded collision time for BConcave+gConvex+4100_flipped at IoU 0.8: nan
2025-07-27 01:36:23,938 - DEBUG - Loaded collision time for BConcave+gConvex+4100_flipped at IoU 0.85: nan
2025-07-27 01:36:23,938 - DEBUG - Loaded collision time for BConcave+gConvex+4100_flipped at IoU 0.9: nan
2025-07-27 01:36:23,939 - DEBUG - Loaded collision time for BConcave+gConvex+4100_flipped at IoU 0.95: nan
2025-07-27 01:36:23,939 - INFO - Processing video: BConcave+gConvex+4300
2025-07-27 01:36:23,941 - INFO - Video BConcave+gConvex+4300 already processed (found segformer_model-BConcave+gConvex+4300.mp4), skipping video processing...
2025-07-27 01:36:23,955 - INFO - VanillaSegmentationSaver initialized with output dir: /home/projects/bagon/andreyg/Projects/Object_reps_neural/Programming/hugging_face/model_experiments/segformer/exp2TTC_segformer-b2-finetuned-ade-512-512/processed_videos/segformer_model-BConcave+gConvex+4300/org_segmentation
2025-07-27 01:36:23,960 - INFO - All collision results already exist for BConcave+gConvex+4300
2025-07-27 01:36:23,961 - DEBUG - Loaded collision time for BConcave+gConvex+4300 at IoU 0.05: nan
2025-07-27 01:36:23,962 - DEBUG - Loaded collision time for BConcave+gConvex+4300 at IoU 0.1: nan
2025-07-27 01:36:23,963 - DEBUG - Loaded collision time for BConcave+gConvex+4300 at IoU 0.15: nan
2025-07-27 01:36:23,964 - DEBUG - Loaded collision time for BConcave+gConvex+4300 at IoU 0.2: nan
2025-07-27 01:36:23,965 - DEBUG - Loaded collision time for BConcave+gConvex+4300 at IoU 0.25: nan
2025-07-27 01:36:23,966 - DEBUG - Loaded collision time for BConcave+gConvex+4300 at IoU 0.3: nan
2025-07-27 01:36:23,967 - DEBUG - Loaded collision time for BConcave+gConvex+4300 at IoU 0.35: nan
2025-07-27 01:36:23,968 - DEBUG - Loaded collision time for BConcave+gConvex+4300 at IoU 0.4: nan
2025-07-27 01:36:23,969 - DEBUG - Loaded collision time for BConcave+gConvex+4300 at IoU 0.45: nan
2025-07-27 01:36:23,970 - DEBUG - Loaded collision time for BConcave+gConvex+4300 at IoU 0.5: nan
2025-07-27 01:36:23,971 - DEBUG - Loaded collision time for BConcave+gConvex+4300 at IoU 0.55: nan
2025-07-27 01:36:23,972 - DEBUG - Loaded collision time for BConcave+gConvex+4300 at IoU 0.6: nan
2025-07-27 01:36:23,973 - DEBUG - Loaded collision time for BConcave+gConvex+4300 at IoU 0.65: nan
2025-07-27 01:36:23,974 - DEBUG - Loaded collision time for BConcave+gConvex+4300 at IoU 0.7: nan
2025-07-27 01:36:23,975 - DEBUG - Loaded collision time for BConcave+gConvex+4300 at IoU 0.75: nan
2025-07-27 01:36:23,976 - DEBUG - Loaded collision time for BConcave+gConvex+4300 at IoU 0.8: nan
2025-07-27 01:36:23,976 - DEBUG - Loaded collision time for BConcave+gConvex+4300 at IoU 0.85: nan
2025-07-27 01:36:23,977 - DEBUG - Loaded collision time for BConcave+gConvex+4300 at IoU 0.9: nan
2025-07-27 01:36:23,978 - DEBUG - Loaded collision time for BConcave+gConvex+4300 at IoU 0.95: nan
2025-07-27 01:36:23,979 - INFO - Processing video: BConcave+gConvex+4500_flipped
2025-07-27 01:36:23,981 - INFO - Video BConcave+gConvex+4500_flipped already processed (found segformer_model-BConcave+gConvex+4500_flipped.mp4), skipping video processing...
2025-07-27 01:36:23,993 - INFO - VanillaSegmentationSaver initialized with output dir: /home/projects/bagon/andreyg/Projects/Object_reps_neural/Programming/hugging_face/model_experiments/segformer/exp2TTC_segformer-b2-finetuned-ade-512-512/processed_videos/segformer_model-BConcave+gConvex+4500_flipped/org_segmentation
2025-07-27 01:36:23,998 - INFO - All collision results already exist for BConcave+gConvex+4500_flipped
2025-07-27 01:36:23,999 - DEBUG - Loaded collision time for BConcave+gConvex+4500_flipped at IoU 0.05: 4983.333333333333
2025-07-27 01:36:24,000 - DEBUG - Loaded collision time for BConcave+gConvex+4500_flipped at IoU 0.1: 5216.666666666667
2025-07-27 01:36:24,001 - DEBUG - Loaded collision time for BConcave+gConvex+4500_flipped at IoU 0.15: nan
2025-07-27 01:36:24,001 - DEBUG - Loaded collision time for BConcave+gConvex+4500_flipped at IoU 0.2: nan
2025-07-27 01:36:24,002 - DEBUG - Loaded collision time for BConcave+gConvex+4500_flipped at IoU 0.25: nan
2025-07-27 01:36:24,003 - DEBUG - Loaded collision time for BConcave+gConvex+4500_flipped at IoU 0.3: nan
2025-07-27 01:36:24,004 - DEBUG - Loaded collision time for BConcave+gConvex+4500_flipped at IoU 0.35: nan
2025-07-27 01:36:24,004 - DEBUG - Loaded collision time for BConcave+gConvex+4500_flipped at IoU 0.4: nan
2025-07-27 01:36:24,005 - DEBUG - Loaded collision time for BConcave+gConvex+4500_flipped at IoU 0.45: nan
2025-07-27 01:36:24,006 - DEBUG - Loaded collision time for BConcave+gConvex+4500_flipped at IoU 0.5: nan
2025-07-27 01:36:24,007 - DEBUG - Loaded collision time for BConcave+gConvex+4500_flipped at IoU 0.55: nan
2025-07-27 01:36:24,008 - DEBUG - Loaded collision time for BConcave+gConvex+4500_flipped at IoU 0.6: nan
2025-07-27 01:36:24,009 - DEBUG - Loaded collision time for BConcave+gConvex+4500_flipped at IoU 0.65: nan
2025-07-27 01:36:24,010 - DEBUG - Loaded collision time for BConcave+gConvex+4500_flipped at IoU 0.7: nan
2025-07-27 01:36:24,011 - DEBUG - Loaded collision time for BConcave+gConvex+4500_flipped at IoU 0.75: nan
2025-07-27 01:36:24,012 - DEBUG - Loaded collision time for BConcave+gConvex+4500_flipped at IoU 0.8: nan
2025-07-27 01:36:24,012 - DEBUG - Loaded collision time for BConcave+gConvex+4500_flipped at IoU 0.85: nan
2025-07-27 01:36:24,013 - DEBUG - Loaded collision time for BConcave+gConvex+4500_flipped at IoU 0.9: nan
2025-07-27 01:36:24,014 - DEBUG - Loaded collision time for BConcave+gConvex+4500_flipped at IoU 0.95: nan
2025-07-27 01:36:24,014 - INFO - Processing video: BConcave+hConcave+3500_flipped
2025-07-27 01:36:24,017 - INFO - Video BConcave+hConcave+3500_flipped already processed (found segformer_model-BConcave+hConcave+3500_flipped.mp4), skipping video processing...
2025-07-27 01:36:24,033 - INFO - VanillaSegmentationSaver initialized with output dir: /home/projects/bagon/andreyg/Projects/Object_reps_neural/Programming/hugging_face/model_experiments/segformer/exp2TTC_segformer-b2-finetuned-ade-512-512/processed_videos/segformer_model-BConcave+hConcave+3500_flipped/org_segmentation
2025-07-27 01:36:24,038 - INFO - All collision results already exist for BConcave+hConcave+3500_flipped
2025-07-27 01:36:24,039 - DEBUG - Loaded collision time for BConcave+hConcave+3500_flipped at IoU 0.05: 4050.0
2025-07-27 01:36:24,040 - DEBUG - Loaded collision time for BConcave+hConcave+3500_flipped at IoU 0.1: 4133.333333333334
2025-07-27 01:36:24,041 - DEBUG - Loaded collision time for BConcave+hConcave+3500_flipped at IoU 0.15: 4233.333333333333
2025-07-27 01:36:24,042 - DEBUG - Loaded collision time for BConcave+hConcave+3500_flipped at IoU 0.2: 4483.333333333333
2025-07-27 01:36:24,043 - DEBUG - Loaded collision time for BConcave+hConcave+3500_flipped at IoU 0.25: nan
2025-07-27 01:36:24,044 - DEBUG - Loaded collision time for BConcave+hConcave+3500_flipped at IoU 0.3: nan
2025-07-27 01:36:24,044 - DEBUG - Loaded collision time for BConcave+hConcave+3500_flipped at IoU 0.35: nan
2025-07-27 01:36:24,045 - DEBUG - Loaded collision time for BConcave+hConcave+3500_flipped at IoU 0.4: nan
2025-07-27 01:36:24,046 - DEBUG - Loaded collision time for BConcave+hConcave+3500_flipped at IoU 0.45: nan
2025-07-27 01:36:24,047 - DEBUG - Loaded collision time for BConcave+hConcave+3500_flipped at IoU 0.5: nan
2025-07-27 01:36:24,048 - DEBUG - Loaded collision time for BConcave+hConcave+3500_flipped at IoU 0.55: nan
2025-07-27 01:36:24,049 - DEBUG - Loaded collision time for BConcave+hConcave+3500_flipped at IoU 0.6: nan
2025-07-27 01:36:24,050 - DEBUG - Loaded collision time for BConcave+hConcave+3500_flipped at IoU 0.65: nan
2025-07-27 01:36:24,051 - DEBUG - Loaded collision time for BConcave+hConcave+3500_flipped at IoU 0.7: nan
2025-07-27 01:36:24,052 - DEBUG - Loaded collision time for BConcave+hConcave+3500_flipped at IoU 0.75: nan
2025-07-27 01:36:24,053 - DEBUG - Loaded collision time for BConcave+hConcave+3500_flipped at IoU 0.8: nan
2025-07-27 01:36:24,053 - DEBUG - Loaded collision time for BConcave+hConcave+3500_flipped at IoU 0.85: nan
2025-07-27 01:36:24,054 - DEBUG - Loaded collision time for BConcave+hConcave+3500_flipped at IoU 0.9: nan
2025-07-27 01:36:24,055 - DEBUG - Loaded collision time for BConcave+hConcave+3500_flipped at IoU 0.95: nan
2025-07-27 01:36:24,055 - INFO - Processing video: BConcave+hConcave+3700
2025-07-27 01:36:24,057 - INFO - Video BConcave+hConcave+3700 already processed (found segformer_model-BConcave+hConcave+3700.mp4), skipping video processing...
2025-07-27 01:36:24,071 - INFO - VanillaSegmentationSaver initialized with output dir: /home/projects/bagon/andreyg/Projects/Object_reps_neural/Programming/hugging_face/model_experiments/segformer/exp2TTC_segformer-b2-finetuned-ade-512-512/processed_videos/segformer_model-BConcave+hConcave+3700/org_segmentation
2025-07-27 01:36:24,076 - INFO - All collision results already exist for BConcave+hConcave+3700
2025-07-27 01:36:24,077 - DEBUG - Loaded collision time for BConcave+hConcave+3700 at IoU 0.05: 4066.6666666666665
2025-07-27 01:36:24,078 - DEBUG - Loaded collision time for BConcave+hConcave+3700 at IoU 0.1: 4250.0
2025-07-27 01:36:24,079 - DEBUG - Loaded collision time for BConcave+hConcave+3700 at IoU 0.15: 4350.0
2025-07-27 01:36:24,080 - DEBUG - Loaded collision time for BConcave+hConcave+3700 at IoU 0.2: 4500.0
2025-07-27 01:36:24,081 - DEBUG - Loaded collision time for BConcave+hConcave+3700 at IoU 0.25: nan
2025-07-27 01:36:24,082 - DEBUG - Loaded collision time for BConcave+hConcave+3700 at IoU 0.3: nan
2025-07-27 01:36:24,086 - DEBUG - Loaded collision time for BConcave+hConcave+3700 at IoU 0.35: nan
2025-07-27 01:36:24,088 - DEBUG - Loaded collision time for BConcave+hConcave+3700 at IoU 0.4: nan
2025-07-27 01:36:24,090 - DEBUG - Loaded collision time for BConcave+hConcave+3700 at IoU 0.45: nan
2025-07-27 01:36:24,091 - DEBUG - Loaded collision time for BConcave+hConcave+3700 at IoU 0.5: nan
2025-07-27 01:36:24,092 - DEBUG - Loaded collision time for BConcave+hConcave+3700 at IoU 0.55: nan
2025-07-27 01:36:24,093 - DEBUG - Loaded collision time for BConcave+hConcave+3700 at IoU 0.6: nan
2025-07-27 01:36:24,093 - DEBUG - Loaded collision time for BConcave+hConcave+3700 at IoU 0.65: nan
2025-07-27 01:36:24,094 - DEBUG - Loaded collision time for BConcave+hConcave+3700 at IoU 0.7: nan
2025-07-27 01:36:24,095 - DEBUG - Loaded collision time for BConcave+hConcave+3700 at IoU 0.75: nan
2025-07-27 01:36:24,096 - DEBUG - Loaded collision time for BConcave+hConcave+3700 at IoU 0.8: nan
2025-07-27 01:36:24,097 - DEBUG - Loaded collision time for BConcave+hConcave+3700 at IoU 0.85: nan
2025-07-27 01:36:24,098 - DEBUG - Loaded collision time for BConcave+hConcave+3700 at IoU 0.9: nan
2025-07-27 01:36:24,099 - DEBUG - Loaded collision time for BConcave+hConcave+3700 at IoU 0.95: nan
2025-07-27 01:36:24,099 - INFO - Processing video: BConcave+hConcave+3900_flipped
2025-07-27 01:36:24,101 - INFO - Video BConcave+hConcave+3900_flipped already processed (found segformer_model-BConcave+hConcave+3900_flipped.mp4), skipping video processing...
2025-07-27 01:36:24,114 - INFO - VanillaSegmentationSaver initialized with output dir: /home/projects/bagon/andreyg/Projects/Object_reps_neural/Programming/hugging_face/model_experiments/segformer/exp2TTC_segformer-b2-finetuned-ade-512-512/processed_videos/segformer_model-BConcave+hConcave+3900_flipped/org_segmentation
2025-07-27 01:36:24,119 - INFO - All collision results already exist for BConcave+hConcave+3900_flipped
2025-07-27 01:36:24,120 - DEBUG - Loaded collision time for BConcave+hConcave+3900_flipped at IoU 0.05: nan
2025-07-27 01:36:24,121 - DEBUG - Loaded collision time for BConcave+hConcave+3900_flipped at IoU 0.1: nan
2025-07-27 01:36:24,122 - DEBUG - Loaded collision time for BConcave+hConcave+3900_flipped at IoU 0.15: nan
2025-07-27 01:36:24,123 - DEBUG - Loaded collision time for BConcave+hConcave+3900_flipped at IoU 0.2: nan
2025-07-27 01:36:24,124 - DEBUG - Loaded collision time for BConcave+hConcave+3900_flipped at IoU 0.25: nan
2025-07-27 01:36:24,125 - DEBUG - Loaded collision time for BConcave+hConcave+3900_flipped at IoU 0.3: nan
2025-07-27 01:36:24,126 - DEBUG - Loaded collision time for BConcave+hConcave+3900_flipped at IoU 0.35: nan
2025-07-27 01:36:24,127 - DEBUG - Loaded collision time for BConcave+hConcave+3900_flipped at IoU 0.4: nan
2025-07-27 01:36:24,128 - DEBUG - Loaded collision time for BConcave+hConcave+3900_flipped at IoU 0.45: nan
2025-07-27 01:36:24,129 - DEBUG - Loaded collision time for BConcave+hConcave+3900_flipped at IoU 0.5: nan
2025-07-27 01:36:24,130 - DEBUG - Loaded collision time for BConcave+hConcave+3900_flipped at IoU 0.55: nan
2025-07-27 01:36:24,131 - DEBUG - Loaded collision time for BConcave+hConcave+3900_flipped at IoU 0.6: nan
2025-07-27 01:36:24,132 - DEBUG - Loaded collision time for BConcave+hConcave+3900_flipped at IoU 0.65: nan
2025-07-27 01:36:24,133 - DEBUG - Loaded collision time for BConcave+hConcave+3900_flipped at IoU 0.7: nan
2025-07-27 01:36:24,134 - DEBUG - Loaded collision time for BConcave+hConcave+3900_flipped at IoU 0.75: nan
2025-07-27 01:36:24,134 - DEBUG - Loaded collision time for BConcave+hConcave+3900_flipped at IoU 0.8: nan
2025-07-27 01:36:24,135 - DEBUG - Loaded collision time for BConcave+hConcave+3900_flipped at IoU 0.85: nan
2025-07-27 01:36:24,136 - DEBUG - Loaded collision time for BConcave+hConcave+3900_flipped at IoU 0.9: nan
2025-07-27 01:36:24,137 - DEBUG - Loaded collision time for BConcave+hConcave+3900_flipped at IoU 0.95: nan
2025-07-27 01:36:24,138 - INFO - Processing video: BConcave+hConcave+4100
2025-07-27 01:36:24,140 - INFO - Video BConcave+hConcave+4100 already processed (found segformer_model-BConcave+hConcave+4100.mp4), skipping video processing...
2025-07-27 01:36:24,152 - INFO - VanillaSegmentationSaver initialized with output dir: /home/projects/bagon/andreyg/Projects/Object_reps_neural/Programming/hugging_face/model_experiments/segformer/exp2TTC_segformer-b2-finetuned-ade-512-512/processed_videos/segformer_model-BConcave+hConcave+4100/org_segmentation
2025-07-27 01:36:24,157 - INFO - All collision results already exist for BConcave+hConcave+4100
2025-07-27 01:36:24,158 - DEBUG - Loaded collision time for BConcave+hConcave+4100 at IoU 0.05: nan
2025-07-27 01:36:24,159 - DEBUG - Loaded collision time for BConcave+hConcave+4100 at IoU 0.1: nan
2025-07-27 01:36:24,160 - DEBUG - Loaded collision time for BConcave+hConcave+4100 at IoU 0.15: nan
2025-07-27 01:36:24,161 - DEBUG - Loaded collision time for BConcave+hConcave+4100 at IoU 0.2: nan
2025-07-27 01:36:24,162 - DEBUG - Loaded collision time for BConcave+hConcave+4100 at IoU 0.25: nan
2025-07-27 01:36:24,163 - DEBUG - Loaded collision time for BConcave+hConcave+4100 at IoU 0.3: nan
2025-07-27 01:36:24,164 - DEBUG - Loaded collision time for BConcave+hConcave+4100 at IoU 0.35: nan
2025-07-27 01:36:24,165 - DEBUG - Loaded collision time for BConcave+hConcave+4100 at IoU 0.4: nan
2025-07-27 01:36:24,166 - DEBUG - Loaded collision time for BConcave+hConcave+4100 at IoU 0.45: nan
2025-07-27 01:36:24,166 - DEBUG - Loaded collision time for BConcave+hConcave+4100 at IoU 0.5: nan
2025-07-27 01:36:24,167 - DEBUG - Loaded collision time for BConcave+hConcave+4100 at IoU 0.55: nan
2025-07-27 01:36:24,168 - DEBUG - Loaded collision time for BConcave+hConcave+4100 at IoU 0.6: nan
2025-07-27 01:36:24,169 - DEBUG - Loaded collision time for BConcave+hConcave+4100 at IoU 0.65: nan
2025-07-27 01:36:24,170 - DEBUG - Loaded collision time for BConcave+hConcave+4100 at IoU 0.7: nan
2025-07-27 01:36:24,171 - DEBUG - Loaded collision time for BConcave+hConcave+4100 at IoU 0.75: nan
2025-07-27 01:36:24,172 - DEBUG - Loaded collision time for BConcave+hConcave+4100 at IoU 0.8: nan
2025-07-27 01:36:24,173 - DEBUG - Loaded collision time for BConcave+hConcave+4100 at IoU 0.85: nan
2025-07-27 01:36:24,174 - DEBUG - Loaded collision time for BConcave+hConcave+4100 at IoU 0.9: nan
2025-07-27 01:36:24,175 - DEBUG - Loaded collision time for BConcave+hConcave+4100 at IoU 0.95: nan
2025-07-27 01:36:24,175 - INFO - Processing video: BConcave+hConcave+4300_flipped
2025-07-27 01:36:24,178 - INFO - Video BConcave+hConcave+4300_flipped already processed (found segformer_model-BConcave+hConcave+4300_flipped.mp4), skipping video processing...
2025-07-27 01:36:24,191 - INFO - VanillaSegmentationSaver initialized with output dir: /home/projects/bagon/andreyg/Projects/Object_reps_neural/Programming/hugging_face/model_experiments/segformer/exp2TTC_segformer-b2-finetuned-ade-512-512/processed_videos/segformer_model-BConcave+hConcave+4300_flipped/org_segmentation
2025-07-27 01:36:24,196 - INFO - All collision results already exist for BConcave+hConcave+4300_flipped
2025-07-27 01:36:24,197 - DEBUG - Loaded collision time for BConcave+hConcave+4300_flipped at IoU 0.05: nan
2025-07-27 01:36:24,198 - DEBUG - Loaded collision time for BConcave+hConcave+4300_flipped at IoU 0.1: nan
2025-07-27 01:36:24,199 - DEBUG - Loaded collision time for BConcave+hConcave+4300_flipped at IoU 0.15: nan
2025-07-27 01:36:24,200 - DEBUG - Loaded collision time for BConcave+hConcave+4300_flipped at IoU 0.2: nan
2025-07-27 01:36:24,201 - DEBUG - Loaded collision time for BConcave+hConcave+4300_flipped at IoU 0.25: nan
2025-07-27 01:36:24,202 - DEBUG - Loaded collision time for BConcave+hConcave+4300_flipped at IoU 0.3: nan
2025-07-27 01:36:24,203 - DEBUG - Loaded collision time for BConcave+hConcave+4300_flipped at IoU 0.35: nan
2025-07-27 01:36:24,204 - DEBUG - Loaded collision time for BConcave+hConcave+4300_flipped at IoU 0.4: nan
2025-07-27 01:36:24,205 - DEBUG - Loaded collision time for BConcave+hConcave+4300_flipped at IoU 0.45: nan
2025-07-27 01:36:24,206 - DEBUG - Loaded collision time for BConcave+hConcave+4300_flipped at IoU 0.5: nan
2025-07-27 01:36:24,207 - DEBUG - Loaded collision time for BConcave+hConcave+4300_flipped at IoU 0.55: nan
2025-07-27 01:36:24,208 - DEBUG - Loaded collision time for BConcave+hConcave+4300_flipped at IoU 0.6: nan
2025-07-27 01:36:24,209 - DEBUG - Loaded collision time for BConcave+hConcave+4300_flipped at IoU 0.65: nan
2025-07-27 01:36:24,210 - DEBUG - Loaded collision time for BConcave+hConcave+4300_flipped at IoU 0.7: nan
2025-07-27 01:36:24,211 - DEBUG - Loaded collision time for BConcave+hConcave+4300_flipped at IoU 0.75: nan
2025-07-27 01:36:24,211 - DEBUG - Loaded collision time for BConcave+hConcave+4300_flipped at IoU 0.8: nan
2025-07-27 01:36:24,212 - DEBUG - Loaded collision time for BConcave+hConcave+4300_flipped at IoU 0.85: nan
2025-07-27 01:36:24,213 - DEBUG - Loaded collision time for BConcave+hConcave+4300_flipped at IoU 0.9: nan
2025-07-27 01:36:24,214 - DEBUG - Loaded collision time for BConcave+hConcave+4300_flipped at IoU 0.95: nan
2025-07-27 01:36:24,214 - INFO - Processing video: BConcave+hConcave+4500
2025-07-27 01:36:24,217 - INFO - Video BConcave+hConcave+4500 already processed (found segformer_model-BConcave+hConcave+4500.mp4), skipping video processing...
2025-07-27 01:36:24,229 - INFO - VanillaSegmentationSaver initialized with output dir: /home/projects/bagon/andreyg/Projects/Object_reps_neural/Programming/hugging_face/model_experiments/segformer/exp2TTC_segformer-b2-finetuned-ade-512-512/processed_videos/segformer_model-BConcave+hConcave+4500/org_segmentation
2025-07-27 01:36:24,233 - INFO - All collision results already exist for BConcave+hConcave+4500
2025-07-27 01:36:24,234 - DEBUG - Loaded collision time for BConcave+hConcave+4500 at IoU 0.05: nan
2025-07-27 01:36:24,235 - DEBUG - Loaded collision time for BConcave+hConcave+4500 at IoU 0.1: nan
2025-07-27 01:36:24,236 - DEBUG - Loaded collision time for BConcave+hConcave+4500 at IoU 0.15: nan
2025-07-27 01:36:24,237 - DEBUG - Loaded collision time for BConcave+hConcave+4500 at IoU 0.2: nan
2025-07-27 01:36:24,238 - DEBUG - Loaded collision time for BConcave+hConcave+4500 at IoU 0.25: nan
2025-07-27 01:36:24,238 - DEBUG - Loaded collision time for BConcave+hConcave+4500 at IoU 0.3: nan
2025-07-27 01:36:24,239 - DEBUG - Loaded collision time for BConcave+hConcave+4500 at IoU 0.35: nan
2025-07-27 01:36:24,240 - DEBUG - Loaded collision time for BConcave+hConcave+4500 at IoU 0.4: nan
2025-07-27 01:36:24,240 - DEBUG - Loaded collision time for BConcave+hConcave+4500 at IoU 0.45: nan
2025-07-27 01:36:24,241 - DEBUG - Loaded collision time for BConcave+hConcave+4500 at IoU 0.5: nan
2025-07-27 01:36:24,242 - DEBUG - Loaded collision time for BConcave+hConcave+4500 at IoU 0.55: nan
2025-07-27 01:36:24,242 - DEBUG - Loaded collision time for BConcave+hConcave+4500 at IoU 0.6: nan
2025-07-27 01:36:24,243 - DEBUG - Loaded collision time for BConcave+hConcave+4500 at IoU 0.65: nan
2025-07-27 01:36:24,244 - DEBUG - Loaded collision time for BConcave+hConcave+4500 at IoU 0.7: nan
2025-07-27 01:36:24,245 - DEBUG - Loaded collision time for BConcave+hConcave+4500 at IoU 0.75: nan
2025-07-27 01:36:24,245 - DEBUG - Loaded collision time for BConcave+hConcave+4500 at IoU 0.8: nan
2025-07-27 01:36:24,246 - DEBUG - Loaded collision time for BConcave+hConcave+4500 at IoU 0.85: nan
2025-07-27 01:36:24,247 - DEBUG - Loaded collision time for BConcave+hConcave+4500 at IoU 0.9: nan
2025-07-27 01:36:24,247 - DEBUG - Loaded collision time for BConcave+hConcave+4500 at IoU 0.95: nan
2025-07-27 01:36:24,247 - INFO - Processing video: BConcave+hConvex+3500
2025-07-27 01:36:24,250 - INFO - Video BConcave+hConvex+3500 already processed (found segformer_model-BConcave+hConvex+3500.mp4), skipping video processing...
2025-07-27 01:36:24,269 - INFO - VanillaSegmentationSaver initialized with output dir: /home/projects/bagon/andreyg/Projects/Object_reps_neural/Programming/hugging_face/model_experiments/segformer/exp2TTC_segformer-b2-finetuned-ade-512-512/processed_videos/segformer_model-BConcave+hConvex+3500/org_segmentation
2025-07-27 01:36:24,274 - INFO - All collision results already exist for BConcave+hConvex+3500
2025-07-27 01:36:24,274 - DEBUG - Loaded collision time for BConcave+hConvex+3500 at IoU 0.05: nan
2025-07-27 01:36:24,275 - DEBUG - Loaded collision time for BConcave+hConvex+3500 at IoU 0.1: nan
2025-07-27 01:36:24,276 - DEBUG - Loaded collision time for BConcave+hConvex+3500 at IoU 0.15: nan
2025-07-27 01:36:24,277 - DEBUG - Loaded collision time for BConcave+hConvex+3500 at IoU 0.2: nan
2025-07-27 01:36:24,277 - DEBUG - Loaded collision time for BConcave+hConvex+3500 at IoU 0.25: nan
2025-07-27 01:36:24,278 - DEBUG - Loaded collision time for BConcave+hConvex+3500 at IoU 0.3: nan
2025-07-27 01:36:24,279 - DEBUG - Loaded collision time for BConcave+hConvex+3500 at IoU 0.35: nan
2025-07-27 01:36:24,279 - DEBUG - Loaded collision time for BConcave+hConvex+3500 at IoU 0.4: nan
2025-07-27 01:36:24,280 - DEBUG - Loaded collision time for BConcave+hConvex+3500 at IoU 0.45: nan
2025-07-27 01:36:24,281 - DEBUG - Loaded collision time for BConcave+hConvex+3500 at IoU 0.5: nan
2025-07-27 01:36:24,282 - DEBUG - Loaded collision time for BConcave+hConvex+3500 at IoU 0.55: nan
2025-07-27 01:36:24,283 - DEBUG - Loaded collision time for BConcave+hConvex+3500 at IoU 0.6: nan
2025-07-27 01:36:24,283 - DEBUG - Loaded collision time for BConcave+hConvex+3500 at IoU 0.65: nan
2025-07-27 01:36:24,284 - DEBUG - Loaded collision time for BConcave+hConvex+3500 at IoU 0.7: nan
2025-07-27 01:36:24,285 - DEBUG - Loaded collision time for BConcave+hConvex+3500 at IoU 0.75: nan
2025-07-27 01:36:24,286 - DEBUG - Loaded collision time for BConcave+hConvex+3500 at IoU 0.8: nan
2025-07-27 01:36:24,286 - DEBUG - Loaded collision time for BConcave+hConvex+3500 at IoU 0.85: nan
2025-07-27 01:36:24,287 - DEBUG - Loaded collision time for BConcave+hConvex+3500 at IoU 0.9: nan
2025-07-27 01:36:24,288 - DEBUG - Loaded collision time for BConcave+hConvex+3500 at IoU 0.95: nan
2025-07-27 01:36:24,288 - INFO - Processing video: BConcave+hConvex+3700_flipped
2025-07-27 01:36:24,290 - INFO - Video BConcave+hConvex+3700_flipped already processed (found segformer_model-BConcave+hConvex+3700_flipped.mp4), skipping video processing...
2025-07-27 01:36:24,303 - INFO - VanillaSegmentationSaver initialized with output dir: /home/projects/bagon/andreyg/Projects/Object_reps_neural/Programming/hugging_face/model_experiments/segformer/exp2TTC_segformer-b2-finetuned-ade-512-512/processed_videos/segformer_model-BConcave+hConvex+3700_flipped/org_segmentation
2025-07-27 01:36:24,308 - INFO - All collision results already exist for BConcave+hConvex+3700_flipped
2025-07-27 01:36:24,309 - DEBUG - Loaded collision time for BConcave+hConvex+3700_flipped at IoU 0.05: nan
2025-07-27 01:36:24,310 - DEBUG - Loaded collision time for BConcave+hConvex+3700_flipped at IoU 0.1: nan
2025-07-27 01:36:24,311 - DEBUG - Loaded collision time for BConcave+hConvex+3700_flipped at IoU 0.15: nan
2025-07-27 01:36:24,312 - DEBUG - Loaded collision time for BConcave+hConvex+3700_flipped at IoU 0.2: nan
2025-07-27 01:36:24,313 - DEBUG - Loaded collision time for BConcave+hConvex+3700_flipped at IoU 0.25: nan
2025-07-27 01:36:24,314 - DEBUG - Loaded collision time for BConcave+hConvex+3700_flipped at IoU 0.3: nan
2025-07-27 01:36:24,315 - DEBUG - Loaded collision time for BConcave+hConvex+3700_flipped at IoU 0.35: nan
2025-07-27 01:36:24,316 - DEBUG - Loaded collision time for BConcave+hConvex+3700_flipped at IoU 0.4: nan
2025-07-27 01:36:24,317 - DEBUG - Loaded collision time for BConcave+hConvex+3700_flipped at IoU 0.45: nan
2025-07-27 01:36:24,318 - DEBUG - Loaded collision time for BConcave+hConvex+3700_flipped at IoU 0.5: nan
2025-07-27 01:36:24,318 - DEBUG - Loaded collision time for BConcave+hConvex+3700_flipped at IoU 0.55: nan
2025-07-27 01:36:24,319 - DEBUG - Loaded collision time for BConcave+hConvex+3700_flipped at IoU 0.6: nan
2025-07-27 01:36:24,320 - DEBUG - Loaded collision time for BConcave+hConvex+3700_flipped at IoU 0.65: nan
2025-07-27 01:36:24,321 - DEBUG - Loaded collision time for BConcave+hConvex+3700_flipped at IoU 0.7: nan
2025-07-27 01:36:24,322 - DEBUG - Loaded collision time for BConcave+hConvex+3700_flipped at IoU 0.75: nan
2025-07-27 01:36:24,323 - DEBUG - Loaded collision time for BConcave+hConvex+3700_flipped at IoU 0.8: nan
2025-07-27 01:36:24,324 - DEBUG - Loaded collision time for BConcave+hConvex+3700_flipped at IoU 0.85: nan
2025-07-27 01:36:24,325 - DEBUG - Loaded collision time for BConcave+hConvex+3700_flipped at IoU 0.9: nan
2025-07-27 01:36:24,326 - DEBUG - Loaded collision time for BConcave+hConvex+3700_flipped at IoU 0.95: nan
2025-07-27 01:36:24,326 - INFO - Processing video: BConcave+hConvex+3900
2025-07-27 01:36:24,329 - INFO - Video BConcave+hConvex+3900 already processed (found segformer_model-BConcave+hConvex+3900.mp4), skipping video processing...
2025-07-27 01:36:24,344 - INFO - VanillaSegmentationSaver initialized with output dir: /home/projects/bagon/andreyg/Projects/Object_reps_neural/Programming/hugging_face/model_experiments/segformer/exp2TTC_segformer-b2-finetuned-ade-512-512/processed_videos/segformer_model-BConcave+hConvex+3900/org_segmentation
2025-07-27 01:36:24,349 - INFO - All collision results already exist for BConcave+hConvex+3900
2025-07-27 01:36:24,350 - DEBUG - Loaded collision time for BConcave+hConvex+3900 at IoU 0.05: nan
2025-07-27 01:36:24,351 - DEBUG - Loaded collision time for BConcave+hConvex+3900 at IoU 0.1: nan
2025-07-27 01:36:24,351 - DEBUG - Loaded collision time for BConcave+hConvex+3900 at IoU 0.15: nan
2025-07-27 01:36:24,352 - DEBUG - Loaded collision time for BConcave+hConvex+3900 at IoU 0.2: nan
2025-07-27 01:36:24,353 - DEBUG - Loaded collision time for BConcave+hConvex+3900 at IoU 0.25: nan
2025-07-27 01:36:24,354 - DEBUG - Loaded collision time for BConcave+hConvex+3900 at IoU 0.3: nan
2025-07-27 01:36:24,355 - DEBUG - Loaded collision time for BConcave+hConvex+3900 at IoU 0.35: nan
2025-07-27 01:36:24,356 - DEBUG - Loaded collision time for BConcave+hConvex+3900 at IoU 0.4: nan
2025-07-27 01:36:24,357 - DEBUG - Loaded collision time for BConcave+hConvex+3900 at IoU 0.45: nan
2025-07-27 01:36:24,358 - DEBUG - Loaded collision time for BConcave+hConvex+3900 at IoU 0.5: nan
2025-07-27 01:36:24,359 - DEBUG - Loaded collision time for BConcave+hConvex+3900 at IoU 0.55: nan
2025-07-27 01:36:24,360 - DEBUG - Loaded collision time for BConcave+hConvex+3900 at IoU 0.6: nan
2025-07-27 01:36:24,361 - DEBUG - Loaded collision time for BConcave+hConvex+3900 at IoU 0.65: nan
2025-07-27 01:36:24,362 - DEBUG - Loaded collision time for BConcave+hConvex+3900 at IoU 0.7: nan
2025-07-27 01:36:24,363 - DEBUG - Loaded collision time for BConcave+hConvex+3900 at IoU 0.75: nan
2025-07-27 01:36:24,364 - DEBUG - Loaded collision time for BConcave+hConvex+3900 at IoU 0.8: nan
2025-07-27 01:36:24,365 - DEBUG - Loaded collision time for BConcave+hConvex+3900 at IoU 0.85: nan
2025-07-27 01:36:24,366 - DEBUG - Loaded collision time for BConcave+hConvex+3900 at IoU 0.9: nan
2025-07-27 01:36:24,367 - DEBUG - Loaded collision time for BConcave+hConvex+3900 at IoU 0.95: nan
2025-07-27 01:36:24,367 - INFO - Processing video: BConcave+hConvex+4100_flipped
2025-07-27 01:36:24,370 - INFO - Video BConcave+hConvex+4100_flipped already processed (found segformer_model-BConcave+hConvex+4100_flipped.mp4), skipping video processing...
2025-07-27 01:36:24,382 - INFO - VanillaSegmentationSaver initialized with output dir: /home/projects/bagon/andreyg/Projects/Object_reps_neural/Programming/hugging_face/model_experiments/segformer/exp2TTC_segformer-b2-finetuned-ade-512-512/processed_videos/segformer_model-BConcave+hConvex+4100_flipped/org_segmentation
2025-07-27 01:36:24,389 - INFO - All collision results already exist for BConcave+hConvex+4100_flipped
2025-07-27 01:36:24,393 - DEBUG - Loaded collision time for BConcave+hConvex+4100_flipped at IoU 0.05: nan
2025-07-27 01:36:24,396 - DEBUG - Loaded collision time for BConcave+hConvex+4100_flipped at IoU 0.1: nan
2025-07-27 01:36:24,399 - DEBUG - Loaded collision time for BConcave+hConvex+4100_flipped at IoU 0.15: nan
2025-07-27 01:36:24,400 - DEBUG - Loaded collision time for BConcave+hConvex+4100_flipped at IoU 0.2: nan
2025-07-27 01:36:24,401 - DEBUG - Loaded collision time for BConcave+hConvex+4100_flipped at IoU 0.25: nan
2025-07-27 01:36:24,402 - DEBUG - Loaded collision time for BConcave+hConvex+4100_flipped at IoU 0.3: nan
2025-07-27 01:36:24,403 - DEBUG - Loaded collision time for BConcave+hConvex+4100_flipped at IoU 0.35: nan
2025-07-27 01:36:24,404 - DEBUG - Loaded collision time for BConcave+hConvex+4100_flipped at IoU 0.4: nan
2025-07-27 01:36:24,405 - DEBUG - Loaded collision time for BConcave+hConvex+4100_flipped at IoU 0.45: nan
2025-07-27 01:36:24,406 - DEBUG - Loaded collision time for BConcave+hConvex+4100_flipped at IoU 0.5: nan
2025-07-27 01:36:24,407 - DEBUG - Loaded collision time for BConcave+hConvex+4100_flipped at IoU 0.55: nan
2025-07-27 01:36:24,409 - DEBUG - Loaded collision time for BConcave+hConvex+4100_flipped at IoU 0.6: nan
2025-07-27 01:36:24,411 - DEBUG - Loaded collision time for BConcave+hConvex+4100_flipped at IoU 0.65: nan
2025-07-27 01:36:24,412 - DEBUG - Loaded collision time for BConcave+hConvex+4100_flipped at IoU 0.7: nan
2025-07-27 01:36:24,413 - DEBUG - Loaded collision time for BConcave+hConvex+4100_flipped at IoU 0.75: nan
2025-07-27 01:36:24,414 - DEBUG - Loaded collision time for BConcave+hConvex+4100_flipped at IoU 0.8: nan
2025-07-27 01:36:24,415 - DEBUG - Loaded collision time for BConcave+hConvex+4100_flipped at IoU 0.85: nan
2025-07-27 01:36:24,416 - DEBUG - Loaded collision time for BConcave+hConvex+4100_flipped at IoU 0.9: nan
2025-07-27 01:36:24,417 - DEBUG - Loaded collision time for BConcave+hConvex+4100_flipped at IoU 0.95: nan
2025-07-27 01:36:24,417 - INFO - Processing video: BConcave+hConvex+4300
2025-07-27 01:36:24,419 - INFO - Video BConcave+hConvex+4300 already processed (found segformer_model-BConcave+hConvex+4300.mp4), skipping video processing...
2025-07-27 01:36:24,428 - INFO - VanillaSegmentationSaver initialized with output dir: /home/projects/bagon/andreyg/Projects/Object_reps_neural/Programming/hugging_face/model_experiments/segformer/exp2TTC_segformer-b2-finetuned-ade-512-512/processed_videos/segformer_model-BConcave+hConvex+4300/org_segmentation
2025-07-27 01:36:24,433 - INFO - All collision results already exist for BConcave+hConvex+4300
2025-07-27 01:36:24,434 - DEBUG - Loaded collision time for BConcave+hConvex+4300 at IoU 0.05: nan
2025-07-27 01:36:24,435 - DEBUG - Loaded collision time for BConcave+hConvex+4300 at IoU 0.1: nan
2025-07-27 01:36:24,435 - DEBUG - Loaded collision time for BConcave+hConvex+4300 at IoU 0.15: nan
2025-07-27 01:36:24,436 - DEBUG - Loaded collision time for BConcave+hConvex+4300 at IoU 0.2: nan
2025-07-27 01:36:24,437 - DEBUG - Loaded collision time for BConcave+hConvex+4300 at IoU 0.25: nan
2025-07-27 01:36:24,438 - DEBUG - Loaded collision time for BConcave+hConvex+4300 at IoU 0.3: nan
2025-07-27 01:36:24,439 - DEBUG - Loaded collision time for BConcave+hConvex+4300 at IoU 0.35: nan
2025-07-27 01:36:24,440 - DEBUG - Loaded collision time for BConcave+hConvex+4300 at IoU 0.4: nan
2025-07-27 01:36:24,441 - DEBUG - Loaded collision time for BConcave+hConvex+4300 at IoU 0.45: nan
2025-07-27 01:36:24,442 - DEBUG - Loaded collision time for BConcave+hConvex+4300 at IoU 0.5: nan
2025-07-27 01:36:24,445 - DEBUG - Loaded collision time for BConcave+hConvex+4300 at IoU 0.55: nan
2025-07-27 01:36:24,445 - DEBUG - Loaded collision time for BConcave+hConvex+4300 at IoU 0.6: nan
2025-07-27 01:36:24,446 - DEBUG - Loaded collision time for BConcave+hConvex+4300 at IoU 0.65: nan
2025-07-27 01:36:24,448 - DEBUG - Loaded collision time for BConcave+hConvex+4300 at IoU 0.7: nan
2025-07-27 01:36:24,449 - DEBUG - Loaded collision time for BConcave+hConvex+4300 at IoU 0.75: nan
2025-07-27 01:36:24,450 - DEBUG - Loaded collision time for BConcave+hConvex+4300 at IoU 0.8: nan
2025-07-27 01:36:24,451 - DEBUG - Loaded collision time for BConcave+hConvex+4300 at IoU 0.85: nan
2025-07-27 01:36:24,452 - DEBUG - Loaded collision time for BConcave+hConvex+4300 at IoU 0.9: nan
2025-07-27 01:36:24,453 - DEBUG - Loaded collision time for BConcave+hConvex+4300 at IoU 0.95: nan
2025-07-27 01:36:24,453 - INFO - Processing video: BConcave+hConvex+4500_flipped
2025-07-27 01:36:24,456 - INFO - Video BConcave+hConvex+4500_flipped already processed (found segformer_model-BConcave+hConvex+4500_flipped.mp4), skipping video processing...
2025-07-27 01:36:24,465 - INFO - VanillaSegmentationSaver initialized with output dir: /home/projects/bagon/andreyg/Projects/Object_reps_neural/Programming/hugging_face/model_experiments/segformer/exp2TTC_segformer-b2-finetuned-ade-512-512/processed_videos/segformer_model-BConcave+hConvex+4500_flipped/org_segmentation
2025-07-27 01:36:24,470 - INFO - All collision results already exist for BConcave+hConvex+4500_flipped
2025-07-27 01:36:24,471 - DEBUG - Loaded collision time for BConcave+hConvex+4500_flipped at IoU 0.05: nan
2025-07-27 01:36:24,472 - DEBUG - Loaded collision time for BConcave+hConvex+4500_flipped at IoU 0.1: nan
2025-07-27 01:36:24,473 - DEBUG - Loaded collision time for BConcave+hConvex+4500_flipped at IoU 0.15: nan
2025-07-27 01:36:24,474 - DEBUG - Loaded collision time for BConcave+hConvex+4500_flipped at IoU 0.2: nan
2025-07-27 01:36:24,475 - DEBUG - Loaded collision time for BConcave+hConvex+4500_flipped at IoU 0.25: nan
2025-07-27 01:36:24,476 - DEBUG - Loaded collision time for BConcave+hConvex+4500_flipped at IoU 0.3: nan
2025-07-27 01:36:24,477 - DEBUG - Loaded collision time for BConcave+hConvex+4500_flipped at IoU 0.35: nan
2025-07-27 01:36:24,477 - DEBUG - Loaded collision time for BConcave+hConvex+4500_flipped at IoU 0.4: nan
2025-07-27 01:36:24,479 - DEBUG - Loaded collision time for BConcave+hConvex+4500_flipped at IoU 0.45: nan
2025-07-27 01:36:24,479 - DEBUG - Loaded collision time for BConcave+hConvex+4500_flipped at IoU 0.5: nan
2025-07-27 01:36:24,480 - DEBUG - Loaded collision time for BConcave+hConvex+4500_flipped at IoU 0.55: nan
2025-07-27 01:36:24,482 - DEBUG - Loaded collision time for BConcave+hConvex+4500_flipped at IoU 0.6: nan
2025-07-27 01:36:24,483 - DEBUG - Loaded collision time for BConcave+hConvex+4500_flipped at IoU 0.65: nan
2025-07-27 01:36:24,484 - DEBUG - Loaded collision time for BConcave+hConvex+4500_flipped at IoU 0.7: nan
2025-07-27 01:36:24,485 - DEBUG - Loaded collision time for BConcave+hConvex+4500_flipped at IoU 0.75: nan
2025-07-27 01:36:24,486 - DEBUG - Loaded collision time for BConcave+hConvex+4500_flipped at IoU 0.8: nan
2025-07-27 01:36:24,487 - DEBUG - Loaded collision time for BConcave+hConvex+4500_flipped at IoU 0.85: nan
2025-07-27 01:36:24,488 - DEBUG - Loaded collision time for BConcave+hConvex+4500_flipped at IoU 0.9: nan
2025-07-27 01:36:24,489 - DEBUG - Loaded collision time for BConcave+hConvex+4500_flipped at IoU 0.95: nan
2025-07-27 01:36:24,489 - INFO - Processing video: squareA+squareP+4433+L
2025-07-27 01:36:24,491 - INFO - Video squareA+squareP+4433+L already processed (found segformer_model-squareA+squareP+4433+L.mp4), skipping video processing...
2025-07-27 01:36:24,499 - INFO - VanillaSegmentationSaver initialized with output dir: /home/projects/bagon/andreyg/Projects/Object_reps_neural/Programming/hugging_face/model_experiments/segformer/exp2TTC_segformer-b2-finetuned-ade-512-512/processed_videos/segformer_model-squareA+squareP+4433+L/org_segmentation
2025-07-27 01:36:24,505 - INFO - All collision results already exist for squareA+squareP+4433+L
2025-07-27 01:36:24,506 - DEBUG - Loaded collision time for squareA+squareP+4433+L at IoU 0.05: 4500.0
2025-07-27 01:36:24,507 - DEBUG - Loaded collision time for squareA+squareP+4433+L at IoU 0.1: 4566.666666666666
2025-07-27 01:36:24,508 - DEBUG - Loaded collision time for squareA+squareP+4433+L at IoU 0.15: 4666.666666666667
2025-07-27 01:36:24,509 - DEBUG - Loaded collision time for squareA+squareP+4433+L at IoU 0.2: 4733.333333333333
2025-07-27 01:36:24,510 - DEBUG - Loaded collision time for squareA+squareP+4433+L at IoU 0.25: 4783.333333333333
2025-07-27 01:36:24,511 - DEBUG - Loaded collision time for squareA+squareP+4433+L at IoU 0.3: 4850.0
2025-07-27 01:36:24,512 - DEBUG - Loaded collision time for squareA+squareP+4433+L at IoU 0.35: 4900.0
2025-07-27 01:36:24,513 - DEBUG - Loaded collision time for squareA+squareP+4433+L at IoU 0.4: 4950.0
2025-07-27 01:36:24,513 - DEBUG - Loaded collision time for squareA+squareP+4433+L at IoU 0.45: 5000.0
2025-07-27 01:36:24,514 - DEBUG - Loaded collision time for squareA+squareP+4433+L at IoU 0.5: 5033.333333333333
2025-07-27 01:36:24,515 - DEBUG - Loaded collision time for squareA+squareP+4433+L at IoU 0.55: 5066.666666666666
2025-07-27 01:36:24,516 - DEBUG - Loaded collision time for squareA+squareP+4433+L at IoU 0.6: 5116.666666666666
2025-07-27 01:36:24,517 - DEBUG - Loaded collision time for squareA+squareP+4433+L at IoU 0.65: 5150.0
2025-07-27 01:36:24,518 - DEBUG - Loaded collision time for squareA+squareP+4433+L at IoU 0.7: 5200.0
2025-07-27 01:36:24,519 - DEBUG - Loaded collision time for squareA+squareP+4433+L at IoU 0.75: 5216.666666666667
2025-07-27 01:36:24,520 - DEBUG - Loaded collision time for squareA+squareP+4433+L at IoU 0.8: 5233.333333333333
2025-07-27 01:36:24,521 - DEBUG - Loaded collision time for squareA+squareP+4433+L at IoU 0.85: 5283.333333333333
2025-07-27 01:36:24,522 - DEBUG - Loaded collision time for squareA+squareP+4433+L at IoU 0.9: 5300.0
2025-07-27 01:36:24,523 - DEBUG - Loaded collision time for squareA+squareP+4433+L at IoU 0.95: 5316.666666666666
2025-07-27 01:36:24,523 - INFO - Processing video: squareA+squareP+4433+R_flipped
2025-07-27 01:36:24,525 - INFO - Video squareA+squareP+4433+R_flipped already processed (found segformer_model-squareA+squareP+4433+R_flipped.mp4), skipping video processing...
2025-07-27 01:36:24,533 - INFO - VanillaSegmentationSaver initialized with output dir: /home/projects/bagon/andreyg/Projects/Object_reps_neural/Programming/hugging_face/model_experiments/segformer/exp2TTC_segformer-b2-finetuned-ade-512-512/processed_videos/segformer_model-squareA+squareP+4433+R_flipped/org_segmentation
2025-07-27 01:36:24,539 - INFO - All collision results already exist for squareA+squareP+4433+R_flipped
2025-07-27 01:36:24,540 - DEBUG - Loaded collision time for squareA+squareP+4433+R_flipped at IoU 0.05: 4516.666666666667
2025-07-27 01:36:24,541 - DEBUG - Loaded collision time for squareA+squareP+4433+R_flipped at IoU 0.1: 4600.0
2025-07-27 01:36:24,542 - DEBUG - Loaded collision time for squareA+squareP+4433+R_flipped at IoU 0.15: 4700.0
2025-07-27 01:36:24,543 - DEBUG - Loaded collision time for squareA+squareP+4433+R_flipped at IoU 0.2: 4750.0
2025-07-27 01:36:24,544 - DEBUG - Loaded collision time for squareA+squareP+4433+R_flipped at IoU 0.25: 4850.0
2025-07-27 01:36:24,545 - DEBUG - Loaded collision time for squareA+squareP+4433+R_flipped at IoU 0.3: 4900.0
2025-07-27 01:36:24,546 - DEBUG - Loaded collision time for squareA+squareP+4433+R_flipped at IoU 0.35: 4916.666666666667
2025-07-27 01:36:24,547 - DEBUG - Loaded collision time for squareA+squareP+4433+R_flipped at IoU 0.4: 4966.666666666667
2025-07-27 01:36:24,548 - DEBUG - Loaded collision time for squareA+squareP+4433+R_flipped at IoU 0.45: 5033.333333333333
2025-07-27 01:36:24,552 - DEBUG - Loaded collision time for squareA+squareP+4433+R_flipped at IoU 0.5: 5083.333333333333
2025-07-27 01:36:24,556 - DEBUG - Loaded collision time for squareA+squareP+4433+R_flipped at IoU 0.55: 5116.666666666666
2025-07-27 01:36:24,558 - DEBUG - Loaded collision time for squareA+squareP+4433+R_flipped at IoU 0.6: 5150.0
2025-07-27 01:36:24,560 - DEBUG - Loaded collision time for squareA+squareP+4433+R_flipped at IoU 0.65: 5200.0
2025-07-27 01:36:24,560 - DEBUG - Loaded collision time for squareA+squareP+4433+R_flipped at IoU 0.7: 5233.333333333333
2025-07-27 01:36:24,562 - DEBUG - Loaded collision time for squareA+squareP+4433+R_flipped at IoU 0.75: 5266.666666666667
2025-07-27 01:36:24,563 - DEBUG - Loaded collision time for squareA+squareP+4433+R_flipped at IoU 0.8: 5283.333333333333
2025-07-27 01:36:24,564 - DEBUG - Loaded collision time for squareA+squareP+4433+R_flipped at IoU 0.85: nan
2025-07-27 01:36:24,564 - DEBUG - Loaded collision time for squareA+squareP+4433+R_flipped at IoU 0.9: nan
2025-07-27 01:36:24,565 - DEBUG - Loaded collision time for squareA+squareP+4433+R_flipped at IoU 0.95: nan
2025-07-27 01:36:24,566 - INFO - Collecting collision data from all videos for analysis...
2025-07-27 01:36:24,567 - DEBUG - Collected collision time for AConcave_FConcave at IoU 0.05: 3650.0
2025-07-27 01:36:24,567 - DEBUG - Collected collision time for AConcave_FConcave at IoU 0.1: 3650.0
2025-07-27 01:36:24,567 - DEBUG - Collected collision time for AConcave_FConcave at IoU 0.15: 3650.0
2025-07-27 01:36:24,568 - DEBUG - Collected collision time for AConcave_FConcave at IoU 0.2: 3650.0
2025-07-27 01:36:24,568 - DEBUG - Collected collision time for AConcave_FConcave at IoU 0.25: 3650.0
2025-07-27 01:36:24,568 - DEBUG - Collected collision time for AConcave_FConcave at IoU 0.3: 3650.0
2025-07-27 01:36:24,568 - DEBUG - Collected collision time for AConcave_FConcave at IoU 0.35: 3650.0
2025-07-27 01:36:24,569 - DEBUG - Collected collision time for AConcave_FConcave at IoU 0.4: 3650.0
2025-07-27 01:36:24,569 - DEBUG - Collected collision time for AConcave_FConcave at IoU 0.45: 3650.0
2025-07-27 01:36:24,569 - DEBUG - Collected collision time for AConcave_FConcave at IoU 0.5: 3650.0
2025-07-27 01:36:24,569 - DEBUG - Collected collision time for AConcave_FConcave at IoU 0.55: 3700.0
2025-07-27 01:36:24,570 - DEBUG - Collected collision time for AConcave_FConcave at IoU 0.6: 4216.666666666667
2025-07-27 01:36:24,570 - DEBUG - Collected collision time for AConcave_FConcave at IoU 0.65: 4233.333333333333
2025-07-27 01:36:24,570 - DEBUG - Collected collision time for AConcave_FConcave at IoU 0.7: nan
2025-07-27 01:36:24,571 - DEBUG - Collected collision time for AConcave_FConcave at IoU 0.75: nan
2025-07-27 01:36:24,571 - DEBUG - Collected collision time for AConcave_FConcave at IoU 0.8: nan
2025-07-27 01:36:24,571 - DEBUG - Collected collision time for AConcave_FConcave at IoU 0.85: nan
2025-07-27 01:36:24,571 - DEBUG - Collected collision time for AConcave_FConcave at IoU 0.9: nan
2025-07-27 01:36:24,572 - DEBUG - Collected collision time for AConcave_FConcave at IoU 0.95: nan
2025-07-27 01:36:24,572 - DEBUG - Collected collision time for BConcave+AConcave+3500 at IoU 0.05: 3733.3333333333335
2025-07-27 01:36:24,572 - DEBUG - Collected collision time for BConcave+AConcave+3500 at IoU 0.1: 3800.0
2025-07-27 01:36:24,572 - DEBUG - Collected collision time for BConcave+AConcave+3500 at IoU 0.15: 3866.6666666666665
2025-07-27 01:36:24,573 - DEBUG - Collected collision time for BConcave+AConcave+3500 at IoU 0.2: 3933.333333333333
2025-07-27 01:36:24,573 - DEBUG - Collected collision time for BConcave+AConcave+3500 at IoU 0.25: 3983.3333333333335
2025-07-27 01:36:24,573 - DEBUG - Collected collision time for BConcave+AConcave+3500 at IoU 0.3: 4033.333333333333
2025-07-27 01:36:24,573 - DEBUG - Collected collision time for BConcave+AConcave+3500 at IoU 0.35: nan
2025-07-27 01:36:24,574 - DEBUG - Collected collision time for BConcave+AConcave+3500 at IoU 0.4: nan
2025-07-27 01:36:24,574 - DEBUG - Collected collision time for BConcave+AConcave+3500 at IoU 0.45: nan
2025-07-27 01:36:24,574 - DEBUG - Collected collision time for BConcave+AConcave+3500 at IoU 0.5: nan
2025-07-27 01:36:24,575 - DEBUG - Collected collision time for BConcave+AConcave+3500 at IoU 0.55: nan
2025-07-27 01:36:24,575 - DEBUG - Collected collision time for BConcave+AConcave+3500 at IoU 0.6: nan
2025-07-27 01:36:24,576 - DEBUG - Collected collision time for BConcave+AConcave+3500 at IoU 0.65: nan
2025-07-27 01:36:24,576 - DEBUG - Collected collision time for BConcave+AConcave+3500 at IoU 0.7: nan
2025-07-27 01:36:24,576 - DEBUG - Collected collision time for BConcave+AConcave+3500 at IoU 0.75: nan
2025-07-27 01:36:24,576 - DEBUG - Collected collision time for BConcave+AConcave+3500 at IoU 0.8: nan
2025-07-27 01:36:24,577 - DEBUG - Collected collision time for BConcave+AConcave+3500 at IoU 0.85: nan
2025-07-27 01:36:24,577 - DEBUG - Collected collision time for BConcave+AConcave+3500 at IoU 0.9: nan
2025-07-27 01:36:24,578 - DEBUG - Collected collision time for BConcave+AConcave+3500 at IoU 0.95: nan
2025-07-27 01:36:24,578 - DEBUG - Collected collision time for BConcave+AConcave+3700_flipped at IoU 0.05: 3850.0
2025-07-27 01:36:24,579 - DEBUG - Collected collision time for BConcave+AConcave+3700_flipped at IoU 0.1: 3983.3333333333335
2025-07-27 01:36:24,579 - DEBUG - Collected collision time for BConcave+AConcave+3700_flipped at IoU 0.15: 4050.0
2025-07-27 01:36:24,579 - DEBUG - Collected collision time for BConcave+AConcave+3700_flipped at IoU 0.2: 4233.333333333333
2025-07-27 01:36:24,580 - DEBUG - Collected collision time for BConcave+AConcave+3700_flipped at IoU 0.25: 4300.0
2025-07-27 01:36:24,580 - DEBUG - Collected collision time for BConcave+AConcave+3700_flipped at IoU 0.3: nan
2025-07-27 01:36:24,580 - DEBUG - Collected collision time for BConcave+AConcave+3700_flipped at IoU 0.35: nan
2025-07-27 01:36:24,581 - DEBUG - Collected collision time for BConcave+AConcave+3700_flipped at IoU 0.4: nan
2025-07-27 01:36:24,581 - DEBUG - Collected collision time for BConcave+AConcave+3700_flipped at IoU 0.45: nan
2025-07-27 01:36:24,582 - DEBUG - Collected collision time for BConcave+AConcave+3700_flipped at IoU 0.5: nan
2025-07-27 01:36:24,582 - DEBUG - Collected collision time for BConcave+AConcave+3700_flipped at IoU 0.55: nan
2025-07-27 01:36:24,582 - DEBUG - Collected collision time for BConcave+AConcave+3700_flipped at IoU 0.6: nan
2025-07-27 01:36:24,582 - DEBUG - Collected collision time for BConcave+AConcave+3700_flipped at IoU 0.65: nan
2025-07-27 01:36:24,583 - DEBUG - Collected collision time for BConcave+AConcave+3700_flipped at IoU 0.7: nan
2025-07-27 01:36:24,583 - DEBUG - Collected collision time for BConcave+AConcave+3700_flipped at IoU 0.75: nan
2025-07-27 01:36:24,583 - DEBUG - Collected collision time for BConcave+AConcave+3700_flipped at IoU 0.8: nan
2025-07-27 01:36:24,583 - DEBUG - Collected collision time for BConcave+AConcave+3700_flipped at IoU 0.85: nan
2025-07-27 01:36:24,584 - DEBUG - Collected collision time for BConcave+AConcave+3700_flipped at IoU 0.9: nan
2025-07-27 01:36:24,584 - DEBUG - Collected collision time for BConcave+AConcave+3700_flipped at IoU 0.95: nan
2025-07-27 01:36:24,584 - DEBUG - Collected collision time for BConcave+AConcave+3900 at IoU 0.05: 4166.666666666667
2025-07-27 01:36:24,584 - DEBUG - Collected collision time for BConcave+AConcave+3900 at IoU 0.1: 4216.666666666667
2025-07-27 01:36:24,585 - DEBUG - Collected collision time for BConcave+AConcave+3900 at IoU 0.15: 4283.333333333333
2025-07-27 01:36:24,585 - DEBUG - Collected collision time for BConcave+AConcave+3900 at IoU 0.2: 4383.333333333334
2025-07-27 01:36:24,585 - DEBUG - Collected collision time for BConcave+AConcave+3900 at IoU 0.25: nan
2025-07-27 01:36:24,586 - DEBUG - Collected collision time for BConcave+AConcave+3900 at IoU 0.3: nan
2025-07-27 01:36:24,586 - DEBUG - Collected collision time for BConcave+AConcave+3900 at IoU 0.35: nan
2025-07-27 01:36:24,586 - DEBUG - Collected collision time for BConcave+AConcave+3900 at IoU 0.4: nan
2025-07-27 01:36:24,587 - DEBUG - Collected collision time for BConcave+AConcave+3900 at IoU 0.45: nan
2025-07-27 01:36:24,587 - DEBUG - Collected collision time for BConcave+AConcave+3900 at IoU 0.5: nan
2025-07-27 01:36:24,588 - DEBUG - Collected collision time for BConcave+AConcave+3900 at IoU 0.55: nan
2025-07-27 01:36:24,588 - DEBUG - Collected collision time for BConcave+AConcave+3900 at IoU 0.6: nan
2025-07-27 01:36:24,588 - DEBUG - Collected collision time for BConcave+AConcave+3900 at IoU 0.65: nan
2025-07-27 01:36:24,588 - DEBUG - Collected collision time for BConcave+AConcave+3900 at IoU 0.7: nan
2025-07-27 01:36:24,589 - DEBUG - Collected collision time for BConcave+AConcave+3900 at IoU 0.75: nan
2025-07-27 01:36:24,590 - DEBUG - Collected collision time for BConcave+AConcave+3900 at IoU 0.8: nan
2025-07-27 01:36:24,590 - DEBUG - Collected collision time for BConcave+AConcave+3900 at IoU 0.85: nan
2025-07-27 01:36:24,590 - DEBUG - Collected collision time for BConcave+AConcave+3900 at IoU 0.9: nan
2025-07-27 01:36:24,591 - DEBUG - Collected collision time for BConcave+AConcave+3900 at IoU 0.95: nan
2025-07-27 01:36:24,591 - DEBUG - Collected collision time for BConcave+AConcave+4100_flipped at IoU 0.05: 4350.0
2025-07-27 01:36:24,591 - DEBUG - Collected collision time for BConcave+AConcave+4100_flipped at IoU 0.1: 4416.666666666667
2025-07-27 01:36:24,591 - DEBUG - Collected collision time for BConcave+AConcave+4100_flipped at IoU 0.15: 4483.333333333333
2025-07-27 01:36:24,592 - DEBUG - Collected collision time for BConcave+AConcave+4100_flipped at IoU 0.2: 4550.0
2025-07-27 01:36:24,592 - DEBUG - Collected collision time for BConcave+AConcave+4100_flipped at IoU 0.25: 4600.0
2025-07-27 01:36:24,592 - DEBUG - Collected collision time for BConcave+AConcave+4100_flipped at IoU 0.3: 4650.0
2025-07-27 01:36:24,592 - DEBUG - Collected collision time for BConcave+AConcave+4100_flipped at IoU 0.35: nan
2025-07-27 01:36:24,593 - DEBUG - Collected collision time for BConcave+AConcave+4100_flipped at IoU 0.4: nan
2025-07-27 01:36:24,593 - DEBUG - Collected collision time for BConcave+AConcave+4100_flipped at IoU 0.45: nan
2025-07-27 01:36:24,593 - DEBUG - Collected collision time for BConcave+AConcave+4100_flipped at IoU 0.5: nan
2025-07-27 01:36:24,593 - DEBUG - Collected collision time for BConcave+AConcave+4100_flipped at IoU 0.55: nan
2025-07-27 01:36:24,594 - DEBUG - Collected collision time for BConcave+AConcave+4100_flipped at IoU 0.6: nan
2025-07-27 01:36:24,594 - DEBUG - Collected collision time for BConcave+AConcave+4100_flipped at IoU 0.65: nan
2025-07-27 01:36:24,594 - DEBUG - Collected collision time for BConcave+AConcave+4100_flipped at IoU 0.7: nan
2025-07-27 01:36:24,595 - DEBUG - Collected collision time for BConcave+AConcave+4100_flipped at IoU 0.75: nan
2025-07-27 01:36:24,595 - DEBUG - Collected collision time for BConcave+AConcave+4100_flipped at IoU 0.8: nan
2025-07-27 01:36:24,595 - DEBUG - Collected collision time for BConcave+AConcave+4100_flipped at IoU 0.85: nan
2025-07-27 01:36:24,595 - DEBUG - Collected collision time for BConcave+AConcave+4100_flipped at IoU 0.9: nan
2025-07-27 01:36:24,596 - DEBUG - Collected collision time for BConcave+AConcave+4100_flipped at IoU 0.95: nan
2025-07-27 01:36:24,596 - DEBUG - Collected collision time for BConcave+AConcave+4300 at IoU 0.05: 4516.666666666667
2025-07-27 01:36:24,597 - DEBUG - Collected collision time for BConcave+AConcave+4300 at IoU 0.1: 4600.0
2025-07-27 01:36:24,597 - DEBUG - Collected collision time for BConcave+AConcave+4300 at IoU 0.15: 4666.666666666667
2025-07-27 01:36:24,597 - DEBUG - Collected collision time for BConcave+AConcave+4300 at IoU 0.2: 4733.333333333333
2025-07-27 01:36:24,598 - DEBUG - Collected collision time for BConcave+AConcave+4300 at IoU 0.25: 4783.333333333333
2025-07-27 01:36:24,598 - DEBUG - Collected collision time for BConcave+AConcave+4300 at IoU 0.3: 4833.333333333333
2025-07-27 01:36:24,599 - DEBUG - Collected collision time for BConcave+AConcave+4300 at IoU 0.35: nan
2025-07-27 01:36:24,599 - DEBUG - Collected collision time for BConcave+AConcave+4300 at IoU 0.4: nan
2025-07-27 01:36:24,599 - DEBUG - Collected collision time for BConcave+AConcave+4300 at IoU 0.45: nan
2025-07-27 01:36:24,600 - DEBUG - Collected collision time for BConcave+AConcave+4300 at IoU 0.5: nan
2025-07-27 01:36:24,601 - DEBUG - Collected collision time for BConcave+AConcave+4300 at IoU 0.55: nan
2025-07-27 01:36:24,601 - DEBUG - Collected collision time for BConcave+AConcave+4300 at IoU 0.6: nan
2025-07-27 01:36:24,602 - DEBUG - Collected collision time for BConcave+AConcave+4300 at IoU 0.65: nan
2025-07-27 01:36:24,602 - DEBUG - Collected collision time for BConcave+AConcave+4300 at IoU 0.7: nan
2025-07-27 01:36:24,603 - DEBUG - Collected collision time for BConcave+AConcave+4300 at IoU 0.75: nan
2025-07-27 01:36:24,603 - DEBUG - Collected collision time for BConcave+AConcave+4300 at IoU 0.8: nan
2025-07-27 01:36:24,603 - DEBUG - Collected collision time for BConcave+AConcave+4300 at IoU 0.85: nan
2025-07-27 01:36:24,603 - DEBUG - Collected collision time for BConcave+AConcave+4300 at IoU 0.9: nan
2025-07-27 01:36:24,604 - DEBUG - Collected collision time for BConcave+AConcave+4300 at IoU 0.95: nan
2025-07-27 01:36:24,604 - DEBUG - Collected collision time for BConcave+AConcave+4500_flipped at IoU 0.05: 4766.666666666667
2025-07-27 01:36:24,605 - DEBUG - Collected collision time for BConcave+AConcave+4500_flipped at IoU 0.1: 4833.333333333333
2025-07-27 01:36:24,605 - DEBUG - Collected collision time for BConcave+AConcave+4500_flipped at IoU 0.15: 4883.333333333334
2025-07-27 01:36:24,605 - DEBUG - Collected collision time for BConcave+AConcave+4500_flipped at IoU 0.2: 4950.0
2025-07-27 01:36:24,606 - DEBUG - Collected collision time for BConcave+AConcave+4500_flipped at IoU 0.25: 5000.0
2025-07-27 01:36:24,606 - DEBUG - Collected collision time for BConcave+AConcave+4500_flipped at IoU 0.3: 5083.333333333333
2025-07-27 01:36:24,606 - DEBUG - Collected collision time for BConcave+AConcave+4500_flipped at IoU 0.35: nan
2025-07-27 01:36:24,607 - DEBUG - Collected collision time for BConcave+AConcave+4500_flipped at IoU 0.4: nan
2025-07-27 01:36:24,607 - DEBUG - Collected collision time for BConcave+AConcave+4500_flipped at IoU 0.45: nan
2025-07-27 01:36:24,608 - DEBUG - Collected collision time for BConcave+AConcave+4500_flipped at IoU 0.5: nan
2025-07-27 01:36:24,608 - DEBUG - Collected collision time for BConcave+AConcave+4500_flipped at IoU 0.55: nan
2025-07-27 01:36:24,608 - DEBUG - Collected collision time for BConcave+AConcave+4500_flipped at IoU 0.6: nan
2025-07-27 01:36:24,609 - DEBUG - Collected collision time for BConcave+AConcave+4500_flipped at IoU 0.65: nan
2025-07-27 01:36:24,609 - DEBUG - Collected collision time for BConcave+AConcave+4500_flipped at IoU 0.7: nan
2025-07-27 01:36:24,609 - DEBUG - Collected collision time for BConcave+AConcave+4500_flipped at IoU 0.75: nan
2025-07-27 01:36:24,610 - DEBUG - Collected collision time for BConcave+AConcave+4500_flipped at IoU 0.8: nan
2025-07-27 01:36:24,610 - DEBUG - Collected collision time for BConcave+AConcave+4500_flipped at IoU 0.85: nan
2025-07-27 01:36:24,610 - DEBUG - Collected collision time for BConcave+AConcave+4500_flipped at IoU 0.9: nan
2025-07-27 01:36:24,610 - DEBUG - Collected collision time for BConcave+AConcave+4500_flipped at IoU 0.95: nan
2025-07-27 01:36:24,611 - DEBUG - Collected collision time for BConcave+AConvex+3500_flipped at IoU 0.05: 3900.0
2025-07-27 01:36:24,611 - DEBUG - Collected collision time for BConcave+AConvex+3500_flipped at IoU 0.1: 4066.6666666666665
2025-07-27 01:36:24,611 - DEBUG - Collected collision time for BConcave+AConvex+3500_flipped at IoU 0.15: 4216.666666666667
2025-07-27 01:36:24,612 - DEBUG - Collected collision time for BConcave+AConvex+3500_flipped at IoU 0.2: nan
2025-07-27 01:36:24,612 - DEBUG - Collected collision time for BConcave+AConvex+3500_flipped at IoU 0.25: nan
2025-07-27 01:36:24,612 - DEBUG - Collected collision time for BConcave+AConvex+3500_flipped at IoU 0.3: nan
2025-07-27 01:36:24,613 - DEBUG - Collected collision time for BConcave+AConvex+3500_flipped at IoU 0.35: nan
2025-07-27 01:36:24,613 - DEBUG - Collected collision time for BConcave+AConvex+3500_flipped at IoU 0.4: nan
2025-07-27 01:36:24,614 - DEBUG - Collected collision time for BConcave+AConvex+3500_flipped at IoU 0.45: nan
2025-07-27 01:36:24,614 - DEBUG - Collected collision time for BConcave+AConvex+3500_flipped at IoU 0.5: nan
2025-07-27 01:36:24,615 - DEBUG - Collected collision time for BConcave+AConvex+3500_flipped at IoU 0.55: nan
2025-07-27 01:36:24,615 - DEBUG - Collected collision time for BConcave+AConvex+3500_flipped at IoU 0.6: nan
2025-07-27 01:36:24,616 - DEBUG - Collected collision time for BConcave+AConvex+3500_flipped at IoU 0.65: nan
2025-07-27 01:36:24,616 - DEBUG - Collected collision time for BConcave+AConvex+3500_flipped at IoU 0.7: nan
2025-07-27 01:36:24,617 - DEBUG - Collected collision time for BConcave+AConvex+3500_flipped at IoU 0.75: nan
2025-07-27 01:36:24,617 - DEBUG - Collected collision time for BConcave+AConvex+3500_flipped at IoU 0.8: nan
2025-07-27 01:36:24,618 - DEBUG - Collected collision time for BConcave+AConvex+3500_flipped at IoU 0.85: nan
2025-07-27 01:36:24,618 - DEBUG - Collected collision time for BConcave+AConvex+3500_flipped at IoU 0.9: nan
2025-07-27 01:36:24,618 - DEBUG - Collected collision time for BConcave+AConvex+3500_flipped at IoU 0.95: nan
2025-07-27 01:36:24,619 - DEBUG - Collected collision time for BConcave+AConvex+3700 at IoU 0.05: 4250.0
2025-07-27 01:36:24,619 - DEBUG - Collected collision time for BConcave+AConvex+3700 at IoU 0.1: 4633.333333333334
2025-07-27 01:36:24,619 - DEBUG - Collected collision time for BConcave+AConvex+3700 at IoU 0.15: nan
2025-07-27 01:36:24,620 - DEBUG - Collected collision time for BConcave+AConvex+3700 at IoU 0.2: nan
2025-07-27 01:36:24,620 - DEBUG - Collected collision time for BConcave+AConvex+3700 at IoU 0.25: nan
2025-07-27 01:36:24,620 - DEBUG - Collected collision time for BConcave+AConvex+3700 at IoU 0.3: nan
2025-07-27 01:36:24,621 - DEBUG - Collected collision time for BConcave+AConvex+3700 at IoU 0.35: nan
2025-07-27 01:36:24,621 - DEBUG - Collected collision time for BConcave+AConvex+3700 at IoU 0.4: nan
2025-07-27 01:36:24,621 - DEBUG - Collected collision time for BConcave+AConvex+3700 at IoU 0.45: nan
2025-07-27 01:36:24,622 - DEBUG - Collected collision time for BConcave+AConvex+3700 at IoU 0.5: nan
2025-07-27 01:36:24,622 - DEBUG - Collected collision time for BConcave+AConvex+3700 at IoU 0.55: nan
2025-07-27 01:36:24,622 - DEBUG - Collected collision time for BConcave+AConvex+3700 at IoU 0.6: nan
2025-07-27 01:36:24,622 - DEBUG - Collected collision time for BConcave+AConvex+3700 at IoU 0.65: nan
2025-07-27 01:36:24,623 - DEBUG - Collected collision time for BConcave+AConvex+3700 at IoU 0.7: nan
2025-07-27 01:36:24,623 - DEBUG - Collected collision time for BConcave+AConvex+3700 at IoU 0.75: nan
2025-07-27 01:36:24,623 - DEBUG - Collected collision time for BConcave+AConvex+3700 at IoU 0.8: nan
2025-07-27 01:36:24,623 - DEBUG - Collected collision time for BConcave+AConvex+3700 at IoU 0.85: nan
2025-07-27 01:36:24,624 - DEBUG - Collected collision time for BConcave+AConvex+3700 at IoU 0.9: nan
2025-07-27 01:36:24,624 - DEBUG - Collected collision time for BConcave+AConvex+3700 at IoU 0.95: nan
2025-07-27 01:36:24,624 - DEBUG - Collected collision time for BConcave+AConvex+3900_flipped at IoU 0.05: nan
2025-07-27 01:36:24,625 - DEBUG - Collected collision time for BConcave+AConvex+3900_flipped at IoU 0.1: nan
2025-07-27 01:36:24,625 - DEBUG - Collected collision time for BConcave+AConvex+3900_flipped at IoU 0.15: nan
2025-07-27 01:36:24,625 - DEBUG - Collected collision time for BConcave+AConvex+3900_flipped at IoU 0.2: nan
2025-07-27 01:36:24,626 - DEBUG - Collected collision time for BConcave+AConvex+3900_flipped at IoU 0.25: nan
2025-07-27 01:36:24,626 - DEBUG - Collected collision time for BConcave+AConvex+3900_flipped at IoU 0.3: nan
2025-07-27 01:36:24,627 - DEBUG - Collected collision time for BConcave+AConvex+3900_flipped at IoU 0.35: nan
2025-07-27 01:36:24,627 - DEBUG - Collected collision time for BConcave+AConvex+3900_flipped at IoU 0.4: nan
2025-07-27 01:36:24,627 - DEBUG - Collected collision time for BConcave+AConvex+3900_flipped at IoU 0.45: nan
2025-07-27 01:36:24,628 - DEBUG - Collected collision time for BConcave+AConvex+3900_flipped at IoU 0.5: nan
2025-07-27 01:36:24,628 - DEBUG - Collected collision time for BConcave+AConvex+3900_flipped at IoU 0.55: nan
2025-07-27 01:36:24,628 - DEBUG - Collected collision time for BConcave+AConvex+3900_flipped at IoU 0.6: nan
2025-07-27 01:36:24,629 - DEBUG - Collected collision time for BConcave+AConvex+3900_flipped at IoU 0.65: nan
2025-07-27 01:36:24,629 - DEBUG - Collected collision time for BConcave+AConvex+3900_flipped at IoU 0.7: nan
2025-07-27 01:36:24,629 - DEBUG - Collected collision time for BConcave+AConvex+3900_flipped at IoU 0.75: nan
2025-07-27 01:36:24,630 - DEBUG - Collected collision time for BConcave+AConvex+3900_flipped at IoU 0.8: nan
2025-07-27 01:36:24,630 - DEBUG - Collected collision time for BConcave+AConvex+3900_flipped at IoU 0.85: nan
2025-07-27 01:36:24,630 - DEBUG - Collected collision time for BConcave+AConvex+3900_flipped at IoU 0.9: nan
2025-07-27 01:36:24,631 - DEBUG - Collected collision time for BConcave+AConvex+3900_flipped at IoU 0.95: nan
2025-07-27 01:36:24,631 - DEBUG - Collected collision time for BConcave+AConvex+4100 at IoU 0.05: 4516.666666666667
2025-07-27 01:36:24,631 - DEBUG - Collected collision time for BConcave+AConvex+4100 at IoU 0.1: 4650.0
2025-07-27 01:36:24,631 - DEBUG - Collected collision time for BConcave+AConvex+4100 at IoU 0.15: 4783.333333333333
2025-07-27 01:36:24,632 - DEBUG - Collected collision time for BConcave+AConvex+4100 at IoU 0.2: 5050.0
2025-07-27 01:36:24,632 - DEBUG - Collected collision time for BConcave+AConvex+4100 at IoU 0.25: nan
2025-07-27 01:36:24,632 - DEBUG - Collected collision time for BConcave+AConvex+4100 at IoU 0.3: nan
2025-07-27 01:36:24,632 - DEBUG - Collected collision time for BConcave+AConvex+4100 at IoU 0.35: nan
2025-07-27 01:36:24,633 - DEBUG - Collected collision time for BConcave+AConvex+4100 at IoU 0.4: nan
2025-07-27 01:36:24,633 - DEBUG - Collected collision time for BConcave+AConvex+4100 at IoU 0.45: nan
2025-07-27 01:36:24,633 - DEBUG - Collected collision time for BConcave+AConvex+4100 at IoU 0.5: nan
2025-07-27 01:36:24,634 - DEBUG - Collected collision time for BConcave+AConvex+4100 at IoU 0.55: nan
2025-07-27 01:36:24,634 - DEBUG - Collected collision time for BConcave+AConvex+4100 at IoU 0.6: nan
2025-07-27 01:36:24,635 - DEBUG - Collected collision time for BConcave+AConvex+4100 at IoU 0.65: nan
2025-07-27 01:36:24,635 - DEBUG - Collected collision time for BConcave+AConvex+4100 at IoU 0.7: nan
2025-07-27 01:36:24,635 - DEBUG - Collected collision time for BConcave+AConvex+4100 at IoU 0.75: nan
2025-07-27 01:36:24,636 - DEBUG - Collected collision time for BConcave+AConvex+4100 at IoU 0.8: nan
2025-07-27 01:36:24,636 - DEBUG - Collected collision time for BConcave+AConvex+4100 at IoU 0.85: nan
2025-07-27 01:36:24,637 - DEBUG - Collected collision time for BConcave+AConvex+4100 at IoU 0.9: nan
2025-07-27 01:36:24,637 - DEBUG - Collected collision time for BConcave+AConvex+4100 at IoU 0.95: nan
2025-07-27 01:36:24,637 - DEBUG - Collected collision time for BConcave+AConvex+4300_flipped at IoU 0.05: 4750.0
2025-07-27 01:36:24,638 - DEBUG - Collected collision time for BConcave+AConvex+4300_flipped at IoU 0.1: 4900.0
2025-07-27 01:36:24,638 - DEBUG - Collected collision time for BConcave+AConvex+4300_flipped at IoU 0.15: 5000.0
2025-07-27 01:36:24,638 - DEBUG - Collected collision time for BConcave+AConvex+4300_flipped at IoU 0.2: 5383.333333333334
2025-07-27 01:36:24,639 - DEBUG - Collected collision time for BConcave+AConvex+4300_flipped at IoU 0.25: nan
2025-07-27 01:36:24,639 - DEBUG - Collected collision time for BConcave+AConvex+4300_flipped at IoU 0.3: nan
2025-07-27 01:36:24,640 - DEBUG - Collected collision time for BConcave+AConvex+4300_flipped at IoU 0.35: nan
2025-07-27 01:36:24,640 - DEBUG - Collected collision time for BConcave+AConvex+4300_flipped at IoU 0.4: nan
2025-07-27 01:36:24,640 - DEBUG - Collected collision time for BConcave+AConvex+4300_flipped at IoU 0.45: nan
2025-07-27 01:36:24,640 - DEBUG - Collected collision time for BConcave+AConvex+4300_flipped at IoU 0.5: nan
2025-07-27 01:36:24,641 - DEBUG - Collected collision time for BConcave+AConvex+4300_flipped at IoU 0.55: nan
2025-07-27 01:36:24,641 - DEBUG - Collected collision time for BConcave+AConvex+4300_flipped at IoU 0.6: nan
2025-07-27 01:36:24,642 - DEBUG - Collected collision time for BConcave+AConvex+4300_flipped at IoU 0.65: nan
2025-07-27 01:36:24,642 - DEBUG - Collected collision time for BConcave+AConvex+4300_flipped at IoU 0.7: nan
2025-07-27 01:36:24,642 - DEBUG - Collected collision time for BConcave+AConvex+4300_flipped at IoU 0.75: nan
2025-07-27 01:36:24,643 - DEBUG - Collected collision time for BConcave+AConvex+4300_flipped at IoU 0.8: nan
2025-07-27 01:36:24,643 - DEBUG - Collected collision time for BConcave+AConvex+4300_flipped at IoU 0.85: nan
2025-07-27 01:36:24,643 - DEBUG - Collected collision time for BConcave+AConvex+4300_flipped at IoU 0.9: nan
2025-07-27 01:36:24,643 - DEBUG - Collected collision time for BConcave+AConvex+4300_flipped at IoU 0.95: nan
2025-07-27 01:36:24,644 - DEBUG - Collected collision time for BConcave+AConvex+4500 at IoU 0.05: 4900.0
2025-07-27 01:36:24,644 - DEBUG - Collected collision time for BConcave+AConvex+4500 at IoU 0.1: 5050.0
2025-07-27 01:36:24,644 - DEBUG - Collected collision time for BConcave+AConvex+4500 at IoU 0.15: 5200.0
2025-07-27 01:36:24,645 - DEBUG - Collected collision time for BConcave+AConvex+4500 at IoU 0.2: nan
2025-07-27 01:36:24,645 - DEBUG - Collected collision time for BConcave+AConvex+4500 at IoU 0.25: nan
2025-07-27 01:36:24,646 - DEBUG - Collected collision time for BConcave+AConvex+4500 at IoU 0.3: nan
2025-07-27 01:36:24,646 - DEBUG - Collected collision time for BConcave+AConvex+4500 at IoU 0.35: nan
2025-07-27 01:36:24,646 - DEBUG - Collected collision time for BConcave+AConvex+4500 at IoU 0.4: nan
2025-07-27 01:36:24,647 - DEBUG - Collected collision time for BConcave+AConvex+4500 at IoU 0.45: nan
2025-07-27 01:36:24,647 - DEBUG - Collected collision time for BConcave+AConvex+4500 at IoU 0.5: nan
2025-07-27 01:36:24,647 - DEBUG - Collected collision time for BConcave+AConvex+4500 at IoU 0.55: nan
2025-07-27 01:36:24,648 - DEBUG - Collected collision time for BConcave+AConvex+4500 at IoU 0.6: nan
2025-07-27 01:36:24,648 - DEBUG - Collected collision time for BConcave+AConvex+4500 at IoU 0.65: nan
2025-07-27 01:36:24,648 - DEBUG - Collected collision time for BConcave+AConvex+4500 at IoU 0.7: nan
2025-07-27 01:36:24,649 - DEBUG - Collected collision time for BConcave+AConvex+4500 at IoU 0.75: nan
2025-07-27 01:36:24,649 - DEBUG - Collected collision time for BConcave+AConvex+4500 at IoU 0.8: nan
2025-07-27 01:36:24,650 - DEBUG - Collected collision time for BConcave+AConvex+4500 at IoU 0.85: nan
2025-07-27 01:36:24,651 - DEBUG - Collected collision time for BConcave+AConvex+4500 at IoU 0.9: nan
2025-07-27 01:36:24,651 - DEBUG - Collected collision time for BConcave+AConvex+4500 at IoU 0.95: nan
2025-07-27 01:36:24,651 - DEBUG - Collected collision time for BConcave+BConcavePatient+3500 at IoU 0.05: nan
2025-07-27 01:36:24,652 - DEBUG - Collected collision time for BConcave+BConcavePatient+3500 at IoU 0.1: nan
2025-07-27 01:36:24,652 - DEBUG - Collected collision time for BConcave+BConcavePatient+3500 at IoU 0.15: nan
2025-07-27 01:36:24,652 - DEBUG - Collected collision time for BConcave+BConcavePatient+3500 at IoU 0.2: nan
2025-07-27 01:36:24,652 - DEBUG - Collected collision time for BConcave+BConcavePatient+3500 at IoU 0.25: nan
2025-07-27 01:36:24,653 - DEBUG - Collected collision time for BConcave+BConcavePatient+3500 at IoU 0.3: nan
2025-07-27 01:36:24,653 - DEBUG - Collected collision time for BConcave+BConcavePatient+3500 at IoU 0.35: nan
2025-07-27 01:36:24,654 - DEBUG - Collected collision time for BConcave+BConcavePatient+3500 at IoU 0.4: nan
2025-07-27 01:36:24,654 - DEBUG - Collected collision time for BConcave+BConcavePatient+3500 at IoU 0.45: nan
2025-07-27 01:36:24,655 - DEBUG - Collected collision time for BConcave+BConcavePatient+3500 at IoU 0.5: nan
2025-07-27 01:36:24,655 - DEBUG - Collected collision time for BConcave+BConcavePatient+3500 at IoU 0.55: nan
2025-07-27 01:36:24,655 - DEBUG - Collected collision time for BConcave+BConcavePatient+3500 at IoU 0.6: nan
2025-07-27 01:36:24,655 - DEBUG - Collected collision time for BConcave+BConcavePatient+3500 at IoU 0.65: nan
2025-07-27 01:36:24,656 - DEBUG - Collected collision time for BConcave+BConcavePatient+3500 at IoU 0.7: nan
2025-07-27 01:36:24,656 - DEBUG - Collected collision time for BConcave+BConcavePatient+3500 at IoU 0.75: nan
2025-07-27 01:36:24,656 - DEBUG - Collected collision time for BConcave+BConcavePatient+3500 at IoU 0.8: nan
2025-07-27 01:36:24,657 - DEBUG - Collected collision time for BConcave+BConcavePatient+3500 at IoU 0.85: nan
2025-07-27 01:36:24,657 - DEBUG - Collected collision time for BConcave+BConcavePatient+3500 at IoU 0.9: nan
2025-07-27 01:36:24,658 - DEBUG - Collected collision time for BConcave+BConcavePatient+3500 at IoU 0.95: nan
2025-07-27 01:36:24,658 - DEBUG - Collected collision time for BConcave+BConcavePatient+3700_flipped at IoU 0.05: nan
2025-07-27 01:36:24,658 - DEBUG - Collected collision time for BConcave+BConcavePatient+3700_flipped at IoU 0.1: nan
2025-07-27 01:36:24,659 - DEBUG - Collected collision time for BConcave+BConcavePatient+3700_flipped at IoU 0.15: nan
2025-07-27 01:36:24,659 - DEBUG - Collected collision time for BConcave+BConcavePatient+3700_flipped at IoU 0.2: nan
2025-07-27 01:36:24,659 - DEBUG - Collected collision time for BConcave+BConcavePatient+3700_flipped at IoU 0.25: nan
2025-07-27 01:36:24,659 - DEBUG - Collected collision time for BConcave+BConcavePatient+3700_flipped at IoU 0.3: nan
2025-07-27 01:36:24,660 - DEBUG - Collected collision time for BConcave+BConcavePatient+3700_flipped at IoU 0.35: nan
2025-07-27 01:36:24,660 - DEBUG - Collected collision time for BConcave+BConcavePatient+3700_flipped at IoU 0.4: nan
2025-07-27 01:36:24,660 - DEBUG - Collected collision time for BConcave+BConcavePatient+3700_flipped at IoU 0.45: nan
2025-07-27 01:36:24,661 - DEBUG - Collected collision time for BConcave+BConcavePatient+3700_flipped at IoU 0.5: nan
2025-07-27 01:36:24,661 - DEBUG - Collected collision time for BConcave+BConcavePatient+3700_flipped at IoU 0.55: nan
2025-07-27 01:36:24,661 - DEBUG - Collected collision time for BConcave+BConcavePatient+3700_flipped at IoU 0.6: nan
2025-07-27 01:36:24,662 - DEBUG - Collected collision time for BConcave+BConcavePatient+3700_flipped at IoU 0.65: nan
2025-07-27 01:36:24,662 - DEBUG - Collected collision time for BConcave+BConcavePatient+3700_flipped at IoU 0.7: nan
2025-07-27 01:36:24,663 - DEBUG - Collected collision time for BConcave+BConcavePatient+3700_flipped at IoU 0.75: nan
2025-07-27 01:36:24,663 - DEBUG - Collected collision time for BConcave+BConcavePatient+3700_flipped at IoU 0.8: nan
2025-07-27 01:36:24,663 - DEBUG - Collected collision time for BConcave+BConcavePatient+3700_flipped at IoU 0.85: nan
2025-07-27 01:36:24,664 - DEBUG - Collected collision time for BConcave+BConcavePatient+3700_flipped at IoU 0.9: nan
2025-07-27 01:36:24,664 - DEBUG - Collected collision time for BConcave+BConcavePatient+3700_flipped at IoU 0.95: nan
2025-07-27 01:36:24,665 - DEBUG - Collected collision time for BConcave+BConcavePatient+3900 at IoU 0.05: 4083.333333333333
2025-07-27 01:36:24,665 - DEBUG - Collected collision time for BConcave+BConcavePatient+3900 at IoU 0.1: 4166.666666666667
2025-07-27 01:36:24,666 - DEBUG - Collected collision time for BConcave+BConcavePatient+3900 at IoU 0.15: 4250.0
2025-07-27 01:36:24,666 - DEBUG - Collected collision time for BConcave+BConcavePatient+3900 at IoU 0.2: 4333.333333333333
2025-07-27 01:36:24,666 - DEBUG - Collected collision time for BConcave+BConcavePatient+3900 at IoU 0.25: nan
2025-07-27 01:36:24,667 - DEBUG - Collected collision time for BConcave+BConcavePatient+3900 at IoU 0.3: nan
2025-07-27 01:36:24,667 - DEBUG - Collected collision time for BConcave+BConcavePatient+3900 at IoU 0.35: nan
2025-07-27 01:36:24,668 - DEBUG - Collected collision time for BConcave+BConcavePatient+3900 at IoU 0.4: nan
2025-07-27 01:36:24,668 - DEBUG - Collected collision time for BConcave+BConcavePatient+3900 at IoU 0.45: nan
2025-07-27 01:36:24,668 - DEBUG - Collected collision time for BConcave+BConcavePatient+3900 at IoU 0.5: nan
2025-07-27 01:36:24,669 - DEBUG - Collected collision time for BConcave+BConcavePatient+3900 at IoU 0.55: nan
2025-07-27 01:36:24,669 - DEBUG - Collected collision time for BConcave+BConcavePatient+3900 at IoU 0.6: nan
2025-07-27 01:36:24,669 - DEBUG - Collected collision time for BConcave+BConcavePatient+3900 at IoU 0.65: nan
2025-07-27 01:36:24,670 - DEBUG - Collected collision time for BConcave+BConcavePatient+3900 at IoU 0.7: nan
2025-07-27 01:36:24,670 - DEBUG - Collected collision time for BConcave+BConcavePatient+3900 at IoU 0.75: nan
2025-07-27 01:36:24,670 - DEBUG - Collected collision time for BConcave+BConcavePatient+3900 at IoU 0.8: nan
2025-07-27 01:36:24,671 - DEBUG - Collected collision time for BConcave+BConcavePatient+3900 at IoU 0.85: nan
2025-07-27 01:36:24,671 - DEBUG - Collected collision time for BConcave+BConcavePatient+3900 at IoU 0.9: nan
2025-07-27 01:36:24,671 - DEBUG - Collected collision time for BConcave+BConcavePatient+3900 at IoU 0.95: nan
2025-07-27 01:36:24,672 - DEBUG - Collected collision time for BConcave+BConcavePatient+4100_flipped at IoU 0.05: 4316.666666666666
2025-07-27 01:36:24,672 - DEBUG - Collected collision time for BConcave+BConcavePatient+4100_flipped at IoU 0.1: nan
2025-07-27 01:36:24,672 - DEBUG - Collected collision time for BConcave+BConcavePatient+4100_flipped at IoU 0.15: nan
2025-07-27 01:36:24,673 - DEBUG - Collected collision time for BConcave+BConcavePatient+4100_flipped at IoU 0.2: nan
2025-07-27 01:36:24,673 - DEBUG - Collected collision time for BConcave+BConcavePatient+4100_flipped at IoU 0.25: nan
2025-07-27 01:36:24,673 - DEBUG - Collected collision time for BConcave+BConcavePatient+4100_flipped at IoU 0.3: nan
2025-07-27 01:36:24,674 - DEBUG - Collected collision time for BConcave+BConcavePatient+4100_flipped at IoU 0.35: nan
2025-07-27 01:36:24,674 - DEBUG - Collected collision time for BConcave+BConcavePatient+4100_flipped at IoU 0.4: nan
2025-07-27 01:36:24,674 - DEBUG - Collected collision time for BConcave+BConcavePatient+4100_flipped at IoU 0.45: nan
2025-07-27 01:36:24,675 - DEBUG - Collected collision time for BConcave+BConcavePatient+4100_flipped at IoU 0.5: nan
2025-07-27 01:36:24,675 - DEBUG - Collected collision time for BConcave+BConcavePatient+4100_flipped at IoU 0.55: nan
2025-07-27 01:36:24,675 - DEBUG - Collected collision time for BConcave+BConcavePatient+4100_flipped at IoU 0.6: nan
2025-07-27 01:36:24,675 - DEBUG - Collected collision time for BConcave+BConcavePatient+4100_flipped at IoU 0.65: nan
2025-07-27 01:36:24,676 - DEBUG - Collected collision time for BConcave+BConcavePatient+4100_flipped at IoU 0.7: nan
2025-07-27 01:36:24,676 - DEBUG - Collected collision time for BConcave+BConcavePatient+4100_flipped at IoU 0.75: nan
2025-07-27 01:36:24,676 - DEBUG - Collected collision time for BConcave+BConcavePatient+4100_flipped at IoU 0.8: nan
2025-07-27 01:36:24,677 - DEBUG - Collected collision time for BConcave+BConcavePatient+4100_flipped at IoU 0.85: nan
2025-07-27 01:36:24,677 - DEBUG - Collected collision time for BConcave+BConcavePatient+4100_flipped at IoU 0.9: nan
2025-07-27 01:36:24,677 - DEBUG - Collected collision time for BConcave+BConcavePatient+4100_flipped at IoU 0.95: nan
2025-07-27 01:36:24,678 - DEBUG - Collected collision time for BConcave+BConcavePatient+4300 at IoU 0.05: 4516.666666666667
2025-07-27 01:36:24,678 - DEBUG - Collected collision time for BConcave+BConcavePatient+4300 at IoU 0.1: 4700.0
2025-07-27 01:36:24,678 - DEBUG - Collected collision time for BConcave+BConcavePatient+4300 at IoU 0.15: nan
2025-07-27 01:36:24,678 - DEBUG - Collected collision time for BConcave+BConcavePatient+4300 at IoU 0.2: nan
2025-07-27 01:36:24,678 - DEBUG - Collected collision time for BConcave+BConcavePatient+4300 at IoU 0.25: nan
2025-07-27 01:36:24,679 - DEBUG - Collected collision time for BConcave+BConcavePatient+4300 at IoU 0.3: nan
2025-07-27 01:36:24,679 - DEBUG - Collected collision time for BConcave+BConcavePatient+4300 at IoU 0.35: nan
2025-07-27 01:36:24,679 - DEBUG - Collected collision time for BConcave+BConcavePatient+4300 at IoU 0.4: nan
2025-07-27 01:36:24,679 - DEBUG - Collected collision time for BConcave+BConcavePatient+4300 at IoU 0.45: nan
2025-07-27 01:36:24,680 - DEBUG - Collected collision time for BConcave+BConcavePatient+4300 at IoU 0.5: nan
2025-07-27 01:36:24,680 - DEBUG - Collected collision time for BConcave+BConcavePatient+4300 at IoU 0.55: nan
2025-07-27 01:36:24,681 - DEBUG - Collected collision time for BConcave+BConcavePatient+4300 at IoU 0.6: nan
2025-07-27 01:36:24,681 - DEBUG - Collected collision time for BConcave+BConcavePatient+4300 at IoU 0.65: nan
2025-07-27 01:36:24,682 - DEBUG - Collected collision time for BConcave+BConcavePatient+4300 at IoU 0.7: nan
2025-07-27 01:36:24,682 - DEBUG - Collected collision time for BConcave+BConcavePatient+4300 at IoU 0.75: nan
2025-07-27 01:36:24,682 - DEBUG - Collected collision time for BConcave+BConcavePatient+4300 at IoU 0.8: nan
2025-07-27 01:36:24,682 - DEBUG - Collected collision time for BConcave+BConcavePatient+4300 at IoU 0.85: nan
2025-07-27 01:36:24,683 - DEBUG - Collected collision time for BConcave+BConcavePatient+4300 at IoU 0.9: nan
2025-07-27 01:36:24,683 - DEBUG - Collected collision time for BConcave+BConcavePatient+4300 at IoU 0.95: nan
2025-07-27 01:36:24,683 - DEBUG - Collected collision time for BConcave+BConcavePatient+4500_flipped at IoU 0.05: nan
2025-07-27 01:36:24,684 - DEBUG - Collected collision time for BConcave+BConcavePatient+4500_flipped at IoU 0.1: nan
2025-07-27 01:36:24,684 - DEBUG - Collected collision time for BConcave+BConcavePatient+4500_flipped at IoU 0.15: nan
2025-07-27 01:36:24,685 - DEBUG - Collected collision time for BConcave+BConcavePatient+4500_flipped at IoU 0.2: nan
2025-07-27 01:36:24,685 - DEBUG - Collected collision time for BConcave+BConcavePatient+4500_flipped at IoU 0.25: nan
2025-07-27 01:36:24,685 - DEBUG - Collected collision time for BConcave+BConcavePatient+4500_flipped at IoU 0.3: nan
2025-07-27 01:36:24,685 - DEBUG - Collected collision time for BConcave+BConcavePatient+4500_flipped at IoU 0.35: nan
2025-07-27 01:36:24,686 - DEBUG - Collected collision time for BConcave+BConcavePatient+4500_flipped at IoU 0.4: nan
2025-07-27 01:36:24,686 - DEBUG - Collected collision time for BConcave+BConcavePatient+4500_flipped at IoU 0.45: nan
2025-07-27 01:36:24,687 - DEBUG - Collected collision time for BConcave+BConcavePatient+4500_flipped at IoU 0.5: nan
2025-07-27 01:36:24,687 - DEBUG - Collected collision time for BConcave+BConcavePatient+4500_flipped at IoU 0.55: nan
2025-07-27 01:36:24,687 - DEBUG - Collected collision time for BConcave+BConcavePatient+4500_flipped at IoU 0.6: nan
2025-07-27 01:36:24,688 - DEBUG - Collected collision time for BConcave+BConcavePatient+4500_flipped at IoU 0.65: nan
2025-07-27 01:36:24,688 - DEBUG - Collected collision time for BConcave+BConcavePatient+4500_flipped at IoU 0.7: nan
2025-07-27 01:36:24,688 - DEBUG - Collected collision time for BConcave+BConcavePatient+4500_flipped at IoU 0.75: nan
2025-07-27 01:36:24,689 - DEBUG - Collected collision time for BConcave+BConcavePatient+4500_flipped at IoU 0.8: nan
2025-07-27 01:36:24,689 - DEBUG - Collected collision time for BConcave+BConcavePatient+4500_flipped at IoU 0.85: nan
2025-07-27 01:36:24,689 - DEBUG - Collected collision time for BConcave+BConcavePatient+4500_flipped at IoU 0.9: nan
2025-07-27 01:36:24,689 - DEBUG - Collected collision time for BConcave+BConcavePatient+4500_flipped at IoU 0.95: nan
2025-07-27 01:36:24,690 - DEBUG - Collected collision time for BConcave+BConvex+3500_flipped at IoU 0.05: 3866.6666666666665
2025-07-27 01:36:24,690 - DEBUG - Collected collision time for BConcave+BConvex+3500_flipped at IoU 0.1: 4066.6666666666665
2025-07-27 01:36:24,690 - DEBUG - Collected collision time for BConcave+BConvex+3500_flipped at IoU 0.15: 4250.0
2025-07-27 01:36:24,691 - DEBUG - Collected collision time for BConcave+BConvex+3500_flipped at IoU 0.2: nan
2025-07-27 01:36:24,691 - DEBUG - Collected collision time for BConcave+BConvex+3500_flipped at IoU 0.25: nan
2025-07-27 01:36:24,691 - DEBUG - Collected collision time for BConcave+BConvex+3500_flipped at IoU 0.3: nan
2025-07-27 01:36:24,691 - DEBUG - Collected collision time for BConcave+BConvex+3500_flipped at IoU 0.35: nan
2025-07-27 01:36:24,692 - DEBUG - Collected collision time for BConcave+BConvex+3500_flipped at IoU 0.4: nan
2025-07-27 01:36:24,692 - DEBUG - Collected collision time for BConcave+BConvex+3500_flipped at IoU 0.45: nan
2025-07-27 01:36:24,692 - DEBUG - Collected collision time for BConcave+BConvex+3500_flipped at IoU 0.5: nan
2025-07-27 01:36:24,692 - DEBUG - Collected collision time for BConcave+BConvex+3500_flipped at IoU 0.55: nan
2025-07-27 01:36:24,693 - DEBUG - Collected collision time for BConcave+BConvex+3500_flipped at IoU 0.6: nan
2025-07-27 01:36:24,693 - DEBUG - Collected collision time for BConcave+BConvex+3500_flipped at IoU 0.65: nan
2025-07-27 01:36:24,693 - DEBUG - Collected collision time for BConcave+BConvex+3500_flipped at IoU 0.7: nan
2025-07-27 01:36:24,694 - DEBUG - Collected collision time for BConcave+BConvex+3500_flipped at IoU 0.75: nan
2025-07-27 01:36:24,694 - DEBUG - Collected collision time for BConcave+BConvex+3500_flipped at IoU 0.8: nan
2025-07-27 01:36:24,694 - DEBUG - Collected collision time for BConcave+BConvex+3500_flipped at IoU 0.85: nan
2025-07-27 01:36:24,694 - DEBUG - Collected collision time for BConcave+BConvex+3500_flipped at IoU 0.9: nan
2025-07-27 01:36:24,695 - DEBUG - Collected collision time for BConcave+BConvex+3500_flipped at IoU 0.95: nan
2025-07-27 01:36:24,695 - DEBUG - Collected collision time for BConcave+BConvex+3700 at IoU 0.05: 4000.0
2025-07-27 01:36:24,695 - DEBUG - Collected collision time for BConcave+BConvex+3700 at IoU 0.1: 4216.666666666667
2025-07-27 01:36:24,695 - DEBUG - Collected collision time for BConcave+BConvex+3700 at IoU 0.15: 4416.666666666667
2025-07-27 01:36:24,696 - DEBUG - Collected collision time for BConcave+BConvex+3700 at IoU 0.2: 4566.666666666666
2025-07-27 01:36:24,696 - DEBUG - Collected collision time for BConcave+BConvex+3700 at IoU 0.25: nan
2025-07-27 01:36:24,696 - DEBUG - Collected collision time for BConcave+BConvex+3700 at IoU 0.3: nan
2025-07-27 01:36:24,696 - DEBUG - Collected collision time for BConcave+BConvex+3700 at IoU 0.35: nan
2025-07-27 01:36:24,697 - DEBUG - Collected collision time for BConcave+BConvex+3700 at IoU 0.4: nan
2025-07-27 01:36:24,697 - DEBUG - Collected collision time for BConcave+BConvex+3700 at IoU 0.45: nan
2025-07-27 01:36:24,697 - DEBUG - Collected collision time for BConcave+BConvex+3700 at IoU 0.5: nan
2025-07-27 01:36:24,697 - DEBUG - Collected collision time for BConcave+BConvex+3700 at IoU 0.55: nan
2025-07-27 01:36:24,698 - DEBUG - Collected collision time for BConcave+BConvex+3700 at IoU 0.6: nan
2025-07-27 01:36:24,698 - DEBUG - Collected collision time for BConcave+BConvex+3700 at IoU 0.65: nan
2025-07-27 01:36:24,698 - DEBUG - Collected collision time for BConcave+BConvex+3700 at IoU 0.7: nan
2025-07-27 01:36:24,698 - DEBUG - Collected collision time for BConcave+BConvex+3700 at IoU 0.75: nan
2025-07-27 01:36:24,699 - DEBUG - Collected collision time for BConcave+BConvex+3700 at IoU 0.8: nan
2025-07-27 01:36:24,699 - DEBUG - Collected collision time for BConcave+BConvex+3700 at IoU 0.85: nan
2025-07-27 01:36:24,699 - DEBUG - Collected collision time for BConcave+BConvex+3700 at IoU 0.9: nan
2025-07-27 01:36:24,699 - DEBUG - Collected collision time for BConcave+BConvex+3700 at IoU 0.95: nan
2025-07-27 01:36:24,700 - DEBUG - Collected collision time for BConcave+BConvex+3900_flipped at IoU 0.05: 4266.666666666667
2025-07-27 01:36:24,700 - DEBUG - Collected collision time for BConcave+BConvex+3900_flipped at IoU 0.1: 4433.333333333334
2025-07-27 01:36:24,701 - DEBUG - Collected collision time for BConcave+BConvex+3900_flipped at IoU 0.15: 4566.666666666666
2025-07-27 01:36:24,701 - DEBUG - Collected collision time for BConcave+BConvex+3900_flipped at IoU 0.2: 4833.333333333333
2025-07-27 01:36:24,701 - DEBUG - Collected collision time for BConcave+BConvex+3900_flipped at IoU 0.25: nan
2025-07-27 01:36:24,702 - DEBUG - Collected collision time for BConcave+BConvex+3900_flipped at IoU 0.3: nan
2025-07-27 01:36:24,702 - DEBUG - Collected collision time for BConcave+BConvex+3900_flipped at IoU 0.35: nan
2025-07-27 01:36:24,702 - DEBUG - Collected collision time for BConcave+BConvex+3900_flipped at IoU 0.4: nan
2025-07-27 01:36:24,702 - DEBUG - Collected collision time for BConcave+BConvex+3900_flipped at IoU 0.45: nan
2025-07-27 01:36:24,703 - DEBUG - Collected collision time for BConcave+BConvex+3900_flipped at IoU 0.5: nan
2025-07-27 01:36:24,703 - DEBUG - Collected collision time for BConcave+BConvex+3900_flipped at IoU 0.55: nan
2025-07-27 01:36:24,704 - DEBUG - Collected collision time for BConcave+BConvex+3900_flipped at IoU 0.6: nan
2025-07-27 01:36:24,704 - DEBUG - Collected collision time for BConcave+BConvex+3900_flipped at IoU 0.65: nan
2025-07-27 01:36:24,704 - DEBUG - Collected collision time for BConcave+BConvex+3900_flipped at IoU 0.7: nan
2025-07-27 01:36:24,704 - DEBUG - Collected collision time for BConcave+BConvex+3900_flipped at IoU 0.75: nan
2025-07-27 01:36:24,705 - DEBUG - Collected collision time for BConcave+BConvex+3900_flipped at IoU 0.8: nan
2025-07-27 01:36:24,705 - DEBUG - Collected collision time for BConcave+BConvex+3900_flipped at IoU 0.85: nan
2025-07-27 01:36:24,706 - DEBUG - Collected collision time for BConcave+BConvex+3900_flipped at IoU 0.9: nan
2025-07-27 01:36:24,706 - DEBUG - Collected collision time for BConcave+BConvex+3900_flipped at IoU 0.95: nan
2025-07-27 01:36:24,706 - DEBUG - Collected collision time for BConcave+BConvex+4100 at IoU 0.05: 4450.0
2025-07-27 01:36:24,707 - DEBUG - Collected collision time for BConcave+BConvex+4100 at IoU 0.1: 4666.666666666667
2025-07-27 01:36:24,707 - DEBUG - Collected collision time for BConcave+BConvex+4100 at IoU 0.15: 4850.0
2025-07-27 01:36:24,707 - DEBUG - Collected collision time for BConcave+BConvex+4100 at IoU 0.2: 5183.333333333334
2025-07-27 01:36:24,707 - DEBUG - Collected collision time for BConcave+BConvex+4100 at IoU 0.25: nan
2025-07-27 01:36:24,708 - DEBUG - Collected collision time for BConcave+BConvex+4100 at IoU 0.3: nan
2025-07-27 01:36:24,708 - DEBUG - Collected collision time for BConcave+BConvex+4100 at IoU 0.35: nan
2025-07-27 01:36:24,708 - DEBUG - Collected collision time for BConcave+BConvex+4100 at IoU 0.4: nan
2025-07-27 01:36:24,708 - DEBUG - Collected collision time for BConcave+BConvex+4100 at IoU 0.45: nan
2025-07-27 01:36:24,709 - DEBUG - Collected collision time for BConcave+BConvex+4100 at IoU 0.5: nan
2025-07-27 01:36:24,709 - DEBUG - Collected collision time for BConcave+BConvex+4100 at IoU 0.55: nan
2025-07-27 01:36:24,710 - DEBUG - Collected collision time for BConcave+BConvex+4100 at IoU 0.6: nan
2025-07-27 01:36:24,710 - DEBUG - Collected collision time for BConcave+BConvex+4100 at IoU 0.65: nan
2025-07-27 01:36:24,710 - DEBUG - Collected collision time for BConcave+BConvex+4100 at IoU 0.7: nan
2025-07-27 01:36:24,711 - DEBUG - Collected collision time for BConcave+BConvex+4100 at IoU 0.75: nan
2025-07-27 01:36:24,711 - DEBUG - Collected collision time for BConcave+BConvex+4100 at IoU 0.8: nan
2025-07-27 01:36:24,712 - DEBUG - Collected collision time for BConcave+BConvex+4100 at IoU 0.85: nan
2025-07-27 01:36:24,712 - DEBUG - Collected collision time for BConcave+BConvex+4100 at IoU 0.9: nan
2025-07-27 01:36:24,712 - DEBUG - Collected collision time for BConcave+BConvex+4100 at IoU 0.95: nan
2025-07-27 01:36:24,712 - DEBUG - Collected collision time for BConcave+BConvex+4300_flipped at IoU 0.05: 5450.0
2025-07-27 01:36:24,713 - DEBUG - Collected collision time for BConcave+BConvex+4300_flipped at IoU 0.1: nan
2025-07-27 01:36:24,713 - DEBUG - Collected collision time for BConcave+BConvex+4300_flipped at IoU 0.15: nan
2025-07-27 01:36:24,713 - DEBUG - Collected collision time for BConcave+BConvex+4300_flipped at IoU 0.2: nan
2025-07-27 01:36:24,713 - DEBUG - Collected collision time for BConcave+BConvex+4300_flipped at IoU 0.25: nan
2025-07-27 01:36:24,714 - DEBUG - Collected collision time for BConcave+BConvex+4300_flipped at IoU 0.3: nan
2025-07-27 01:36:24,714 - DEBUG - Collected collision time for BConcave+BConvex+4300_flipped at IoU 0.35: nan
2025-07-27 01:36:24,714 - DEBUG - Collected collision time for BConcave+BConvex+4300_flipped at IoU 0.4: nan
2025-07-27 01:36:24,714 - DEBUG - Collected collision time for BConcave+BConvex+4300_flipped at IoU 0.45: nan
2025-07-27 01:36:24,715 - DEBUG - Collected collision time for BConcave+BConvex+4300_flipped at IoU 0.5: nan
2025-07-27 01:36:24,715 - DEBUG - Collected collision time for BConcave+BConvex+4300_flipped at IoU 0.55: nan
2025-07-27 01:36:24,715 - DEBUG - Collected collision time for BConcave+BConvex+4300_flipped at IoU 0.6: nan
2025-07-27 01:36:24,716 - DEBUG - Collected collision time for BConcave+BConvex+4300_flipped at IoU 0.65: nan
2025-07-27 01:36:24,716 - DEBUG - Collected collision time for BConcave+BConvex+4300_flipped at IoU 0.7: nan
2025-07-27 01:36:24,717 - DEBUG - Collected collision time for BConcave+BConvex+4300_flipped at IoU 0.75: nan
2025-07-27 01:36:24,717 - DEBUG - Collected collision time for BConcave+BConvex+4300_flipped at IoU 0.8: nan
2025-07-27 01:36:24,717 - DEBUG - Collected collision time for BConcave+BConvex+4300_flipped at IoU 0.85: nan
2025-07-27 01:36:24,717 - DEBUG - Collected collision time for BConcave+BConvex+4300_flipped at IoU 0.9: nan
2025-07-27 01:36:24,718 - DEBUG - Collected collision time for BConcave+BConvex+4300_flipped at IoU 0.95: nan
2025-07-27 01:36:24,718 - DEBUG - Collected collision time for BConcave+BConvex+4500 at IoU 0.05: 4850.0
2025-07-27 01:36:24,718 - DEBUG - Collected collision time for BConcave+BConvex+4500 at IoU 0.1: 5066.666666666666
2025-07-27 01:36:24,719 - DEBUG - Collected collision time for BConcave+BConvex+4500 at IoU 0.15: 5233.333333333333
2025-07-27 01:36:24,719 - DEBUG - Collected collision time for BConcave+BConvex+4500 at IoU 0.2: nan
2025-07-27 01:36:24,719 - DEBUG - Collected collision time for BConcave+BConvex+4500 at IoU 0.25: nan
2025-07-27 01:36:24,719 - DEBUG - Collected collision time for BConcave+BConvex+4500 at IoU 0.3: nan
2025-07-27 01:36:24,719 - DEBUG - Collected collision time for BConcave+BConvex+4500 at IoU 0.35: nan
2025-07-27 01:36:24,720 - DEBUG - Collected collision time for BConcave+BConvex+4500 at IoU 0.4: nan
2025-07-27 01:36:24,720 - DEBUG - Collected collision time for BConcave+BConvex+4500 at IoU 0.45: nan
2025-07-27 01:36:24,721 - DEBUG - Collected collision time for BConcave+BConvex+4500 at IoU 0.5: nan
2025-07-27 01:36:24,721 - DEBUG - Collected collision time for BConcave+BConvex+4500 at IoU 0.55: nan
2025-07-27 01:36:24,722 - DEBUG - Collected collision time for BConcave+BConvex+4500 at IoU 0.6: nan
2025-07-27 01:36:24,722 - DEBUG - Collected collision time for BConcave+BConvex+4500 at IoU 0.65: nan
2025-07-27 01:36:24,722 - DEBUG - Collected collision time for BConcave+BConvex+4500 at IoU 0.7: nan
2025-07-27 01:36:24,722 - DEBUG - Collected collision time for BConcave+BConvex+4500 at IoU 0.75: nan
2025-07-27 01:36:24,723 - DEBUG - Collected collision time for BConcave+BConvex+4500 at IoU 0.8: nan
2025-07-27 01:36:24,723 - DEBUG - Collected collision time for BConcave+BConvex+4500 at IoU 0.85: nan
2025-07-27 01:36:24,723 - DEBUG - Collected collision time for BConcave+BConvex+4500 at IoU 0.9: nan
2025-07-27 01:36:24,724 - DEBUG - Collected collision time for BConcave+BConvex+4500 at IoU 0.95: nan
2025-07-27 01:36:24,724 - DEBUG - Collected collision time for BConcave+CConcave+3500 at IoU 0.05: 3733.3333333333335
2025-07-27 01:36:24,724 - DEBUG - Collected collision time for BConcave+CConcave+3500 at IoU 0.1: 3850.0
2025-07-27 01:36:24,724 - DEBUG - Collected collision time for BConcave+CConcave+3500 at IoU 0.15: 3950.0
2025-07-27 01:36:24,725 - DEBUG - Collected collision time for BConcave+CConcave+3500 at IoU 0.2: 4033.333333333333
2025-07-27 01:36:24,725 - DEBUG - Collected collision time for BConcave+CConcave+3500 at IoU 0.25: 4133.333333333334
2025-07-27 01:36:24,726 - DEBUG - Collected collision time for BConcave+CConcave+3500 at IoU 0.3: 4200.0
2025-07-27 01:36:24,726 - DEBUG - Collected collision time for BConcave+CConcave+3500 at IoU 0.35: 4283.333333333333
2025-07-27 01:36:24,726 - DEBUG - Collected collision time for BConcave+CConcave+3500 at IoU 0.4: nan
2025-07-27 01:36:24,727 - DEBUG - Collected collision time for BConcave+CConcave+3500 at IoU 0.45: nan
2025-07-27 01:36:24,727 - DEBUG - Collected collision time for BConcave+CConcave+3500 at IoU 0.5: nan
2025-07-27 01:36:24,727 - DEBUG - Collected collision time for BConcave+CConcave+3500 at IoU 0.55: nan
2025-07-27 01:36:24,728 - DEBUG - Collected collision time for BConcave+CConcave+3500 at IoU 0.6: nan
2025-07-27 01:36:24,728 - DEBUG - Collected collision time for BConcave+CConcave+3500 at IoU 0.65: nan
2025-07-27 01:36:24,728 - DEBUG - Collected collision time for BConcave+CConcave+3500 at IoU 0.7: nan
2025-07-27 01:36:24,729 - DEBUG - Collected collision time for BConcave+CConcave+3500 at IoU 0.75: nan
2025-07-27 01:36:24,729 - DEBUG - Collected collision time for BConcave+CConcave+3500 at IoU 0.8: nan
2025-07-27 01:36:24,729 - DEBUG - Collected collision time for BConcave+CConcave+3500 at IoU 0.85: nan
2025-07-27 01:36:24,729 - DEBUG - Collected collision time for BConcave+CConcave+3500 at IoU 0.9: nan
2025-07-27 01:36:24,730 - DEBUG - Collected collision time for BConcave+CConcave+3500 at IoU 0.95: nan
2025-07-27 01:36:24,730 - DEBUG - Collected collision time for BConcave+CConcave+3700_flipped at IoU 0.05: 4716.666666666667
2025-07-27 01:36:24,730 - DEBUG - Collected collision time for BConcave+CConcave+3700_flipped at IoU 0.1: nan
2025-07-27 01:36:24,730 - DEBUG - Collected collision time for BConcave+CConcave+3700_flipped at IoU 0.15: nan
2025-07-27 01:36:24,731 - DEBUG - Collected collision time for BConcave+CConcave+3700_flipped at IoU 0.2: nan
2025-07-27 01:36:24,731 - DEBUG - Collected collision time for BConcave+CConcave+3700_flipped at IoU 0.25: nan
2025-07-27 01:36:24,731 - DEBUG - Collected collision time for BConcave+CConcave+3700_flipped at IoU 0.3: nan
2025-07-27 01:36:24,731 - DEBUG - Collected collision time for BConcave+CConcave+3700_flipped at IoU 0.35: nan
2025-07-27 01:36:24,732 - DEBUG - Collected collision time for BConcave+CConcave+3700_flipped at IoU 0.4: nan
2025-07-27 01:36:24,732 - DEBUG - Collected collision time for BConcave+CConcave+3700_flipped at IoU 0.45: nan
2025-07-27 01:36:24,733 - DEBUG - Collected collision time for BConcave+CConcave+3700_flipped at IoU 0.5: nan
2025-07-27 01:36:24,734 - DEBUG - Collected collision time for BConcave+CConcave+3700_flipped at IoU 0.55: nan
2025-07-27 01:36:24,734 - DEBUG - Collected collision time for BConcave+CConcave+3700_flipped at IoU 0.6: nan
2025-07-27 01:36:24,735 - DEBUG - Collected collision time for BConcave+CConcave+3700_flipped at IoU 0.65: nan
2025-07-27 01:36:24,735 - DEBUG - Collected collision time for BConcave+CConcave+3700_flipped at IoU 0.7: nan
2025-07-27 01:36:24,735 - DEBUG - Collected collision time for BConcave+CConcave+3700_flipped at IoU 0.75: nan
2025-07-27 01:36:24,736 - DEBUG - Collected collision time for BConcave+CConcave+3700_flipped at IoU 0.8: nan
2025-07-27 01:36:24,736 - DEBUG - Collected collision time for BConcave+CConcave+3700_flipped at IoU 0.85: nan
2025-07-27 01:36:24,737 - DEBUG - Collected collision time for BConcave+CConcave+3700_flipped at IoU 0.9: nan
2025-07-27 01:36:24,737 - DEBUG - Collected collision time for BConcave+CConcave+3700_flipped at IoU 0.95: nan
2025-07-27 01:36:24,738 - DEBUG - Collected collision time for BConcave+CConcave+3900 at IoU 0.05: 4150.0
2025-07-27 01:36:24,741 - DEBUG - Collected collision time for BConcave+CConcave+3900 at IoU 0.1: 4233.333333333333
2025-07-27 01:36:24,742 - DEBUG - Collected collision time for BConcave+CConcave+3900 at IoU 0.15: 4333.333333333333
2025-07-27 01:36:24,742 - DEBUG - Collected collision time for BConcave+CConcave+3900 at IoU 0.2: 4383.333333333334
2025-07-27 01:36:24,742 - DEBUG - Collected collision time for BConcave+CConcave+3900 at IoU 0.25: 4450.0
2025-07-27 01:36:24,742 - DEBUG - Collected collision time for BConcave+CConcave+3900 at IoU 0.3: 4533.333333333333
2025-07-27 01:36:24,743 - DEBUG - Collected collision time for BConcave+CConcave+3900 at IoU 0.35: nan
2025-07-27 01:36:24,743 - DEBUG - Collected collision time for BConcave+CConcave+3900 at IoU 0.4: nan
2025-07-27 01:36:24,743 - DEBUG - Collected collision time for BConcave+CConcave+3900 at IoU 0.45: nan
2025-07-27 01:36:24,744 - DEBUG - Collected collision time for BConcave+CConcave+3900 at IoU 0.5: nan
2025-07-27 01:36:24,744 - DEBUG - Collected collision time for BConcave+CConcave+3900 at IoU 0.55: nan
2025-07-27 01:36:24,745 - DEBUG - Collected collision time for BConcave+CConcave+3900 at IoU 0.6: nan
2025-07-27 01:36:24,745 - DEBUG - Collected collision time for BConcave+CConcave+3900 at IoU 0.65: nan
2025-07-27 01:36:24,745 - DEBUG - Collected collision time for BConcave+CConcave+3900 at IoU 0.7: nan
2025-07-27 01:36:24,746 - DEBUG - Collected collision time for BConcave+CConcave+3900 at IoU 0.75: nan
2025-07-27 01:36:24,746 - DEBUG - Collected collision time for BConcave+CConcave+3900 at IoU 0.8: nan
2025-07-27 01:36:24,746 - DEBUG - Collected collision time for BConcave+CConcave+3900 at IoU 0.85: nan
2025-07-27 01:36:24,747 - DEBUG - Collected collision time for BConcave+CConcave+3900 at IoU 0.9: nan
2025-07-27 01:36:24,747 - DEBUG - Collected collision time for BConcave+CConcave+3900 at IoU 0.95: nan
2025-07-27 01:36:24,747 - DEBUG - Collected collision time for BConcave+CConcave+4100_flipped at IoU 0.05: nan
2025-07-27 01:36:24,747 - DEBUG - Collected collision time for BConcave+CConcave+4100_flipped at IoU 0.1: nan
2025-07-27 01:36:24,748 - DEBUG - Collected collision time for BConcave+CConcave+4100_flipped at IoU 0.15: nan
2025-07-27 01:36:24,748 - DEBUG - Collected collision time for BConcave+CConcave+4100_flipped at IoU 0.2: nan
2025-07-27 01:36:24,748 - DEBUG - Collected collision time for BConcave+CConcave+4100_flipped at IoU 0.25: nan
2025-07-27 01:36:24,749 - DEBUG - Collected collision time for BConcave+CConcave+4100_flipped at IoU 0.3: nan
2025-07-27 01:36:24,749 - DEBUG - Collected collision time for BConcave+CConcave+4100_flipped at IoU 0.35: nan
2025-07-27 01:36:24,749 - DEBUG - Collected collision time for BConcave+CConcave+4100_flipped at IoU 0.4: nan
2025-07-27 01:36:24,749 - DEBUG - Collected collision time for BConcave+CConcave+4100_flipped at IoU 0.45: nan
2025-07-27 01:36:24,750 - DEBUG - Collected collision time for BConcave+CConcave+4100_flipped at IoU 0.5: nan
2025-07-27 01:36:24,750 - DEBUG - Collected collision time for BConcave+CConcave+4100_flipped at IoU 0.55: nan
2025-07-27 01:36:24,751 - DEBUG - Collected collision time for BConcave+CConcave+4100_flipped at IoU 0.6: nan
2025-07-27 01:36:24,751 - DEBUG - Collected collision time for BConcave+CConcave+4100_flipped at IoU 0.65: nan
2025-07-27 01:36:24,751 - DEBUG - Collected collision time for BConcave+CConcave+4100_flipped at IoU 0.7: nan
2025-07-27 01:36:24,751 - DEBUG - Collected collision time for BConcave+CConcave+4100_flipped at IoU 0.75: nan
2025-07-27 01:36:24,752 - DEBUG - Collected collision time for BConcave+CConcave+4100_flipped at IoU 0.8: nan
2025-07-27 01:36:24,752 - DEBUG - Collected collision time for BConcave+CConcave+4100_flipped at IoU 0.85: nan
2025-07-27 01:36:24,752 - DEBUG - Collected collision time for BConcave+CConcave+4100_flipped at IoU 0.9: nan
2025-07-27 01:36:24,753 - DEBUG - Collected collision time for BConcave+CConcave+4100_flipped at IoU 0.95: nan
2025-07-27 01:36:24,753 - DEBUG - Collected collision time for BConcave+CConcave+4300 at IoU 0.05: 4533.333333333333
2025-07-27 01:36:24,753 - DEBUG - Collected collision time for BConcave+CConcave+4300 at IoU 0.1: 4633.333333333334
2025-07-27 01:36:24,754 - DEBUG - Collected collision time for BConcave+CConcave+4300 at IoU 0.15: 4733.333333333333
2025-07-27 01:36:24,754 - DEBUG - Collected collision time for BConcave+CConcave+4300 at IoU 0.2: 4833.333333333333
2025-07-27 01:36:24,754 - DEBUG - Collected collision time for BConcave+CConcave+4300 at IoU 0.25: 4916.666666666667
2025-07-27 01:36:24,755 - DEBUG - Collected collision time for BConcave+CConcave+4300 at IoU 0.3: 5000.0
2025-07-27 01:36:24,755 - DEBUG - Collected collision time for BConcave+CConcave+4300 at IoU 0.35: 5166.666666666667
2025-07-27 01:36:24,755 - DEBUG - Collected collision time for BConcave+CConcave+4300 at IoU 0.4: nan
2025-07-27 01:36:24,756 - DEBUG - Collected collision time for BConcave+CConcave+4300 at IoU 0.45: nan
2025-07-27 01:36:24,756 - DEBUG - Collected collision time for BConcave+CConcave+4300 at IoU 0.5: nan
2025-07-27 01:36:24,756 - DEBUG - Collected collision time for BConcave+CConcave+4300 at IoU 0.55: nan
2025-07-27 01:36:24,757 - DEBUG - Collected collision time for BConcave+CConcave+4300 at IoU 0.6: nan
2025-07-27 01:36:24,757 - DEBUG - Collected collision time for BConcave+CConcave+4300 at IoU 0.65: nan
2025-07-27 01:36:24,757 - DEBUG - Collected collision time for BConcave+CConcave+4300 at IoU 0.7: nan
2025-07-27 01:36:24,758 - DEBUG - Collected collision time for BConcave+CConcave+4300 at IoU 0.75: nan
2025-07-27 01:36:24,758 - DEBUG - Collected collision time for BConcave+CConcave+4300 at IoU 0.8: nan
2025-07-27 01:36:24,758 - DEBUG - Collected collision time for BConcave+CConcave+4300 at IoU 0.85: nan
2025-07-27 01:36:24,758 - DEBUG - Collected collision time for BConcave+CConcave+4300 at IoU 0.9: nan
2025-07-27 01:36:24,759 - DEBUG - Collected collision time for BConcave+CConcave+4300 at IoU 0.95: nan
2025-07-27 01:36:24,759 - DEBUG - Collected collision time for BConcave+CConcave+4500_flipped at IoU 0.05: 4750.0
2025-07-27 01:36:24,759 - DEBUG - Collected collision time for BConcave+CConcave+4500_flipped at IoU 0.1: 4833.333333333333
2025-07-27 01:36:24,759 - DEBUG - Collected collision time for BConcave+CConcave+4500_flipped at IoU 0.15: 4916.666666666667
2025-07-27 01:36:24,760 - DEBUG - Collected collision time for BConcave+CConcave+4500_flipped at IoU 0.2: 5083.333333333333
2025-07-27 01:36:24,760 - DEBUG - Collected collision time for BConcave+CConcave+4500_flipped at IoU 0.25: nan
2025-07-27 01:36:24,760 - DEBUG - Collected collision time for BConcave+CConcave+4500_flipped at IoU 0.3: nan
2025-07-27 01:36:24,761 - DEBUG - Collected collision time for BConcave+CConcave+4500_flipped at IoU 0.35: nan
2025-07-27 01:36:24,761 - DEBUG - Collected collision time for BConcave+CConcave+4500_flipped at IoU 0.4: nan
2025-07-27 01:36:24,761 - DEBUG - Collected collision time for BConcave+CConcave+4500_flipped at IoU 0.45: nan
2025-07-27 01:36:24,761 - DEBUG - Collected collision time for BConcave+CConcave+4500_flipped at IoU 0.5: nan
2025-07-27 01:36:24,761 - DEBUG - Collected collision time for BConcave+CConcave+4500_flipped at IoU 0.55: nan
2025-07-27 01:36:24,762 - DEBUG - Collected collision time for BConcave+CConcave+4500_flipped at IoU 0.6: nan
2025-07-27 01:36:24,762 - DEBUG - Collected collision time for BConcave+CConcave+4500_flipped at IoU 0.65: nan
2025-07-27 01:36:24,763 - DEBUG - Collected collision time for BConcave+CConcave+4500_flipped at IoU 0.7: nan
2025-07-27 01:36:24,763 - DEBUG - Collected collision time for BConcave+CConcave+4500_flipped at IoU 0.75: nan
2025-07-27 01:36:24,764 - DEBUG - Collected collision time for BConcave+CConcave+4500_flipped at IoU 0.8: nan
2025-07-27 01:36:24,764 - DEBUG - Collected collision time for BConcave+CConcave+4500_flipped at IoU 0.85: nan
2025-07-27 01:36:24,764 - DEBUG - Collected collision time for BConcave+CConcave+4500_flipped at IoU 0.9: nan
2025-07-27 01:36:24,764 - DEBUG - Collected collision time for BConcave+CConcave+4500_flipped at IoU 0.95: nan
2025-07-27 01:36:24,765 - DEBUG - Collected collision time for BConcave+CConvex+3500_flipped at IoU 0.05: 3816.666666666667
2025-07-27 01:36:24,765 - DEBUG - Collected collision time for BConcave+CConvex+3500_flipped at IoU 0.1: 3916.6666666666665
2025-07-27 01:36:24,765 - DEBUG - Collected collision time for BConcave+CConvex+3500_flipped at IoU 0.15: 4016.6666666666665
2025-07-27 01:36:24,766 - DEBUG - Collected collision time for BConcave+CConvex+3500_flipped at IoU 0.2: 4100.0
2025-07-27 01:36:24,766 - DEBUG - Collected collision time for BConcave+CConvex+3500_flipped at IoU 0.25: 4166.666666666667
2025-07-27 01:36:24,766 - DEBUG - Collected collision time for BConcave+CConvex+3500_flipped at IoU 0.3: 4250.0
2025-07-27 01:36:24,766 - DEBUG - Collected collision time for BConcave+CConvex+3500_flipped at IoU 0.35: 4333.333333333333
2025-07-27 01:36:24,767 - DEBUG - Collected collision time for BConcave+CConvex+3500_flipped at IoU 0.4: 4516.666666666667
2025-07-27 01:36:24,767 - DEBUG - Collected collision time for BConcave+CConvex+3500_flipped at IoU 0.45: nan
2025-07-27 01:36:24,768 - DEBUG - Collected collision time for BConcave+CConvex+3500_flipped at IoU 0.5: nan
2025-07-27 01:36:24,768 - DEBUG - Collected collision time for BConcave+CConvex+3500_flipped at IoU 0.55: nan
2025-07-27 01:36:24,768 - DEBUG - Collected collision time for BConcave+CConvex+3500_flipped at IoU 0.6: nan
2025-07-27 01:36:24,768 - DEBUG - Collected collision time for BConcave+CConvex+3500_flipped at IoU 0.65: nan
2025-07-27 01:36:24,769 - DEBUG - Collected collision time for BConcave+CConvex+3500_flipped at IoU 0.7: nan
2025-07-27 01:36:24,769 - DEBUG - Collected collision time for BConcave+CConvex+3500_flipped at IoU 0.75: nan
2025-07-27 01:36:24,770 - DEBUG - Collected collision time for BConcave+CConvex+3500_flipped at IoU 0.8: nan
2025-07-27 01:36:24,770 - DEBUG - Collected collision time for BConcave+CConvex+3500_flipped at IoU 0.85: nan
2025-07-27 01:36:24,770 - DEBUG - Collected collision time for BConcave+CConvex+3500_flipped at IoU 0.9: nan
2025-07-27 01:36:24,770 - DEBUG - Collected collision time for BConcave+CConvex+3500_flipped at IoU 0.95: nan
2025-07-27 01:36:24,771 - DEBUG - Collected collision time for BConcave+CConvex+3700 at IoU 0.05: 3983.3333333333335
2025-07-27 01:36:24,771 - DEBUG - Collected collision time for BConcave+CConvex+3700 at IoU 0.1: 4116.666666666666
2025-07-27 01:36:24,771 - DEBUG - Collected collision time for BConcave+CConvex+3700 at IoU 0.15: 4216.666666666667
2025-07-27 01:36:24,771 - DEBUG - Collected collision time for BConcave+CConvex+3700 at IoU 0.2: 4316.666666666666
2025-07-27 01:36:24,772 - DEBUG - Collected collision time for BConcave+CConvex+3700 at IoU 0.25: 4383.333333333334
2025-07-27 01:36:24,772 - DEBUG - Collected collision time for BConcave+CConvex+3700 at IoU 0.3: 4466.666666666667
2025-07-27 01:36:24,772 - DEBUG - Collected collision time for BConcave+CConvex+3700 at IoU 0.35: 4566.666666666666
2025-07-27 01:36:24,773 - DEBUG - Collected collision time for BConcave+CConvex+3700 at IoU 0.4: nan
2025-07-27 01:36:24,773 - DEBUG - Collected collision time for BConcave+CConvex+3700 at IoU 0.45: nan
2025-07-27 01:36:24,774 - DEBUG - Collected collision time for BConcave+CConvex+3700 at IoU 0.5: nan
2025-07-27 01:36:24,774 - DEBUG - Collected collision time for BConcave+CConvex+3700 at IoU 0.55: nan
2025-07-27 01:36:24,774 - DEBUG - Collected collision time for BConcave+CConvex+3700 at IoU 0.6: nan
2025-07-27 01:36:24,775 - DEBUG - Collected collision time for BConcave+CConvex+3700 at IoU 0.65: nan
2025-07-27 01:36:24,775 - DEBUG - Collected collision time for BConcave+CConvex+3700 at IoU 0.7: nan
2025-07-27 01:36:24,775 - DEBUG - Collected collision time for BConcave+CConvex+3700 at IoU 0.75: nan
2025-07-27 01:36:24,775 - DEBUG - Collected collision time for BConcave+CConvex+3700 at IoU 0.8: nan
2025-07-27 01:36:24,776 - DEBUG - Collected collision time for BConcave+CConvex+3700 at IoU 0.85: nan
2025-07-27 01:36:24,776 - DEBUG - Collected collision time for BConcave+CConvex+3700 at IoU 0.9: nan
2025-07-27 01:36:24,777 - DEBUG - Collected collision time for BConcave+CConvex+3700 at IoU 0.95: nan
2025-07-27 01:36:24,777 - DEBUG - Collected collision time for BConcave+CConvex+3900_flipped at IoU 0.05: 4233.333333333333
2025-07-27 01:36:24,777 - DEBUG - Collected collision time for BConcave+CConvex+3900_flipped at IoU 0.1: 4366.666666666666
2025-07-27 01:36:24,778 - DEBUG - Collected collision time for BConcave+CConvex+3900_flipped at IoU 0.15: 4500.0
2025-07-27 01:36:24,778 - DEBUG - Collected collision time for BConcave+CConvex+3900_flipped at IoU 0.2: 4600.0
2025-07-27 01:36:24,778 - DEBUG - Collected collision time for BConcave+CConvex+3900_flipped at IoU 0.25: 4700.0
2025-07-27 01:36:24,778 - DEBUG - Collected collision time for BConcave+CConvex+3900_flipped at IoU 0.3: 4850.0
2025-07-27 01:36:24,779 - DEBUG - Collected collision time for BConcave+CConvex+3900_flipped at IoU 0.35: nan
2025-07-27 01:36:24,779 - DEBUG - Collected collision time for BConcave+CConvex+3900_flipped at IoU 0.4: nan
2025-07-27 01:36:24,779 - DEBUG - Collected collision time for BConcave+CConvex+3900_flipped at IoU 0.45: nan
2025-07-27 01:36:24,780 - DEBUG - Collected collision time for BConcave+CConvex+3900_flipped at IoU 0.5: nan
2025-07-27 01:36:24,780 - DEBUG - Collected collision time for BConcave+CConvex+3900_flipped at IoU 0.55: nan
2025-07-27 01:36:24,781 - DEBUG - Collected collision time for BConcave+CConvex+3900_flipped at IoU 0.6: nan
2025-07-27 01:36:24,781 - DEBUG - Collected collision time for BConcave+CConvex+3900_flipped at IoU 0.65: nan
2025-07-27 01:36:24,781 - DEBUG - Collected collision time for BConcave+CConvex+3900_flipped at IoU 0.7: nan
2025-07-27 01:36:24,781 - DEBUG - Collected collision time for BConcave+CConvex+3900_flipped at IoU 0.75: nan
2025-07-27 01:36:24,782 - DEBUG - Collected collision time for BConcave+CConvex+3900_flipped at IoU 0.8: nan
2025-07-27 01:36:24,782 - DEBUG - Collected collision time for BConcave+CConvex+3900_flipped at IoU 0.85: nan
2025-07-27 01:36:24,783 - DEBUG - Collected collision time for BConcave+CConvex+3900_flipped at IoU 0.9: nan
2025-07-27 01:36:24,783 - DEBUG - Collected collision time for BConcave+CConvex+3900_flipped at IoU 0.95: nan
2025-07-27 01:36:24,783 - DEBUG - Collected collision time for BConcave+CConvex+4100 at IoU 0.05: 4416.666666666667
2025-07-27 01:36:24,784 - DEBUG - Collected collision time for BConcave+CConvex+4100 at IoU 0.1: 4566.666666666666
2025-07-27 01:36:24,784 - DEBUG - Collected collision time for BConcave+CConvex+4100 at IoU 0.15: 4666.666666666667
2025-07-27 01:36:24,784 - DEBUG - Collected collision time for BConcave+CConvex+4100 at IoU 0.2: 4750.0
2025-07-27 01:36:24,785 - DEBUG - Collected collision time for BConcave+CConvex+4100 at IoU 0.25: 4816.666666666666
2025-07-27 01:36:24,785 - DEBUG - Collected collision time for BConcave+CConvex+4100 at IoU 0.3: 4900.0
2025-07-27 01:36:24,785 - DEBUG - Collected collision time for BConcave+CConvex+4100 at IoU 0.35: 5016.666666666667
2025-07-27 01:36:24,786 - DEBUG - Collected collision time for BConcave+CConvex+4100 at IoU 0.4: nan
2025-07-27 01:36:24,786 - DEBUG - Collected collision time for BConcave+CConvex+4100 at IoU 0.45: nan
2025-07-27 01:36:24,786 - DEBUG - Collected collision time for BConcave+CConvex+4100 at IoU 0.5: nan
2025-07-27 01:36:24,786 - DEBUG - Collected collision time for BConcave+CConvex+4100 at IoU 0.55: nan
2025-07-27 01:36:24,787 - DEBUG - Collected collision time for BConcave+CConvex+4100 at IoU 0.6: nan
2025-07-27 01:36:24,787 - DEBUG - Collected collision time for BConcave+CConvex+4100 at IoU 0.65: nan
2025-07-27 01:36:24,787 - DEBUG - Collected collision time for BConcave+CConvex+4100 at IoU 0.7: nan
2025-07-27 01:36:24,787 - DEBUG - Collected collision time for BConcave+CConvex+4100 at IoU 0.75: nan
2025-07-27 01:36:24,788 - DEBUG - Collected collision time for BConcave+CConvex+4100 at IoU 0.8: nan
2025-07-27 01:36:24,788 - DEBUG - Collected collision time for BConcave+CConvex+4100 at IoU 0.85: nan
2025-07-27 01:36:24,788 - DEBUG - Collected collision time for BConcave+CConvex+4100 at IoU 0.9: nan
2025-07-27 01:36:24,789 - DEBUG - Collected collision time for BConcave+CConvex+4100 at IoU 0.95: nan
2025-07-27 01:36:24,789 - DEBUG - Collected collision time for BConcave+CConvex+4300_flipped at IoU 0.05: nan
2025-07-27 01:36:24,790 - DEBUG - Collected collision time for BConcave+CConvex+4300_flipped at IoU 0.1: nan
2025-07-27 01:36:24,790 - DEBUG - Collected collision time for BConcave+CConvex+4300_flipped at IoU 0.15: nan
2025-07-27 01:36:24,791 - DEBUG - Collected collision time for BConcave+CConvex+4300_flipped at IoU 0.2: nan
2025-07-27 01:36:24,791 - DEBUG - Collected collision time for BConcave+CConvex+4300_flipped at IoU 0.25: nan
2025-07-27 01:36:24,791 - DEBUG - Collected collision time for BConcave+CConvex+4300_flipped at IoU 0.3: nan
2025-07-27 01:36:24,791 - DEBUG - Collected collision time for BConcave+CConvex+4300_flipped at IoU 0.35: nan
2025-07-27 01:36:24,792 - DEBUG - Collected collision time for BConcave+CConvex+4300_flipped at IoU 0.4: nan
2025-07-27 01:36:24,792 - DEBUG - Collected collision time for BConcave+CConvex+4300_flipped at IoU 0.45: nan
2025-07-27 01:36:24,792 - DEBUG - Collected collision time for BConcave+CConvex+4300_flipped at IoU 0.5: nan
2025-07-27 01:36:24,792 - DEBUG - Collected collision time for BConcave+CConvex+4300_flipped at IoU 0.55: nan
2025-07-27 01:36:24,793 - DEBUG - Collected collision time for BConcave+CConvex+4300_flipped at IoU 0.6: nan
2025-07-27 01:36:24,793 - DEBUG - Collected collision time for BConcave+CConvex+4300_flipped at IoU 0.65: nan
2025-07-27 01:36:24,793 - DEBUG - Collected collision time for BConcave+CConvex+4300_flipped at IoU 0.7: nan
2025-07-27 01:36:24,794 - DEBUG - Collected collision time for BConcave+CConvex+4300_flipped at IoU 0.75: nan
2025-07-27 01:36:24,794 - DEBUG - Collected collision time for BConcave+CConvex+4300_flipped at IoU 0.8: nan
2025-07-27 01:36:24,794 - DEBUG - Collected collision time for BConcave+CConvex+4300_flipped at IoU 0.85: nan
2025-07-27 01:36:24,794 - DEBUG - Collected collision time for BConcave+CConvex+4300_flipped at IoU 0.9: nan
2025-07-27 01:36:24,795 - DEBUG - Collected collision time for BConcave+CConvex+4300_flipped at IoU 0.95: nan
2025-07-27 01:36:24,795 - DEBUG - Collected collision time for BConcave+CConvex+4500 at IoU 0.05: 4800.0
2025-07-27 01:36:24,795 - DEBUG - Collected collision time for BConcave+CConvex+4500 at IoU 0.1: 4933.333333333334
2025-07-27 01:36:24,795 - DEBUG - Collected collision time for BConcave+CConvex+4500 at IoU 0.15: 5033.333333333333
2025-07-27 01:36:24,796 - DEBUG - Collected collision time for BConcave+CConvex+4500 at IoU 0.2: 5133.333333333334
2025-07-27 01:36:24,796 - DEBUG - Collected collision time for BConcave+CConvex+4500 at IoU 0.25: 5200.0
2025-07-27 01:36:24,797 - DEBUG - Collected collision time for BConcave+CConvex+4500 at IoU 0.3: 5283.333333333333
2025-07-27 01:36:24,797 - DEBUG - Collected collision time for BConcave+CConvex+4500 at IoU 0.35: 5450.0
2025-07-27 01:36:24,797 - DEBUG - Collected collision time for BConcave+CConvex+4500 at IoU 0.4: nan
2025-07-27 01:36:24,797 - DEBUG - Collected collision time for BConcave+CConvex+4500 at IoU 0.45: nan
2025-07-27 01:36:24,798 - DEBUG - Collected collision time for BConcave+CConvex+4500 at IoU 0.5: nan
2025-07-27 01:36:24,798 - DEBUG - Collected collision time for BConcave+CConvex+4500 at IoU 0.55: nan
2025-07-27 01:36:24,798 - DEBUG - Collected collision time for BConcave+CConvex+4500 at IoU 0.6: nan
2025-07-27 01:36:24,798 - DEBUG - Collected collision time for BConcave+CConvex+4500 at IoU 0.65: nan
2025-07-27 01:36:24,799 - DEBUG - Collected collision time for BConcave+CConvex+4500 at IoU 0.7: nan
2025-07-27 01:36:24,799 - DEBUG - Collected collision time for BConcave+CConvex+4500 at IoU 0.75: nan
2025-07-27 01:36:24,799 - DEBUG - Collected collision time for BConcave+CConvex+4500 at IoU 0.8: nan
2025-07-27 01:36:24,800 - DEBUG - Collected collision time for BConcave+CConvex+4500 at IoU 0.85: nan
2025-07-27 01:36:24,800 - DEBUG - Collected collision time for BConcave+CConvex+4500 at IoU 0.9: nan
2025-07-27 01:36:24,800 - DEBUG - Collected collision time for BConcave+CConvex+4500 at IoU 0.95: nan
2025-07-27 01:36:24,800 - DEBUG - Collected collision time for BConcave+DConcave+3500 at IoU 0.05: nan
2025-07-27 01:36:24,801 - DEBUG - Collected collision time for BConcave+DConcave+3500 at IoU 0.1: nan
2025-07-27 01:36:24,801 - DEBUG - Collected collision time for BConcave+DConcave+3500 at IoU 0.15: nan
2025-07-27 01:36:24,802 - DEBUG - Collected collision time for BConcave+DConcave+3500 at IoU 0.2: nan
2025-07-27 01:36:24,802 - DEBUG - Collected collision time for BConcave+DConcave+3500 at IoU 0.25: nan
2025-07-27 01:36:24,802 - DEBUG - Collected collision time for BConcave+DConcave+3500 at IoU 0.3: nan
2025-07-27 01:36:24,802 - DEBUG - Collected collision time for BConcave+DConcave+3500 at IoU 0.35: nan
2025-07-27 01:36:24,803 - DEBUG - Collected collision time for BConcave+DConcave+3500 at IoU 0.4: nan
2025-07-27 01:36:24,803 - DEBUG - Collected collision time for BConcave+DConcave+3500 at IoU 0.45: nan
2025-07-27 01:36:24,803 - DEBUG - Collected collision time for BConcave+DConcave+3500 at IoU 0.5: nan
2025-07-27 01:36:24,803 - DEBUG - Collected collision time for BConcave+DConcave+3500 at IoU 0.55: nan
2025-07-27 01:36:24,804 - DEBUG - Collected collision time for BConcave+DConcave+3500 at IoU 0.6: nan
2025-07-27 01:36:24,804 - DEBUG - Collected collision time for BConcave+DConcave+3500 at IoU 0.65: nan
2025-07-27 01:36:24,805 - DEBUG - Collected collision time for BConcave+DConcave+3500 at IoU 0.7: nan
2025-07-27 01:36:24,805 - DEBUG - Collected collision time for BConcave+DConcave+3500 at IoU 0.75: nan
2025-07-27 01:36:24,805 - DEBUG - Collected collision time for BConcave+DConcave+3500 at IoU 0.8: nan
2025-07-27 01:36:24,806 - DEBUG - Collected collision time for BConcave+DConcave+3500 at IoU 0.85: nan
2025-07-27 01:36:24,806 - DEBUG - Collected collision time for BConcave+DConcave+3500 at IoU 0.9: nan
2025-07-27 01:36:24,807 - DEBUG - Collected collision time for BConcave+DConcave+3500 at IoU 0.95: nan
2025-07-27 01:36:24,807 - DEBUG - Collected collision time for BConcave+DConcave+3700_flipped at IoU 0.05: 3950.0
2025-07-27 01:36:24,807 - DEBUG - Collected collision time for BConcave+DConcave+3700_flipped at IoU 0.1: 4016.6666666666665
2025-07-27 01:36:24,808 - DEBUG - Collected collision time for BConcave+DConcave+3700_flipped at IoU 0.15: 4083.333333333333
2025-07-27 01:36:24,808 - DEBUG - Collected collision time for BConcave+DConcave+3700_flipped at IoU 0.2: 4166.666666666667
2025-07-27 01:36:24,808 - DEBUG - Collected collision time for BConcave+DConcave+3700_flipped at IoU 0.25: 4233.333333333333
2025-07-27 01:36:24,808 - DEBUG - Collected collision time for BConcave+DConcave+3700_flipped at IoU 0.3: 4300.0
2025-07-27 01:36:24,809 - DEBUG - Collected collision time for BConcave+DConcave+3700_flipped at IoU 0.35: 4366.666666666666
2025-07-27 01:36:24,809 - DEBUG - Collected collision time for BConcave+DConcave+3700_flipped at IoU 0.4: 4433.333333333334
2025-07-27 01:36:24,809 - DEBUG - Collected collision time for BConcave+DConcave+3700_flipped at IoU 0.45: nan
2025-07-27 01:36:24,809 - DEBUG - Collected collision time for BConcave+DConcave+3700_flipped at IoU 0.5: nan
2025-07-27 01:36:24,810 - DEBUG - Collected collision time for BConcave+DConcave+3700_flipped at IoU 0.55: nan
2025-07-27 01:36:24,810 - DEBUG - Collected collision time for BConcave+DConcave+3700_flipped at IoU 0.6: nan
2025-07-27 01:36:24,811 - DEBUG - Collected collision time for BConcave+DConcave+3700_flipped at IoU 0.65: nan
2025-07-27 01:36:24,811 - DEBUG - Collected collision time for BConcave+DConcave+3700_flipped at IoU 0.7: nan
2025-07-27 01:36:24,812 - DEBUG - Collected collision time for BConcave+DConcave+3700_flipped at IoU 0.75: nan
2025-07-27 01:36:24,812 - DEBUG - Collected collision time for BConcave+DConcave+3700_flipped at IoU 0.8: nan
2025-07-27 01:36:24,813 - DEBUG - Collected collision time for BConcave+DConcave+3700_flipped at IoU 0.85: nan
2025-07-27 01:36:24,813 - DEBUG - Collected collision time for BConcave+DConcave+3700_flipped at IoU 0.9: nan
2025-07-27 01:36:24,813 - DEBUG - Collected collision time for BConcave+DConcave+3700_flipped at IoU 0.95: nan
2025-07-27 01:36:24,814 - DEBUG - Collected collision time for BConcave+DConcave+3900 at IoU 0.05: 1500.0
2025-07-27 01:36:24,814 - DEBUG - Collected collision time for BConcave+DConcave+3900 at IoU 0.1: 4166.666666666667
2025-07-27 01:36:24,814 - DEBUG - Collected collision time for BConcave+DConcave+3900 at IoU 0.15: 4250.0
2025-07-27 01:36:24,815 - DEBUG - Collected collision time for BConcave+DConcave+3900 at IoU 0.2: 4316.666666666666
2025-07-27 01:36:24,815 - DEBUG - Collected collision time for BConcave+DConcave+3900 at IoU 0.25: 4383.333333333334
2025-07-27 01:36:24,815 - DEBUG - Collected collision time for BConcave+DConcave+3900 at IoU 0.3: 4433.333333333334
2025-07-27 01:36:24,815 - DEBUG - Collected collision time for BConcave+DConcave+3900 at IoU 0.35: 4500.0
2025-07-27 01:36:24,816 - DEBUG - Collected collision time for BConcave+DConcave+3900 at IoU 0.4: 4566.666666666666
2025-07-27 01:36:24,816 - DEBUG - Collected collision time for BConcave+DConcave+3900 at IoU 0.45: 4633.333333333334
2025-07-27 01:36:24,816 - DEBUG - Collected collision time for BConcave+DConcave+3900 at IoU 0.5: nan
2025-07-27 01:36:24,817 - DEBUG - Collected collision time for BConcave+DConcave+3900 at IoU 0.55: nan
2025-07-27 01:36:24,817 - DEBUG - Collected collision time for BConcave+DConcave+3900 at IoU 0.6: nan
2025-07-27 01:36:24,817 - DEBUG - Collected collision time for BConcave+DConcave+3900 at IoU 0.65: nan
2025-07-27 01:36:24,818 - DEBUG - Collected collision time for BConcave+DConcave+3900 at IoU 0.7: nan
2025-07-27 01:36:24,819 - DEBUG - Collected collision time for BConcave+DConcave+3900 at IoU 0.75: nan
2025-07-27 01:36:24,819 - DEBUG - Collected collision time for BConcave+DConcave+3900 at IoU 0.8: nan
2025-07-27 01:36:24,819 - DEBUG - Collected collision time for BConcave+DConcave+3900 at IoU 0.85: nan
2025-07-27 01:36:24,819 - DEBUG - Collected collision time for BConcave+DConcave+3900 at IoU 0.9: nan
2025-07-27 01:36:24,820 - DEBUG - Collected collision time for BConcave+DConcave+3900 at IoU 0.95: nan
2025-07-27 01:36:24,820 - DEBUG - Collected collision time for BConcave+DConcave+4100_flipped at IoU 0.05: 4316.666666666666
2025-07-27 01:36:24,820 - DEBUG - Collected collision time for BConcave+DConcave+4100_flipped at IoU 0.1: 4400.0
2025-07-27 01:36:24,820 - DEBUG - Collected collision time for BConcave+DConcave+4100_flipped at IoU 0.15: 4466.666666666667
2025-07-27 01:36:24,821 - DEBUG - Collected collision time for BConcave+DConcave+4100_flipped at IoU 0.2: 4533.333333333333
2025-07-27 01:36:24,821 - DEBUG - Collected collision time for BConcave+DConcave+4100_flipped at IoU 0.25: 4583.333333333333
2025-07-27 01:36:24,821 - DEBUG - Collected collision time for BConcave+DConcave+4100_flipped at IoU 0.3: 4650.0
2025-07-27 01:36:24,822 - DEBUG - Collected collision time for BConcave+DConcave+4100_flipped at IoU 0.35: 4700.0
2025-07-27 01:36:24,822 - DEBUG - Collected collision time for BConcave+DConcave+4100_flipped at IoU 0.4: 4783.333333333333
2025-07-27 01:36:24,822 - DEBUG - Collected collision time for BConcave+DConcave+4100_flipped at IoU 0.45: 4866.666666666666
2025-07-27 01:36:24,823 - DEBUG - Collected collision time for BConcave+DConcave+4100_flipped at IoU 0.5: nan
2025-07-27 01:36:24,823 - DEBUG - Collected collision time for BConcave+DConcave+4100_flipped at IoU 0.55: nan
2025-07-27 01:36:24,824 - DEBUG - Collected collision time for BConcave+DConcave+4100_flipped at IoU 0.6: nan
2025-07-27 01:36:24,824 - DEBUG - Collected collision time for BConcave+DConcave+4100_flipped at IoU 0.65: nan
2025-07-27 01:36:24,824 - DEBUG - Collected collision time for BConcave+DConcave+4100_flipped at IoU 0.7: nan
2025-07-27 01:36:24,824 - DEBUG - Collected collision time for BConcave+DConcave+4100_flipped at IoU 0.75: nan
2025-07-27 01:36:24,825 - DEBUG - Collected collision time for BConcave+DConcave+4100_flipped at IoU 0.8: nan
2025-07-27 01:36:24,825 - DEBUG - Collected collision time for BConcave+DConcave+4100_flipped at IoU 0.85: nan
2025-07-27 01:36:24,826 - DEBUG - Collected collision time for BConcave+DConcave+4100_flipped at IoU 0.9: nan
2025-07-27 01:36:24,826 - DEBUG - Collected collision time for BConcave+DConcave+4100_flipped at IoU 0.95: nan
2025-07-27 01:36:24,827 - DEBUG - Collected collision time for BConcave+DConcave+4300 at IoU 0.05: 4666.666666666667
2025-07-27 01:36:24,827 - DEBUG - Collected collision time for BConcave+DConcave+4300 at IoU 0.1: 4750.0
2025-07-27 01:36:24,828 - DEBUG - Collected collision time for BConcave+DConcave+4300 at IoU 0.15: 4833.333333333333
2025-07-27 01:36:24,828 - DEBUG - Collected collision time for BConcave+DConcave+4300 at IoU 0.2: 4950.0
2025-07-27 01:36:24,829 - DEBUG - Collected collision time for BConcave+DConcave+4300 at IoU 0.25: 5050.0
2025-07-27 01:36:24,829 - DEBUG - Collected collision time for BConcave+DConcave+4300 at IoU 0.3: nan
2025-07-27 01:36:24,829 - DEBUG - Collected collision time for BConcave+DConcave+4300 at IoU 0.35: nan
2025-07-27 01:36:24,829 - DEBUG - Collected collision time for BConcave+DConcave+4300 at IoU 0.4: nan
2025-07-27 01:36:24,830 - DEBUG - Collected collision time for BConcave+DConcave+4300 at IoU 0.45: nan
2025-07-27 01:36:24,830 - DEBUG - Collected collision time for BConcave+DConcave+4300 at IoU 0.5: nan
2025-07-27 01:36:24,830 - DEBUG - Collected collision time for BConcave+DConcave+4300 at IoU 0.55: nan
2025-07-27 01:36:24,831 - DEBUG - Collected collision time for BConcave+DConcave+4300 at IoU 0.6: nan
2025-07-27 01:36:24,831 - DEBUG - Collected collision time for BConcave+DConcave+4300 at IoU 0.65: nan
2025-07-27 01:36:24,831 - DEBUG - Collected collision time for BConcave+DConcave+4300 at IoU 0.7: nan
2025-07-27 01:36:24,831 - DEBUG - Collected collision time for BConcave+DConcave+4300 at IoU 0.75: nan
2025-07-27 01:36:24,831 - DEBUG - Collected collision time for BConcave+DConcave+4300 at IoU 0.8: nan
2025-07-27 01:36:24,832 - DEBUG - Collected collision time for BConcave+DConcave+4300 at IoU 0.85: nan
2025-07-27 01:36:24,833 - DEBUG - Collected collision time for BConcave+DConcave+4300 at IoU 0.9: nan
2025-07-27 01:36:24,833 - DEBUG - Collected collision time for BConcave+DConcave+4300 at IoU 0.95: nan
2025-07-27 01:36:24,833 - DEBUG - Collected collision time for BConcave+DConcave+4500_flipped at IoU 0.05: 4766.666666666667
2025-07-27 01:36:24,834 - DEBUG - Collected collision time for BConcave+DConcave+4500_flipped at IoU 0.1: 4833.333333333333
2025-07-27 01:36:24,834 - DEBUG - Collected collision time for BConcave+DConcave+4500_flipped at IoU 0.15: 4900.0
2025-07-27 01:36:24,835 - DEBUG - Collected collision time for BConcave+DConcave+4500_flipped at IoU 0.2: 4950.0
2025-07-27 01:36:24,835 - DEBUG - Collected collision time for BConcave+DConcave+4500_flipped at IoU 0.25: 5016.666666666667
2025-07-27 01:36:24,835 - DEBUG - Collected collision time for BConcave+DConcave+4500_flipped at IoU 0.3: 5066.666666666666
2025-07-27 01:36:24,836 - DEBUG - Collected collision time for BConcave+DConcave+4500_flipped at IoU 0.35: 5133.333333333334
2025-07-27 01:36:24,836 - DEBUG - Collected collision time for BConcave+DConcave+4500_flipped at IoU 0.4: 5200.0
2025-07-27 01:36:24,836 - DEBUG - Collected collision time for BConcave+DConcave+4500_flipped at IoU 0.45: 5283.333333333333
2025-07-27 01:36:24,836 - DEBUG - Collected collision time for BConcave+DConcave+4500_flipped at IoU 0.5: nan
2025-07-27 01:36:24,837 - DEBUG - Collected collision time for BConcave+DConcave+4500_flipped at IoU 0.55: nan
2025-07-27 01:36:24,837 - DEBUG - Collected collision time for BConcave+DConcave+4500_flipped at IoU 0.6: nan
2025-07-27 01:36:24,837 - DEBUG - Collected collision time for BConcave+DConcave+4500_flipped at IoU 0.65: nan
2025-07-27 01:36:24,838 - DEBUG - Collected collision time for BConcave+DConcave+4500_flipped at IoU 0.7: nan
2025-07-27 01:36:24,838 - DEBUG - Collected collision time for BConcave+DConcave+4500_flipped at IoU 0.75: nan
2025-07-27 01:36:24,838 - DEBUG - Collected collision time for BConcave+DConcave+4500_flipped at IoU 0.8: nan
2025-07-27 01:36:24,839 - DEBUG - Collected collision time for BConcave+DConcave+4500_flipped at IoU 0.85: nan
2025-07-27 01:36:24,839 - DEBUG - Collected collision time for BConcave+DConcave+4500_flipped at IoU 0.9: nan
2025-07-27 01:36:24,840 - DEBUG - Collected collision time for BConcave+DConcave+4500_flipped at IoU 0.95: nan
2025-07-27 01:36:24,840 - DEBUG - Collected collision time for BConcave+DConvex+3500_flipped at IoU 0.05: 4166.666666666667
2025-07-27 01:36:24,840 - DEBUG - Collected collision time for BConcave+DConvex+3500_flipped at IoU 0.1: 4266.666666666667
2025-07-27 01:36:24,840 - DEBUG - Collected collision time for BConcave+DConvex+3500_flipped at IoU 0.15: 4350.0
2025-07-27 01:36:24,841 - DEBUG - Collected collision time for BConcave+DConvex+3500_flipped at IoU 0.2: 4400.0
2025-07-27 01:36:24,841 - DEBUG - Collected collision time for BConcave+DConvex+3500_flipped at IoU 0.25: 4466.666666666667
2025-07-27 01:36:24,842 - DEBUG - Collected collision time for BConcave+DConvex+3500_flipped at IoU 0.3: 4516.666666666667
2025-07-27 01:36:24,842 - DEBUG - Collected collision time for BConcave+DConvex+3500_flipped at IoU 0.35: 4566.666666666666
2025-07-27 01:36:24,842 - DEBUG - Collected collision time for BConcave+DConvex+3500_flipped at IoU 0.4: 4650.0
2025-07-27 01:36:24,842 - DEBUG - Collected collision time for BConcave+DConvex+3500_flipped at IoU 0.45: 4716.666666666667
2025-07-27 01:36:24,843 - DEBUG - Collected collision time for BConcave+DConvex+3500_flipped at IoU 0.5: nan
2025-07-27 01:36:24,843 - DEBUG - Collected collision time for BConcave+DConvex+3500_flipped at IoU 0.55: nan
2025-07-27 01:36:24,843 - DEBUG - Collected collision time for BConcave+DConvex+3500_flipped at IoU 0.6: nan
2025-07-27 01:36:24,843 - DEBUG - Collected collision time for BConcave+DConvex+3500_flipped at IoU 0.65: nan
2025-07-27 01:36:24,844 - DEBUG - Collected collision time for BConcave+DConvex+3500_flipped at IoU 0.7: nan
2025-07-27 01:36:24,844 - DEBUG - Collected collision time for BConcave+DConvex+3500_flipped at IoU 0.75: nan
2025-07-27 01:36:24,844 - DEBUG - Collected collision time for BConcave+DConvex+3500_flipped at IoU 0.8: nan
2025-07-27 01:36:24,844 - DEBUG - Collected collision time for BConcave+DConvex+3500_flipped at IoU 0.85: nan
2025-07-27 01:36:24,845 - DEBUG - Collected collision time for BConcave+DConvex+3500_flipped at IoU 0.9: nan
2025-07-27 01:36:24,845 - DEBUG - Collected collision time for BConcave+DConvex+3500_flipped at IoU 0.95: nan
2025-07-27 01:36:24,845 - DEBUG - Collected collision time for BConcave+DConvex+3700 at IoU 0.05: 4333.333333333333
2025-07-27 01:36:24,845 - DEBUG - Collected collision time for BConcave+DConvex+3700 at IoU 0.1: 4416.666666666667
2025-07-27 01:36:24,846 - DEBUG - Collected collision time for BConcave+DConvex+3700 at IoU 0.15: 4516.666666666667
2025-07-27 01:36:24,846 - DEBUG - Collected collision time for BConcave+DConvex+3700 at IoU 0.2: 4566.666666666666
2025-07-27 01:36:24,846 - DEBUG - Collected collision time for BConcave+DConvex+3700 at IoU 0.25: 4633.333333333334
2025-07-27 01:36:24,846 - DEBUG - Collected collision time for BConcave+DConvex+3700 at IoU 0.3: 4700.0
2025-07-27 01:36:24,847 - DEBUG - Collected collision time for BConcave+DConvex+3700 at IoU 0.35: 4733.333333333333
2025-07-27 01:36:24,847 - DEBUG - Collected collision time for BConcave+DConvex+3700 at IoU 0.4: 4766.666666666667
2025-07-27 01:36:24,847 - DEBUG - Collected collision time for BConcave+DConvex+3700 at IoU 0.45: 4816.666666666666
2025-07-27 01:36:24,847 - DEBUG - Collected collision time for BConcave+DConvex+3700 at IoU 0.5: 4850.0
2025-07-27 01:36:24,848 - DEBUG - Collected collision time for BConcave+DConvex+3700 at IoU 0.55: 4933.333333333334
2025-07-27 01:36:24,848 - DEBUG - Collected collision time for BConcave+DConvex+3700 at IoU 0.6: nan
2025-07-27 01:36:24,848 - DEBUG - Collected collision time for BConcave+DConvex+3700 at IoU 0.65: nan
2025-07-27 01:36:24,849 - DEBUG - Collected collision time for BConcave+DConvex+3700 at IoU 0.7: nan
2025-07-27 01:36:24,849 - DEBUG - Collected collision time for BConcave+DConvex+3700 at IoU 0.75: nan
2025-07-27 01:36:24,849 - DEBUG - Collected collision time for BConcave+DConvex+3700 at IoU 0.8: nan
2025-07-27 01:36:24,849 - DEBUG - Collected collision time for BConcave+DConvex+3700 at IoU 0.85: nan
2025-07-27 01:36:24,850 - DEBUG - Collected collision time for BConcave+DConvex+3700 at IoU 0.9: nan
2025-07-27 01:36:24,850 - DEBUG - Collected collision time for BConcave+DConvex+3700 at IoU 0.95: nan
2025-07-27 01:36:24,850 - DEBUG - Collected collision time for BConcave+DConvex+3900_flipped at IoU 0.05: 4466.666666666667
2025-07-27 01:36:24,850 - DEBUG - Collected collision time for BConcave+DConvex+3900_flipped at IoU 0.1: 4566.666666666666
2025-07-27 01:36:24,851 - DEBUG - Collected collision time for BConcave+DConvex+3900_flipped at IoU 0.15: 4616.666666666666
2025-07-27 01:36:24,851 - DEBUG - Collected collision time for BConcave+DConvex+3900_flipped at IoU 0.2: 4700.0
2025-07-27 01:36:24,851 - DEBUG - Collected collision time for BConcave+DConvex+3900_flipped at IoU 0.25: 4750.0
2025-07-27 01:36:24,851 - DEBUG - Collected collision time for BConcave+DConvex+3900_flipped at IoU 0.3: 4800.0
2025-07-27 01:36:24,852 - DEBUG - Collected collision time for BConcave+DConvex+3900_flipped at IoU 0.35: 4850.0
2025-07-27 01:36:24,852 - DEBUG - Collected collision time for BConcave+DConvex+3900_flipped at IoU 0.4: 4900.0
2025-07-27 01:36:24,852 - DEBUG - Collected collision time for BConcave+DConvex+3900_flipped at IoU 0.45: 4950.0
2025-07-27 01:36:24,852 - DEBUG - Collected collision time for BConcave+DConvex+3900_flipped at IoU 0.5: 4983.333333333333
2025-07-27 01:36:24,852 - DEBUG - Collected collision time for BConcave+DConvex+3900_flipped at IoU 0.55: 5033.333333333333
2025-07-27 01:36:24,853 - DEBUG - Collected collision time for BConcave+DConvex+3900_flipped at IoU 0.6: nan
2025-07-27 01:36:24,853 - DEBUG - Collected collision time for BConcave+DConvex+3900_flipped at IoU 0.65: nan
2025-07-27 01:36:24,853 - DEBUG - Collected collision time for BConcave+DConvex+3900_flipped at IoU 0.7: nan
2025-07-27 01:36:24,854 - DEBUG - Collected collision time for BConcave+DConvex+3900_flipped at IoU 0.75: nan
2025-07-27 01:36:24,854 - DEBUG - Collected collision time for BConcave+DConvex+3900_flipped at IoU 0.8: nan
2025-07-27 01:36:24,854 - DEBUG - Collected collision time for BConcave+DConvex+3900_flipped at IoU 0.85: nan
2025-07-27 01:36:24,855 - DEBUG - Collected collision time for BConcave+DConvex+3900_flipped at IoU 0.9: nan
2025-07-27 01:36:24,855 - DEBUG - Collected collision time for BConcave+DConvex+3900_flipped at IoU 0.95: nan
2025-07-27 01:36:24,855 - DEBUG - Collected collision time for BConcave+DConvex+4100 at IoU 0.05: 1516.6666666666665
2025-07-27 01:36:24,855 - DEBUG - Collected collision time for BConcave+DConvex+4100 at IoU 0.1: 4633.333333333334
2025-07-27 01:36:24,856 - DEBUG - Collected collision time for BConcave+DConvex+4100 at IoU 0.15: 4733.333333333333
2025-07-27 01:36:24,856 - DEBUG - Collected collision time for BConcave+DConvex+4100 at IoU 0.2: 4816.666666666666
2025-07-27 01:36:24,856 - DEBUG - Collected collision time for BConcave+DConvex+4100 at IoU 0.25: 4900.0
2025-07-27 01:36:24,856 - DEBUG - Collected collision time for BConcave+DConvex+4100 at IoU 0.3: 4983.333333333333
2025-07-27 01:36:24,856 - DEBUG - Collected collision time for BConcave+DConvex+4100 at IoU 0.35: 5066.666666666666
2025-07-27 01:36:24,857 - DEBUG - Collected collision time for BConcave+DConvex+4100 at IoU 0.4: 5133.333333333334
2025-07-27 01:36:24,857 - DEBUG - Collected collision time for BConcave+DConvex+4100 at IoU 0.45: 5183.333333333334
2025-07-27 01:36:24,857 - DEBUG - Collected collision time for BConcave+DConvex+4100 at IoU 0.5: 5233.333333333333
2025-07-27 01:36:24,857 - DEBUG - Collected collision time for BConcave+DConvex+4100 at IoU 0.55: 5300.0
2025-07-27 01:36:24,858 - DEBUG - Collected collision time for BConcave+DConvex+4100 at IoU 0.6: nan
2025-07-27 01:36:24,858 - DEBUG - Collected collision time for BConcave+DConvex+4100 at IoU 0.65: nan
2025-07-27 01:36:24,858 - DEBUG - Collected collision time for BConcave+DConvex+4100 at IoU 0.7: nan
2025-07-27 01:36:24,858 - DEBUG - Collected collision time for BConcave+DConvex+4100 at IoU 0.75: nan
2025-07-27 01:36:24,858 - DEBUG - Collected collision time for BConcave+DConvex+4100 at IoU 0.8: nan
2025-07-27 01:36:24,859 - DEBUG - Collected collision time for BConcave+DConvex+4100 at IoU 0.85: nan
2025-07-27 01:36:24,859 - DEBUG - Collected collision time for BConcave+DConvex+4100 at IoU 0.9: nan
2025-07-27 01:36:24,859 - DEBUG - Collected collision time for BConcave+DConvex+4100 at IoU 0.95: nan
2025-07-27 01:36:24,859 - DEBUG - Collected collision time for BConcave+DConvex+4300_flipped at IoU 0.05: 5016.666666666667
2025-07-27 01:36:24,860 - DEBUG - Collected collision time for BConcave+DConvex+4300_flipped at IoU 0.1: 5183.333333333334
2025-07-27 01:36:24,860 - DEBUG - Collected collision time for BConcave+DConvex+4300_flipped at IoU 0.15: 5183.333333333334
2025-07-27 01:36:24,860 - DEBUG - Collected collision time for BConcave+DConvex+4300_flipped at IoU 0.2: 5200.0
2025-07-27 01:36:24,860 - DEBUG - Collected collision time for BConcave+DConvex+4300_flipped at IoU 0.25: 5283.333333333333
2025-07-27 01:36:24,861 - DEBUG - Collected collision time for BConcave+DConvex+4300_flipped at IoU 0.3: 5350.0
2025-07-27 01:36:24,861 - DEBUG - Collected collision time for BConcave+DConvex+4300_flipped at IoU 0.35: 5350.0
2025-07-27 01:36:24,861 - DEBUG - Collected collision time for BConcave+DConvex+4300_flipped at IoU 0.4: 5383.333333333334
2025-07-27 01:36:24,861 - DEBUG - Collected collision time for BConcave+DConvex+4300_flipped at IoU 0.45: 5383.333333333334
2025-07-27 01:36:24,862 - DEBUG - Collected collision time for BConcave+DConvex+4300_flipped at IoU 0.5: nan
2025-07-27 01:36:24,862 - DEBUG - Collected collision time for BConcave+DConvex+4300_flipped at IoU 0.55: nan
2025-07-27 01:36:24,863 - DEBUG - Collected collision time for BConcave+DConvex+4300_flipped at IoU 0.6: nan
2025-07-27 01:36:24,863 - DEBUG - Collected collision time for BConcave+DConvex+4300_flipped at IoU 0.65: nan
2025-07-27 01:36:24,863 - DEBUG - Collected collision time for BConcave+DConvex+4300_flipped at IoU 0.7: nan
2025-07-27 01:36:24,863 - DEBUG - Collected collision time for BConcave+DConvex+4300_flipped at IoU 0.75: nan
2025-07-27 01:36:24,864 - DEBUG - Collected collision time for BConcave+DConvex+4300_flipped at IoU 0.8: nan
2025-07-27 01:36:24,864 - DEBUG - Collected collision time for BConcave+DConvex+4300_flipped at IoU 0.85: nan
2025-07-27 01:36:24,864 - DEBUG - Collected collision time for BConcave+DConvex+4300_flipped at IoU 0.9: nan
2025-07-27 01:36:24,865 - DEBUG - Collected collision time for BConcave+DConvex+4300_flipped at IoU 0.95: nan
2025-07-27 01:36:24,865 - DEBUG - Collected collision time for BConcave+DConvex+4500 at IoU 0.05: 4883.333333333334
2025-07-27 01:36:24,865 - DEBUG - Collected collision time for BConcave+DConvex+4500 at IoU 0.1: 5033.333333333333
2025-07-27 01:36:24,866 - DEBUG - Collected collision time for BConcave+DConvex+4500 at IoU 0.15: 5133.333333333334
2025-07-27 01:36:24,866 - DEBUG - Collected collision time for BConcave+DConvex+4500 at IoU 0.2: 5233.333333333333
2025-07-27 01:36:24,866 - DEBUG - Collected collision time for BConcave+DConvex+4500 at IoU 0.25: 5300.0
2025-07-27 01:36:24,866 - DEBUG - Collected collision time for BConcave+DConvex+4500 at IoU 0.3: 5400.0
2025-07-27 01:36:24,866 - DEBUG - Collected collision time for BConcave+DConvex+4500 at IoU 0.35: 5466.666666666667
2025-07-27 01:36:24,867 - DEBUG - Collected collision time for BConcave+DConvex+4500 at IoU 0.4: nan
2025-07-27 01:36:24,867 - DEBUG - Collected collision time for BConcave+DConvex+4500 at IoU 0.45: nan
2025-07-27 01:36:24,867 - DEBUG - Collected collision time for BConcave+DConvex+4500 at IoU 0.5: nan
2025-07-27 01:36:24,868 - DEBUG - Collected collision time for BConcave+DConvex+4500 at IoU 0.55: nan
2025-07-27 01:36:24,868 - DEBUG - Collected collision time for BConcave+DConvex+4500 at IoU 0.6: nan
2025-07-27 01:36:24,868 - DEBUG - Collected collision time for BConcave+DConvex+4500 at IoU 0.65: nan
2025-07-27 01:36:24,869 - DEBUG - Collected collision time for BConcave+DConvex+4500 at IoU 0.7: nan
2025-07-27 01:36:24,869 - DEBUG - Collected collision time for BConcave+DConvex+4500 at IoU 0.75: nan
2025-07-27 01:36:24,869 - DEBUG - Collected collision time for BConcave+DConvex+4500 at IoU 0.8: nan
2025-07-27 01:36:24,870 - DEBUG - Collected collision time for BConcave+DConvex+4500 at IoU 0.85: nan
2025-07-27 01:36:24,870 - DEBUG - Collected collision time for BConcave+DConvex+4500 at IoU 0.9: nan
2025-07-27 01:36:24,870 - DEBUG - Collected collision time for BConcave+DConvex+4500 at IoU 0.95: nan
2025-07-27 01:36:24,871 - DEBUG - Collected collision time for BConcave+EConcave+3500_flipped at IoU 0.05: 3816.666666666667
2025-07-27 01:36:24,871 - DEBUG - Collected collision time for BConcave+EConcave+3500_flipped at IoU 0.1: 3900.0
2025-07-27 01:36:24,871 - DEBUG - Collected collision time for BConcave+EConcave+3500_flipped at IoU 0.15: 4016.6666666666665
2025-07-27 01:36:24,871 - DEBUG - Collected collision time for BConcave+EConcave+3500_flipped at IoU 0.2: nan
2025-07-27 01:36:24,872 - DEBUG - Collected collision time for BConcave+EConcave+3500_flipped at IoU 0.25: nan
2025-07-27 01:36:24,872 - DEBUG - Collected collision time for BConcave+EConcave+3500_flipped at IoU 0.3: nan
2025-07-27 01:36:24,872 - DEBUG - Collected collision time for BConcave+EConcave+3500_flipped at IoU 0.35: nan
2025-07-27 01:36:24,872 - DEBUG - Collected collision time for BConcave+EConcave+3500_flipped at IoU 0.4: nan
2025-07-27 01:36:24,873 - DEBUG - Collected collision time for BConcave+EConcave+3500_flipped at IoU 0.45: nan
2025-07-27 01:36:24,873 - DEBUG - Collected collision time for BConcave+EConcave+3500_flipped at IoU 0.5: nan
2025-07-27 01:36:24,874 - DEBUG - Collected collision time for BConcave+EConcave+3500_flipped at IoU 0.55: nan
2025-07-27 01:36:24,874 - DEBUG - Collected collision time for BConcave+EConcave+3500_flipped at IoU 0.6: nan
2025-07-27 01:36:24,874 - DEBUG - Collected collision time for BConcave+EConcave+3500_flipped at IoU 0.65: nan
2025-07-27 01:36:24,875 - DEBUG - Collected collision time for BConcave+EConcave+3500_flipped at IoU 0.7: nan
2025-07-27 01:36:24,875 - DEBUG - Collected collision time for BConcave+EConcave+3500_flipped at IoU 0.75: nan
2025-07-27 01:36:24,875 - DEBUG - Collected collision time for BConcave+EConcave+3500_flipped at IoU 0.8: nan
2025-07-27 01:36:24,875 - DEBUG - Collected collision time for BConcave+EConcave+3500_flipped at IoU 0.85: nan
2025-07-27 01:36:24,876 - DEBUG - Collected collision time for BConcave+EConcave+3500_flipped at IoU 0.9: nan
2025-07-27 01:36:24,876 - DEBUG - Collected collision time for BConcave+EConcave+3500_flipped at IoU 0.95: nan
2025-07-27 01:36:24,877 - DEBUG - Collected collision time for BConcave+EConcave+3700 at IoU 0.05: 3933.333333333333
2025-07-27 01:36:24,877 - DEBUG - Collected collision time for BConcave+EConcave+3700 at IoU 0.1: 4066.6666666666665
2025-07-27 01:36:24,877 - DEBUG - Collected collision time for BConcave+EConcave+3700 at IoU 0.15: 4216.666666666667
2025-07-27 01:36:24,877 - DEBUG - Collected collision time for BConcave+EConcave+3700 at IoU 0.2: nan
2025-07-27 01:36:24,877 - DEBUG - Collected collision time for BConcave+EConcave+3700 at IoU 0.25: nan
2025-07-27 01:36:24,878 - DEBUG - Collected collision time for BConcave+EConcave+3700 at IoU 0.3: nan
2025-07-27 01:36:24,878 - DEBUG - Collected collision time for BConcave+EConcave+3700 at IoU 0.35: nan
2025-07-27 01:36:24,878 - DEBUG - Collected collision time for BConcave+EConcave+3700 at IoU 0.4: nan
2025-07-27 01:36:24,878 - DEBUG - Collected collision time for BConcave+EConcave+3700 at IoU 0.45: nan
2025-07-27 01:36:24,879 - DEBUG - Collected collision time for BConcave+EConcave+3700 at IoU 0.5: nan
2025-07-27 01:36:24,879 - DEBUG - Collected collision time for BConcave+EConcave+3700 at IoU 0.55: nan
2025-07-27 01:36:24,879 - DEBUG - Collected collision time for BConcave+EConcave+3700 at IoU 0.6: nan
2025-07-27 01:36:24,879 - DEBUG - Collected collision time for BConcave+EConcave+3700 at IoU 0.65: nan
2025-07-27 01:36:24,880 - DEBUG - Collected collision time for BConcave+EConcave+3700 at IoU 0.7: nan
2025-07-27 01:36:24,880 - DEBUG - Collected collision time for BConcave+EConcave+3700 at IoU 0.75: nan
2025-07-27 01:36:24,880 - DEBUG - Collected collision time for BConcave+EConcave+3700 at IoU 0.8: nan
2025-07-27 01:36:24,880 - DEBUG - Collected collision time for BConcave+EConcave+3700 at IoU 0.85: nan
2025-07-27 01:36:24,880 - DEBUG - Collected collision time for BConcave+EConcave+3700 at IoU 0.9: nan
2025-07-27 01:36:24,880 - DEBUG - Collected collision time for BConcave+EConcave+3700 at IoU 0.95: nan
2025-07-27 01:36:24,881 - DEBUG - Collected collision time for BConcave+EConcave+3900_flipped at IoU 0.05: 4166.666666666667
2025-07-27 01:36:24,881 - DEBUG - Collected collision time for BConcave+EConcave+3900_flipped at IoU 0.1: 4300.0
2025-07-27 01:36:24,881 - DEBUG - Collected collision time for BConcave+EConcave+3900_flipped at IoU 0.15: 4583.333333333333
2025-07-27 01:36:24,881 - DEBUG - Collected collision time for BConcave+EConcave+3900_flipped at IoU 0.2: nan
2025-07-27 01:36:24,882 - DEBUG - Collected collision time for BConcave+EConcave+3900_flipped at IoU 0.25: nan
2025-07-27 01:36:24,882 - DEBUG - Collected collision time for BConcave+EConcave+3900_flipped at IoU 0.3: nan
2025-07-27 01:36:24,882 - DEBUG - Collected collision time for BConcave+EConcave+3900_flipped at IoU 0.35: nan
2025-07-27 01:36:24,883 - DEBUG - Collected collision time for BConcave+EConcave+3900_flipped at IoU 0.4: nan
2025-07-27 01:36:24,883 - DEBUG - Collected collision time for BConcave+EConcave+3900_flipped at IoU 0.45: nan
2025-07-27 01:36:24,883 - DEBUG - Collected collision time for BConcave+EConcave+3900_flipped at IoU 0.5: nan
2025-07-27 01:36:24,883 - DEBUG - Collected collision time for BConcave+EConcave+3900_flipped at IoU 0.55: nan
2025-07-27 01:36:24,884 - DEBUG - Collected collision time for BConcave+EConcave+3900_flipped at IoU 0.6: nan
2025-07-27 01:36:24,884 - DEBUG - Collected collision time for BConcave+EConcave+3900_flipped at IoU 0.65: nan
2025-07-27 01:36:24,884 - DEBUG - Collected collision time for BConcave+EConcave+3900_flipped at IoU 0.7: nan
2025-07-27 01:36:24,884 - DEBUG - Collected collision time for BConcave+EConcave+3900_flipped at IoU 0.75: nan
2025-07-27 01:36:24,885 - DEBUG - Collected collision time for BConcave+EConcave+3900_flipped at IoU 0.8: nan
2025-07-27 01:36:24,885 - DEBUG - Collected collision time for BConcave+EConcave+3900_flipped at IoU 0.85: nan
2025-07-27 01:36:24,886 - DEBUG - Collected collision time for BConcave+EConcave+3900_flipped at IoU 0.9: nan
2025-07-27 01:36:24,886 - DEBUG - Collected collision time for BConcave+EConcave+3900_flipped at IoU 0.95: nan
2025-07-27 01:36:24,886 - DEBUG - Collected collision time for BConcave+EConcave+4100 at IoU 0.05: 4333.333333333333
2025-07-27 01:36:24,887 - DEBUG - Collected collision time for BConcave+EConcave+4100 at IoU 0.1: 4466.666666666667
2025-07-27 01:36:24,887 - DEBUG - Collected collision time for BConcave+EConcave+4100 at IoU 0.15: 4650.0
2025-07-27 01:36:24,887 - DEBUG - Collected collision time for BConcave+EConcave+4100 at IoU 0.2: nan
2025-07-27 01:36:24,888 - DEBUG - Collected collision time for BConcave+EConcave+4100 at IoU 0.25: nan
2025-07-27 01:36:24,888 - DEBUG - Collected collision time for BConcave+EConcave+4100 at IoU 0.3: nan
2025-07-27 01:36:24,889 - DEBUG - Collected collision time for BConcave+EConcave+4100 at IoU 0.35: nan
2025-07-27 01:36:24,889 - DEBUG - Collected collision time for BConcave+EConcave+4100 at IoU 0.4: nan
2025-07-27 01:36:24,889 - DEBUG - Collected collision time for BConcave+EConcave+4100 at IoU 0.45: nan
2025-07-27 01:36:24,890 - DEBUG - Collected collision time for BConcave+EConcave+4100 at IoU 0.5: nan
2025-07-27 01:36:24,890 - DEBUG - Collected collision time for BConcave+EConcave+4100 at IoU 0.55: nan
2025-07-27 01:36:24,890 - DEBUG - Collected collision time for BConcave+EConcave+4100 at IoU 0.6: nan
2025-07-27 01:36:24,891 - DEBUG - Collected collision time for BConcave+EConcave+4100 at IoU 0.65: nan
2025-07-27 01:36:24,891 - DEBUG - Collected collision time for BConcave+EConcave+4100 at IoU 0.7: nan
2025-07-27 01:36:24,891 - DEBUG - Collected collision time for BConcave+EConcave+4100 at IoU 0.75: nan
2025-07-27 01:36:24,892 - DEBUG - Collected collision time for BConcave+EConcave+4100 at IoU 0.8: nan
2025-07-27 01:36:24,892 - DEBUG - Collected collision time for BConcave+EConcave+4100 at IoU 0.85: nan
2025-07-27 01:36:24,892 - DEBUG - Collected collision time for BConcave+EConcave+4100 at IoU 0.9: nan
2025-07-27 01:36:24,893 - DEBUG - Collected collision time for BConcave+EConcave+4100 at IoU 0.95: nan
2025-07-27 01:36:24,893 - DEBUG - Collected collision time for BConcave+EConcave+4300_flipped at IoU 0.05: 4566.666666666666
2025-07-27 01:36:24,893 - DEBUG - Collected collision time for BConcave+EConcave+4300_flipped at IoU 0.1: 4683.333333333334
2025-07-27 01:36:24,893 - DEBUG - Collected collision time for BConcave+EConcave+4300_flipped at IoU 0.15: 4816.666666666666
2025-07-27 01:36:24,894 - DEBUG - Collected collision time for BConcave+EConcave+4300_flipped at IoU 0.2: nan
2025-07-27 01:36:24,894 - DEBUG - Collected collision time for BConcave+EConcave+4300_flipped at IoU 0.25: nan
2025-07-27 01:36:24,895 - DEBUG - Collected collision time for BConcave+EConcave+4300_flipped at IoU 0.3: nan
2025-07-27 01:36:24,895 - DEBUG - Collected collision time for BConcave+EConcave+4300_flipped at IoU 0.35: nan
2025-07-27 01:36:24,895 - DEBUG - Collected collision time for BConcave+EConcave+4300_flipped at IoU 0.4: nan
2025-07-27 01:36:24,896 - DEBUG - Collected collision time for BConcave+EConcave+4300_flipped at IoU 0.45: nan
2025-07-27 01:36:24,896 - DEBUG - Collected collision time for BConcave+EConcave+4300_flipped at IoU 0.5: nan
2025-07-27 01:36:24,897 - DEBUG - Collected collision time for BConcave+EConcave+4300_flipped at IoU 0.55: nan
2025-07-27 01:36:24,897 - DEBUG - Collected collision time for BConcave+EConcave+4300_flipped at IoU 0.6: nan
2025-07-27 01:36:24,897 - DEBUG - Collected collision time for BConcave+EConcave+4300_flipped at IoU 0.65: nan
2025-07-27 01:36:24,897 - DEBUG - Collected collision time for BConcave+EConcave+4300_flipped at IoU 0.7: nan
2025-07-27 01:36:24,898 - DEBUG - Collected collision time for BConcave+EConcave+4300_flipped at IoU 0.75: nan
2025-07-27 01:36:24,898 - DEBUG - Collected collision time for BConcave+EConcave+4300_flipped at IoU 0.8: nan
2025-07-27 01:36:24,899 - DEBUG - Collected collision time for BConcave+EConcave+4300_flipped at IoU 0.85: nan
2025-07-27 01:36:24,899 - DEBUG - Collected collision time for BConcave+EConcave+4300_flipped at IoU 0.9: nan
2025-07-27 01:36:24,900 - DEBUG - Collected collision time for BConcave+EConcave+4300_flipped at IoU 0.95: nan
2025-07-27 01:36:24,900 - DEBUG - Collected collision time for BConcave+EConcave+4500 at IoU 0.05: 4750.0
2025-07-27 01:36:24,900 - DEBUG - Collected collision time for BConcave+EConcave+4500 at IoU 0.1: 4883.333333333334
2025-07-27 01:36:24,901 - DEBUG - Collected collision time for BConcave+EConcave+4500 at IoU 0.15: 5216.666666666667
2025-07-27 01:36:24,901 - DEBUG - Collected collision time for BConcave+EConcave+4500 at IoU 0.2: nan
2025-07-27 01:36:24,901 - DEBUG - Collected collision time for BConcave+EConcave+4500 at IoU 0.25: nan
2025-07-27 01:36:24,902 - DEBUG - Collected collision time for BConcave+EConcave+4500 at IoU 0.3: nan
2025-07-27 01:36:24,902 - DEBUG - Collected collision time for BConcave+EConcave+4500 at IoU 0.35: nan
2025-07-27 01:36:24,903 - DEBUG - Collected collision time for BConcave+EConcave+4500 at IoU 0.4: nan
2025-07-27 01:36:24,903 - DEBUG - Collected collision time for BConcave+EConcave+4500 at IoU 0.45: nan
2025-07-27 01:36:24,903 - DEBUG - Collected collision time for BConcave+EConcave+4500 at IoU 0.5: nan
2025-07-27 01:36:24,904 - DEBUG - Collected collision time for BConcave+EConcave+4500 at IoU 0.55: nan
2025-07-27 01:36:24,904 - DEBUG - Collected collision time for BConcave+EConcave+4500 at IoU 0.6: nan
2025-07-27 01:36:24,904 - DEBUG - Collected collision time for BConcave+EConcave+4500 at IoU 0.65: nan
2025-07-27 01:36:24,904 - DEBUG - Collected collision time for BConcave+EConcave+4500 at IoU 0.7: nan
2025-07-27 01:36:24,905 - DEBUG - Collected collision time for BConcave+EConcave+4500 at IoU 0.75: nan
2025-07-27 01:36:24,905 - DEBUG - Collected collision time for BConcave+EConcave+4500 at IoU 0.8: nan
2025-07-27 01:36:24,906 - DEBUG - Collected collision time for BConcave+EConcave+4500 at IoU 0.85: nan
2025-07-27 01:36:24,906 - DEBUG - Collected collision time for BConcave+EConcave+4500 at IoU 0.9: nan
2025-07-27 01:36:24,907 - DEBUG - Collected collision time for BConcave+EConcave+4500 at IoU 0.95: nan
2025-07-27 01:36:24,907 - DEBUG - Collected collision time for BConcave+EConvex+3500 at IoU 0.05: 3750.0
2025-07-27 01:36:24,907 - DEBUG - Collected collision time for BConcave+EConvex+3500 at IoU 0.1: 3866.6666666666665
2025-07-27 01:36:24,908 - DEBUG - Collected collision time for BConcave+EConvex+3500 at IoU 0.15: 3966.666666666667
2025-07-27 01:36:24,908 - DEBUG - Collected collision time for BConcave+EConvex+3500 at IoU 0.2: 4066.6666666666665
2025-07-27 01:36:24,909 - DEBUG - Collected collision time for BConcave+EConvex+3500 at IoU 0.25: 4166.666666666667
2025-07-27 01:36:24,909 - DEBUG - Collected collision time for BConcave+EConvex+3500 at IoU 0.3: nan
2025-07-27 01:36:24,909 - DEBUG - Collected collision time for BConcave+EConvex+3500 at IoU 0.35: nan
2025-07-27 01:36:24,910 - DEBUG - Collected collision time for BConcave+EConvex+3500 at IoU 0.4: nan
2025-07-27 01:36:24,910 - DEBUG - Collected collision time for BConcave+EConvex+3500 at IoU 0.45: nan
2025-07-27 01:36:24,910 - DEBUG - Collected collision time for BConcave+EConvex+3500 at IoU 0.5: nan
2025-07-27 01:36:24,910 - DEBUG - Collected collision time for BConcave+EConvex+3500 at IoU 0.55: nan
2025-07-27 01:36:24,911 - DEBUG - Collected collision time for BConcave+EConvex+3500 at IoU 0.6: nan
2025-07-27 01:36:24,911 - DEBUG - Collected collision time for BConcave+EConvex+3500 at IoU 0.65: nan
2025-07-27 01:36:24,911 - DEBUG - Collected collision time for BConcave+EConvex+3500 at IoU 0.7: nan
2025-07-27 01:36:24,911 - DEBUG - Collected collision time for BConcave+EConvex+3500 at IoU 0.75: nan
2025-07-27 01:36:24,912 - DEBUG - Collected collision time for BConcave+EConvex+3500 at IoU 0.8: nan
2025-07-27 01:36:24,912 - DEBUG - Collected collision time for BConcave+EConvex+3500 at IoU 0.85: nan
2025-07-27 01:36:24,912 - DEBUG - Collected collision time for BConcave+EConvex+3500 at IoU 0.9: nan
2025-07-27 01:36:24,912 - DEBUG - Collected collision time for BConcave+EConvex+3500 at IoU 0.95: nan
2025-07-27 01:36:24,913 - DEBUG - Collected collision time for BConcave+EConvex+3700_flipped at IoU 0.05: 4033.333333333333
2025-07-27 01:36:24,913 - DEBUG - Collected collision time for BConcave+EConvex+3700_flipped at IoU 0.1: 4150.0
2025-07-27 01:36:24,914 - DEBUG - Collected collision time for BConcave+EConvex+3700_flipped at IoU 0.15: 4233.333333333333
2025-07-27 01:36:24,914 - DEBUG - Collected collision time for BConcave+EConvex+3700_flipped at IoU 0.2: 4300.0
2025-07-27 01:36:24,914 - DEBUG - Collected collision time for BConcave+EConvex+3700_flipped at IoU 0.25: 4416.666666666667
2025-07-27 01:36:24,915 - DEBUG - Collected collision time for BConcave+EConvex+3700_flipped at IoU 0.3: nan
2025-07-27 01:36:24,915 - DEBUG - Collected collision time for BConcave+EConvex+3700_flipped at IoU 0.35: nan
2025-07-27 01:36:24,915 - DEBUG - Collected collision time for BConcave+EConvex+3700_flipped at IoU 0.4: nan
2025-07-27 01:36:24,916 - DEBUG - Collected collision time for BConcave+EConvex+3700_flipped at IoU 0.45: nan
2025-07-27 01:36:24,916 - DEBUG - Collected collision time for BConcave+EConvex+3700_flipped at IoU 0.5: nan
2025-07-27 01:36:24,917 - DEBUG - Collected collision time for BConcave+EConvex+3700_flipped at IoU 0.55: nan
2025-07-27 01:36:24,917 - DEBUG - Collected collision time for BConcave+EConvex+3700_flipped at IoU 0.6: nan
2025-07-27 01:36:24,917 - DEBUG - Collected collision time for BConcave+EConvex+3700_flipped at IoU 0.65: nan
2025-07-27 01:36:24,917 - DEBUG - Collected collision time for BConcave+EConvex+3700_flipped at IoU 0.7: nan
2025-07-27 01:36:24,918 - DEBUG - Collected collision time for BConcave+EConvex+3700_flipped at IoU 0.75: nan
2025-07-27 01:36:24,918 - DEBUG - Collected collision time for BConcave+EConvex+3700_flipped at IoU 0.8: nan
2025-07-27 01:36:24,918 - DEBUG - Collected collision time for BConcave+EConvex+3700_flipped at IoU 0.85: nan
2025-07-27 01:36:24,919 - DEBUG - Collected collision time for BConcave+EConvex+3700_flipped at IoU 0.9: nan
2025-07-27 01:36:24,919 - DEBUG - Collected collision time for BConcave+EConvex+3700_flipped at IoU 0.95: nan
2025-07-27 01:36:24,919 - DEBUG - Collected collision time for BConcave+EConvex+3900 at IoU 0.05: 4150.0
2025-07-27 01:36:24,919 - DEBUG - Collected collision time for BConcave+EConvex+3900 at IoU 0.1: 4266.666666666667
2025-07-27 01:36:24,920 - DEBUG - Collected collision time for BConcave+EConvex+3900 at IoU 0.15: 4366.666666666666
2025-07-27 01:36:24,920 - DEBUG - Collected collision time for BConcave+EConvex+3900 at IoU 0.2: 4450.0
2025-07-27 01:36:24,921 - DEBUG - Collected collision time for BConcave+EConvex+3900 at IoU 0.25: 4550.0
2025-07-27 01:36:24,921 - DEBUG - Collected collision time for BConcave+EConvex+3900 at IoU 0.3: nan
2025-07-27 01:36:24,921 - DEBUG - Collected collision time for BConcave+EConvex+3900 at IoU 0.35: nan
2025-07-27 01:36:24,922 - DEBUG - Collected collision time for BConcave+EConvex+3900 at IoU 0.4: nan
2025-07-27 01:36:24,922 - DEBUG - Collected collision time for BConcave+EConvex+3900 at IoU 0.45: nan
2025-07-27 01:36:24,922 - DEBUG - Collected collision time for BConcave+EConvex+3900 at IoU 0.5: nan
2025-07-27 01:36:24,922 - DEBUG - Collected collision time for BConcave+EConvex+3900 at IoU 0.55: nan
2025-07-27 01:36:24,923 - DEBUG - Collected collision time for BConcave+EConvex+3900 at IoU 0.6: nan
2025-07-27 01:36:24,923 - DEBUG - Collected collision time for BConcave+EConvex+3900 at IoU 0.65: nan
2025-07-27 01:36:24,923 - DEBUG - Collected collision time for BConcave+EConvex+3900 at IoU 0.7: nan
2025-07-27 01:36:24,923 - DEBUG - Collected collision time for BConcave+EConvex+3900 at IoU 0.75: nan
2025-07-27 01:36:24,924 - DEBUG - Collected collision time for BConcave+EConvex+3900 at IoU 0.8: nan
2025-07-27 01:36:24,924 - DEBUG - Collected collision time for BConcave+EConvex+3900 at IoU 0.85: nan
2025-07-27 01:36:24,924 - DEBUG - Collected collision time for BConcave+EConvex+3900 at IoU 0.9: nan
2025-07-27 01:36:24,925 - DEBUG - Collected collision time for BConcave+EConvex+3900 at IoU 0.95: nan
2025-07-27 01:36:24,925 - DEBUG - Collected collision time for BConcave+EConvex+4100_flipped at IoU 0.05: 4400.0
2025-07-27 01:36:24,925 - DEBUG - Collected collision time for BConcave+EConvex+4100_flipped at IoU 0.1: 4500.0
2025-07-27 01:36:24,926 - DEBUG - Collected collision time for BConcave+EConvex+4100_flipped at IoU 0.15: 4600.0
2025-07-27 01:36:24,926 - DEBUG - Collected collision time for BConcave+EConvex+4100_flipped at IoU 0.2: 4700.0
2025-07-27 01:36:24,926 - DEBUG - Collected collision time for BConcave+EConvex+4100_flipped at IoU 0.25: 4800.0
2025-07-27 01:36:24,926 - DEBUG - Collected collision time for BConcave+EConvex+4100_flipped at IoU 0.3: nan
2025-07-27 01:36:24,927 - DEBUG - Collected collision time for BConcave+EConvex+4100_flipped at IoU 0.35: nan
2025-07-27 01:36:24,927 - DEBUG - Collected collision time for BConcave+EConvex+4100_flipped at IoU 0.4: nan
2025-07-27 01:36:24,927 - DEBUG - Collected collision time for BConcave+EConvex+4100_flipped at IoU 0.45: nan
2025-07-27 01:36:24,927 - DEBUG - Collected collision time for BConcave+EConvex+4100_flipped at IoU 0.5: nan
2025-07-27 01:36:24,928 - DEBUG - Collected collision time for BConcave+EConvex+4100_flipped at IoU 0.55: nan
2025-07-27 01:36:24,928 - DEBUG - Collected collision time for BConcave+EConvex+4100_flipped at IoU 0.6: nan
2025-07-27 01:36:24,929 - DEBUG - Collected collision time for BConcave+EConvex+4100_flipped at IoU 0.65: nan
2025-07-27 01:36:24,929 - DEBUG - Collected collision time for BConcave+EConvex+4100_flipped at IoU 0.7: nan
2025-07-27 01:36:24,929 - DEBUG - Collected collision time for BConcave+EConvex+4100_flipped at IoU 0.75: nan
2025-07-27 01:36:24,930 - DEBUG - Collected collision time for BConcave+EConvex+4100_flipped at IoU 0.8: nan
2025-07-27 01:36:24,930 - DEBUG - Collected collision time for BConcave+EConvex+4100_flipped at IoU 0.85: nan
2025-07-27 01:36:24,930 - DEBUG - Collected collision time for BConcave+EConvex+4100_flipped at IoU 0.9: nan
2025-07-27 01:36:24,930 - DEBUG - Collected collision time for BConcave+EConvex+4100_flipped at IoU 0.95: nan
2025-07-27 01:36:24,931 - DEBUG - Collected collision time for BConcave+EConvex+4300 at IoU 0.05: 4683.333333333334
2025-07-27 01:36:24,931 - DEBUG - Collected collision time for BConcave+EConvex+4300 at IoU 0.1: 4783.333333333333
2025-07-27 01:36:24,931 - DEBUG - Collected collision time for BConcave+EConvex+4300 at IoU 0.15: 4883.333333333334
2025-07-27 01:36:24,931 - DEBUG - Collected collision time for BConcave+EConvex+4300 at IoU 0.2: 5016.666666666667
2025-07-27 01:36:24,932 - DEBUG - Collected collision time for BConcave+EConvex+4300 at IoU 0.25: nan
2025-07-27 01:36:24,932 - DEBUG - Collected collision time for BConcave+EConvex+4300 at IoU 0.3: nan
2025-07-27 01:36:24,932 - DEBUG - Collected collision time for BConcave+EConvex+4300 at IoU 0.35: nan
2025-07-27 01:36:24,932 - DEBUG - Collected collision time for BConcave+EConvex+4300 at IoU 0.4: nan
2025-07-27 01:36:24,933 - DEBUG - Collected collision time for BConcave+EConvex+4300 at IoU 0.45: nan
2025-07-27 01:36:24,933 - DEBUG - Collected collision time for BConcave+EConvex+4300 at IoU 0.5: nan
2025-07-27 01:36:24,934 - DEBUG - Collected collision time for BConcave+EConvex+4300 at IoU 0.55: nan
2025-07-27 01:36:24,934 - DEBUG - Collected collision time for BConcave+EConvex+4300 at IoU 0.6: nan
2025-07-27 01:36:24,934 - DEBUG - Collected collision time for BConcave+EConvex+4300 at IoU 0.65: nan
2025-07-27 01:36:24,935 - DEBUG - Collected collision time for BConcave+EConvex+4300 at IoU 0.7: nan
2025-07-27 01:36:24,935 - DEBUG - Collected collision time for BConcave+EConvex+4300 at IoU 0.75: nan
2025-07-27 01:36:24,935 - DEBUG - Collected collision time for BConcave+EConvex+4300 at IoU 0.8: nan
2025-07-27 01:36:24,936 - DEBUG - Collected collision time for BConcave+EConvex+4300 at IoU 0.85: nan
2025-07-27 01:36:24,936 - DEBUG - Collected collision time for BConcave+EConvex+4300 at IoU 0.9: nan
2025-07-27 01:36:24,936 - DEBUG - Collected collision time for BConcave+EConvex+4300 at IoU 0.95: nan
2025-07-27 01:36:24,937 - DEBUG - Collected collision time for BConcave+EConvex+4500_flipped at IoU 0.05: 4816.666666666666
2025-07-27 01:36:24,937 - DEBUG - Collected collision time for BConcave+EConvex+4500_flipped at IoU 0.1: 4933.333333333334
2025-07-27 01:36:24,937 - DEBUG - Collected collision time for BConcave+EConvex+4500_flipped at IoU 0.15: 5000.0
2025-07-27 01:36:24,938 - DEBUG - Collected collision time for BConcave+EConvex+4500_flipped at IoU 0.2: 5083.333333333333
2025-07-27 01:36:24,938 - DEBUG - Collected collision time for BConcave+EConvex+4500_flipped at IoU 0.25: 5166.666666666667
2025-07-27 01:36:24,938 - DEBUG - Collected collision time for BConcave+EConvex+4500_flipped at IoU 0.3: nan
2025-07-27 01:36:24,938 - DEBUG - Collected collision time for BConcave+EConvex+4500_flipped at IoU 0.35: nan
2025-07-27 01:36:24,939 - DEBUG - Collected collision time for BConcave+EConvex+4500_flipped at IoU 0.4: nan
2025-07-27 01:36:24,939 - DEBUG - Collected collision time for BConcave+EConvex+4500_flipped at IoU 0.45: nan
2025-07-27 01:36:24,939 - DEBUG - Collected collision time for BConcave+EConvex+4500_flipped at IoU 0.5: nan
2025-07-27 01:36:24,939 - DEBUG - Collected collision time for BConcave+EConvex+4500_flipped at IoU 0.55: nan
2025-07-27 01:36:24,940 - DEBUG - Collected collision time for BConcave+EConvex+4500_flipped at IoU 0.6: nan
2025-07-27 01:36:24,940 - DEBUG - Collected collision time for BConcave+EConvex+4500_flipped at IoU 0.65: nan
2025-07-27 01:36:24,941 - DEBUG - Collected collision time for BConcave+EConvex+4500_flipped at IoU 0.7: nan
2025-07-27 01:36:24,941 - DEBUG - Collected collision time for BConcave+EConvex+4500_flipped at IoU 0.75: nan
2025-07-27 01:36:24,941 - DEBUG - Collected collision time for BConcave+EConvex+4500_flipped at IoU 0.8: nan
2025-07-27 01:36:24,942 - DEBUG - Collected collision time for BConcave+EConvex+4500_flipped at IoU 0.85: nan
2025-07-27 01:36:24,942 - DEBUG - Collected collision time for BConcave+EConvex+4500_flipped at IoU 0.9: nan
2025-07-27 01:36:24,942 - DEBUG - Collected collision time for BConcave+EConvex+4500_flipped at IoU 0.95: nan
2025-07-27 01:36:24,942 - DEBUG - Collected collision time for BConcave+FConcave+3500_flipped at IoU 0.05: 3833.3333333333335
2025-07-27 01:36:24,943 - DEBUG - Collected collision time for BConcave+FConcave+3500_flipped at IoU 0.1: 4000.0
2025-07-27 01:36:24,943 - DEBUG - Collected collision time for BConcave+FConcave+3500_flipped at IoU 0.15: 4100.0
2025-07-27 01:36:24,943 - DEBUG - Collected collision time for BConcave+FConcave+3500_flipped at IoU 0.2: 4183.333333333334
2025-07-27 01:36:24,943 - DEBUG - Collected collision time for BConcave+FConcave+3500_flipped at IoU 0.25: 4316.666666666666
2025-07-27 01:36:24,944 - DEBUG - Collected collision time for BConcave+FConcave+3500_flipped at IoU 0.3: 4466.666666666667
2025-07-27 01:36:24,944 - DEBUG - Collected collision time for BConcave+FConcave+3500_flipped at IoU 0.35: nan
2025-07-27 01:36:24,944 - DEBUG - Collected collision time for BConcave+FConcave+3500_flipped at IoU 0.4: nan
2025-07-27 01:36:24,945 - DEBUG - Collected collision time for BConcave+FConcave+3500_flipped at IoU 0.45: nan
2025-07-27 01:36:24,945 - DEBUG - Collected collision time for BConcave+FConcave+3500_flipped at IoU 0.5: nan
2025-07-27 01:36:24,945 - DEBUG - Collected collision time for BConcave+FConcave+3500_flipped at IoU 0.55: nan
2025-07-27 01:36:24,945 - DEBUG - Collected collision time for BConcave+FConcave+3500_flipped at IoU 0.6: nan
2025-07-27 01:36:24,946 - DEBUG - Collected collision time for BConcave+FConcave+3500_flipped at IoU 0.65: nan
2025-07-27 01:36:24,946 - DEBUG - Collected collision time for BConcave+FConcave+3500_flipped at IoU 0.7: nan
2025-07-27 01:36:24,946 - DEBUG - Collected collision time for BConcave+FConcave+3500_flipped at IoU 0.75: nan
2025-07-27 01:36:24,946 - DEBUG - Collected collision time for BConcave+FConcave+3500_flipped at IoU 0.8: nan
2025-07-27 01:36:24,947 - DEBUG - Collected collision time for BConcave+FConcave+3500_flipped at IoU 0.85: nan
2025-07-27 01:36:24,947 - DEBUG - Collected collision time for BConcave+FConcave+3500_flipped at IoU 0.9: nan
2025-07-27 01:36:24,947 - DEBUG - Collected collision time for BConcave+FConcave+3500_flipped at IoU 0.95: nan
2025-07-27 01:36:24,947 - DEBUG - Collected collision time for BConcave+FConcave+3700 at IoU 0.05: 4000.0
2025-07-27 01:36:24,948 - DEBUG - Collected collision time for BConcave+FConcave+3700 at IoU 0.1: 4150.0
2025-07-27 01:36:24,948 - DEBUG - Collected collision time for BConcave+FConcave+3700 at IoU 0.15: 4250.0
2025-07-27 01:36:24,949 - DEBUG - Collected collision time for BConcave+FConcave+3700 at IoU 0.2: 4350.0
2025-07-27 01:36:24,949 - DEBUG - Collected collision time for BConcave+FConcave+3700 at IoU 0.25: 4433.333333333334
2025-07-27 01:36:24,950 - DEBUG - Collected collision time for BConcave+FConcave+3700 at IoU 0.3: 4533.333333333333
2025-07-27 01:36:24,950 - DEBUG - Collected collision time for BConcave+FConcave+3700 at IoU 0.35: 4650.0
2025-07-27 01:36:24,950 - DEBUG - Collected collision time for BConcave+FConcave+3700 at IoU 0.4: 4750.0
2025-07-27 01:36:24,950 - DEBUG - Collected collision time for BConcave+FConcave+3700 at IoU 0.45: nan
2025-07-27 01:36:24,951 - DEBUG - Collected collision time for BConcave+FConcave+3700 at IoU 0.5: nan
2025-07-27 01:36:24,951 - DEBUG - Collected collision time for BConcave+FConcave+3700 at IoU 0.55: nan
2025-07-27 01:36:24,951 - DEBUG - Collected collision time for BConcave+FConcave+3700 at IoU 0.6: nan
2025-07-27 01:36:24,952 - DEBUG - Collected collision time for BConcave+FConcave+3700 at IoU 0.65: nan
2025-07-27 01:36:24,952 - DEBUG - Collected collision time for BConcave+FConcave+3700 at IoU 0.7: nan
2025-07-27 01:36:24,953 - DEBUG - Collected collision time for BConcave+FConcave+3700 at IoU 0.75: nan
2025-07-27 01:36:24,953 - DEBUG - Collected collision time for BConcave+FConcave+3700 at IoU 0.8: nan
2025-07-27 01:36:24,953 - DEBUG - Collected collision time for BConcave+FConcave+3700 at IoU 0.85: nan
2025-07-27 01:36:24,954 - DEBUG - Collected collision time for BConcave+FConcave+3700 at IoU 0.9: nan
2025-07-27 01:36:24,954 - DEBUG - Collected collision time for BConcave+FConcave+3700 at IoU 0.95: nan
2025-07-27 01:36:24,954 - DEBUG - Collected collision time for BConcave+FConcave+3900_flipped at IoU 0.05: 4150.0
2025-07-27 01:36:24,955 - DEBUG - Collected collision time for BConcave+FConcave+3900_flipped at IoU 0.1: 4533.333333333333
2025-07-27 01:36:24,955 - DEBUG - Collected collision time for BConcave+FConcave+3900_flipped at IoU 0.15: 4800.0
2025-07-27 01:36:24,955 - DEBUG - Collected collision time for BConcave+FConcave+3900_flipped at IoU 0.2: 4950.0
2025-07-27 01:36:24,955 - DEBUG - Collected collision time for BConcave+FConcave+3900_flipped at IoU 0.25: 5033.333333333333
2025-07-27 01:36:24,956 - DEBUG - Collected collision time for BConcave+FConcave+3900_flipped at IoU 0.3: nan
2025-07-27 01:36:24,956 - DEBUG - Collected collision time for BConcave+FConcave+3900_flipped at IoU 0.35: nan
2025-07-27 01:36:24,956 - DEBUG - Collected collision time for BConcave+FConcave+3900_flipped at IoU 0.4: nan
2025-07-27 01:36:24,957 - DEBUG - Collected collision time for BConcave+FConcave+3900_flipped at IoU 0.45: nan
2025-07-27 01:36:24,957 - DEBUG - Collected collision time for BConcave+FConcave+3900_flipped at IoU 0.5: nan
2025-07-27 01:36:24,957 - DEBUG - Collected collision time for BConcave+FConcave+3900_flipped at IoU 0.55: nan
2025-07-27 01:36:24,958 - DEBUG - Collected collision time for BConcave+FConcave+3900_flipped at IoU 0.6: nan
2025-07-27 01:36:24,958 - DEBUG - Collected collision time for BConcave+FConcave+3900_flipped at IoU 0.65: nan
2025-07-27 01:36:24,958 - DEBUG - Collected collision time for BConcave+FConcave+3900_flipped at IoU 0.7: nan
2025-07-27 01:36:24,958 - DEBUG - Collected collision time for BConcave+FConcave+3900_flipped at IoU 0.75: nan
2025-07-27 01:36:24,959 - DEBUG - Collected collision time for BConcave+FConcave+3900_flipped at IoU 0.8: nan
2025-07-27 01:36:24,959 - DEBUG - Collected collision time for BConcave+FConcave+3900_flipped at IoU 0.85: nan
2025-07-27 01:36:24,959 - DEBUG - Collected collision time for BConcave+FConcave+3900_flipped at IoU 0.9: nan
2025-07-27 01:36:24,960 - DEBUG - Collected collision time for BConcave+FConcave+3900_flipped at IoU 0.95: nan
2025-07-27 01:36:24,960 - DEBUG - Collected collision time for BConcave+FConcave+4100 at IoU 0.05: 4550.0
2025-07-27 01:36:24,960 - DEBUG - Collected collision time for BConcave+FConcave+4100 at IoU 0.1: 4633.333333333334
2025-07-27 01:36:24,960 - DEBUG - Collected collision time for BConcave+FConcave+4100 at IoU 0.15: 4733.333333333333
2025-07-27 01:36:24,961 - DEBUG - Collected collision time for BConcave+FConcave+4100 at IoU 0.2: 4883.333333333334
2025-07-27 01:36:24,961 - DEBUG - Collected collision time for BConcave+FConcave+4100 at IoU 0.25: 5000.0
2025-07-27 01:36:24,961 - DEBUG - Collected collision time for BConcave+FConcave+4100 at IoU 0.3: nan
2025-07-27 01:36:24,962 - DEBUG - Collected collision time for BConcave+FConcave+4100 at IoU 0.35: nan
2025-07-27 01:36:24,962 - DEBUG - Collected collision time for BConcave+FConcave+4100 at IoU 0.4: nan
2025-07-27 01:36:24,963 - DEBUG - Collected collision time for BConcave+FConcave+4100 at IoU 0.45: nan
2025-07-27 01:36:24,963 - DEBUG - Collected collision time for BConcave+FConcave+4100 at IoU 0.5: nan
2025-07-27 01:36:24,964 - DEBUG - Collected collision time for BConcave+FConcave+4100 at IoU 0.55: nan
2025-07-27 01:36:24,964 - DEBUG - Collected collision time for BConcave+FConcave+4100 at IoU 0.6: nan
2025-07-27 01:36:24,964 - DEBUG - Collected collision time for BConcave+FConcave+4100 at IoU 0.65: nan
2025-07-27 01:36:24,965 - DEBUG - Collected collision time for BConcave+FConcave+4100 at IoU 0.7: nan
2025-07-27 01:36:24,965 - DEBUG - Collected collision time for BConcave+FConcave+4100 at IoU 0.75: nan
2025-07-27 01:36:24,965 - DEBUG - Collected collision time for BConcave+FConcave+4100 at IoU 0.8: nan
2025-07-27 01:36:24,966 - DEBUG - Collected collision time for BConcave+FConcave+4100 at IoU 0.85: nan
2025-07-27 01:36:24,966 - DEBUG - Collected collision time for BConcave+FConcave+4100 at IoU 0.9: nan
2025-07-27 01:36:24,966 - DEBUG - Collected collision time for BConcave+FConcave+4100 at IoU 0.95: nan
2025-07-27 01:36:24,967 - DEBUG - Collected collision time for BConcave+FConcave+4300_flipped at IoU 0.05: 4500.0
2025-07-27 01:36:24,967 - DEBUG - Collected collision time for BConcave+FConcave+4300_flipped at IoU 0.1: 4916.666666666667
2025-07-27 01:36:24,968 - DEBUG - Collected collision time for BConcave+FConcave+4300_flipped at IoU 0.15: 5250.0
2025-07-27 01:36:24,968 - DEBUG - Collected collision time for BConcave+FConcave+4300_flipped at IoU 0.2: 5400.0
2025-07-27 01:36:24,969 - DEBUG - Collected collision time for BConcave+FConcave+4300_flipped at IoU 0.25: nan
2025-07-27 01:36:24,969 - DEBUG - Collected collision time for BConcave+FConcave+4300_flipped at IoU 0.3: nan
2025-07-27 01:36:24,969 - DEBUG - Collected collision time for BConcave+FConcave+4300_flipped at IoU 0.35: nan
2025-07-27 01:36:24,970 - DEBUG - Collected collision time for BConcave+FConcave+4300_flipped at IoU 0.4: nan
2025-07-27 01:36:24,970 - DEBUG - Collected collision time for BConcave+FConcave+4300_flipped at IoU 0.45: nan
2025-07-27 01:36:24,970 - DEBUG - Collected collision time for BConcave+FConcave+4300_flipped at IoU 0.5: nan
2025-07-27 01:36:24,971 - DEBUG - Collected collision time for BConcave+FConcave+4300_flipped at IoU 0.55: nan
2025-07-27 01:36:24,971 - DEBUG - Collected collision time for BConcave+FConcave+4300_flipped at IoU 0.6: nan
2025-07-27 01:36:24,971 - DEBUG - Collected collision time for BConcave+FConcave+4300_flipped at IoU 0.65: nan
2025-07-27 01:36:24,971 - DEBUG - Collected collision time for BConcave+FConcave+4300_flipped at IoU 0.7: nan
2025-07-27 01:36:24,972 - DEBUG - Collected collision time for BConcave+FConcave+4300_flipped at IoU 0.75: nan
2025-07-27 01:36:24,972 - DEBUG - Collected collision time for BConcave+FConcave+4300_flipped at IoU 0.8: nan
2025-07-27 01:36:24,972 - DEBUG - Collected collision time for BConcave+FConcave+4300_flipped at IoU 0.85: nan
2025-07-27 01:36:24,973 - DEBUG - Collected collision time for BConcave+FConcave+4300_flipped at IoU 0.9: nan
2025-07-27 01:36:24,973 - DEBUG - Collected collision time for BConcave+FConcave+4300_flipped at IoU 0.95: nan
2025-07-27 01:36:24,973 - DEBUG - Collected collision time for BConcave+FConcave+4500 at IoU 0.05: 4800.0
2025-07-27 01:36:24,973 - DEBUG - Collected collision time for BConcave+FConcave+4500 at IoU 0.1: 4933.333333333334
2025-07-27 01:36:24,974 - DEBUG - Collected collision time for BConcave+FConcave+4500 at IoU 0.15: 5050.0
2025-07-27 01:36:24,974 - DEBUG - Collected collision time for BConcave+FConcave+4500 at IoU 0.2: 5133.333333333334
2025-07-27 01:36:24,975 - DEBUG - Collected collision time for BConcave+FConcave+4500 at IoU 0.25: 5233.333333333333
2025-07-27 01:36:24,975 - DEBUG - Collected collision time for BConcave+FConcave+4500 at IoU 0.3: 5316.666666666666
2025-07-27 01:36:24,975 - DEBUG - Collected collision time for BConcave+FConcave+4500 at IoU 0.35: 5416.666666666667
2025-07-27 01:36:24,976 - DEBUG - Collected collision time for BConcave+FConcave+4500 at IoU 0.4: nan
2025-07-27 01:36:24,976 - DEBUG - Collected collision time for BConcave+FConcave+4500 at IoU 0.45: nan
2025-07-27 01:36:24,976 - DEBUG - Collected collision time for BConcave+FConcave+4500 at IoU 0.5: nan
2025-07-27 01:36:24,976 - DEBUG - Collected collision time for BConcave+FConcave+4500 at IoU 0.55: nan
2025-07-27 01:36:24,977 - DEBUG - Collected collision time for BConcave+FConcave+4500 at IoU 0.6: nan
2025-07-27 01:36:24,977 - DEBUG - Collected collision time for BConcave+FConcave+4500 at IoU 0.65: nan
2025-07-27 01:36:24,977 - DEBUG - Collected collision time for BConcave+FConcave+4500 at IoU 0.7: nan
2025-07-27 01:36:24,977 - DEBUG - Collected collision time for BConcave+FConcave+4500 at IoU 0.75: nan
2025-07-27 01:36:24,978 - DEBUG - Collected collision time for BConcave+FConcave+4500 at IoU 0.8: nan
2025-07-27 01:36:24,978 - DEBUG - Collected collision time for BConcave+FConcave+4500 at IoU 0.85: nan
2025-07-27 01:36:24,978 - DEBUG - Collected collision time for BConcave+FConcave+4500 at IoU 0.9: nan
2025-07-27 01:36:24,978 - DEBUG - Collected collision time for BConcave+FConcave+4500 at IoU 0.95: nan
2025-07-27 01:36:24,979 - DEBUG - Collected collision time for BConcave+FConvex+3500 at IoU 0.05: 3883.3333333333335
2025-07-27 01:36:24,979 - DEBUG - Collected collision time for BConcave+FConvex+3500 at IoU 0.1: 4133.333333333334
2025-07-27 01:36:24,980 - DEBUG - Collected collision time for BConcave+FConvex+3500 at IoU 0.15: 4516.666666666667
2025-07-27 01:36:24,980 - DEBUG - Collected collision time for BConcave+FConvex+3500 at IoU 0.2: nan
2025-07-27 01:36:24,980 - DEBUG - Collected collision time for BConcave+FConvex+3500 at IoU 0.25: nan
2025-07-27 01:36:24,980 - DEBUG - Collected collision time for BConcave+FConvex+3500 at IoU 0.3: nan
2025-07-27 01:36:24,981 - DEBUG - Collected collision time for BConcave+FConvex+3500 at IoU 0.35: nan
2025-07-27 01:36:24,981 - DEBUG - Collected collision time for BConcave+FConvex+3500 at IoU 0.4: nan
2025-07-27 01:36:24,981 - DEBUG - Collected collision time for BConcave+FConvex+3500 at IoU 0.45: nan
2025-07-27 01:36:24,982 - DEBUG - Collected collision time for BConcave+FConvex+3500 at IoU 0.5: nan
2025-07-27 01:36:24,982 - DEBUG - Collected collision time for BConcave+FConvex+3500 at IoU 0.55: nan
2025-07-27 01:36:24,982 - DEBUG - Collected collision time for BConcave+FConvex+3500 at IoU 0.6: nan
2025-07-27 01:36:24,983 - DEBUG - Collected collision time for BConcave+FConvex+3500 at IoU 0.65: nan
2025-07-27 01:36:24,983 - DEBUG - Collected collision time for BConcave+FConvex+3500 at IoU 0.7: nan
2025-07-27 01:36:24,983 - DEBUG - Collected collision time for BConcave+FConvex+3500 at IoU 0.75: nan
2025-07-27 01:36:24,984 - DEBUG - Collected collision time for BConcave+FConvex+3500 at IoU 0.8: nan
2025-07-27 01:36:24,984 - DEBUG - Collected collision time for BConcave+FConvex+3500 at IoU 0.85: nan
2025-07-27 01:36:24,984 - DEBUG - Collected collision time for BConcave+FConvex+3500 at IoU 0.9: nan
2025-07-27 01:36:24,984 - DEBUG - Collected collision time for BConcave+FConvex+3500 at IoU 0.95: nan
2025-07-27 01:36:24,985 - DEBUG - Collected collision time for BConcave+FConvex+3700_flipped at IoU 0.05: 4166.666666666667
2025-07-27 01:36:24,985 - DEBUG - Collected collision time for BConcave+FConvex+3700_flipped at IoU 0.1: 4300.0
2025-07-27 01:36:24,986 - DEBUG - Collected collision time for BConcave+FConvex+3700_flipped at IoU 0.15: 4416.666666666667
2025-07-27 01:36:24,986 - DEBUG - Collected collision time for BConcave+FConvex+3700_flipped at IoU 0.2: 4533.333333333333
2025-07-27 01:36:24,986 - DEBUG - Collected collision time for BConcave+FConvex+3700_flipped at IoU 0.25: 4633.333333333334
2025-07-27 01:36:24,987 - DEBUG - Collected collision time for BConcave+FConvex+3700_flipped at IoU 0.3: 4733.333333333333
2025-07-27 01:36:24,987 - DEBUG - Collected collision time for BConcave+FConvex+3700_flipped at IoU 0.35: 4866.666666666666
2025-07-27 01:36:24,988 - DEBUG - Collected collision time for BConcave+FConvex+3700_flipped at IoU 0.4: nan
2025-07-27 01:36:24,988 - DEBUG - Collected collision time for BConcave+FConvex+3700_flipped at IoU 0.45: nan
2025-07-27 01:36:24,988 - DEBUG - Collected collision time for BConcave+FConvex+3700_flipped at IoU 0.5: nan
2025-07-27 01:36:24,988 - DEBUG - Collected collision time for BConcave+FConvex+3700_flipped at IoU 0.55: nan
2025-07-27 01:36:24,989 - DEBUG - Collected collision time for BConcave+FConvex+3700_flipped at IoU 0.6: nan
2025-07-27 01:36:24,989 - DEBUG - Collected collision time for BConcave+FConvex+3700_flipped at IoU 0.65: nan
2025-07-27 01:36:24,989 - DEBUG - Collected collision time for BConcave+FConvex+3700_flipped at IoU 0.7: nan
2025-07-27 01:36:24,989 - DEBUG - Collected collision time for BConcave+FConvex+3700_flipped at IoU 0.75: nan
2025-07-27 01:36:24,990 - DEBUG - Collected collision time for BConcave+FConvex+3700_flipped at IoU 0.8: nan
2025-07-27 01:36:24,990 - DEBUG - Collected collision time for BConcave+FConvex+3700_flipped at IoU 0.85: nan
2025-07-27 01:36:24,990 - DEBUG - Collected collision time for BConcave+FConvex+3700_flipped at IoU 0.9: nan
2025-07-27 01:36:24,990 - DEBUG - Collected collision time for BConcave+FConvex+3700_flipped at IoU 0.95: nan
2025-07-27 01:36:24,991 - DEBUG - Collected collision time for BConcave+FConvex+3900 at IoU 0.05: 4633.333333333334
2025-07-27 01:36:24,991 - DEBUG - Collected collision time for BConcave+FConvex+3900 at IoU 0.1: 4866.666666666666
2025-07-27 01:36:24,991 - DEBUG - Collected collision time for BConcave+FConvex+3900 at IoU 0.15: nan
2025-07-27 01:36:24,992 - DEBUG - Collected collision time for BConcave+FConvex+3900 at IoU 0.2: nan
2025-07-27 01:36:24,992 - DEBUG - Collected collision time for BConcave+FConvex+3900 at IoU 0.25: nan
2025-07-27 01:36:24,993 - DEBUG - Collected collision time for BConcave+FConvex+3900 at IoU 0.3: nan
2025-07-27 01:36:24,993 - DEBUG - Collected collision time for BConcave+FConvex+3900 at IoU 0.35: nan
2025-07-27 01:36:24,993 - DEBUG - Collected collision time for BConcave+FConvex+3900 at IoU 0.4: nan
2025-07-27 01:36:24,994 - DEBUG - Collected collision time for BConcave+FConvex+3900 at IoU 0.45: nan
2025-07-27 01:36:24,994 - DEBUG - Collected collision time for BConcave+FConvex+3900 at IoU 0.5: nan
2025-07-27 01:36:24,994 - DEBUG - Collected collision time for BConcave+FConvex+3900 at IoU 0.55: nan
2025-07-27 01:36:24,995 - DEBUG - Collected collision time for BConcave+FConvex+3900 at IoU 0.6: nan
2025-07-27 01:36:24,995 - DEBUG - Collected collision time for BConcave+FConvex+3900 at IoU 0.65: nan
2025-07-27 01:36:24,995 - DEBUG - Collected collision time for BConcave+FConvex+3900 at IoU 0.7: nan
2025-07-27 01:36:24,996 - DEBUG - Collected collision time for BConcave+FConvex+3900 at IoU 0.75: nan
2025-07-27 01:36:24,996 - DEBUG - Collected collision time for BConcave+FConvex+3900 at IoU 0.8: nan
2025-07-27 01:36:24,996 - DEBUG - Collected collision time for BConcave+FConvex+3900 at IoU 0.85: nan
2025-07-27 01:36:24,997 - DEBUG - Collected collision time for BConcave+FConvex+3900 at IoU 0.9: nan
2025-07-27 01:36:24,997 - DEBUG - Collected collision time for BConcave+FConvex+3900 at IoU 0.95: nan
2025-07-27 01:36:24,997 - DEBUG - Collected collision time for BConcave+FConvex+4100_flipped at IoU 0.05: 4566.666666666666
2025-07-27 01:36:24,997 - DEBUG - Collected collision time for BConcave+FConvex+4100_flipped at IoU 0.1: 4716.666666666667
2025-07-27 01:36:24,998 - DEBUG - Collected collision time for BConcave+FConvex+4100_flipped at IoU 0.15: 4833.333333333333
2025-07-27 01:36:24,998 - DEBUG - Collected collision time for BConcave+FConvex+4100_flipped at IoU 0.2: 4983.333333333333
2025-07-27 01:36:24,998 - DEBUG - Collected collision time for BConcave+FConvex+4100_flipped at IoU 0.25: 5116.666666666666
2025-07-27 01:36:24,998 - DEBUG - Collected collision time for BConcave+FConvex+4100_flipped at IoU 0.3: nan
2025-07-27 01:36:24,999 - DEBUG - Collected collision time for BConcave+FConvex+4100_flipped at IoU 0.35: nan
2025-07-27 01:36:24,999 - DEBUG - Collected collision time for BConcave+FConvex+4100_flipped at IoU 0.4: nan
2025-07-27 01:36:24,999 - DEBUG - Collected collision time for BConcave+FConvex+4100_flipped at IoU 0.45: nan
2025-07-27 01:36:24,999 - DEBUG - Collected collision time for BConcave+FConvex+4100_flipped at IoU 0.5: nan
2025-07-27 01:36:25,000 - DEBUG - Collected collision time for BConcave+FConvex+4100_flipped at IoU 0.55: nan
2025-07-27 01:36:25,000 - DEBUG - Collected collision time for BConcave+FConvex+4100_flipped at IoU 0.6: nan
2025-07-27 01:36:25,000 - DEBUG - Collected collision time for BConcave+FConvex+4100_flipped at IoU 0.65: nan
2025-07-27 01:36:25,001 - DEBUG - Collected collision time for BConcave+FConvex+4100_flipped at IoU 0.7: nan
2025-07-27 01:36:25,001 - DEBUG - Collected collision time for BConcave+FConvex+4100_flipped at IoU 0.75: nan
2025-07-27 01:36:25,001 - DEBUG - Collected collision time for BConcave+FConvex+4100_flipped at IoU 0.8: nan
2025-07-27 01:36:25,001 - DEBUG - Collected collision time for BConcave+FConvex+4100_flipped at IoU 0.85: nan
2025-07-27 01:36:25,002 - DEBUG - Collected collision time for BConcave+FConvex+4100_flipped at IoU 0.9: nan
2025-07-27 01:36:25,002 - DEBUG - Collected collision time for BConcave+FConvex+4100_flipped at IoU 0.95: nan
2025-07-27 01:36:25,002 - DEBUG - Collected collision time for BConcave+FConvex+4300 at IoU 0.05: 4716.666666666667
2025-07-27 01:36:25,003 - DEBUG - Collected collision time for BConcave+FConvex+4300 at IoU 0.1: 4883.333333333334
2025-07-27 01:36:25,003 - DEBUG - Collected collision time for BConcave+FConvex+4300 at IoU 0.15: 5000.0
2025-07-27 01:36:25,003 - DEBUG - Collected collision time for BConcave+FConvex+4300 at IoU 0.2: 5100.0
2025-07-27 01:36:25,004 - DEBUG - Collected collision time for BConcave+FConvex+4300 at IoU 0.25: 5200.0
2025-07-27 01:36:25,004 - DEBUG - Collected collision time for BConcave+FConvex+4300 at IoU 0.3: 5283.333333333333
2025-07-27 01:36:25,004 - DEBUG - Collected collision time for BConcave+FConvex+4300 at IoU 0.35: 5400.0
2025-07-27 01:36:25,005 - DEBUG - Collected collision time for BConcave+FConvex+4300 at IoU 0.4: nan
2025-07-27 01:36:25,005 - DEBUG - Collected collision time for BConcave+FConvex+4300 at IoU 0.45: nan
2025-07-27 01:36:25,005 - DEBUG - Collected collision time for BConcave+FConvex+4300 at IoU 0.5: nan
2025-07-27 01:36:25,006 - DEBUG - Collected collision time for BConcave+FConvex+4300 at IoU 0.55: nan
2025-07-27 01:36:25,006 - DEBUG - Collected collision time for BConcave+FConvex+4300 at IoU 0.6: nan
2025-07-27 01:36:25,006 - DEBUG - Collected collision time for BConcave+FConvex+4300 at IoU 0.65: nan
2025-07-27 01:36:25,007 - DEBUG - Collected collision time for BConcave+FConvex+4300 at IoU 0.7: nan
2025-07-27 01:36:25,007 - DEBUG - Collected collision time for BConcave+FConvex+4300 at IoU 0.75: nan
2025-07-27 01:36:25,007 - DEBUG - Collected collision time for BConcave+FConvex+4300 at IoU 0.8: nan
2025-07-27 01:36:25,008 - DEBUG - Collected collision time for BConcave+FConvex+4300 at IoU 0.85: nan
2025-07-27 01:36:25,008 - DEBUG - Collected collision time for BConcave+FConvex+4300 at IoU 0.9: nan
2025-07-27 01:36:25,008 - DEBUG - Collected collision time for BConcave+FConvex+4300 at IoU 0.95: nan
2025-07-27 01:36:25,008 - DEBUG - Collected collision time for BConcave+FConvex+4500_flipped at IoU 0.05: 4900.0
2025-07-27 01:36:25,009 - DEBUG - Collected collision time for BConcave+FConvex+4500_flipped at IoU 0.1: 5066.666666666666
2025-07-27 01:36:25,009 - DEBUG - Collected collision time for BConcave+FConvex+4500_flipped at IoU 0.15: 5216.666666666667
2025-07-27 01:36:25,009 - DEBUG - Collected collision time for BConcave+FConvex+4500_flipped at IoU 0.2: 5300.0
2025-07-27 01:36:25,010 - DEBUG - Collected collision time for BConcave+FConvex+4500_flipped at IoU 0.25: 5400.0
2025-07-27 01:36:25,010 - DEBUG - Collected collision time for BConcave+FConvex+4500_flipped at IoU 0.3: nan
2025-07-27 01:36:25,010 - DEBUG - Collected collision time for BConcave+FConvex+4500_flipped at IoU 0.35: nan
2025-07-27 01:36:25,010 - DEBUG - Collected collision time for BConcave+FConvex+4500_flipped at IoU 0.4: nan
2025-07-27 01:36:25,011 - DEBUG - Collected collision time for BConcave+FConvex+4500_flipped at IoU 0.45: nan
2025-07-27 01:36:25,011 - DEBUG - Collected collision time for BConcave+FConvex+4500_flipped at IoU 0.5: nan
2025-07-27 01:36:25,011 - DEBUG - Collected collision time for BConcave+FConvex+4500_flipped at IoU 0.55: nan
2025-07-27 01:36:25,011 - DEBUG - Collected collision time for BConcave+FConvex+4500_flipped at IoU 0.6: nan
2025-07-27 01:36:25,012 - DEBUG - Collected collision time for BConcave+FConvex+4500_flipped at IoU 0.65: nan
2025-07-27 01:36:25,012 - DEBUG - Collected collision time for BConcave+FConvex+4500_flipped at IoU 0.7: nan
2025-07-27 01:36:25,012 - DEBUG - Collected collision time for BConcave+FConvex+4500_flipped at IoU 0.75: nan
2025-07-27 01:36:25,012 - DEBUG - Collected collision time for BConcave+FConvex+4500_flipped at IoU 0.8: nan
2025-07-27 01:36:25,013 - DEBUG - Collected collision time for BConcave+FConvex+4500_flipped at IoU 0.85: nan
2025-07-27 01:36:25,013 - DEBUG - Collected collision time for BConcave+FConvex+4500_flipped at IoU 0.9: nan
2025-07-27 01:36:25,013 - DEBUG - Collected collision time for BConcave+FConvex+4500_flipped at IoU 0.95: nan
2025-07-27 01:36:25,014 - DEBUG - Collected collision time for BConcave+gConcave+3500_flipped at IoU 0.05: nan
2025-07-27 01:36:25,014 - DEBUG - Collected collision time for BConcave+gConcave+3500_flipped at IoU 0.1: nan
2025-07-27 01:36:25,014 - DEBUG - Collected collision time for BConcave+gConcave+3500_flipped at IoU 0.15: nan
2025-07-27 01:36:25,015 - DEBUG - Collected collision time for BConcave+gConcave+3500_flipped at IoU 0.2: nan
2025-07-27 01:36:25,015 - DEBUG - Collected collision time for BConcave+gConcave+3500_flipped at IoU 0.25: nan
2025-07-27 01:36:25,015 - DEBUG - Collected collision time for BConcave+gConcave+3500_flipped at IoU 0.3: nan
2025-07-27 01:36:25,016 - DEBUG - Collected collision time for BConcave+gConcave+3500_flipped at IoU 0.35: nan
2025-07-27 01:36:25,016 - DEBUG - Collected collision time for BConcave+gConcave+3500_flipped at IoU 0.4: nan
2025-07-27 01:36:25,016 - DEBUG - Collected collision time for BConcave+gConcave+3500_flipped at IoU 0.45: nan
2025-07-27 01:36:25,016 - DEBUG - Collected collision time for BConcave+gConcave+3500_flipped at IoU 0.5: nan
2025-07-27 01:36:25,017 - DEBUG - Collected collision time for BConcave+gConcave+3500_flipped at IoU 0.55: nan
2025-07-27 01:36:25,017 - DEBUG - Collected collision time for BConcave+gConcave+3500_flipped at IoU 0.6: nan
2025-07-27 01:36:25,017 - DEBUG - Collected collision time for BConcave+gConcave+3500_flipped at IoU 0.65: nan
2025-07-27 01:36:25,018 - DEBUG - Collected collision time for BConcave+gConcave+3500_flipped at IoU 0.7: nan
2025-07-27 01:36:25,018 - DEBUG - Collected collision time for BConcave+gConcave+3500_flipped at IoU 0.75: nan
2025-07-27 01:36:25,018 - DEBUG - Collected collision time for BConcave+gConcave+3500_flipped at IoU 0.8: nan
2025-07-27 01:36:25,019 - DEBUG - Collected collision time for BConcave+gConcave+3500_flipped at IoU 0.85: nan
2025-07-27 01:36:25,019 - DEBUG - Collected collision time for BConcave+gConcave+3500_flipped at IoU 0.9: nan
2025-07-27 01:36:25,019 - DEBUG - Collected collision time for BConcave+gConcave+3500_flipped at IoU 0.95: nan
2025-07-27 01:36:25,020 - DEBUG - Collected collision time for BConcave+gConcave+3700 at IoU 0.05: 3966.666666666667
2025-07-27 01:36:25,020 - DEBUG - Collected collision time for BConcave+gConcave+3700 at IoU 0.1: 4066.6666666666665
2025-07-27 01:36:25,021 - DEBUG - Collected collision time for BConcave+gConcave+3700 at IoU 0.15: 4166.666666666667
2025-07-27 01:36:25,021 - DEBUG - Collected collision time for BConcave+gConcave+3700 at IoU 0.2: 4233.333333333333
2025-07-27 01:36:25,022 - DEBUG - Collected collision time for BConcave+gConcave+3700 at IoU 0.25: 4333.333333333333
2025-07-27 01:36:25,022 - DEBUG - Collected collision time for BConcave+gConcave+3700 at IoU 0.3: nan
2025-07-27 01:36:25,022 - DEBUG - Collected collision time for BConcave+gConcave+3700 at IoU 0.35: nan
2025-07-27 01:36:25,023 - DEBUG - Collected collision time for BConcave+gConcave+3700 at IoU 0.4: nan
2025-07-27 01:36:25,023 - DEBUG - Collected collision time for BConcave+gConcave+3700 at IoU 0.45: nan
2025-07-27 01:36:25,023 - DEBUG - Collected collision time for BConcave+gConcave+3700 at IoU 0.5: nan
2025-07-27 01:36:25,023 - DEBUG - Collected collision time for BConcave+gConcave+3700 at IoU 0.55: nan
2025-07-27 01:36:25,024 - DEBUG - Collected collision time for BConcave+gConcave+3700 at IoU 0.6: nan
2025-07-27 01:36:25,024 - DEBUG - Collected collision time for BConcave+gConcave+3700 at IoU 0.65: nan
2025-07-27 01:36:25,024 - DEBUG - Collected collision time for BConcave+gConcave+3700 at IoU 0.7: nan
2025-07-27 01:36:25,024 - DEBUG - Collected collision time for BConcave+gConcave+3700 at IoU 0.75: nan
2025-07-27 01:36:25,025 - DEBUG - Collected collision time for BConcave+gConcave+3700 at IoU 0.8: nan
2025-07-27 01:36:25,025 - DEBUG - Collected collision time for BConcave+gConcave+3700 at IoU 0.85: nan
2025-07-27 01:36:25,026 - DEBUG - Collected collision time for BConcave+gConcave+3700 at IoU 0.9: nan
2025-07-27 01:36:25,026 - DEBUG - Collected collision time for BConcave+gConcave+3700 at IoU 0.95: nan
2025-07-27 01:36:25,026 - DEBUG - Collected collision time for BConcave+gConcave+3900_flipped at IoU 0.05: 4033.333333333333
2025-07-27 01:36:25,027 - DEBUG - Collected collision time for BConcave+gConcave+3900_flipped at IoU 0.1: 4150.0
2025-07-27 01:36:25,027 - DEBUG - Collected collision time for BConcave+gConcave+3900_flipped at IoU 0.15: 4266.666666666667
2025-07-27 01:36:25,028 - DEBUG - Collected collision time for BConcave+gConcave+3900_flipped at IoU 0.2: 4350.0
2025-07-27 01:36:25,028 - DEBUG - Collected collision time for BConcave+gConcave+3900_flipped at IoU 0.25: 4433.333333333334
2025-07-27 01:36:25,028 - DEBUG - Collected collision time for BConcave+gConcave+3900_flipped at IoU 0.3: 4616.666666666666
2025-07-27 01:36:25,028 - DEBUG - Collected collision time for BConcave+gConcave+3900_flipped at IoU 0.35: nan
2025-07-27 01:36:25,029 - DEBUG - Collected collision time for BConcave+gConcave+3900_flipped at IoU 0.4: nan
2025-07-27 01:36:25,029 - DEBUG - Collected collision time for BConcave+gConcave+3900_flipped at IoU 0.45: nan
2025-07-27 01:36:25,029 - DEBUG - Collected collision time for BConcave+gConcave+3900_flipped at IoU 0.5: nan
2025-07-27 01:36:25,030 - DEBUG - Collected collision time for BConcave+gConcave+3900_flipped at IoU 0.55: nan
2025-07-27 01:36:25,030 - DEBUG - Collected collision time for BConcave+gConcave+3900_flipped at IoU 0.6: nan
2025-07-27 01:36:25,030 - DEBUG - Collected collision time for BConcave+gConcave+3900_flipped at IoU 0.65: nan
2025-07-27 01:36:25,031 - DEBUG - Collected collision time for BConcave+gConcave+3900_flipped at IoU 0.7: nan
2025-07-27 01:36:25,031 - DEBUG - Collected collision time for BConcave+gConcave+3900_flipped at IoU 0.75: nan
2025-07-27 01:36:25,031 - DEBUG - Collected collision time for BConcave+gConcave+3900_flipped at IoU 0.8: nan
2025-07-27 01:36:25,031 - DEBUG - Collected collision time for BConcave+gConcave+3900_flipped at IoU 0.85: nan
2025-07-27 01:36:25,032 - DEBUG - Collected collision time for BConcave+gConcave+3900_flipped at IoU 0.9: nan
2025-07-27 01:36:25,032 - DEBUG - Collected collision time for BConcave+gConcave+3900_flipped at IoU 0.95: nan
2025-07-27 01:36:25,032 - DEBUG - Collected collision time for BConcave+gConcave+4100 at IoU 0.05: 4350.0
2025-07-27 01:36:25,032 - DEBUG - Collected collision time for BConcave+gConcave+4100 at IoU 0.1: 4466.666666666667
2025-07-27 01:36:25,033 - DEBUG - Collected collision time for BConcave+gConcave+4100 at IoU 0.15: 4566.666666666666
2025-07-27 01:36:25,033 - DEBUG - Collected collision time for BConcave+gConcave+4100 at IoU 0.2: 4700.0
2025-07-27 01:36:25,033 - DEBUG - Collected collision time for BConcave+gConcave+4100 at IoU 0.25: nan
2025-07-27 01:36:25,033 - DEBUG - Collected collision time for BConcave+gConcave+4100 at IoU 0.3: nan
2025-07-27 01:36:25,034 - DEBUG - Collected collision time for BConcave+gConcave+4100 at IoU 0.35: nan
2025-07-27 01:36:25,034 - DEBUG - Collected collision time for BConcave+gConcave+4100 at IoU 0.4: nan
2025-07-27 01:36:25,034 - DEBUG - Collected collision time for BConcave+gConcave+4100 at IoU 0.45: nan
2025-07-27 01:36:25,034 - DEBUG - Collected collision time for BConcave+gConcave+4100 at IoU 0.5: nan
2025-07-27 01:36:25,035 - DEBUG - Collected collision time for BConcave+gConcave+4100 at IoU 0.55: nan
2025-07-27 01:36:25,035 - DEBUG - Collected collision time for BConcave+gConcave+4100 at IoU 0.6: nan
2025-07-27 01:36:25,035 - DEBUG - Collected collision time for BConcave+gConcave+4100 at IoU 0.65: nan
2025-07-27 01:36:25,036 - DEBUG - Collected collision time for BConcave+gConcave+4100 at IoU 0.7: nan
2025-07-27 01:36:25,036 - DEBUG - Collected collision time for BConcave+gConcave+4100 at IoU 0.75: nan
2025-07-27 01:36:25,036 - DEBUG - Collected collision time for BConcave+gConcave+4100 at IoU 0.8: nan
2025-07-27 01:36:25,036 - DEBUG - Collected collision time for BConcave+gConcave+4100 at IoU 0.85: nan
2025-07-27 01:36:25,037 - DEBUG - Collected collision time for BConcave+gConcave+4100 at IoU 0.9: nan
2025-07-27 01:36:25,037 - DEBUG - Collected collision time for BConcave+gConcave+4100 at IoU 0.95: nan
2025-07-27 01:36:25,038 - DEBUG - Collected collision time for BConcave+gConcave+4300_flipped at IoU 0.05: 4516.666666666667
2025-07-27 01:36:25,038 - DEBUG - Collected collision time for BConcave+gConcave+4300_flipped at IoU 0.1: 4616.666666666666
2025-07-27 01:36:25,038 - DEBUG - Collected collision time for BConcave+gConcave+4300_flipped at IoU 0.15: 4700.0
2025-07-27 01:36:25,039 - DEBUG - Collected collision time for BConcave+gConcave+4300_flipped at IoU 0.2: 4783.333333333333
2025-07-27 01:36:25,039 - DEBUG - Collected collision time for BConcave+gConcave+4300_flipped at IoU 0.25: 4900.0
2025-07-27 01:36:25,039 - DEBUG - Collected collision time for BConcave+gConcave+4300_flipped at IoU 0.3: nan
2025-07-27 01:36:25,039 - DEBUG - Collected collision time for BConcave+gConcave+4300_flipped at IoU 0.35: nan
2025-07-27 01:36:25,040 - DEBUG - Collected collision time for BConcave+gConcave+4300_flipped at IoU 0.4: nan
2025-07-27 01:36:25,040 - DEBUG - Collected collision time for BConcave+gConcave+4300_flipped at IoU 0.45: nan
2025-07-27 01:36:25,040 - DEBUG - Collected collision time for BConcave+gConcave+4300_flipped at IoU 0.5: nan
2025-07-27 01:36:25,041 - DEBUG - Collected collision time for BConcave+gConcave+4300_flipped at IoU 0.55: nan
2025-07-27 01:36:25,041 - DEBUG - Collected collision time for BConcave+gConcave+4300_flipped at IoU 0.6: nan
2025-07-27 01:36:25,042 - DEBUG - Collected collision time for BConcave+gConcave+4300_flipped at IoU 0.65: nan
2025-07-27 01:36:25,042 - DEBUG - Collected collision time for BConcave+gConcave+4300_flipped at IoU 0.7: nan
2025-07-27 01:36:25,042 - DEBUG - Collected collision time for BConcave+gConcave+4300_flipped at IoU 0.75: nan
2025-07-27 01:36:25,043 - DEBUG - Collected collision time for BConcave+gConcave+4300_flipped at IoU 0.8: nan
2025-07-27 01:36:25,043 - DEBUG - Collected collision time for BConcave+gConcave+4300_flipped at IoU 0.85: nan
2025-07-27 01:36:25,043 - DEBUG - Collected collision time for BConcave+gConcave+4300_flipped at IoU 0.9: nan
2025-07-27 01:36:25,043 - DEBUG - Collected collision time for BConcave+gConcave+4300_flipped at IoU 0.95: nan
2025-07-27 01:36:25,044 - DEBUG - Collected collision time for BConcave+gConcave+4500 at IoU 0.05: 4750.0
2025-07-27 01:36:25,044 - DEBUG - Collected collision time for BConcave+gConcave+4500 at IoU 0.1: 4866.666666666666
2025-07-27 01:36:25,045 - DEBUG - Collected collision time for BConcave+gConcave+4500 at IoU 0.15: 4966.666666666667
2025-07-27 01:36:25,045 - DEBUG - Collected collision time for BConcave+gConcave+4500 at IoU 0.2: 5183.333333333334
2025-07-27 01:36:25,045 - DEBUG - Collected collision time for BConcave+gConcave+4500 at IoU 0.25: nan
2025-07-27 01:36:25,046 - DEBUG - Collected collision time for BConcave+gConcave+4500 at IoU 0.3: nan
2025-07-27 01:36:25,046 - DEBUG - Collected collision time for BConcave+gConcave+4500 at IoU 0.35: nan
2025-07-27 01:36:25,047 - DEBUG - Collected collision time for BConcave+gConcave+4500 at IoU 0.4: nan
2025-07-27 01:36:25,047 - DEBUG - Collected collision time for BConcave+gConcave+4500 at IoU 0.45: nan
2025-07-27 01:36:25,047 - DEBUG - Collected collision time for BConcave+gConcave+4500 at IoU 0.5: nan
2025-07-27 01:36:25,048 - DEBUG - Collected collision time for BConcave+gConcave+4500 at IoU 0.55: nan
2025-07-27 01:36:25,048 - DEBUG - Collected collision time for BConcave+gConcave+4500 at IoU 0.6: nan
2025-07-27 01:36:25,049 - DEBUG - Collected collision time for BConcave+gConcave+4500 at IoU 0.65: nan
2025-07-27 01:36:25,049 - DEBUG - Collected collision time for BConcave+gConcave+4500 at IoU 0.7: nan
2025-07-27 01:36:25,049 - DEBUG - Collected collision time for BConcave+gConcave+4500 at IoU 0.75: nan
2025-07-27 01:36:25,050 - DEBUG - Collected collision time for BConcave+gConcave+4500 at IoU 0.8: nan
2025-07-27 01:36:25,050 - DEBUG - Collected collision time for BConcave+gConcave+4500 at IoU 0.85: nan
2025-07-27 01:36:25,050 - DEBUG - Collected collision time for BConcave+gConcave+4500 at IoU 0.9: nan
2025-07-27 01:36:25,050 - DEBUG - Collected collision time for BConcave+gConcave+4500 at IoU 0.95: nan
2025-07-27 01:36:25,051 - DEBUG - Collected collision time for BConcave+gConvex+3500 at IoU 0.05: nan
2025-07-27 01:36:25,051 - DEBUG - Collected collision time for BConcave+gConvex+3500 at IoU 0.1: nan
2025-07-27 01:36:25,051 - DEBUG - Collected collision time for BConcave+gConvex+3500 at IoU 0.15: nan
2025-07-27 01:36:25,052 - DEBUG - Collected collision time for BConcave+gConvex+3500 at IoU 0.2: nan
2025-07-27 01:36:25,052 - DEBUG - Collected collision time for BConcave+gConvex+3500 at IoU 0.25: nan
2025-07-27 01:36:25,053 - DEBUG - Collected collision time for BConcave+gConvex+3500 at IoU 0.3: nan
2025-07-27 01:36:25,053 - DEBUG - Collected collision time for BConcave+gConvex+3500 at IoU 0.35: nan
2025-07-27 01:36:25,053 - DEBUG - Collected collision time for BConcave+gConvex+3500 at IoU 0.4: nan
2025-07-27 01:36:25,053 - DEBUG - Collected collision time for BConcave+gConvex+3500 at IoU 0.45: nan
2025-07-27 01:36:25,054 - DEBUG - Collected collision time for BConcave+gConvex+3500 at IoU 0.5: nan
2025-07-27 01:36:25,054 - DEBUG - Collected collision time for BConcave+gConvex+3500 at IoU 0.55: nan
2025-07-27 01:36:25,054 - DEBUG - Collected collision time for BConcave+gConvex+3500 at IoU 0.6: nan
2025-07-27 01:36:25,054 - DEBUG - Collected collision time for BConcave+gConvex+3500 at IoU 0.65: nan
2025-07-27 01:36:25,055 - DEBUG - Collected collision time for BConcave+gConvex+3500 at IoU 0.7: nan
2025-07-27 01:36:25,055 - DEBUG - Collected collision time for BConcave+gConvex+3500 at IoU 0.75: nan
2025-07-27 01:36:25,056 - DEBUG - Collected collision time for BConcave+gConvex+3500 at IoU 0.8: nan
2025-07-27 01:36:25,056 - DEBUG - Collected collision time for BConcave+gConvex+3500 at IoU 0.85: nan
2025-07-27 01:36:25,057 - DEBUG - Collected collision time for BConcave+gConvex+3500 at IoU 0.9: nan
2025-07-27 01:36:25,057 - DEBUG - Collected collision time for BConcave+gConvex+3500 at IoU 0.95: nan
2025-07-27 01:36:25,057 - DEBUG - Collected collision time for BConcave+gConvex+3700_flipped at IoU 0.05: nan
2025-07-27 01:36:25,058 - DEBUG - Collected collision time for BConcave+gConvex+3700_flipped at IoU 0.1: nan
2025-07-27 01:36:25,058 - DEBUG - Collected collision time for BConcave+gConvex+3700_flipped at IoU 0.15: nan
2025-07-27 01:36:25,058 - DEBUG - Collected collision time for BConcave+gConvex+3700_flipped at IoU 0.2: nan
2025-07-27 01:36:25,058 - DEBUG - Collected collision time for BConcave+gConvex+3700_flipped at IoU 0.25: nan
2025-07-27 01:36:25,059 - DEBUG - Collected collision time for BConcave+gConvex+3700_flipped at IoU 0.3: nan
2025-07-27 01:36:25,059 - DEBUG - Collected collision time for BConcave+gConvex+3700_flipped at IoU 0.35: nan
2025-07-27 01:36:25,060 - DEBUG - Collected collision time for BConcave+gConvex+3700_flipped at IoU 0.4: nan
2025-07-27 01:36:25,060 - DEBUG - Collected collision time for BConcave+gConvex+3700_flipped at IoU 0.45: nan
2025-07-27 01:36:25,061 - DEBUG - Collected collision time for BConcave+gConvex+3700_flipped at IoU 0.5: nan
2025-07-27 01:36:25,061 - DEBUG - Collected collision time for BConcave+gConvex+3700_flipped at IoU 0.55: nan
2025-07-27 01:36:25,061 - DEBUG - Collected collision time for BConcave+gConvex+3700_flipped at IoU 0.6: nan
2025-07-27 01:36:25,062 - DEBUG - Collected collision time for BConcave+gConvex+3700_flipped at IoU 0.65: nan
2025-07-27 01:36:25,062 - DEBUG - Collected collision time for BConcave+gConvex+3700_flipped at IoU 0.7: nan
2025-07-27 01:36:25,063 - DEBUG - Collected collision time for BConcave+gConvex+3700_flipped at IoU 0.75: nan
2025-07-27 01:36:25,063 - DEBUG - Collected collision time for BConcave+gConvex+3700_flipped at IoU 0.8: nan
2025-07-27 01:36:25,063 - DEBUG - Collected collision time for BConcave+gConvex+3700_flipped at IoU 0.85: nan
2025-07-27 01:36:25,063 - DEBUG - Collected collision time for BConcave+gConvex+3700_flipped at IoU 0.9: nan
2025-07-27 01:36:25,064 - DEBUG - Collected collision time for BConcave+gConvex+3700_flipped at IoU 0.95: nan
2025-07-27 01:36:25,064 - DEBUG - Collected collision time for BConcave+gConvex+3900 at IoU 0.05: nan
2025-07-27 01:36:25,064 - DEBUG - Collected collision time for BConcave+gConvex+3900 at IoU 0.1: nan
2025-07-27 01:36:25,065 - DEBUG - Collected collision time for BConcave+gConvex+3900 at IoU 0.15: nan
2025-07-27 01:36:25,065 - DEBUG - Collected collision time for BConcave+gConvex+3900 at IoU 0.2: nan
2025-07-27 01:36:25,066 - DEBUG - Collected collision time for BConcave+gConvex+3900 at IoU 0.25: nan
2025-07-27 01:36:25,066 - DEBUG - Collected collision time for BConcave+gConvex+3900 at IoU 0.3: nan
2025-07-27 01:36:25,066 - DEBUG - Collected collision time for BConcave+gConvex+3900 at IoU 0.35: nan
2025-07-27 01:36:25,067 - DEBUG - Collected collision time for BConcave+gConvex+3900 at IoU 0.4: nan
2025-07-27 01:36:25,067 - DEBUG - Collected collision time for BConcave+gConvex+3900 at IoU 0.45: nan
2025-07-27 01:36:25,067 - DEBUG - Collected collision time for BConcave+gConvex+3900 at IoU 0.5: nan
2025-07-27 01:36:25,067 - DEBUG - Collected collision time for BConcave+gConvex+3900 at IoU 0.55: nan
2025-07-27 01:36:25,068 - DEBUG - Collected collision time for BConcave+gConvex+3900 at IoU 0.6: nan
2025-07-27 01:36:25,068 - DEBUG - Collected collision time for BConcave+gConvex+3900 at IoU 0.65: nan
2025-07-27 01:36:25,068 - DEBUG - Collected collision time for BConcave+gConvex+3900 at IoU 0.7: nan
2025-07-27 01:36:25,068 - DEBUG - Collected collision time for BConcave+gConvex+3900 at IoU 0.75: nan
2025-07-27 01:36:25,069 - DEBUG - Collected collision time for BConcave+gConvex+3900 at IoU 0.8: nan
2025-07-27 01:36:25,069 - DEBUG - Collected collision time for BConcave+gConvex+3900 at IoU 0.85: nan
2025-07-27 01:36:25,069 - DEBUG - Collected collision time for BConcave+gConvex+3900 at IoU 0.9: nan
2025-07-27 01:36:25,070 - DEBUG - Collected collision time for BConcave+gConvex+3900 at IoU 0.95: nan
2025-07-27 01:36:25,070 - DEBUG - Collected collision time for BConcave+gConvex+4100_flipped at IoU 0.05: 4600.0
2025-07-27 01:36:25,070 - DEBUG - Collected collision time for BConcave+gConvex+4100_flipped at IoU 0.1: 4866.666666666666
2025-07-27 01:36:25,071 - DEBUG - Collected collision time for BConcave+gConvex+4100_flipped at IoU 0.15: nan
2025-07-27 01:36:25,071 - DEBUG - Collected collision time for BConcave+gConvex+4100_flipped at IoU 0.2: nan
2025-07-27 01:36:25,071 - DEBUG - Collected collision time for BConcave+gConvex+4100_flipped at IoU 0.25: nan
2025-07-27 01:36:25,072 - DEBUG - Collected collision time for BConcave+gConvex+4100_flipped at IoU 0.3: nan
2025-07-27 01:36:25,072 - DEBUG - Collected collision time for BConcave+gConvex+4100_flipped at IoU 0.35: nan
2025-07-27 01:36:25,073 - DEBUG - Collected collision time for BConcave+gConvex+4100_flipped at IoU 0.4: nan
2025-07-27 01:36:25,073 - DEBUG - Collected collision time for BConcave+gConvex+4100_flipped at IoU 0.45: nan
2025-07-27 01:36:25,074 - DEBUG - Collected collision time for BConcave+gConvex+4100_flipped at IoU 0.5: nan
2025-07-27 01:36:25,074 - DEBUG - Collected collision time for BConcave+gConvex+4100_flipped at IoU 0.55: nan
2025-07-27 01:36:25,074 - DEBUG - Collected collision time for BConcave+gConvex+4100_flipped at IoU 0.6: nan
2025-07-27 01:36:25,074 - DEBUG - Collected collision time for BConcave+gConvex+4100_flipped at IoU 0.65: nan
2025-07-27 01:36:25,075 - DEBUG - Collected collision time for BConcave+gConvex+4100_flipped at IoU 0.7: nan
2025-07-27 01:36:25,075 - DEBUG - Collected collision time for BConcave+gConvex+4100_flipped at IoU 0.75: nan
2025-07-27 01:36:25,075 - DEBUG - Collected collision time for BConcave+gConvex+4100_flipped at IoU 0.8: nan
2025-07-27 01:36:25,076 - DEBUG - Collected collision time for BConcave+gConvex+4100_flipped at IoU 0.85: nan
2025-07-27 01:36:25,076 - DEBUG - Collected collision time for BConcave+gConvex+4100_flipped at IoU 0.9: nan
2025-07-27 01:36:25,076 - DEBUG - Collected collision time for BConcave+gConvex+4100_flipped at IoU 0.95: nan
2025-07-27 01:36:25,076 - DEBUG - Collected collision time for BConcave+gConvex+4300 at IoU 0.05: nan
2025-07-27 01:36:25,077 - DEBUG - Collected collision time for BConcave+gConvex+4300 at IoU 0.1: nan
2025-07-27 01:36:25,077 - DEBUG - Collected collision time for BConcave+gConvex+4300 at IoU 0.15: nan
2025-07-27 01:36:25,077 - DEBUG - Collected collision time for BConcave+gConvex+4300 at IoU 0.2: nan
2025-07-27 01:36:25,078 - DEBUG - Collected collision time for BConcave+gConvex+4300 at IoU 0.25: nan
2025-07-27 01:36:25,078 - DEBUG - Collected collision time for BConcave+gConvex+4300 at IoU 0.3: nan
2025-07-27 01:36:25,078 - DEBUG - Collected collision time for BConcave+gConvex+4300 at IoU 0.35: nan
2025-07-27 01:36:25,079 - DEBUG - Collected collision time for BConcave+gConvex+4300 at IoU 0.4: nan
2025-07-27 01:36:25,079 - DEBUG - Collected collision time for BConcave+gConvex+4300 at IoU 0.45: nan
2025-07-27 01:36:25,080 - DEBUG - Collected collision time for BConcave+gConvex+4300 at IoU 0.5: nan
2025-07-27 01:36:25,080 - DEBUG - Collected collision time for BConcave+gConvex+4300 at IoU 0.55: nan
2025-07-27 01:36:25,080 - DEBUG - Collected collision time for BConcave+gConvex+4300 at IoU 0.6: nan
2025-07-27 01:36:25,081 - DEBUG - Collected collision time for BConcave+gConvex+4300 at IoU 0.65: nan
2025-07-27 01:36:25,081 - DEBUG - Collected collision time for BConcave+gConvex+4300 at IoU 0.7: nan
2025-07-27 01:36:25,081 - DEBUG - Collected collision time for BConcave+gConvex+4300 at IoU 0.75: nan
2025-07-27 01:36:25,081 - DEBUG - Collected collision time for BConcave+gConvex+4300 at IoU 0.8: nan
2025-07-27 01:36:25,082 - DEBUG - Collected collision time for BConcave+gConvex+4300 at IoU 0.85: nan
2025-07-27 01:36:25,082 - DEBUG - Collected collision time for BConcave+gConvex+4300 at IoU 0.9: nan
2025-07-27 01:36:25,082 - DEBUG - Collected collision time for BConcave+gConvex+4300 at IoU 0.95: nan
2025-07-27 01:36:25,083 - DEBUG - Collected collision time for BConcave+gConvex+4500_flipped at IoU 0.05: 4983.333333333333
2025-07-27 01:36:25,083 - DEBUG - Collected collision time for BConcave+gConvex+4500_flipped at IoU 0.1: 5216.666666666667
2025-07-27 01:36:25,084 - DEBUG - Collected collision time for BConcave+gConvex+4500_flipped at IoU 0.15: nan
2025-07-27 01:36:25,084 - DEBUG - Collected collision time for BConcave+gConvex+4500_flipped at IoU 0.2: nan
2025-07-27 01:36:25,084 - DEBUG - Collected collision time for BConcave+gConvex+4500_flipped at IoU 0.25: nan
2025-07-27 01:36:25,085 - DEBUG - Collected collision time for BConcave+gConvex+4500_flipped at IoU 0.3: nan
2025-07-27 01:36:25,085 - DEBUG - Collected collision time for BConcave+gConvex+4500_flipped at IoU 0.35: nan
2025-07-27 01:36:25,085 - DEBUG - Collected collision time for BConcave+gConvex+4500_flipped at IoU 0.4: nan
2025-07-27 01:36:25,086 - DEBUG - Collected collision time for BConcave+gConvex+4500_flipped at IoU 0.45: nan
2025-07-27 01:36:25,086 - DEBUG - Collected collision time for BConcave+gConvex+4500_flipped at IoU 0.5: nan
2025-07-27 01:36:25,087 - DEBUG - Collected collision time for BConcave+gConvex+4500_flipped at IoU 0.55: nan
2025-07-27 01:36:25,087 - DEBUG - Collected collision time for BConcave+gConvex+4500_flipped at IoU 0.6: nan
2025-07-27 01:36:25,088 - DEBUG - Collected collision time for BConcave+gConvex+4500_flipped at IoU 0.65: nan
2025-07-27 01:36:25,088 - DEBUG - Collected collision time for BConcave+gConvex+4500_flipped at IoU 0.7: nan
2025-07-27 01:36:25,088 - DEBUG - Collected collision time for BConcave+gConvex+4500_flipped at IoU 0.75: nan
2025-07-27 01:36:25,088 - DEBUG - Collected collision time for BConcave+gConvex+4500_flipped at IoU 0.8: nan
2025-07-27 01:36:25,089 - DEBUG - Collected collision time for BConcave+gConvex+4500_flipped at IoU 0.85: nan
2025-07-27 01:36:25,089 - DEBUG - Collected collision time for BConcave+gConvex+4500_flipped at IoU 0.9: nan
2025-07-27 01:36:25,090 - DEBUG - Collected collision time for BConcave+gConvex+4500_flipped at IoU 0.95: nan
2025-07-27 01:36:25,090 - DEBUG - Collected collision time for BConcave+hConcave+3500_flipped at IoU 0.05: 4050.0
2025-07-27 01:36:25,090 - DEBUG - Collected collision time for BConcave+hConcave+3500_flipped at IoU 0.1: 4133.333333333334
2025-07-27 01:36:25,091 - DEBUG - Collected collision time for BConcave+hConcave+3500_flipped at IoU 0.15: 4233.333333333333
2025-07-27 01:36:25,091 - DEBUG - Collected collision time for BConcave+hConcave+3500_flipped at IoU 0.2: 4483.333333333333
2025-07-27 01:36:25,092 - DEBUG - Collected collision time for BConcave+hConcave+3500_flipped at IoU 0.25: nan
2025-07-27 01:36:25,092 - DEBUG - Collected collision time for BConcave+hConcave+3500_flipped at IoU 0.3: nan
2025-07-27 01:36:25,092 - DEBUG - Collected collision time for BConcave+hConcave+3500_flipped at IoU 0.35: nan
2025-07-27 01:36:25,092 - DEBUG - Collected collision time for BConcave+hConcave+3500_flipped at IoU 0.4: nan
2025-07-27 01:36:25,093 - DEBUG - Collected collision time for BConcave+hConcave+3500_flipped at IoU 0.45: nan
2025-07-27 01:36:25,093 - DEBUG - Collected collision time for BConcave+hConcave+3500_flipped at IoU 0.5: nan
2025-07-27 01:36:25,093 - DEBUG - Collected collision time for BConcave+hConcave+3500_flipped at IoU 0.55: nan
2025-07-27 01:36:25,094 - DEBUG - Collected collision time for BConcave+hConcave+3500_flipped at IoU 0.6: nan
2025-07-27 01:36:25,094 - DEBUG - Collected collision time for BConcave+hConcave+3500_flipped at IoU 0.65: nan
2025-07-27 01:36:25,094 - DEBUG - Collected collision time for BConcave+hConcave+3500_flipped at IoU 0.7: nan
2025-07-27 01:36:25,095 - DEBUG - Collected collision time for BConcave+hConcave+3500_flipped at IoU 0.75: nan
2025-07-27 01:36:25,095 - DEBUG - Collected collision time for BConcave+hConcave+3500_flipped at IoU 0.8: nan
2025-07-27 01:36:25,095 - DEBUG - Collected collision time for BConcave+hConcave+3500_flipped at IoU 0.85: nan
2025-07-27 01:36:25,096 - DEBUG - Collected collision time for BConcave+hConcave+3500_flipped at IoU 0.9: nan
2025-07-27 01:36:25,096 - DEBUG - Collected collision time for BConcave+hConcave+3500_flipped at IoU 0.95: nan
2025-07-27 01:36:25,097 - DEBUG - Collected collision time for BConcave+hConcave+3700 at IoU 0.05: 4066.6666666666665
2025-07-27 01:36:25,097 - DEBUG - Collected collision time for BConcave+hConcave+3700 at IoU 0.1: 4250.0
2025-07-27 01:36:25,097 - DEBUG - Collected collision time for BConcave+hConcave+3700 at IoU 0.15: 4350.0
2025-07-27 01:36:25,098 - DEBUG - Collected collision time for BConcave+hConcave+3700 at IoU 0.2: 4500.0
2025-07-27 01:36:25,098 - DEBUG - Collected collision time for BConcave+hConcave+3700 at IoU 0.25: nan
2025-07-27 01:36:25,098 - DEBUG - Collected collision time for BConcave+hConcave+3700 at IoU 0.3: nan
2025-07-27 01:36:25,098 - DEBUG - Collected collision time for BConcave+hConcave+3700 at IoU 0.35: nan
2025-07-27 01:36:25,099 - DEBUG - Collected collision time for BConcave+hConcave+3700 at IoU 0.4: nan
2025-07-27 01:36:25,099 - DEBUG - Collected collision time for BConcave+hConcave+3700 at IoU 0.45: nan
2025-07-27 01:36:25,099 - DEBUG - Collected collision time for BConcave+hConcave+3700 at IoU 0.5: nan
2025-07-27 01:36:25,100 - DEBUG - Collected collision time for BConcave+hConcave+3700 at IoU 0.55: nan
2025-07-27 01:36:25,100 - DEBUG - Collected collision time for BConcave+hConcave+3700 at IoU 0.6: nan
2025-07-27 01:36:25,100 - DEBUG - Collected collision time for BConcave+hConcave+3700 at IoU 0.65: nan
2025-07-27 01:36:25,100 - DEBUG - Collected collision time for BConcave+hConcave+3700 at IoU 0.7: nan
2025-07-27 01:36:25,101 - DEBUG - Collected collision time for BConcave+hConcave+3700 at IoU 0.75: nan
2025-07-27 01:36:25,101 - DEBUG - Collected collision time for BConcave+hConcave+3700 at IoU 0.8: nan
2025-07-27 01:36:25,101 - DEBUG - Collected collision time for BConcave+hConcave+3700 at IoU 0.85: nan
2025-07-27 01:36:25,102 - DEBUG - Collected collision time for BConcave+hConcave+3700 at IoU 0.9: nan
2025-07-27 01:36:25,102 - DEBUG - Collected collision time for BConcave+hConcave+3700 at IoU 0.95: nan
2025-07-27 01:36:25,102 - DEBUG - Collected collision time for BConcave+hConcave+3900_flipped at IoU 0.05: nan
2025-07-27 01:36:25,103 - DEBUG - Collected collision time for BConcave+hConcave+3900_flipped at IoU 0.1: nan
2025-07-27 01:36:25,103 - DEBUG - Collected collision time for BConcave+hConcave+3900_flipped at IoU 0.15: nan
2025-07-27 01:36:25,103 - DEBUG - Collected collision time for BConcave+hConcave+3900_flipped at IoU 0.2: nan
2025-07-27 01:36:25,104 - DEBUG - Collected collision time for BConcave+hConcave+3900_flipped at IoU 0.25: nan
2025-07-27 01:36:25,104 - DEBUG - Collected collision time for BConcave+hConcave+3900_flipped at IoU 0.3: nan
2025-07-27 01:36:25,104 - DEBUG - Collected collision time for BConcave+hConcave+3900_flipped at IoU 0.35: nan
2025-07-27 01:36:25,104 - DEBUG - Collected collision time for BConcave+hConcave+3900_flipped at IoU 0.4: nan
2025-07-27 01:36:25,105 - DEBUG - Collected collision time for BConcave+hConcave+3900_flipped at IoU 0.45: nan
2025-07-27 01:36:25,105 - DEBUG - Collected collision time for BConcave+hConcave+3900_flipped at IoU 0.5: nan
2025-07-27 01:36:25,106 - DEBUG - Collected collision time for BConcave+hConcave+3900_flipped at IoU 0.55: nan
2025-07-27 01:36:25,106 - DEBUG - Collected collision time for BConcave+hConcave+3900_flipped at IoU 0.6: nan
2025-07-27 01:36:25,106 - DEBUG - Collected collision time for BConcave+hConcave+3900_flipped at IoU 0.65: nan
2025-07-27 01:36:25,107 - DEBUG - Collected collision time for BConcave+hConcave+3900_flipped at IoU 0.7: nan
2025-07-27 01:36:25,107 - DEBUG - Collected collision time for BConcave+hConcave+3900_flipped at IoU 0.75: nan
2025-07-27 01:36:25,107 - DEBUG - Collected collision time for BConcave+hConcave+3900_flipped at IoU 0.8: nan
2025-07-27 01:36:25,107 - DEBUG - Collected collision time for BConcave+hConcave+3900_flipped at IoU 0.85: nan
2025-07-27 01:36:25,108 - DEBUG - Collected collision time for BConcave+hConcave+3900_flipped at IoU 0.9: nan
2025-07-27 01:36:25,108 - DEBUG - Collected collision time for BConcave+hConcave+3900_flipped at IoU 0.95: nan
2025-07-27 01:36:25,108 - DEBUG - Collected collision time for BConcave+hConcave+4100 at IoU 0.05: nan
2025-07-27 01:36:25,109 - DEBUG - Collected collision time for BConcave+hConcave+4100 at IoU 0.1: nan
2025-07-27 01:36:25,109 - DEBUG - Collected collision time for BConcave+hConcave+4100 at IoU 0.15: nan
2025-07-27 01:36:25,109 - DEBUG - Collected collision time for BConcave+hConcave+4100 at IoU 0.2: nan
2025-07-27 01:36:25,109 - DEBUG - Collected collision time for BConcave+hConcave+4100 at IoU 0.25: nan
2025-07-27 01:36:25,110 - DEBUG - Collected collision time for BConcave+hConcave+4100 at IoU 0.3: nan
2025-07-27 01:36:25,110 - DEBUG - Collected collision time for BConcave+hConcave+4100 at IoU 0.35: nan
2025-07-27 01:36:25,110 - DEBUG - Collected collision time for BConcave+hConcave+4100 at IoU 0.4: nan
2025-07-27 01:36:25,111 - DEBUG - Collected collision time for BConcave+hConcave+4100 at IoU 0.45: nan
2025-07-27 01:36:25,111 - DEBUG - Collected collision time for BConcave+hConcave+4100 at IoU 0.5: nan
2025-07-27 01:36:25,112 - DEBUG - Collected collision time for BConcave+hConcave+4100 at IoU 0.55: nan
2025-07-27 01:36:25,112 - DEBUG - Collected collision time for BConcave+hConcave+4100 at IoU 0.6: nan
2025-07-27 01:36:25,112 - DEBUG - Collected collision time for BConcave+hConcave+4100 at IoU 0.65: nan
2025-07-27 01:36:25,112 - DEBUG - Collected collision time for BConcave+hConcave+4100 at IoU 0.7: nan
2025-07-27 01:36:25,113 - DEBUG - Collected collision time for BConcave+hConcave+4100 at IoU 0.75: nan
2025-07-27 01:36:25,113 - DEBUG - Collected collision time for BConcave+hConcave+4100 at IoU 0.8: nan
2025-07-27 01:36:25,113 - DEBUG - Collected collision time for BConcave+hConcave+4100 at IoU 0.85: nan
2025-07-27 01:36:25,113 - DEBUG - Collected collision time for BConcave+hConcave+4100 at IoU 0.9: nan
2025-07-27 01:36:25,114 - DEBUG - Collected collision time for BConcave+hConcave+4100 at IoU 0.95: nan
2025-07-27 01:36:25,114 - DEBUG - Collected collision time for BConcave+hConcave+4300_flipped at IoU 0.05: nan
2025-07-27 01:36:25,114 - DEBUG - Collected collision time for BConcave+hConcave+4300_flipped at IoU 0.1: nan
2025-07-27 01:36:25,115 - DEBUG - Collected collision time for BConcave+hConcave+4300_flipped at IoU 0.15: nan
2025-07-27 01:36:25,115 - DEBUG - Collected collision time for BConcave+hConcave+4300_flipped at IoU 0.2: nan
2025-07-27 01:36:25,115 - DEBUG - Collected collision time for BConcave+hConcave+4300_flipped at IoU 0.25: nan
2025-07-27 01:36:25,116 - DEBUG - Collected collision time for BConcave+hConcave+4300_flipped at IoU 0.3: nan
2025-07-27 01:36:25,116 - DEBUG - Collected collision time for BConcave+hConcave+4300_flipped at IoU 0.35: nan
2025-07-27 01:36:25,117 - DEBUG - Collected collision time for BConcave+hConcave+4300_flipped at IoU 0.4: nan
2025-07-27 01:36:25,117 - DEBUG - Collected collision time for BConcave+hConcave+4300_flipped at IoU 0.45: nan
2025-07-27 01:36:25,118 - DEBUG - Collected collision time for BConcave+hConcave+4300_flipped at IoU 0.5: nan
2025-07-27 01:36:25,118 - DEBUG - Collected collision time for BConcave+hConcave+4300_flipped at IoU 0.55: nan
2025-07-27 01:36:25,119 - DEBUG - Collected collision time for BConcave+hConcave+4300_flipped at IoU 0.6: nan
2025-07-27 01:36:25,119 - DEBUG - Collected collision time for BConcave+hConcave+4300_flipped at IoU 0.65: nan
2025-07-27 01:36:25,119 - DEBUG - Collected collision time for BConcave+hConcave+4300_flipped at IoU 0.7: nan
2025-07-27 01:36:25,120 - DEBUG - Collected collision time for BConcave+hConcave+4300_flipped at IoU 0.75: nan
2025-07-27 01:36:25,120 - DEBUG - Collected collision time for BConcave+hConcave+4300_flipped at IoU 0.8: nan
2025-07-27 01:36:25,121 - DEBUG - Collected collision time for BConcave+hConcave+4300_flipped at IoU 0.85: nan
2025-07-27 01:36:25,121 - DEBUG - Collected collision time for BConcave+hConcave+4300_flipped at IoU 0.9: nan
2025-07-27 01:36:25,121 - DEBUG - Collected collision time for BConcave+hConcave+4300_flipped at IoU 0.95: nan
2025-07-27 01:36:25,122 - DEBUG - Collected collision time for BConcave+hConcave+4500 at IoU 0.05: nan
2025-07-27 01:36:25,122 - DEBUG - Collected collision time for BConcave+hConcave+4500 at IoU 0.1: nan
2025-07-27 01:36:25,122 - DEBUG - Collected collision time for BConcave+hConcave+4500 at IoU 0.15: nan
2025-07-27 01:36:25,123 - DEBUG - Collected collision time for BConcave+hConcave+4500 at IoU 0.2: nan
2025-07-27 01:36:25,123 - DEBUG - Collected collision time for BConcave+hConcave+4500 at IoU 0.25: nan
2025-07-27 01:36:25,124 - DEBUG - Collected collision time for BConcave+hConcave+4500 at IoU 0.3: nan
2025-07-27 01:36:25,124 - DEBUG - Collected collision time for BConcave+hConcave+4500 at IoU 0.35: nan
2025-07-27 01:36:25,124 - DEBUG - Collected collision time for BConcave+hConcave+4500 at IoU 0.4: nan
2025-07-27 01:36:25,124 - DEBUG - Collected collision time for BConcave+hConcave+4500 at IoU 0.45: nan
2025-07-27 01:36:25,125 - DEBUG - Collected collision time for BConcave+hConcave+4500 at IoU 0.5: nan
2025-07-27 01:36:25,125 - DEBUG - Collected collision time for BConcave+hConcave+4500 at IoU 0.55: nan
2025-07-27 01:36:25,125 - DEBUG - Collected collision time for BConcave+hConcave+4500 at IoU 0.6: nan
2025-07-27 01:36:25,125 - DEBUG - Collected collision time for BConcave+hConcave+4500 at IoU 0.65: nan
2025-07-27 01:36:25,126 - DEBUG - Collected collision time for BConcave+hConcave+4500 at IoU 0.7: nan
2025-07-27 01:36:25,126 - DEBUG - Collected collision time for BConcave+hConcave+4500 at IoU 0.75: nan
2025-07-27 01:36:25,126 - DEBUG - Collected collision time for BConcave+hConcave+4500 at IoU 0.8: nan
2025-07-27 01:36:25,127 - DEBUG - Collected collision time for BConcave+hConcave+4500 at IoU 0.85: nan
2025-07-27 01:36:25,127 - DEBUG - Collected collision time for BConcave+hConcave+4500 at IoU 0.9: nan
2025-07-27 01:36:25,127 - DEBUG - Collected collision time for BConcave+hConcave+4500 at IoU 0.95: nan
2025-07-27 01:36:25,128 - DEBUG - Collected collision time for BConcave+hConvex+3500 at IoU 0.05: nan
2025-07-27 01:36:25,128 - DEBUG - Collected collision time for BConcave+hConvex+3500 at IoU 0.1: nan
2025-07-27 01:36:25,129 - DEBUG - Collected collision time for BConcave+hConvex+3500 at IoU 0.15: nan
2025-07-27 01:36:25,129 - DEBUG - Collected collision time for BConcave+hConvex+3500 at IoU 0.2: nan
2025-07-27 01:36:25,129 - DEBUG - Collected collision time for BConcave+hConvex+3500 at IoU 0.25: nan
2025-07-27 01:36:25,129 - DEBUG - Collected collision time for BConcave+hConvex+3500 at IoU 0.3: nan
2025-07-27 01:36:25,130 - DEBUG - Collected collision time for BConcave+hConvex+3500 at IoU 0.35: nan
2025-07-27 01:36:25,132 - DEBUG - Collected collision time for BConcave+hConvex+3500 at IoU 0.4: nan
2025-07-27 01:36:25,132 - DEBUG - Collected collision time for BConcave+hConvex+3500 at IoU 0.45: nan
2025-07-27 01:36:25,133 - DEBUG - Collected collision time for BConcave+hConvex+3500 at IoU 0.5: nan
2025-07-27 01:36:25,133 - DEBUG - Collected collision time for BConcave+hConvex+3500 at IoU 0.55: nan
2025-07-27 01:36:25,133 - DEBUG - Collected collision time for BConcave+hConvex+3500 at IoU 0.6: nan
2025-07-27 01:36:25,133 - DEBUG - Collected collision time for BConcave+hConvex+3500 at IoU 0.65: nan
2025-07-27 01:36:25,134 - DEBUG - Collected collision time for BConcave+hConvex+3500 at IoU 0.7: nan
2025-07-27 01:36:25,134 - DEBUG - Collected collision time for BConcave+hConvex+3500 at IoU 0.75: nan
2025-07-27 01:36:25,134 - DEBUG - Collected collision time for BConcave+hConvex+3500 at IoU 0.8: nan
2025-07-27 01:36:25,135 - DEBUG - Collected collision time for BConcave+hConvex+3500 at IoU 0.85: nan
2025-07-27 01:36:25,135 - DEBUG - Collected collision time for BConcave+hConvex+3500 at IoU 0.9: nan
2025-07-27 01:36:25,136 - DEBUG - Collected collision time for BConcave+hConvex+3500 at IoU 0.95: nan
2025-07-27 01:36:25,136 - DEBUG - Collected collision time for BConcave+hConvex+3700_flipped at IoU 0.05: nan
2025-07-27 01:36:25,137 - DEBUG - Collected collision time for BConcave+hConvex+3700_flipped at IoU 0.1: nan
2025-07-27 01:36:25,137 - DEBUG - Collected collision time for BConcave+hConvex+3700_flipped at IoU 0.15: nan
2025-07-27 01:36:25,138 - DEBUG - Collected collision time for BConcave+hConvex+3700_flipped at IoU 0.2: nan
2025-07-27 01:36:25,138 - DEBUG - Collected collision time for BConcave+hConvex+3700_flipped at IoU 0.25: nan
2025-07-27 01:36:25,138 - DEBUG - Collected collision time for BConcave+hConvex+3700_flipped at IoU 0.3: nan
2025-07-27 01:36:25,138 - DEBUG - Collected collision time for BConcave+hConvex+3700_flipped at IoU 0.35: nan
2025-07-27 01:36:25,139 - DEBUG - Collected collision time for BConcave+hConvex+3700_flipped at IoU 0.4: nan
2025-07-27 01:36:25,139 - DEBUG - Collected collision time for BConcave+hConvex+3700_flipped at IoU 0.45: nan
2025-07-27 01:36:25,139 - DEBUG - Collected collision time for BConcave+hConvex+3700_flipped at IoU 0.5: nan
2025-07-27 01:36:25,140 - DEBUG - Collected collision time for BConcave+hConvex+3700_flipped at IoU 0.55: nan
2025-07-27 01:36:25,140 - DEBUG - Collected collision time for BConcave+hConvex+3700_flipped at IoU 0.6: nan
2025-07-27 01:36:25,140 - DEBUG - Collected collision time for BConcave+hConvex+3700_flipped at IoU 0.65: nan
2025-07-27 01:36:25,140 - DEBUG - Collected collision time for BConcave+hConvex+3700_flipped at IoU 0.7: nan
2025-07-27 01:36:25,141 - DEBUG - Collected collision time for BConcave+hConvex+3700_flipped at IoU 0.75: nan
2025-07-27 01:36:25,141 - DEBUG - Collected collision time for BConcave+hConvex+3700_flipped at IoU 0.8: nan
2025-07-27 01:36:25,142 - DEBUG - Collected collision time for BConcave+hConvex+3700_flipped at IoU 0.85: nan
2025-07-27 01:36:25,142 - DEBUG - Collected collision time for BConcave+hConvex+3700_flipped at IoU 0.9: nan
2025-07-27 01:36:25,142 - DEBUG - Collected collision time for BConcave+hConvex+3700_flipped at IoU 0.95: nan
2025-07-27 01:36:25,143 - DEBUG - Collected collision time for BConcave+hConvex+3900 at IoU 0.05: nan
2025-07-27 01:36:25,143 - DEBUG - Collected collision time for BConcave+hConvex+3900 at IoU 0.1: nan
2025-07-27 01:36:25,143 - DEBUG - Collected collision time for BConcave+hConvex+3900 at IoU 0.15: nan
2025-07-27 01:36:25,143 - DEBUG - Collected collision time for BConcave+hConvex+3900 at IoU 0.2: nan
2025-07-27 01:36:25,144 - DEBUG - Collected collision time for BConcave+hConvex+3900 at IoU 0.25: nan
2025-07-27 01:36:25,144 - DEBUG - Collected collision time for BConcave+hConvex+3900 at IoU 0.3: nan
2025-07-27 01:36:25,144 - DEBUG - Collected collision time for BConcave+hConvex+3900 at IoU 0.35: nan
2025-07-27 01:36:25,145 - DEBUG - Collected collision time for BConcave+hConvex+3900 at IoU 0.4: nan
2025-07-27 01:36:25,145 - DEBUG - Collected collision time for BConcave+hConvex+3900 at IoU 0.45: nan
2025-07-27 01:36:25,145 - DEBUG - Collected collision time for BConcave+hConvex+3900 at IoU 0.5: nan
2025-07-27 01:36:25,146 - DEBUG - Collected collision time for BConcave+hConvex+3900 at IoU 0.55: nan
2025-07-27 01:36:25,146 - DEBUG - Collected collision time for BConcave+hConvex+3900 at IoU 0.6: nan
2025-07-27 01:36:25,146 - DEBUG - Collected collision time for BConcave+hConvex+3900 at IoU 0.65: nan
2025-07-27 01:36:25,146 - DEBUG - Collected collision time for BConcave+hConvex+3900 at IoU 0.7: nan
2025-07-27 01:36:25,147 - DEBUG - Collected collision time for BConcave+hConvex+3900 at IoU 0.75: nan
2025-07-27 01:36:25,147 - DEBUG - Collected collision time for BConcave+hConvex+3900 at IoU 0.8: nan
2025-07-27 01:36:25,148 - DEBUG - Collected collision time for BConcave+hConvex+3900 at IoU 0.85: nan
2025-07-27 01:36:25,148 - DEBUG - Collected collision time for BConcave+hConvex+3900 at IoU 0.9: nan
2025-07-27 01:36:25,149 - DEBUG - Collected collision time for BConcave+hConvex+3900 at IoU 0.95: nan
2025-07-27 01:36:25,149 - DEBUG - Collected collision time for BConcave+hConvex+4100_flipped at IoU 0.05: nan
2025-07-27 01:36:25,149 - DEBUG - Collected collision time for BConcave+hConvex+4100_flipped at IoU 0.1: nan
2025-07-27 01:36:25,150 - DEBUG - Collected collision time for BConcave+hConvex+4100_flipped at IoU 0.15: nan
2025-07-27 01:36:25,150 - DEBUG - Collected collision time for BConcave+hConvex+4100_flipped at IoU 0.2: nan
2025-07-27 01:36:25,150 - DEBUG - Collected collision time for BConcave+hConvex+4100_flipped at IoU 0.25: nan
2025-07-27 01:36:25,151 - DEBUG - Collected collision time for BConcave+hConvex+4100_flipped at IoU 0.3: nan
2025-07-27 01:36:25,151 - DEBUG - Collected collision time for BConcave+hConvex+4100_flipped at IoU 0.35: nan
2025-07-27 01:36:25,151 - DEBUG - Collected collision time for BConcave+hConvex+4100_flipped at IoU 0.4: nan
2025-07-27 01:36:25,151 - DEBUG - Collected collision time for BConcave+hConvex+4100_flipped at IoU 0.45: nan
2025-07-27 01:36:25,152 - DEBUG - Collected collision time for BConcave+hConvex+4100_flipped at IoU 0.5: nan
2025-07-27 01:36:25,152 - DEBUG - Collected collision time for BConcave+hConvex+4100_flipped at IoU 0.55: nan
2025-07-27 01:36:25,152 - DEBUG - Collected collision time for BConcave+hConvex+4100_flipped at IoU 0.6: nan
2025-07-27 01:36:25,153 - DEBUG - Collected collision time for BConcave+hConvex+4100_flipped at IoU 0.65: nan
2025-07-27 01:36:25,153 - DEBUG - Collected collision time for BConcave+hConvex+4100_flipped at IoU 0.7: nan
2025-07-27 01:36:25,154 - DEBUG - Collected collision time for BConcave+hConvex+4100_flipped at IoU 0.75: nan
2025-07-27 01:36:25,154 - DEBUG - Collected collision time for BConcave+hConvex+4100_flipped at IoU 0.8: nan
2025-07-27 01:36:25,154 - DEBUG - Collected collision time for BConcave+hConvex+4100_flipped at IoU 0.85: nan
2025-07-27 01:36:25,154 - DEBUG - Collected collision time for BConcave+hConvex+4100_flipped at IoU 0.9: nan
2025-07-27 01:36:25,155 - DEBUG - Collected collision time for BConcave+hConvex+4100_flipped at IoU 0.95: nan
2025-07-27 01:36:25,155 - DEBUG - Collected collision time for BConcave+hConvex+4300 at IoU 0.05: nan
2025-07-27 01:36:25,155 - DEBUG - Collected collision time for BConcave+hConvex+4300 at IoU 0.1: nan
2025-07-27 01:36:25,156 - DEBUG - Collected collision time for BConcave+hConvex+4300 at IoU 0.15: nan
2025-07-27 01:36:25,156 - DEBUG - Collected collision time for BConcave+hConvex+4300 at IoU 0.2: nan
2025-07-27 01:36:25,156 - DEBUG - Collected collision time for BConcave+hConvex+4300 at IoU 0.25: nan
2025-07-27 01:36:25,157 - DEBUG - Collected collision time for BConcave+hConvex+4300 at IoU 0.3: nan
2025-07-27 01:36:25,157 - DEBUG - Collected collision time for BConcave+hConvex+4300 at IoU 0.35: nan
2025-07-27 01:36:25,157 - DEBUG - Collected collision time for BConcave+hConvex+4300 at IoU 0.4: nan
2025-07-27 01:36:25,158 - DEBUG - Collected collision time for BConcave+hConvex+4300 at IoU 0.45: nan
2025-07-27 01:36:25,158 - DEBUG - Collected collision time for BConcave+hConvex+4300 at IoU 0.5: nan
2025-07-27 01:36:25,158 - DEBUG - Collected collision time for BConcave+hConvex+4300 at IoU 0.55: nan
2025-07-27 01:36:25,159 - DEBUG - Collected collision time for BConcave+hConvex+4300 at IoU 0.6: nan
2025-07-27 01:36:25,159 - DEBUG - Collected collision time for BConcave+hConvex+4300 at IoU 0.65: nan
2025-07-27 01:36:25,159 - DEBUG - Collected collision time for BConcave+hConvex+4300 at IoU 0.7: nan
2025-07-27 01:36:25,160 - DEBUG - Collected collision time for BConcave+hConvex+4300 at IoU 0.75: nan
2025-07-27 01:36:25,160 - DEBUG - Collected collision time for BConcave+hConvex+4300 at IoU 0.8: nan
2025-07-27 01:36:25,160 - DEBUG - Collected collision time for BConcave+hConvex+4300 at IoU 0.85: nan
2025-07-27 01:36:25,160 - DEBUG - Collected collision time for BConcave+hConvex+4300 at IoU 0.9: nan
2025-07-27 01:36:25,161 - DEBUG - Collected collision time for BConcave+hConvex+4300 at IoU 0.95: nan
2025-07-27 01:36:25,161 - DEBUG - Collected collision time for BConcave+hConvex+4500_flipped at IoU 0.05: nan
2025-07-27 01:36:25,161 - DEBUG - Collected collision time for BConcave+hConvex+4500_flipped at IoU 0.1: nan
2025-07-27 01:36:25,161 - DEBUG - Collected collision time for BConcave+hConvex+4500_flipped at IoU 0.15: nan
2025-07-27 01:36:25,162 - DEBUG - Collected collision time for BConcave+hConvex+4500_flipped at IoU 0.2: nan
2025-07-27 01:36:25,162 - DEBUG - Collected collision time for BConcave+hConvex+4500_flipped at IoU 0.25: nan
2025-07-27 01:36:25,162 - DEBUG - Collected collision time for BConcave+hConvex+4500_flipped at IoU 0.3: nan
2025-07-27 01:36:25,162 - DEBUG - Collected collision time for BConcave+hConvex+4500_flipped at IoU 0.35: nan
2025-07-27 01:36:25,163 - DEBUG - Collected collision time for BConcave+hConvex+4500_flipped at IoU 0.4: nan
2025-07-27 01:36:25,163 - DEBUG - Collected collision time for BConcave+hConvex+4500_flipped at IoU 0.45: nan
2025-07-27 01:36:25,163 - DEBUG - Collected collision time for BConcave+hConvex+4500_flipped at IoU 0.5: nan
2025-07-27 01:36:25,163 - DEBUG - Collected collision time for BConcave+hConvex+4500_flipped at IoU 0.55: nan
2025-07-27 01:36:25,164 - DEBUG - Collected collision time for BConcave+hConvex+4500_flipped at IoU 0.6: nan
2025-07-27 01:36:25,164 - DEBUG - Collected collision time for BConcave+hConvex+4500_flipped at IoU 0.65: nan
2025-07-27 01:36:25,164 - DEBUG - Collected collision time for BConcave+hConvex+4500_flipped at IoU 0.7: nan
2025-07-27 01:36:25,165 - DEBUG - Collected collision time for BConcave+hConvex+4500_flipped at IoU 0.75: nan
2025-07-27 01:36:25,165 - DEBUG - Collected collision time for BConcave+hConvex+4500_flipped at IoU 0.8: nan
2025-07-27 01:36:25,166 - DEBUG - Collected collision time for BConcave+hConvex+4500_flipped at IoU 0.85: nan
2025-07-27 01:36:25,166 - DEBUG - Collected collision time for BConcave+hConvex+4500_flipped at IoU 0.9: nan
2025-07-27 01:36:25,166 - DEBUG - Collected collision time for BConcave+hConvex+4500_flipped at IoU 0.95: nan
2025-07-27 01:36:25,166 - DEBUG - Collected collision time for squareA+squareP+4433+L at IoU 0.05: 4500.0
2025-07-27 01:36:25,166 - DEBUG - Collected collision time for squareA+squareP+4433+L at IoU 0.1: 4566.666666666666
2025-07-27 01:36:25,167 - DEBUG - Collected collision time for squareA+squareP+4433+L at IoU 0.15: 4666.666666666667
2025-07-27 01:36:25,167 - DEBUG - Collected collision time for squareA+squareP+4433+L at IoU 0.2: 4733.333333333333
2025-07-27 01:36:25,167 - DEBUG - Collected collision time for squareA+squareP+4433+L at IoU 0.25: 4783.333333333333
2025-07-27 01:36:25,167 - DEBUG - Collected collision time for squareA+squareP+4433+L at IoU 0.3: 4850.0
2025-07-27 01:36:25,168 - DEBUG - Collected collision time for squareA+squareP+4433+L at IoU 0.35: 4900.0
2025-07-27 01:36:25,168 - DEBUG - Collected collision time for squareA+squareP+4433+L at IoU 0.4: 4950.0
2025-07-27 01:36:25,168 - DEBUG - Collected collision time for squareA+squareP+4433+L at IoU 0.45: 5000.0
2025-07-27 01:36:25,169 - DEBUG - Collected collision time for squareA+squareP+4433+L at IoU 0.5: 5033.333333333333
2025-07-27 01:36:25,169 - DEBUG - Collected collision time for squareA+squareP+4433+L at IoU 0.55: 5066.666666666666
2025-07-27 01:36:25,169 - DEBUG - Collected collision time for squareA+squareP+4433+L at IoU 0.6: 5116.666666666666
2025-07-27 01:36:25,169 - DEBUG - Collected collision time for squareA+squareP+4433+L at IoU 0.65: 5150.0
2025-07-27 01:36:25,170 - DEBUG - Collected collision time for squareA+squareP+4433+L at IoU 0.7: 5200.0
2025-07-27 01:36:25,170 - DEBUG - Collected collision time for squareA+squareP+4433+L at IoU 0.75: 5216.666666666667
2025-07-27 01:36:25,170 - DEBUG - Collected collision time for squareA+squareP+4433+L at IoU 0.8: 5233.333333333333
2025-07-27 01:36:25,171 - DEBUG - Collected collision time for squareA+squareP+4433+L at IoU 0.85: 5283.333333333333
2025-07-27 01:36:25,171 - DEBUG - Collected collision time for squareA+squareP+4433+L at IoU 0.9: 5300.0
2025-07-27 01:36:25,171 - DEBUG - Collected collision time for squareA+squareP+4433+L at IoU 0.95: 5316.666666666666
2025-07-27 01:36:25,172 - DEBUG - Collected collision time for squareA+squareP+4433+R_flipped at IoU 0.05: 4516.666666666667
2025-07-27 01:36:25,172 - DEBUG - Collected collision time for squareA+squareP+4433+R_flipped at IoU 0.1: 4600.0
2025-07-27 01:36:25,172 - DEBUG - Collected collision time for squareA+squareP+4433+R_flipped at IoU 0.15: 4700.0
2025-07-27 01:36:25,173 - DEBUG - Collected collision time for squareA+squareP+4433+R_flipped at IoU 0.2: 4750.0
2025-07-27 01:36:25,173 - DEBUG - Collected collision time for squareA+squareP+4433+R_flipped at IoU 0.25: 4850.0
2025-07-27 01:36:25,174 - DEBUG - Collected collision time for squareA+squareP+4433+R_flipped at IoU 0.3: 4900.0
2025-07-27 01:36:25,174 - DEBUG - Collected collision time for squareA+squareP+4433+R_flipped at IoU 0.35: 4916.666666666667
2025-07-27 01:36:25,174 - DEBUG - Collected collision time for squareA+squareP+4433+R_flipped at IoU 0.4: 4966.666666666667
2025-07-27 01:36:25,174 - DEBUG - Collected collision time for squareA+squareP+4433+R_flipped at IoU 0.45: 5033.333333333333
2025-07-27 01:36:25,175 - DEBUG - Collected collision time for squareA+squareP+4433+R_flipped at IoU 0.5: 5083.333333333333
2025-07-27 01:36:25,175 - DEBUG - Collected collision time for squareA+squareP+4433+R_flipped at IoU 0.55: 5116.666666666666
2025-07-27 01:36:25,175 - DEBUG - Collected collision time for squareA+squareP+4433+R_flipped at IoU 0.6: 5150.0
2025-07-27 01:36:25,176 - DEBUG - Collected collision time for squareA+squareP+4433+R_flipped at IoU 0.65: 5200.0
2025-07-27 01:36:25,176 - DEBUG - Collected collision time for squareA+squareP+4433+R_flipped at IoU 0.7: 5233.333333333333
2025-07-27 01:36:25,176 - DEBUG - Collected collision time for squareA+squareP+4433+R_flipped at IoU 0.75: 5266.666666666667
2025-07-27 01:36:25,176 - DEBUG - Collected collision time for squareA+squareP+4433+R_flipped at IoU 0.8: 5283.333333333333
2025-07-27 01:36:25,177 - DEBUG - Collected collision time for squareA+squareP+4433+R_flipped at IoU 0.85: nan
2025-07-27 01:36:25,177 - DEBUG - Collected collision time for squareA+squareP+4433+R_flipped at IoU 0.9: nan
2025-07-27 01:36:25,177 - DEBUG - Collected collision time for squareA+squareP+4433+R_flipped at IoU 0.95: nan
2025-07-27 01:36:25,178 - INFO - Collected collision data for 99 videos
2025-07-27 01:36:25,178 - INFO - Analyzing participant correlations with proper name mapping...
2025-07-27 01:36:47,672 - INFO - Convex vs Concave analysis completed for IoU 0.05
2025-07-27 01:37:09,741 - INFO - Convex vs Concave analysis completed for IoU 0.1
2025-07-27 01:37:31,573 - INFO - Convex vs Concave analysis completed for IoU 0.15
2025-07-27 01:37:53,666 - INFO - Convex vs Concave analysis completed for IoU 0.2
2025-07-27 01:38:15,092 - INFO - Convex vs Concave analysis completed for IoU 0.25
2025-07-27 01:38:36,277 - INFO - Convex vs Concave analysis completed for IoU 0.3
2025-07-27 01:38:55,820 - INFO - Convex vs Concave analysis completed for IoU 0.35
2025-07-27 01:39:15,076 - INFO - Convex vs Concave analysis completed for IoU 0.4
2025-07-27 01:39:35,343 - INFO - Convex vs Concave analysis completed for IoU 0.45
2025-07-27 01:39:55,405 - INFO - Convex vs Concave analysis completed for IoU 0.5
2025-07-27 01:40:15,399 - INFO - Convex vs Concave analysis completed for IoU 0.55
2025-07-27 01:40:31,794 - INFO - Convex vs Concave analysis completed for IoU 0.6
2025-07-27 01:40:47,946 - INFO - Convex vs Concave analysis completed for IoU 0.65
2025-07-27 01:41:04,168 - INFO - Convex vs Concave analysis completed for IoU 0.7
2025-07-27 01:41:20,480 - INFO - Convex vs Concave analysis completed for IoU 0.75
2025-07-27 01:41:36,805 - INFO - Convex vs Concave analysis completed for IoU 0.8
2025-07-27 01:41:53,320 - INFO - Convex vs Concave analysis completed for IoU 0.85
2025-07-27 01:42:10,407 - INFO - Convex vs Concave analysis completed for IoU 0.9
2025-07-27 01:42:26,921 - INFO - Convex vs Concave analysis completed for IoU 0.95
2025-07-27 01:42:26,921 - INFO - TTC experiment completed successfully
