2025-07-27 02:11:26,797 - INFO - Logger initialized. Writing detailed log to /home/projects/bagon/andreyg/Projects/Object_reps_neural/Programming/hugging_face/model_experiments/segformer/exp2TTC_segformer-b2-finetuned-ade-512-512/logs/ttc_exp_20250727_021126.log
2025-07-27 02:11:26,797 - INFO - VideoProcessor initialized with 2 blobs to detect
2025-07-27 02:11:26,797 - INFO - Blob 1 memory strategy: running_average
2025-07-27 02:11:26,797 - INFO - Blob 1 running average window: 10
2025-07-27 02:11:26,797 - INFO - Blob 1 memory will freeze after frame: 80
2025-07-27 02:11:26,798 - INFO - Vanilla segmentation enabled
2025-07-27 02:11:26,798 - INFO - Initialized TTC Experiment with output dir: /home/projects/bagon/andreyg/Projects/Object_reps_neural/Programming/hugging_face/model_experiments/segformer/exp2TTC_segformer-b2-finetuned-ade-512-512
2025-07-27 02:11:26,798 - INFO - Model prefix: segformer_model
2025-07-27 02:11:26,798 - INFO - Debug mode: False
2025-07-27 02:11:26,798 - INFO - TTC-specific configuration:
2025-07-27 02:11:26,798 - INFO -   - Blob 1 memory: running average of past 10 frames
2025-07-27 02:11:26,798 - INFO -   - Blob 1 memory updates stop after frame 80
2025-07-27 02:11:26,798 - INFO - Starting full TTC experiment
2025-07-27 02:11:26,798 - INFO - Found 99 video files to process
2025-07-27 02:11:26,798 - INFO - Reading participant CSV from /home/projects/bagon/andreyg/Projects/Object_reps_neural/Programming/hugging_face/model_experiments/exp2TTC_files/experiment2-CollisionDetection-Data.csv...
2025-07-27 02:11:26,816 - INFO - CSV loaded with 13974 rows and 10 columns.
2025-07-27 02:11:26,816 - INFO - Reading name mapping from /home/projects/bagon/andreyg/Projects/Object_reps_neural/Programming/hugging_face/model_experiments/exp2TTC_files/name_mapping.json...
2025-07-27 02:11:26,817 - INFO - Loaded name mapping with 96 entries.
2025-07-27 02:11:26,817 - INFO - Starting collision detection across videos and IoU thresholds...
2025-07-27 02:11:26,818 - INFO - Processing video: AConcave_FConcave
2025-07-27 02:11:26,819 - INFO - Video AConcave_FConcave already processed (found segformer_model-AConcave_FConcave.mp4), skipping video processing...
2025-07-27 02:11:26,825 - INFO - VanillaSegmentationSaver initialized with output dir: /home/projects/bagon/andreyg/Projects/Object_reps_neural/Programming/hugging_face/model_experiments/segformer/exp2TTC_segformer-b2-finetuned-ade-512-512/processed_videos/segformer_model-AConcave_FConcave/org_segmentation
2025-07-27 02:11:26,829 - INFO - All collision results already exist for AConcave_FConcave
2025-07-27 02:11:26,829 - DEBUG - Loaded collision time for AConcave_FConcave at IoU 0.05: 3650.0
2025-07-27 02:11:26,830 - DEBUG - Loaded collision time for AConcave_FConcave at IoU 0.1: 3650.0
2025-07-27 02:11:26,830 - DEBUG - Loaded collision time for AConcave_FConcave at IoU 0.15: 3650.0
2025-07-27 02:11:26,831 - DEBUG - Loaded collision time for AConcave_FConcave at IoU 0.2: 3650.0
2025-07-27 02:11:26,831 - DEBUG - Loaded collision time for AConcave_FConcave at IoU 0.25: 3650.0
2025-07-27 02:11:26,832 - DEBUG - Loaded collision time for AConcave_FConcave at IoU 0.3: 3650.0
2025-07-27 02:11:26,832 - DEBUG - Loaded collision time for AConcave_FConcave at IoU 0.35: 3650.0
2025-07-27 02:11:26,833 - DEBUG - Loaded collision time for AConcave_FConcave at IoU 0.4: 3650.0
2025-07-27 02:11:26,833 - DEBUG - Loaded collision time for AConcave_FConcave at IoU 0.45: 3650.0
2025-07-27 02:11:26,834 - DEBUG - Loaded collision time for AConcave_FConcave at IoU 0.5: 3650.0
2025-07-27 02:11:26,834 - DEBUG - Loaded collision time for AConcave_FConcave at IoU 0.55: 3700.0
2025-07-27 02:11:26,835 - DEBUG - Loaded collision time for AConcave_FConcave at IoU 0.6: 4216.666666666667
2025-07-27 02:11:26,836 - DEBUG - Loaded collision time for AConcave_FConcave at IoU 0.65: 4233.333333333333
2025-07-27 02:11:26,836 - DEBUG - Loaded collision time for AConcave_FConcave at IoU 0.7: nan
2025-07-27 02:11:26,837 - DEBUG - Loaded collision time for AConcave_FConcave at IoU 0.75: nan
2025-07-27 02:11:26,837 - DEBUG - Loaded collision time for AConcave_FConcave at IoU 0.8: nan
2025-07-27 02:11:26,838 - DEBUG - Loaded collision time for AConcave_FConcave at IoU 0.85: nan
2025-07-27 02:11:26,838 - DEBUG - Loaded collision time for AConcave_FConcave at IoU 0.9: nan
2025-07-27 02:11:26,839 - DEBUG - Loaded collision time for AConcave_FConcave at IoU 0.95: nan
2025-07-27 02:11:26,839 - INFO - Processing video: BConcave+AConcave+3500
2025-07-27 02:11:26,840 - INFO - Video BConcave+AConcave+3500 already processed (found segformer_model-BConcave+AConcave+3500.mp4), skipping video processing...
2025-07-27 02:11:26,845 - INFO - VanillaSegmentationSaver initialized with output dir: /home/projects/bagon/andreyg/Projects/Object_reps_neural/Programming/hugging_face/model_experiments/segformer/exp2TTC_segformer-b2-finetuned-ade-512-512/processed_videos/segformer_model-BConcave+AConcave+3500/org_segmentation
2025-07-27 02:11:26,848 - INFO - All collision results already exist for BConcave+AConcave+3500
2025-07-27 02:11:26,848 - DEBUG - Loaded collision time for BConcave+AConcave+3500 at IoU 0.05: 3733.3333333333335
2025-07-27 02:11:26,849 - DEBUG - Loaded collision time for BConcave+AConcave+3500 at IoU 0.1: 3800.0
2025-07-27 02:11:26,850 - DEBUG - Loaded collision time for BConcave+AConcave+3500 at IoU 0.15: 3866.6666666666665
2025-07-27 02:11:26,850 - DEBUG - Loaded collision time for BConcave+AConcave+3500 at IoU 0.2: 3933.333333333333
2025-07-27 02:11:26,851 - DEBUG - Loaded collision time for BConcave+AConcave+3500 at IoU 0.25: 3983.3333333333335
2025-07-27 02:11:26,851 - DEBUG - Loaded collision time for BConcave+AConcave+3500 at IoU 0.3: 4033.333333333333
2025-07-27 02:11:26,852 - DEBUG - Loaded collision time for BConcave+AConcave+3500 at IoU 0.35: nan
2025-07-27 02:11:26,853 - DEBUG - Loaded collision time for BConcave+AConcave+3500 at IoU 0.4: nan
2025-07-27 02:11:26,853 - DEBUG - Loaded collision time for BConcave+AConcave+3500 at IoU 0.45: nan
2025-07-27 02:11:26,854 - DEBUG - Loaded collision time for BConcave+AConcave+3500 at IoU 0.5: nan
2025-07-27 02:11:26,854 - DEBUG - Loaded collision time for BConcave+AConcave+3500 at IoU 0.55: nan
2025-07-27 02:11:26,855 - DEBUG - Loaded collision time for BConcave+AConcave+3500 at IoU 0.6: nan
2025-07-27 02:11:26,855 - DEBUG - Loaded collision time for BConcave+AConcave+3500 at IoU 0.65: nan
2025-07-27 02:11:26,856 - DEBUG - Loaded collision time for BConcave+AConcave+3500 at IoU 0.7: nan
2025-07-27 02:11:26,856 - DEBUG - Loaded collision time for BConcave+AConcave+3500 at IoU 0.75: nan
2025-07-27 02:11:26,857 - DEBUG - Loaded collision time for BConcave+AConcave+3500 at IoU 0.8: nan
2025-07-27 02:11:26,857 - DEBUG - Loaded collision time for BConcave+AConcave+3500 at IoU 0.85: nan
2025-07-27 02:11:26,858 - DEBUG - Loaded collision time for BConcave+AConcave+3500 at IoU 0.9: nan
2025-07-27 02:11:26,859 - DEBUG - Loaded collision time for BConcave+AConcave+3500 at IoU 0.95: nan
2025-07-27 02:11:26,859 - INFO - Processing video: BConcave+AConcave+3700_flipped
2025-07-27 02:11:26,860 - INFO - Video BConcave+AConcave+3700_flipped already processed (found segformer_model-BConcave+AConcave+3700_flipped.mp4), skipping video processing...
2025-07-27 02:11:26,865 - INFO - VanillaSegmentationSaver initialized with output dir: /home/projects/bagon/andreyg/Projects/Object_reps_neural/Programming/hugging_face/model_experiments/segformer/exp2TTC_segformer-b2-finetuned-ade-512-512/processed_videos/segformer_model-BConcave+AConcave+3700_flipped/org_segmentation
2025-07-27 02:11:26,868 - INFO - All collision results already exist for BConcave+AConcave+3700_flipped
2025-07-27 02:11:26,868 - DEBUG - Loaded collision time for BConcave+AConcave+3700_flipped at IoU 0.05: 3850.0
2025-07-27 02:11:26,869 - DEBUG - Loaded collision time for BConcave+AConcave+3700_flipped at IoU 0.1: 3983.3333333333335
2025-07-27 02:11:26,869 - DEBUG - Loaded collision time for BConcave+AConcave+3700_flipped at IoU 0.15: 4050.0
2025-07-27 02:11:26,870 - DEBUG - Loaded collision time for BConcave+AConcave+3700_flipped at IoU 0.2: 4233.333333333333
2025-07-27 02:11:26,871 - DEBUG - Loaded collision time for BConcave+AConcave+3700_flipped at IoU 0.25: 4300.0
2025-07-27 02:11:26,871 - DEBUG - Loaded collision time for BConcave+AConcave+3700_flipped at IoU 0.3: nan
2025-07-27 02:11:26,872 - DEBUG - Loaded collision time for BConcave+AConcave+3700_flipped at IoU 0.35: nan
2025-07-27 02:11:26,872 - DEBUG - Loaded collision time for BConcave+AConcave+3700_flipped at IoU 0.4: nan
2025-07-27 02:11:26,873 - DEBUG - Loaded collision time for BConcave+AConcave+3700_flipped at IoU 0.45: nan
2025-07-27 02:11:26,873 - DEBUG - Loaded collision time for BConcave+AConcave+3700_flipped at IoU 0.5: nan
2025-07-27 02:11:26,874 - DEBUG - Loaded collision time for BConcave+AConcave+3700_flipped at IoU 0.55: nan
2025-07-27 02:11:26,874 - DEBUG - Loaded collision time for BConcave+AConcave+3700_flipped at IoU 0.6: nan
2025-07-27 02:11:26,875 - DEBUG - Loaded collision time for BConcave+AConcave+3700_flipped at IoU 0.65: nan
2025-07-27 02:11:26,875 - DEBUG - Loaded collision time for BConcave+AConcave+3700_flipped at IoU 0.7: nan
2025-07-27 02:11:26,876 - DEBUG - Loaded collision time for BConcave+AConcave+3700_flipped at IoU 0.75: nan
2025-07-27 02:11:26,877 - DEBUG - Loaded collision time for BConcave+AConcave+3700_flipped at IoU 0.8: nan
2025-07-27 02:11:26,877 - DEBUG - Loaded collision time for BConcave+AConcave+3700_flipped at IoU 0.85: nan
2025-07-27 02:11:26,878 - DEBUG - Loaded collision time for BConcave+AConcave+3700_flipped at IoU 0.9: nan
2025-07-27 02:11:26,878 - DEBUG - Loaded collision time for BConcave+AConcave+3700_flipped at IoU 0.95: nan
2025-07-27 02:11:26,878 - INFO - Processing video: BConcave+AConcave+3900
2025-07-27 02:11:26,879 - INFO - Video BConcave+AConcave+3900 already processed (found segformer_model-BConcave+AConcave+3900.mp4), skipping video processing...
2025-07-27 02:11:26,884 - INFO - VanillaSegmentationSaver initialized with output dir: /home/projects/bagon/andreyg/Projects/Object_reps_neural/Programming/hugging_face/model_experiments/segformer/exp2TTC_segformer-b2-finetuned-ade-512-512/processed_videos/segformer_model-BConcave+AConcave+3900/org_segmentation
2025-07-27 02:11:26,887 - INFO - All collision results already exist for BConcave+AConcave+3900
2025-07-27 02:11:26,888 - DEBUG - Loaded collision time for BConcave+AConcave+3900 at IoU 0.05: 4166.666666666667
2025-07-27 02:11:26,888 - DEBUG - Loaded collision time for BConcave+AConcave+3900 at IoU 0.1: 4216.666666666667
2025-07-27 02:11:26,889 - DEBUG - Loaded collision time for BConcave+AConcave+3900 at IoU 0.15: 4283.333333333333
2025-07-27 02:11:26,889 - DEBUG - Loaded collision time for BConcave+AConcave+3900 at IoU 0.2: 4383.333333333334
2025-07-27 02:11:26,890 - DEBUG - Loaded collision time for BConcave+AConcave+3900 at IoU 0.25: nan
2025-07-27 02:11:26,890 - DEBUG - Loaded collision time for BConcave+AConcave+3900 at IoU 0.3: nan
2025-07-27 02:11:26,891 - DEBUG - Loaded collision time for BConcave+AConcave+3900 at IoU 0.35: nan
2025-07-27 02:11:26,892 - DEBUG - Loaded collision time for BConcave+AConcave+3900 at IoU 0.4: nan
2025-07-27 02:11:26,892 - DEBUG - Loaded collision time for BConcave+AConcave+3900 at IoU 0.45: nan
2025-07-27 02:11:26,893 - DEBUG - Loaded collision time for BConcave+AConcave+3900 at IoU 0.5: nan
2025-07-27 02:11:26,893 - DEBUG - Loaded collision time for BConcave+AConcave+3900 at IoU 0.55: nan
2025-07-27 02:11:26,894 - DEBUG - Loaded collision time for BConcave+AConcave+3900 at IoU 0.6: nan
2025-07-27 02:11:26,894 - DEBUG - Loaded collision time for BConcave+AConcave+3900 at IoU 0.65: nan
2025-07-27 02:11:26,895 - DEBUG - Loaded collision time for BConcave+AConcave+3900 at IoU 0.7: nan
2025-07-27 02:11:26,896 - DEBUG - Loaded collision time for BConcave+AConcave+3900 at IoU 0.75: nan
2025-07-27 02:11:26,896 - DEBUG - Loaded collision time for BConcave+AConcave+3900 at IoU 0.8: nan
2025-07-27 02:11:26,897 - DEBUG - Loaded collision time for BConcave+AConcave+3900 at IoU 0.85: nan
2025-07-27 02:11:26,897 - DEBUG - Loaded collision time for BConcave+AConcave+3900 at IoU 0.9: nan
2025-07-27 02:11:26,898 - DEBUG - Loaded collision time for BConcave+AConcave+3900 at IoU 0.95: nan
2025-07-27 02:11:26,898 - INFO - Processing video: BConcave+AConcave+4100_flipped
2025-07-27 02:11:26,899 - INFO - Video BConcave+AConcave+4100_flipped already processed (found segformer_model-BConcave+AConcave+4100_flipped.mp4), skipping video processing...
2025-07-27 02:11:26,904 - INFO - VanillaSegmentationSaver initialized with output dir: /home/projects/bagon/andreyg/Projects/Object_reps_neural/Programming/hugging_face/model_experiments/segformer/exp2TTC_segformer-b2-finetuned-ade-512-512/processed_videos/segformer_model-BConcave+AConcave+4100_flipped/org_segmentation
2025-07-27 02:11:26,908 - INFO - All collision results already exist for BConcave+AConcave+4100_flipped
2025-07-27 02:11:26,908 - DEBUG - Loaded collision time for BConcave+AConcave+4100_flipped at IoU 0.05: 4350.0
2025-07-27 02:11:26,909 - DEBUG - Loaded collision time for BConcave+AConcave+4100_flipped at IoU 0.1: 4416.666666666667
2025-07-27 02:11:26,909 - DEBUG - Loaded collision time for BConcave+AConcave+4100_flipped at IoU 0.15: 4483.333333333333
2025-07-27 02:11:26,910 - DEBUG - Loaded collision time for BConcave+AConcave+4100_flipped at IoU 0.2: 4550.0
2025-07-27 02:11:26,910 - DEBUG - Loaded collision time for BConcave+AConcave+4100_flipped at IoU 0.25: 4600.0
2025-07-27 02:11:26,911 - DEBUG - Loaded collision time for BConcave+AConcave+4100_flipped at IoU 0.3: 4650.0
2025-07-27 02:11:26,912 - DEBUG - Loaded collision time for BConcave+AConcave+4100_flipped at IoU 0.35: nan
2025-07-27 02:11:26,912 - DEBUG - Loaded collision time for BConcave+AConcave+4100_flipped at IoU 0.4: nan
2025-07-27 02:11:26,913 - DEBUG - Loaded collision time for BConcave+AConcave+4100_flipped at IoU 0.45: nan
2025-07-27 02:11:26,913 - DEBUG - Loaded collision time for BConcave+AConcave+4100_flipped at IoU 0.5: nan
2025-07-27 02:11:26,914 - DEBUG - Loaded collision time for BConcave+AConcave+4100_flipped at IoU 0.55: nan
2025-07-27 02:11:26,914 - DEBUG - Loaded collision time for BConcave+AConcave+4100_flipped at IoU 0.6: nan
2025-07-27 02:11:26,915 - DEBUG - Loaded collision time for BConcave+AConcave+4100_flipped at IoU 0.65: nan
2025-07-27 02:11:26,916 - DEBUG - Loaded collision time for BConcave+AConcave+4100_flipped at IoU 0.7: nan
2025-07-27 02:11:26,916 - DEBUG - Loaded collision time for BConcave+AConcave+4100_flipped at IoU 0.75: nan
2025-07-27 02:11:26,917 - DEBUG - Loaded collision time for BConcave+AConcave+4100_flipped at IoU 0.8: nan
2025-07-27 02:11:26,917 - DEBUG - Loaded collision time for BConcave+AConcave+4100_flipped at IoU 0.85: nan
2025-07-27 02:11:26,918 - DEBUG - Loaded collision time for BConcave+AConcave+4100_flipped at IoU 0.9: nan
2025-07-27 02:11:26,918 - DEBUG - Loaded collision time for BConcave+AConcave+4100_flipped at IoU 0.95: nan
2025-07-27 02:11:26,918 - INFO - Processing video: BConcave+AConcave+4300
2025-07-27 02:11:26,919 - INFO - Video BConcave+AConcave+4300 already processed (found segformer_model-BConcave+AConcave+4300.mp4), skipping video processing...
2025-07-27 02:11:26,925 - INFO - VanillaSegmentationSaver initialized with output dir: /home/projects/bagon/andreyg/Projects/Object_reps_neural/Programming/hugging_face/model_experiments/segformer/exp2TTC_segformer-b2-finetuned-ade-512-512/processed_videos/segformer_model-BConcave+AConcave+4300/org_segmentation
2025-07-27 02:11:26,928 - INFO - All collision results already exist for BConcave+AConcave+4300
2025-07-27 02:11:26,928 - DEBUG - Loaded collision time for BConcave+AConcave+4300 at IoU 0.05: 4516.666666666667
2025-07-27 02:11:26,929 - DEBUG - Loaded collision time for BConcave+AConcave+4300 at IoU 0.1: 4600.0
2025-07-27 02:11:26,929 - DEBUG - Loaded collision time for BConcave+AConcave+4300 at IoU 0.15: 4666.666666666667
2025-07-27 02:11:26,930 - DEBUG - Loaded collision time for BConcave+AConcave+4300 at IoU 0.2: 4733.333333333333
2025-07-27 02:11:26,931 - DEBUG - Loaded collision time for BConcave+AConcave+4300 at IoU 0.25: 4783.333333333333
2025-07-27 02:11:26,931 - DEBUG - Loaded collision time for BConcave+AConcave+4300 at IoU 0.3: 4833.333333333333
2025-07-27 02:11:26,932 - DEBUG - Loaded collision time for BConcave+AConcave+4300 at IoU 0.35: nan
2025-07-27 02:11:26,932 - DEBUG - Loaded collision time for BConcave+AConcave+4300 at IoU 0.4: nan
2025-07-27 02:11:26,933 - DEBUG - Loaded collision time for BConcave+AConcave+4300 at IoU 0.45: nan
2025-07-27 02:11:26,934 - DEBUG - Loaded collision time for BConcave+AConcave+4300 at IoU 0.5: nan
2025-07-27 02:11:26,934 - DEBUG - Loaded collision time for BConcave+AConcave+4300 at IoU 0.55: nan
2025-07-27 02:11:26,935 - DEBUG - Loaded collision time for BConcave+AConcave+4300 at IoU 0.6: nan
2025-07-27 02:11:26,935 - DEBUG - Loaded collision time for BConcave+AConcave+4300 at IoU 0.65: nan
2025-07-27 02:11:26,936 - DEBUG - Loaded collision time for BConcave+AConcave+4300 at IoU 0.7: nan
2025-07-27 02:11:26,936 - DEBUG - Loaded collision time for BConcave+AConcave+4300 at IoU 0.75: nan
2025-07-27 02:11:26,937 - DEBUG - Loaded collision time for BConcave+AConcave+4300 at IoU 0.8: nan
2025-07-27 02:11:26,938 - DEBUG - Loaded collision time for BConcave+AConcave+4300 at IoU 0.85: nan
2025-07-27 02:11:26,938 - DEBUG - Loaded collision time for BConcave+AConcave+4300 at IoU 0.9: nan
2025-07-27 02:11:26,939 - DEBUG - Loaded collision time for BConcave+AConcave+4300 at IoU 0.95: nan
2025-07-27 02:11:26,939 - INFO - Processing video: BConcave+AConcave+4500_flipped
2025-07-27 02:11:26,940 - INFO - Video BConcave+AConcave+4500_flipped already processed (found segformer_model-BConcave+AConcave+4500_flipped.mp4), skipping video processing...
2025-07-27 02:11:26,945 - INFO - VanillaSegmentationSaver initialized with output dir: /home/projects/bagon/andreyg/Projects/Object_reps_neural/Programming/hugging_face/model_experiments/segformer/exp2TTC_segformer-b2-finetuned-ade-512-512/processed_videos/segformer_model-BConcave+AConcave+4500_flipped/org_segmentation
2025-07-27 02:11:26,949 - INFO - All collision results already exist for BConcave+AConcave+4500_flipped
2025-07-27 02:11:26,949 - DEBUG - Loaded collision time for BConcave+AConcave+4500_flipped at IoU 0.05: 4766.666666666667
2025-07-27 02:11:26,950 - DEBUG - Loaded collision time for BConcave+AConcave+4500_flipped at IoU 0.1: 4833.333333333333
2025-07-27 02:11:26,950 - DEBUG - Loaded collision time for BConcave+AConcave+4500_flipped at IoU 0.15: 4883.333333333334
2025-07-27 02:11:26,951 - DEBUG - Loaded collision time for BConcave+AConcave+4500_flipped at IoU 0.2: 4950.0
2025-07-27 02:11:26,951 - DEBUG - Loaded collision time for BConcave+AConcave+4500_flipped at IoU 0.25: 5000.0
2025-07-27 02:11:26,952 - DEBUG - Loaded collision time for BConcave+AConcave+4500_flipped at IoU 0.3: 5083.333333333333
2025-07-27 02:11:26,953 - DEBUG - Loaded collision time for BConcave+AConcave+4500_flipped at IoU 0.35: nan
2025-07-27 02:11:26,953 - DEBUG - Loaded collision time for BConcave+AConcave+4500_flipped at IoU 0.4: nan
2025-07-27 02:11:26,954 - DEBUG - Loaded collision time for BConcave+AConcave+4500_flipped at IoU 0.45: nan
2025-07-27 02:11:26,954 - DEBUG - Loaded collision time for BConcave+AConcave+4500_flipped at IoU 0.5: nan
2025-07-27 02:11:26,955 - DEBUG - Loaded collision time for BConcave+AConcave+4500_flipped at IoU 0.55: nan
2025-07-27 02:11:26,955 - DEBUG - Loaded collision time for BConcave+AConcave+4500_flipped at IoU 0.6: nan
2025-07-27 02:11:26,956 - DEBUG - Loaded collision time for BConcave+AConcave+4500_flipped at IoU 0.65: nan
2025-07-27 02:11:26,956 - DEBUG - Loaded collision time for BConcave+AConcave+4500_flipped at IoU 0.7: nan
2025-07-27 02:11:26,957 - DEBUG - Loaded collision time for BConcave+AConcave+4500_flipped at IoU 0.75: nan
2025-07-27 02:11:26,958 - DEBUG - Loaded collision time for BConcave+AConcave+4500_flipped at IoU 0.8: nan
2025-07-27 02:11:26,958 - DEBUG - Loaded collision time for BConcave+AConcave+4500_flipped at IoU 0.85: nan
2025-07-27 02:11:26,959 - DEBUG - Loaded collision time for BConcave+AConcave+4500_flipped at IoU 0.9: nan
2025-07-27 02:11:26,959 - DEBUG - Loaded collision time for BConcave+AConcave+4500_flipped at IoU 0.95: nan
2025-07-27 02:11:26,959 - INFO - Processing video: BConcave+AConvex+3500_flipped
2025-07-27 02:11:26,960 - INFO - Video BConcave+AConvex+3500_flipped already processed (found segformer_model-BConcave+AConvex+3500_flipped.mp4), skipping video processing...
2025-07-27 02:11:26,965 - INFO - VanillaSegmentationSaver initialized with output dir: /home/projects/bagon/andreyg/Projects/Object_reps_neural/Programming/hugging_face/model_experiments/segformer/exp2TTC_segformer-b2-finetuned-ade-512-512/processed_videos/segformer_model-BConcave+AConvex+3500_flipped/org_segmentation
2025-07-27 02:11:26,968 - INFO - All collision results already exist for BConcave+AConvex+3500_flipped
2025-07-27 02:11:26,969 - DEBUG - Loaded collision time for BConcave+AConvex+3500_flipped at IoU 0.05: 3900.0
2025-07-27 02:11:26,969 - DEBUG - Loaded collision time for BConcave+AConvex+3500_flipped at IoU 0.1: 4066.6666666666665
2025-07-27 02:11:26,970 - DEBUG - Loaded collision time for BConcave+AConvex+3500_flipped at IoU 0.15: 4216.666666666667
2025-07-27 02:11:26,970 - DEBUG - Loaded collision time for BConcave+AConvex+3500_flipped at IoU 0.2: nan
2025-07-27 02:11:26,971 - DEBUG - Loaded collision time for BConcave+AConvex+3500_flipped at IoU 0.25: nan
2025-07-27 02:11:26,971 - DEBUG - Loaded collision time for BConcave+AConvex+3500_flipped at IoU 0.3: nan
2025-07-27 02:11:26,972 - DEBUG - Loaded collision time for BConcave+AConvex+3500_flipped at IoU 0.35: nan
2025-07-27 02:11:26,972 - DEBUG - Loaded collision time for BConcave+AConvex+3500_flipped at IoU 0.4: nan
2025-07-27 02:11:26,973 - DEBUG - Loaded collision time for BConcave+AConvex+3500_flipped at IoU 0.45: nan
2025-07-27 02:11:26,974 - DEBUG - Loaded collision time for BConcave+AConvex+3500_flipped at IoU 0.5: nan
2025-07-27 02:11:26,974 - DEBUG - Loaded collision time for BConcave+AConvex+3500_flipped at IoU 0.55: nan
2025-07-27 02:11:26,975 - DEBUG - Loaded collision time for BConcave+AConvex+3500_flipped at IoU 0.6: nan
2025-07-27 02:11:26,975 - DEBUG - Loaded collision time for BConcave+AConvex+3500_flipped at IoU 0.65: nan
2025-07-27 02:11:26,976 - DEBUG - Loaded collision time for BConcave+AConvex+3500_flipped at IoU 0.7: nan
2025-07-27 02:11:26,976 - DEBUG - Loaded collision time for BConcave+AConvex+3500_flipped at IoU 0.75: nan
2025-07-27 02:11:26,977 - DEBUG - Loaded collision time for BConcave+AConvex+3500_flipped at IoU 0.8: nan
2025-07-27 02:11:26,977 - DEBUG - Loaded collision time for BConcave+AConvex+3500_flipped at IoU 0.85: nan
2025-07-27 02:11:26,978 - DEBUG - Loaded collision time for BConcave+AConvex+3500_flipped at IoU 0.9: nan
2025-07-27 02:11:26,978 - DEBUG - Loaded collision time for BConcave+AConvex+3500_flipped at IoU 0.95: nan
2025-07-27 02:11:26,979 - INFO - Processing video: BConcave+AConvex+3700
2025-07-27 02:11:26,980 - INFO - Video BConcave+AConvex+3700 already processed (found segformer_model-BConcave+AConvex+3700.mp4), skipping video processing...
2025-07-27 02:11:26,985 - INFO - VanillaSegmentationSaver initialized with output dir: /home/projects/bagon/andreyg/Projects/Object_reps_neural/Programming/hugging_face/model_experiments/segformer/exp2TTC_segformer-b2-finetuned-ade-512-512/processed_videos/segformer_model-BConcave+AConvex+3700/org_segmentation
2025-07-27 02:11:26,988 - INFO - All collision results already exist for BConcave+AConvex+3700
2025-07-27 02:11:26,988 - DEBUG - Loaded collision time for BConcave+AConvex+3700 at IoU 0.05: 4250.0
2025-07-27 02:11:26,989 - DEBUG - Loaded collision time for BConcave+AConvex+3700 at IoU 0.1: 4633.333333333334
2025-07-27 02:11:26,990 - DEBUG - Loaded collision time for BConcave+AConvex+3700 at IoU 0.15: nan
2025-07-27 02:11:26,990 - DEBUG - Loaded collision time for BConcave+AConvex+3700 at IoU 0.2: nan
2025-07-27 02:11:26,991 - DEBUG - Loaded collision time for BConcave+AConvex+3700 at IoU 0.25: nan
2025-07-27 02:11:26,991 - DEBUG - Loaded collision time for BConcave+AConvex+3700 at IoU 0.3: nan
2025-07-27 02:11:26,992 - DEBUG - Loaded collision time for BConcave+AConvex+3700 at IoU 0.35: nan
2025-07-27 02:11:26,992 - DEBUG - Loaded collision time for BConcave+AConvex+3700 at IoU 0.4: nan
2025-07-27 02:11:26,993 - DEBUG - Loaded collision time for BConcave+AConvex+3700 at IoU 0.45: nan
2025-07-27 02:11:26,993 - DEBUG - Loaded collision time for BConcave+AConvex+3700 at IoU 0.5: nan
2025-07-27 02:11:26,994 - DEBUG - Loaded collision time for BConcave+AConvex+3700 at IoU 0.55: nan
2025-07-27 02:11:26,995 - DEBUG - Loaded collision time for BConcave+AConvex+3700 at IoU 0.6: nan
2025-07-27 02:11:26,995 - DEBUG - Loaded collision time for BConcave+AConvex+3700 at IoU 0.65: nan
2025-07-27 02:11:26,996 - DEBUG - Loaded collision time for BConcave+AConvex+3700 at IoU 0.7: nan
2025-07-27 02:11:26,996 - DEBUG - Loaded collision time for BConcave+AConvex+3700 at IoU 0.75: nan
2025-07-27 02:11:26,997 - DEBUG - Loaded collision time for BConcave+AConvex+3700 at IoU 0.8: nan
2025-07-27 02:11:26,997 - DEBUG - Loaded collision time for BConcave+AConvex+3700 at IoU 0.85: nan
2025-07-27 02:11:26,998 - DEBUG - Loaded collision time for BConcave+AConvex+3700 at IoU 0.9: nan
2025-07-27 02:11:26,998 - DEBUG - Loaded collision time for BConcave+AConvex+3700 at IoU 0.95: nan
2025-07-27 02:11:26,999 - INFO - Processing video: BConcave+AConvex+3900_flipped
2025-07-27 02:11:27,000 - INFO - Video BConcave+AConvex+3900_flipped already processed (found segformer_model-BConcave+AConvex+3900_flipped.mp4), skipping video processing...
2025-07-27 02:11:27,005 - INFO - VanillaSegmentationSaver initialized with output dir: /home/projects/bagon/andreyg/Projects/Object_reps_neural/Programming/hugging_face/model_experiments/segformer/exp2TTC_segformer-b2-finetuned-ade-512-512/processed_videos/segformer_model-BConcave+AConvex+3900_flipped/org_segmentation
2025-07-27 02:11:27,008 - INFO - All collision results already exist for BConcave+AConvex+3900_flipped
2025-07-27 02:11:27,008 - DEBUG - Loaded collision time for BConcave+AConvex+3900_flipped at IoU 0.05: nan
2025-07-27 02:11:27,009 - DEBUG - Loaded collision time for BConcave+AConvex+3900_flipped at IoU 0.1: nan
2025-07-27 02:11:27,010 - DEBUG - Loaded collision time for BConcave+AConvex+3900_flipped at IoU 0.15: nan
2025-07-27 02:11:27,010 - DEBUG - Loaded collision time for BConcave+AConvex+3900_flipped at IoU 0.2: nan
2025-07-27 02:11:27,011 - DEBUG - Loaded collision time for BConcave+AConvex+3900_flipped at IoU 0.25: nan
2025-07-27 02:11:27,011 - DEBUG - Loaded collision time for BConcave+AConvex+3900_flipped at IoU 0.3: nan
2025-07-27 02:11:27,012 - DEBUG - Loaded collision time for BConcave+AConvex+3900_flipped at IoU 0.35: nan
2025-07-27 02:11:27,013 - DEBUG - Loaded collision time for BConcave+AConvex+3900_flipped at IoU 0.4: nan
2025-07-27 02:11:27,013 - DEBUG - Loaded collision time for BConcave+AConvex+3900_flipped at IoU 0.45: nan
2025-07-27 02:11:27,014 - DEBUG - Loaded collision time for BConcave+AConvex+3900_flipped at IoU 0.5: nan
2025-07-27 02:11:27,014 - DEBUG - Loaded collision time for BConcave+AConvex+3900_flipped at IoU 0.55: nan
2025-07-27 02:11:27,015 - DEBUG - Loaded collision time for BConcave+AConvex+3900_flipped at IoU 0.6: nan
2025-07-27 02:11:27,015 - DEBUG - Loaded collision time for BConcave+AConvex+3900_flipped at IoU 0.65: nan
2025-07-27 02:11:27,016 - DEBUG - Loaded collision time for BConcave+AConvex+3900_flipped at IoU 0.7: nan
2025-07-27 02:11:27,017 - DEBUG - Loaded collision time for BConcave+AConvex+3900_flipped at IoU 0.75: nan
2025-07-27 02:11:27,017 - DEBUG - Loaded collision time for BConcave+AConvex+3900_flipped at IoU 0.8: nan
2025-07-27 02:11:27,018 - DEBUG - Loaded collision time for BConcave+AConvex+3900_flipped at IoU 0.85: nan
2025-07-27 02:11:27,018 - DEBUG - Loaded collision time for BConcave+AConvex+3900_flipped at IoU 0.9: nan
2025-07-27 02:11:27,019 - DEBUG - Loaded collision time for BConcave+AConvex+3900_flipped at IoU 0.95: nan
2025-07-27 02:11:27,019 - INFO - Processing video: BConcave+AConvex+4100
2025-07-27 02:11:27,020 - INFO - Video BConcave+AConvex+4100 already processed (found segformer_model-BConcave+AConvex+4100.mp4), skipping video processing...
2025-07-27 02:11:27,025 - INFO - VanillaSegmentationSaver initialized with output dir: /home/projects/bagon/andreyg/Projects/Object_reps_neural/Programming/hugging_face/model_experiments/segformer/exp2TTC_segformer-b2-finetuned-ade-512-512/processed_videos/segformer_model-BConcave+AConvex+4100/org_segmentation
2025-07-27 02:11:27,028 - INFO - All collision results already exist for BConcave+AConvex+4100
2025-07-27 02:11:27,029 - DEBUG - Loaded collision time for BConcave+AConvex+4100 at IoU 0.05: 4516.666666666667
2025-07-27 02:11:27,030 - DEBUG - Loaded collision time for BConcave+AConvex+4100 at IoU 0.1: 4650.0
2025-07-27 02:11:27,030 - DEBUG - Loaded collision time for BConcave+AConvex+4100 at IoU 0.15: 4783.333333333333
2025-07-27 02:11:27,031 - DEBUG - Loaded collision time for BConcave+AConvex+4100 at IoU 0.2: 5050.0
2025-07-27 02:11:27,031 - DEBUG - Loaded collision time for BConcave+AConvex+4100 at IoU 0.25: nan
2025-07-27 02:11:27,032 - DEBUG - Loaded collision time for BConcave+AConvex+4100 at IoU 0.3: nan
2025-07-27 02:11:27,032 - DEBUG - Loaded collision time for BConcave+AConvex+4100 at IoU 0.35: nan
2025-07-27 02:11:27,033 - DEBUG - Loaded collision time for BConcave+AConvex+4100 at IoU 0.4: nan
2025-07-27 02:11:27,033 - DEBUG - Loaded collision time for BConcave+AConvex+4100 at IoU 0.45: nan
2025-07-27 02:11:27,034 - DEBUG - Loaded collision time for BConcave+AConvex+4100 at IoU 0.5: nan
2025-07-27 02:11:27,035 - DEBUG - Loaded collision time for BConcave+AConvex+4100 at IoU 0.55: nan
2025-07-27 02:11:27,035 - DEBUG - Loaded collision time for BConcave+AConvex+4100 at IoU 0.6: nan
2025-07-27 02:11:27,036 - DEBUG - Loaded collision time for BConcave+AConvex+4100 at IoU 0.65: nan
2025-07-27 02:11:27,036 - DEBUG - Loaded collision time for BConcave+AConvex+4100 at IoU 0.7: nan
2025-07-27 02:11:27,037 - DEBUG - Loaded collision time for BConcave+AConvex+4100 at IoU 0.75: nan
2025-07-27 02:11:27,037 - DEBUG - Loaded collision time for BConcave+AConvex+4100 at IoU 0.8: nan
2025-07-27 02:11:27,038 - DEBUG - Loaded collision time for BConcave+AConvex+4100 at IoU 0.85: nan
2025-07-27 02:11:27,038 - DEBUG - Loaded collision time for BConcave+AConvex+4100 at IoU 0.9: nan
2025-07-27 02:11:27,039 - DEBUG - Loaded collision time for BConcave+AConvex+4100 at IoU 0.95: nan
2025-07-27 02:11:27,039 - INFO - Processing video: BConcave+AConvex+4300_flipped
2025-07-27 02:11:27,040 - INFO - Video BConcave+AConvex+4300_flipped already processed (found segformer_model-BConcave+AConvex+4300_flipped.mp4), skipping video processing...
2025-07-27 02:11:27,045 - INFO - VanillaSegmentationSaver initialized with output dir: /home/projects/bagon/andreyg/Projects/Object_reps_neural/Programming/hugging_face/model_experiments/segformer/exp2TTC_segformer-b2-finetuned-ade-512-512/processed_videos/segformer_model-BConcave+AConvex+4300_flipped/org_segmentation
2025-07-27 02:11:27,048 - INFO - All collision results already exist for BConcave+AConvex+4300_flipped
2025-07-27 02:11:27,049 - DEBUG - Loaded collision time for BConcave+AConvex+4300_flipped at IoU 0.05: 4750.0
2025-07-27 02:11:27,049 - DEBUG - Loaded collision time for BConcave+AConvex+4300_flipped at IoU 0.1: 4900.0
2025-07-27 02:11:27,050 - DEBUG - Loaded collision time for BConcave+AConvex+4300_flipped at IoU 0.15: 5000.0
2025-07-27 02:11:27,051 - DEBUG - Loaded collision time for BConcave+AConvex+4300_flipped at IoU 0.2: 5383.333333333334
2025-07-27 02:11:27,051 - DEBUG - Loaded collision time for BConcave+AConvex+4300_flipped at IoU 0.25: nan
2025-07-27 02:11:27,052 - DEBUG - Loaded collision time for BConcave+AConvex+4300_flipped at IoU 0.3: nan
2025-07-27 02:11:27,052 - DEBUG - Loaded collision time for BConcave+AConvex+4300_flipped at IoU 0.35: nan
2025-07-27 02:11:27,053 - DEBUG - Loaded collision time for BConcave+AConvex+4300_flipped at IoU 0.4: nan
2025-07-27 02:11:27,054 - DEBUG - Loaded collision time for BConcave+AConvex+4300_flipped at IoU 0.45: nan
2025-07-27 02:11:27,054 - DEBUG - Loaded collision time for BConcave+AConvex+4300_flipped at IoU 0.5: nan
2025-07-27 02:11:27,055 - DEBUG - Loaded collision time for BConcave+AConvex+4300_flipped at IoU 0.55: nan
2025-07-27 02:11:27,055 - DEBUG - Loaded collision time for BConcave+AConvex+4300_flipped at IoU 0.6: nan
2025-07-27 02:11:27,056 - DEBUG - Loaded collision time for BConcave+AConvex+4300_flipped at IoU 0.65: nan
2025-07-27 02:11:27,056 - DEBUG - Loaded collision time for BConcave+AConvex+4300_flipped at IoU 0.7: nan
2025-07-27 02:11:27,057 - DEBUG - Loaded collision time for BConcave+AConvex+4300_flipped at IoU 0.75: nan
2025-07-27 02:11:27,057 - DEBUG - Loaded collision time for BConcave+AConvex+4300_flipped at IoU 0.8: nan
2025-07-27 02:11:27,058 - DEBUG - Loaded collision time for BConcave+AConvex+4300_flipped at IoU 0.85: nan
2025-07-27 02:11:27,059 - DEBUG - Loaded collision time for BConcave+AConvex+4300_flipped at IoU 0.9: nan
2025-07-27 02:11:27,059 - DEBUG - Loaded collision time for BConcave+AConvex+4300_flipped at IoU 0.95: nan
2025-07-27 02:11:27,059 - INFO - Processing video: BConcave+AConvex+4500
2025-07-27 02:11:27,060 - INFO - Video BConcave+AConvex+4500 already processed (found segformer_model-BConcave+AConvex+4500.mp4), skipping video processing...
2025-07-27 02:11:27,065 - INFO - VanillaSegmentationSaver initialized with output dir: /home/projects/bagon/andreyg/Projects/Object_reps_neural/Programming/hugging_face/model_experiments/segformer/exp2TTC_segformer-b2-finetuned-ade-512-512/processed_videos/segformer_model-BConcave+AConvex+4500/org_segmentation
2025-07-27 02:11:27,069 - INFO - All collision results already exist for BConcave+AConvex+4500
2025-07-27 02:11:27,069 - DEBUG - Loaded collision time for BConcave+AConvex+4500 at IoU 0.05: 4900.0
2025-07-27 02:11:27,070 - DEBUG - Loaded collision time for BConcave+AConvex+4500 at IoU 0.1: 5050.0
2025-07-27 02:11:27,070 - DEBUG - Loaded collision time for BConcave+AConvex+4500 at IoU 0.15: 5200.0
2025-07-27 02:11:27,071 - DEBUG - Loaded collision time for BConcave+AConvex+4500 at IoU 0.2: nan
2025-07-27 02:11:27,071 - DEBUG - Loaded collision time for BConcave+AConvex+4500 at IoU 0.25: nan
2025-07-27 02:11:27,072 - DEBUG - Loaded collision time for BConcave+AConvex+4500 at IoU 0.3: nan
2025-07-27 02:11:27,072 - DEBUG - Loaded collision time for BConcave+AConvex+4500 at IoU 0.35: nan
2025-07-27 02:11:27,073 - DEBUG - Loaded collision time for BConcave+AConvex+4500 at IoU 0.4: nan
2025-07-27 02:11:27,074 - DEBUG - Loaded collision time for BConcave+AConvex+4500 at IoU 0.45: nan
2025-07-27 02:11:27,075 - DEBUG - Loaded collision time for BConcave+AConvex+4500 at IoU 0.5: nan
2025-07-27 02:11:27,076 - DEBUG - Loaded collision time for BConcave+AConvex+4500 at IoU 0.55: nan
2025-07-27 02:11:27,076 - DEBUG - Loaded collision time for BConcave+AConvex+4500 at IoU 0.6: nan
2025-07-27 02:11:27,077 - DEBUG - Loaded collision time for BConcave+AConvex+4500 at IoU 0.65: nan
2025-07-27 02:11:27,077 - DEBUG - Loaded collision time for BConcave+AConvex+4500 at IoU 0.7: nan
2025-07-27 02:11:27,078 - DEBUG - Loaded collision time for BConcave+AConvex+4500 at IoU 0.75: nan
2025-07-27 02:11:27,078 - DEBUG - Loaded collision time for BConcave+AConvex+4500 at IoU 0.8: nan
2025-07-27 02:11:27,079 - DEBUG - Loaded collision time for BConcave+AConvex+4500 at IoU 0.85: nan
2025-07-27 02:11:27,079 - DEBUG - Loaded collision time for BConcave+AConvex+4500 at IoU 0.9: nan
2025-07-27 02:11:27,080 - DEBUG - Loaded collision time for BConcave+AConvex+4500 at IoU 0.95: nan
2025-07-27 02:11:27,080 - INFO - Processing video: BConcave+BConcavePatient+3500
2025-07-27 02:11:27,081 - INFO - Video BConcave+BConcavePatient+3500 already processed (found segformer_model-BConcave+BConcavePatient+3500.mp4), skipping video processing...
2025-07-27 02:11:27,086 - INFO - VanillaSegmentationSaver initialized with output dir: /home/projects/bagon/andreyg/Projects/Object_reps_neural/Programming/hugging_face/model_experiments/segformer/exp2TTC_segformer-b2-finetuned-ade-512-512/processed_videos/segformer_model-BConcave+BConcavePatient+3500/org_segmentation
2025-07-27 02:11:27,089 - INFO - All collision results already exist for BConcave+BConcavePatient+3500
2025-07-27 02:11:27,089 - DEBUG - Loaded collision time for BConcave+BConcavePatient+3500 at IoU 0.05: nan
2025-07-27 02:11:27,090 - DEBUG - Loaded collision time for BConcave+BConcavePatient+3500 at IoU 0.1: nan
2025-07-27 02:11:27,090 - DEBUG - Loaded collision time for BConcave+BConcavePatient+3500 at IoU 0.15: nan
2025-07-27 02:11:27,091 - DEBUG - Loaded collision time for BConcave+BConcavePatient+3500 at IoU 0.2: nan
2025-07-27 02:11:27,091 - DEBUG - Loaded collision time for BConcave+BConcavePatient+3500 at IoU 0.25: nan
2025-07-27 02:11:27,092 - DEBUG - Loaded collision time for BConcave+BConcavePatient+3500 at IoU 0.3: nan
2025-07-27 02:11:27,092 - DEBUG - Loaded collision time for BConcave+BConcavePatient+3500 at IoU 0.35: nan
2025-07-27 02:11:27,093 - DEBUG - Loaded collision time for BConcave+BConcavePatient+3500 at IoU 0.4: nan
2025-07-27 02:11:27,094 - DEBUG - Loaded collision time for BConcave+BConcavePatient+3500 at IoU 0.45: nan
2025-07-27 02:11:27,094 - DEBUG - Loaded collision time for BConcave+BConcavePatient+3500 at IoU 0.5: nan
2025-07-27 02:11:27,095 - DEBUG - Loaded collision time for BConcave+BConcavePatient+3500 at IoU 0.55: nan
2025-07-27 02:11:27,095 - DEBUG - Loaded collision time for BConcave+BConcavePatient+3500 at IoU 0.6: nan
2025-07-27 02:11:27,096 - DEBUG - Loaded collision time for BConcave+BConcavePatient+3500 at IoU 0.65: nan
2025-07-27 02:11:27,097 - DEBUG - Loaded collision time for BConcave+BConcavePatient+3500 at IoU 0.7: nan
2025-07-27 02:11:27,097 - DEBUG - Loaded collision time for BConcave+BConcavePatient+3500 at IoU 0.75: nan
2025-07-27 02:11:27,098 - DEBUG - Loaded collision time for BConcave+BConcavePatient+3500 at IoU 0.8: nan
2025-07-27 02:11:27,098 - DEBUG - Loaded collision time for BConcave+BConcavePatient+3500 at IoU 0.85: nan
2025-07-27 02:11:27,098 - DEBUG - Loaded collision time for BConcave+BConcavePatient+3500 at IoU 0.9: nan
2025-07-27 02:11:27,099 - DEBUG - Loaded collision time for BConcave+BConcavePatient+3500 at IoU 0.95: nan
2025-07-27 02:11:27,099 - INFO - Processing video: BConcave+BConcavePatient+3700_flipped
2025-07-27 02:11:27,100 - INFO - Video BConcave+BConcavePatient+3700_flipped already processed (found segformer_model-BConcave+BConcavePatient+3700_flipped.mp4), skipping video processing...
2025-07-27 02:11:27,105 - INFO - VanillaSegmentationSaver initialized with output dir: /home/projects/bagon/andreyg/Projects/Object_reps_neural/Programming/hugging_face/model_experiments/segformer/exp2TTC_segformer-b2-finetuned-ade-512-512/processed_videos/segformer_model-BConcave+BConcavePatient+3700_flipped/org_segmentation
2025-07-27 02:11:27,108 - INFO - All collision results already exist for BConcave+BConcavePatient+3700_flipped
2025-07-27 02:11:27,109 - DEBUG - Loaded collision time for BConcave+BConcavePatient+3700_flipped at IoU 0.05: nan
2025-07-27 02:11:27,109 - DEBUG - Loaded collision time for BConcave+BConcavePatient+3700_flipped at IoU 0.1: nan
2025-07-27 02:11:27,110 - DEBUG - Loaded collision time for BConcave+BConcavePatient+3700_flipped at IoU 0.15: nan
2025-07-27 02:11:27,110 - DEBUG - Loaded collision time for BConcave+BConcavePatient+3700_flipped at IoU 0.2: nan
2025-07-27 02:11:27,111 - DEBUG - Loaded collision time for BConcave+BConcavePatient+3700_flipped at IoU 0.25: nan
2025-07-27 02:11:27,111 - DEBUG - Loaded collision time for BConcave+BConcavePatient+3700_flipped at IoU 0.3: nan
2025-07-27 02:11:27,112 - DEBUG - Loaded collision time for BConcave+BConcavePatient+3700_flipped at IoU 0.35: nan
2025-07-27 02:11:27,112 - DEBUG - Loaded collision time for BConcave+BConcavePatient+3700_flipped at IoU 0.4: nan
2025-07-27 02:11:27,113 - DEBUG - Loaded collision time for BConcave+BConcavePatient+3700_flipped at IoU 0.45: nan
2025-07-27 02:11:27,113 - DEBUG - Loaded collision time for BConcave+BConcavePatient+3700_flipped at IoU 0.5: nan
2025-07-27 02:11:27,114 - DEBUG - Loaded collision time for BConcave+BConcavePatient+3700_flipped at IoU 0.55: nan
2025-07-27 02:11:27,114 - DEBUG - Loaded collision time for BConcave+BConcavePatient+3700_flipped at IoU 0.6: nan
2025-07-27 02:11:27,115 - DEBUG - Loaded collision time for BConcave+BConcavePatient+3700_flipped at IoU 0.65: nan
2025-07-27 02:11:27,116 - DEBUG - Loaded collision time for BConcave+BConcavePatient+3700_flipped at IoU 0.7: nan
2025-07-27 02:11:27,116 - DEBUG - Loaded collision time for BConcave+BConcavePatient+3700_flipped at IoU 0.75: nan
2025-07-27 02:11:27,117 - DEBUG - Loaded collision time for BConcave+BConcavePatient+3700_flipped at IoU 0.8: nan
2025-07-27 02:11:27,118 - DEBUG - Loaded collision time for BConcave+BConcavePatient+3700_flipped at IoU 0.85: nan
2025-07-27 02:11:27,118 - DEBUG - Loaded collision time for BConcave+BConcavePatient+3700_flipped at IoU 0.9: nan
2025-07-27 02:11:27,119 - DEBUG - Loaded collision time for BConcave+BConcavePatient+3700_flipped at IoU 0.95: nan
2025-07-27 02:11:27,119 - INFO - Processing video: BConcave+BConcavePatient+3900
2025-07-27 02:11:27,120 - INFO - Video BConcave+BConcavePatient+3900 already processed (found segformer_model-BConcave+BConcavePatient+3900.mp4), skipping video processing...
2025-07-27 02:11:27,125 - INFO - VanillaSegmentationSaver initialized with output dir: /home/projects/bagon/andreyg/Projects/Object_reps_neural/Programming/hugging_face/model_experiments/segformer/exp2TTC_segformer-b2-finetuned-ade-512-512/processed_videos/segformer_model-BConcave+BConcavePatient+3900/org_segmentation
2025-07-27 02:11:27,128 - INFO - All collision results already exist for BConcave+BConcavePatient+3900
2025-07-27 02:11:27,128 - DEBUG - Loaded collision time for BConcave+BConcavePatient+3900 at IoU 0.05: 4083.333333333333
2025-07-27 02:11:27,129 - DEBUG - Loaded collision time for BConcave+BConcavePatient+3900 at IoU 0.1: 4166.666666666667
2025-07-27 02:11:27,129 - DEBUG - Loaded collision time for BConcave+BConcavePatient+3900 at IoU 0.15: 4250.0
2025-07-27 02:11:27,130 - DEBUG - Loaded collision time for BConcave+BConcavePatient+3900 at IoU 0.2: 4333.333333333333
2025-07-27 02:11:27,131 - DEBUG - Loaded collision time for BConcave+BConcavePatient+3900 at IoU 0.25: nan
2025-07-27 02:11:27,131 - DEBUG - Loaded collision time for BConcave+BConcavePatient+3900 at IoU 0.3: nan
2025-07-27 02:11:27,132 - DEBUG - Loaded collision time for BConcave+BConcavePatient+3900 at IoU 0.35: nan
2025-07-27 02:11:27,132 - DEBUG - Loaded collision time for BConcave+BConcavePatient+3900 at IoU 0.4: nan
2025-07-27 02:11:27,133 - DEBUG - Loaded collision time for BConcave+BConcavePatient+3900 at IoU 0.45: nan
2025-07-27 02:11:27,134 - DEBUG - Loaded collision time for BConcave+BConcavePatient+3900 at IoU 0.5: nan
2025-07-27 02:11:27,134 - DEBUG - Loaded collision time for BConcave+BConcavePatient+3900 at IoU 0.55: nan
2025-07-27 02:11:27,135 - DEBUG - Loaded collision time for BConcave+BConcavePatient+3900 at IoU 0.6: nan
2025-07-27 02:11:27,135 - DEBUG - Loaded collision time for BConcave+BConcavePatient+3900 at IoU 0.65: nan
2025-07-27 02:11:27,136 - DEBUG - Loaded collision time for BConcave+BConcavePatient+3900 at IoU 0.7: nan
2025-07-27 02:11:27,136 - DEBUG - Loaded collision time for BConcave+BConcavePatient+3900 at IoU 0.75: nan
2025-07-27 02:11:27,137 - DEBUG - Loaded collision time for BConcave+BConcavePatient+3900 at IoU 0.8: nan
2025-07-27 02:11:27,138 - DEBUG - Loaded collision time for BConcave+BConcavePatient+3900 at IoU 0.85: nan
2025-07-27 02:11:27,138 - DEBUG - Loaded collision time for BConcave+BConcavePatient+3900 at IoU 0.9: nan
2025-07-27 02:11:27,139 - DEBUG - Loaded collision time for BConcave+BConcavePatient+3900 at IoU 0.95: nan
2025-07-27 02:11:27,139 - INFO - Processing video: BConcave+BConcavePatient+4100_flipped
2025-07-27 02:11:27,140 - INFO - Video BConcave+BConcavePatient+4100_flipped already processed (found segformer_model-BConcave+BConcavePatient+4100_flipped.mp4), skipping video processing...
2025-07-27 02:11:27,145 - INFO - VanillaSegmentationSaver initialized with output dir: /home/projects/bagon/andreyg/Projects/Object_reps_neural/Programming/hugging_face/model_experiments/segformer/exp2TTC_segformer-b2-finetuned-ade-512-512/processed_videos/segformer_model-BConcave+BConcavePatient+4100_flipped/org_segmentation
2025-07-27 02:11:27,148 - INFO - All collision results already exist for BConcave+BConcavePatient+4100_flipped
2025-07-27 02:11:27,149 - DEBUG - Loaded collision time for BConcave+BConcavePatient+4100_flipped at IoU 0.05: 4316.666666666666
2025-07-27 02:11:27,149 - DEBUG - Loaded collision time for BConcave+BConcavePatient+4100_flipped at IoU 0.1: nan
2025-07-27 02:11:27,150 - DEBUG - Loaded collision time for BConcave+BConcavePatient+4100_flipped at IoU 0.15: nan
2025-07-27 02:11:27,150 - DEBUG - Loaded collision time for BConcave+BConcavePatient+4100_flipped at IoU 0.2: nan
2025-07-27 02:11:27,151 - DEBUG - Loaded collision time for BConcave+BConcavePatient+4100_flipped at IoU 0.25: nan
2025-07-27 02:11:27,151 - DEBUG - Loaded collision time for BConcave+BConcavePatient+4100_flipped at IoU 0.3: nan
2025-07-27 02:11:27,152 - DEBUG - Loaded collision time for BConcave+BConcavePatient+4100_flipped at IoU 0.35: nan
2025-07-27 02:11:27,153 - DEBUG - Loaded collision time for BConcave+BConcavePatient+4100_flipped at IoU 0.4: nan
2025-07-27 02:11:27,153 - DEBUG - Loaded collision time for BConcave+BConcavePatient+4100_flipped at IoU 0.45: nan
2025-07-27 02:11:27,154 - DEBUG - Loaded collision time for BConcave+BConcavePatient+4100_flipped at IoU 0.5: nan
2025-07-27 02:11:27,154 - DEBUG - Loaded collision time for BConcave+BConcavePatient+4100_flipped at IoU 0.55: nan
2025-07-27 02:11:27,155 - DEBUG - Loaded collision time for BConcave+BConcavePatient+4100_flipped at IoU 0.6: nan
2025-07-27 02:11:27,155 - DEBUG - Loaded collision time for BConcave+BConcavePatient+4100_flipped at IoU 0.65: nan
2025-07-27 02:11:27,156 - DEBUG - Loaded collision time for BConcave+BConcavePatient+4100_flipped at IoU 0.7: nan
2025-07-27 02:11:27,157 - DEBUG - Loaded collision time for BConcave+BConcavePatient+4100_flipped at IoU 0.75: nan
2025-07-27 02:11:27,157 - DEBUG - Loaded collision time for BConcave+BConcavePatient+4100_flipped at IoU 0.8: nan
2025-07-27 02:11:27,158 - DEBUG - Loaded collision time for BConcave+BConcavePatient+4100_flipped at IoU 0.85: nan
2025-07-27 02:11:27,158 - DEBUG - Loaded collision time for BConcave+BConcavePatient+4100_flipped at IoU 0.9: nan
2025-07-27 02:11:27,159 - DEBUG - Loaded collision time for BConcave+BConcavePatient+4100_flipped at IoU 0.95: nan
2025-07-27 02:11:27,159 - INFO - Processing video: BConcave+BConcavePatient+4300
2025-07-27 02:11:27,160 - INFO - Video BConcave+BConcavePatient+4300 already processed (found segformer_model-BConcave+BConcavePatient+4300.mp4), skipping video processing...
2025-07-27 02:11:27,165 - INFO - VanillaSegmentationSaver initialized with output dir: /home/projects/bagon/andreyg/Projects/Object_reps_neural/Programming/hugging_face/model_experiments/segformer/exp2TTC_segformer-b2-finetuned-ade-512-512/processed_videos/segformer_model-BConcave+BConcavePatient+4300/org_segmentation
2025-07-27 02:11:27,168 - INFO - All collision results already exist for BConcave+BConcavePatient+4300
2025-07-27 02:11:27,168 - DEBUG - Loaded collision time for BConcave+BConcavePatient+4300 at IoU 0.05: 4516.666666666667
2025-07-27 02:11:27,169 - DEBUG - Loaded collision time for BConcave+BConcavePatient+4300 at IoU 0.1: 4700.0
2025-07-27 02:11:27,169 - DEBUG - Loaded collision time for BConcave+BConcavePatient+4300 at IoU 0.15: nan
2025-07-27 02:11:27,170 - DEBUG - Loaded collision time for BConcave+BConcavePatient+4300 at IoU 0.2: nan
2025-07-27 02:11:27,171 - DEBUG - Loaded collision time for BConcave+BConcavePatient+4300 at IoU 0.25: nan
2025-07-27 02:11:27,171 - DEBUG - Loaded collision time for BConcave+BConcavePatient+4300 at IoU 0.3: nan
2025-07-27 02:11:27,172 - DEBUG - Loaded collision time for BConcave+BConcavePatient+4300 at IoU 0.35: nan
2025-07-27 02:11:27,172 - DEBUG - Loaded collision time for BConcave+BConcavePatient+4300 at IoU 0.4: nan
2025-07-27 02:11:27,173 - DEBUG - Loaded collision time for BConcave+BConcavePatient+4300 at IoU 0.45: nan
2025-07-27 02:11:27,173 - DEBUG - Loaded collision time for BConcave+BConcavePatient+4300 at IoU 0.5: nan
2025-07-27 02:11:27,174 - DEBUG - Loaded collision time for BConcave+BConcavePatient+4300 at IoU 0.55: nan
2025-07-27 02:11:27,174 - DEBUG - Loaded collision time for BConcave+BConcavePatient+4300 at IoU 0.6: nan
2025-07-27 02:11:27,175 - DEBUG - Loaded collision time for BConcave+BConcavePatient+4300 at IoU 0.65: nan
2025-07-27 02:11:27,175 - DEBUG - Loaded collision time for BConcave+BConcavePatient+4300 at IoU 0.7: nan
2025-07-27 02:11:27,176 - DEBUG - Loaded collision time for BConcave+BConcavePatient+4300 at IoU 0.75: nan
2025-07-27 02:11:27,176 - DEBUG - Loaded collision time for BConcave+BConcavePatient+4300 at IoU 0.8: nan
2025-07-27 02:11:27,177 - DEBUG - Loaded collision time for BConcave+BConcavePatient+4300 at IoU 0.85: nan
2025-07-27 02:11:27,177 - DEBUG - Loaded collision time for BConcave+BConcavePatient+4300 at IoU 0.9: nan
2025-07-27 02:11:27,178 - DEBUG - Loaded collision time for BConcave+BConcavePatient+4300 at IoU 0.95: nan
2025-07-27 02:11:27,178 - INFO - Processing video: BConcave+BConcavePatient+4500_flipped
2025-07-27 02:11:27,179 - INFO - Video BConcave+BConcavePatient+4500_flipped already processed (found segformer_model-BConcave+BConcavePatient+4500_flipped.mp4), skipping video processing...
2025-07-27 02:11:27,184 - INFO - VanillaSegmentationSaver initialized with output dir: /home/projects/bagon/andreyg/Projects/Object_reps_neural/Programming/hugging_face/model_experiments/segformer/exp2TTC_segformer-b2-finetuned-ade-512-512/processed_videos/segformer_model-BConcave+BConcavePatient+4500_flipped/org_segmentation
2025-07-27 02:11:27,187 - INFO - All collision results already exist for BConcave+BConcavePatient+4500_flipped
2025-07-27 02:11:27,187 - DEBUG - Loaded collision time for BConcave+BConcavePatient+4500_flipped at IoU 0.05: nan
2025-07-27 02:11:27,188 - DEBUG - Loaded collision time for BConcave+BConcavePatient+4500_flipped at IoU 0.1: nan
2025-07-27 02:11:27,188 - DEBUG - Loaded collision time for BConcave+BConcavePatient+4500_flipped at IoU 0.15: nan
2025-07-27 02:11:27,189 - DEBUG - Loaded collision time for BConcave+BConcavePatient+4500_flipped at IoU 0.2: nan
2025-07-27 02:11:27,189 - DEBUG - Loaded collision time for BConcave+BConcavePatient+4500_flipped at IoU 0.25: nan
2025-07-27 02:11:27,190 - DEBUG - Loaded collision time for BConcave+BConcavePatient+4500_flipped at IoU 0.3: nan
2025-07-27 02:11:27,190 - DEBUG - Loaded collision time for BConcave+BConcavePatient+4500_flipped at IoU 0.35: nan
2025-07-27 02:11:27,191 - DEBUG - Loaded collision time for BConcave+BConcavePatient+4500_flipped at IoU 0.4: nan
2025-07-27 02:11:27,192 - DEBUG - Loaded collision time for BConcave+BConcavePatient+4500_flipped at IoU 0.45: nan
2025-07-27 02:11:27,192 - DEBUG - Loaded collision time for BConcave+BConcavePatient+4500_flipped at IoU 0.5: nan
2025-07-27 02:11:27,193 - DEBUG - Loaded collision time for BConcave+BConcavePatient+4500_flipped at IoU 0.55: nan
2025-07-27 02:11:27,193 - DEBUG - Loaded collision time for BConcave+BConcavePatient+4500_flipped at IoU 0.6: nan
2025-07-27 02:11:27,194 - DEBUG - Loaded collision time for BConcave+BConcavePatient+4500_flipped at IoU 0.65: nan
2025-07-27 02:11:27,194 - DEBUG - Loaded collision time for BConcave+BConcavePatient+4500_flipped at IoU 0.7: nan
2025-07-27 02:11:27,195 - DEBUG - Loaded collision time for BConcave+BConcavePatient+4500_flipped at IoU 0.75: nan
2025-07-27 02:11:27,195 - DEBUG - Loaded collision time for BConcave+BConcavePatient+4500_flipped at IoU 0.8: nan
2025-07-27 02:11:27,196 - DEBUG - Loaded collision time for BConcave+BConcavePatient+4500_flipped at IoU 0.85: nan
2025-07-27 02:11:27,196 - DEBUG - Loaded collision time for BConcave+BConcavePatient+4500_flipped at IoU 0.9: nan
2025-07-27 02:11:27,197 - DEBUG - Loaded collision time for BConcave+BConcavePatient+4500_flipped at IoU 0.95: nan
2025-07-27 02:11:27,197 - INFO - Processing video: BConcave+BConvex+3500_flipped
2025-07-27 02:11:27,198 - INFO - Video BConcave+BConvex+3500_flipped already processed (found segformer_model-BConcave+BConvex+3500_flipped.mp4), skipping video processing...
2025-07-27 02:11:27,202 - INFO - VanillaSegmentationSaver initialized with output dir: /home/projects/bagon/andreyg/Projects/Object_reps_neural/Programming/hugging_face/model_experiments/segformer/exp2TTC_segformer-b2-finetuned-ade-512-512/processed_videos/segformer_model-BConcave+BConvex+3500_flipped/org_segmentation
2025-07-27 02:11:27,205 - INFO - All collision results already exist for BConcave+BConvex+3500_flipped
2025-07-27 02:11:27,206 - DEBUG - Loaded collision time for BConcave+BConvex+3500_flipped at IoU 0.05: 3866.6666666666665
2025-07-27 02:11:27,206 - DEBUG - Loaded collision time for BConcave+BConvex+3500_flipped at IoU 0.1: 4066.6666666666665
2025-07-27 02:11:27,207 - DEBUG - Loaded collision time for BConcave+BConvex+3500_flipped at IoU 0.15: 4250.0
2025-07-27 02:11:27,208 - DEBUG - Loaded collision time for BConcave+BConvex+3500_flipped at IoU 0.2: nan
2025-07-27 02:11:27,208 - DEBUG - Loaded collision time for BConcave+BConvex+3500_flipped at IoU 0.25: nan
2025-07-27 02:11:27,209 - DEBUG - Loaded collision time for BConcave+BConvex+3500_flipped at IoU 0.3: nan
2025-07-27 02:11:27,209 - DEBUG - Loaded collision time for BConcave+BConvex+3500_flipped at IoU 0.35: nan
2025-07-27 02:11:27,210 - DEBUG - Loaded collision time for BConcave+BConvex+3500_flipped at IoU 0.4: nan
2025-07-27 02:11:27,210 - DEBUG - Loaded collision time for BConcave+BConvex+3500_flipped at IoU 0.45: nan
2025-07-27 02:11:27,211 - DEBUG - Loaded collision time for BConcave+BConvex+3500_flipped at IoU 0.5: nan
2025-07-27 02:11:27,212 - DEBUG - Loaded collision time for BConcave+BConvex+3500_flipped at IoU 0.55: nan
2025-07-27 02:11:27,212 - DEBUG - Loaded collision time for BConcave+BConvex+3500_flipped at IoU 0.6: nan
2025-07-27 02:11:27,213 - DEBUG - Loaded collision time for BConcave+BConvex+3500_flipped at IoU 0.65: nan
2025-07-27 02:11:27,213 - DEBUG - Loaded collision time for BConcave+BConvex+3500_flipped at IoU 0.7: nan
2025-07-27 02:11:27,214 - DEBUG - Loaded collision time for BConcave+BConvex+3500_flipped at IoU 0.75: nan
2025-07-27 02:11:27,214 - DEBUG - Loaded collision time for BConcave+BConvex+3500_flipped at IoU 0.8: nan
2025-07-27 02:11:27,215 - DEBUG - Loaded collision time for BConcave+BConvex+3500_flipped at IoU 0.85: nan
2025-07-27 02:11:27,215 - DEBUG - Loaded collision time for BConcave+BConvex+3500_flipped at IoU 0.9: nan
2025-07-27 02:11:27,216 - DEBUG - Loaded collision time for BConcave+BConvex+3500_flipped at IoU 0.95: nan
2025-07-27 02:11:27,216 - INFO - Processing video: BConcave+BConvex+3700
2025-07-27 02:11:27,217 - INFO - Video BConcave+BConvex+3700 already processed (found segformer_model-BConcave+BConvex+3700.mp4), skipping video processing...
2025-07-27 02:11:27,221 - INFO - VanillaSegmentationSaver initialized with output dir: /home/projects/bagon/andreyg/Projects/Object_reps_neural/Programming/hugging_face/model_experiments/segformer/exp2TTC_segformer-b2-finetuned-ade-512-512/processed_videos/segformer_model-BConcave+BConvex+3700/org_segmentation
2025-07-27 02:11:27,224 - INFO - All collision results already exist for BConcave+BConvex+3700
2025-07-27 02:11:27,225 - DEBUG - Loaded collision time for BConcave+BConvex+3700 at IoU 0.05: 4000.0
2025-07-27 02:11:27,226 - DEBUG - Loaded collision time for BConcave+BConvex+3700 at IoU 0.1: 4216.666666666667
2025-07-27 02:11:27,226 - DEBUG - Loaded collision time for BConcave+BConvex+3700 at IoU 0.15: 4416.666666666667
2025-07-27 02:11:27,227 - DEBUG - Loaded collision time for BConcave+BConvex+3700 at IoU 0.2: 4566.666666666666
2025-07-27 02:11:27,227 - DEBUG - Loaded collision time for BConcave+BConvex+3700 at IoU 0.25: nan
2025-07-27 02:11:27,228 - DEBUG - Loaded collision time for BConcave+BConvex+3700 at IoU 0.3: nan
2025-07-27 02:11:27,228 - DEBUG - Loaded collision time for BConcave+BConvex+3700 at IoU 0.35: nan
2025-07-27 02:11:27,229 - DEBUG - Loaded collision time for BConcave+BConvex+3700 at IoU 0.4: nan
2025-07-27 02:11:27,230 - DEBUG - Loaded collision time for BConcave+BConvex+3700 at IoU 0.45: nan
2025-07-27 02:11:27,230 - DEBUG - Loaded collision time for BConcave+BConvex+3700 at IoU 0.5: nan
2025-07-27 02:11:27,231 - DEBUG - Loaded collision time for BConcave+BConvex+3700 at IoU 0.55: nan
2025-07-27 02:11:27,231 - DEBUG - Loaded collision time for BConcave+BConvex+3700 at IoU 0.6: nan
2025-07-27 02:11:27,232 - DEBUG - Loaded collision time for BConcave+BConvex+3700 at IoU 0.65: nan
2025-07-27 02:11:27,232 - DEBUG - Loaded collision time for BConcave+BConvex+3700 at IoU 0.7: nan
2025-07-27 02:11:27,233 - DEBUG - Loaded collision time for BConcave+BConvex+3700 at IoU 0.75: nan
2025-07-27 02:11:27,233 - DEBUG - Loaded collision time for BConcave+BConvex+3700 at IoU 0.8: nan
2025-07-27 02:11:27,234 - DEBUG - Loaded collision time for BConcave+BConvex+3700 at IoU 0.85: nan
2025-07-27 02:11:27,234 - DEBUG - Loaded collision time for BConcave+BConvex+3700 at IoU 0.9: nan
2025-07-27 02:11:27,235 - DEBUG - Loaded collision time for BConcave+BConvex+3700 at IoU 0.95: nan
2025-07-27 02:11:27,235 - INFO - Processing video: BConcave+BConvex+3900_flipped
2025-07-27 02:11:27,236 - INFO - Video BConcave+BConvex+3900_flipped already processed (found segformer_model-BConcave+BConvex+3900_flipped.mp4), skipping video processing...
2025-07-27 02:11:27,241 - INFO - VanillaSegmentationSaver initialized with output dir: /home/projects/bagon/andreyg/Projects/Object_reps_neural/Programming/hugging_face/model_experiments/segformer/exp2TTC_segformer-b2-finetuned-ade-512-512/processed_videos/segformer_model-BConcave+BConvex+3900_flipped/org_segmentation
2025-07-27 02:11:27,244 - INFO - All collision results already exist for BConcave+BConvex+3900_flipped
2025-07-27 02:11:27,244 - DEBUG - Loaded collision time for BConcave+BConvex+3900_flipped at IoU 0.05: 4266.666666666667
2025-07-27 02:11:27,245 - DEBUG - Loaded collision time for BConcave+BConvex+3900_flipped at IoU 0.1: 4433.333333333334
2025-07-27 02:11:27,245 - DEBUG - Loaded collision time for BConcave+BConvex+3900_flipped at IoU 0.15: 4566.666666666666
2025-07-27 02:11:27,246 - DEBUG - Loaded collision time for BConcave+BConvex+3900_flipped at IoU 0.2: 4833.333333333333
2025-07-27 02:11:27,247 - DEBUG - Loaded collision time for BConcave+BConvex+3900_flipped at IoU 0.25: nan
2025-07-27 02:11:27,247 - DEBUG - Loaded collision time for BConcave+BConvex+3900_flipped at IoU 0.3: nan
2025-07-27 02:11:27,248 - DEBUG - Loaded collision time for BConcave+BConvex+3900_flipped at IoU 0.35: nan
2025-07-27 02:11:27,248 - DEBUG - Loaded collision time for BConcave+BConvex+3900_flipped at IoU 0.4: nan
2025-07-27 02:11:27,249 - DEBUG - Loaded collision time for BConcave+BConvex+3900_flipped at IoU 0.45: nan
2025-07-27 02:11:27,249 - DEBUG - Loaded collision time for BConcave+BConvex+3900_flipped at IoU 0.5: nan
2025-07-27 02:11:27,250 - DEBUG - Loaded collision time for BConcave+BConvex+3900_flipped at IoU 0.55: nan
2025-07-27 02:11:27,251 - DEBUG - Loaded collision time for BConcave+BConvex+3900_flipped at IoU 0.6: nan
2025-07-27 02:11:27,251 - DEBUG - Loaded collision time for BConcave+BConvex+3900_flipped at IoU 0.65: nan
2025-07-27 02:11:27,252 - DEBUG - Loaded collision time for BConcave+BConvex+3900_flipped at IoU 0.7: nan
2025-07-27 02:11:27,252 - DEBUG - Loaded collision time for BConcave+BConvex+3900_flipped at IoU 0.75: nan
2025-07-27 02:11:27,253 - DEBUG - Loaded collision time for BConcave+BConvex+3900_flipped at IoU 0.8: nan
2025-07-27 02:11:27,253 - DEBUG - Loaded collision time for BConcave+BConvex+3900_flipped at IoU 0.85: nan
2025-07-27 02:11:27,254 - DEBUG - Loaded collision time for BConcave+BConvex+3900_flipped at IoU 0.9: nan
2025-07-27 02:11:27,254 - DEBUG - Loaded collision time for BConcave+BConvex+3900_flipped at IoU 0.95: nan
2025-07-27 02:11:27,254 - INFO - Processing video: BConcave+BConvex+4100
2025-07-27 02:11:27,255 - INFO - Video BConcave+BConvex+4100 already processed (found segformer_model-BConcave+BConvex+4100.mp4), skipping video processing...
2025-07-27 02:11:27,260 - INFO - VanillaSegmentationSaver initialized with output dir: /home/projects/bagon/andreyg/Projects/Object_reps_neural/Programming/hugging_face/model_experiments/segformer/exp2TTC_segformer-b2-finetuned-ade-512-512/processed_videos/segformer_model-BConcave+BConvex+4100/org_segmentation
2025-07-27 02:11:27,263 - INFO - All collision results already exist for BConcave+BConvex+4100
2025-07-27 02:11:27,264 - DEBUG - Loaded collision time for BConcave+BConvex+4100 at IoU 0.05: 4450.0
2025-07-27 02:11:27,264 - DEBUG - Loaded collision time for BConcave+BConvex+4100 at IoU 0.1: 4666.666666666667
2025-07-27 02:11:27,264 - DEBUG - Loaded collision time for BConcave+BConvex+4100 at IoU 0.15: 4850.0
2025-07-27 02:11:27,265 - DEBUG - Loaded collision time for BConcave+BConvex+4100 at IoU 0.2: 5183.333333333334
2025-07-27 02:11:27,266 - DEBUG - Loaded collision time for BConcave+BConvex+4100 at IoU 0.25: nan
2025-07-27 02:11:27,266 - DEBUG - Loaded collision time for BConcave+BConvex+4100 at IoU 0.3: nan
2025-07-27 02:11:27,267 - DEBUG - Loaded collision time for BConcave+BConvex+4100 at IoU 0.35: nan
2025-07-27 02:11:27,267 - DEBUG - Loaded collision time for BConcave+BConvex+4100 at IoU 0.4: nan
2025-07-27 02:11:27,268 - DEBUG - Loaded collision time for BConcave+BConvex+4100 at IoU 0.45: nan
2025-07-27 02:11:27,268 - DEBUG - Loaded collision time for BConcave+BConvex+4100 at IoU 0.5: nan
2025-07-27 02:11:27,269 - DEBUG - Loaded collision time for BConcave+BConvex+4100 at IoU 0.55: nan
2025-07-27 02:11:27,269 - DEBUG - Loaded collision time for BConcave+BConvex+4100 at IoU 0.6: nan
2025-07-27 02:11:27,270 - DEBUG - Loaded collision time for BConcave+BConvex+4100 at IoU 0.65: nan
2025-07-27 02:11:27,271 - DEBUG - Loaded collision time for BConcave+BConvex+4100 at IoU 0.7: nan
2025-07-27 02:11:27,271 - DEBUG - Loaded collision time for BConcave+BConvex+4100 at IoU 0.75: nan
2025-07-27 02:11:27,272 - DEBUG - Loaded collision time for BConcave+BConvex+4100 at IoU 0.8: nan
2025-07-27 02:11:27,272 - DEBUG - Loaded collision time for BConcave+BConvex+4100 at IoU 0.85: nan
2025-07-27 02:11:27,273 - DEBUG - Loaded collision time for BConcave+BConvex+4100 at IoU 0.9: nan
2025-07-27 02:11:27,273 - DEBUG - Loaded collision time for BConcave+BConvex+4100 at IoU 0.95: nan
2025-07-27 02:11:27,273 - INFO - Processing video: BConcave+BConvex+4300_flipped
2025-07-27 02:11:27,275 - INFO - Video BConcave+BConvex+4300_flipped already processed (found segformer_model-BConcave+BConvex+4300_flipped.mp4), skipping video processing...
2025-07-27 02:11:27,279 - INFO - VanillaSegmentationSaver initialized with output dir: /home/projects/bagon/andreyg/Projects/Object_reps_neural/Programming/hugging_face/model_experiments/segformer/exp2TTC_segformer-b2-finetuned-ade-512-512/processed_videos/segformer_model-BConcave+BConvex+4300_flipped/org_segmentation
2025-07-27 02:11:27,283 - INFO - All collision results already exist for BConcave+BConvex+4300_flipped
2025-07-27 02:11:27,283 - DEBUG - Loaded collision time for BConcave+BConvex+4300_flipped at IoU 0.05: 5450.0
2025-07-27 02:11:27,284 - DEBUG - Loaded collision time for BConcave+BConvex+4300_flipped at IoU 0.1: nan
2025-07-27 02:11:27,285 - DEBUG - Loaded collision time for BConcave+BConvex+4300_flipped at IoU 0.15: nan
2025-07-27 02:11:27,285 - DEBUG - Loaded collision time for BConcave+BConvex+4300_flipped at IoU 0.2: nan
2025-07-27 02:11:27,286 - DEBUG - Loaded collision time for BConcave+BConvex+4300_flipped at IoU 0.25: nan
2025-07-27 02:11:27,286 - DEBUG - Loaded collision time for BConcave+BConvex+4300_flipped at IoU 0.3: nan
2025-07-27 02:11:27,287 - DEBUG - Loaded collision time for BConcave+BConvex+4300_flipped at IoU 0.35: nan
2025-07-27 02:11:27,287 - DEBUG - Loaded collision time for BConcave+BConvex+4300_flipped at IoU 0.4: nan
2025-07-27 02:11:27,288 - DEBUG - Loaded collision time for BConcave+BConvex+4300_flipped at IoU 0.45: nan
2025-07-27 02:11:27,288 - DEBUG - Loaded collision time for BConcave+BConvex+4300_flipped at IoU 0.5: nan
2025-07-27 02:11:27,289 - DEBUG - Loaded collision time for BConcave+BConvex+4300_flipped at IoU 0.55: nan
2025-07-27 02:11:27,290 - DEBUG - Loaded collision time for BConcave+BConvex+4300_flipped at IoU 0.6: nan
2025-07-27 02:11:27,290 - DEBUG - Loaded collision time for BConcave+BConvex+4300_flipped at IoU 0.65: nan
2025-07-27 02:11:27,291 - DEBUG - Loaded collision time for BConcave+BConvex+4300_flipped at IoU 0.7: nan
2025-07-27 02:11:27,291 - DEBUG - Loaded collision time for BConcave+BConvex+4300_flipped at IoU 0.75: nan
2025-07-27 02:11:27,292 - DEBUG - Loaded collision time for BConcave+BConvex+4300_flipped at IoU 0.8: nan
2025-07-27 02:11:27,292 - DEBUG - Loaded collision time for BConcave+BConvex+4300_flipped at IoU 0.85: nan
2025-07-27 02:11:27,293 - DEBUG - Loaded collision time for BConcave+BConvex+4300_flipped at IoU 0.9: nan
2025-07-27 02:11:27,293 - DEBUG - Loaded collision time for BConcave+BConvex+4300_flipped at IoU 0.95: nan
2025-07-27 02:11:27,293 - INFO - Processing video: BConcave+BConvex+4500
2025-07-27 02:11:27,294 - INFO - Video BConcave+BConvex+4500 already processed (found segformer_model-BConcave+BConvex+4500.mp4), skipping video processing...
2025-07-27 02:11:27,299 - INFO - VanillaSegmentationSaver initialized with output dir: /home/projects/bagon/andreyg/Projects/Object_reps_neural/Programming/hugging_face/model_experiments/segformer/exp2TTC_segformer-b2-finetuned-ade-512-512/processed_videos/segformer_model-BConcave+BConvex+4500/org_segmentation
2025-07-27 02:11:27,302 - INFO - All collision results already exist for BConcave+BConvex+4500
2025-07-27 02:11:27,303 - DEBUG - Loaded collision time for BConcave+BConvex+4500 at IoU 0.05: 4850.0
2025-07-27 02:11:27,303 - DEBUG - Loaded collision time for BConcave+BConvex+4500 at IoU 0.1: 5066.666666666666
2025-07-27 02:11:27,304 - DEBUG - Loaded collision time for BConcave+BConvex+4500 at IoU 0.15: 5233.333333333333
2025-07-27 02:11:27,304 - DEBUG - Loaded collision time for BConcave+BConvex+4500 at IoU 0.2: nan
2025-07-27 02:11:27,305 - DEBUG - Loaded collision time for BConcave+BConvex+4500 at IoU 0.25: nan
2025-07-27 02:11:27,305 - DEBUG - Loaded collision time for BConcave+BConvex+4500 at IoU 0.3: nan
2025-07-27 02:11:27,306 - DEBUG - Loaded collision time for BConcave+BConvex+4500 at IoU 0.35: nan
2025-07-27 02:11:27,307 - DEBUG - Loaded collision time for BConcave+BConvex+4500 at IoU 0.4: nan
2025-07-27 02:11:27,307 - DEBUG - Loaded collision time for BConcave+BConvex+4500 at IoU 0.45: nan
2025-07-27 02:11:27,308 - DEBUG - Loaded collision time for BConcave+BConvex+4500 at IoU 0.5: nan
2025-07-27 02:11:27,308 - DEBUG - Loaded collision time for BConcave+BConvex+4500 at IoU 0.55: nan
2025-07-27 02:11:27,309 - DEBUG - Loaded collision time for BConcave+BConvex+4500 at IoU 0.6: nan
2025-07-27 02:11:27,310 - DEBUG - Loaded collision time for BConcave+BConvex+4500 at IoU 0.65: nan
2025-07-27 02:11:27,310 - DEBUG - Loaded collision time for BConcave+BConvex+4500 at IoU 0.7: nan
2025-07-27 02:11:27,311 - DEBUG - Loaded collision time for BConcave+BConvex+4500 at IoU 0.75: nan
2025-07-27 02:11:27,311 - DEBUG - Loaded collision time for BConcave+BConvex+4500 at IoU 0.8: nan
2025-07-27 02:11:27,312 - DEBUG - Loaded collision time for BConcave+BConvex+4500 at IoU 0.85: nan
2025-07-27 02:11:27,312 - DEBUG - Loaded collision time for BConcave+BConvex+4500 at IoU 0.9: nan
2025-07-27 02:11:27,313 - DEBUG - Loaded collision time for BConcave+BConvex+4500 at IoU 0.95: nan
2025-07-27 02:11:27,313 - INFO - Processing video: BConcave+CConcave+3500
2025-07-27 02:11:27,314 - INFO - Video BConcave+CConcave+3500 already processed (found segformer_model-BConcave+CConcave+3500.mp4), skipping video processing...
2025-07-27 02:11:27,319 - INFO - VanillaSegmentationSaver initialized with output dir: /home/projects/bagon/andreyg/Projects/Object_reps_neural/Programming/hugging_face/model_experiments/segformer/exp2TTC_segformer-b2-finetuned-ade-512-512/processed_videos/segformer_model-BConcave+CConcave+3500/org_segmentation
2025-07-27 02:11:27,322 - INFO - All collision results already exist for BConcave+CConcave+3500
2025-07-27 02:11:27,322 - DEBUG - Loaded collision time for BConcave+CConcave+3500 at IoU 0.05: 3733.3333333333335
2025-07-27 02:11:27,323 - DEBUG - Loaded collision time for BConcave+CConcave+3500 at IoU 0.1: 3850.0
2025-07-27 02:11:27,324 - DEBUG - Loaded collision time for BConcave+CConcave+3500 at IoU 0.15: 3950.0
2025-07-27 02:11:27,324 - DEBUG - Loaded collision time for BConcave+CConcave+3500 at IoU 0.2: 4033.333333333333
2025-07-27 02:11:27,325 - DEBUG - Loaded collision time for BConcave+CConcave+3500 at IoU 0.25: 4133.333333333334
2025-07-27 02:11:27,325 - DEBUG - Loaded collision time for BConcave+CConcave+3500 at IoU 0.3: 4200.0
2025-07-27 02:11:27,326 - DEBUG - Loaded collision time for BConcave+CConcave+3500 at IoU 0.35: 4283.333333333333
2025-07-27 02:11:27,326 - DEBUG - Loaded collision time for BConcave+CConcave+3500 at IoU 0.4: nan
2025-07-27 02:11:27,327 - DEBUG - Loaded collision time for BConcave+CConcave+3500 at IoU 0.45: nan
2025-07-27 02:11:27,327 - DEBUG - Loaded collision time for BConcave+CConcave+3500 at IoU 0.5: nan
2025-07-27 02:11:27,328 - DEBUG - Loaded collision time for BConcave+CConcave+3500 at IoU 0.55: nan
2025-07-27 02:11:27,329 - DEBUG - Loaded collision time for BConcave+CConcave+3500 at IoU 0.6: nan
2025-07-27 02:11:27,329 - DEBUG - Loaded collision time for BConcave+CConcave+3500 at IoU 0.65: nan
2025-07-27 02:11:27,330 - DEBUG - Loaded collision time for BConcave+CConcave+3500 at IoU 0.7: nan
2025-07-27 02:11:27,330 - DEBUG - Loaded collision time for BConcave+CConcave+3500 at IoU 0.75: nan
2025-07-27 02:11:27,331 - DEBUG - Loaded collision time for BConcave+CConcave+3500 at IoU 0.8: nan
2025-07-27 02:11:27,332 - DEBUG - Loaded collision time for BConcave+CConcave+3500 at IoU 0.85: nan
2025-07-27 02:11:27,332 - DEBUG - Loaded collision time for BConcave+CConcave+3500 at IoU 0.9: nan
2025-07-27 02:11:27,333 - DEBUG - Loaded collision time for BConcave+CConcave+3500 at IoU 0.95: nan
2025-07-27 02:11:27,333 - INFO - Processing video: BConcave+CConcave+3700_flipped
2025-07-27 02:11:27,334 - INFO - Video BConcave+CConcave+3700_flipped already processed (found segformer_model-BConcave+CConcave+3700_flipped.mp4), skipping video processing...
2025-07-27 02:11:27,338 - INFO - VanillaSegmentationSaver initialized with output dir: /home/projects/bagon/andreyg/Projects/Object_reps_neural/Programming/hugging_face/model_experiments/segformer/exp2TTC_segformer-b2-finetuned-ade-512-512/processed_videos/segformer_model-BConcave+CConcave+3700_flipped/org_segmentation
2025-07-27 02:11:27,341 - INFO - All collision results already exist for BConcave+CConcave+3700_flipped
2025-07-27 02:11:27,342 - DEBUG - Loaded collision time for BConcave+CConcave+3700_flipped at IoU 0.05: 4716.666666666667
2025-07-27 02:11:27,342 - DEBUG - Loaded collision time for BConcave+CConcave+3700_flipped at IoU 0.1: nan
2025-07-27 02:11:27,343 - DEBUG - Loaded collision time for BConcave+CConcave+3700_flipped at IoU 0.15: nan
2025-07-27 02:11:27,343 - DEBUG - Loaded collision time for BConcave+CConcave+3700_flipped at IoU 0.2: nan
2025-07-27 02:11:27,344 - DEBUG - Loaded collision time for BConcave+CConcave+3700_flipped at IoU 0.25: nan
2025-07-27 02:11:27,344 - DEBUG - Loaded collision time for BConcave+CConcave+3700_flipped at IoU 0.3: nan
2025-07-27 02:11:27,345 - DEBUG - Loaded collision time for BConcave+CConcave+3700_flipped at IoU 0.35: nan
2025-07-27 02:11:27,345 - DEBUG - Loaded collision time for BConcave+CConcave+3700_flipped at IoU 0.4: nan
2025-07-27 02:11:27,346 - DEBUG - Loaded collision time for BConcave+CConcave+3700_flipped at IoU 0.45: nan
2025-07-27 02:11:27,347 - DEBUG - Loaded collision time for BConcave+CConcave+3700_flipped at IoU 0.5: nan
2025-07-27 02:11:27,347 - DEBUG - Loaded collision time for BConcave+CConcave+3700_flipped at IoU 0.55: nan
2025-07-27 02:11:27,348 - DEBUG - Loaded collision time for BConcave+CConcave+3700_flipped at IoU 0.6: nan
2025-07-27 02:11:27,348 - DEBUG - Loaded collision time for BConcave+CConcave+3700_flipped at IoU 0.65: nan
2025-07-27 02:11:27,349 - DEBUG - Loaded collision time for BConcave+CConcave+3700_flipped at IoU 0.7: nan
2025-07-27 02:11:27,349 - DEBUG - Loaded collision time for BConcave+CConcave+3700_flipped at IoU 0.75: nan
2025-07-27 02:11:27,350 - DEBUG - Loaded collision time for BConcave+CConcave+3700_flipped at IoU 0.8: nan
2025-07-27 02:11:27,350 - DEBUG - Loaded collision time for BConcave+CConcave+3700_flipped at IoU 0.85: nan
2025-07-27 02:11:27,351 - DEBUG - Loaded collision time for BConcave+CConcave+3700_flipped at IoU 0.9: nan
2025-07-27 02:11:27,351 - DEBUG - Loaded collision time for BConcave+CConcave+3700_flipped at IoU 0.95: nan
2025-07-27 02:11:27,351 - INFO - Processing video: BConcave+CConcave+3900
2025-07-27 02:11:27,352 - INFO - Video BConcave+CConcave+3900 already processed (found segformer_model-BConcave+CConcave+3900.mp4), skipping video processing...
2025-07-27 02:11:27,357 - INFO - VanillaSegmentationSaver initialized with output dir: /home/projects/bagon/andreyg/Projects/Object_reps_neural/Programming/hugging_face/model_experiments/segformer/exp2TTC_segformer-b2-finetuned-ade-512-512/processed_videos/segformer_model-BConcave+CConcave+3900/org_segmentation
2025-07-27 02:11:27,360 - INFO - All collision results already exist for BConcave+CConcave+3900
2025-07-27 02:11:27,361 - DEBUG - Loaded collision time for BConcave+CConcave+3900 at IoU 0.05: 4150.0
2025-07-27 02:11:27,361 - DEBUG - Loaded collision time for BConcave+CConcave+3900 at IoU 0.1: 4233.333333333333
2025-07-27 02:11:27,362 - DEBUG - Loaded collision time for BConcave+CConcave+3900 at IoU 0.15: 4333.333333333333
2025-07-27 02:11:27,362 - DEBUG - Loaded collision time for BConcave+CConcave+3900 at IoU 0.2: 4383.333333333334
2025-07-27 02:11:27,363 - DEBUG - Loaded collision time for BConcave+CConcave+3900 at IoU 0.25: 4450.0
2025-07-27 02:11:27,363 - DEBUG - Loaded collision time for BConcave+CConcave+3900 at IoU 0.3: 4533.333333333333
2025-07-27 02:11:27,364 - DEBUG - Loaded collision time for BConcave+CConcave+3900 at IoU 0.35: nan
2025-07-27 02:11:27,365 - DEBUG - Loaded collision time for BConcave+CConcave+3900 at IoU 0.4: nan
2025-07-27 02:11:27,365 - DEBUG - Loaded collision time for BConcave+CConcave+3900 at IoU 0.45: nan
2025-07-27 02:11:27,365 - DEBUG - Loaded collision time for BConcave+CConcave+3900 at IoU 0.5: nan
2025-07-27 02:11:27,366 - DEBUG - Loaded collision time for BConcave+CConcave+3900 at IoU 0.55: nan
2025-07-27 02:11:27,366 - DEBUG - Loaded collision time for BConcave+CConcave+3900 at IoU 0.6: nan
2025-07-27 02:11:27,367 - DEBUG - Loaded collision time for BConcave+CConcave+3900 at IoU 0.65: nan
2025-07-27 02:11:27,368 - DEBUG - Loaded collision time for BConcave+CConcave+3900 at IoU 0.7: nan
2025-07-27 02:11:27,368 - DEBUG - Loaded collision time for BConcave+CConcave+3900 at IoU 0.75: nan
2025-07-27 02:11:27,369 - DEBUG - Loaded collision time for BConcave+CConcave+3900 at IoU 0.8: nan
2025-07-27 02:11:27,369 - DEBUG - Loaded collision time for BConcave+CConcave+3900 at IoU 0.85: nan
2025-07-27 02:11:27,370 - DEBUG - Loaded collision time for BConcave+CConcave+3900 at IoU 0.9: nan
2025-07-27 02:11:27,370 - DEBUG - Loaded collision time for BConcave+CConcave+3900 at IoU 0.95: nan
2025-07-27 02:11:27,370 - INFO - Processing video: BConcave+CConcave+4100_flipped
2025-07-27 02:11:27,371 - INFO - Video BConcave+CConcave+4100_flipped already processed (found segformer_model-BConcave+CConcave+4100_flipped.mp4), skipping video processing...
2025-07-27 02:11:27,376 - INFO - VanillaSegmentationSaver initialized with output dir: /home/projects/bagon/andreyg/Projects/Object_reps_neural/Programming/hugging_face/model_experiments/segformer/exp2TTC_segformer-b2-finetuned-ade-512-512/processed_videos/segformer_model-BConcave+CConcave+4100_flipped/org_segmentation
2025-07-27 02:11:27,379 - INFO - All collision results already exist for BConcave+CConcave+4100_flipped
2025-07-27 02:11:27,380 - DEBUG - Loaded collision time for BConcave+CConcave+4100_flipped at IoU 0.05: nan
2025-07-27 02:11:27,380 - DEBUG - Loaded collision time for BConcave+CConcave+4100_flipped at IoU 0.1: nan
2025-07-27 02:11:27,381 - DEBUG - Loaded collision time for BConcave+CConcave+4100_flipped at IoU 0.15: nan
2025-07-27 02:11:27,381 - DEBUG - Loaded collision time for BConcave+CConcave+4100_flipped at IoU 0.2: nan
2025-07-27 02:11:27,382 - DEBUG - Loaded collision time for BConcave+CConcave+4100_flipped at IoU 0.25: nan
2025-07-27 02:11:27,382 - DEBUG - Loaded collision time for BConcave+CConcave+4100_flipped at IoU 0.3: nan
2025-07-27 02:11:27,383 - DEBUG - Loaded collision time for BConcave+CConcave+4100_flipped at IoU 0.35: nan
2025-07-27 02:11:27,384 - DEBUG - Loaded collision time for BConcave+CConcave+4100_flipped at IoU 0.4: nan
2025-07-27 02:11:27,384 - DEBUG - Loaded collision time for BConcave+CConcave+4100_flipped at IoU 0.45: nan
2025-07-27 02:11:27,385 - DEBUG - Loaded collision time for BConcave+CConcave+4100_flipped at IoU 0.5: nan
2025-07-27 02:11:27,385 - DEBUG - Loaded collision time for BConcave+CConcave+4100_flipped at IoU 0.55: nan
2025-07-27 02:11:27,386 - DEBUG - Loaded collision time for BConcave+CConcave+4100_flipped at IoU 0.6: nan
2025-07-27 02:11:27,386 - DEBUG - Loaded collision time for BConcave+CConcave+4100_flipped at IoU 0.65: nan
2025-07-27 02:11:27,387 - DEBUG - Loaded collision time for BConcave+CConcave+4100_flipped at IoU 0.7: nan
2025-07-27 02:11:27,388 - DEBUG - Loaded collision time for BConcave+CConcave+4100_flipped at IoU 0.75: nan
2025-07-27 02:11:27,388 - DEBUG - Loaded collision time for BConcave+CConcave+4100_flipped at IoU 0.8: nan
2025-07-27 02:11:27,389 - DEBUG - Loaded collision time for BConcave+CConcave+4100_flipped at IoU 0.85: nan
2025-07-27 02:11:27,389 - DEBUG - Loaded collision time for BConcave+CConcave+4100_flipped at IoU 0.9: nan
2025-07-27 02:11:27,390 - DEBUG - Loaded collision time for BConcave+CConcave+4100_flipped at IoU 0.95: nan
2025-07-27 02:11:27,390 - INFO - Processing video: BConcave+CConcave+4300
2025-07-27 02:11:27,391 - INFO - Video BConcave+CConcave+4300 already processed (found segformer_model-BConcave+CConcave+4300.mp4), skipping video processing...
2025-07-27 02:11:27,396 - INFO - VanillaSegmentationSaver initialized with output dir: /home/projects/bagon/andreyg/Projects/Object_reps_neural/Programming/hugging_face/model_experiments/segformer/exp2TTC_segformer-b2-finetuned-ade-512-512/processed_videos/segformer_model-BConcave+CConcave+4300/org_segmentation
2025-07-27 02:11:27,399 - INFO - All collision results already exist for BConcave+CConcave+4300
2025-07-27 02:11:27,399 - DEBUG - Loaded collision time for BConcave+CConcave+4300 at IoU 0.05: 4533.333333333333
2025-07-27 02:11:27,400 - DEBUG - Loaded collision time for BConcave+CConcave+4300 at IoU 0.1: 4633.333333333334
2025-07-27 02:11:27,400 - DEBUG - Loaded collision time for BConcave+CConcave+4300 at IoU 0.15: 4733.333333333333
2025-07-27 02:11:27,401 - DEBUG - Loaded collision time for BConcave+CConcave+4300 at IoU 0.2: 4833.333333333333
2025-07-27 02:11:27,401 - DEBUG - Loaded collision time for BConcave+CConcave+4300 at IoU 0.25: 4916.666666666667
2025-07-27 02:11:27,402 - DEBUG - Loaded collision time for BConcave+CConcave+4300 at IoU 0.3: 5000.0
2025-07-27 02:11:27,402 - DEBUG - Loaded collision time for BConcave+CConcave+4300 at IoU 0.35: 5166.666666666667
2025-07-27 02:11:27,403 - DEBUG - Loaded collision time for BConcave+CConcave+4300 at IoU 0.4: nan
2025-07-27 02:11:27,403 - DEBUG - Loaded collision time for BConcave+CConcave+4300 at IoU 0.45: nan
2025-07-27 02:11:27,404 - DEBUG - Loaded collision time for BConcave+CConcave+4300 at IoU 0.5: nan
2025-07-27 02:11:27,404 - DEBUG - Loaded collision time for BConcave+CConcave+4300 at IoU 0.55: nan
2025-07-27 02:11:27,405 - DEBUG - Loaded collision time for BConcave+CConcave+4300 at IoU 0.6: nan
2025-07-27 02:11:27,405 - DEBUG - Loaded collision time for BConcave+CConcave+4300 at IoU 0.65: nan
2025-07-27 02:11:27,406 - DEBUG - Loaded collision time for BConcave+CConcave+4300 at IoU 0.7: nan
2025-07-27 02:11:27,406 - DEBUG - Loaded collision time for BConcave+CConcave+4300 at IoU 0.75: nan
2025-07-27 02:11:27,407 - DEBUG - Loaded collision time for BConcave+CConcave+4300 at IoU 0.8: nan
2025-07-27 02:11:27,407 - DEBUG - Loaded collision time for BConcave+CConcave+4300 at IoU 0.85: nan
2025-07-27 02:11:27,408 - DEBUG - Loaded collision time for BConcave+CConcave+4300 at IoU 0.9: nan
2025-07-27 02:11:27,408 - DEBUG - Loaded collision time for BConcave+CConcave+4300 at IoU 0.95: nan
2025-07-27 02:11:27,409 - INFO - Processing video: BConcave+CConcave+4500_flipped
2025-07-27 02:11:27,409 - INFO - Video BConcave+CConcave+4500_flipped already processed (found segformer_model-BConcave+CConcave+4500_flipped.mp4), skipping video processing...
2025-07-27 02:11:27,414 - INFO - VanillaSegmentationSaver initialized with output dir: /home/projects/bagon/andreyg/Projects/Object_reps_neural/Programming/hugging_face/model_experiments/segformer/exp2TTC_segformer-b2-finetuned-ade-512-512/processed_videos/segformer_model-BConcave+CConcave+4500_flipped/org_segmentation
2025-07-27 02:11:27,417 - INFO - All collision results already exist for BConcave+CConcave+4500_flipped
2025-07-27 02:11:27,418 - DEBUG - Loaded collision time for BConcave+CConcave+4500_flipped at IoU 0.05: 4750.0
2025-07-27 02:11:27,418 - DEBUG - Loaded collision time for BConcave+CConcave+4500_flipped at IoU 0.1: 4833.333333333333
2025-07-27 02:11:27,419 - DEBUG - Loaded collision time for BConcave+CConcave+4500_flipped at IoU 0.15: 4916.666666666667
2025-07-27 02:11:27,419 - DEBUG - Loaded collision time for BConcave+CConcave+4500_flipped at IoU 0.2: 5083.333333333333
2025-07-27 02:11:27,420 - DEBUG - Loaded collision time for BConcave+CConcave+4500_flipped at IoU 0.25: nan
2025-07-27 02:11:27,420 - DEBUG - Loaded collision time for BConcave+CConcave+4500_flipped at IoU 0.3: nan
2025-07-27 02:11:27,421 - DEBUG - Loaded collision time for BConcave+CConcave+4500_flipped at IoU 0.35: nan
2025-07-27 02:11:27,422 - DEBUG - Loaded collision time for BConcave+CConcave+4500_flipped at IoU 0.4: nan
2025-07-27 02:11:27,422 - DEBUG - Loaded collision time for BConcave+CConcave+4500_flipped at IoU 0.45: nan
2025-07-27 02:11:27,422 - DEBUG - Loaded collision time for BConcave+CConcave+4500_flipped at IoU 0.5: nan
2025-07-27 02:11:27,423 - DEBUG - Loaded collision time for BConcave+CConcave+4500_flipped at IoU 0.55: nan
2025-07-27 02:11:27,423 - DEBUG - Loaded collision time for BConcave+CConcave+4500_flipped at IoU 0.6: nan
2025-07-27 02:11:27,424 - DEBUG - Loaded collision time for BConcave+CConcave+4500_flipped at IoU 0.65: nan
2025-07-27 02:11:27,425 - DEBUG - Loaded collision time for BConcave+CConcave+4500_flipped at IoU 0.7: nan
2025-07-27 02:11:27,425 - DEBUG - Loaded collision time for BConcave+CConcave+4500_flipped at IoU 0.75: nan
2025-07-27 02:11:27,426 - DEBUG - Loaded collision time for BConcave+CConcave+4500_flipped at IoU 0.8: nan
2025-07-27 02:11:27,426 - DEBUG - Loaded collision time for BConcave+CConcave+4500_flipped at IoU 0.85: nan
2025-07-27 02:11:27,427 - DEBUG - Loaded collision time for BConcave+CConcave+4500_flipped at IoU 0.9: nan
2025-07-27 02:11:27,427 - DEBUG - Loaded collision time for BConcave+CConcave+4500_flipped at IoU 0.95: nan
2025-07-27 02:11:27,427 - INFO - Processing video: BConcave+CConvex+3500_flipped
2025-07-27 02:11:27,428 - INFO - Video BConcave+CConvex+3500_flipped already processed (found segformer_model-BConcave+CConvex+3500_flipped.mp4), skipping video processing...
2025-07-27 02:11:27,434 - INFO - VanillaSegmentationSaver initialized with output dir: /home/projects/bagon/andreyg/Projects/Object_reps_neural/Programming/hugging_face/model_experiments/segformer/exp2TTC_segformer-b2-finetuned-ade-512-512/processed_videos/segformer_model-BConcave+CConvex+3500_flipped/org_segmentation
2025-07-27 02:11:27,437 - INFO - All collision results already exist for BConcave+CConvex+3500_flipped
2025-07-27 02:11:27,437 - DEBUG - Loaded collision time for BConcave+CConvex+3500_flipped at IoU 0.05: 3816.666666666667
2025-07-27 02:11:27,438 - DEBUG - Loaded collision time for BConcave+CConvex+3500_flipped at IoU 0.1: 3916.6666666666665
2025-07-27 02:11:27,438 - DEBUG - Loaded collision time for BConcave+CConvex+3500_flipped at IoU 0.15: 4016.6666666666665
2025-07-27 02:11:27,439 - DEBUG - Loaded collision time for BConcave+CConvex+3500_flipped at IoU 0.2: 4100.0
2025-07-27 02:11:27,440 - DEBUG - Loaded collision time for BConcave+CConvex+3500_flipped at IoU 0.25: 4166.666666666667
2025-07-27 02:11:27,440 - DEBUG - Loaded collision time for BConcave+CConvex+3500_flipped at IoU 0.3: 4250.0
2025-07-27 02:11:27,441 - DEBUG - Loaded collision time for BConcave+CConvex+3500_flipped at IoU 0.35: 4333.333333333333
2025-07-27 02:11:27,441 - DEBUG - Loaded collision time for BConcave+CConvex+3500_flipped at IoU 0.4: 4516.666666666667
2025-07-27 02:11:27,442 - DEBUG - Loaded collision time for BConcave+CConvex+3500_flipped at IoU 0.45: nan
2025-07-27 02:11:27,442 - DEBUG - Loaded collision time for BConcave+CConvex+3500_flipped at IoU 0.5: nan
2025-07-27 02:11:27,443 - DEBUG - Loaded collision time for BConcave+CConvex+3500_flipped at IoU 0.55: nan
2025-07-27 02:11:27,444 - DEBUG - Loaded collision time for BConcave+CConvex+3500_flipped at IoU 0.6: nan
2025-07-27 02:11:27,444 - DEBUG - Loaded collision time for BConcave+CConvex+3500_flipped at IoU 0.65: nan
2025-07-27 02:11:27,445 - DEBUG - Loaded collision time for BConcave+CConvex+3500_flipped at IoU 0.7: nan
2025-07-27 02:11:27,445 - DEBUG - Loaded collision time for BConcave+CConvex+3500_flipped at IoU 0.75: nan
2025-07-27 02:11:27,446 - DEBUG - Loaded collision time for BConcave+CConvex+3500_flipped at IoU 0.8: nan
2025-07-27 02:11:27,447 - DEBUG - Loaded collision time for BConcave+CConvex+3500_flipped at IoU 0.85: nan
2025-07-27 02:11:27,447 - DEBUG - Loaded collision time for BConcave+CConvex+3500_flipped at IoU 0.9: nan
2025-07-27 02:11:27,448 - DEBUG - Loaded collision time for BConcave+CConvex+3500_flipped at IoU 0.95: nan
2025-07-27 02:11:27,448 - INFO - Processing video: BConcave+CConvex+3700
2025-07-27 02:11:27,449 - INFO - Video BConcave+CConvex+3700 already processed (found segformer_model-BConcave+CConvex+3700.mp4), skipping video processing...
2025-07-27 02:11:27,454 - INFO - VanillaSegmentationSaver initialized with output dir: /home/projects/bagon/andreyg/Projects/Object_reps_neural/Programming/hugging_face/model_experiments/segformer/exp2TTC_segformer-b2-finetuned-ade-512-512/processed_videos/segformer_model-BConcave+CConvex+3700/org_segmentation
2025-07-27 02:11:27,456 - INFO - All collision results already exist for BConcave+CConvex+3700
2025-07-27 02:11:27,457 - DEBUG - Loaded collision time for BConcave+CConvex+3700 at IoU 0.05: 3983.3333333333335
2025-07-27 02:11:27,457 - DEBUG - Loaded collision time for BConcave+CConvex+3700 at IoU 0.1: 4116.666666666666
2025-07-27 02:11:27,458 - DEBUG - Loaded collision time for BConcave+CConvex+3700 at IoU 0.15: 4216.666666666667
2025-07-27 02:11:27,458 - DEBUG - Loaded collision time for BConcave+CConvex+3700 at IoU 0.2: 4316.666666666666
2025-07-27 02:11:27,459 - DEBUG - Loaded collision time for BConcave+CConvex+3700 at IoU 0.25: 4383.333333333334
2025-07-27 02:11:27,459 - DEBUG - Loaded collision time for BConcave+CConvex+3700 at IoU 0.3: 4466.666666666667
2025-07-27 02:11:27,460 - DEBUG - Loaded collision time for BConcave+CConvex+3700 at IoU 0.35: 4566.666666666666
2025-07-27 02:11:27,460 - DEBUG - Loaded collision time for BConcave+CConvex+3700 at IoU 0.4: nan
2025-07-27 02:11:27,461 - DEBUG - Loaded collision time for BConcave+CConvex+3700 at IoU 0.45: nan
2025-07-27 02:11:27,461 - DEBUG - Loaded collision time for BConcave+CConvex+3700 at IoU 0.5: nan
2025-07-27 02:11:27,462 - DEBUG - Loaded collision time for BConcave+CConvex+3700 at IoU 0.55: nan
2025-07-27 02:11:27,463 - DEBUG - Loaded collision time for BConcave+CConvex+3700 at IoU 0.6: nan
2025-07-27 02:11:27,463 - DEBUG - Loaded collision time for BConcave+CConvex+3700 at IoU 0.65: nan
2025-07-27 02:11:27,463 - DEBUG - Loaded collision time for BConcave+CConvex+3700 at IoU 0.7: nan
2025-07-27 02:11:27,464 - DEBUG - Loaded collision time for BConcave+CConvex+3700 at IoU 0.75: nan
2025-07-27 02:11:27,464 - DEBUG - Loaded collision time for BConcave+CConvex+3700 at IoU 0.8: nan
2025-07-27 02:11:27,465 - DEBUG - Loaded collision time for BConcave+CConvex+3700 at IoU 0.85: nan
2025-07-27 02:11:27,465 - DEBUG - Loaded collision time for BConcave+CConvex+3700 at IoU 0.9: nan
2025-07-27 02:11:27,466 - DEBUG - Loaded collision time for BConcave+CConvex+3700 at IoU 0.95: nan
2025-07-27 02:11:27,466 - INFO - Processing video: BConcave+CConvex+3900_flipped
2025-07-27 02:11:27,467 - INFO - Video BConcave+CConvex+3900_flipped already processed (found segformer_model-BConcave+CConvex+3900_flipped.mp4), skipping video processing...
2025-07-27 02:11:27,472 - INFO - VanillaSegmentationSaver initialized with output dir: /home/projects/bagon/andreyg/Projects/Object_reps_neural/Programming/hugging_face/model_experiments/segformer/exp2TTC_segformer-b2-finetuned-ade-512-512/processed_videos/segformer_model-BConcave+CConvex+3900_flipped/org_segmentation
2025-07-27 02:11:27,474 - INFO - All collision results already exist for BConcave+CConvex+3900_flipped
2025-07-27 02:11:27,475 - DEBUG - Loaded collision time for BConcave+CConvex+3900_flipped at IoU 0.05: 4233.333333333333
2025-07-27 02:11:27,475 - DEBUG - Loaded collision time for BConcave+CConvex+3900_flipped at IoU 0.1: 4366.666666666666
2025-07-27 02:11:27,476 - DEBUG - Loaded collision time for BConcave+CConvex+3900_flipped at IoU 0.15: 4500.0
2025-07-27 02:11:27,476 - DEBUG - Loaded collision time for BConcave+CConvex+3900_flipped at IoU 0.2: 4600.0
2025-07-27 02:11:27,477 - DEBUG - Loaded collision time for BConcave+CConvex+3900_flipped at IoU 0.25: 4700.0
2025-07-27 02:11:27,477 - DEBUG - Loaded collision time for BConcave+CConvex+3900_flipped at IoU 0.3: 4850.0
2025-07-27 02:11:27,478 - DEBUG - Loaded collision time for BConcave+CConvex+3900_flipped at IoU 0.35: nan
2025-07-27 02:11:27,478 - DEBUG - Loaded collision time for BConcave+CConvex+3900_flipped at IoU 0.4: nan
2025-07-27 02:11:27,479 - DEBUG - Loaded collision time for BConcave+CConvex+3900_flipped at IoU 0.45: nan
2025-07-27 02:11:27,480 - DEBUG - Loaded collision time for BConcave+CConvex+3900_flipped at IoU 0.5: nan
2025-07-27 02:11:27,480 - DEBUG - Loaded collision time for BConcave+CConvex+3900_flipped at IoU 0.55: nan
2025-07-27 02:11:27,481 - DEBUG - Loaded collision time for BConcave+CConvex+3900_flipped at IoU 0.6: nan
2025-07-27 02:11:27,481 - DEBUG - Loaded collision time for BConcave+CConvex+3900_flipped at IoU 0.65: nan
2025-07-27 02:11:27,482 - DEBUG - Loaded collision time for BConcave+CConvex+3900_flipped at IoU 0.7: nan
2025-07-27 02:11:27,482 - DEBUG - Loaded collision time for BConcave+CConvex+3900_flipped at IoU 0.75: nan
2025-07-27 02:11:27,483 - DEBUG - Loaded collision time for BConcave+CConvex+3900_flipped at IoU 0.8: nan
2025-07-27 02:11:27,483 - DEBUG - Loaded collision time for BConcave+CConvex+3900_flipped at IoU 0.85: nan
2025-07-27 02:11:27,484 - DEBUG - Loaded collision time for BConcave+CConvex+3900_flipped at IoU 0.9: nan
2025-07-27 02:11:27,485 - DEBUG - Loaded collision time for BConcave+CConvex+3900_flipped at IoU 0.95: nan
2025-07-27 02:11:27,485 - INFO - Processing video: BConcave+CConvex+4100
2025-07-27 02:11:27,486 - INFO - Video BConcave+CConvex+4100 already processed (found segformer_model-BConcave+CConvex+4100.mp4), skipping video processing...
2025-07-27 02:11:27,490 - INFO - VanillaSegmentationSaver initialized with output dir: /home/projects/bagon/andreyg/Projects/Object_reps_neural/Programming/hugging_face/model_experiments/segformer/exp2TTC_segformer-b2-finetuned-ade-512-512/processed_videos/segformer_model-BConcave+CConvex+4100/org_segmentation
2025-07-27 02:11:27,493 - INFO - All collision results already exist for BConcave+CConvex+4100
2025-07-27 02:11:27,494 - DEBUG - Loaded collision time for BConcave+CConvex+4100 at IoU 0.05: 4416.666666666667
2025-07-27 02:11:27,494 - DEBUG - Loaded collision time for BConcave+CConvex+4100 at IoU 0.1: 4566.666666666666
2025-07-27 02:11:27,495 - DEBUG - Loaded collision time for BConcave+CConvex+4100 at IoU 0.15: 4666.666666666667
2025-07-27 02:11:27,495 - DEBUG - Loaded collision time for BConcave+CConvex+4100 at IoU 0.2: 4750.0
2025-07-27 02:11:27,496 - DEBUG - Loaded collision time for BConcave+CConvex+4100 at IoU 0.25: 4816.666666666666
2025-07-27 02:11:27,496 - DEBUG - Loaded collision time for BConcave+CConvex+4100 at IoU 0.3: 4900.0
2025-07-27 02:11:27,497 - DEBUG - Loaded collision time for BConcave+CConvex+4100 at IoU 0.35: 5016.666666666667
2025-07-27 02:11:27,498 - DEBUG - Loaded collision time for BConcave+CConvex+4100 at IoU 0.4: nan
2025-07-27 02:11:27,498 - DEBUG - Loaded collision time for BConcave+CConvex+4100 at IoU 0.45: nan
2025-07-27 02:11:27,499 - DEBUG - Loaded collision time for BConcave+CConvex+4100 at IoU 0.5: nan
2025-07-27 02:11:27,499 - DEBUG - Loaded collision time for BConcave+CConvex+4100 at IoU 0.55: nan
2025-07-27 02:11:27,500 - DEBUG - Loaded collision time for BConcave+CConvex+4100 at IoU 0.6: nan
2025-07-27 02:11:27,500 - DEBUG - Loaded collision time for BConcave+CConvex+4100 at IoU 0.65: nan
2025-07-27 02:11:27,501 - DEBUG - Loaded collision time for BConcave+CConvex+4100 at IoU 0.7: nan
2025-07-27 02:11:27,501 - DEBUG - Loaded collision time for BConcave+CConvex+4100 at IoU 0.75: nan
2025-07-27 02:11:27,502 - DEBUG - Loaded collision time for BConcave+CConvex+4100 at IoU 0.8: nan
2025-07-27 02:11:27,502 - DEBUG - Loaded collision time for BConcave+CConvex+4100 at IoU 0.85: nan
2025-07-27 02:11:27,503 - DEBUG - Loaded collision time for BConcave+CConvex+4100 at IoU 0.9: nan
2025-07-27 02:11:27,503 - DEBUG - Loaded collision time for BConcave+CConvex+4100 at IoU 0.95: nan
2025-07-27 02:11:27,504 - INFO - Processing video: BConcave+CConvex+4300_flipped
2025-07-27 02:11:27,504 - INFO - Video BConcave+CConvex+4300_flipped already processed (found segformer_model-BConcave+CConvex+4300_flipped.mp4), skipping video processing...
2025-07-27 02:11:27,509 - INFO - VanillaSegmentationSaver initialized with output dir: /home/projects/bagon/andreyg/Projects/Object_reps_neural/Programming/hugging_face/model_experiments/segformer/exp2TTC_segformer-b2-finetuned-ade-512-512/processed_videos/segformer_model-BConcave+CConvex+4300_flipped/org_segmentation
2025-07-27 02:11:27,512 - INFO - All collision results already exist for BConcave+CConvex+4300_flipped
2025-07-27 02:11:27,512 - DEBUG - Loaded collision time for BConcave+CConvex+4300_flipped at IoU 0.05: nan
2025-07-27 02:11:27,513 - DEBUG - Loaded collision time for BConcave+CConvex+4300_flipped at IoU 0.1: nan
2025-07-27 02:11:27,514 - DEBUG - Loaded collision time for BConcave+CConvex+4300_flipped at IoU 0.15: nan
2025-07-27 02:11:27,514 - DEBUG - Loaded collision time for BConcave+CConvex+4300_flipped at IoU 0.2: nan
2025-07-27 02:11:27,515 - DEBUG - Loaded collision time for BConcave+CConvex+4300_flipped at IoU 0.25: nan
2025-07-27 02:11:27,515 - DEBUG - Loaded collision time for BConcave+CConvex+4300_flipped at IoU 0.3: nan
2025-07-27 02:11:27,516 - DEBUG - Loaded collision time for BConcave+CConvex+4300_flipped at IoU 0.35: nan
2025-07-27 02:11:27,516 - DEBUG - Loaded collision time for BConcave+CConvex+4300_flipped at IoU 0.4: nan
2025-07-27 02:11:27,517 - DEBUG - Loaded collision time for BConcave+CConvex+4300_flipped at IoU 0.45: nan
2025-07-27 02:11:27,517 - DEBUG - Loaded collision time for BConcave+CConvex+4300_flipped at IoU 0.5: nan
2025-07-27 02:11:27,518 - DEBUG - Loaded collision time for BConcave+CConvex+4300_flipped at IoU 0.55: nan
2025-07-27 02:11:27,519 - DEBUG - Loaded collision time for BConcave+CConvex+4300_flipped at IoU 0.6: nan
2025-07-27 02:11:27,519 - DEBUG - Loaded collision time for BConcave+CConvex+4300_flipped at IoU 0.65: nan
2025-07-27 02:11:27,520 - DEBUG - Loaded collision time for BConcave+CConvex+4300_flipped at IoU 0.7: nan
2025-07-27 02:11:27,520 - DEBUG - Loaded collision time for BConcave+CConvex+4300_flipped at IoU 0.75: nan
2025-07-27 02:11:27,521 - DEBUG - Loaded collision time for BConcave+CConvex+4300_flipped at IoU 0.8: nan
2025-07-27 02:11:27,521 - DEBUG - Loaded collision time for BConcave+CConvex+4300_flipped at IoU 0.85: nan
2025-07-27 02:11:27,522 - DEBUG - Loaded collision time for BConcave+CConvex+4300_flipped at IoU 0.9: nan
2025-07-27 02:11:27,522 - DEBUG - Loaded collision time for BConcave+CConvex+4300_flipped at IoU 0.95: nan
2025-07-27 02:11:27,523 - INFO - Processing video: BConcave+CConvex+4500
2025-07-27 02:11:27,524 - INFO - Video BConcave+CConvex+4500 already processed (found segformer_model-BConcave+CConvex+4500.mp4), skipping video processing...
2025-07-27 02:11:27,528 - INFO - VanillaSegmentationSaver initialized with output dir: /home/projects/bagon/andreyg/Projects/Object_reps_neural/Programming/hugging_face/model_experiments/segformer/exp2TTC_segformer-b2-finetuned-ade-512-512/processed_videos/segformer_model-BConcave+CConvex+4500/org_segmentation
2025-07-27 02:11:27,531 - INFO - All collision results already exist for BConcave+CConvex+4500
2025-07-27 02:11:27,532 - DEBUG - Loaded collision time for BConcave+CConvex+4500 at IoU 0.05: 4800.0
2025-07-27 02:11:27,532 - DEBUG - Loaded collision time for BConcave+CConvex+4500 at IoU 0.1: 4933.333333333334
2025-07-27 02:11:27,533 - DEBUG - Loaded collision time for BConcave+CConvex+4500 at IoU 0.15: 5033.333333333333
2025-07-27 02:11:27,533 - DEBUG - Loaded collision time for BConcave+CConvex+4500 at IoU 0.2: 5133.333333333334
2025-07-27 02:11:27,534 - DEBUG - Loaded collision time for BConcave+CConvex+4500 at IoU 0.25: 5200.0
2025-07-27 02:11:27,535 - DEBUG - Loaded collision time for BConcave+CConvex+4500 at IoU 0.3: 5283.333333333333
2025-07-27 02:11:27,535 - DEBUG - Loaded collision time for BConcave+CConvex+4500 at IoU 0.35: 5450.0
2025-07-27 02:11:27,536 - DEBUG - Loaded collision time for BConcave+CConvex+4500 at IoU 0.4: nan
2025-07-27 02:11:27,536 - DEBUG - Loaded collision time for BConcave+CConvex+4500 at IoU 0.45: nan
2025-07-27 02:11:27,537 - DEBUG - Loaded collision time for BConcave+CConvex+4500 at IoU 0.5: nan
2025-07-27 02:11:27,537 - DEBUG - Loaded collision time for BConcave+CConvex+4500 at IoU 0.55: nan
2025-07-27 02:11:27,538 - DEBUG - Loaded collision time for BConcave+CConvex+4500 at IoU 0.6: nan
2025-07-27 02:11:27,538 - DEBUG - Loaded collision time for BConcave+CConvex+4500 at IoU 0.65: nan
2025-07-27 02:11:27,539 - DEBUG - Loaded collision time for BConcave+CConvex+4500 at IoU 0.7: nan
2025-07-27 02:11:27,539 - DEBUG - Loaded collision time for BConcave+CConvex+4500 at IoU 0.75: nan
2025-07-27 02:11:27,540 - DEBUG - Loaded collision time for BConcave+CConvex+4500 at IoU 0.8: nan
2025-07-27 02:11:27,541 - DEBUG - Loaded collision time for BConcave+CConvex+4500 at IoU 0.85: nan
2025-07-27 02:11:27,541 - DEBUG - Loaded collision time for BConcave+CConvex+4500 at IoU 0.9: nan
2025-07-27 02:11:27,542 - DEBUG - Loaded collision time for BConcave+CConvex+4500 at IoU 0.95: nan
2025-07-27 02:11:27,542 - INFO - Processing video: BConcave+DConcave+3500
2025-07-27 02:11:27,543 - INFO - Video BConcave+DConcave+3500 already processed (found segformer_model-BConcave+DConcave+3500.mp4), skipping video processing...
2025-07-27 02:11:27,548 - INFO - VanillaSegmentationSaver initialized with output dir: /home/projects/bagon/andreyg/Projects/Object_reps_neural/Programming/hugging_face/model_experiments/segformer/exp2TTC_segformer-b2-finetuned-ade-512-512/processed_videos/segformer_model-BConcave+DConcave+3500/org_segmentation
2025-07-27 02:11:27,551 - INFO - All collision results already exist for BConcave+DConcave+3500
2025-07-27 02:11:27,551 - DEBUG - Loaded collision time for BConcave+DConcave+3500 at IoU 0.05: nan
2025-07-27 02:11:27,552 - DEBUG - Loaded collision time for BConcave+DConcave+3500 at IoU 0.1: nan
2025-07-27 02:11:27,552 - DEBUG - Loaded collision time for BConcave+DConcave+3500 at IoU 0.15: nan
2025-07-27 02:11:27,553 - DEBUG - Loaded collision time for BConcave+DConcave+3500 at IoU 0.2: nan
2025-07-27 02:11:27,553 - DEBUG - Loaded collision time for BConcave+DConcave+3500 at IoU 0.25: nan
2025-07-27 02:11:27,554 - DEBUG - Loaded collision time for BConcave+DConcave+3500 at IoU 0.3: nan
2025-07-27 02:11:27,554 - DEBUG - Loaded collision time for BConcave+DConcave+3500 at IoU 0.35: nan
2025-07-27 02:11:27,555 - DEBUG - Loaded collision time for BConcave+DConcave+3500 at IoU 0.4: nan
2025-07-27 02:11:27,556 - DEBUG - Loaded collision time for BConcave+DConcave+3500 at IoU 0.45: nan
2025-07-27 02:11:27,556 - DEBUG - Loaded collision time for BConcave+DConcave+3500 at IoU 0.5: nan
2025-07-27 02:11:27,557 - DEBUG - Loaded collision time for BConcave+DConcave+3500 at IoU 0.55: nan
2025-07-27 02:11:27,557 - DEBUG - Loaded collision time for BConcave+DConcave+3500 at IoU 0.6: nan
2025-07-27 02:11:27,558 - DEBUG - Loaded collision time for BConcave+DConcave+3500 at IoU 0.65: nan
2025-07-27 02:11:27,558 - DEBUG - Loaded collision time for BConcave+DConcave+3500 at IoU 0.7: nan
2025-07-27 02:11:27,559 - DEBUG - Loaded collision time for BConcave+DConcave+3500 at IoU 0.75: nan
2025-07-27 02:11:27,559 - DEBUG - Loaded collision time for BConcave+DConcave+3500 at IoU 0.8: nan
2025-07-27 02:11:27,560 - DEBUG - Loaded collision time for BConcave+DConcave+3500 at IoU 0.85: nan
2025-07-27 02:11:27,561 - DEBUG - Loaded collision time for BConcave+DConcave+3500 at IoU 0.9: nan
2025-07-27 02:11:27,561 - DEBUG - Loaded collision time for BConcave+DConcave+3500 at IoU 0.95: nan
2025-07-27 02:11:27,561 - INFO - Processing video: BConcave+DConcave+3700_flipped
2025-07-27 02:11:27,562 - INFO - Video BConcave+DConcave+3700_flipped already processed (found segformer_model-BConcave+DConcave+3700_flipped.mp4), skipping video processing...
2025-07-27 02:11:27,567 - INFO - VanillaSegmentationSaver initialized with output dir: /home/projects/bagon/andreyg/Projects/Object_reps_neural/Programming/hugging_face/model_experiments/segformer/exp2TTC_segformer-b2-finetuned-ade-512-512/processed_videos/segformer_model-BConcave+DConcave+3700_flipped/org_segmentation
2025-07-27 02:11:27,570 - INFO - All collision results already exist for BConcave+DConcave+3700_flipped
2025-07-27 02:11:27,571 - DEBUG - Loaded collision time for BConcave+DConcave+3700_flipped at IoU 0.05: 3950.0
2025-07-27 02:11:27,571 - DEBUG - Loaded collision time for BConcave+DConcave+3700_flipped at IoU 0.1: 4016.6666666666665
2025-07-27 02:11:27,572 - DEBUG - Loaded collision time for BConcave+DConcave+3700_flipped at IoU 0.15: 4083.333333333333
2025-07-27 02:11:27,573 - DEBUG - Loaded collision time for BConcave+DConcave+3700_flipped at IoU 0.2: 4166.666666666667
2025-07-27 02:11:27,573 - DEBUG - Loaded collision time for BConcave+DConcave+3700_flipped at IoU 0.25: 4233.333333333333
2025-07-27 02:11:27,574 - DEBUG - Loaded collision time for BConcave+DConcave+3700_flipped at IoU 0.3: 4300.0
2025-07-27 02:11:27,574 - DEBUG - Loaded collision time for BConcave+DConcave+3700_flipped at IoU 0.35: 4366.666666666666
2025-07-27 02:11:27,575 - DEBUG - Loaded collision time for BConcave+DConcave+3700_flipped at IoU 0.4: 4433.333333333334
2025-07-27 02:11:27,576 - DEBUG - Loaded collision time for BConcave+DConcave+3700_flipped at IoU 0.45: nan
2025-07-27 02:11:27,576 - DEBUG - Loaded collision time for BConcave+DConcave+3700_flipped at IoU 0.5: nan
2025-07-27 02:11:27,577 - DEBUG - Loaded collision time for BConcave+DConcave+3700_flipped at IoU 0.55: nan
2025-07-27 02:11:27,577 - DEBUG - Loaded collision time for BConcave+DConcave+3700_flipped at IoU 0.6: nan
2025-07-27 02:11:27,578 - DEBUG - Loaded collision time for BConcave+DConcave+3700_flipped at IoU 0.65: nan
2025-07-27 02:11:27,578 - DEBUG - Loaded collision time for BConcave+DConcave+3700_flipped at IoU 0.7: nan
2025-07-27 02:11:27,579 - DEBUG - Loaded collision time for BConcave+DConcave+3700_flipped at IoU 0.75: nan
2025-07-27 02:11:27,580 - DEBUG - Loaded collision time for BConcave+DConcave+3700_flipped at IoU 0.8: nan
2025-07-27 02:11:27,580 - DEBUG - Loaded collision time for BConcave+DConcave+3700_flipped at IoU 0.85: nan
2025-07-27 02:11:27,581 - DEBUG - Loaded collision time for BConcave+DConcave+3700_flipped at IoU 0.9: nan
2025-07-27 02:11:27,581 - DEBUG - Loaded collision time for BConcave+DConcave+3700_flipped at IoU 0.95: nan
2025-07-27 02:11:27,581 - INFO - Processing video: BConcave+DConcave+3900
2025-07-27 02:11:27,582 - INFO - Video BConcave+DConcave+3900 already processed (found segformer_model-BConcave+DConcave+3900.mp4), skipping video processing...
2025-07-27 02:11:27,588 - INFO - VanillaSegmentationSaver initialized with output dir: /home/projects/bagon/andreyg/Projects/Object_reps_neural/Programming/hugging_face/model_experiments/segformer/exp2TTC_segformer-b2-finetuned-ade-512-512/processed_videos/segformer_model-BConcave+DConcave+3900/org_segmentation
2025-07-27 02:11:27,591 - INFO - All collision results already exist for BConcave+DConcave+3900
2025-07-27 02:11:27,591 - DEBUG - Loaded collision time for BConcave+DConcave+3900 at IoU 0.05: 1500.0
2025-07-27 02:11:27,592 - DEBUG - Loaded collision time for BConcave+DConcave+3900 at IoU 0.1: 4166.666666666667
2025-07-27 02:11:27,592 - DEBUG - Loaded collision time for BConcave+DConcave+3900 at IoU 0.15: 4250.0
2025-07-27 02:11:27,593 - DEBUG - Loaded collision time for BConcave+DConcave+3900 at IoU 0.2: 4316.666666666666
2025-07-27 02:11:27,593 - DEBUG - Loaded collision time for BConcave+DConcave+3900 at IoU 0.25: 4383.333333333334
2025-07-27 02:11:27,594 - DEBUG - Loaded collision time for BConcave+DConcave+3900 at IoU 0.3: 4433.333333333334
2025-07-27 02:11:27,594 - DEBUG - Loaded collision time for BConcave+DConcave+3900 at IoU 0.35: 4500.0
2025-07-27 02:11:27,595 - DEBUG - Loaded collision time for BConcave+DConcave+3900 at IoU 0.4: 4566.666666666666
2025-07-27 02:11:27,595 - DEBUG - Loaded collision time for BConcave+DConcave+3900 at IoU 0.45: 4633.333333333334
2025-07-27 02:11:27,596 - DEBUG - Loaded collision time for BConcave+DConcave+3900 at IoU 0.5: nan
2025-07-27 02:11:27,597 - DEBUG - Loaded collision time for BConcave+DConcave+3900 at IoU 0.55: nan
2025-07-27 02:11:27,597 - DEBUG - Loaded collision time for BConcave+DConcave+3900 at IoU 0.6: nan
2025-07-27 02:11:27,598 - DEBUG - Loaded collision time for BConcave+DConcave+3900 at IoU 0.65: nan
2025-07-27 02:11:27,598 - DEBUG - Loaded collision time for BConcave+DConcave+3900 at IoU 0.7: nan
2025-07-27 02:11:27,599 - DEBUG - Loaded collision time for BConcave+DConcave+3900 at IoU 0.75: nan
2025-07-27 02:11:27,600 - DEBUG - Loaded collision time for BConcave+DConcave+3900 at IoU 0.8: nan
2025-07-27 02:11:27,600 - DEBUG - Loaded collision time for BConcave+DConcave+3900 at IoU 0.85: nan
2025-07-27 02:11:27,601 - DEBUG - Loaded collision time for BConcave+DConcave+3900 at IoU 0.9: nan
2025-07-27 02:11:27,602 - DEBUG - Loaded collision time for BConcave+DConcave+3900 at IoU 0.95: nan
2025-07-27 02:11:27,602 - INFO - Processing video: BConcave+DConcave+4100_flipped
2025-07-27 02:11:27,603 - INFO - Video BConcave+DConcave+4100_flipped already processed (found segformer_model-BConcave+DConcave+4100_flipped.mp4), skipping video processing...
2025-07-27 02:11:27,609 - INFO - VanillaSegmentationSaver initialized with output dir: /home/projects/bagon/andreyg/Projects/Object_reps_neural/Programming/hugging_face/model_experiments/segformer/exp2TTC_segformer-b2-finetuned-ade-512-512/processed_videos/segformer_model-BConcave+DConcave+4100_flipped/org_segmentation
2025-07-27 02:11:27,612 - INFO - All collision results already exist for BConcave+DConcave+4100_flipped
2025-07-27 02:11:27,613 - DEBUG - Loaded collision time for BConcave+DConcave+4100_flipped at IoU 0.05: 4316.666666666666
2025-07-27 02:11:27,614 - DEBUG - Loaded collision time for BConcave+DConcave+4100_flipped at IoU 0.1: 4400.0
2025-07-27 02:11:27,614 - DEBUG - Loaded collision time for BConcave+DConcave+4100_flipped at IoU 0.15: 4466.666666666667
2025-07-27 02:11:27,615 - DEBUG - Loaded collision time for BConcave+DConcave+4100_flipped at IoU 0.2: 4533.333333333333
2025-07-27 02:11:27,615 - DEBUG - Loaded collision time for BConcave+DConcave+4100_flipped at IoU 0.25: 4583.333333333333
2025-07-27 02:11:27,616 - DEBUG - Loaded collision time for BConcave+DConcave+4100_flipped at IoU 0.3: 4650.0
2025-07-27 02:11:27,616 - DEBUG - Loaded collision time for BConcave+DConcave+4100_flipped at IoU 0.35: 4700.0
2025-07-27 02:11:27,617 - DEBUG - Loaded collision time for BConcave+DConcave+4100_flipped at IoU 0.4: 4783.333333333333
2025-07-27 02:11:27,617 - DEBUG - Loaded collision time for BConcave+DConcave+4100_flipped at IoU 0.45: 4866.666666666666
2025-07-27 02:11:27,618 - DEBUG - Loaded collision time for BConcave+DConcave+4100_flipped at IoU 0.5: nan
2025-07-27 02:11:27,619 - DEBUG - Loaded collision time for BConcave+DConcave+4100_flipped at IoU 0.55: nan
2025-07-27 02:11:27,619 - DEBUG - Loaded collision time for BConcave+DConcave+4100_flipped at IoU 0.6: nan
2025-07-27 02:11:27,620 - DEBUG - Loaded collision time for BConcave+DConcave+4100_flipped at IoU 0.65: nan
2025-07-27 02:11:27,621 - DEBUG - Loaded collision time for BConcave+DConcave+4100_flipped at IoU 0.7: nan
2025-07-27 02:11:27,621 - DEBUG - Loaded collision time for BConcave+DConcave+4100_flipped at IoU 0.75: nan
2025-07-27 02:11:27,622 - DEBUG - Loaded collision time for BConcave+DConcave+4100_flipped at IoU 0.8: nan
2025-07-27 02:11:27,622 - DEBUG - Loaded collision time for BConcave+DConcave+4100_flipped at IoU 0.85: nan
2025-07-27 02:11:27,623 - DEBUG - Loaded collision time for BConcave+DConcave+4100_flipped at IoU 0.9: nan
2025-07-27 02:11:27,623 - DEBUG - Loaded collision time for BConcave+DConcave+4100_flipped at IoU 0.95: nan
2025-07-27 02:11:27,623 - INFO - Processing video: BConcave+DConcave+4300
2025-07-27 02:11:27,624 - INFO - Video BConcave+DConcave+4300 already processed (found segformer_model-BConcave+DConcave+4300.mp4), skipping video processing...
2025-07-27 02:11:27,630 - INFO - VanillaSegmentationSaver initialized with output dir: /home/projects/bagon/andreyg/Projects/Object_reps_neural/Programming/hugging_face/model_experiments/segformer/exp2TTC_segformer-b2-finetuned-ade-512-512/processed_videos/segformer_model-BConcave+DConcave+4300/org_segmentation
2025-07-27 02:11:27,633 - INFO - All collision results already exist for BConcave+DConcave+4300
2025-07-27 02:11:27,633 - DEBUG - Loaded collision time for BConcave+DConcave+4300 at IoU 0.05: 4666.666666666667
2025-07-27 02:11:27,634 - DEBUG - Loaded collision time for BConcave+DConcave+4300 at IoU 0.1: 4750.0
2025-07-27 02:11:27,634 - DEBUG - Loaded collision time for BConcave+DConcave+4300 at IoU 0.15: 4833.333333333333
2025-07-27 02:11:27,635 - DEBUG - Loaded collision time for BConcave+DConcave+4300 at IoU 0.2: 4950.0
2025-07-27 02:11:27,635 - DEBUG - Loaded collision time for BConcave+DConcave+4300 at IoU 0.25: 5050.0
2025-07-27 02:11:27,636 - DEBUG - Loaded collision time for BConcave+DConcave+4300 at IoU 0.3: nan
2025-07-27 02:11:27,636 - DEBUG - Loaded collision time for BConcave+DConcave+4300 at IoU 0.35: nan
2025-07-27 02:11:27,637 - DEBUG - Loaded collision time for BConcave+DConcave+4300 at IoU 0.4: nan
2025-07-27 02:11:27,637 - DEBUG - Loaded collision time for BConcave+DConcave+4300 at IoU 0.45: nan
2025-07-27 02:11:27,638 - DEBUG - Loaded collision time for BConcave+DConcave+4300 at IoU 0.5: nan
2025-07-27 02:11:27,638 - DEBUG - Loaded collision time for BConcave+DConcave+4300 at IoU 0.55: nan
2025-07-27 02:11:27,639 - DEBUG - Loaded collision time for BConcave+DConcave+4300 at IoU 0.6: nan
2025-07-27 02:11:27,639 - DEBUG - Loaded collision time for BConcave+DConcave+4300 at IoU 0.65: nan
2025-07-27 02:11:27,640 - DEBUG - Loaded collision time for BConcave+DConcave+4300 at IoU 0.7: nan
2025-07-27 02:11:27,641 - DEBUG - Loaded collision time for BConcave+DConcave+4300 at IoU 0.75: nan
2025-07-27 02:11:27,641 - DEBUG - Loaded collision time for BConcave+DConcave+4300 at IoU 0.8: nan
2025-07-27 02:11:27,642 - DEBUG - Loaded collision time for BConcave+DConcave+4300 at IoU 0.85: nan
2025-07-27 02:11:27,642 - DEBUG - Loaded collision time for BConcave+DConcave+4300 at IoU 0.9: nan
2025-07-27 02:11:27,643 - DEBUG - Loaded collision time for BConcave+DConcave+4300 at IoU 0.95: nan
2025-07-27 02:11:27,643 - INFO - Processing video: BConcave+DConcave+4500_flipped
2025-07-27 02:11:27,644 - INFO - Video BConcave+DConcave+4500_flipped already processed (found segformer_model-BConcave+DConcave+4500_flipped.mp4), skipping video processing...
2025-07-27 02:11:27,649 - INFO - VanillaSegmentationSaver initialized with output dir: /home/projects/bagon/andreyg/Projects/Object_reps_neural/Programming/hugging_face/model_experiments/segformer/exp2TTC_segformer-b2-finetuned-ade-512-512/processed_videos/segformer_model-BConcave+DConcave+4500_flipped/org_segmentation
2025-07-27 02:11:27,653 - INFO - All collision results already exist for BConcave+DConcave+4500_flipped
2025-07-27 02:11:27,653 - DEBUG - Loaded collision time for BConcave+DConcave+4500_flipped at IoU 0.05: 4766.666666666667
2025-07-27 02:11:27,654 - DEBUG - Loaded collision time for BConcave+DConcave+4500_flipped at IoU 0.1: 4833.333333333333
2025-07-27 02:11:27,654 - DEBUG - Loaded collision time for BConcave+DConcave+4500_flipped at IoU 0.15: 4900.0
2025-07-27 02:11:27,655 - DEBUG - Loaded collision time for BConcave+DConcave+4500_flipped at IoU 0.2: 4950.0
2025-07-27 02:11:27,655 - DEBUG - Loaded collision time for BConcave+DConcave+4500_flipped at IoU 0.25: 5016.666666666667
2025-07-27 02:11:27,656 - DEBUG - Loaded collision time for BConcave+DConcave+4500_flipped at IoU 0.3: 5066.666666666666
2025-07-27 02:11:27,656 - DEBUG - Loaded collision time for BConcave+DConcave+4500_flipped at IoU 0.35: 5133.333333333334
2025-07-27 02:11:27,657 - DEBUG - Loaded collision time for BConcave+DConcave+4500_flipped at IoU 0.4: 5200.0
2025-07-27 02:11:27,657 - DEBUG - Loaded collision time for BConcave+DConcave+4500_flipped at IoU 0.45: 5283.333333333333
2025-07-27 02:11:27,658 - DEBUG - Loaded collision time for BConcave+DConcave+4500_flipped at IoU 0.5: nan
2025-07-27 02:11:27,659 - DEBUG - Loaded collision time for BConcave+DConcave+4500_flipped at IoU 0.55: nan
2025-07-27 02:11:27,659 - DEBUG - Loaded collision time for BConcave+DConcave+4500_flipped at IoU 0.6: nan
2025-07-27 02:11:27,660 - DEBUG - Loaded collision time for BConcave+DConcave+4500_flipped at IoU 0.65: nan
2025-07-27 02:11:27,660 - DEBUG - Loaded collision time for BConcave+DConcave+4500_flipped at IoU 0.7: nan
2025-07-27 02:11:27,661 - DEBUG - Loaded collision time for BConcave+DConcave+4500_flipped at IoU 0.75: nan
2025-07-27 02:11:27,661 - DEBUG - Loaded collision time for BConcave+DConcave+4500_flipped at IoU 0.8: nan
2025-07-27 02:11:27,662 - DEBUG - Loaded collision time for BConcave+DConcave+4500_flipped at IoU 0.85: nan
2025-07-27 02:11:27,662 - DEBUG - Loaded collision time for BConcave+DConcave+4500_flipped at IoU 0.9: nan
2025-07-27 02:11:27,663 - DEBUG - Loaded collision time for BConcave+DConcave+4500_flipped at IoU 0.95: nan
2025-07-27 02:11:27,663 - INFO - Processing video: BConcave+DConvex+3500_flipped
2025-07-27 02:11:27,664 - INFO - Video BConcave+DConvex+3500_flipped already processed (found segformer_model-BConcave+DConvex+3500_flipped.mp4), skipping video processing...
2025-07-27 02:11:27,669 - INFO - VanillaSegmentationSaver initialized with output dir: /home/projects/bagon/andreyg/Projects/Object_reps_neural/Programming/hugging_face/model_experiments/segformer/exp2TTC_segformer-b2-finetuned-ade-512-512/processed_videos/segformer_model-BConcave+DConvex+3500_flipped/org_segmentation
2025-07-27 02:11:27,672 - INFO - All collision results already exist for BConcave+DConvex+3500_flipped
2025-07-27 02:11:27,672 - DEBUG - Loaded collision time for BConcave+DConvex+3500_flipped at IoU 0.05: 4166.666666666667
2025-07-27 02:11:27,673 - DEBUG - Loaded collision time for BConcave+DConvex+3500_flipped at IoU 0.1: 4266.666666666667
2025-07-27 02:11:27,673 - DEBUG - Loaded collision time for BConcave+DConvex+3500_flipped at IoU 0.15: 4350.0
2025-07-27 02:11:27,674 - DEBUG - Loaded collision time for BConcave+DConvex+3500_flipped at IoU 0.2: 4400.0
2025-07-27 02:11:27,674 - DEBUG - Loaded collision time for BConcave+DConvex+3500_flipped at IoU 0.25: 4466.666666666667
2025-07-27 02:11:27,675 - DEBUG - Loaded collision time for BConcave+DConvex+3500_flipped at IoU 0.3: 4516.666666666667
2025-07-27 02:11:27,675 - DEBUG - Loaded collision time for BConcave+DConvex+3500_flipped at IoU 0.35: 4566.666666666666
2025-07-27 02:11:27,676 - DEBUG - Loaded collision time for BConcave+DConvex+3500_flipped at IoU 0.4: 4650.0
2025-07-27 02:11:27,676 - DEBUG - Loaded collision time for BConcave+DConvex+3500_flipped at IoU 0.45: 4716.666666666667
2025-07-27 02:11:27,677 - DEBUG - Loaded collision time for BConcave+DConvex+3500_flipped at IoU 0.5: nan
2025-07-27 02:11:27,677 - DEBUG - Loaded collision time for BConcave+DConvex+3500_flipped at IoU 0.55: nan
2025-07-27 02:11:27,678 - DEBUG - Loaded collision time for BConcave+DConvex+3500_flipped at IoU 0.6: nan
2025-07-27 02:11:27,678 - DEBUG - Loaded collision time for BConcave+DConvex+3500_flipped at IoU 0.65: nan
2025-07-27 02:11:27,679 - DEBUG - Loaded collision time for BConcave+DConvex+3500_flipped at IoU 0.7: nan
2025-07-27 02:11:27,679 - DEBUG - Loaded collision time for BConcave+DConvex+3500_flipped at IoU 0.75: nan
2025-07-27 02:11:27,680 - DEBUG - Loaded collision time for BConcave+DConvex+3500_flipped at IoU 0.8: nan
2025-07-27 02:11:27,680 - DEBUG - Loaded collision time for BConcave+DConvex+3500_flipped at IoU 0.85: nan
2025-07-27 02:11:27,681 - DEBUG - Loaded collision time for BConcave+DConvex+3500_flipped at IoU 0.9: nan
2025-07-27 02:11:27,681 - DEBUG - Loaded collision time for BConcave+DConvex+3500_flipped at IoU 0.95: nan
2025-07-27 02:11:27,681 - INFO - Processing video: BConcave+DConvex+3700
2025-07-27 02:11:27,682 - INFO - Video BConcave+DConvex+3700 already processed (found segformer_model-BConcave+DConvex+3700.mp4), skipping video processing...
2025-07-27 02:11:27,687 - INFO - VanillaSegmentationSaver initialized with output dir: /home/projects/bagon/andreyg/Projects/Object_reps_neural/Programming/hugging_face/model_experiments/segformer/exp2TTC_segformer-b2-finetuned-ade-512-512/processed_videos/segformer_model-BConcave+DConvex+3700/org_segmentation
2025-07-27 02:11:27,690 - INFO - All collision results already exist for BConcave+DConvex+3700
2025-07-27 02:11:27,690 - DEBUG - Loaded collision time for BConcave+DConvex+3700 at IoU 0.05: 4333.333333333333
2025-07-27 02:11:27,691 - DEBUG - Loaded collision time for BConcave+DConvex+3700 at IoU 0.1: 4416.666666666667
2025-07-27 02:11:27,691 - DEBUG - Loaded collision time for BConcave+DConvex+3700 at IoU 0.15: 4516.666666666667
2025-07-27 02:11:27,692 - DEBUG - Loaded collision time for BConcave+DConvex+3700 at IoU 0.2: 4566.666666666666
2025-07-27 02:11:27,693 - DEBUG - Loaded collision time for BConcave+DConvex+3700 at IoU 0.25: 4633.333333333334
2025-07-27 02:11:27,694 - DEBUG - Loaded collision time for BConcave+DConvex+3700 at IoU 0.3: 4700.0
2025-07-27 02:11:27,694 - DEBUG - Loaded collision time for BConcave+DConvex+3700 at IoU 0.35: 4733.333333333333
2025-07-27 02:11:27,695 - DEBUG - Loaded collision time for BConcave+DConvex+3700 at IoU 0.4: 4766.666666666667
2025-07-27 02:11:27,696 - DEBUG - Loaded collision time for BConcave+DConvex+3700 at IoU 0.45: 4816.666666666666
2025-07-27 02:11:27,696 - DEBUG - Loaded collision time for BConcave+DConvex+3700 at IoU 0.5: 4850.0
2025-07-27 02:11:27,697 - DEBUG - Loaded collision time for BConcave+DConvex+3700 at IoU 0.55: 4933.333333333334
2025-07-27 02:11:27,697 - DEBUG - Loaded collision time for BConcave+DConvex+3700 at IoU 0.6: nan
2025-07-27 02:11:27,698 - DEBUG - Loaded collision time for BConcave+DConvex+3700 at IoU 0.65: nan
2025-07-27 02:11:27,698 - DEBUG - Loaded collision time for BConcave+DConvex+3700 at IoU 0.7: nan
2025-07-27 02:11:27,699 - DEBUG - Loaded collision time for BConcave+DConvex+3700 at IoU 0.75: nan
2025-07-27 02:11:27,700 - DEBUG - Loaded collision time for BConcave+DConvex+3700 at IoU 0.8: nan
2025-07-27 02:11:27,700 - DEBUG - Loaded collision time for BConcave+DConvex+3700 at IoU 0.85: nan
2025-07-27 02:11:27,701 - DEBUG - Loaded collision time for BConcave+DConvex+3700 at IoU 0.9: nan
2025-07-27 02:11:27,701 - DEBUG - Loaded collision time for BConcave+DConvex+3700 at IoU 0.95: nan
2025-07-27 02:11:27,701 - INFO - Processing video: BConcave+DConvex+3900_flipped
2025-07-27 02:11:27,702 - INFO - Video BConcave+DConvex+3900_flipped already processed (found segformer_model-BConcave+DConvex+3900_flipped.mp4), skipping video processing...
2025-07-27 02:11:27,708 - INFO - VanillaSegmentationSaver initialized with output dir: /home/projects/bagon/andreyg/Projects/Object_reps_neural/Programming/hugging_face/model_experiments/segformer/exp2TTC_segformer-b2-finetuned-ade-512-512/processed_videos/segformer_model-BConcave+DConvex+3900_flipped/org_segmentation
2025-07-27 02:11:27,711 - INFO - All collision results already exist for BConcave+DConvex+3900_flipped
2025-07-27 02:11:27,711 - DEBUG - Loaded collision time for BConcave+DConvex+3900_flipped at IoU 0.05: 4466.666666666667
2025-07-27 02:11:27,712 - DEBUG - Loaded collision time for BConcave+DConvex+3900_flipped at IoU 0.1: 4566.666666666666
2025-07-27 02:11:27,712 - DEBUG - Loaded collision time for BConcave+DConvex+3900_flipped at IoU 0.15: 4616.666666666666
2025-07-27 02:11:27,713 - DEBUG - Loaded collision time for BConcave+DConvex+3900_flipped at IoU 0.2: 4700.0
2025-07-27 02:11:27,713 - DEBUG - Loaded collision time for BConcave+DConvex+3900_flipped at IoU 0.25: 4750.0
2025-07-27 02:11:27,714 - DEBUG - Loaded collision time for BConcave+DConvex+3900_flipped at IoU 0.3: 4800.0
2025-07-27 02:11:27,715 - DEBUG - Loaded collision time for BConcave+DConvex+3900_flipped at IoU 0.35: 4850.0
2025-07-27 02:11:27,715 - DEBUG - Loaded collision time for BConcave+DConvex+3900_flipped at IoU 0.4: 4900.0
2025-07-27 02:11:27,716 - DEBUG - Loaded collision time for BConcave+DConvex+3900_flipped at IoU 0.45: 4950.0
2025-07-27 02:11:27,716 - DEBUG - Loaded collision time for BConcave+DConvex+3900_flipped at IoU 0.5: 4983.333333333333
2025-07-27 02:11:27,717 - DEBUG - Loaded collision time for BConcave+DConvex+3900_flipped at IoU 0.55: 5033.333333333333
2025-07-27 02:11:27,717 - DEBUG - Loaded collision time for BConcave+DConvex+3900_flipped at IoU 0.6: nan
2025-07-27 02:11:27,718 - DEBUG - Loaded collision time for BConcave+DConvex+3900_flipped at IoU 0.65: nan
2025-07-27 02:11:27,719 - DEBUG - Loaded collision time for BConcave+DConvex+3900_flipped at IoU 0.7: nan
2025-07-27 02:11:27,719 - DEBUG - Loaded collision time for BConcave+DConvex+3900_flipped at IoU 0.75: nan
2025-07-27 02:11:27,720 - DEBUG - Loaded collision time for BConcave+DConvex+3900_flipped at IoU 0.8: nan
2025-07-27 02:11:27,720 - DEBUG - Loaded collision time for BConcave+DConvex+3900_flipped at IoU 0.85: nan
2025-07-27 02:11:27,721 - DEBUG - Loaded collision time for BConcave+DConvex+3900_flipped at IoU 0.9: nan
2025-07-27 02:11:27,721 - DEBUG - Loaded collision time for BConcave+DConvex+3900_flipped at IoU 0.95: nan
2025-07-27 02:11:27,721 - INFO - Processing video: BConcave+DConvex+4100
2025-07-27 02:11:27,722 - INFO - Video BConcave+DConvex+4100 already processed (found segformer_model-BConcave+DConvex+4100.mp4), skipping video processing...
2025-07-27 02:11:27,727 - INFO - VanillaSegmentationSaver initialized with output dir: /home/projects/bagon/andreyg/Projects/Object_reps_neural/Programming/hugging_face/model_experiments/segformer/exp2TTC_segformer-b2-finetuned-ade-512-512/processed_videos/segformer_model-BConcave+DConvex+4100/org_segmentation
2025-07-27 02:11:27,730 - INFO - All collision results already exist for BConcave+DConvex+4100
2025-07-27 02:11:27,731 - DEBUG - Loaded collision time for BConcave+DConvex+4100 at IoU 0.05: 1516.6666666666665
2025-07-27 02:11:27,731 - DEBUG - Loaded collision time for BConcave+DConvex+4100 at IoU 0.1: 4633.333333333334
2025-07-27 02:11:27,732 - DEBUG - Loaded collision time for BConcave+DConvex+4100 at IoU 0.15: 4733.333333333333
2025-07-27 02:11:27,732 - DEBUG - Loaded collision time for BConcave+DConvex+4100 at IoU 0.2: 4816.666666666666
2025-07-27 02:11:27,733 - DEBUG - Loaded collision time for BConcave+DConvex+4100 at IoU 0.25: 4900.0
2025-07-27 02:11:27,733 - DEBUG - Loaded collision time for BConcave+DConvex+4100 at IoU 0.3: 4983.333333333333
2025-07-27 02:11:27,734 - DEBUG - Loaded collision time for BConcave+DConvex+4100 at IoU 0.35: 5066.666666666666
2025-07-27 02:11:27,734 - DEBUG - Loaded collision time for BConcave+DConvex+4100 at IoU 0.4: 5133.333333333334
2025-07-27 02:11:27,735 - DEBUG - Loaded collision time for BConcave+DConvex+4100 at IoU 0.45: 5183.333333333334
2025-07-27 02:11:27,735 - DEBUG - Loaded collision time for BConcave+DConvex+4100 at IoU 0.5: 5233.333333333333
2025-07-27 02:11:27,736 - DEBUG - Loaded collision time for BConcave+DConvex+4100 at IoU 0.55: 5300.0
2025-07-27 02:11:27,736 - DEBUG - Loaded collision time for BConcave+DConvex+4100 at IoU 0.6: nan
2025-07-27 02:11:27,737 - DEBUG - Loaded collision time for BConcave+DConvex+4100 at IoU 0.65: nan
2025-07-27 02:11:27,737 - DEBUG - Loaded collision time for BConcave+DConvex+4100 at IoU 0.7: nan
2025-07-27 02:11:27,738 - DEBUG - Loaded collision time for BConcave+DConvex+4100 at IoU 0.75: nan
2025-07-27 02:11:27,738 - DEBUG - Loaded collision time for BConcave+DConvex+4100 at IoU 0.8: nan
2025-07-27 02:11:27,739 - DEBUG - Loaded collision time for BConcave+DConvex+4100 at IoU 0.85: nan
2025-07-27 02:11:27,740 - DEBUG - Loaded collision time for BConcave+DConvex+4100 at IoU 0.9: nan
2025-07-27 02:11:27,740 - DEBUG - Loaded collision time for BConcave+DConvex+4100 at IoU 0.95: nan
2025-07-27 02:11:27,740 - INFO - Processing video: BConcave+DConvex+4300_flipped
2025-07-27 02:11:27,741 - INFO - Video BConcave+DConvex+4300_flipped already processed (found segformer_model-BConcave+DConvex+4300_flipped.mp4), skipping video processing...
2025-07-27 02:11:27,745 - INFO - VanillaSegmentationSaver initialized with output dir: /home/projects/bagon/andreyg/Projects/Object_reps_neural/Programming/hugging_face/model_experiments/segformer/exp2TTC_segformer-b2-finetuned-ade-512-512/processed_videos/segformer_model-BConcave+DConvex+4300_flipped/org_segmentation
2025-07-27 02:11:27,748 - INFO - All collision results already exist for BConcave+DConvex+4300_flipped
2025-07-27 02:11:27,749 - DEBUG - Loaded collision time for BConcave+DConvex+4300_flipped at IoU 0.05: 5016.666666666667
2025-07-27 02:11:27,749 - DEBUG - Loaded collision time for BConcave+DConvex+4300_flipped at IoU 0.1: 5183.333333333334
2025-07-27 02:11:27,750 - DEBUG - Loaded collision time for BConcave+DConvex+4300_flipped at IoU 0.15: 5183.333333333334
2025-07-27 02:11:27,750 - DEBUG - Loaded collision time for BConcave+DConvex+4300_flipped at IoU 0.2: 5200.0
2025-07-27 02:11:27,751 - DEBUG - Loaded collision time for BConcave+DConvex+4300_flipped at IoU 0.25: 5283.333333333333
2025-07-27 02:11:27,751 - DEBUG - Loaded collision time for BConcave+DConvex+4300_flipped at IoU 0.3: 5350.0
2025-07-27 02:11:27,752 - DEBUG - Loaded collision time for BConcave+DConvex+4300_flipped at IoU 0.35: 5350.0
2025-07-27 02:11:27,752 - DEBUG - Loaded collision time for BConcave+DConvex+4300_flipped at IoU 0.4: 5383.333333333334
2025-07-27 02:11:27,753 - DEBUG - Loaded collision time for BConcave+DConvex+4300_flipped at IoU 0.45: 5383.333333333334
2025-07-27 02:11:27,754 - DEBUG - Loaded collision time for BConcave+DConvex+4300_flipped at IoU 0.5: nan
2025-07-27 02:11:27,754 - DEBUG - Loaded collision time for BConcave+DConvex+4300_flipped at IoU 0.55: nan
2025-07-27 02:11:27,755 - DEBUG - Loaded collision time for BConcave+DConvex+4300_flipped at IoU 0.6: nan
2025-07-27 02:11:27,755 - DEBUG - Loaded collision time for BConcave+DConvex+4300_flipped at IoU 0.65: nan
2025-07-27 02:11:27,756 - DEBUG - Loaded collision time for BConcave+DConvex+4300_flipped at IoU 0.7: nan
2025-07-27 02:11:27,757 - DEBUG - Loaded collision time for BConcave+DConvex+4300_flipped at IoU 0.75: nan
2025-07-27 02:11:27,757 - DEBUG - Loaded collision time for BConcave+DConvex+4300_flipped at IoU 0.8: nan
2025-07-27 02:11:27,758 - DEBUG - Loaded collision time for BConcave+DConvex+4300_flipped at IoU 0.85: nan
2025-07-27 02:11:27,758 - DEBUG - Loaded collision time for BConcave+DConvex+4300_flipped at IoU 0.9: nan
2025-07-27 02:11:27,759 - DEBUG - Loaded collision time for BConcave+DConvex+4300_flipped at IoU 0.95: nan
2025-07-27 02:11:27,759 - INFO - Processing video: BConcave+DConvex+4500
2025-07-27 02:11:27,760 - INFO - Video BConcave+DConvex+4500 already processed (found segformer_model-BConcave+DConvex+4500.mp4), skipping video processing...
2025-07-27 02:11:27,764 - INFO - VanillaSegmentationSaver initialized with output dir: /home/projects/bagon/andreyg/Projects/Object_reps_neural/Programming/hugging_face/model_experiments/segformer/exp2TTC_segformer-b2-finetuned-ade-512-512/processed_videos/segformer_model-BConcave+DConvex+4500/org_segmentation
2025-07-27 02:11:27,767 - INFO - All collision results already exist for BConcave+DConvex+4500
2025-07-27 02:11:27,768 - DEBUG - Loaded collision time for BConcave+DConvex+4500 at IoU 0.05: 4883.333333333334
2025-07-27 02:11:27,768 - DEBUG - Loaded collision time for BConcave+DConvex+4500 at IoU 0.1: 5033.333333333333
2025-07-27 02:11:27,769 - DEBUG - Loaded collision time for BConcave+DConvex+4500 at IoU 0.15: 5133.333333333334
2025-07-27 02:11:27,769 - DEBUG - Loaded collision time for BConcave+DConvex+4500 at IoU 0.2: 5233.333333333333
2025-07-27 02:11:27,770 - DEBUG - Loaded collision time for BConcave+DConvex+4500 at IoU 0.25: 5300.0
2025-07-27 02:11:27,770 - DEBUG - Loaded collision time for BConcave+DConvex+4500 at IoU 0.3: 5400.0
2025-07-27 02:11:27,771 - DEBUG - Loaded collision time for BConcave+DConvex+4500 at IoU 0.35: 5466.666666666667
2025-07-27 02:11:27,771 - DEBUG - Loaded collision time for BConcave+DConvex+4500 at IoU 0.4: nan
2025-07-27 02:11:27,772 - DEBUG - Loaded collision time for BConcave+DConvex+4500 at IoU 0.45: nan
2025-07-27 02:11:27,772 - DEBUG - Loaded collision time for BConcave+DConvex+4500 at IoU 0.5: nan
2025-07-27 02:11:27,773 - DEBUG - Loaded collision time for BConcave+DConvex+4500 at IoU 0.55: nan
2025-07-27 02:11:27,774 - DEBUG - Loaded collision time for BConcave+DConvex+4500 at IoU 0.6: nan
2025-07-27 02:11:27,774 - DEBUG - Loaded collision time for BConcave+DConvex+4500 at IoU 0.65: nan
2025-07-27 02:11:27,775 - DEBUG - Loaded collision time for BConcave+DConvex+4500 at IoU 0.7: nan
2025-07-27 02:11:27,775 - DEBUG - Loaded collision time for BConcave+DConvex+4500 at IoU 0.75: nan
2025-07-27 02:11:27,776 - DEBUG - Loaded collision time for BConcave+DConvex+4500 at IoU 0.8: nan
2025-07-27 02:11:27,776 - DEBUG - Loaded collision time for BConcave+DConvex+4500 at IoU 0.85: nan
2025-07-27 02:11:27,777 - DEBUG - Loaded collision time for BConcave+DConvex+4500 at IoU 0.9: nan
2025-07-27 02:11:27,777 - DEBUG - Loaded collision time for BConcave+DConvex+4500 at IoU 0.95: nan
2025-07-27 02:11:27,777 - INFO - Processing video: BConcave+EConcave+3500_flipped
2025-07-27 02:11:27,778 - INFO - Video BConcave+EConcave+3500_flipped already processed (found segformer_model-BConcave+EConcave+3500_flipped.mp4), skipping video processing...
2025-07-27 02:11:27,783 - INFO - VanillaSegmentationSaver initialized with output dir: /home/projects/bagon/andreyg/Projects/Object_reps_neural/Programming/hugging_face/model_experiments/segformer/exp2TTC_segformer-b2-finetuned-ade-512-512/processed_videos/segformer_model-BConcave+EConcave+3500_flipped/org_segmentation
2025-07-27 02:11:27,786 - INFO - All collision results already exist for BConcave+EConcave+3500_flipped
2025-07-27 02:11:27,786 - DEBUG - Loaded collision time for BConcave+EConcave+3500_flipped at IoU 0.05: 3816.666666666667
2025-07-27 02:11:27,787 - DEBUG - Loaded collision time for BConcave+EConcave+3500_flipped at IoU 0.1: 3900.0
2025-07-27 02:11:27,788 - DEBUG - Loaded collision time for BConcave+EConcave+3500_flipped at IoU 0.15: 4016.6666666666665
2025-07-27 02:11:27,788 - DEBUG - Loaded collision time for BConcave+EConcave+3500_flipped at IoU 0.2: nan
2025-07-27 02:11:27,789 - DEBUG - Loaded collision time for BConcave+EConcave+3500_flipped at IoU 0.25: nan
2025-07-27 02:11:27,789 - DEBUG - Loaded collision time for BConcave+EConcave+3500_flipped at IoU 0.3: nan
2025-07-27 02:11:27,790 - DEBUG - Loaded collision time for BConcave+EConcave+3500_flipped at IoU 0.35: nan
2025-07-27 02:11:27,790 - DEBUG - Loaded collision time for BConcave+EConcave+3500_flipped at IoU 0.4: nan
2025-07-27 02:11:27,791 - DEBUG - Loaded collision time for BConcave+EConcave+3500_flipped at IoU 0.45: nan
2025-07-27 02:11:27,792 - DEBUG - Loaded collision time for BConcave+EConcave+3500_flipped at IoU 0.5: nan
2025-07-27 02:11:27,792 - DEBUG - Loaded collision time for BConcave+EConcave+3500_flipped at IoU 0.55: nan
2025-07-27 02:11:27,793 - DEBUG - Loaded collision time for BConcave+EConcave+3500_flipped at IoU 0.6: nan
2025-07-27 02:11:27,793 - DEBUG - Loaded collision time for BConcave+EConcave+3500_flipped at IoU 0.65: nan
2025-07-27 02:11:27,794 - DEBUG - Loaded collision time for BConcave+EConcave+3500_flipped at IoU 0.7: nan
2025-07-27 02:11:27,794 - DEBUG - Loaded collision time for BConcave+EConcave+3500_flipped at IoU 0.75: nan
2025-07-27 02:11:27,795 - DEBUG - Loaded collision time for BConcave+EConcave+3500_flipped at IoU 0.8: nan
2025-07-27 02:11:27,796 - DEBUG - Loaded collision time for BConcave+EConcave+3500_flipped at IoU 0.85: nan
2025-07-27 02:11:27,796 - DEBUG - Loaded collision time for BConcave+EConcave+3500_flipped at IoU 0.9: nan
2025-07-27 02:11:27,797 - DEBUG - Loaded collision time for BConcave+EConcave+3500_flipped at IoU 0.95: nan
2025-07-27 02:11:27,797 - INFO - Processing video: BConcave+EConcave+3700
2025-07-27 02:11:27,798 - INFO - Video BConcave+EConcave+3700 already processed (found segformer_model-BConcave+EConcave+3700.mp4), skipping video processing...
2025-07-27 02:11:27,803 - INFO - VanillaSegmentationSaver initialized with output dir: /home/projects/bagon/andreyg/Projects/Object_reps_neural/Programming/hugging_face/model_experiments/segformer/exp2TTC_segformer-b2-finetuned-ade-512-512/processed_videos/segformer_model-BConcave+EConcave+3700/org_segmentation
2025-07-27 02:11:27,805 - INFO - All collision results already exist for BConcave+EConcave+3700
2025-07-27 02:11:27,806 - DEBUG - Loaded collision time for BConcave+EConcave+3700 at IoU 0.05: 3933.333333333333
2025-07-27 02:11:27,807 - DEBUG - Loaded collision time for BConcave+EConcave+3700 at IoU 0.1: 4066.6666666666665
2025-07-27 02:11:27,807 - DEBUG - Loaded collision time for BConcave+EConcave+3700 at IoU 0.15: 4216.666666666667
2025-07-27 02:11:27,808 - DEBUG - Loaded collision time for BConcave+EConcave+3700 at IoU 0.2: nan
2025-07-27 02:11:27,808 - DEBUG - Loaded collision time for BConcave+EConcave+3700 at IoU 0.25: nan
2025-07-27 02:11:27,809 - DEBUG - Loaded collision time for BConcave+EConcave+3700 at IoU 0.3: nan
2025-07-27 02:11:27,809 - DEBUG - Loaded collision time for BConcave+EConcave+3700 at IoU 0.35: nan
2025-07-27 02:11:27,810 - DEBUG - Loaded collision time for BConcave+EConcave+3700 at IoU 0.4: nan
2025-07-27 02:11:27,811 - DEBUG - Loaded collision time for BConcave+EConcave+3700 at IoU 0.45: nan
2025-07-27 02:11:27,811 - DEBUG - Loaded collision time for BConcave+EConcave+3700 at IoU 0.5: nan
2025-07-27 02:11:27,812 - DEBUG - Loaded collision time for BConcave+EConcave+3700 at IoU 0.55: nan
2025-07-27 02:11:27,812 - DEBUG - Loaded collision time for BConcave+EConcave+3700 at IoU 0.6: nan
2025-07-27 02:11:27,813 - DEBUG - Loaded collision time for BConcave+EConcave+3700 at IoU 0.65: nan
2025-07-27 02:11:27,813 - DEBUG - Loaded collision time for BConcave+EConcave+3700 at IoU 0.7: nan
2025-07-27 02:11:27,814 - DEBUG - Loaded collision time for BConcave+EConcave+3700 at IoU 0.75: nan
2025-07-27 02:11:27,814 - DEBUG - Loaded collision time for BConcave+EConcave+3700 at IoU 0.8: nan
2025-07-27 02:11:27,815 - DEBUG - Loaded collision time for BConcave+EConcave+3700 at IoU 0.85: nan
2025-07-27 02:11:27,815 - DEBUG - Loaded collision time for BConcave+EConcave+3700 at IoU 0.9: nan
2025-07-27 02:11:27,816 - DEBUG - Loaded collision time for BConcave+EConcave+3700 at IoU 0.95: nan
2025-07-27 02:11:27,816 - INFO - Processing video: BConcave+EConcave+3900_flipped
2025-07-27 02:11:27,817 - INFO - Video BConcave+EConcave+3900_flipped already processed (found segformer_model-BConcave+EConcave+3900_flipped.mp4), skipping video processing...
2025-07-27 02:11:27,822 - INFO - VanillaSegmentationSaver initialized with output dir: /home/projects/bagon/andreyg/Projects/Object_reps_neural/Programming/hugging_face/model_experiments/segformer/exp2TTC_segformer-b2-finetuned-ade-512-512/processed_videos/segformer_model-BConcave+EConcave+3900_flipped/org_segmentation
2025-07-27 02:11:27,824 - INFO - All collision results already exist for BConcave+EConcave+3900_flipped
2025-07-27 02:11:27,825 - DEBUG - Loaded collision time for BConcave+EConcave+3900_flipped at IoU 0.05: 4166.666666666667
2025-07-27 02:11:27,826 - DEBUG - Loaded collision time for BConcave+EConcave+3900_flipped at IoU 0.1: 4300.0
2025-07-27 02:11:27,826 - DEBUG - Loaded collision time for BConcave+EConcave+3900_flipped at IoU 0.15: 4583.333333333333
2025-07-27 02:11:27,827 - DEBUG - Loaded collision time for BConcave+EConcave+3900_flipped at IoU 0.2: nan
2025-07-27 02:11:27,827 - DEBUG - Loaded collision time for BConcave+EConcave+3900_flipped at IoU 0.25: nan
2025-07-27 02:11:27,828 - DEBUG - Loaded collision time for BConcave+EConcave+3900_flipped at IoU 0.3: nan
2025-07-27 02:11:27,828 - DEBUG - Loaded collision time for BConcave+EConcave+3900_flipped at IoU 0.35: nan
2025-07-27 02:11:27,829 - DEBUG - Loaded collision time for BConcave+EConcave+3900_flipped at IoU 0.4: nan
2025-07-27 02:11:27,829 - DEBUG - Loaded collision time for BConcave+EConcave+3900_flipped at IoU 0.45: nan
2025-07-27 02:11:27,830 - DEBUG - Loaded collision time for BConcave+EConcave+3900_flipped at IoU 0.5: nan
2025-07-27 02:11:27,831 - DEBUG - Loaded collision time for BConcave+EConcave+3900_flipped at IoU 0.55: nan
2025-07-27 02:11:27,831 - DEBUG - Loaded collision time for BConcave+EConcave+3900_flipped at IoU 0.6: nan
2025-07-27 02:11:27,832 - DEBUG - Loaded collision time for BConcave+EConcave+3900_flipped at IoU 0.65: nan
2025-07-27 02:11:27,832 - DEBUG - Loaded collision time for BConcave+EConcave+3900_flipped at IoU 0.7: nan
2025-07-27 02:11:27,833 - DEBUG - Loaded collision time for BConcave+EConcave+3900_flipped at IoU 0.75: nan
2025-07-27 02:11:27,833 - DEBUG - Loaded collision time for BConcave+EConcave+3900_flipped at IoU 0.8: nan
2025-07-27 02:11:27,834 - DEBUG - Loaded collision time for BConcave+EConcave+3900_flipped at IoU 0.85: nan
2025-07-27 02:11:27,835 - DEBUG - Loaded collision time for BConcave+EConcave+3900_flipped at IoU 0.9: nan
2025-07-27 02:11:27,835 - DEBUG - Loaded collision time for BConcave+EConcave+3900_flipped at IoU 0.95: nan
2025-07-27 02:11:27,835 - INFO - Processing video: BConcave+EConcave+4100
2025-07-27 02:11:27,836 - INFO - Video BConcave+EConcave+4100 already processed (found segformer_model-BConcave+EConcave+4100.mp4), skipping video processing...
2025-07-27 02:11:27,841 - INFO - VanillaSegmentationSaver initialized with output dir: /home/projects/bagon/andreyg/Projects/Object_reps_neural/Programming/hugging_face/model_experiments/segformer/exp2TTC_segformer-b2-finetuned-ade-512-512/processed_videos/segformer_model-BConcave+EConcave+4100/org_segmentation
2025-07-27 02:11:27,844 - INFO - All collision results already exist for BConcave+EConcave+4100
2025-07-27 02:11:27,845 - DEBUG - Loaded collision time for BConcave+EConcave+4100 at IoU 0.05: 4333.333333333333
2025-07-27 02:11:27,845 - DEBUG - Loaded collision time for BConcave+EConcave+4100 at IoU 0.1: 4466.666666666667
2025-07-27 02:11:27,846 - DEBUG - Loaded collision time for BConcave+EConcave+4100 at IoU 0.15: 4650.0
2025-07-27 02:11:27,846 - DEBUG - Loaded collision time for BConcave+EConcave+4100 at IoU 0.2: nan
2025-07-27 02:11:27,847 - DEBUG - Loaded collision time for BConcave+EConcave+4100 at IoU 0.25: nan
2025-07-27 02:11:27,848 - DEBUG - Loaded collision time for BConcave+EConcave+4100 at IoU 0.3: nan
2025-07-27 02:11:27,848 - DEBUG - Loaded collision time for BConcave+EConcave+4100 at IoU 0.35: nan
2025-07-27 02:11:27,849 - DEBUG - Loaded collision time for BConcave+EConcave+4100 at IoU 0.4: nan
2025-07-27 02:11:27,849 - DEBUG - Loaded collision time for BConcave+EConcave+4100 at IoU 0.45: nan
2025-07-27 02:11:27,850 - DEBUG - Loaded collision time for BConcave+EConcave+4100 at IoU 0.5: nan
2025-07-27 02:11:27,851 - DEBUG - Loaded collision time for BConcave+EConcave+4100 at IoU 0.55: nan
2025-07-27 02:11:27,851 - DEBUG - Loaded collision time for BConcave+EConcave+4100 at IoU 0.6: nan
2025-07-27 02:11:27,852 - DEBUG - Loaded collision time for BConcave+EConcave+4100 at IoU 0.65: nan
2025-07-27 02:11:27,852 - DEBUG - Loaded collision time for BConcave+EConcave+4100 at IoU 0.7: nan
2025-07-27 02:11:27,853 - DEBUG - Loaded collision time for BConcave+EConcave+4100 at IoU 0.75: nan
2025-07-27 02:11:27,853 - DEBUG - Loaded collision time for BConcave+EConcave+4100 at IoU 0.8: nan
2025-07-27 02:11:27,854 - DEBUG - Loaded collision time for BConcave+EConcave+4100 at IoU 0.85: nan
2025-07-27 02:11:27,854 - DEBUG - Loaded collision time for BConcave+EConcave+4100 at IoU 0.9: nan
2025-07-27 02:11:27,855 - DEBUG - Loaded collision time for BConcave+EConcave+4100 at IoU 0.95: nan
2025-07-27 02:11:27,855 - INFO - Processing video: BConcave+EConcave+4300_flipped
2025-07-27 02:11:27,856 - INFO - Video BConcave+EConcave+4300_flipped already processed (found segformer_model-BConcave+EConcave+4300_flipped.mp4), skipping video processing...
2025-07-27 02:11:27,861 - INFO - VanillaSegmentationSaver initialized with output dir: /home/projects/bagon/andreyg/Projects/Object_reps_neural/Programming/hugging_face/model_experiments/segformer/exp2TTC_segformer-b2-finetuned-ade-512-512/processed_videos/segformer_model-BConcave+EConcave+4300_flipped/org_segmentation
2025-07-27 02:11:27,864 - INFO - All collision results already exist for BConcave+EConcave+4300_flipped
2025-07-27 02:11:27,864 - DEBUG - Loaded collision time for BConcave+EConcave+4300_flipped at IoU 0.05: 4566.666666666666
2025-07-27 02:11:27,865 - DEBUG - Loaded collision time for BConcave+EConcave+4300_flipped at IoU 0.1: 4683.333333333334
2025-07-27 02:11:27,865 - DEBUG - Loaded collision time for BConcave+EConcave+4300_flipped at IoU 0.15: 4816.666666666666
2025-07-27 02:11:27,866 - DEBUG - Loaded collision time for BConcave+EConcave+4300_flipped at IoU 0.2: nan
2025-07-27 02:11:27,867 - DEBUG - Loaded collision time for BConcave+EConcave+4300_flipped at IoU 0.25: nan
2025-07-27 02:11:27,867 - DEBUG - Loaded collision time for BConcave+EConcave+4300_flipped at IoU 0.3: nan
2025-07-27 02:11:27,868 - DEBUG - Loaded collision time for BConcave+EConcave+4300_flipped at IoU 0.35: nan
2025-07-27 02:11:27,868 - DEBUG - Loaded collision time for BConcave+EConcave+4300_flipped at IoU 0.4: nan
2025-07-27 02:11:27,869 - DEBUG - Loaded collision time for BConcave+EConcave+4300_flipped at IoU 0.45: nan
2025-07-27 02:11:27,869 - DEBUG - Loaded collision time for BConcave+EConcave+4300_flipped at IoU 0.5: nan
2025-07-27 02:11:27,870 - DEBUG - Loaded collision time for BConcave+EConcave+4300_flipped at IoU 0.55: nan
2025-07-27 02:11:27,870 - DEBUG - Loaded collision time for BConcave+EConcave+4300_flipped at IoU 0.6: nan
2025-07-27 02:11:27,871 - DEBUG - Loaded collision time for BConcave+EConcave+4300_flipped at IoU 0.65: nan
2025-07-27 02:11:27,871 - DEBUG - Loaded collision time for BConcave+EConcave+4300_flipped at IoU 0.7: nan
2025-07-27 02:11:27,872 - DEBUG - Loaded collision time for BConcave+EConcave+4300_flipped at IoU 0.75: nan
2025-07-27 02:11:27,872 - DEBUG - Loaded collision time for BConcave+EConcave+4300_flipped at IoU 0.8: nan
2025-07-27 02:11:27,873 - DEBUG - Loaded collision time for BConcave+EConcave+4300_flipped at IoU 0.85: nan
2025-07-27 02:11:27,873 - DEBUG - Loaded collision time for BConcave+EConcave+4300_flipped at IoU 0.9: nan
2025-07-27 02:11:27,874 - DEBUG - Loaded collision time for BConcave+EConcave+4300_flipped at IoU 0.95: nan
2025-07-27 02:11:27,874 - INFO - Processing video: BConcave+EConcave+4500
2025-07-27 02:11:27,875 - INFO - Video BConcave+EConcave+4500 already processed (found segformer_model-BConcave+EConcave+4500.mp4), skipping video processing...
2025-07-27 02:11:27,879 - INFO - VanillaSegmentationSaver initialized with output dir: /home/projects/bagon/andreyg/Projects/Object_reps_neural/Programming/hugging_face/model_experiments/segformer/exp2TTC_segformer-b2-finetuned-ade-512-512/processed_videos/segformer_model-BConcave+EConcave+4500/org_segmentation
2025-07-27 02:11:27,882 - INFO - All collision results already exist for BConcave+EConcave+4500
2025-07-27 02:11:27,883 - DEBUG - Loaded collision time for BConcave+EConcave+4500 at IoU 0.05: 4750.0
2025-07-27 02:11:27,883 - DEBUG - Loaded collision time for BConcave+EConcave+4500 at IoU 0.1: 4883.333333333334
2025-07-27 02:11:27,884 - DEBUG - Loaded collision time for BConcave+EConcave+4500 at IoU 0.15: 5216.666666666667
2025-07-27 02:11:27,884 - DEBUG - Loaded collision time for BConcave+EConcave+4500 at IoU 0.2: nan
2025-07-27 02:11:27,885 - DEBUG - Loaded collision time for BConcave+EConcave+4500 at IoU 0.25: nan
2025-07-27 02:11:27,885 - DEBUG - Loaded collision time for BConcave+EConcave+4500 at IoU 0.3: nan
2025-07-27 02:11:27,886 - DEBUG - Loaded collision time for BConcave+EConcave+4500 at IoU 0.35: nan
2025-07-27 02:11:27,886 - DEBUG - Loaded collision time for BConcave+EConcave+4500 at IoU 0.4: nan
2025-07-27 02:11:27,887 - DEBUG - Loaded collision time for BConcave+EConcave+4500 at IoU 0.45: nan
2025-07-27 02:11:27,887 - DEBUG - Loaded collision time for BConcave+EConcave+4500 at IoU 0.5: nan
2025-07-27 02:11:27,888 - DEBUG - Loaded collision time for BConcave+EConcave+4500 at IoU 0.55: nan
2025-07-27 02:11:27,888 - DEBUG - Loaded collision time for BConcave+EConcave+4500 at IoU 0.6: nan
2025-07-27 02:11:27,889 - DEBUG - Loaded collision time for BConcave+EConcave+4500 at IoU 0.65: nan
2025-07-27 02:11:27,889 - DEBUG - Loaded collision time for BConcave+EConcave+4500 at IoU 0.7: nan
2025-07-27 02:11:27,890 - DEBUG - Loaded collision time for BConcave+EConcave+4500 at IoU 0.75: nan
2025-07-27 02:11:27,890 - DEBUG - Loaded collision time for BConcave+EConcave+4500 at IoU 0.8: nan
2025-07-27 02:11:27,891 - DEBUG - Loaded collision time for BConcave+EConcave+4500 at IoU 0.85: nan
2025-07-27 02:11:27,891 - DEBUG - Loaded collision time for BConcave+EConcave+4500 at IoU 0.9: nan
2025-07-27 02:11:27,892 - DEBUG - Loaded collision time for BConcave+EConcave+4500 at IoU 0.95: nan
2025-07-27 02:11:27,892 - INFO - Processing video: BConcave+EConvex+3500
2025-07-27 02:11:27,893 - INFO - Video BConcave+EConvex+3500 already processed (found segformer_model-BConcave+EConvex+3500.mp4), skipping video processing...
2025-07-27 02:11:27,897 - INFO - VanillaSegmentationSaver initialized with output dir: /home/projects/bagon/andreyg/Projects/Object_reps_neural/Programming/hugging_face/model_experiments/segformer/exp2TTC_segformer-b2-finetuned-ade-512-512/processed_videos/segformer_model-BConcave+EConvex+3500/org_segmentation
2025-07-27 02:11:27,900 - INFO - All collision results already exist for BConcave+EConvex+3500
2025-07-27 02:11:27,900 - DEBUG - Loaded collision time for BConcave+EConvex+3500 at IoU 0.05: 3750.0
2025-07-27 02:11:27,901 - DEBUG - Loaded collision time for BConcave+EConvex+3500 at IoU 0.1: 3866.6666666666665
2025-07-27 02:11:27,901 - DEBUG - Loaded collision time for BConcave+EConvex+3500 at IoU 0.15: 3966.666666666667
2025-07-27 02:11:27,902 - DEBUG - Loaded collision time for BConcave+EConvex+3500 at IoU 0.2: 4066.6666666666665
2025-07-27 02:11:27,902 - DEBUG - Loaded collision time for BConcave+EConvex+3500 at IoU 0.25: 4166.666666666667
2025-07-27 02:11:27,903 - DEBUG - Loaded collision time for BConcave+EConvex+3500 at IoU 0.3: nan
2025-07-27 02:11:27,903 - DEBUG - Loaded collision time for BConcave+EConvex+3500 at IoU 0.35: nan
2025-07-27 02:11:27,904 - DEBUG - Loaded collision time for BConcave+EConvex+3500 at IoU 0.4: nan
2025-07-27 02:11:27,904 - DEBUG - Loaded collision time for BConcave+EConvex+3500 at IoU 0.45: nan
2025-07-27 02:11:27,905 - DEBUG - Loaded collision time for BConcave+EConvex+3500 at IoU 0.5: nan
2025-07-27 02:11:27,905 - DEBUG - Loaded collision time for BConcave+EConvex+3500 at IoU 0.55: nan
2025-07-27 02:11:27,906 - DEBUG - Loaded collision time for BConcave+EConvex+3500 at IoU 0.6: nan
2025-07-27 02:11:27,906 - DEBUG - Loaded collision time for BConcave+EConvex+3500 at IoU 0.65: nan
2025-07-27 02:11:27,907 - DEBUG - Loaded collision time for BConcave+EConvex+3500 at IoU 0.7: nan
2025-07-27 02:11:27,907 - DEBUG - Loaded collision time for BConcave+EConvex+3500 at IoU 0.75: nan
2025-07-27 02:11:27,908 - DEBUG - Loaded collision time for BConcave+EConvex+3500 at IoU 0.8: nan
2025-07-27 02:11:27,908 - DEBUG - Loaded collision time for BConcave+EConvex+3500 at IoU 0.85: nan
2025-07-27 02:11:27,909 - DEBUG - Loaded collision time for BConcave+EConvex+3500 at IoU 0.9: nan
2025-07-27 02:11:27,909 - DEBUG - Loaded collision time for BConcave+EConvex+3500 at IoU 0.95: nan
2025-07-27 02:11:27,910 - INFO - Processing video: BConcave+EConvex+3700_flipped
2025-07-27 02:11:27,911 - INFO - Video BConcave+EConvex+3700_flipped already processed (found segformer_model-BConcave+EConvex+3700_flipped.mp4), skipping video processing...
2025-07-27 02:11:27,915 - INFO - VanillaSegmentationSaver initialized with output dir: /home/projects/bagon/andreyg/Projects/Object_reps_neural/Programming/hugging_face/model_experiments/segformer/exp2TTC_segformer-b2-finetuned-ade-512-512/processed_videos/segformer_model-BConcave+EConvex+3700_flipped/org_segmentation
2025-07-27 02:11:27,918 - INFO - All collision results already exist for BConcave+EConvex+3700_flipped
2025-07-27 02:11:27,919 - DEBUG - Loaded collision time for BConcave+EConvex+3700_flipped at IoU 0.05: 4033.333333333333
2025-07-27 02:11:27,919 - DEBUG - Loaded collision time for BConcave+EConvex+3700_flipped at IoU 0.1: 4150.0
2025-07-27 02:11:27,920 - DEBUG - Loaded collision time for BConcave+EConvex+3700_flipped at IoU 0.15: 4233.333333333333
2025-07-27 02:11:27,921 - DEBUG - Loaded collision time for BConcave+EConvex+3700_flipped at IoU 0.2: 4300.0
2025-07-27 02:11:27,921 - DEBUG - Loaded collision time for BConcave+EConvex+3700_flipped at IoU 0.25: 4416.666666666667
2025-07-27 02:11:27,922 - DEBUG - Loaded collision time for BConcave+EConvex+3700_flipped at IoU 0.3: nan
2025-07-27 02:11:27,922 - DEBUG - Loaded collision time for BConcave+EConvex+3700_flipped at IoU 0.35: nan
2025-07-27 02:11:27,923 - DEBUG - Loaded collision time for BConcave+EConvex+3700_flipped at IoU 0.4: nan
2025-07-27 02:11:27,923 - DEBUG - Loaded collision time for BConcave+EConvex+3700_flipped at IoU 0.45: nan
2025-07-27 02:11:27,924 - DEBUG - Loaded collision time for BConcave+EConvex+3700_flipped at IoU 0.5: nan
2025-07-27 02:11:27,925 - DEBUG - Loaded collision time for BConcave+EConvex+3700_flipped at IoU 0.55: nan
2025-07-27 02:11:27,925 - DEBUG - Loaded collision time for BConcave+EConvex+3700_flipped at IoU 0.6: nan
2025-07-27 02:11:27,926 - DEBUG - Loaded collision time for BConcave+EConvex+3700_flipped at IoU 0.65: nan
2025-07-27 02:11:27,926 - DEBUG - Loaded collision time for BConcave+EConvex+3700_flipped at IoU 0.7: nan
2025-07-27 02:11:27,927 - DEBUG - Loaded collision time for BConcave+EConvex+3700_flipped at IoU 0.75: nan
2025-07-27 02:11:27,928 - DEBUG - Loaded collision time for BConcave+EConvex+3700_flipped at IoU 0.8: nan
2025-07-27 02:11:27,928 - DEBUG - Loaded collision time for BConcave+EConvex+3700_flipped at IoU 0.85: nan
2025-07-27 02:11:27,929 - DEBUG - Loaded collision time for BConcave+EConvex+3700_flipped at IoU 0.9: nan
2025-07-27 02:11:27,929 - DEBUG - Loaded collision time for BConcave+EConvex+3700_flipped at IoU 0.95: nan
2025-07-27 02:11:27,929 - INFO - Processing video: BConcave+EConvex+3900
2025-07-27 02:11:27,930 - INFO - Video BConcave+EConvex+3900 already processed (found segformer_model-BConcave+EConvex+3900.mp4), skipping video processing...
2025-07-27 02:11:27,935 - INFO - VanillaSegmentationSaver initialized with output dir: /home/projects/bagon/andreyg/Projects/Object_reps_neural/Programming/hugging_face/model_experiments/segformer/exp2TTC_segformer-b2-finetuned-ade-512-512/processed_videos/segformer_model-BConcave+EConvex+3900/org_segmentation
2025-07-27 02:11:27,938 - INFO - All collision results already exist for BConcave+EConvex+3900
2025-07-27 02:11:27,938 - DEBUG - Loaded collision time for BConcave+EConvex+3900 at IoU 0.05: 4150.0
2025-07-27 02:11:27,939 - DEBUG - Loaded collision time for BConcave+EConvex+3900 at IoU 0.1: 4266.666666666667
2025-07-27 02:11:27,939 - DEBUG - Loaded collision time for BConcave+EConvex+3900 at IoU 0.15: 4366.666666666666
2025-07-27 02:11:27,940 - DEBUG - Loaded collision time for BConcave+EConvex+3900 at IoU 0.2: 4450.0
2025-07-27 02:11:27,940 - DEBUG - Loaded collision time for BConcave+EConvex+3900 at IoU 0.25: 4550.0
2025-07-27 02:11:27,941 - DEBUG - Loaded collision time for BConcave+EConvex+3900 at IoU 0.3: nan
2025-07-27 02:11:27,941 - DEBUG - Loaded collision time for BConcave+EConvex+3900 at IoU 0.35: nan
2025-07-27 02:11:27,942 - DEBUG - Loaded collision time for BConcave+EConvex+3900 at IoU 0.4: nan
2025-07-27 02:11:27,942 - DEBUG - Loaded collision time for BConcave+EConvex+3900 at IoU 0.45: nan
2025-07-27 02:11:27,943 - DEBUG - Loaded collision time for BConcave+EConvex+3900 at IoU 0.5: nan
2025-07-27 02:11:27,944 - DEBUG - Loaded collision time for BConcave+EConvex+3900 at IoU 0.55: nan
2025-07-27 02:11:27,944 - DEBUG - Loaded collision time for BConcave+EConvex+3900 at IoU 0.6: nan
2025-07-27 02:11:27,945 - DEBUG - Loaded collision time for BConcave+EConvex+3900 at IoU 0.65: nan
2025-07-27 02:11:27,945 - DEBUG - Loaded collision time for BConcave+EConvex+3900 at IoU 0.7: nan
2025-07-27 02:11:27,946 - DEBUG - Loaded collision time for BConcave+EConvex+3900 at IoU 0.75: nan
2025-07-27 02:11:27,947 - DEBUG - Loaded collision time for BConcave+EConvex+3900 at IoU 0.8: nan
2025-07-27 02:11:27,947 - DEBUG - Loaded collision time for BConcave+EConvex+3900 at IoU 0.85: nan
2025-07-27 02:11:27,948 - DEBUG - Loaded collision time for BConcave+EConvex+3900 at IoU 0.9: nan
2025-07-27 02:11:27,948 - DEBUG - Loaded collision time for BConcave+EConvex+3900 at IoU 0.95: nan
2025-07-27 02:11:27,948 - INFO - Processing video: BConcave+EConvex+4100_flipped
2025-07-27 02:11:27,949 - INFO - Video BConcave+EConvex+4100_flipped already processed (found segformer_model-BConcave+EConvex+4100_flipped.mp4), skipping video processing...
2025-07-27 02:11:27,954 - INFO - VanillaSegmentationSaver initialized with output dir: /home/projects/bagon/andreyg/Projects/Object_reps_neural/Programming/hugging_face/model_experiments/segformer/exp2TTC_segformer-b2-finetuned-ade-512-512/processed_videos/segformer_model-BConcave+EConvex+4100_flipped/org_segmentation
2025-07-27 02:11:27,957 - INFO - All collision results already exist for BConcave+EConvex+4100_flipped
2025-07-27 02:11:27,958 - DEBUG - Loaded collision time for BConcave+EConvex+4100_flipped at IoU 0.05: 4400.0
2025-07-27 02:11:27,958 - DEBUG - Loaded collision time for BConcave+EConvex+4100_flipped at IoU 0.1: 4500.0
2025-07-27 02:11:27,959 - DEBUG - Loaded collision time for BConcave+EConvex+4100_flipped at IoU 0.15: 4600.0
2025-07-27 02:11:27,959 - DEBUG - Loaded collision time for BConcave+EConvex+4100_flipped at IoU 0.2: 4700.0
2025-07-27 02:11:27,960 - DEBUG - Loaded collision time for BConcave+EConvex+4100_flipped at IoU 0.25: 4800.0
2025-07-27 02:11:27,961 - DEBUG - Loaded collision time for BConcave+EConvex+4100_flipped at IoU 0.3: nan
2025-07-27 02:11:27,961 - DEBUG - Loaded collision time for BConcave+EConvex+4100_flipped at IoU 0.35: nan
2025-07-27 02:11:27,962 - DEBUG - Loaded collision time for BConcave+EConvex+4100_flipped at IoU 0.4: nan
2025-07-27 02:11:27,962 - DEBUG - Loaded collision time for BConcave+EConvex+4100_flipped at IoU 0.45: nan
2025-07-27 02:11:27,963 - DEBUG - Loaded collision time for BConcave+EConvex+4100_flipped at IoU 0.5: nan
2025-07-27 02:11:27,963 - DEBUG - Loaded collision time for BConcave+EConvex+4100_flipped at IoU 0.55: nan
2025-07-27 02:11:27,964 - DEBUG - Loaded collision time for BConcave+EConvex+4100_flipped at IoU 0.6: nan
2025-07-27 02:11:27,964 - DEBUG - Loaded collision time for BConcave+EConvex+4100_flipped at IoU 0.65: nan
2025-07-27 02:11:27,965 - DEBUG - Loaded collision time for BConcave+EConvex+4100_flipped at IoU 0.7: nan
2025-07-27 02:11:27,966 - DEBUG - Loaded collision time for BConcave+EConvex+4100_flipped at IoU 0.75: nan
2025-07-27 02:11:27,966 - DEBUG - Loaded collision time for BConcave+EConvex+4100_flipped at IoU 0.8: nan
2025-07-27 02:11:27,967 - DEBUG - Loaded collision time for BConcave+EConvex+4100_flipped at IoU 0.85: nan
2025-07-27 02:11:27,967 - DEBUG - Loaded collision time for BConcave+EConvex+4100_flipped at IoU 0.9: nan
2025-07-27 02:11:27,968 - DEBUG - Loaded collision time for BConcave+EConvex+4100_flipped at IoU 0.95: nan
2025-07-27 02:11:27,968 - INFO - Processing video: BConcave+EConvex+4300
2025-07-27 02:11:27,969 - INFO - Video BConcave+EConvex+4300 already processed (found segformer_model-BConcave+EConvex+4300.mp4), skipping video processing...
2025-07-27 02:11:27,974 - INFO - VanillaSegmentationSaver initialized with output dir: /home/projects/bagon/andreyg/Projects/Object_reps_neural/Programming/hugging_face/model_experiments/segformer/exp2TTC_segformer-b2-finetuned-ade-512-512/processed_videos/segformer_model-BConcave+EConvex+4300/org_segmentation
2025-07-27 02:11:27,977 - INFO - All collision results already exist for BConcave+EConvex+4300
2025-07-27 02:11:27,977 - DEBUG - Loaded collision time for BConcave+EConvex+4300 at IoU 0.05: 4683.333333333334
2025-07-27 02:11:27,978 - DEBUG - Loaded collision time for BConcave+EConvex+4300 at IoU 0.1: 4783.333333333333
2025-07-27 02:11:27,978 - DEBUG - Loaded collision time for BConcave+EConvex+4300 at IoU 0.15: 4883.333333333334
2025-07-27 02:11:27,979 - DEBUG - Loaded collision time for BConcave+EConvex+4300 at IoU 0.2: 5016.666666666667
2025-07-27 02:11:27,979 - DEBUG - Loaded collision time for BConcave+EConvex+4300 at IoU 0.25: nan
2025-07-27 02:11:27,980 - DEBUG - Loaded collision time for BConcave+EConvex+4300 at IoU 0.3: nan
2025-07-27 02:11:27,980 - DEBUG - Loaded collision time for BConcave+EConvex+4300 at IoU 0.35: nan
2025-07-27 02:11:27,981 - DEBUG - Loaded collision time for BConcave+EConvex+4300 at IoU 0.4: nan
2025-07-27 02:11:27,981 - DEBUG - Loaded collision time for BConcave+EConvex+4300 at IoU 0.45: nan
2025-07-27 02:11:27,982 - DEBUG - Loaded collision time for BConcave+EConvex+4300 at IoU 0.5: nan
2025-07-27 02:11:27,983 - DEBUG - Loaded collision time for BConcave+EConvex+4300 at IoU 0.55: nan
2025-07-27 02:11:27,983 - DEBUG - Loaded collision time for BConcave+EConvex+4300 at IoU 0.6: nan
2025-07-27 02:11:27,984 - DEBUG - Loaded collision time for BConcave+EConvex+4300 at IoU 0.65: nan
2025-07-27 02:11:27,984 - DEBUG - Loaded collision time for BConcave+EConvex+4300 at IoU 0.7: nan
2025-07-27 02:11:27,985 - DEBUG - Loaded collision time for BConcave+EConvex+4300 at IoU 0.75: nan
2025-07-27 02:11:27,985 - DEBUG - Loaded collision time for BConcave+EConvex+4300 at IoU 0.8: nan
2025-07-27 02:11:27,986 - DEBUG - Loaded collision time for BConcave+EConvex+4300 at IoU 0.85: nan
2025-07-27 02:11:27,986 - DEBUG - Loaded collision time for BConcave+EConvex+4300 at IoU 0.9: nan
2025-07-27 02:11:27,987 - DEBUG - Loaded collision time for BConcave+EConvex+4300 at IoU 0.95: nan
2025-07-27 02:11:27,987 - INFO - Processing video: BConcave+EConvex+4500_flipped
2025-07-27 02:11:27,988 - INFO - Video BConcave+EConvex+4500_flipped already processed (found segformer_model-BConcave+EConvex+4500_flipped.mp4), skipping video processing...
2025-07-27 02:11:27,992 - INFO - VanillaSegmentationSaver initialized with output dir: /home/projects/bagon/andreyg/Projects/Object_reps_neural/Programming/hugging_face/model_experiments/segformer/exp2TTC_segformer-b2-finetuned-ade-512-512/processed_videos/segformer_model-BConcave+EConvex+4500_flipped/org_segmentation
2025-07-27 02:11:27,995 - INFO - All collision results already exist for BConcave+EConvex+4500_flipped
2025-07-27 02:11:27,996 - DEBUG - Loaded collision time for BConcave+EConvex+4500_flipped at IoU 0.05: 4816.666666666666
2025-07-27 02:11:27,996 - DEBUG - Loaded collision time for BConcave+EConvex+4500_flipped at IoU 0.1: 4933.333333333334
2025-07-27 02:11:27,997 - DEBUG - Loaded collision time for BConcave+EConvex+4500_flipped at IoU 0.15: 5000.0
2025-07-27 02:11:27,997 - DEBUG - Loaded collision time for BConcave+EConvex+4500_flipped at IoU 0.2: 5083.333333333333
2025-07-27 02:11:27,998 - DEBUG - Loaded collision time for BConcave+EConvex+4500_flipped at IoU 0.25: 5166.666666666667
2025-07-27 02:11:27,998 - DEBUG - Loaded collision time for BConcave+EConvex+4500_flipped at IoU 0.3: nan
2025-07-27 02:11:27,999 - DEBUG - Loaded collision time for BConcave+EConvex+4500_flipped at IoU 0.35: nan
2025-07-27 02:11:27,999 - DEBUG - Loaded collision time for BConcave+EConvex+4500_flipped at IoU 0.4: nan
2025-07-27 02:11:28,000 - DEBUG - Loaded collision time for BConcave+EConvex+4500_flipped at IoU 0.45: nan
2025-07-27 02:11:28,000 - DEBUG - Loaded collision time for BConcave+EConvex+4500_flipped at IoU 0.5: nan
2025-07-27 02:11:28,001 - DEBUG - Loaded collision time for BConcave+EConvex+4500_flipped at IoU 0.55: nan
2025-07-27 02:11:28,002 - DEBUG - Loaded collision time for BConcave+EConvex+4500_flipped at IoU 0.6: nan
2025-07-27 02:11:28,002 - DEBUG - Loaded collision time for BConcave+EConvex+4500_flipped at IoU 0.65: nan
2025-07-27 02:11:28,003 - DEBUG - Loaded collision time for BConcave+EConvex+4500_flipped at IoU 0.7: nan
2025-07-27 02:11:28,003 - DEBUG - Loaded collision time for BConcave+EConvex+4500_flipped at IoU 0.75: nan
2025-07-27 02:11:28,004 - DEBUG - Loaded collision time for BConcave+EConvex+4500_flipped at IoU 0.8: nan
2025-07-27 02:11:28,004 - DEBUG - Loaded collision time for BConcave+EConvex+4500_flipped at IoU 0.85: nan
2025-07-27 02:11:28,005 - DEBUG - Loaded collision time for BConcave+EConvex+4500_flipped at IoU 0.9: nan
2025-07-27 02:11:28,005 - DEBUG - Loaded collision time for BConcave+EConvex+4500_flipped at IoU 0.95: nan
2025-07-27 02:11:28,005 - INFO - Processing video: BConcave+FConcave+3500_flipped
2025-07-27 02:11:28,006 - INFO - Video BConcave+FConcave+3500_flipped already processed (found segformer_model-BConcave+FConcave+3500_flipped.mp4), skipping video processing...
2025-07-27 02:11:28,011 - INFO - VanillaSegmentationSaver initialized with output dir: /home/projects/bagon/andreyg/Projects/Object_reps_neural/Programming/hugging_face/model_experiments/segformer/exp2TTC_segformer-b2-finetuned-ade-512-512/processed_videos/segformer_model-BConcave+FConcave+3500_flipped/org_segmentation
2025-07-27 02:11:28,013 - INFO - All collision results already exist for BConcave+FConcave+3500_flipped
2025-07-27 02:11:28,014 - DEBUG - Loaded collision time for BConcave+FConcave+3500_flipped at IoU 0.05: 3833.3333333333335
2025-07-27 02:11:28,015 - DEBUG - Loaded collision time for BConcave+FConcave+3500_flipped at IoU 0.1: 4000.0
2025-07-27 02:11:28,015 - DEBUG - Loaded collision time for BConcave+FConcave+3500_flipped at IoU 0.15: 4100.0
2025-07-27 02:11:28,016 - DEBUG - Loaded collision time for BConcave+FConcave+3500_flipped at IoU 0.2: 4183.333333333334
2025-07-27 02:11:28,016 - DEBUG - Loaded collision time for BConcave+FConcave+3500_flipped at IoU 0.25: 4316.666666666666
2025-07-27 02:11:28,017 - DEBUG - Loaded collision time for BConcave+FConcave+3500_flipped at IoU 0.3: 4466.666666666667
2025-07-27 02:11:28,017 - DEBUG - Loaded collision time for BConcave+FConcave+3500_flipped at IoU 0.35: nan
2025-07-27 02:11:28,018 - DEBUG - Loaded collision time for BConcave+FConcave+3500_flipped at IoU 0.4: nan
2025-07-27 02:11:28,018 - DEBUG - Loaded collision time for BConcave+FConcave+3500_flipped at IoU 0.45: nan
2025-07-27 02:11:28,019 - DEBUG - Loaded collision time for BConcave+FConcave+3500_flipped at IoU 0.5: nan
2025-07-27 02:11:28,019 - DEBUG - Loaded collision time for BConcave+FConcave+3500_flipped at IoU 0.55: nan
2025-07-27 02:11:28,020 - DEBUG - Loaded collision time for BConcave+FConcave+3500_flipped at IoU 0.6: nan
2025-07-27 02:11:28,021 - DEBUG - Loaded collision time for BConcave+FConcave+3500_flipped at IoU 0.65: nan
2025-07-27 02:11:28,021 - DEBUG - Loaded collision time for BConcave+FConcave+3500_flipped at IoU 0.7: nan
2025-07-27 02:11:28,022 - DEBUG - Loaded collision time for BConcave+FConcave+3500_flipped at IoU 0.75: nan
2025-07-27 02:11:28,022 - DEBUG - Loaded collision time for BConcave+FConcave+3500_flipped at IoU 0.8: nan
2025-07-27 02:11:28,023 - DEBUG - Loaded collision time for BConcave+FConcave+3500_flipped at IoU 0.85: nan
2025-07-27 02:11:28,023 - DEBUG - Loaded collision time for BConcave+FConcave+3500_flipped at IoU 0.9: nan
2025-07-27 02:11:28,024 - DEBUG - Loaded collision time for BConcave+FConcave+3500_flipped at IoU 0.95: nan
2025-07-27 02:11:28,024 - INFO - Processing video: BConcave+FConcave+3700
2025-07-27 02:11:28,025 - INFO - Video BConcave+FConcave+3700 already processed (found segformer_model-BConcave+FConcave+3700.mp4), skipping video processing...
2025-07-27 02:11:28,030 - INFO - VanillaSegmentationSaver initialized with output dir: /home/projects/bagon/andreyg/Projects/Object_reps_neural/Programming/hugging_face/model_experiments/segformer/exp2TTC_segformer-b2-finetuned-ade-512-512/processed_videos/segformer_model-BConcave+FConcave+3700/org_segmentation
2025-07-27 02:11:28,032 - INFO - All collision results already exist for BConcave+FConcave+3700
2025-07-27 02:11:28,033 - DEBUG - Loaded collision time for BConcave+FConcave+3700 at IoU 0.05: 4000.0
2025-07-27 02:11:28,034 - DEBUG - Loaded collision time for BConcave+FConcave+3700 at IoU 0.1: 4150.0
2025-07-27 02:11:28,034 - DEBUG - Loaded collision time for BConcave+FConcave+3700 at IoU 0.15: 4250.0
2025-07-27 02:11:28,035 - DEBUG - Loaded collision time for BConcave+FConcave+3700 at IoU 0.2: 4350.0
2025-07-27 02:11:28,035 - DEBUG - Loaded collision time for BConcave+FConcave+3700 at IoU 0.25: 4433.333333333334
2025-07-27 02:11:28,036 - DEBUG - Loaded collision time for BConcave+FConcave+3700 at IoU 0.3: 4533.333333333333
2025-07-27 02:11:28,036 - DEBUG - Loaded collision time for BConcave+FConcave+3700 at IoU 0.35: 4650.0
2025-07-27 02:11:28,037 - DEBUG - Loaded collision time for BConcave+FConcave+3700 at IoU 0.4: 4750.0
2025-07-27 02:11:28,038 - DEBUG - Loaded collision time for BConcave+FConcave+3700 at IoU 0.45: nan
2025-07-27 02:11:28,038 - DEBUG - Loaded collision time for BConcave+FConcave+3700 at IoU 0.5: nan
2025-07-27 02:11:28,039 - DEBUG - Loaded collision time for BConcave+FConcave+3700 at IoU 0.55: nan
2025-07-27 02:11:28,039 - DEBUG - Loaded collision time for BConcave+FConcave+3700 at IoU 0.6: nan
2025-07-27 02:11:28,040 - DEBUG - Loaded collision time for BConcave+FConcave+3700 at IoU 0.65: nan
2025-07-27 02:11:28,040 - DEBUG - Loaded collision time for BConcave+FConcave+3700 at IoU 0.7: nan
2025-07-27 02:11:28,041 - DEBUG - Loaded collision time for BConcave+FConcave+3700 at IoU 0.75: nan
2025-07-27 02:11:28,041 - DEBUG - Loaded collision time for BConcave+FConcave+3700 at IoU 0.8: nan
2025-07-27 02:11:28,042 - DEBUG - Loaded collision time for BConcave+FConcave+3700 at IoU 0.85: nan
2025-07-27 02:11:28,042 - DEBUG - Loaded collision time for BConcave+FConcave+3700 at IoU 0.9: nan
2025-07-27 02:11:28,043 - DEBUG - Loaded collision time for BConcave+FConcave+3700 at IoU 0.95: nan
2025-07-27 02:11:28,043 - INFO - Processing video: BConcave+FConcave+3900_flipped
2025-07-27 02:11:28,044 - INFO - Video BConcave+FConcave+3900_flipped already processed (found segformer_model-BConcave+FConcave+3900_flipped.mp4), skipping video processing...
2025-07-27 02:11:28,049 - INFO - VanillaSegmentationSaver initialized with output dir: /home/projects/bagon/andreyg/Projects/Object_reps_neural/Programming/hugging_face/model_experiments/segformer/exp2TTC_segformer-b2-finetuned-ade-512-512/processed_videos/segformer_model-BConcave+FConcave+3900_flipped/org_segmentation
2025-07-27 02:11:28,052 - INFO - All collision results already exist for BConcave+FConcave+3900_flipped
2025-07-27 02:11:28,053 - DEBUG - Loaded collision time for BConcave+FConcave+3900_flipped at IoU 0.05: 4150.0
2025-07-27 02:11:28,053 - DEBUG - Loaded collision time for BConcave+FConcave+3900_flipped at IoU 0.1: 4533.333333333333
2025-07-27 02:11:28,054 - DEBUG - Loaded collision time for BConcave+FConcave+3900_flipped at IoU 0.15: 4800.0
2025-07-27 02:11:28,054 - DEBUG - Loaded collision time for BConcave+FConcave+3900_flipped at IoU 0.2: 4950.0
2025-07-27 02:11:28,055 - DEBUG - Loaded collision time for BConcave+FConcave+3900_flipped at IoU 0.25: 5033.333333333333
2025-07-27 02:11:28,055 - DEBUG - Loaded collision time for BConcave+FConcave+3900_flipped at IoU 0.3: nan
2025-07-27 02:11:28,056 - DEBUG - Loaded collision time for BConcave+FConcave+3900_flipped at IoU 0.35: nan
2025-07-27 02:11:28,057 - DEBUG - Loaded collision time for BConcave+FConcave+3900_flipped at IoU 0.4: nan
2025-07-27 02:11:28,057 - DEBUG - Loaded collision time for BConcave+FConcave+3900_flipped at IoU 0.45: nan
2025-07-27 02:11:28,058 - DEBUG - Loaded collision time for BConcave+FConcave+3900_flipped at IoU 0.5: nan
2025-07-27 02:11:28,058 - DEBUG - Loaded collision time for BConcave+FConcave+3900_flipped at IoU 0.55: nan
2025-07-27 02:11:28,059 - DEBUG - Loaded collision time for BConcave+FConcave+3900_flipped at IoU 0.6: nan
2025-07-27 02:11:28,059 - DEBUG - Loaded collision time for BConcave+FConcave+3900_flipped at IoU 0.65: nan
2025-07-27 02:11:28,060 - DEBUG - Loaded collision time for BConcave+FConcave+3900_flipped at IoU 0.7: nan
2025-07-27 02:11:28,060 - DEBUG - Loaded collision time for BConcave+FConcave+3900_flipped at IoU 0.75: nan
2025-07-27 02:11:28,061 - DEBUG - Loaded collision time for BConcave+FConcave+3900_flipped at IoU 0.8: nan
2025-07-27 02:11:28,062 - DEBUG - Loaded collision time for BConcave+FConcave+3900_flipped at IoU 0.85: nan
2025-07-27 02:11:28,062 - DEBUG - Loaded collision time for BConcave+FConcave+3900_flipped at IoU 0.9: nan
2025-07-27 02:11:28,063 - DEBUG - Loaded collision time for BConcave+FConcave+3900_flipped at IoU 0.95: nan
2025-07-27 02:11:28,063 - INFO - Processing video: BConcave+FConcave+4100
2025-07-27 02:11:28,064 - INFO - Video BConcave+FConcave+4100 already processed (found segformer_model-BConcave+FConcave+4100.mp4), skipping video processing...
2025-07-27 02:11:28,070 - INFO - VanillaSegmentationSaver initialized with output dir: /home/projects/bagon/andreyg/Projects/Object_reps_neural/Programming/hugging_face/model_experiments/segformer/exp2TTC_segformer-b2-finetuned-ade-512-512/processed_videos/segformer_model-BConcave+FConcave+4100/org_segmentation
2025-07-27 02:11:28,073 - INFO - All collision results already exist for BConcave+FConcave+4100
2025-07-27 02:11:28,074 - DEBUG - Loaded collision time for BConcave+FConcave+4100 at IoU 0.05: 4550.0
2025-07-27 02:11:28,074 - DEBUG - Loaded collision time for BConcave+FConcave+4100 at IoU 0.1: 4633.333333333334
2025-07-27 02:11:28,075 - DEBUG - Loaded collision time for BConcave+FConcave+4100 at IoU 0.15: 4733.333333333333
2025-07-27 02:11:28,075 - DEBUG - Loaded collision time for BConcave+FConcave+4100 at IoU 0.2: 4883.333333333334
2025-07-27 02:11:28,076 - DEBUG - Loaded collision time for BConcave+FConcave+4100 at IoU 0.25: 5000.0
2025-07-27 02:11:28,077 - DEBUG - Loaded collision time for BConcave+FConcave+4100 at IoU 0.3: nan
2025-07-27 02:11:28,077 - DEBUG - Loaded collision time for BConcave+FConcave+4100 at IoU 0.35: nan
2025-07-27 02:11:28,078 - DEBUG - Loaded collision time for BConcave+FConcave+4100 at IoU 0.4: nan
2025-07-27 02:11:28,078 - DEBUG - Loaded collision time for BConcave+FConcave+4100 at IoU 0.45: nan
2025-07-27 02:11:28,079 - DEBUG - Loaded collision time for BConcave+FConcave+4100 at IoU 0.5: nan
2025-07-27 02:11:28,079 - DEBUG - Loaded collision time for BConcave+FConcave+4100 at IoU 0.55: nan
2025-07-27 02:11:28,080 - DEBUG - Loaded collision time for BConcave+FConcave+4100 at IoU 0.6: nan
2025-07-27 02:11:28,081 - DEBUG - Loaded collision time for BConcave+FConcave+4100 at IoU 0.65: nan
2025-07-27 02:11:28,081 - DEBUG - Loaded collision time for BConcave+FConcave+4100 at IoU 0.7: nan
2025-07-27 02:11:28,082 - DEBUG - Loaded collision time for BConcave+FConcave+4100 at IoU 0.75: nan
2025-07-27 02:11:28,083 - DEBUG - Loaded collision time for BConcave+FConcave+4100 at IoU 0.8: nan
2025-07-27 02:11:28,083 - DEBUG - Loaded collision time for BConcave+FConcave+4100 at IoU 0.85: nan
2025-07-27 02:11:28,084 - DEBUG - Loaded collision time for BConcave+FConcave+4100 at IoU 0.9: nan
2025-07-27 02:11:28,084 - DEBUG - Loaded collision time for BConcave+FConcave+4100 at IoU 0.95: nan
2025-07-27 02:11:28,084 - INFO - Processing video: BConcave+FConcave+4300_flipped
2025-07-27 02:11:28,085 - INFO - Video BConcave+FConcave+4300_flipped already processed (found segformer_model-BConcave+FConcave+4300_flipped.mp4), skipping video processing...
2025-07-27 02:11:28,090 - INFO - VanillaSegmentationSaver initialized with output dir: /home/projects/bagon/andreyg/Projects/Object_reps_neural/Programming/hugging_face/model_experiments/segformer/exp2TTC_segformer-b2-finetuned-ade-512-512/processed_videos/segformer_model-BConcave+FConcave+4300_flipped/org_segmentation
2025-07-27 02:11:28,094 - INFO - All collision results already exist for BConcave+FConcave+4300_flipped
2025-07-27 02:11:28,095 - DEBUG - Loaded collision time for BConcave+FConcave+4300_flipped at IoU 0.05: 4500.0
2025-07-27 02:11:28,095 - DEBUG - Loaded collision time for BConcave+FConcave+4300_flipped at IoU 0.1: 4916.666666666667
2025-07-27 02:11:28,096 - DEBUG - Loaded collision time for BConcave+FConcave+4300_flipped at IoU 0.15: 5250.0
2025-07-27 02:11:28,096 - DEBUG - Loaded collision time for BConcave+FConcave+4300_flipped at IoU 0.2: 5400.0
2025-07-27 02:11:28,097 - DEBUG - Loaded collision time for BConcave+FConcave+4300_flipped at IoU 0.25: nan
2025-07-27 02:11:28,097 - DEBUG - Loaded collision time for BConcave+FConcave+4300_flipped at IoU 0.3: nan
2025-07-27 02:11:28,098 - DEBUG - Loaded collision time for BConcave+FConcave+4300_flipped at IoU 0.35: nan
2025-07-27 02:11:28,099 - DEBUG - Loaded collision time for BConcave+FConcave+4300_flipped at IoU 0.4: nan
2025-07-27 02:11:28,099 - DEBUG - Loaded collision time for BConcave+FConcave+4300_flipped at IoU 0.45: nan
2025-07-27 02:11:28,100 - DEBUG - Loaded collision time for BConcave+FConcave+4300_flipped at IoU 0.5: nan
2025-07-27 02:11:28,100 - DEBUG - Loaded collision time for BConcave+FConcave+4300_flipped at IoU 0.55: nan
2025-07-27 02:11:28,101 - DEBUG - Loaded collision time for BConcave+FConcave+4300_flipped at IoU 0.6: nan
2025-07-27 02:11:28,101 - DEBUG - Loaded collision time for BConcave+FConcave+4300_flipped at IoU 0.65: nan
2025-07-27 02:11:28,102 - DEBUG - Loaded collision time for BConcave+FConcave+4300_flipped at IoU 0.7: nan
2025-07-27 02:11:28,103 - DEBUG - Loaded collision time for BConcave+FConcave+4300_flipped at IoU 0.75: nan
2025-07-27 02:11:28,103 - DEBUG - Loaded collision time for BConcave+FConcave+4300_flipped at IoU 0.8: nan
2025-07-27 02:11:28,104 - DEBUG - Loaded collision time for BConcave+FConcave+4300_flipped at IoU 0.85: nan
2025-07-27 02:11:28,104 - DEBUG - Loaded collision time for BConcave+FConcave+4300_flipped at IoU 0.9: nan
2025-07-27 02:11:28,105 - DEBUG - Loaded collision time for BConcave+FConcave+4300_flipped at IoU 0.95: nan
2025-07-27 02:11:28,105 - INFO - Processing video: BConcave+FConcave+4500
2025-07-27 02:11:28,106 - INFO - Video BConcave+FConcave+4500 already processed (found segformer_model-BConcave+FConcave+4500.mp4), skipping video processing...
2025-07-27 02:11:28,111 - INFO - VanillaSegmentationSaver initialized with output dir: /home/projects/bagon/andreyg/Projects/Object_reps_neural/Programming/hugging_face/model_experiments/segformer/exp2TTC_segformer-b2-finetuned-ade-512-512/processed_videos/segformer_model-BConcave+FConcave+4500/org_segmentation
2025-07-27 02:11:28,114 - INFO - All collision results already exist for BConcave+FConcave+4500
2025-07-27 02:11:28,115 - DEBUG - Loaded collision time for BConcave+FConcave+4500 at IoU 0.05: 4800.0
2025-07-27 02:11:28,115 - DEBUG - Loaded collision time for BConcave+FConcave+4500 at IoU 0.1: 4933.333333333334
2025-07-27 02:11:28,116 - DEBUG - Loaded collision time for BConcave+FConcave+4500 at IoU 0.15: 5050.0
2025-07-27 02:11:28,116 - DEBUG - Loaded collision time for BConcave+FConcave+4500 at IoU 0.2: 5133.333333333334
2025-07-27 02:11:28,117 - DEBUG - Loaded collision time for BConcave+FConcave+4500 at IoU 0.25: 5233.333333333333
2025-07-27 02:11:28,117 - DEBUG - Loaded collision time for BConcave+FConcave+4500 at IoU 0.3: 5316.666666666666
2025-07-27 02:11:28,118 - DEBUG - Loaded collision time for BConcave+FConcave+4500 at IoU 0.35: 5416.666666666667
2025-07-27 02:11:28,118 - DEBUG - Loaded collision time for BConcave+FConcave+4500 at IoU 0.4: nan
2025-07-27 02:11:28,119 - DEBUG - Loaded collision time for BConcave+FConcave+4500 at IoU 0.45: nan
2025-07-27 02:11:28,120 - DEBUG - Loaded collision time for BConcave+FConcave+4500 at IoU 0.5: nan
2025-07-27 02:11:28,120 - DEBUG - Loaded collision time for BConcave+FConcave+4500 at IoU 0.55: nan
2025-07-27 02:11:28,121 - DEBUG - Loaded collision time for BConcave+FConcave+4500 at IoU 0.6: nan
2025-07-27 02:11:28,121 - DEBUG - Loaded collision time for BConcave+FConcave+4500 at IoU 0.65: nan
2025-07-27 02:11:28,122 - DEBUG - Loaded collision time for BConcave+FConcave+4500 at IoU 0.7: nan
2025-07-27 02:11:28,122 - DEBUG - Loaded collision time for BConcave+FConcave+4500 at IoU 0.75: nan
2025-07-27 02:11:28,123 - DEBUG - Loaded collision time for BConcave+FConcave+4500 at IoU 0.8: nan
2025-07-27 02:11:28,123 - DEBUG - Loaded collision time for BConcave+FConcave+4500 at IoU 0.85: nan
2025-07-27 02:11:28,124 - DEBUG - Loaded collision time for BConcave+FConcave+4500 at IoU 0.9: nan
2025-07-27 02:11:28,125 - DEBUG - Loaded collision time for BConcave+FConcave+4500 at IoU 0.95: nan
2025-07-27 02:11:28,125 - INFO - Processing video: BConcave+FConvex+3500
2025-07-27 02:11:28,126 - INFO - Video BConcave+FConvex+3500 already processed (found segformer_model-BConcave+FConvex+3500.mp4), skipping video processing...
2025-07-27 02:11:28,131 - INFO - VanillaSegmentationSaver initialized with output dir: /home/projects/bagon/andreyg/Projects/Object_reps_neural/Programming/hugging_face/model_experiments/segformer/exp2TTC_segformer-b2-finetuned-ade-512-512/processed_videos/segformer_model-BConcave+FConvex+3500/org_segmentation
2025-07-27 02:11:28,134 - INFO - All collision results already exist for BConcave+FConvex+3500
2025-07-27 02:11:28,134 - DEBUG - Loaded collision time for BConcave+FConvex+3500 at IoU 0.05: 3883.3333333333335
2025-07-27 02:11:28,135 - DEBUG - Loaded collision time for BConcave+FConvex+3500 at IoU 0.1: 4133.333333333334
2025-07-27 02:11:28,136 - DEBUG - Loaded collision time for BConcave+FConvex+3500 at IoU 0.15: 4516.666666666667
2025-07-27 02:11:28,136 - DEBUG - Loaded collision time for BConcave+FConvex+3500 at IoU 0.2: nan
2025-07-27 02:11:28,137 - DEBUG - Loaded collision time for BConcave+FConvex+3500 at IoU 0.25: nan
2025-07-27 02:11:28,137 - DEBUG - Loaded collision time for BConcave+FConvex+3500 at IoU 0.3: nan
2025-07-27 02:11:28,138 - DEBUG - Loaded collision time for BConcave+FConvex+3500 at IoU 0.35: nan
2025-07-27 02:11:28,138 - DEBUG - Loaded collision time for BConcave+FConvex+3500 at IoU 0.4: nan
2025-07-27 02:11:28,139 - DEBUG - Loaded collision time for BConcave+FConvex+3500 at IoU 0.45: nan
2025-07-27 02:11:28,139 - DEBUG - Loaded collision time for BConcave+FConvex+3500 at IoU 0.5: nan
2025-07-27 02:11:28,140 - DEBUG - Loaded collision time for BConcave+FConvex+3500 at IoU 0.55: nan
2025-07-27 02:11:28,141 - DEBUG - Loaded collision time for BConcave+FConvex+3500 at IoU 0.6: nan
2025-07-27 02:11:28,141 - DEBUG - Loaded collision time for BConcave+FConvex+3500 at IoU 0.65: nan
2025-07-27 02:11:28,141 - DEBUG - Loaded collision time for BConcave+FConvex+3500 at IoU 0.7: nan
2025-07-27 02:11:28,142 - DEBUG - Loaded collision time for BConcave+FConvex+3500 at IoU 0.75: nan
2025-07-27 02:11:28,143 - DEBUG - Loaded collision time for BConcave+FConvex+3500 at IoU 0.8: nan
2025-07-27 02:11:28,143 - DEBUG - Loaded collision time for BConcave+FConvex+3500 at IoU 0.85: nan
2025-07-27 02:11:28,144 - DEBUG - Loaded collision time for BConcave+FConvex+3500 at IoU 0.9: nan
2025-07-27 02:11:28,144 - DEBUG - Loaded collision time for BConcave+FConvex+3500 at IoU 0.95: nan
2025-07-27 02:11:28,144 - INFO - Processing video: BConcave+FConvex+3700_flipped
2025-07-27 02:11:28,145 - INFO - Video BConcave+FConvex+3700_flipped already processed (found segformer_model-BConcave+FConvex+3700_flipped.mp4), skipping video processing...
2025-07-27 02:11:28,150 - INFO - VanillaSegmentationSaver initialized with output dir: /home/projects/bagon/andreyg/Projects/Object_reps_neural/Programming/hugging_face/model_experiments/segformer/exp2TTC_segformer-b2-finetuned-ade-512-512/processed_videos/segformer_model-BConcave+FConvex+3700_flipped/org_segmentation
2025-07-27 02:11:28,153 - INFO - All collision results already exist for BConcave+FConvex+3700_flipped
2025-07-27 02:11:28,154 - DEBUG - Loaded collision time for BConcave+FConvex+3700_flipped at IoU 0.05: 4166.666666666667
2025-07-27 02:11:28,154 - DEBUG - Loaded collision time for BConcave+FConvex+3700_flipped at IoU 0.1: 4300.0
2025-07-27 02:11:28,155 - DEBUG - Loaded collision time for BConcave+FConvex+3700_flipped at IoU 0.15: 4416.666666666667
2025-07-27 02:11:28,155 - DEBUG - Loaded collision time for BConcave+FConvex+3700_flipped at IoU 0.2: 4533.333333333333
2025-07-27 02:11:28,156 - DEBUG - Loaded collision time for BConcave+FConvex+3700_flipped at IoU 0.25: 4633.333333333334
2025-07-27 02:11:28,156 - DEBUG - Loaded collision time for BConcave+FConvex+3700_flipped at IoU 0.3: 4733.333333333333
2025-07-27 02:11:28,157 - DEBUG - Loaded collision time for BConcave+FConvex+3700_flipped at IoU 0.35: 4866.666666666666
2025-07-27 02:11:28,157 - DEBUG - Loaded collision time for BConcave+FConvex+3700_flipped at IoU 0.4: nan
2025-07-27 02:11:28,158 - DEBUG - Loaded collision time for BConcave+FConvex+3700_flipped at IoU 0.45: nan
2025-07-27 02:11:28,159 - DEBUG - Loaded collision time for BConcave+FConvex+3700_flipped at IoU 0.5: nan
2025-07-27 02:11:28,159 - DEBUG - Loaded collision time for BConcave+FConvex+3700_flipped at IoU 0.55: nan
2025-07-27 02:11:28,160 - DEBUG - Loaded collision time for BConcave+FConvex+3700_flipped at IoU 0.6: nan
2025-07-27 02:11:28,160 - DEBUG - Loaded collision time for BConcave+FConvex+3700_flipped at IoU 0.65: nan
2025-07-27 02:11:28,161 - DEBUG - Loaded collision time for BConcave+FConvex+3700_flipped at IoU 0.7: nan
2025-07-27 02:11:28,161 - DEBUG - Loaded collision time for BConcave+FConvex+3700_flipped at IoU 0.75: nan
2025-07-27 02:11:28,162 - DEBUG - Loaded collision time for BConcave+FConvex+3700_flipped at IoU 0.8: nan
2025-07-27 02:11:28,162 - DEBUG - Loaded collision time for BConcave+FConvex+3700_flipped at IoU 0.85: nan
2025-07-27 02:11:28,163 - DEBUG - Loaded collision time for BConcave+FConvex+3700_flipped at IoU 0.9: nan
2025-07-27 02:11:28,164 - DEBUG - Loaded collision time for BConcave+FConvex+3700_flipped at IoU 0.95: nan
2025-07-27 02:11:28,164 - INFO - Processing video: BConcave+FConvex+3900
2025-07-27 02:11:28,165 - INFO - Video BConcave+FConvex+3900 already processed (found segformer_model-BConcave+FConvex+3900.mp4), skipping video processing...
2025-07-27 02:11:28,170 - INFO - VanillaSegmentationSaver initialized with output dir: /home/projects/bagon/andreyg/Projects/Object_reps_neural/Programming/hugging_face/model_experiments/segformer/exp2TTC_segformer-b2-finetuned-ade-512-512/processed_videos/segformer_model-BConcave+FConvex+3900/org_segmentation
2025-07-27 02:11:28,172 - INFO - All collision results already exist for BConcave+FConvex+3900
2025-07-27 02:11:28,173 - DEBUG - Loaded collision time for BConcave+FConvex+3900 at IoU 0.05: 4633.333333333334
2025-07-27 02:11:28,174 - DEBUG - Loaded collision time for BConcave+FConvex+3900 at IoU 0.1: 4866.666666666666
2025-07-27 02:11:28,174 - DEBUG - Loaded collision time for BConcave+FConvex+3900 at IoU 0.15: nan
2025-07-27 02:11:28,175 - DEBUG - Loaded collision time for BConcave+FConvex+3900 at IoU 0.2: nan
2025-07-27 02:11:28,175 - DEBUG - Loaded collision time for BConcave+FConvex+3900 at IoU 0.25: nan
2025-07-27 02:11:28,176 - DEBUG - Loaded collision time for BConcave+FConvex+3900 at IoU 0.3: nan
2025-07-27 02:11:28,176 - DEBUG - Loaded collision time for BConcave+FConvex+3900 at IoU 0.35: nan
2025-07-27 02:11:28,177 - DEBUG - Loaded collision time for BConcave+FConvex+3900 at IoU 0.4: nan
2025-07-27 02:11:28,178 - DEBUG - Loaded collision time for BConcave+FConvex+3900 at IoU 0.45: nan
2025-07-27 02:11:28,178 - DEBUG - Loaded collision time for BConcave+FConvex+3900 at IoU 0.5: nan
2025-07-27 02:11:28,179 - DEBUG - Loaded collision time for BConcave+FConvex+3900 at IoU 0.55: nan
2025-07-27 02:11:28,179 - DEBUG - Loaded collision time for BConcave+FConvex+3900 at IoU 0.6: nan
2025-07-27 02:11:28,180 - DEBUG - Loaded collision time for BConcave+FConvex+3900 at IoU 0.65: nan
2025-07-27 02:11:28,180 - DEBUG - Loaded collision time for BConcave+FConvex+3900 at IoU 0.7: nan
2025-07-27 02:11:28,181 - DEBUG - Loaded collision time for BConcave+FConvex+3900 at IoU 0.75: nan
2025-07-27 02:11:28,181 - DEBUG - Loaded collision time for BConcave+FConvex+3900 at IoU 0.8: nan
2025-07-27 02:11:28,182 - DEBUG - Loaded collision time for BConcave+FConvex+3900 at IoU 0.85: nan
2025-07-27 02:11:28,182 - DEBUG - Loaded collision time for BConcave+FConvex+3900 at IoU 0.9: nan
2025-07-27 02:11:28,183 - DEBUG - Loaded collision time for BConcave+FConvex+3900 at IoU 0.95: nan
2025-07-27 02:11:28,183 - INFO - Processing video: BConcave+FConvex+4100_flipped
2025-07-27 02:11:28,184 - INFO - Video BConcave+FConvex+4100_flipped already processed (found segformer_model-BConcave+FConvex+4100_flipped.mp4), skipping video processing...
2025-07-27 02:11:28,189 - INFO - VanillaSegmentationSaver initialized with output dir: /home/projects/bagon/andreyg/Projects/Object_reps_neural/Programming/hugging_face/model_experiments/segformer/exp2TTC_segformer-b2-finetuned-ade-512-512/processed_videos/segformer_model-BConcave+FConvex+4100_flipped/org_segmentation
2025-07-27 02:11:28,192 - INFO - All collision results already exist for BConcave+FConvex+4100_flipped
2025-07-27 02:11:28,192 - DEBUG - Loaded collision time for BConcave+FConvex+4100_flipped at IoU 0.05: 4566.666666666666
2025-07-27 02:11:28,193 - DEBUG - Loaded collision time for BConcave+FConvex+4100_flipped at IoU 0.1: 4716.666666666667
2025-07-27 02:11:28,193 - DEBUG - Loaded collision time for BConcave+FConvex+4100_flipped at IoU 0.15: 4833.333333333333
2025-07-27 02:11:28,194 - DEBUG - Loaded collision time for BConcave+FConvex+4100_flipped at IoU 0.2: 4983.333333333333
2025-07-27 02:11:28,195 - DEBUG - Loaded collision time for BConcave+FConvex+4100_flipped at IoU 0.25: 5116.666666666666
2025-07-27 02:11:28,195 - DEBUG - Loaded collision time for BConcave+FConvex+4100_flipped at IoU 0.3: nan
2025-07-27 02:11:28,196 - DEBUG - Loaded collision time for BConcave+FConvex+4100_flipped at IoU 0.35: nan
2025-07-27 02:11:28,197 - DEBUG - Loaded collision time for BConcave+FConvex+4100_flipped at IoU 0.4: nan
2025-07-27 02:11:28,197 - DEBUG - Loaded collision time for BConcave+FConvex+4100_flipped at IoU 0.45: nan
2025-07-27 02:11:28,198 - DEBUG - Loaded collision time for BConcave+FConvex+4100_flipped at IoU 0.5: nan
2025-07-27 02:11:28,198 - DEBUG - Loaded collision time for BConcave+FConvex+4100_flipped at IoU 0.55: nan
2025-07-27 02:11:28,199 - DEBUG - Loaded collision time for BConcave+FConvex+4100_flipped at IoU 0.6: nan
2025-07-27 02:11:28,199 - DEBUG - Loaded collision time for BConcave+FConvex+4100_flipped at IoU 0.65: nan
2025-07-27 02:11:28,200 - DEBUG - Loaded collision time for BConcave+FConvex+4100_flipped at IoU 0.7: nan
2025-07-27 02:11:28,200 - DEBUG - Loaded collision time for BConcave+FConvex+4100_flipped at IoU 0.75: nan
2025-07-27 02:11:28,201 - DEBUG - Loaded collision time for BConcave+FConvex+4100_flipped at IoU 0.8: nan
2025-07-27 02:11:28,202 - DEBUG - Loaded collision time for BConcave+FConvex+4100_flipped at IoU 0.85: nan
2025-07-27 02:11:28,202 - DEBUG - Loaded collision time for BConcave+FConvex+4100_flipped at IoU 0.9: nan
2025-07-27 02:11:28,203 - DEBUG - Loaded collision time for BConcave+FConvex+4100_flipped at IoU 0.95: nan
2025-07-27 02:11:28,203 - INFO - Processing video: BConcave+FConvex+4300
2025-07-27 02:11:28,204 - INFO - Video BConcave+FConvex+4300 already processed (found segformer_model-BConcave+FConvex+4300.mp4), skipping video processing...
2025-07-27 02:11:28,208 - INFO - VanillaSegmentationSaver initialized with output dir: /home/projects/bagon/andreyg/Projects/Object_reps_neural/Programming/hugging_face/model_experiments/segformer/exp2TTC_segformer-b2-finetuned-ade-512-512/processed_videos/segformer_model-BConcave+FConvex+4300/org_segmentation
2025-07-27 02:11:28,211 - INFO - All collision results already exist for BConcave+FConvex+4300
2025-07-27 02:11:28,211 - DEBUG - Loaded collision time for BConcave+FConvex+4300 at IoU 0.05: 4716.666666666667
2025-07-27 02:11:28,212 - DEBUG - Loaded collision time for BConcave+FConvex+4300 at IoU 0.1: 4883.333333333334
2025-07-27 02:11:28,213 - DEBUG - Loaded collision time for BConcave+FConvex+4300 at IoU 0.15: 5000.0
2025-07-27 02:11:28,213 - DEBUG - Loaded collision time for BConcave+FConvex+4300 at IoU 0.2: 5100.0
2025-07-27 02:11:28,214 - DEBUG - Loaded collision time for BConcave+FConvex+4300 at IoU 0.25: 5200.0
2025-07-27 02:11:28,214 - DEBUG - Loaded collision time for BConcave+FConvex+4300 at IoU 0.3: 5283.333333333333
2025-07-27 02:11:28,215 - DEBUG - Loaded collision time for BConcave+FConvex+4300 at IoU 0.35: 5400.0
2025-07-27 02:11:28,216 - DEBUG - Loaded collision time for BConcave+FConvex+4300 at IoU 0.4: nan
2025-07-27 02:11:28,216 - DEBUG - Loaded collision time for BConcave+FConvex+4300 at IoU 0.45: nan
2025-07-27 02:11:28,216 - DEBUG - Loaded collision time for BConcave+FConvex+4300 at IoU 0.5: nan
2025-07-27 02:11:28,217 - DEBUG - Loaded collision time for BConcave+FConvex+4300 at IoU 0.55: nan
2025-07-27 02:11:28,218 - DEBUG - Loaded collision time for BConcave+FConvex+4300 at IoU 0.6: nan
2025-07-27 02:11:28,218 - DEBUG - Loaded collision time for BConcave+FConvex+4300 at IoU 0.65: nan
2025-07-27 02:11:28,219 - DEBUG - Loaded collision time for BConcave+FConvex+4300 at IoU 0.7: nan
2025-07-27 02:11:28,219 - DEBUG - Loaded collision time for BConcave+FConvex+4300 at IoU 0.75: nan
2025-07-27 02:11:28,220 - DEBUG - Loaded collision time for BConcave+FConvex+4300 at IoU 0.8: nan
2025-07-27 02:11:28,220 - DEBUG - Loaded collision time for BConcave+FConvex+4300 at IoU 0.85: nan
2025-07-27 02:11:28,221 - DEBUG - Loaded collision time for BConcave+FConvex+4300 at IoU 0.9: nan
2025-07-27 02:11:28,222 - DEBUG - Loaded collision time for BConcave+FConvex+4300 at IoU 0.95: nan
2025-07-27 02:11:28,222 - INFO - Processing video: BConcave+FConvex+4500_flipped
2025-07-27 02:11:28,223 - INFO - Video BConcave+FConvex+4500_flipped already processed (found segformer_model-BConcave+FConvex+4500_flipped.mp4), skipping video processing...
2025-07-27 02:11:28,227 - INFO - VanillaSegmentationSaver initialized with output dir: /home/projects/bagon/andreyg/Projects/Object_reps_neural/Programming/hugging_face/model_experiments/segformer/exp2TTC_segformer-b2-finetuned-ade-512-512/processed_videos/segformer_model-BConcave+FConvex+4500_flipped/org_segmentation
2025-07-27 02:11:28,230 - INFO - All collision results already exist for BConcave+FConvex+4500_flipped
2025-07-27 02:11:28,231 - DEBUG - Loaded collision time for BConcave+FConvex+4500_flipped at IoU 0.05: 4900.0
2025-07-27 02:11:28,231 - DEBUG - Loaded collision time for BConcave+FConvex+4500_flipped at IoU 0.1: 5066.666666666666
2025-07-27 02:11:28,232 - DEBUG - Loaded collision time for BConcave+FConvex+4500_flipped at IoU 0.15: 5216.666666666667
2025-07-27 02:11:28,232 - DEBUG - Loaded collision time for BConcave+FConvex+4500_flipped at IoU 0.2: 5300.0
2025-07-27 02:11:28,233 - DEBUG - Loaded collision time for BConcave+FConvex+4500_flipped at IoU 0.25: 5400.0
2025-07-27 02:11:28,233 - DEBUG - Loaded collision time for BConcave+FConvex+4500_flipped at IoU 0.3: nan
2025-07-27 02:11:28,234 - DEBUG - Loaded collision time for BConcave+FConvex+4500_flipped at IoU 0.35: nan
2025-07-27 02:11:28,234 - DEBUG - Loaded collision time for BConcave+FConvex+4500_flipped at IoU 0.4: nan
2025-07-27 02:11:28,235 - DEBUG - Loaded collision time for BConcave+FConvex+4500_flipped at IoU 0.45: nan
2025-07-27 02:11:28,236 - DEBUG - Loaded collision time for BConcave+FConvex+4500_flipped at IoU 0.5: nan
2025-07-27 02:11:28,236 - DEBUG - Loaded collision time for BConcave+FConvex+4500_flipped at IoU 0.55: nan
2025-07-27 02:11:28,237 - DEBUG - Loaded collision time for BConcave+FConvex+4500_flipped at IoU 0.6: nan
2025-07-27 02:11:28,237 - DEBUG - Loaded collision time for BConcave+FConvex+4500_flipped at IoU 0.65: nan
2025-07-27 02:11:28,238 - DEBUG - Loaded collision time for BConcave+FConvex+4500_flipped at IoU 0.7: nan
2025-07-27 02:11:28,238 - DEBUG - Loaded collision time for BConcave+FConvex+4500_flipped at IoU 0.75: nan
2025-07-27 02:11:28,239 - DEBUG - Loaded collision time for BConcave+FConvex+4500_flipped at IoU 0.8: nan
2025-07-27 02:11:28,239 - DEBUG - Loaded collision time for BConcave+FConvex+4500_flipped at IoU 0.85: nan
2025-07-27 02:11:28,240 - DEBUG - Loaded collision time for BConcave+FConvex+4500_flipped at IoU 0.9: nan
2025-07-27 02:11:28,241 - DEBUG - Loaded collision time for BConcave+FConvex+4500_flipped at IoU 0.95: nan
2025-07-27 02:11:28,241 - INFO - Processing video: BConcave+gConcave+3500_flipped
2025-07-27 02:11:28,242 - INFO - Video BConcave+gConcave+3500_flipped already processed (found segformer_model-BConcave+gConcave+3500_flipped.mp4), skipping video processing...
2025-07-27 02:11:28,247 - INFO - VanillaSegmentationSaver initialized with output dir: /home/projects/bagon/andreyg/Projects/Object_reps_neural/Programming/hugging_face/model_experiments/segformer/exp2TTC_segformer-b2-finetuned-ade-512-512/processed_videos/segformer_model-BConcave+gConcave+3500_flipped/org_segmentation
2025-07-27 02:11:28,250 - INFO - All collision results already exist for BConcave+gConcave+3500_flipped
2025-07-27 02:11:28,250 - DEBUG - Loaded collision time for BConcave+gConcave+3500_flipped at IoU 0.05: nan
2025-07-27 02:11:28,251 - DEBUG - Loaded collision time for BConcave+gConcave+3500_flipped at IoU 0.1: nan
2025-07-27 02:11:28,251 - DEBUG - Loaded collision time for BConcave+gConcave+3500_flipped at IoU 0.15: nan
2025-07-27 02:11:28,252 - DEBUG - Loaded collision time for BConcave+gConcave+3500_flipped at IoU 0.2: nan
2025-07-27 02:11:28,252 - DEBUG - Loaded collision time for BConcave+gConcave+3500_flipped at IoU 0.25: nan
2025-07-27 02:11:28,253 - DEBUG - Loaded collision time for BConcave+gConcave+3500_flipped at IoU 0.3: nan
2025-07-27 02:11:28,254 - DEBUG - Loaded collision time for BConcave+gConcave+3500_flipped at IoU 0.35: nan
2025-07-27 02:11:28,254 - DEBUG - Loaded collision time for BConcave+gConcave+3500_flipped at IoU 0.4: nan
2025-07-27 02:11:28,255 - DEBUG - Loaded collision time for BConcave+gConcave+3500_flipped at IoU 0.45: nan
2025-07-27 02:11:28,255 - DEBUG - Loaded collision time for BConcave+gConcave+3500_flipped at IoU 0.5: nan
2025-07-27 02:11:28,256 - DEBUG - Loaded collision time for BConcave+gConcave+3500_flipped at IoU 0.55: nan
2025-07-27 02:11:28,256 - DEBUG - Loaded collision time for BConcave+gConcave+3500_flipped at IoU 0.6: nan
2025-07-27 02:11:28,257 - DEBUG - Loaded collision time for BConcave+gConcave+3500_flipped at IoU 0.65: nan
2025-07-27 02:11:28,257 - DEBUG - Loaded collision time for BConcave+gConcave+3500_flipped at IoU 0.7: nan
2025-07-27 02:11:28,258 - DEBUG - Loaded collision time for BConcave+gConcave+3500_flipped at IoU 0.75: nan
2025-07-27 02:11:28,258 - DEBUG - Loaded collision time for BConcave+gConcave+3500_flipped at IoU 0.8: nan
2025-07-27 02:11:28,259 - DEBUG - Loaded collision time for BConcave+gConcave+3500_flipped at IoU 0.85: nan
2025-07-27 02:11:28,259 - DEBUG - Loaded collision time for BConcave+gConcave+3500_flipped at IoU 0.9: nan
2025-07-27 02:11:28,260 - DEBUG - Loaded collision time for BConcave+gConcave+3500_flipped at IoU 0.95: nan
2025-07-27 02:11:28,260 - INFO - Processing video: BConcave+gConcave+3700
2025-07-27 02:11:28,261 - INFO - Video BConcave+gConcave+3700 already processed (found segformer_model-BConcave+gConcave+3700.mp4), skipping video processing...
2025-07-27 02:11:28,266 - INFO - VanillaSegmentationSaver initialized with output dir: /home/projects/bagon/andreyg/Projects/Object_reps_neural/Programming/hugging_face/model_experiments/segformer/exp2TTC_segformer-b2-finetuned-ade-512-512/processed_videos/segformer_model-BConcave+gConcave+3700/org_segmentation
2025-07-27 02:11:28,269 - INFO - All collision results already exist for BConcave+gConcave+3700
2025-07-27 02:11:28,270 - DEBUG - Loaded collision time for BConcave+gConcave+3700 at IoU 0.05: 3966.666666666667
2025-07-27 02:11:28,270 - DEBUG - Loaded collision time for BConcave+gConcave+3700 at IoU 0.1: 4066.6666666666665
2025-07-27 02:11:28,271 - DEBUG - Loaded collision time for BConcave+gConcave+3700 at IoU 0.15: 4166.666666666667
2025-07-27 02:11:28,271 - DEBUG - Loaded collision time for BConcave+gConcave+3700 at IoU 0.2: 4233.333333333333
2025-07-27 02:11:28,272 - DEBUG - Loaded collision time for BConcave+gConcave+3700 at IoU 0.25: 4333.333333333333
2025-07-27 02:11:28,272 - DEBUG - Loaded collision time for BConcave+gConcave+3700 at IoU 0.3: nan
2025-07-27 02:11:28,273 - DEBUG - Loaded collision time for BConcave+gConcave+3700 at IoU 0.35: nan
2025-07-27 02:11:28,274 - DEBUG - Loaded collision time for BConcave+gConcave+3700 at IoU 0.4: nan
2025-07-27 02:11:28,274 - DEBUG - Loaded collision time for BConcave+gConcave+3700 at IoU 0.45: nan
2025-07-27 02:11:28,275 - DEBUG - Loaded collision time for BConcave+gConcave+3700 at IoU 0.5: nan
2025-07-27 02:11:28,275 - DEBUG - Loaded collision time for BConcave+gConcave+3700 at IoU 0.55: nan
2025-07-27 02:11:28,276 - DEBUG - Loaded collision time for BConcave+gConcave+3700 at IoU 0.6: nan
2025-07-27 02:11:28,276 - DEBUG - Loaded collision time for BConcave+gConcave+3700 at IoU 0.65: nan
2025-07-27 02:11:28,277 - DEBUG - Loaded collision time for BConcave+gConcave+3700 at IoU 0.7: nan
2025-07-27 02:11:28,277 - DEBUG - Loaded collision time for BConcave+gConcave+3700 at IoU 0.75: nan
2025-07-27 02:11:28,278 - DEBUG - Loaded collision time for BConcave+gConcave+3700 at IoU 0.8: nan
2025-07-27 02:11:28,279 - DEBUG - Loaded collision time for BConcave+gConcave+3700 at IoU 0.85: nan
2025-07-27 02:11:28,279 - DEBUG - Loaded collision time for BConcave+gConcave+3700 at IoU 0.9: nan
2025-07-27 02:11:28,280 - DEBUG - Loaded collision time for BConcave+gConcave+3700 at IoU 0.95: nan
2025-07-27 02:11:28,280 - INFO - Processing video: BConcave+gConcave+3900_flipped
2025-07-27 02:11:28,281 - INFO - Video BConcave+gConcave+3900_flipped already processed (found segformer_model-BConcave+gConcave+3900_flipped.mp4), skipping video processing...
2025-07-27 02:11:28,286 - INFO - VanillaSegmentationSaver initialized with output dir: /home/projects/bagon/andreyg/Projects/Object_reps_neural/Programming/hugging_face/model_experiments/segformer/exp2TTC_segformer-b2-finetuned-ade-512-512/processed_videos/segformer_model-BConcave+gConcave+3900_flipped/org_segmentation
2025-07-27 02:11:28,289 - INFO - All collision results already exist for BConcave+gConcave+3900_flipped
2025-07-27 02:11:28,289 - DEBUG - Loaded collision time for BConcave+gConcave+3900_flipped at IoU 0.05: 4033.333333333333
2025-07-27 02:11:28,290 - DEBUG - Loaded collision time for BConcave+gConcave+3900_flipped at IoU 0.1: 4150.0
2025-07-27 02:11:28,291 - DEBUG - Loaded collision time for BConcave+gConcave+3900_flipped at IoU 0.15: 4266.666666666667
2025-07-27 02:11:28,291 - DEBUG - Loaded collision time for BConcave+gConcave+3900_flipped at IoU 0.2: 4350.0
2025-07-27 02:11:28,292 - DEBUG - Loaded collision time for BConcave+gConcave+3900_flipped at IoU 0.25: 4433.333333333334
2025-07-27 02:11:28,292 - DEBUG - Loaded collision time for BConcave+gConcave+3900_flipped at IoU 0.3: 4616.666666666666
2025-07-27 02:11:28,293 - DEBUG - Loaded collision time for BConcave+gConcave+3900_flipped at IoU 0.35: nan
2025-07-27 02:11:28,293 - DEBUG - Loaded collision time for BConcave+gConcave+3900_flipped at IoU 0.4: nan
2025-07-27 02:11:28,294 - DEBUG - Loaded collision time for BConcave+gConcave+3900_flipped at IoU 0.45: nan
2025-07-27 02:11:28,294 - DEBUG - Loaded collision time for BConcave+gConcave+3900_flipped at IoU 0.5: nan
2025-07-27 02:11:28,295 - DEBUG - Loaded collision time for BConcave+gConcave+3900_flipped at IoU 0.55: nan
2025-07-27 02:11:28,295 - DEBUG - Loaded collision time for BConcave+gConcave+3900_flipped at IoU 0.6: nan
2025-07-27 02:11:28,296 - DEBUG - Loaded collision time for BConcave+gConcave+3900_flipped at IoU 0.65: nan
2025-07-27 02:11:28,296 - DEBUG - Loaded collision time for BConcave+gConcave+3900_flipped at IoU 0.7: nan
2025-07-27 02:11:28,297 - DEBUG - Loaded collision time for BConcave+gConcave+3900_flipped at IoU 0.75: nan
2025-07-27 02:11:28,297 - DEBUG - Loaded collision time for BConcave+gConcave+3900_flipped at IoU 0.8: nan
2025-07-27 02:11:28,298 - DEBUG - Loaded collision time for BConcave+gConcave+3900_flipped at IoU 0.85: nan
2025-07-27 02:11:28,298 - DEBUG - Loaded collision time for BConcave+gConcave+3900_flipped at IoU 0.9: nan
2025-07-27 02:11:28,299 - DEBUG - Loaded collision time for BConcave+gConcave+3900_flipped at IoU 0.95: nan
2025-07-27 02:11:28,299 - INFO - Processing video: BConcave+gConcave+4100
2025-07-27 02:11:28,300 - INFO - Video BConcave+gConcave+4100 already processed (found segformer_model-BConcave+gConcave+4100.mp4), skipping video processing...
2025-07-27 02:11:28,305 - INFO - VanillaSegmentationSaver initialized with output dir: /home/projects/bagon/andreyg/Projects/Object_reps_neural/Programming/hugging_face/model_experiments/segformer/exp2TTC_segformer-b2-finetuned-ade-512-512/processed_videos/segformer_model-BConcave+gConcave+4100/org_segmentation
2025-07-27 02:11:28,308 - INFO - All collision results already exist for BConcave+gConcave+4100
2025-07-27 02:11:28,308 - DEBUG - Loaded collision time for BConcave+gConcave+4100 at IoU 0.05: 4350.0
2025-07-27 02:11:28,309 - DEBUG - Loaded collision time for BConcave+gConcave+4100 at IoU 0.1: 4466.666666666667
2025-07-27 02:11:28,309 - DEBUG - Loaded collision time for BConcave+gConcave+4100 at IoU 0.15: 4566.666666666666
2025-07-27 02:11:28,310 - DEBUG - Loaded collision time for BConcave+gConcave+4100 at IoU 0.2: 4700.0
2025-07-27 02:11:28,311 - DEBUG - Loaded collision time for BConcave+gConcave+4100 at IoU 0.25: nan
2025-07-27 02:11:28,311 - DEBUG - Loaded collision time for BConcave+gConcave+4100 at IoU 0.3: nan
2025-07-27 02:11:28,312 - DEBUG - Loaded collision time for BConcave+gConcave+4100 at IoU 0.35: nan
2025-07-27 02:11:28,312 - DEBUG - Loaded collision time for BConcave+gConcave+4100 at IoU 0.4: nan
2025-07-27 02:11:28,313 - DEBUG - Loaded collision time for BConcave+gConcave+4100 at IoU 0.45: nan
2025-07-27 02:11:28,314 - DEBUG - Loaded collision time for BConcave+gConcave+4100 at IoU 0.5: nan
2025-07-27 02:11:28,315 - DEBUG - Loaded collision time for BConcave+gConcave+4100 at IoU 0.55: nan
2025-07-27 02:11:28,315 - DEBUG - Loaded collision time for BConcave+gConcave+4100 at IoU 0.6: nan
2025-07-27 02:11:28,316 - DEBUG - Loaded collision time for BConcave+gConcave+4100 at IoU 0.65: nan
2025-07-27 02:11:28,317 - DEBUG - Loaded collision time for BConcave+gConcave+4100 at IoU 0.7: nan
2025-07-27 02:11:28,317 - DEBUG - Loaded collision time for BConcave+gConcave+4100 at IoU 0.75: nan
2025-07-27 02:11:28,318 - DEBUG - Loaded collision time for BConcave+gConcave+4100 at IoU 0.8: nan
2025-07-27 02:11:28,318 - DEBUG - Loaded collision time for BConcave+gConcave+4100 at IoU 0.85: nan
2025-07-27 02:11:28,319 - DEBUG - Loaded collision time for BConcave+gConcave+4100 at IoU 0.9: nan
2025-07-27 02:11:28,320 - DEBUG - Loaded collision time for BConcave+gConcave+4100 at IoU 0.95: nan
2025-07-27 02:11:28,320 - INFO - Processing video: BConcave+gConcave+4300_flipped
2025-07-27 02:11:28,321 - INFO - Video BConcave+gConcave+4300_flipped already processed (found segformer_model-BConcave+gConcave+4300_flipped.mp4), skipping video processing...
2025-07-27 02:11:28,326 - INFO - VanillaSegmentationSaver initialized with output dir: /home/projects/bagon/andreyg/Projects/Object_reps_neural/Programming/hugging_face/model_experiments/segformer/exp2TTC_segformer-b2-finetuned-ade-512-512/processed_videos/segformer_model-BConcave+gConcave+4300_flipped/org_segmentation
2025-07-27 02:11:28,329 - INFO - All collision results already exist for BConcave+gConcave+4300_flipped
2025-07-27 02:11:28,330 - DEBUG - Loaded collision time for BConcave+gConcave+4300_flipped at IoU 0.05: 4516.666666666667
2025-07-27 02:11:28,330 - DEBUG - Loaded collision time for BConcave+gConcave+4300_flipped at IoU 0.1: 4616.666666666666
2025-07-27 02:11:28,331 - DEBUG - Loaded collision time for BConcave+gConcave+4300_flipped at IoU 0.15: 4700.0
2025-07-27 02:11:28,331 - DEBUG - Loaded collision time for BConcave+gConcave+4300_flipped at IoU 0.2: 4783.333333333333
2025-07-27 02:11:28,332 - DEBUG - Loaded collision time for BConcave+gConcave+4300_flipped at IoU 0.25: 4900.0
2025-07-27 02:11:28,332 - DEBUG - Loaded collision time for BConcave+gConcave+4300_flipped at IoU 0.3: nan
2025-07-27 02:11:28,333 - DEBUG - Loaded collision time for BConcave+gConcave+4300_flipped at IoU 0.35: nan
2025-07-27 02:11:28,333 - DEBUG - Loaded collision time for BConcave+gConcave+4300_flipped at IoU 0.4: nan
2025-07-27 02:11:28,334 - DEBUG - Loaded collision time for BConcave+gConcave+4300_flipped at IoU 0.45: nan
2025-07-27 02:11:28,335 - DEBUG - Loaded collision time for BConcave+gConcave+4300_flipped at IoU 0.5: nan
2025-07-27 02:11:28,335 - DEBUG - Loaded collision time for BConcave+gConcave+4300_flipped at IoU 0.55: nan
2025-07-27 02:11:28,336 - DEBUG - Loaded collision time for BConcave+gConcave+4300_flipped at IoU 0.6: nan
2025-07-27 02:11:28,336 - DEBUG - Loaded collision time for BConcave+gConcave+4300_flipped at IoU 0.65: nan
2025-07-27 02:11:28,337 - DEBUG - Loaded collision time for BConcave+gConcave+4300_flipped at IoU 0.7: nan
2025-07-27 02:11:28,337 - DEBUG - Loaded collision time for BConcave+gConcave+4300_flipped at IoU 0.75: nan
2025-07-27 02:11:28,338 - DEBUG - Loaded collision time for BConcave+gConcave+4300_flipped at IoU 0.8: nan
2025-07-27 02:11:28,338 - DEBUG - Loaded collision time for BConcave+gConcave+4300_flipped at IoU 0.85: nan
2025-07-27 02:11:28,339 - DEBUG - Loaded collision time for BConcave+gConcave+4300_flipped at IoU 0.9: nan
2025-07-27 02:11:28,339 - DEBUG - Loaded collision time for BConcave+gConcave+4300_flipped at IoU 0.95: nan
2025-07-27 02:11:28,339 - INFO - Processing video: BConcave+gConcave+4500
2025-07-27 02:11:28,341 - INFO - Video BConcave+gConcave+4500 already processed (found segformer_model-BConcave+gConcave+4500.mp4), skipping video processing...
2025-07-27 02:11:28,345 - INFO - VanillaSegmentationSaver initialized with output dir: /home/projects/bagon/andreyg/Projects/Object_reps_neural/Programming/hugging_face/model_experiments/segformer/exp2TTC_segformer-b2-finetuned-ade-512-512/processed_videos/segformer_model-BConcave+gConcave+4500/org_segmentation
2025-07-27 02:11:28,348 - INFO - All collision results already exist for BConcave+gConcave+4500
2025-07-27 02:11:28,349 - DEBUG - Loaded collision time for BConcave+gConcave+4500 at IoU 0.05: 4750.0
2025-07-27 02:11:28,349 - DEBUG - Loaded collision time for BConcave+gConcave+4500 at IoU 0.1: 4866.666666666666
2025-07-27 02:11:28,350 - DEBUG - Loaded collision time for BConcave+gConcave+4500 at IoU 0.15: 4966.666666666667
2025-07-27 02:11:28,350 - DEBUG - Loaded collision time for BConcave+gConcave+4500 at IoU 0.2: 5183.333333333334
2025-07-27 02:11:28,351 - DEBUG - Loaded collision time for BConcave+gConcave+4500 at IoU 0.25: nan
2025-07-27 02:11:28,352 - DEBUG - Loaded collision time for BConcave+gConcave+4500 at IoU 0.3: nan
2025-07-27 02:11:28,352 - DEBUG - Loaded collision time for BConcave+gConcave+4500 at IoU 0.35: nan
2025-07-27 02:11:28,353 - DEBUG - Loaded collision time for BConcave+gConcave+4500 at IoU 0.4: nan
2025-07-27 02:11:28,353 - DEBUG - Loaded collision time for BConcave+gConcave+4500 at IoU 0.45: nan
2025-07-27 02:11:28,354 - DEBUG - Loaded collision time for BConcave+gConcave+4500 at IoU 0.5: nan
2025-07-27 02:11:28,354 - DEBUG - Loaded collision time for BConcave+gConcave+4500 at IoU 0.55: nan
2025-07-27 02:11:28,355 - DEBUG - Loaded collision time for BConcave+gConcave+4500 at IoU 0.6: nan
2025-07-27 02:11:28,355 - DEBUG - Loaded collision time for BConcave+gConcave+4500 at IoU 0.65: nan
2025-07-27 02:11:28,356 - DEBUG - Loaded collision time for BConcave+gConcave+4500 at IoU 0.7: nan
2025-07-27 02:11:28,356 - DEBUG - Loaded collision time for BConcave+gConcave+4500 at IoU 0.75: nan
2025-07-27 02:11:28,357 - DEBUG - Loaded collision time for BConcave+gConcave+4500 at IoU 0.8: nan
2025-07-27 02:11:28,357 - DEBUG - Loaded collision time for BConcave+gConcave+4500 at IoU 0.85: nan
2025-07-27 02:11:28,358 - DEBUG - Loaded collision time for BConcave+gConcave+4500 at IoU 0.9: nan
2025-07-27 02:11:28,358 - DEBUG - Loaded collision time for BConcave+gConcave+4500 at IoU 0.95: nan
2025-07-27 02:11:28,358 - INFO - Processing video: BConcave+gConvex+3500
2025-07-27 02:11:28,360 - INFO - Video BConcave+gConvex+3500 already processed (found segformer_model-BConcave+gConvex+3500.mp4), skipping video processing...
2025-07-27 02:11:28,364 - INFO - VanillaSegmentationSaver initialized with output dir: /home/projects/bagon/andreyg/Projects/Object_reps_neural/Programming/hugging_face/model_experiments/segformer/exp2TTC_segformer-b2-finetuned-ade-512-512/processed_videos/segformer_model-BConcave+gConvex+3500/org_segmentation
2025-07-27 02:11:28,367 - INFO - All collision results already exist for BConcave+gConvex+3500
2025-07-27 02:11:28,368 - DEBUG - Loaded collision time for BConcave+gConvex+3500 at IoU 0.05: nan
2025-07-27 02:11:28,369 - DEBUG - Loaded collision time for BConcave+gConvex+3500 at IoU 0.1: nan
2025-07-27 02:11:28,369 - DEBUG - Loaded collision time for BConcave+gConvex+3500 at IoU 0.15: nan
2025-07-27 02:11:28,370 - DEBUG - Loaded collision time for BConcave+gConvex+3500 at IoU 0.2: nan
2025-07-27 02:11:28,370 - DEBUG - Loaded collision time for BConcave+gConvex+3500 at IoU 0.25: nan
2025-07-27 02:11:28,371 - DEBUG - Loaded collision time for BConcave+gConvex+3500 at IoU 0.3: nan
2025-07-27 02:11:28,371 - DEBUG - Loaded collision time for BConcave+gConvex+3500 at IoU 0.35: nan
2025-07-27 02:11:28,372 - DEBUG - Loaded collision time for BConcave+gConvex+3500 at IoU 0.4: nan
2025-07-27 02:11:28,372 - DEBUG - Loaded collision time for BConcave+gConvex+3500 at IoU 0.45: nan
2025-07-27 02:11:28,373 - DEBUG - Loaded collision time for BConcave+gConvex+3500 at IoU 0.5: nan
2025-07-27 02:11:28,374 - DEBUG - Loaded collision time for BConcave+gConvex+3500 at IoU 0.55: nan
2025-07-27 02:11:28,374 - DEBUG - Loaded collision time for BConcave+gConvex+3500 at IoU 0.6: nan
2025-07-27 02:11:28,375 - DEBUG - Loaded collision time for BConcave+gConvex+3500 at IoU 0.65: nan
2025-07-27 02:11:28,375 - DEBUG - Loaded collision time for BConcave+gConvex+3500 at IoU 0.7: nan
2025-07-27 02:11:28,376 - DEBUG - Loaded collision time for BConcave+gConvex+3500 at IoU 0.75: nan
2025-07-27 02:11:28,376 - DEBUG - Loaded collision time for BConcave+gConvex+3500 at IoU 0.8: nan
2025-07-27 02:11:28,377 - DEBUG - Loaded collision time for BConcave+gConvex+3500 at IoU 0.85: nan
2025-07-27 02:11:28,377 - DEBUG - Loaded collision time for BConcave+gConvex+3500 at IoU 0.9: nan
2025-07-27 02:11:28,378 - DEBUG - Loaded collision time for BConcave+gConvex+3500 at IoU 0.95: nan
2025-07-27 02:11:28,378 - INFO - Processing video: BConcave+gConvex+3700_flipped
2025-07-27 02:11:28,379 - INFO - Video BConcave+gConvex+3700_flipped already processed (found segformer_model-BConcave+gConvex+3700_flipped.mp4), skipping video processing...
2025-07-27 02:11:28,384 - INFO - VanillaSegmentationSaver initialized with output dir: /home/projects/bagon/andreyg/Projects/Object_reps_neural/Programming/hugging_face/model_experiments/segformer/exp2TTC_segformer-b2-finetuned-ade-512-512/processed_videos/segformer_model-BConcave+gConvex+3700_flipped/org_segmentation
2025-07-27 02:11:28,387 - INFO - All collision results already exist for BConcave+gConvex+3700_flipped
2025-07-27 02:11:28,388 - DEBUG - Loaded collision time for BConcave+gConvex+3700_flipped at IoU 0.05: nan
2025-07-27 02:11:28,388 - DEBUG - Loaded collision time for BConcave+gConvex+3700_flipped at IoU 0.1: nan
2025-07-27 02:11:28,389 - DEBUG - Loaded collision time for BConcave+gConvex+3700_flipped at IoU 0.15: nan
2025-07-27 02:11:28,390 - DEBUG - Loaded collision time for BConcave+gConvex+3700_flipped at IoU 0.2: nan
2025-07-27 02:11:28,390 - DEBUG - Loaded collision time for BConcave+gConvex+3700_flipped at IoU 0.25: nan
2025-07-27 02:11:28,391 - DEBUG - Loaded collision time for BConcave+gConvex+3700_flipped at IoU 0.3: nan
2025-07-27 02:11:28,391 - DEBUG - Loaded collision time for BConcave+gConvex+3700_flipped at IoU 0.35: nan
2025-07-27 02:11:28,392 - DEBUG - Loaded collision time for BConcave+gConvex+3700_flipped at IoU 0.4: nan
2025-07-27 02:11:28,392 - DEBUG - Loaded collision time for BConcave+gConvex+3700_flipped at IoU 0.45: nan
2025-07-27 02:11:28,393 - DEBUG - Loaded collision time for BConcave+gConvex+3700_flipped at IoU 0.5: nan
2025-07-27 02:11:28,393 - DEBUG - Loaded collision time for BConcave+gConvex+3700_flipped at IoU 0.55: nan
2025-07-27 02:11:28,394 - DEBUG - Loaded collision time for BConcave+gConvex+3700_flipped at IoU 0.6: nan
2025-07-27 02:11:28,394 - DEBUG - Loaded collision time for BConcave+gConvex+3700_flipped at IoU 0.65: nan
2025-07-27 02:11:28,395 - DEBUG - Loaded collision time for BConcave+gConvex+3700_flipped at IoU 0.7: nan
2025-07-27 02:11:28,396 - DEBUG - Loaded collision time for BConcave+gConvex+3700_flipped at IoU 0.75: nan
2025-07-27 02:11:28,396 - DEBUG - Loaded collision time for BConcave+gConvex+3700_flipped at IoU 0.8: nan
2025-07-27 02:11:28,397 - DEBUG - Loaded collision time for BConcave+gConvex+3700_flipped at IoU 0.85: nan
2025-07-27 02:11:28,397 - DEBUG - Loaded collision time for BConcave+gConvex+3700_flipped at IoU 0.9: nan
2025-07-27 02:11:28,398 - DEBUG - Loaded collision time for BConcave+gConvex+3700_flipped at IoU 0.95: nan
2025-07-27 02:11:28,398 - INFO - Processing video: BConcave+gConvex+3900
2025-07-27 02:11:28,399 - INFO - Video BConcave+gConvex+3900 already processed (found segformer_model-BConcave+gConvex+3900.mp4), skipping video processing...
2025-07-27 02:11:28,404 - INFO - VanillaSegmentationSaver initialized with output dir: /home/projects/bagon/andreyg/Projects/Object_reps_neural/Programming/hugging_face/model_experiments/segformer/exp2TTC_segformer-b2-finetuned-ade-512-512/processed_videos/segformer_model-BConcave+gConvex+3900/org_segmentation
2025-07-27 02:11:28,407 - INFO - All collision results already exist for BConcave+gConvex+3900
2025-07-27 02:11:28,407 - DEBUG - Loaded collision time for BConcave+gConvex+3900 at IoU 0.05: nan
2025-07-27 02:11:28,408 - DEBUG - Loaded collision time for BConcave+gConvex+3900 at IoU 0.1: nan
2025-07-27 02:11:28,408 - DEBUG - Loaded collision time for BConcave+gConvex+3900 at IoU 0.15: nan
2025-07-27 02:11:28,409 - DEBUG - Loaded collision time for BConcave+gConvex+3900 at IoU 0.2: nan
2025-07-27 02:11:28,410 - DEBUG - Loaded collision time for BConcave+gConvex+3900 at IoU 0.25: nan
2025-07-27 02:11:28,410 - DEBUG - Loaded collision time for BConcave+gConvex+3900 at IoU 0.3: nan
2025-07-27 02:11:28,411 - DEBUG - Loaded collision time for BConcave+gConvex+3900 at IoU 0.35: nan
2025-07-27 02:11:28,411 - DEBUG - Loaded collision time for BConcave+gConvex+3900 at IoU 0.4: nan
2025-07-27 02:11:28,412 - DEBUG - Loaded collision time for BConcave+gConvex+3900 at IoU 0.45: nan
2025-07-27 02:11:28,412 - DEBUG - Loaded collision time for BConcave+gConvex+3900 at IoU 0.5: nan
2025-07-27 02:11:28,413 - DEBUG - Loaded collision time for BConcave+gConvex+3900 at IoU 0.55: nan
2025-07-27 02:11:28,413 - DEBUG - Loaded collision time for BConcave+gConvex+3900 at IoU 0.6: nan
2025-07-27 02:11:28,414 - DEBUG - Loaded collision time for BConcave+gConvex+3900 at IoU 0.65: nan
2025-07-27 02:11:28,414 - DEBUG - Loaded collision time for BConcave+gConvex+3900 at IoU 0.7: nan
2025-07-27 02:11:28,415 - DEBUG - Loaded collision time for BConcave+gConvex+3900 at IoU 0.75: nan
2025-07-27 02:11:28,415 - DEBUG - Loaded collision time for BConcave+gConvex+3900 at IoU 0.8: nan
2025-07-27 02:11:28,416 - DEBUG - Loaded collision time for BConcave+gConvex+3900 at IoU 0.85: nan
2025-07-27 02:11:28,416 - DEBUG - Loaded collision time for BConcave+gConvex+3900 at IoU 0.9: nan
2025-07-27 02:11:28,417 - DEBUG - Loaded collision time for BConcave+gConvex+3900 at IoU 0.95: nan
2025-07-27 02:11:28,417 - INFO - Processing video: BConcave+gConvex+4100_flipped
2025-07-27 02:11:28,418 - INFO - Video BConcave+gConvex+4100_flipped already processed (found segformer_model-BConcave+gConvex+4100_flipped.mp4), skipping video processing...
2025-07-27 02:11:28,423 - INFO - VanillaSegmentationSaver initialized with output dir: /home/projects/bagon/andreyg/Projects/Object_reps_neural/Programming/hugging_face/model_experiments/segformer/exp2TTC_segformer-b2-finetuned-ade-512-512/processed_videos/segformer_model-BConcave+gConvex+4100_flipped/org_segmentation
2025-07-27 02:11:28,426 - INFO - All collision results already exist for BConcave+gConvex+4100_flipped
2025-07-27 02:11:28,426 - DEBUG - Loaded collision time for BConcave+gConvex+4100_flipped at IoU 0.05: 4600.0
2025-07-27 02:11:28,427 - DEBUG - Loaded collision time for BConcave+gConvex+4100_flipped at IoU 0.1: 4866.666666666666
2025-07-27 02:11:28,427 - DEBUG - Loaded collision time for BConcave+gConvex+4100_flipped at IoU 0.15: nan
2025-07-27 02:11:28,428 - DEBUG - Loaded collision time for BConcave+gConvex+4100_flipped at IoU 0.2: nan
2025-07-27 02:11:28,428 - DEBUG - Loaded collision time for BConcave+gConvex+4100_flipped at IoU 0.25: nan
2025-07-27 02:11:28,429 - DEBUG - Loaded collision time for BConcave+gConvex+4100_flipped at IoU 0.3: nan
2025-07-27 02:11:28,429 - DEBUG - Loaded collision time for BConcave+gConvex+4100_flipped at IoU 0.35: nan
2025-07-27 02:11:28,430 - DEBUG - Loaded collision time for BConcave+gConvex+4100_flipped at IoU 0.4: nan
2025-07-27 02:11:28,431 - DEBUG - Loaded collision time for BConcave+gConvex+4100_flipped at IoU 0.45: nan
2025-07-27 02:11:28,431 - DEBUG - Loaded collision time for BConcave+gConvex+4100_flipped at IoU 0.5: nan
2025-07-27 02:11:28,432 - DEBUG - Loaded collision time for BConcave+gConvex+4100_flipped at IoU 0.55: nan
2025-07-27 02:11:28,432 - DEBUG - Loaded collision time for BConcave+gConvex+4100_flipped at IoU 0.6: nan
2025-07-27 02:11:28,433 - DEBUG - Loaded collision time for BConcave+gConvex+4100_flipped at IoU 0.65: nan
2025-07-27 02:11:28,433 - DEBUG - Loaded collision time for BConcave+gConvex+4100_flipped at IoU 0.7: nan
2025-07-27 02:11:28,434 - DEBUG - Loaded collision time for BConcave+gConvex+4100_flipped at IoU 0.75: nan
2025-07-27 02:11:28,434 - DEBUG - Loaded collision time for BConcave+gConvex+4100_flipped at IoU 0.8: nan
2025-07-27 02:11:28,435 - DEBUG - Loaded collision time for BConcave+gConvex+4100_flipped at IoU 0.85: nan
2025-07-27 02:11:28,435 - DEBUG - Loaded collision time for BConcave+gConvex+4100_flipped at IoU 0.9: nan
2025-07-27 02:11:28,436 - DEBUG - Loaded collision time for BConcave+gConvex+4100_flipped at IoU 0.95: nan
2025-07-27 02:11:28,436 - INFO - Processing video: BConcave+gConvex+4300
2025-07-27 02:11:28,437 - INFO - Video BConcave+gConvex+4300 already processed (found segformer_model-BConcave+gConvex+4300.mp4), skipping video processing...
2025-07-27 02:11:28,442 - INFO - VanillaSegmentationSaver initialized with output dir: /home/projects/bagon/andreyg/Projects/Object_reps_neural/Programming/hugging_face/model_experiments/segformer/exp2TTC_segformer-b2-finetuned-ade-512-512/processed_videos/segformer_model-BConcave+gConvex+4300/org_segmentation
2025-07-27 02:11:28,445 - INFO - All collision results already exist for BConcave+gConvex+4300
2025-07-27 02:11:28,446 - DEBUG - Loaded collision time for BConcave+gConvex+4300 at IoU 0.05: nan
2025-07-27 02:11:28,446 - DEBUG - Loaded collision time for BConcave+gConvex+4300 at IoU 0.1: nan
2025-07-27 02:11:28,447 - DEBUG - Loaded collision time for BConcave+gConvex+4300 at IoU 0.15: nan
2025-07-27 02:11:28,447 - DEBUG - Loaded collision time for BConcave+gConvex+4300 at IoU 0.2: nan
2025-07-27 02:11:28,448 - DEBUG - Loaded collision time for BConcave+gConvex+4300 at IoU 0.25: nan
2025-07-27 02:11:28,448 - DEBUG - Loaded collision time for BConcave+gConvex+4300 at IoU 0.3: nan
2025-07-27 02:11:28,449 - DEBUG - Loaded collision time for BConcave+gConvex+4300 at IoU 0.35: nan
2025-07-27 02:11:28,449 - DEBUG - Loaded collision time for BConcave+gConvex+4300 at IoU 0.4: nan
2025-07-27 02:11:28,450 - DEBUG - Loaded collision time for BConcave+gConvex+4300 at IoU 0.45: nan
2025-07-27 02:11:28,451 - DEBUG - Loaded collision time for BConcave+gConvex+4300 at IoU 0.5: nan
2025-07-27 02:11:28,451 - DEBUG - Loaded collision time for BConcave+gConvex+4300 at IoU 0.55: nan
2025-07-27 02:11:28,452 - DEBUG - Loaded collision time for BConcave+gConvex+4300 at IoU 0.6: nan
2025-07-27 02:11:28,452 - DEBUG - Loaded collision time for BConcave+gConvex+4300 at IoU 0.65: nan
2025-07-27 02:11:28,453 - DEBUG - Loaded collision time for BConcave+gConvex+4300 at IoU 0.7: nan
2025-07-27 02:11:28,453 - DEBUG - Loaded collision time for BConcave+gConvex+4300 at IoU 0.75: nan
2025-07-27 02:11:28,454 - DEBUG - Loaded collision time for BConcave+gConvex+4300 at IoU 0.8: nan
2025-07-27 02:11:28,455 - DEBUG - Loaded collision time for BConcave+gConvex+4300 at IoU 0.85: nan
2025-07-27 02:11:28,455 - DEBUG - Loaded collision time for BConcave+gConvex+4300 at IoU 0.9: nan
2025-07-27 02:11:28,456 - DEBUG - Loaded collision time for BConcave+gConvex+4300 at IoU 0.95: nan
2025-07-27 02:11:28,456 - INFO - Processing video: BConcave+gConvex+4500_flipped
2025-07-27 02:11:28,457 - INFO - Video BConcave+gConvex+4500_flipped already processed (found segformer_model-BConcave+gConvex+4500_flipped.mp4), skipping video processing...
2025-07-27 02:11:28,462 - INFO - VanillaSegmentationSaver initialized with output dir: /home/projects/bagon/andreyg/Projects/Object_reps_neural/Programming/hugging_face/model_experiments/segformer/exp2TTC_segformer-b2-finetuned-ade-512-512/processed_videos/segformer_model-BConcave+gConvex+4500_flipped/org_segmentation
2025-07-27 02:11:28,465 - INFO - All collision results already exist for BConcave+gConvex+4500_flipped
2025-07-27 02:11:28,465 - DEBUG - Loaded collision time for BConcave+gConvex+4500_flipped at IoU 0.05: 4983.333333333333
2025-07-27 02:11:28,466 - DEBUG - Loaded collision time for BConcave+gConvex+4500_flipped at IoU 0.1: 5216.666666666667
2025-07-27 02:11:28,466 - DEBUG - Loaded collision time for BConcave+gConvex+4500_flipped at IoU 0.15: nan
2025-07-27 02:11:28,467 - DEBUG - Loaded collision time for BConcave+gConvex+4500_flipped at IoU 0.2: nan
2025-07-27 02:11:28,467 - DEBUG - Loaded collision time for BConcave+gConvex+4500_flipped at IoU 0.25: nan
2025-07-27 02:11:28,468 - DEBUG - Loaded collision time for BConcave+gConvex+4500_flipped at IoU 0.3: nan
2025-07-27 02:11:28,468 - DEBUG - Loaded collision time for BConcave+gConvex+4500_flipped at IoU 0.35: nan
2025-07-27 02:11:28,469 - DEBUG - Loaded collision time for BConcave+gConvex+4500_flipped at IoU 0.4: nan
2025-07-27 02:11:28,469 - DEBUG - Loaded collision time for BConcave+gConvex+4500_flipped at IoU 0.45: nan
2025-07-27 02:11:28,470 - DEBUG - Loaded collision time for BConcave+gConvex+4500_flipped at IoU 0.5: nan
2025-07-27 02:11:28,471 - DEBUG - Loaded collision time for BConcave+gConvex+4500_flipped at IoU 0.55: nan
2025-07-27 02:11:28,471 - DEBUG - Loaded collision time for BConcave+gConvex+4500_flipped at IoU 0.6: nan
2025-07-27 02:11:28,472 - DEBUG - Loaded collision time for BConcave+gConvex+4500_flipped at IoU 0.65: nan
2025-07-27 02:11:28,472 - DEBUG - Loaded collision time for BConcave+gConvex+4500_flipped at IoU 0.7: nan
2025-07-27 02:11:28,473 - DEBUG - Loaded collision time for BConcave+gConvex+4500_flipped at IoU 0.75: nan
2025-07-27 02:11:28,473 - DEBUG - Loaded collision time for BConcave+gConvex+4500_flipped at IoU 0.8: nan
2025-07-27 02:11:28,474 - DEBUG - Loaded collision time for BConcave+gConvex+4500_flipped at IoU 0.85: nan
2025-07-27 02:11:28,474 - DEBUG - Loaded collision time for BConcave+gConvex+4500_flipped at IoU 0.9: nan
2025-07-27 02:11:28,475 - DEBUG - Loaded collision time for BConcave+gConvex+4500_flipped at IoU 0.95: nan
2025-07-27 02:11:28,475 - INFO - Processing video: BConcave+hConcave+3500_flipped
2025-07-27 02:11:28,476 - INFO - Video BConcave+hConcave+3500_flipped already processed (found segformer_model-BConcave+hConcave+3500_flipped.mp4), skipping video processing...
2025-07-27 02:11:28,481 - INFO - VanillaSegmentationSaver initialized with output dir: /home/projects/bagon/andreyg/Projects/Object_reps_neural/Programming/hugging_face/model_experiments/segformer/exp2TTC_segformer-b2-finetuned-ade-512-512/processed_videos/segformer_model-BConcave+hConcave+3500_flipped/org_segmentation
2025-07-27 02:11:28,484 - INFO - All collision results already exist for BConcave+hConcave+3500_flipped
2025-07-27 02:11:28,484 - DEBUG - Loaded collision time for BConcave+hConcave+3500_flipped at IoU 0.05: 4050.0
2025-07-27 02:11:28,485 - DEBUG - Loaded collision time for BConcave+hConcave+3500_flipped at IoU 0.1: 4133.333333333334
2025-07-27 02:11:28,485 - DEBUG - Loaded collision time for BConcave+hConcave+3500_flipped at IoU 0.15: 4233.333333333333
2025-07-27 02:11:28,486 - DEBUG - Loaded collision time for BConcave+hConcave+3500_flipped at IoU 0.2: 4483.333333333333
2025-07-27 02:11:28,486 - DEBUG - Loaded collision time for BConcave+hConcave+3500_flipped at IoU 0.25: nan
2025-07-27 02:11:28,487 - DEBUG - Loaded collision time for BConcave+hConcave+3500_flipped at IoU 0.3: nan
2025-07-27 02:11:28,488 - DEBUG - Loaded collision time for BConcave+hConcave+3500_flipped at IoU 0.35: nan
2025-07-27 02:11:28,488 - DEBUG - Loaded collision time for BConcave+hConcave+3500_flipped at IoU 0.4: nan
2025-07-27 02:11:28,489 - DEBUG - Loaded collision time for BConcave+hConcave+3500_flipped at IoU 0.45: nan
2025-07-27 02:11:28,489 - DEBUG - Loaded collision time for BConcave+hConcave+3500_flipped at IoU 0.5: nan
2025-07-27 02:11:28,490 - DEBUG - Loaded collision time for BConcave+hConcave+3500_flipped at IoU 0.55: nan
2025-07-27 02:11:28,491 - DEBUG - Loaded collision time for BConcave+hConcave+3500_flipped at IoU 0.6: nan
2025-07-27 02:11:28,491 - DEBUG - Loaded collision time for BConcave+hConcave+3500_flipped at IoU 0.65: nan
2025-07-27 02:11:28,492 - DEBUG - Loaded collision time for BConcave+hConcave+3500_flipped at IoU 0.7: nan
2025-07-27 02:11:28,492 - DEBUG - Loaded collision time for BConcave+hConcave+3500_flipped at IoU 0.75: nan
2025-07-27 02:11:28,493 - DEBUG - Loaded collision time for BConcave+hConcave+3500_flipped at IoU 0.8: nan
2025-07-27 02:11:28,493 - DEBUG - Loaded collision time for BConcave+hConcave+3500_flipped at IoU 0.85: nan
2025-07-27 02:11:28,494 - DEBUG - Loaded collision time for BConcave+hConcave+3500_flipped at IoU 0.9: nan
2025-07-27 02:11:28,494 - DEBUG - Loaded collision time for BConcave+hConcave+3500_flipped at IoU 0.95: nan
2025-07-27 02:11:28,494 - INFO - Processing video: BConcave+hConcave+3700
2025-07-27 02:11:28,495 - INFO - Video BConcave+hConcave+3700 already processed (found segformer_model-BConcave+hConcave+3700.mp4), skipping video processing...
2025-07-27 02:11:28,500 - INFO - VanillaSegmentationSaver initialized with output dir: /home/projects/bagon/andreyg/Projects/Object_reps_neural/Programming/hugging_face/model_experiments/segformer/exp2TTC_segformer-b2-finetuned-ade-512-512/processed_videos/segformer_model-BConcave+hConcave+3700/org_segmentation
2025-07-27 02:11:28,503 - INFO - All collision results already exist for BConcave+hConcave+3700
2025-07-27 02:11:28,504 - DEBUG - Loaded collision time for BConcave+hConcave+3700 at IoU 0.05: 4066.6666666666665
2025-07-27 02:11:28,504 - DEBUG - Loaded collision time for BConcave+hConcave+3700 at IoU 0.1: 4250.0
2025-07-27 02:11:28,505 - DEBUG - Loaded collision time for BConcave+hConcave+3700 at IoU 0.15: 4350.0
2025-07-27 02:11:28,506 - DEBUG - Loaded collision time for BConcave+hConcave+3700 at IoU 0.2: 4500.0
2025-07-27 02:11:28,506 - DEBUG - Loaded collision time for BConcave+hConcave+3700 at IoU 0.25: nan
2025-07-27 02:11:28,507 - DEBUG - Loaded collision time for BConcave+hConcave+3700 at IoU 0.3: nan
2025-07-27 02:11:28,507 - DEBUG - Loaded collision time for BConcave+hConcave+3700 at IoU 0.35: nan
2025-07-27 02:11:28,508 - DEBUG - Loaded collision time for BConcave+hConcave+3700 at IoU 0.4: nan
2025-07-27 02:11:28,508 - DEBUG - Loaded collision time for BConcave+hConcave+3700 at IoU 0.45: nan
2025-07-27 02:11:28,509 - DEBUG - Loaded collision time for BConcave+hConcave+3700 at IoU 0.5: nan
2025-07-27 02:11:28,509 - DEBUG - Loaded collision time for BConcave+hConcave+3700 at IoU 0.55: nan
2025-07-27 02:11:28,510 - DEBUG - Loaded collision time for BConcave+hConcave+3700 at IoU 0.6: nan
2025-07-27 02:11:28,510 - DEBUG - Loaded collision time for BConcave+hConcave+3700 at IoU 0.65: nan
2025-07-27 02:11:28,511 - DEBUG - Loaded collision time for BConcave+hConcave+3700 at IoU 0.7: nan
2025-07-27 02:11:28,511 - DEBUG - Loaded collision time for BConcave+hConcave+3700 at IoU 0.75: nan
2025-07-27 02:11:28,512 - DEBUG - Loaded collision time for BConcave+hConcave+3700 at IoU 0.8: nan
2025-07-27 02:11:28,512 - DEBUG - Loaded collision time for BConcave+hConcave+3700 at IoU 0.85: nan
2025-07-27 02:11:28,513 - DEBUG - Loaded collision time for BConcave+hConcave+3700 at IoU 0.9: nan
2025-07-27 02:11:28,513 - DEBUG - Loaded collision time for BConcave+hConcave+3700 at IoU 0.95: nan
2025-07-27 02:11:28,514 - INFO - Processing video: BConcave+hConcave+3900_flipped
2025-07-27 02:11:28,515 - INFO - Video BConcave+hConcave+3900_flipped already processed (found segformer_model-BConcave+hConcave+3900_flipped.mp4), skipping video processing...
2025-07-27 02:11:28,519 - INFO - VanillaSegmentationSaver initialized with output dir: /home/projects/bagon/andreyg/Projects/Object_reps_neural/Programming/hugging_face/model_experiments/segformer/exp2TTC_segformer-b2-finetuned-ade-512-512/processed_videos/segformer_model-BConcave+hConcave+3900_flipped/org_segmentation
2025-07-27 02:11:28,522 - INFO - All collision results already exist for BConcave+hConcave+3900_flipped
2025-07-27 02:11:28,523 - DEBUG - Loaded collision time for BConcave+hConcave+3900_flipped at IoU 0.05: nan
2025-07-27 02:11:28,523 - DEBUG - Loaded collision time for BConcave+hConcave+3900_flipped at IoU 0.1: nan
2025-07-27 02:11:28,524 - DEBUG - Loaded collision time for BConcave+hConcave+3900_flipped at IoU 0.15: nan
2025-07-27 02:11:28,524 - DEBUG - Loaded collision time for BConcave+hConcave+3900_flipped at IoU 0.2: nan
2025-07-27 02:11:28,525 - DEBUG - Loaded collision time for BConcave+hConcave+3900_flipped at IoU 0.25: nan
2025-07-27 02:11:28,526 - DEBUG - Loaded collision time for BConcave+hConcave+3900_flipped at IoU 0.3: nan
2025-07-27 02:11:28,526 - DEBUG - Loaded collision time for BConcave+hConcave+3900_flipped at IoU 0.35: nan
2025-07-27 02:11:28,527 - DEBUG - Loaded collision time for BConcave+hConcave+3900_flipped at IoU 0.4: nan
2025-07-27 02:11:28,527 - DEBUG - Loaded collision time for BConcave+hConcave+3900_flipped at IoU 0.45: nan
2025-07-27 02:11:28,528 - DEBUG - Loaded collision time for BConcave+hConcave+3900_flipped at IoU 0.5: nan
2025-07-27 02:11:28,528 - DEBUG - Loaded collision time for BConcave+hConcave+3900_flipped at IoU 0.55: nan
2025-07-27 02:11:28,529 - DEBUG - Loaded collision time for BConcave+hConcave+3900_flipped at IoU 0.6: nan
2025-07-27 02:11:28,529 - DEBUG - Loaded collision time for BConcave+hConcave+3900_flipped at IoU 0.65: nan
2025-07-27 02:11:28,530 - DEBUG - Loaded collision time for BConcave+hConcave+3900_flipped at IoU 0.7: nan
2025-07-27 02:11:28,530 - DEBUG - Loaded collision time for BConcave+hConcave+3900_flipped at IoU 0.75: nan
2025-07-27 02:11:28,531 - DEBUG - Loaded collision time for BConcave+hConcave+3900_flipped at IoU 0.8: nan
2025-07-27 02:11:28,531 - DEBUG - Loaded collision time for BConcave+hConcave+3900_flipped at IoU 0.85: nan
2025-07-27 02:11:28,532 - DEBUG - Loaded collision time for BConcave+hConcave+3900_flipped at IoU 0.9: nan
2025-07-27 02:11:28,532 - DEBUG - Loaded collision time for BConcave+hConcave+3900_flipped at IoU 0.95: nan
2025-07-27 02:11:28,532 - INFO - Processing video: BConcave+hConcave+4100
2025-07-27 02:11:28,533 - INFO - Video BConcave+hConcave+4100 already processed (found segformer_model-BConcave+hConcave+4100.mp4), skipping video processing...
2025-07-27 02:11:28,538 - INFO - VanillaSegmentationSaver initialized with output dir: /home/projects/bagon/andreyg/Projects/Object_reps_neural/Programming/hugging_face/model_experiments/segformer/exp2TTC_segformer-b2-finetuned-ade-512-512/processed_videos/segformer_model-BConcave+hConcave+4100/org_segmentation
2025-07-27 02:11:28,541 - INFO - All collision results already exist for BConcave+hConcave+4100
2025-07-27 02:11:28,542 - DEBUG - Loaded collision time for BConcave+hConcave+4100 at IoU 0.05: nan
2025-07-27 02:11:28,542 - DEBUG - Loaded collision time for BConcave+hConcave+4100 at IoU 0.1: nan
2025-07-27 02:11:28,543 - DEBUG - Loaded collision time for BConcave+hConcave+4100 at IoU 0.15: nan
2025-07-27 02:11:28,543 - DEBUG - Loaded collision time for BConcave+hConcave+4100 at IoU 0.2: nan
2025-07-27 02:11:28,544 - DEBUG - Loaded collision time for BConcave+hConcave+4100 at IoU 0.25: nan
2025-07-27 02:11:28,545 - DEBUG - Loaded collision time for BConcave+hConcave+4100 at IoU 0.3: nan
2025-07-27 02:11:28,545 - DEBUG - Loaded collision time for BConcave+hConcave+4100 at IoU 0.35: nan
2025-07-27 02:11:28,546 - DEBUG - Loaded collision time for BConcave+hConcave+4100 at IoU 0.4: nan
2025-07-27 02:11:28,546 - DEBUG - Loaded collision time for BConcave+hConcave+4100 at IoU 0.45: nan
2025-07-27 02:11:28,547 - DEBUG - Loaded collision time for BConcave+hConcave+4100 at IoU 0.5: nan
2025-07-27 02:11:28,547 - DEBUG - Loaded collision time for BConcave+hConcave+4100 at IoU 0.55: nan
2025-07-27 02:11:28,548 - DEBUG - Loaded collision time for BConcave+hConcave+4100 at IoU 0.6: nan
2025-07-27 02:11:28,548 - DEBUG - Loaded collision time for BConcave+hConcave+4100 at IoU 0.65: nan
2025-07-27 02:11:28,549 - DEBUG - Loaded collision time for BConcave+hConcave+4100 at IoU 0.7: nan
2025-07-27 02:11:28,549 - DEBUG - Loaded collision time for BConcave+hConcave+4100 at IoU 0.75: nan
2025-07-27 02:11:28,550 - DEBUG - Loaded collision time for BConcave+hConcave+4100 at IoU 0.8: nan
2025-07-27 02:11:28,550 - DEBUG - Loaded collision time for BConcave+hConcave+4100 at IoU 0.85: nan
2025-07-27 02:11:28,551 - DEBUG - Loaded collision time for BConcave+hConcave+4100 at IoU 0.9: nan
2025-07-27 02:11:28,551 - DEBUG - Loaded collision time for BConcave+hConcave+4100 at IoU 0.95: nan
2025-07-27 02:11:28,551 - INFO - Processing video: BConcave+hConcave+4300_flipped
2025-07-27 02:11:28,553 - INFO - Video BConcave+hConcave+4300_flipped already processed (found segformer_model-BConcave+hConcave+4300_flipped.mp4), skipping video processing...
2025-07-27 02:11:28,558 - INFO - VanillaSegmentationSaver initialized with output dir: /home/projects/bagon/andreyg/Projects/Object_reps_neural/Programming/hugging_face/model_experiments/segformer/exp2TTC_segformer-b2-finetuned-ade-512-512/processed_videos/segformer_model-BConcave+hConcave+4300_flipped/org_segmentation
2025-07-27 02:11:28,561 - INFO - All collision results already exist for BConcave+hConcave+4300_flipped
2025-07-27 02:11:28,561 - DEBUG - Loaded collision time for BConcave+hConcave+4300_flipped at IoU 0.05: nan
2025-07-27 02:11:28,562 - DEBUG - Loaded collision time for BConcave+hConcave+4300_flipped at IoU 0.1: nan
2025-07-27 02:11:28,562 - DEBUG - Loaded collision time for BConcave+hConcave+4300_flipped at IoU 0.15: nan
2025-07-27 02:11:28,563 - DEBUG - Loaded collision time for BConcave+hConcave+4300_flipped at IoU 0.2: nan
2025-07-27 02:11:28,564 - DEBUG - Loaded collision time for BConcave+hConcave+4300_flipped at IoU 0.25: nan
2025-07-27 02:11:28,564 - DEBUG - Loaded collision time for BConcave+hConcave+4300_flipped at IoU 0.3: nan
2025-07-27 02:11:28,565 - DEBUG - Loaded collision time for BConcave+hConcave+4300_flipped at IoU 0.35: nan
2025-07-27 02:11:28,565 - DEBUG - Loaded collision time for BConcave+hConcave+4300_flipped at IoU 0.4: nan
2025-07-27 02:11:28,566 - DEBUG - Loaded collision time for BConcave+hConcave+4300_flipped at IoU 0.45: nan
2025-07-27 02:11:28,566 - DEBUG - Loaded collision time for BConcave+hConcave+4300_flipped at IoU 0.5: nan
2025-07-27 02:11:28,567 - DEBUG - Loaded collision time for BConcave+hConcave+4300_flipped at IoU 0.55: nan
2025-07-27 02:11:28,567 - DEBUG - Loaded collision time for BConcave+hConcave+4300_flipped at IoU 0.6: nan
2025-07-27 02:11:28,568 - DEBUG - Loaded collision time for BConcave+hConcave+4300_flipped at IoU 0.65: nan
2025-07-27 02:11:28,568 - DEBUG - Loaded collision time for BConcave+hConcave+4300_flipped at IoU 0.7: nan
2025-07-27 02:11:28,569 - DEBUG - Loaded collision time for BConcave+hConcave+4300_flipped at IoU 0.75: nan
2025-07-27 02:11:28,570 - DEBUG - Loaded collision time for BConcave+hConcave+4300_flipped at IoU 0.8: nan
2025-07-27 02:11:28,570 - DEBUG - Loaded collision time for BConcave+hConcave+4300_flipped at IoU 0.85: nan
2025-07-27 02:11:28,571 - DEBUG - Loaded collision time for BConcave+hConcave+4300_flipped at IoU 0.9: nan
2025-07-27 02:11:28,571 - DEBUG - Loaded collision time for BConcave+hConcave+4300_flipped at IoU 0.95: nan
2025-07-27 02:11:28,571 - INFO - Processing video: BConcave+hConcave+4500
2025-07-27 02:11:28,572 - INFO - Video BConcave+hConcave+4500 already processed (found segformer_model-BConcave+hConcave+4500.mp4), skipping video processing...
2025-07-27 02:11:28,577 - INFO - VanillaSegmentationSaver initialized with output dir: /home/projects/bagon/andreyg/Projects/Object_reps_neural/Programming/hugging_face/model_experiments/segformer/exp2TTC_segformer-b2-finetuned-ade-512-512/processed_videos/segformer_model-BConcave+hConcave+4500/org_segmentation
2025-07-27 02:11:28,580 - INFO - All collision results already exist for BConcave+hConcave+4500
2025-07-27 02:11:28,581 - DEBUG - Loaded collision time for BConcave+hConcave+4500 at IoU 0.05: nan
2025-07-27 02:11:28,581 - DEBUG - Loaded collision time for BConcave+hConcave+4500 at IoU 0.1: nan
2025-07-27 02:11:28,582 - DEBUG - Loaded collision time for BConcave+hConcave+4500 at IoU 0.15: nan
2025-07-27 02:11:28,583 - DEBUG - Loaded collision time for BConcave+hConcave+4500 at IoU 0.2: nan
2025-07-27 02:11:28,583 - DEBUG - Loaded collision time for BConcave+hConcave+4500 at IoU 0.25: nan
2025-07-27 02:11:28,583 - DEBUG - Loaded collision time for BConcave+hConcave+4500 at IoU 0.3: nan
2025-07-27 02:11:28,584 - DEBUG - Loaded collision time for BConcave+hConcave+4500 at IoU 0.35: nan
2025-07-27 02:11:28,585 - DEBUG - Loaded collision time for BConcave+hConcave+4500 at IoU 0.4: nan
2025-07-27 02:11:28,585 - DEBUG - Loaded collision time for BConcave+hConcave+4500 at IoU 0.45: nan
2025-07-27 02:11:28,586 - DEBUG - Loaded collision time for BConcave+hConcave+4500 at IoU 0.5: nan
2025-07-27 02:11:28,586 - DEBUG - Loaded collision time for BConcave+hConcave+4500 at IoU 0.55: nan
2025-07-27 02:11:28,587 - DEBUG - Loaded collision time for BConcave+hConcave+4500 at IoU 0.6: nan
2025-07-27 02:11:28,587 - DEBUG - Loaded collision time for BConcave+hConcave+4500 at IoU 0.65: nan
2025-07-27 02:11:28,588 - DEBUG - Loaded collision time for BConcave+hConcave+4500 at IoU 0.7: nan
2025-07-27 02:11:28,588 - DEBUG - Loaded collision time for BConcave+hConcave+4500 at IoU 0.75: nan
2025-07-27 02:11:28,589 - DEBUG - Loaded collision time for BConcave+hConcave+4500 at IoU 0.8: nan
2025-07-27 02:11:28,589 - DEBUG - Loaded collision time for BConcave+hConcave+4500 at IoU 0.85: nan
2025-07-27 02:11:28,590 - DEBUG - Loaded collision time for BConcave+hConcave+4500 at IoU 0.9: nan
2025-07-27 02:11:28,590 - DEBUG - Loaded collision time for BConcave+hConcave+4500 at IoU 0.95: nan
2025-07-27 02:11:28,590 - INFO - Processing video: BConcave+hConvex+3500
2025-07-27 02:11:28,592 - INFO - Video BConcave+hConvex+3500 already processed (found segformer_model-BConcave+hConvex+3500.mp4), skipping video processing...
2025-07-27 02:11:28,596 - INFO - VanillaSegmentationSaver initialized with output dir: /home/projects/bagon/andreyg/Projects/Object_reps_neural/Programming/hugging_face/model_experiments/segformer/exp2TTC_segformer-b2-finetuned-ade-512-512/processed_videos/segformer_model-BConcave+hConvex+3500/org_segmentation
2025-07-27 02:11:28,599 - INFO - All collision results already exist for BConcave+hConvex+3500
2025-07-27 02:11:28,600 - DEBUG - Loaded collision time for BConcave+hConvex+3500 at IoU 0.05: nan
2025-07-27 02:11:28,600 - DEBUG - Loaded collision time for BConcave+hConvex+3500 at IoU 0.1: nan
2025-07-27 02:11:28,601 - DEBUG - Loaded collision time for BConcave+hConvex+3500 at IoU 0.15: nan
2025-07-27 02:11:28,601 - DEBUG - Loaded collision time for BConcave+hConvex+3500 at IoU 0.2: nan
2025-07-27 02:11:28,602 - DEBUG - Loaded collision time for BConcave+hConvex+3500 at IoU 0.25: nan
2025-07-27 02:11:28,603 - DEBUG - Loaded collision time for BConcave+hConvex+3500 at IoU 0.3: nan
2025-07-27 02:11:28,603 - DEBUG - Loaded collision time for BConcave+hConvex+3500 at IoU 0.35: nan
2025-07-27 02:11:28,603 - DEBUG - Loaded collision time for BConcave+hConvex+3500 at IoU 0.4: nan
2025-07-27 02:11:28,604 - DEBUG - Loaded collision time for BConcave+hConvex+3500 at IoU 0.45: nan
2025-07-27 02:11:28,605 - DEBUG - Loaded collision time for BConcave+hConvex+3500 at IoU 0.5: nan
2025-07-27 02:11:28,605 - DEBUG - Loaded collision time for BConcave+hConvex+3500 at IoU 0.55: nan
2025-07-27 02:11:28,606 - DEBUG - Loaded collision time for BConcave+hConvex+3500 at IoU 0.6: nan
2025-07-27 02:11:28,606 - DEBUG - Loaded collision time for BConcave+hConvex+3500 at IoU 0.65: nan
2025-07-27 02:11:28,607 - DEBUG - Loaded collision time for BConcave+hConvex+3500 at IoU 0.7: nan
2025-07-27 02:11:28,607 - DEBUG - Loaded collision time for BConcave+hConvex+3500 at IoU 0.75: nan
2025-07-27 02:11:28,608 - DEBUG - Loaded collision time for BConcave+hConvex+3500 at IoU 0.8: nan
2025-07-27 02:11:28,608 - DEBUG - Loaded collision time for BConcave+hConvex+3500 at IoU 0.85: nan
2025-07-27 02:11:28,609 - DEBUG - Loaded collision time for BConcave+hConvex+3500 at IoU 0.9: nan
2025-07-27 02:11:28,610 - DEBUG - Loaded collision time for BConcave+hConvex+3500 at IoU 0.95: nan
2025-07-27 02:11:28,610 - INFO - Processing video: BConcave+hConvex+3700_flipped
2025-07-27 02:11:28,611 - INFO - Video BConcave+hConvex+3700_flipped already processed (found segformer_model-BConcave+hConvex+3700_flipped.mp4), skipping video processing...
2025-07-27 02:11:28,616 - INFO - VanillaSegmentationSaver initialized with output dir: /home/projects/bagon/andreyg/Projects/Object_reps_neural/Programming/hugging_face/model_experiments/segformer/exp2TTC_segformer-b2-finetuned-ade-512-512/processed_videos/segformer_model-BConcave+hConvex+3700_flipped/org_segmentation
2025-07-27 02:11:28,620 - INFO - All collision results already exist for BConcave+hConvex+3700_flipped
2025-07-27 02:11:28,620 - DEBUG - Loaded collision time for BConcave+hConvex+3700_flipped at IoU 0.05: nan
2025-07-27 02:11:28,621 - DEBUG - Loaded collision time for BConcave+hConvex+3700_flipped at IoU 0.1: nan
2025-07-27 02:11:28,622 - DEBUG - Loaded collision time for BConcave+hConvex+3700_flipped at IoU 0.15: nan
2025-07-27 02:11:28,622 - DEBUG - Loaded collision time for BConcave+hConvex+3700_flipped at IoU 0.2: nan
2025-07-27 02:11:28,623 - DEBUG - Loaded collision time for BConcave+hConvex+3700_flipped at IoU 0.25: nan
2025-07-27 02:11:28,623 - DEBUG - Loaded collision time for BConcave+hConvex+3700_flipped at IoU 0.3: nan
2025-07-27 02:11:28,624 - DEBUG - Loaded collision time for BConcave+hConvex+3700_flipped at IoU 0.35: nan
2025-07-27 02:11:28,624 - DEBUG - Loaded collision time for BConcave+hConvex+3700_flipped at IoU 0.4: nan
2025-07-27 02:11:28,625 - DEBUG - Loaded collision time for BConcave+hConvex+3700_flipped at IoU 0.45: nan
2025-07-27 02:11:28,625 - DEBUG - Loaded collision time for BConcave+hConvex+3700_flipped at IoU 0.5: nan
2025-07-27 02:11:28,626 - DEBUG - Loaded collision time for BConcave+hConvex+3700_flipped at IoU 0.55: nan
2025-07-27 02:11:28,627 - DEBUG - Loaded collision time for BConcave+hConvex+3700_flipped at IoU 0.6: nan
2025-07-27 02:11:28,627 - DEBUG - Loaded collision time for BConcave+hConvex+3700_flipped at IoU 0.65: nan
2025-07-27 02:11:28,628 - DEBUG - Loaded collision time for BConcave+hConvex+3700_flipped at IoU 0.7: nan
2025-07-27 02:11:28,628 - DEBUG - Loaded collision time for BConcave+hConvex+3700_flipped at IoU 0.75: nan
2025-07-27 02:11:28,629 - DEBUG - Loaded collision time for BConcave+hConvex+3700_flipped at IoU 0.8: nan
2025-07-27 02:11:28,629 - DEBUG - Loaded collision time for BConcave+hConvex+3700_flipped at IoU 0.85: nan
2025-07-27 02:11:28,630 - DEBUG - Loaded collision time for BConcave+hConvex+3700_flipped at IoU 0.9: nan
2025-07-27 02:11:28,630 - DEBUG - Loaded collision time for BConcave+hConvex+3700_flipped at IoU 0.95: nan
2025-07-27 02:11:28,631 - INFO - Processing video: BConcave+hConvex+3900
2025-07-27 02:11:28,632 - INFO - Video BConcave+hConvex+3900 already processed (found segformer_model-BConcave+hConvex+3900.mp4), skipping video processing...
2025-07-27 02:11:28,637 - INFO - VanillaSegmentationSaver initialized with output dir: /home/projects/bagon/andreyg/Projects/Object_reps_neural/Programming/hugging_face/model_experiments/segformer/exp2TTC_segformer-b2-finetuned-ade-512-512/processed_videos/segformer_model-BConcave+hConvex+3900/org_segmentation
2025-07-27 02:11:28,639 - INFO - All collision results already exist for BConcave+hConvex+3900
2025-07-27 02:11:28,640 - DEBUG - Loaded collision time for BConcave+hConvex+3900 at IoU 0.05: nan
2025-07-27 02:11:28,640 - DEBUG - Loaded collision time for BConcave+hConvex+3900 at IoU 0.1: nan
2025-07-27 02:11:28,641 - DEBUG - Loaded collision time for BConcave+hConvex+3900 at IoU 0.15: nan
2025-07-27 02:11:28,641 - DEBUG - Loaded collision time for BConcave+hConvex+3900 at IoU 0.2: nan
2025-07-27 02:11:28,642 - DEBUG - Loaded collision time for BConcave+hConvex+3900 at IoU 0.25: nan
2025-07-27 02:11:28,642 - DEBUG - Loaded collision time for BConcave+hConvex+3900 at IoU 0.3: nan
2025-07-27 02:11:28,643 - DEBUG - Loaded collision time for BConcave+hConvex+3900 at IoU 0.35: nan
2025-07-27 02:11:28,643 - DEBUG - Loaded collision time for BConcave+hConvex+3900 at IoU 0.4: nan
2025-07-27 02:11:28,644 - DEBUG - Loaded collision time for BConcave+hConvex+3900 at IoU 0.45: nan
2025-07-27 02:11:28,645 - DEBUG - Loaded collision time for BConcave+hConvex+3900 at IoU 0.5: nan
2025-07-27 02:11:28,645 - DEBUG - Loaded collision time for BConcave+hConvex+3900 at IoU 0.55: nan
2025-07-27 02:11:28,646 - DEBUG - Loaded collision time for BConcave+hConvex+3900 at IoU 0.6: nan
2025-07-27 02:11:28,646 - DEBUG - Loaded collision time for BConcave+hConvex+3900 at IoU 0.65: nan
2025-07-27 02:11:28,647 - DEBUG - Loaded collision time for BConcave+hConvex+3900 at IoU 0.7: nan
2025-07-27 02:11:28,647 - DEBUG - Loaded collision time for BConcave+hConvex+3900 at IoU 0.75: nan
2025-07-27 02:11:28,648 - DEBUG - Loaded collision time for BConcave+hConvex+3900 at IoU 0.8: nan
2025-07-27 02:11:28,648 - DEBUG - Loaded collision time for BConcave+hConvex+3900 at IoU 0.85: nan
2025-07-27 02:11:28,649 - DEBUG - Loaded collision time for BConcave+hConvex+3900 at IoU 0.9: nan
2025-07-27 02:11:28,650 - DEBUG - Loaded collision time for BConcave+hConvex+3900 at IoU 0.95: nan
2025-07-27 02:11:28,650 - INFO - Processing video: BConcave+hConvex+4100_flipped
2025-07-27 02:11:28,651 - INFO - Video BConcave+hConvex+4100_flipped already processed (found segformer_model-BConcave+hConvex+4100_flipped.mp4), skipping video processing...
2025-07-27 02:11:28,656 - INFO - VanillaSegmentationSaver initialized with output dir: /home/projects/bagon/andreyg/Projects/Object_reps_neural/Programming/hugging_face/model_experiments/segformer/exp2TTC_segformer-b2-finetuned-ade-512-512/processed_videos/segformer_model-BConcave+hConvex+4100_flipped/org_segmentation
2025-07-27 02:11:28,658 - INFO - All collision results already exist for BConcave+hConvex+4100_flipped
2025-07-27 02:11:28,659 - DEBUG - Loaded collision time for BConcave+hConvex+4100_flipped at IoU 0.05: nan
2025-07-27 02:11:28,659 - DEBUG - Loaded collision time for BConcave+hConvex+4100_flipped at IoU 0.1: nan
2025-07-27 02:11:28,660 - DEBUG - Loaded collision time for BConcave+hConvex+4100_flipped at IoU 0.15: nan
2025-07-27 02:11:28,661 - DEBUG - Loaded collision time for BConcave+hConvex+4100_flipped at IoU 0.2: nan
2025-07-27 02:11:28,661 - DEBUG - Loaded collision time for BConcave+hConvex+4100_flipped at IoU 0.25: nan
2025-07-27 02:11:28,662 - DEBUG - Loaded collision time for BConcave+hConvex+4100_flipped at IoU 0.3: nan
2025-07-27 02:11:28,662 - DEBUG - Loaded collision time for BConcave+hConvex+4100_flipped at IoU 0.35: nan
2025-07-27 02:11:28,663 - DEBUG - Loaded collision time for BConcave+hConvex+4100_flipped at IoU 0.4: nan
2025-07-27 02:11:28,663 - DEBUG - Loaded collision time for BConcave+hConvex+4100_flipped at IoU 0.45: nan
2025-07-27 02:11:28,664 - DEBUG - Loaded collision time for BConcave+hConvex+4100_flipped at IoU 0.5: nan
2025-07-27 02:11:28,664 - DEBUG - Loaded collision time for BConcave+hConvex+4100_flipped at IoU 0.55: nan
2025-07-27 02:11:28,665 - DEBUG - Loaded collision time for BConcave+hConvex+4100_flipped at IoU 0.6: nan
2025-07-27 02:11:28,665 - DEBUG - Loaded collision time for BConcave+hConvex+4100_flipped at IoU 0.65: nan
2025-07-27 02:11:28,666 - DEBUG - Loaded collision time for BConcave+hConvex+4100_flipped at IoU 0.7: nan
2025-07-27 02:11:28,666 - DEBUG - Loaded collision time for BConcave+hConvex+4100_flipped at IoU 0.75: nan
2025-07-27 02:11:28,667 - DEBUG - Loaded collision time for BConcave+hConvex+4100_flipped at IoU 0.8: nan
2025-07-27 02:11:28,667 - DEBUG - Loaded collision time for BConcave+hConvex+4100_flipped at IoU 0.85: nan
2025-07-27 02:11:28,668 - DEBUG - Loaded collision time for BConcave+hConvex+4100_flipped at IoU 0.9: nan
2025-07-27 02:11:28,668 - DEBUG - Loaded collision time for BConcave+hConvex+4100_flipped at IoU 0.95: nan
2025-07-27 02:11:28,668 - INFO - Processing video: BConcave+hConvex+4300
2025-07-27 02:11:28,669 - INFO - Video BConcave+hConvex+4300 already processed (found segformer_model-BConcave+hConvex+4300.mp4), skipping video processing...
2025-07-27 02:11:28,674 - INFO - VanillaSegmentationSaver initialized with output dir: /home/projects/bagon/andreyg/Projects/Object_reps_neural/Programming/hugging_face/model_experiments/segformer/exp2TTC_segformer-b2-finetuned-ade-512-512/processed_videos/segformer_model-BConcave+hConvex+4300/org_segmentation
2025-07-27 02:11:28,677 - INFO - All collision results already exist for BConcave+hConvex+4300
2025-07-27 02:11:28,677 - DEBUG - Loaded collision time for BConcave+hConvex+4300 at IoU 0.05: nan
2025-07-27 02:11:28,678 - DEBUG - Loaded collision time for BConcave+hConvex+4300 at IoU 0.1: nan
2025-07-27 02:11:28,678 - DEBUG - Loaded collision time for BConcave+hConvex+4300 at IoU 0.15: nan
2025-07-27 02:11:28,679 - DEBUG - Loaded collision time for BConcave+hConvex+4300 at IoU 0.2: nan
2025-07-27 02:11:28,679 - DEBUG - Loaded collision time for BConcave+hConvex+4300 at IoU 0.25: nan
2025-07-27 02:11:28,680 - DEBUG - Loaded collision time for BConcave+hConvex+4300 at IoU 0.3: nan
2025-07-27 02:11:28,680 - DEBUG - Loaded collision time for BConcave+hConvex+4300 at IoU 0.35: nan
2025-07-27 02:11:28,681 - DEBUG - Loaded collision time for BConcave+hConvex+4300 at IoU 0.4: nan
2025-07-27 02:11:28,681 - DEBUG - Loaded collision time for BConcave+hConvex+4300 at IoU 0.45: nan
2025-07-27 02:11:28,682 - DEBUG - Loaded collision time for BConcave+hConvex+4300 at IoU 0.5: nan
2025-07-27 02:11:28,683 - DEBUG - Loaded collision time for BConcave+hConvex+4300 at IoU 0.55: nan
2025-07-27 02:11:28,683 - DEBUG - Loaded collision time for BConcave+hConvex+4300 at IoU 0.6: nan
2025-07-27 02:11:28,684 - DEBUG - Loaded collision time for BConcave+hConvex+4300 at IoU 0.65: nan
2025-07-27 02:11:28,684 - DEBUG - Loaded collision time for BConcave+hConvex+4300 at IoU 0.7: nan
2025-07-27 02:11:28,685 - DEBUG - Loaded collision time for BConcave+hConvex+4300 at IoU 0.75: nan
2025-07-27 02:11:28,685 - DEBUG - Loaded collision time for BConcave+hConvex+4300 at IoU 0.8: nan
2025-07-27 02:11:28,686 - DEBUG - Loaded collision time for BConcave+hConvex+4300 at IoU 0.85: nan
2025-07-27 02:11:28,686 - DEBUG - Loaded collision time for BConcave+hConvex+4300 at IoU 0.9: nan
2025-07-27 02:11:28,687 - DEBUG - Loaded collision time for BConcave+hConvex+4300 at IoU 0.95: nan
2025-07-27 02:11:28,687 - INFO - Processing video: BConcave+hConvex+4500_flipped
2025-07-27 02:11:28,688 - INFO - Video BConcave+hConvex+4500_flipped already processed (found segformer_model-BConcave+hConvex+4500_flipped.mp4), skipping video processing...
2025-07-27 02:11:28,693 - INFO - VanillaSegmentationSaver initialized with output dir: /home/projects/bagon/andreyg/Projects/Object_reps_neural/Programming/hugging_face/model_experiments/segformer/exp2TTC_segformer-b2-finetuned-ade-512-512/processed_videos/segformer_model-BConcave+hConvex+4500_flipped/org_segmentation
2025-07-27 02:11:28,696 - INFO - All collision results already exist for BConcave+hConvex+4500_flipped
2025-07-27 02:11:28,696 - DEBUG - Loaded collision time for BConcave+hConvex+4500_flipped at IoU 0.05: nan
2025-07-27 02:11:28,697 - DEBUG - Loaded collision time for BConcave+hConvex+4500_flipped at IoU 0.1: nan
2025-07-27 02:11:28,697 - DEBUG - Loaded collision time for BConcave+hConvex+4500_flipped at IoU 0.15: nan
2025-07-27 02:11:28,698 - DEBUG - Loaded collision time for BConcave+hConvex+4500_flipped at IoU 0.2: nan
2025-07-27 02:11:28,698 - DEBUG - Loaded collision time for BConcave+hConvex+4500_flipped at IoU 0.25: nan
2025-07-27 02:11:28,699 - DEBUG - Loaded collision time for BConcave+hConvex+4500_flipped at IoU 0.3: nan
2025-07-27 02:11:28,700 - DEBUG - Loaded collision time for BConcave+hConvex+4500_flipped at IoU 0.35: nan
2025-07-27 02:11:28,700 - DEBUG - Loaded collision time for BConcave+hConvex+4500_flipped at IoU 0.4: nan
2025-07-27 02:11:28,701 - DEBUG - Loaded collision time for BConcave+hConvex+4500_flipped at IoU 0.45: nan
2025-07-27 02:11:28,701 - DEBUG - Loaded collision time for BConcave+hConvex+4500_flipped at IoU 0.5: nan
2025-07-27 02:11:28,702 - DEBUG - Loaded collision time for BConcave+hConvex+4500_flipped at IoU 0.55: nan
2025-07-27 02:11:28,702 - DEBUG - Loaded collision time for BConcave+hConvex+4500_flipped at IoU 0.6: nan
2025-07-27 02:11:28,703 - DEBUG - Loaded collision time for BConcave+hConvex+4500_flipped at IoU 0.65: nan
2025-07-27 02:11:28,703 - DEBUG - Loaded collision time for BConcave+hConvex+4500_flipped at IoU 0.7: nan
2025-07-27 02:11:28,704 - DEBUG - Loaded collision time for BConcave+hConvex+4500_flipped at IoU 0.75: nan
2025-07-27 02:11:28,704 - DEBUG - Loaded collision time for BConcave+hConvex+4500_flipped at IoU 0.8: nan
2025-07-27 02:11:28,705 - DEBUG - Loaded collision time for BConcave+hConvex+4500_flipped at IoU 0.85: nan
2025-07-27 02:11:28,705 - DEBUG - Loaded collision time for BConcave+hConvex+4500_flipped at IoU 0.9: nan
2025-07-27 02:11:28,706 - DEBUG - Loaded collision time for BConcave+hConvex+4500_flipped at IoU 0.95: nan
2025-07-27 02:11:28,706 - INFO - Processing video: squareA+squareP+4433+L
2025-07-27 02:11:28,707 - INFO - Video squareA+squareP+4433+L already processed (found segformer_model-squareA+squareP+4433+L.mp4), skipping video processing...
2025-07-27 02:11:28,711 - INFO - VanillaSegmentationSaver initialized with output dir: /home/projects/bagon/andreyg/Projects/Object_reps_neural/Programming/hugging_face/model_experiments/segformer/exp2TTC_segformer-b2-finetuned-ade-512-512/processed_videos/segformer_model-squareA+squareP+4433+L/org_segmentation
2025-07-27 02:11:28,715 - INFO - All collision results already exist for squareA+squareP+4433+L
2025-07-27 02:11:28,715 - DEBUG - Loaded collision time for squareA+squareP+4433+L at IoU 0.05: 4500.0
2025-07-27 02:11:28,716 - DEBUG - Loaded collision time for squareA+squareP+4433+L at IoU 0.1: 4566.666666666666
2025-07-27 02:11:28,716 - DEBUG - Loaded collision time for squareA+squareP+4433+L at IoU 0.15: 4666.666666666667
2025-07-27 02:11:28,717 - DEBUG - Loaded collision time for squareA+squareP+4433+L at IoU 0.2: 4733.333333333333
2025-07-27 02:11:28,717 - DEBUG - Loaded collision time for squareA+squareP+4433+L at IoU 0.25: 4783.333333333333
2025-07-27 02:11:28,718 - DEBUG - Loaded collision time for squareA+squareP+4433+L at IoU 0.3: 4850.0
2025-07-27 02:11:28,719 - DEBUG - Loaded collision time for squareA+squareP+4433+L at IoU 0.35: 4900.0
2025-07-27 02:11:28,719 - DEBUG - Loaded collision time for squareA+squareP+4433+L at IoU 0.4: 4950.0
2025-07-27 02:11:28,720 - DEBUG - Loaded collision time for squareA+squareP+4433+L at IoU 0.45: 5000.0
2025-07-27 02:11:28,720 - DEBUG - Loaded collision time for squareA+squareP+4433+L at IoU 0.5: 5033.333333333333
2025-07-27 02:11:28,721 - DEBUG - Loaded collision time for squareA+squareP+4433+L at IoU 0.55: 5066.666666666666
2025-07-27 02:11:28,721 - DEBUG - Loaded collision time for squareA+squareP+4433+L at IoU 0.6: 5116.666666666666
2025-07-27 02:11:28,722 - DEBUG - Loaded collision time for squareA+squareP+4433+L at IoU 0.65: 5150.0
2025-07-27 02:11:28,723 - DEBUG - Loaded collision time for squareA+squareP+4433+L at IoU 0.7: 5200.0
2025-07-27 02:11:28,723 - DEBUG - Loaded collision time for squareA+squareP+4433+L at IoU 0.75: 5216.666666666667
2025-07-27 02:11:28,724 - DEBUG - Loaded collision time for squareA+squareP+4433+L at IoU 0.8: 5233.333333333333
2025-07-27 02:11:28,724 - DEBUG - Loaded collision time for squareA+squareP+4433+L at IoU 0.85: 5283.333333333333
2025-07-27 02:11:28,725 - DEBUG - Loaded collision time for squareA+squareP+4433+L at IoU 0.9: 5300.0
2025-07-27 02:11:28,726 - DEBUG - Loaded collision time for squareA+squareP+4433+L at IoU 0.95: 5316.666666666666
2025-07-27 02:11:28,726 - INFO - Processing video: squareA+squareP+4433+R_flipped
2025-07-27 02:11:28,727 - INFO - Video squareA+squareP+4433+R_flipped already processed (found segformer_model-squareA+squareP+4433+R_flipped.mp4), skipping video processing...
2025-07-27 02:11:28,731 - INFO - VanillaSegmentationSaver initialized with output dir: /home/projects/bagon/andreyg/Projects/Object_reps_neural/Programming/hugging_face/model_experiments/segformer/exp2TTC_segformer-b2-finetuned-ade-512-512/processed_videos/segformer_model-squareA+squareP+4433+R_flipped/org_segmentation
2025-07-27 02:11:28,735 - INFO - All collision results already exist for squareA+squareP+4433+R_flipped
2025-07-27 02:11:28,735 - DEBUG - Loaded collision time for squareA+squareP+4433+R_flipped at IoU 0.05: 4516.666666666667
2025-07-27 02:11:28,736 - DEBUG - Loaded collision time for squareA+squareP+4433+R_flipped at IoU 0.1: 4600.0
2025-07-27 02:11:28,736 - DEBUG - Loaded collision time for squareA+squareP+4433+R_flipped at IoU 0.15: 4700.0
2025-07-27 02:11:28,737 - DEBUG - Loaded collision time for squareA+squareP+4433+R_flipped at IoU 0.2: 4750.0
2025-07-27 02:11:28,737 - DEBUG - Loaded collision time for squareA+squareP+4433+R_flipped at IoU 0.25: 4850.0
2025-07-27 02:11:28,738 - DEBUG - Loaded collision time for squareA+squareP+4433+R_flipped at IoU 0.3: 4900.0
2025-07-27 02:11:28,738 - DEBUG - Loaded collision time for squareA+squareP+4433+R_flipped at IoU 0.35: 4916.666666666667
2025-07-27 02:11:28,739 - DEBUG - Loaded collision time for squareA+squareP+4433+R_flipped at IoU 0.4: 4966.666666666667
2025-07-27 02:11:28,739 - DEBUG - Loaded collision time for squareA+squareP+4433+R_flipped at IoU 0.45: 5033.333333333333
2025-07-27 02:11:28,740 - DEBUG - Loaded collision time for squareA+squareP+4433+R_flipped at IoU 0.5: 5083.333333333333
2025-07-27 02:11:28,741 - DEBUG - Loaded collision time for squareA+squareP+4433+R_flipped at IoU 0.55: 5116.666666666666
2025-07-27 02:11:28,741 - DEBUG - Loaded collision time for squareA+squareP+4433+R_flipped at IoU 0.6: 5150.0
2025-07-27 02:11:28,742 - DEBUG - Loaded collision time for squareA+squareP+4433+R_flipped at IoU 0.65: 5200.0
2025-07-27 02:11:28,742 - DEBUG - Loaded collision time for squareA+squareP+4433+R_flipped at IoU 0.7: 5233.333333333333
2025-07-27 02:11:28,743 - DEBUG - Loaded collision time for squareA+squareP+4433+R_flipped at IoU 0.75: 5266.666666666667
2025-07-27 02:11:28,743 - DEBUG - Loaded collision time for squareA+squareP+4433+R_flipped at IoU 0.8: 5283.333333333333
2025-07-27 02:11:28,744 - DEBUG - Loaded collision time for squareA+squareP+4433+R_flipped at IoU 0.85: nan
2025-07-27 02:11:28,744 - DEBUG - Loaded collision time for squareA+squareP+4433+R_flipped at IoU 0.9: nan
2025-07-27 02:11:28,745 - DEBUG - Loaded collision time for squareA+squareP+4433+R_flipped at IoU 0.95: nan
2025-07-27 02:11:28,746 - INFO - Collecting collision data from all videos for analysis...
2025-07-27 02:11:28,746 - DEBUG - Collected collision time for AConcave_FConcave at IoU 0.05: 3650.0
2025-07-27 02:11:28,746 - DEBUG - Collected collision time for AConcave_FConcave at IoU 0.1: 3650.0
2025-07-27 02:11:28,746 - DEBUG - Collected collision time for AConcave_FConcave at IoU 0.15: 3650.0
2025-07-27 02:11:28,747 - DEBUG - Collected collision time for AConcave_FConcave at IoU 0.2: 3650.0
2025-07-27 02:11:28,747 - DEBUG - Collected collision time for AConcave_FConcave at IoU 0.25: 3650.0
2025-07-27 02:11:28,747 - DEBUG - Collected collision time for AConcave_FConcave at IoU 0.3: 3650.0
2025-07-27 02:11:28,747 - DEBUG - Collected collision time for AConcave_FConcave at IoU 0.35: 3650.0
2025-07-27 02:11:28,747 - DEBUG - Collected collision time for AConcave_FConcave at IoU 0.4: 3650.0
2025-07-27 02:11:28,747 - DEBUG - Collected collision time for AConcave_FConcave at IoU 0.45: 3650.0
2025-07-27 02:11:28,748 - DEBUG - Collected collision time for AConcave_FConcave at IoU 0.5: 3650.0
2025-07-27 02:11:28,748 - DEBUG - Collected collision time for AConcave_FConcave at IoU 0.55: 3700.0
2025-07-27 02:11:28,748 - DEBUG - Collected collision time for AConcave_FConcave at IoU 0.6: 4216.666666666667
2025-07-27 02:11:28,748 - DEBUG - Collected collision time for AConcave_FConcave at IoU 0.65: 4233.333333333333
2025-07-27 02:11:28,749 - DEBUG - Collected collision time for AConcave_FConcave at IoU 0.7: nan
2025-07-27 02:11:28,749 - DEBUG - Collected collision time for AConcave_FConcave at IoU 0.75: nan
2025-07-27 02:11:28,749 - DEBUG - Collected collision time for AConcave_FConcave at IoU 0.8: nan
2025-07-27 02:11:28,749 - DEBUG - Collected collision time for AConcave_FConcave at IoU 0.85: nan
2025-07-27 02:11:28,749 - DEBUG - Collected collision time for AConcave_FConcave at IoU 0.9: nan
2025-07-27 02:11:28,750 - DEBUG - Collected collision time for AConcave_FConcave at IoU 0.95: nan
2025-07-27 02:11:28,750 - DEBUG - Collected collision time for BConcave+AConcave+3500 at IoU 0.05: 3733.3333333333335
2025-07-27 02:11:28,750 - DEBUG - Collected collision time for BConcave+AConcave+3500 at IoU 0.1: 3800.0
2025-07-27 02:11:28,750 - DEBUG - Collected collision time for BConcave+AConcave+3500 at IoU 0.15: 3866.6666666666665
2025-07-27 02:11:28,750 - DEBUG - Collected collision time for BConcave+AConcave+3500 at IoU 0.2: 3933.333333333333
2025-07-27 02:11:28,751 - DEBUG - Collected collision time for BConcave+AConcave+3500 at IoU 0.25: 3983.3333333333335
2025-07-27 02:11:28,751 - DEBUG - Collected collision time for BConcave+AConcave+3500 at IoU 0.3: 4033.333333333333
2025-07-27 02:11:28,751 - DEBUG - Collected collision time for BConcave+AConcave+3500 at IoU 0.35: nan
2025-07-27 02:11:28,751 - DEBUG - Collected collision time for BConcave+AConcave+3500 at IoU 0.4: nan
2025-07-27 02:11:28,751 - DEBUG - Collected collision time for BConcave+AConcave+3500 at IoU 0.45: nan
2025-07-27 02:11:28,752 - DEBUG - Collected collision time for BConcave+AConcave+3500 at IoU 0.5: nan
2025-07-27 02:11:28,752 - DEBUG - Collected collision time for BConcave+AConcave+3500 at IoU 0.55: nan
2025-07-27 02:11:28,752 - DEBUG - Collected collision time for BConcave+AConcave+3500 at IoU 0.6: nan
2025-07-27 02:11:28,752 - DEBUG - Collected collision time for BConcave+AConcave+3500 at IoU 0.65: nan
2025-07-27 02:11:28,753 - DEBUG - Collected collision time for BConcave+AConcave+3500 at IoU 0.7: nan
2025-07-27 02:11:28,753 - DEBUG - Collected collision time for BConcave+AConcave+3500 at IoU 0.75: nan
2025-07-27 02:11:28,753 - DEBUG - Collected collision time for BConcave+AConcave+3500 at IoU 0.8: nan
2025-07-27 02:11:28,753 - DEBUG - Collected collision time for BConcave+AConcave+3500 at IoU 0.85: nan
2025-07-27 02:11:28,753 - DEBUG - Collected collision time for BConcave+AConcave+3500 at IoU 0.9: nan
2025-07-27 02:11:28,754 - DEBUG - Collected collision time for BConcave+AConcave+3500 at IoU 0.95: nan
2025-07-27 02:11:28,754 - DEBUG - Collected collision time for BConcave+AConcave+3700_flipped at IoU 0.05: 3850.0
2025-07-27 02:11:28,754 - DEBUG - Collected collision time for BConcave+AConcave+3700_flipped at IoU 0.1: 3983.3333333333335
2025-07-27 02:11:28,754 - DEBUG - Collected collision time for BConcave+AConcave+3700_flipped at IoU 0.15: 4050.0
2025-07-27 02:11:28,755 - DEBUG - Collected collision time for BConcave+AConcave+3700_flipped at IoU 0.2: 4233.333333333333
2025-07-27 02:11:28,755 - DEBUG - Collected collision time for BConcave+AConcave+3700_flipped at IoU 0.25: 4300.0
2025-07-27 02:11:28,755 - DEBUG - Collected collision time for BConcave+AConcave+3700_flipped at IoU 0.3: nan
2025-07-27 02:11:28,755 - DEBUG - Collected collision time for BConcave+AConcave+3700_flipped at IoU 0.35: nan
2025-07-27 02:11:28,755 - DEBUG - Collected collision time for BConcave+AConcave+3700_flipped at IoU 0.4: nan
2025-07-27 02:11:28,756 - DEBUG - Collected collision time for BConcave+AConcave+3700_flipped at IoU 0.45: nan
2025-07-27 02:11:28,756 - DEBUG - Collected collision time for BConcave+AConcave+3700_flipped at IoU 0.5: nan
2025-07-27 02:11:28,756 - DEBUG - Collected collision time for BConcave+AConcave+3700_flipped at IoU 0.55: nan
2025-07-27 02:11:28,756 - DEBUG - Collected collision time for BConcave+AConcave+3700_flipped at IoU 0.6: nan
2025-07-27 02:11:28,757 - DEBUG - Collected collision time for BConcave+AConcave+3700_flipped at IoU 0.65: nan
2025-07-27 02:11:28,757 - DEBUG - Collected collision time for BConcave+AConcave+3700_flipped at IoU 0.7: nan
2025-07-27 02:11:28,757 - DEBUG - Collected collision time for BConcave+AConcave+3700_flipped at IoU 0.75: nan
2025-07-27 02:11:28,757 - DEBUG - Collected collision time for BConcave+AConcave+3700_flipped at IoU 0.8: nan
2025-07-27 02:11:28,758 - DEBUG - Collected collision time for BConcave+AConcave+3700_flipped at IoU 0.85: nan
2025-07-27 02:11:28,758 - DEBUG - Collected collision time for BConcave+AConcave+3700_flipped at IoU 0.9: nan
2025-07-27 02:11:28,758 - DEBUG - Collected collision time for BConcave+AConcave+3700_flipped at IoU 0.95: nan
2025-07-27 02:11:28,758 - DEBUG - Collected collision time for BConcave+AConcave+3900 at IoU 0.05: 4166.666666666667
2025-07-27 02:11:28,758 - DEBUG - Collected collision time for BConcave+AConcave+3900 at IoU 0.1: 4216.666666666667
2025-07-27 02:11:28,759 - DEBUG - Collected collision time for BConcave+AConcave+3900 at IoU 0.15: 4283.333333333333
2025-07-27 02:11:28,759 - DEBUG - Collected collision time for BConcave+AConcave+3900 at IoU 0.2: 4383.333333333334
2025-07-27 02:11:28,759 - DEBUG - Collected collision time for BConcave+AConcave+3900 at IoU 0.25: nan
2025-07-27 02:11:28,759 - DEBUG - Collected collision time for BConcave+AConcave+3900 at IoU 0.3: nan
2025-07-27 02:11:28,759 - DEBUG - Collected collision time for BConcave+AConcave+3900 at IoU 0.35: nan
2025-07-27 02:11:28,760 - DEBUG - Collected collision time for BConcave+AConcave+3900 at IoU 0.4: nan
2025-07-27 02:11:28,760 - DEBUG - Collected collision time for BConcave+AConcave+3900 at IoU 0.45: nan
2025-07-27 02:11:28,760 - DEBUG - Collected collision time for BConcave+AConcave+3900 at IoU 0.5: nan
2025-07-27 02:11:28,760 - DEBUG - Collected collision time for BConcave+AConcave+3900 at IoU 0.55: nan
2025-07-27 02:11:28,761 - DEBUG - Collected collision time for BConcave+AConcave+3900 at IoU 0.6: nan
2025-07-27 02:11:28,761 - DEBUG - Collected collision time for BConcave+AConcave+3900 at IoU 0.65: nan
2025-07-27 02:11:28,761 - DEBUG - Collected collision time for BConcave+AConcave+3900 at IoU 0.7: nan
2025-07-27 02:11:28,761 - DEBUG - Collected collision time for BConcave+AConcave+3900 at IoU 0.75: nan
2025-07-27 02:11:28,761 - DEBUG - Collected collision time for BConcave+AConcave+3900 at IoU 0.8: nan
2025-07-27 02:11:28,761 - DEBUG - Collected collision time for BConcave+AConcave+3900 at IoU 0.85: nan
2025-07-27 02:11:28,762 - DEBUG - Collected collision time for BConcave+AConcave+3900 at IoU 0.9: nan
2025-07-27 02:11:28,762 - DEBUG - Collected collision time for BConcave+AConcave+3900 at IoU 0.95: nan
2025-07-27 02:11:28,762 - DEBUG - Collected collision time for BConcave+AConcave+4100_flipped at IoU 0.05: 4350.0
2025-07-27 02:11:28,762 - DEBUG - Collected collision time for BConcave+AConcave+4100_flipped at IoU 0.1: 4416.666666666667
2025-07-27 02:11:28,763 - DEBUG - Collected collision time for BConcave+AConcave+4100_flipped at IoU 0.15: 4483.333333333333
2025-07-27 02:11:28,763 - DEBUG - Collected collision time for BConcave+AConcave+4100_flipped at IoU 0.2: 4550.0
2025-07-27 02:11:28,763 - DEBUG - Collected collision time for BConcave+AConcave+4100_flipped at IoU 0.25: 4600.0
2025-07-27 02:11:28,763 - DEBUG - Collected collision time for BConcave+AConcave+4100_flipped at IoU 0.3: 4650.0
2025-07-27 02:11:28,763 - DEBUG - Collected collision time for BConcave+AConcave+4100_flipped at IoU 0.35: nan
2025-07-27 02:11:28,764 - DEBUG - Collected collision time for BConcave+AConcave+4100_flipped at IoU 0.4: nan
2025-07-27 02:11:28,764 - DEBUG - Collected collision time for BConcave+AConcave+4100_flipped at IoU 0.45: nan
2025-07-27 02:11:28,764 - DEBUG - Collected collision time for BConcave+AConcave+4100_flipped at IoU 0.5: nan
2025-07-27 02:11:28,764 - DEBUG - Collected collision time for BConcave+AConcave+4100_flipped at IoU 0.55: nan
2025-07-27 02:11:28,765 - DEBUG - Collected collision time for BConcave+AConcave+4100_flipped at IoU 0.6: nan
2025-07-27 02:11:28,765 - DEBUG - Collected collision time for BConcave+AConcave+4100_flipped at IoU 0.65: nan
2025-07-27 02:11:28,765 - DEBUG - Collected collision time for BConcave+AConcave+4100_flipped at IoU 0.7: nan
2025-07-27 02:11:28,765 - DEBUG - Collected collision time for BConcave+AConcave+4100_flipped at IoU 0.75: nan
2025-07-27 02:11:28,765 - DEBUG - Collected collision time for BConcave+AConcave+4100_flipped at IoU 0.8: nan
2025-07-27 02:11:28,766 - DEBUG - Collected collision time for BConcave+AConcave+4100_flipped at IoU 0.85: nan
2025-07-27 02:11:28,766 - DEBUG - Collected collision time for BConcave+AConcave+4100_flipped at IoU 0.9: nan
2025-07-27 02:11:28,766 - DEBUG - Collected collision time for BConcave+AConcave+4100_flipped at IoU 0.95: nan
2025-07-27 02:11:28,766 - DEBUG - Collected collision time for BConcave+AConcave+4300 at IoU 0.05: 4516.666666666667
2025-07-27 02:11:28,766 - DEBUG - Collected collision time for BConcave+AConcave+4300 at IoU 0.1: 4600.0
2025-07-27 02:11:28,767 - DEBUG - Collected collision time for BConcave+AConcave+4300 at IoU 0.15: 4666.666666666667
2025-07-27 02:11:28,767 - DEBUG - Collected collision time for BConcave+AConcave+4300 at IoU 0.2: 4733.333333333333
2025-07-27 02:11:28,767 - DEBUG - Collected collision time for BConcave+AConcave+4300 at IoU 0.25: 4783.333333333333
2025-07-27 02:11:28,767 - DEBUG - Collected collision time for BConcave+AConcave+4300 at IoU 0.3: 4833.333333333333
2025-07-27 02:11:28,767 - DEBUG - Collected collision time for BConcave+AConcave+4300 at IoU 0.35: nan
2025-07-27 02:11:28,768 - DEBUG - Collected collision time for BConcave+AConcave+4300 at IoU 0.4: nan
2025-07-27 02:11:28,768 - DEBUG - Collected collision time for BConcave+AConcave+4300 at IoU 0.45: nan
2025-07-27 02:11:28,768 - DEBUG - Collected collision time for BConcave+AConcave+4300 at IoU 0.5: nan
2025-07-27 02:11:28,768 - DEBUG - Collected collision time for BConcave+AConcave+4300 at IoU 0.55: nan
2025-07-27 02:11:28,768 - DEBUG - Collected collision time for BConcave+AConcave+4300 at IoU 0.6: nan
2025-07-27 02:11:28,769 - DEBUG - Collected collision time for BConcave+AConcave+4300 at IoU 0.65: nan
2025-07-27 02:11:28,769 - DEBUG - Collected collision time for BConcave+AConcave+4300 at IoU 0.7: nan
2025-07-27 02:11:28,769 - DEBUG - Collected collision time for BConcave+AConcave+4300 at IoU 0.75: nan
2025-07-27 02:11:28,769 - DEBUG - Collected collision time for BConcave+AConcave+4300 at IoU 0.8: nan
2025-07-27 02:11:28,769 - DEBUG - Collected collision time for BConcave+AConcave+4300 at IoU 0.85: nan
2025-07-27 02:11:28,770 - DEBUG - Collected collision time for BConcave+AConcave+4300 at IoU 0.9: nan
2025-07-27 02:11:28,770 - DEBUG - Collected collision time for BConcave+AConcave+4300 at IoU 0.95: nan
2025-07-27 02:11:28,770 - DEBUG - Collected collision time for BConcave+AConcave+4500_flipped at IoU 0.05: 4766.666666666667
2025-07-27 02:11:28,770 - DEBUG - Collected collision time for BConcave+AConcave+4500_flipped at IoU 0.1: 4833.333333333333
2025-07-27 02:11:28,771 - DEBUG - Collected collision time for BConcave+AConcave+4500_flipped at IoU 0.15: 4883.333333333334
2025-07-27 02:11:28,771 - DEBUG - Collected collision time for BConcave+AConcave+4500_flipped at IoU 0.2: 4950.0
2025-07-27 02:11:28,771 - DEBUG - Collected collision time for BConcave+AConcave+4500_flipped at IoU 0.25: 5000.0
2025-07-27 02:11:28,771 - DEBUG - Collected collision time for BConcave+AConcave+4500_flipped at IoU 0.3: 5083.333333333333
2025-07-27 02:11:28,771 - DEBUG - Collected collision time for BConcave+AConcave+4500_flipped at IoU 0.35: nan
2025-07-27 02:11:28,772 - DEBUG - Collected collision time for BConcave+AConcave+4500_flipped at IoU 0.4: nan
2025-07-27 02:11:28,772 - DEBUG - Collected collision time for BConcave+AConcave+4500_flipped at IoU 0.45: nan
2025-07-27 02:11:28,772 - DEBUG - Collected collision time for BConcave+AConcave+4500_flipped at IoU 0.5: nan
2025-07-27 02:11:28,772 - DEBUG - Collected collision time for BConcave+AConcave+4500_flipped at IoU 0.55: nan
2025-07-27 02:11:28,772 - DEBUG - Collected collision time for BConcave+AConcave+4500_flipped at IoU 0.6: nan
2025-07-27 02:11:28,773 - DEBUG - Collected collision time for BConcave+AConcave+4500_flipped at IoU 0.65: nan
2025-07-27 02:11:28,773 - DEBUG - Collected collision time for BConcave+AConcave+4500_flipped at IoU 0.7: nan
2025-07-27 02:11:28,773 - DEBUG - Collected collision time for BConcave+AConcave+4500_flipped at IoU 0.75: nan
2025-07-27 02:11:28,773 - DEBUG - Collected collision time for BConcave+AConcave+4500_flipped at IoU 0.8: nan
2025-07-27 02:11:28,773 - DEBUG - Collected collision time for BConcave+AConcave+4500_flipped at IoU 0.85: nan
2025-07-27 02:11:28,774 - DEBUG - Collected collision time for BConcave+AConcave+4500_flipped at IoU 0.9: nan
2025-07-27 02:11:28,774 - DEBUG - Collected collision time for BConcave+AConcave+4500_flipped at IoU 0.95: nan
2025-07-27 02:11:28,774 - DEBUG - Collected collision time for BConcave+AConvex+3500_flipped at IoU 0.05: 3900.0
2025-07-27 02:11:28,774 - DEBUG - Collected collision time for BConcave+AConvex+3500_flipped at IoU 0.1: 4066.6666666666665
2025-07-27 02:11:28,774 - DEBUG - Collected collision time for BConcave+AConvex+3500_flipped at IoU 0.15: 4216.666666666667
2025-07-27 02:11:28,775 - DEBUG - Collected collision time for BConcave+AConvex+3500_flipped at IoU 0.2: nan
2025-07-27 02:11:28,775 - DEBUG - Collected collision time for BConcave+AConvex+3500_flipped at IoU 0.25: nan
2025-07-27 02:11:28,775 - DEBUG - Collected collision time for BConcave+AConvex+3500_flipped at IoU 0.3: nan
2025-07-27 02:11:28,775 - DEBUG - Collected collision time for BConcave+AConvex+3500_flipped at IoU 0.35: nan
2025-07-27 02:11:28,775 - DEBUG - Collected collision time for BConcave+AConvex+3500_flipped at IoU 0.4: nan
2025-07-27 02:11:28,775 - DEBUG - Collected collision time for BConcave+AConvex+3500_flipped at IoU 0.45: nan
2025-07-27 02:11:28,776 - DEBUG - Collected collision time for BConcave+AConvex+3500_flipped at IoU 0.5: nan
2025-07-27 02:11:28,776 - DEBUG - Collected collision time for BConcave+AConvex+3500_flipped at IoU 0.55: nan
2025-07-27 02:11:28,776 - DEBUG - Collected collision time for BConcave+AConvex+3500_flipped at IoU 0.6: nan
2025-07-27 02:11:28,776 - DEBUG - Collected collision time for BConcave+AConvex+3500_flipped at IoU 0.65: nan
2025-07-27 02:11:28,777 - DEBUG - Collected collision time for BConcave+AConvex+3500_flipped at IoU 0.7: nan
2025-07-27 02:11:28,777 - DEBUG - Collected collision time for BConcave+AConvex+3500_flipped at IoU 0.75: nan
2025-07-27 02:11:28,777 - DEBUG - Collected collision time for BConcave+AConvex+3500_flipped at IoU 0.8: nan
2025-07-27 02:11:28,777 - DEBUG - Collected collision time for BConcave+AConvex+3500_flipped at IoU 0.85: nan
2025-07-27 02:11:28,777 - DEBUG - Collected collision time for BConcave+AConvex+3500_flipped at IoU 0.9: nan
2025-07-27 02:11:28,778 - DEBUG - Collected collision time for BConcave+AConvex+3500_flipped at IoU 0.95: nan
2025-07-27 02:11:28,778 - DEBUG - Collected collision time for BConcave+AConvex+3700 at IoU 0.05: 4250.0
2025-07-27 02:11:28,778 - DEBUG - Collected collision time for BConcave+AConvex+3700 at IoU 0.1: 4633.333333333334
2025-07-27 02:11:28,778 - DEBUG - Collected collision time for BConcave+AConvex+3700 at IoU 0.15: nan
2025-07-27 02:11:28,778 - DEBUG - Collected collision time for BConcave+AConvex+3700 at IoU 0.2: nan
2025-07-27 02:11:28,778 - DEBUG - Collected collision time for BConcave+AConvex+3700 at IoU 0.25: nan
2025-07-27 02:11:28,779 - DEBUG - Collected collision time for BConcave+AConvex+3700 at IoU 0.3: nan
2025-07-27 02:11:28,779 - DEBUG - Collected collision time for BConcave+AConvex+3700 at IoU 0.35: nan
2025-07-27 02:11:28,779 - DEBUG - Collected collision time for BConcave+AConvex+3700 at IoU 0.4: nan
2025-07-27 02:11:28,779 - DEBUG - Collected collision time for BConcave+AConvex+3700 at IoU 0.45: nan
2025-07-27 02:11:28,780 - DEBUG - Collected collision time for BConcave+AConvex+3700 at IoU 0.5: nan
2025-07-27 02:11:28,780 - DEBUG - Collected collision time for BConcave+AConvex+3700 at IoU 0.55: nan
2025-07-27 02:11:28,780 - DEBUG - Collected collision time for BConcave+AConvex+3700 at IoU 0.6: nan
2025-07-27 02:11:28,780 - DEBUG - Collected collision time for BConcave+AConvex+3700 at IoU 0.65: nan
2025-07-27 02:11:28,780 - DEBUG - Collected collision time for BConcave+AConvex+3700 at IoU 0.7: nan
2025-07-27 02:11:28,780 - DEBUG - Collected collision time for BConcave+AConvex+3700 at IoU 0.75: nan
2025-07-27 02:11:28,781 - DEBUG - Collected collision time for BConcave+AConvex+3700 at IoU 0.8: nan
2025-07-27 02:11:28,781 - DEBUG - Collected collision time for BConcave+AConvex+3700 at IoU 0.85: nan
2025-07-27 02:11:28,781 - DEBUG - Collected collision time for BConcave+AConvex+3700 at IoU 0.9: nan
2025-07-27 02:11:28,781 - DEBUG - Collected collision time for BConcave+AConvex+3700 at IoU 0.95: nan
2025-07-27 02:11:28,782 - DEBUG - Collected collision time for BConcave+AConvex+3900_flipped at IoU 0.05: nan
2025-07-27 02:11:28,782 - DEBUG - Collected collision time for BConcave+AConvex+3900_flipped at IoU 0.1: nan
2025-07-27 02:11:28,782 - DEBUG - Collected collision time for BConcave+AConvex+3900_flipped at IoU 0.15: nan
2025-07-27 02:11:28,782 - DEBUG - Collected collision time for BConcave+AConvex+3900_flipped at IoU 0.2: nan
2025-07-27 02:11:28,782 - DEBUG - Collected collision time for BConcave+AConvex+3900_flipped at IoU 0.25: nan
2025-07-27 02:11:28,782 - DEBUG - Collected collision time for BConcave+AConvex+3900_flipped at IoU 0.3: nan
2025-07-27 02:11:28,783 - DEBUG - Collected collision time for BConcave+AConvex+3900_flipped at IoU 0.35: nan
2025-07-27 02:11:28,783 - DEBUG - Collected collision time for BConcave+AConvex+3900_flipped at IoU 0.4: nan
2025-07-27 02:11:28,783 - DEBUG - Collected collision time for BConcave+AConvex+3900_flipped at IoU 0.45: nan
2025-07-27 02:11:28,783 - DEBUG - Collected collision time for BConcave+AConvex+3900_flipped at IoU 0.5: nan
2025-07-27 02:11:28,783 - DEBUG - Collected collision time for BConcave+AConvex+3900_flipped at IoU 0.55: nan
2025-07-27 02:11:28,783 - DEBUG - Collected collision time for BConcave+AConvex+3900_flipped at IoU 0.6: nan
2025-07-27 02:11:28,784 - DEBUG - Collected collision time for BConcave+AConvex+3900_flipped at IoU 0.65: nan
2025-07-27 02:11:28,784 - DEBUG - Collected collision time for BConcave+AConvex+3900_flipped at IoU 0.7: nan
2025-07-27 02:11:28,784 - DEBUG - Collected collision time for BConcave+AConvex+3900_flipped at IoU 0.75: nan
2025-07-27 02:11:28,784 - DEBUG - Collected collision time for BConcave+AConvex+3900_flipped at IoU 0.8: nan
2025-07-27 02:11:28,784 - DEBUG - Collected collision time for BConcave+AConvex+3900_flipped at IoU 0.85: nan
2025-07-27 02:11:28,785 - DEBUG - Collected collision time for BConcave+AConvex+3900_flipped at IoU 0.9: nan
2025-07-27 02:11:28,785 - DEBUG - Collected collision time for BConcave+AConvex+3900_flipped at IoU 0.95: nan
2025-07-27 02:11:28,785 - DEBUG - Collected collision time for BConcave+AConvex+4100 at IoU 0.05: 4516.666666666667
2025-07-27 02:11:28,785 - DEBUG - Collected collision time for BConcave+AConvex+4100 at IoU 0.1: 4650.0
2025-07-27 02:11:28,785 - DEBUG - Collected collision time for BConcave+AConvex+4100 at IoU 0.15: 4783.333333333333
2025-07-27 02:11:28,786 - DEBUG - Collected collision time for BConcave+AConvex+4100 at IoU 0.2: 5050.0
2025-07-27 02:11:28,786 - DEBUG - Collected collision time for BConcave+AConvex+4100 at IoU 0.25: nan
2025-07-27 02:11:28,786 - DEBUG - Collected collision time for BConcave+AConvex+4100 at IoU 0.3: nan
2025-07-27 02:11:28,786 - DEBUG - Collected collision time for BConcave+AConvex+4100 at IoU 0.35: nan
2025-07-27 02:11:28,786 - DEBUG - Collected collision time for BConcave+AConvex+4100 at IoU 0.4: nan
2025-07-27 02:11:28,787 - DEBUG - Collected collision time for BConcave+AConvex+4100 at IoU 0.45: nan
2025-07-27 02:11:28,787 - DEBUG - Collected collision time for BConcave+AConvex+4100 at IoU 0.5: nan
2025-07-27 02:11:28,787 - DEBUG - Collected collision time for BConcave+AConvex+4100 at IoU 0.55: nan
2025-07-27 02:11:28,787 - DEBUG - Collected collision time for BConcave+AConvex+4100 at IoU 0.6: nan
2025-07-27 02:11:28,788 - DEBUG - Collected collision time for BConcave+AConvex+4100 at IoU 0.65: nan
2025-07-27 02:11:28,788 - DEBUG - Collected collision time for BConcave+AConvex+4100 at IoU 0.7: nan
2025-07-27 02:11:28,788 - DEBUG - Collected collision time for BConcave+AConvex+4100 at IoU 0.75: nan
2025-07-27 02:11:28,788 - DEBUG - Collected collision time for BConcave+AConvex+4100 at IoU 0.8: nan
2025-07-27 02:11:28,788 - DEBUG - Collected collision time for BConcave+AConvex+4100 at IoU 0.85: nan
2025-07-27 02:11:28,789 - DEBUG - Collected collision time for BConcave+AConvex+4100 at IoU 0.9: nan
2025-07-27 02:11:28,789 - DEBUG - Collected collision time for BConcave+AConvex+4100 at IoU 0.95: nan
2025-07-27 02:11:28,789 - DEBUG - Collected collision time for BConcave+AConvex+4300_flipped at IoU 0.05: 4750.0
2025-07-27 02:11:28,789 - DEBUG - Collected collision time for BConcave+AConvex+4300_flipped at IoU 0.1: 4900.0
2025-07-27 02:11:28,789 - DEBUG - Collected collision time for BConcave+AConvex+4300_flipped at IoU 0.15: 5000.0
2025-07-27 02:11:28,790 - DEBUG - Collected collision time for BConcave+AConvex+4300_flipped at IoU 0.2: 5383.333333333334
2025-07-27 02:11:28,790 - DEBUG - Collected collision time for BConcave+AConvex+4300_flipped at IoU 0.25: nan
2025-07-27 02:11:28,790 - DEBUG - Collected collision time for BConcave+AConvex+4300_flipped at IoU 0.3: nan
2025-07-27 02:11:28,790 - DEBUG - Collected collision time for BConcave+AConvex+4300_flipped at IoU 0.35: nan
2025-07-27 02:11:28,790 - DEBUG - Collected collision time for BConcave+AConvex+4300_flipped at IoU 0.4: nan
2025-07-27 02:11:28,791 - DEBUG - Collected collision time for BConcave+AConvex+4300_flipped at IoU 0.45: nan
2025-07-27 02:11:28,791 - DEBUG - Collected collision time for BConcave+AConvex+4300_flipped at IoU 0.5: nan
2025-07-27 02:11:28,791 - DEBUG - Collected collision time for BConcave+AConvex+4300_flipped at IoU 0.55: nan
2025-07-27 02:11:28,791 - DEBUG - Collected collision time for BConcave+AConvex+4300_flipped at IoU 0.6: nan
2025-07-27 02:11:28,791 - DEBUG - Collected collision time for BConcave+AConvex+4300_flipped at IoU 0.65: nan
2025-07-27 02:11:28,792 - DEBUG - Collected collision time for BConcave+AConvex+4300_flipped at IoU 0.7: nan
2025-07-27 02:11:28,792 - DEBUG - Collected collision time for BConcave+AConvex+4300_flipped at IoU 0.75: nan
2025-07-27 02:11:28,792 - DEBUG - Collected collision time for BConcave+AConvex+4300_flipped at IoU 0.8: nan
2025-07-27 02:11:28,792 - DEBUG - Collected collision time for BConcave+AConvex+4300_flipped at IoU 0.85: nan
2025-07-27 02:11:28,792 - DEBUG - Collected collision time for BConcave+AConvex+4300_flipped at IoU 0.9: nan
2025-07-27 02:11:28,792 - DEBUG - Collected collision time for BConcave+AConvex+4300_flipped at IoU 0.95: nan
2025-07-27 02:11:28,793 - DEBUG - Collected collision time for BConcave+AConvex+4500 at IoU 0.05: 4900.0
2025-07-27 02:11:28,793 - DEBUG - Collected collision time for BConcave+AConvex+4500 at IoU 0.1: 5050.0
2025-07-27 02:11:28,793 - DEBUG - Collected collision time for BConcave+AConvex+4500 at IoU 0.15: 5200.0
2025-07-27 02:11:28,793 - DEBUG - Collected collision time for BConcave+AConvex+4500 at IoU 0.2: nan
2025-07-27 02:11:28,793 - DEBUG - Collected collision time for BConcave+AConvex+4500 at IoU 0.25: nan
2025-07-27 02:11:28,794 - DEBUG - Collected collision time for BConcave+AConvex+4500 at IoU 0.3: nan
2025-07-27 02:11:28,794 - DEBUG - Collected collision time for BConcave+AConvex+4500 at IoU 0.35: nan
2025-07-27 02:11:28,794 - DEBUG - Collected collision time for BConcave+AConvex+4500 at IoU 0.4: nan
2025-07-27 02:11:28,794 - DEBUG - Collected collision time for BConcave+AConvex+4500 at IoU 0.45: nan
2025-07-27 02:11:28,794 - DEBUG - Collected collision time for BConcave+AConvex+4500 at IoU 0.5: nan
2025-07-27 02:11:28,795 - DEBUG - Collected collision time for BConcave+AConvex+4500 at IoU 0.55: nan
2025-07-27 02:11:28,795 - DEBUG - Collected collision time for BConcave+AConvex+4500 at IoU 0.6: nan
2025-07-27 02:11:28,795 - DEBUG - Collected collision time for BConcave+AConvex+4500 at IoU 0.65: nan
2025-07-27 02:11:28,795 - DEBUG - Collected collision time for BConcave+AConvex+4500 at IoU 0.7: nan
2025-07-27 02:11:28,795 - DEBUG - Collected collision time for BConcave+AConvex+4500 at IoU 0.75: nan
2025-07-27 02:11:28,796 - DEBUG - Collected collision time for BConcave+AConvex+4500 at IoU 0.8: nan
2025-07-27 02:11:28,796 - DEBUG - Collected collision time for BConcave+AConvex+4500 at IoU 0.85: nan
2025-07-27 02:11:28,796 - DEBUG - Collected collision time for BConcave+AConvex+4500 at IoU 0.9: nan
2025-07-27 02:11:28,796 - DEBUG - Collected collision time for BConcave+AConvex+4500 at IoU 0.95: nan
2025-07-27 02:11:28,796 - DEBUG - Collected collision time for BConcave+BConcavePatient+3500 at IoU 0.05: nan
2025-07-27 02:11:28,797 - DEBUG - Collected collision time for BConcave+BConcavePatient+3500 at IoU 0.1: nan
2025-07-27 02:11:28,797 - DEBUG - Collected collision time for BConcave+BConcavePatient+3500 at IoU 0.15: nan
2025-07-27 02:11:28,797 - DEBUG - Collected collision time for BConcave+BConcavePatient+3500 at IoU 0.2: nan
2025-07-27 02:11:28,797 - DEBUG - Collected collision time for BConcave+BConcavePatient+3500 at IoU 0.25: nan
2025-07-27 02:11:28,798 - DEBUG - Collected collision time for BConcave+BConcavePatient+3500 at IoU 0.3: nan
2025-07-27 02:11:28,798 - DEBUG - Collected collision time for BConcave+BConcavePatient+3500 at IoU 0.35: nan
2025-07-27 02:11:28,798 - DEBUG - Collected collision time for BConcave+BConcavePatient+3500 at IoU 0.4: nan
2025-07-27 02:11:28,798 - DEBUG - Collected collision time for BConcave+BConcavePatient+3500 at IoU 0.45: nan
2025-07-27 02:11:28,798 - DEBUG - Collected collision time for BConcave+BConcavePatient+3500 at IoU 0.5: nan
2025-07-27 02:11:28,799 - DEBUG - Collected collision time for BConcave+BConcavePatient+3500 at IoU 0.55: nan
2025-07-27 02:11:28,799 - DEBUG - Collected collision time for BConcave+BConcavePatient+3500 at IoU 0.6: nan
2025-07-27 02:11:28,799 - DEBUG - Collected collision time for BConcave+BConcavePatient+3500 at IoU 0.65: nan
2025-07-27 02:11:28,799 - DEBUG - Collected collision time for BConcave+BConcavePatient+3500 at IoU 0.7: nan
2025-07-27 02:11:28,799 - DEBUG - Collected collision time for BConcave+BConcavePatient+3500 at IoU 0.75: nan
2025-07-27 02:11:28,800 - DEBUG - Collected collision time for BConcave+BConcavePatient+3500 at IoU 0.8: nan
2025-07-27 02:11:28,800 - DEBUG - Collected collision time for BConcave+BConcavePatient+3500 at IoU 0.85: nan
2025-07-27 02:11:28,800 - DEBUG - Collected collision time for BConcave+BConcavePatient+3500 at IoU 0.9: nan
2025-07-27 02:11:28,800 - DEBUG - Collected collision time for BConcave+BConcavePatient+3500 at IoU 0.95: nan
2025-07-27 02:11:28,800 - DEBUG - Collected collision time for BConcave+BConcavePatient+3700_flipped at IoU 0.05: nan
2025-07-27 02:11:28,801 - DEBUG - Collected collision time for BConcave+BConcavePatient+3700_flipped at IoU 0.1: nan
2025-07-27 02:11:28,801 - DEBUG - Collected collision time for BConcave+BConcavePatient+3700_flipped at IoU 0.15: nan
2025-07-27 02:11:28,801 - DEBUG - Collected collision time for BConcave+BConcavePatient+3700_flipped at IoU 0.2: nan
2025-07-27 02:11:28,801 - DEBUG - Collected collision time for BConcave+BConcavePatient+3700_flipped at IoU 0.25: nan
2025-07-27 02:11:28,801 - DEBUG - Collected collision time for BConcave+BConcavePatient+3700_flipped at IoU 0.3: nan
2025-07-27 02:11:28,802 - DEBUG - Collected collision time for BConcave+BConcavePatient+3700_flipped at IoU 0.35: nan
2025-07-27 02:11:28,802 - DEBUG - Collected collision time for BConcave+BConcavePatient+3700_flipped at IoU 0.4: nan
2025-07-27 02:11:28,802 - DEBUG - Collected collision time for BConcave+BConcavePatient+3700_flipped at IoU 0.45: nan
2025-07-27 02:11:28,802 - DEBUG - Collected collision time for BConcave+BConcavePatient+3700_flipped at IoU 0.5: nan
2025-07-27 02:11:28,802 - DEBUG - Collected collision time for BConcave+BConcavePatient+3700_flipped at IoU 0.55: nan
2025-07-27 02:11:28,803 - DEBUG - Collected collision time for BConcave+BConcavePatient+3700_flipped at IoU 0.6: nan
2025-07-27 02:11:28,803 - DEBUG - Collected collision time for BConcave+BConcavePatient+3700_flipped at IoU 0.65: nan
2025-07-27 02:11:28,803 - DEBUG - Collected collision time for BConcave+BConcavePatient+3700_flipped at IoU 0.7: nan
2025-07-27 02:11:28,803 - DEBUG - Collected collision time for BConcave+BConcavePatient+3700_flipped at IoU 0.75: nan
2025-07-27 02:11:28,804 - DEBUG - Collected collision time for BConcave+BConcavePatient+3700_flipped at IoU 0.8: nan
2025-07-27 02:11:28,804 - DEBUG - Collected collision time for BConcave+BConcavePatient+3700_flipped at IoU 0.85: nan
2025-07-27 02:11:28,804 - DEBUG - Collected collision time for BConcave+BConcavePatient+3700_flipped at IoU 0.9: nan
2025-07-27 02:11:28,804 - DEBUG - Collected collision time for BConcave+BConcavePatient+3700_flipped at IoU 0.95: nan
2025-07-27 02:11:28,804 - DEBUG - Collected collision time for BConcave+BConcavePatient+3900 at IoU 0.05: 4083.333333333333
2025-07-27 02:11:28,805 - DEBUG - Collected collision time for BConcave+BConcavePatient+3900 at IoU 0.1: 4166.666666666667
2025-07-27 02:11:28,805 - DEBUG - Collected collision time for BConcave+BConcavePatient+3900 at IoU 0.15: 4250.0
2025-07-27 02:11:28,805 - DEBUG - Collected collision time for BConcave+BConcavePatient+3900 at IoU 0.2: 4333.333333333333
2025-07-27 02:11:28,805 - DEBUG - Collected collision time for BConcave+BConcavePatient+3900 at IoU 0.25: nan
2025-07-27 02:11:28,805 - DEBUG - Collected collision time for BConcave+BConcavePatient+3900 at IoU 0.3: nan
2025-07-27 02:11:28,806 - DEBUG - Collected collision time for BConcave+BConcavePatient+3900 at IoU 0.35: nan
2025-07-27 02:11:28,806 - DEBUG - Collected collision time for BConcave+BConcavePatient+3900 at IoU 0.4: nan
2025-07-27 02:11:28,806 - DEBUG - Collected collision time for BConcave+BConcavePatient+3900 at IoU 0.45: nan
2025-07-27 02:11:28,806 - DEBUG - Collected collision time for BConcave+BConcavePatient+3900 at IoU 0.5: nan
2025-07-27 02:11:28,806 - DEBUG - Collected collision time for BConcave+BConcavePatient+3900 at IoU 0.55: nan
2025-07-27 02:11:28,807 - DEBUG - Collected collision time for BConcave+BConcavePatient+3900 at IoU 0.6: nan
2025-07-27 02:11:28,807 - DEBUG - Collected collision time for BConcave+BConcavePatient+3900 at IoU 0.65: nan
2025-07-27 02:11:28,807 - DEBUG - Collected collision time for BConcave+BConcavePatient+3900 at IoU 0.7: nan
2025-07-27 02:11:28,807 - DEBUG - Collected collision time for BConcave+BConcavePatient+3900 at IoU 0.75: nan
2025-07-27 02:11:28,807 - DEBUG - Collected collision time for BConcave+BConcavePatient+3900 at IoU 0.8: nan
2025-07-27 02:11:28,807 - DEBUG - Collected collision time for BConcave+BConcavePatient+3900 at IoU 0.85: nan
2025-07-27 02:11:28,808 - DEBUG - Collected collision time for BConcave+BConcavePatient+3900 at IoU 0.9: nan
2025-07-27 02:11:28,808 - DEBUG - Collected collision time for BConcave+BConcavePatient+3900 at IoU 0.95: nan
2025-07-27 02:11:28,808 - DEBUG - Collected collision time for BConcave+BConcavePatient+4100_flipped at IoU 0.05: 4316.666666666666
2025-07-27 02:11:28,808 - DEBUG - Collected collision time for BConcave+BConcavePatient+4100_flipped at IoU 0.1: nan
2025-07-27 02:11:28,808 - DEBUG - Collected collision time for BConcave+BConcavePatient+4100_flipped at IoU 0.15: nan
2025-07-27 02:11:28,809 - DEBUG - Collected collision time for BConcave+BConcavePatient+4100_flipped at IoU 0.2: nan
2025-07-27 02:11:28,809 - DEBUG - Collected collision time for BConcave+BConcavePatient+4100_flipped at IoU 0.25: nan
2025-07-27 02:11:28,809 - DEBUG - Collected collision time for BConcave+BConcavePatient+4100_flipped at IoU 0.3: nan
2025-07-27 02:11:28,809 - DEBUG - Collected collision time for BConcave+BConcavePatient+4100_flipped at IoU 0.35: nan
2025-07-27 02:11:28,809 - DEBUG - Collected collision time for BConcave+BConcavePatient+4100_flipped at IoU 0.4: nan
2025-07-27 02:11:28,810 - DEBUG - Collected collision time for BConcave+BConcavePatient+4100_flipped at IoU 0.45: nan
2025-07-27 02:11:28,810 - DEBUG - Collected collision time for BConcave+BConcavePatient+4100_flipped at IoU 0.5: nan
2025-07-27 02:11:28,810 - DEBUG - Collected collision time for BConcave+BConcavePatient+4100_flipped at IoU 0.55: nan
2025-07-27 02:11:28,810 - DEBUG - Collected collision time for BConcave+BConcavePatient+4100_flipped at IoU 0.6: nan
2025-07-27 02:11:28,810 - DEBUG - Collected collision time for BConcave+BConcavePatient+4100_flipped at IoU 0.65: nan
2025-07-27 02:11:28,810 - DEBUG - Collected collision time for BConcave+BConcavePatient+4100_flipped at IoU 0.7: nan
2025-07-27 02:11:28,811 - DEBUG - Collected collision time for BConcave+BConcavePatient+4100_flipped at IoU 0.75: nan
2025-07-27 02:11:28,811 - DEBUG - Collected collision time for BConcave+BConcavePatient+4100_flipped at IoU 0.8: nan
2025-07-27 02:11:28,811 - DEBUG - Collected collision time for BConcave+BConcavePatient+4100_flipped at IoU 0.85: nan
2025-07-27 02:11:28,811 - DEBUG - Collected collision time for BConcave+BConcavePatient+4100_flipped at IoU 0.9: nan
2025-07-27 02:11:28,811 - DEBUG - Collected collision time for BConcave+BConcavePatient+4100_flipped at IoU 0.95: nan
2025-07-27 02:11:28,812 - DEBUG - Collected collision time for BConcave+BConcavePatient+4300 at IoU 0.05: 4516.666666666667
2025-07-27 02:11:28,812 - DEBUG - Collected collision time for BConcave+BConcavePatient+4300 at IoU 0.1: 4700.0
2025-07-27 02:11:28,812 - DEBUG - Collected collision time for BConcave+BConcavePatient+4300 at IoU 0.15: nan
2025-07-27 02:11:28,812 - DEBUG - Collected collision time for BConcave+BConcavePatient+4300 at IoU 0.2: nan
2025-07-27 02:11:28,812 - DEBUG - Collected collision time for BConcave+BConcavePatient+4300 at IoU 0.25: nan
2025-07-27 02:11:28,813 - DEBUG - Collected collision time for BConcave+BConcavePatient+4300 at IoU 0.3: nan
2025-07-27 02:11:28,813 - DEBUG - Collected collision time for BConcave+BConcavePatient+4300 at IoU 0.35: nan
2025-07-27 02:11:28,813 - DEBUG - Collected collision time for BConcave+BConcavePatient+4300 at IoU 0.4: nan
2025-07-27 02:11:28,813 - DEBUG - Collected collision time for BConcave+BConcavePatient+4300 at IoU 0.45: nan
2025-07-27 02:11:28,813 - DEBUG - Collected collision time for BConcave+BConcavePatient+4300 at IoU 0.5: nan
2025-07-27 02:11:28,814 - DEBUG - Collected collision time for BConcave+BConcavePatient+4300 at IoU 0.55: nan
2025-07-27 02:11:28,814 - DEBUG - Collected collision time for BConcave+BConcavePatient+4300 at IoU 0.6: nan
2025-07-27 02:11:28,814 - DEBUG - Collected collision time for BConcave+BConcavePatient+4300 at IoU 0.65: nan
2025-07-27 02:11:28,814 - DEBUG - Collected collision time for BConcave+BConcavePatient+4300 at IoU 0.7: nan
2025-07-27 02:11:28,814 - DEBUG - Collected collision time for BConcave+BConcavePatient+4300 at IoU 0.75: nan
2025-07-27 02:11:28,815 - DEBUG - Collected collision time for BConcave+BConcavePatient+4300 at IoU 0.8: nan
2025-07-27 02:11:28,815 - DEBUG - Collected collision time for BConcave+BConcavePatient+4300 at IoU 0.85: nan
2025-07-27 02:11:28,815 - DEBUG - Collected collision time for BConcave+BConcavePatient+4300 at IoU 0.9: nan
2025-07-27 02:11:28,815 - DEBUG - Collected collision time for BConcave+BConcavePatient+4300 at IoU 0.95: nan
2025-07-27 02:11:28,815 - DEBUG - Collected collision time for BConcave+BConcavePatient+4500_flipped at IoU 0.05: nan
2025-07-27 02:11:28,816 - DEBUG - Collected collision time for BConcave+BConcavePatient+4500_flipped at IoU 0.1: nan
2025-07-27 02:11:28,816 - DEBUG - Collected collision time for BConcave+BConcavePatient+4500_flipped at IoU 0.15: nan
2025-07-27 02:11:28,816 - DEBUG - Collected collision time for BConcave+BConcavePatient+4500_flipped at IoU 0.2: nan
2025-07-27 02:11:28,816 - DEBUG - Collected collision time for BConcave+BConcavePatient+4500_flipped at IoU 0.25: nan
2025-07-27 02:11:28,816 - DEBUG - Collected collision time for BConcave+BConcavePatient+4500_flipped at IoU 0.3: nan
2025-07-27 02:11:28,817 - DEBUG - Collected collision time for BConcave+BConcavePatient+4500_flipped at IoU 0.35: nan
2025-07-27 02:11:28,817 - DEBUG - Collected collision time for BConcave+BConcavePatient+4500_flipped at IoU 0.4: nan
2025-07-27 02:11:28,817 - DEBUG - Collected collision time for BConcave+BConcavePatient+4500_flipped at IoU 0.45: nan
2025-07-27 02:11:28,817 - DEBUG - Collected collision time for BConcave+BConcavePatient+4500_flipped at IoU 0.5: nan
2025-07-27 02:11:28,818 - DEBUG - Collected collision time for BConcave+BConcavePatient+4500_flipped at IoU 0.55: nan
2025-07-27 02:11:28,818 - DEBUG - Collected collision time for BConcave+BConcavePatient+4500_flipped at IoU 0.6: nan
2025-07-27 02:11:28,818 - DEBUG - Collected collision time for BConcave+BConcavePatient+4500_flipped at IoU 0.65: nan
2025-07-27 02:11:28,818 - DEBUG - Collected collision time for BConcave+BConcavePatient+4500_flipped at IoU 0.7: nan
2025-07-27 02:11:28,819 - DEBUG - Collected collision time for BConcave+BConcavePatient+4500_flipped at IoU 0.75: nan
2025-07-27 02:11:28,819 - DEBUG - Collected collision time for BConcave+BConcavePatient+4500_flipped at IoU 0.8: nan
2025-07-27 02:11:28,819 - DEBUG - Collected collision time for BConcave+BConcavePatient+4500_flipped at IoU 0.85: nan
2025-07-27 02:11:28,819 - DEBUG - Collected collision time for BConcave+BConcavePatient+4500_flipped at IoU 0.9: nan
2025-07-27 02:11:28,819 - DEBUG - Collected collision time for BConcave+BConcavePatient+4500_flipped at IoU 0.95: nan
2025-07-27 02:11:28,820 - DEBUG - Collected collision time for BConcave+BConvex+3500_flipped at IoU 0.05: 3866.6666666666665
2025-07-27 02:11:28,820 - DEBUG - Collected collision time for BConcave+BConvex+3500_flipped at IoU 0.1: 4066.6666666666665
2025-07-27 02:11:28,820 - DEBUG - Collected collision time for BConcave+BConvex+3500_flipped at IoU 0.15: 4250.0
2025-07-27 02:11:28,820 - DEBUG - Collected collision time for BConcave+BConvex+3500_flipped at IoU 0.2: nan
2025-07-27 02:11:28,821 - DEBUG - Collected collision time for BConcave+BConvex+3500_flipped at IoU 0.25: nan
2025-07-27 02:11:28,821 - DEBUG - Collected collision time for BConcave+BConvex+3500_flipped at IoU 0.3: nan
2025-07-27 02:11:28,821 - DEBUG - Collected collision time for BConcave+BConvex+3500_flipped at IoU 0.35: nan
2025-07-27 02:11:28,821 - DEBUG - Collected collision time for BConcave+BConvex+3500_flipped at IoU 0.4: nan
2025-07-27 02:11:28,821 - DEBUG - Collected collision time for BConcave+BConvex+3500_flipped at IoU 0.45: nan
2025-07-27 02:11:28,822 - DEBUG - Collected collision time for BConcave+BConvex+3500_flipped at IoU 0.5: nan
2025-07-27 02:11:28,822 - DEBUG - Collected collision time for BConcave+BConvex+3500_flipped at IoU 0.55: nan
2025-07-27 02:11:28,822 - DEBUG - Collected collision time for BConcave+BConvex+3500_flipped at IoU 0.6: nan
2025-07-27 02:11:28,822 - DEBUG - Collected collision time for BConcave+BConvex+3500_flipped at IoU 0.65: nan
2025-07-27 02:11:28,822 - DEBUG - Collected collision time for BConcave+BConvex+3500_flipped at IoU 0.7: nan
2025-07-27 02:11:28,823 - DEBUG - Collected collision time for BConcave+BConvex+3500_flipped at IoU 0.75: nan
2025-07-27 02:11:28,823 - DEBUG - Collected collision time for BConcave+BConvex+3500_flipped at IoU 0.8: nan
2025-07-27 02:11:28,823 - DEBUG - Collected collision time for BConcave+BConvex+3500_flipped at IoU 0.85: nan
2025-07-27 02:11:28,823 - DEBUG - Collected collision time for BConcave+BConvex+3500_flipped at IoU 0.9: nan
2025-07-27 02:11:28,823 - DEBUG - Collected collision time for BConcave+BConvex+3500_flipped at IoU 0.95: nan
2025-07-27 02:11:28,824 - DEBUG - Collected collision time for BConcave+BConvex+3700 at IoU 0.05: 4000.0
2025-07-27 02:11:28,824 - DEBUG - Collected collision time for BConcave+BConvex+3700 at IoU 0.1: 4216.666666666667
2025-07-27 02:11:28,824 - DEBUG - Collected collision time for BConcave+BConvex+3700 at IoU 0.15: 4416.666666666667
2025-07-27 02:11:28,824 - DEBUG - Collected collision time for BConcave+BConvex+3700 at IoU 0.2: 4566.666666666666
2025-07-27 02:11:28,824 - DEBUG - Collected collision time for BConcave+BConvex+3700 at IoU 0.25: nan
2025-07-27 02:11:28,825 - DEBUG - Collected collision time for BConcave+BConvex+3700 at IoU 0.3: nan
2025-07-27 02:11:28,825 - DEBUG - Collected collision time for BConcave+BConvex+3700 at IoU 0.35: nan
2025-07-27 02:11:28,825 - DEBUG - Collected collision time for BConcave+BConvex+3700 at IoU 0.4: nan
2025-07-27 02:11:28,825 - DEBUG - Collected collision time for BConcave+BConvex+3700 at IoU 0.45: nan
2025-07-27 02:11:28,825 - DEBUG - Collected collision time for BConcave+BConvex+3700 at IoU 0.5: nan
2025-07-27 02:11:28,826 - DEBUG - Collected collision time for BConcave+BConvex+3700 at IoU 0.55: nan
2025-07-27 02:11:28,826 - DEBUG - Collected collision time for BConcave+BConvex+3700 at IoU 0.6: nan
2025-07-27 02:11:28,826 - DEBUG - Collected collision time for BConcave+BConvex+3700 at IoU 0.65: nan
2025-07-27 02:11:28,826 - DEBUG - Collected collision time for BConcave+BConvex+3700 at IoU 0.7: nan
2025-07-27 02:11:28,826 - DEBUG - Collected collision time for BConcave+BConvex+3700 at IoU 0.75: nan
2025-07-27 02:11:28,827 - DEBUG - Collected collision time for BConcave+BConvex+3700 at IoU 0.8: nan
2025-07-27 02:11:28,827 - DEBUG - Collected collision time for BConcave+BConvex+3700 at IoU 0.85: nan
2025-07-27 02:11:28,827 - DEBUG - Collected collision time for BConcave+BConvex+3700 at IoU 0.9: nan
2025-07-27 02:11:28,827 - DEBUG - Collected collision time for BConcave+BConvex+3700 at IoU 0.95: nan
2025-07-27 02:11:28,827 - DEBUG - Collected collision time for BConcave+BConvex+3900_flipped at IoU 0.05: 4266.666666666667
2025-07-27 02:11:28,828 - DEBUG - Collected collision time for BConcave+BConvex+3900_flipped at IoU 0.1: 4433.333333333334
2025-07-27 02:11:28,828 - DEBUG - Collected collision time for BConcave+BConvex+3900_flipped at IoU 0.15: 4566.666666666666
2025-07-27 02:11:28,828 - DEBUG - Collected collision time for BConcave+BConvex+3900_flipped at IoU 0.2: 4833.333333333333
2025-07-27 02:11:28,828 - DEBUG - Collected collision time for BConcave+BConvex+3900_flipped at IoU 0.25: nan
2025-07-27 02:11:28,828 - DEBUG - Collected collision time for BConcave+BConvex+3900_flipped at IoU 0.3: nan
2025-07-27 02:11:28,829 - DEBUG - Collected collision time for BConcave+BConvex+3900_flipped at IoU 0.35: nan
2025-07-27 02:11:28,829 - DEBUG - Collected collision time for BConcave+BConvex+3900_flipped at IoU 0.4: nan
2025-07-27 02:11:28,829 - DEBUG - Collected collision time for BConcave+BConvex+3900_flipped at IoU 0.45: nan
2025-07-27 02:11:28,829 - DEBUG - Collected collision time for BConcave+BConvex+3900_flipped at IoU 0.5: nan
2025-07-27 02:11:28,829 - DEBUG - Collected collision time for BConcave+BConvex+3900_flipped at IoU 0.55: nan
2025-07-27 02:11:28,830 - DEBUG - Collected collision time for BConcave+BConvex+3900_flipped at IoU 0.6: nan
2025-07-27 02:11:28,830 - DEBUG - Collected collision time for BConcave+BConvex+3900_flipped at IoU 0.65: nan
2025-07-27 02:11:28,830 - DEBUG - Collected collision time for BConcave+BConvex+3900_flipped at IoU 0.7: nan
2025-07-27 02:11:28,830 - DEBUG - Collected collision time for BConcave+BConvex+3900_flipped at IoU 0.75: nan
2025-07-27 02:11:28,831 - DEBUG - Collected collision time for BConcave+BConvex+3900_flipped at IoU 0.8: nan
2025-07-27 02:11:28,831 - DEBUG - Collected collision time for BConcave+BConvex+3900_flipped at IoU 0.85: nan
2025-07-27 02:11:28,831 - DEBUG - Collected collision time for BConcave+BConvex+3900_flipped at IoU 0.9: nan
2025-07-27 02:11:28,831 - DEBUG - Collected collision time for BConcave+BConvex+3900_flipped at IoU 0.95: nan
2025-07-27 02:11:28,831 - DEBUG - Collected collision time for BConcave+BConvex+4100 at IoU 0.05: 4450.0
2025-07-27 02:11:28,832 - DEBUG - Collected collision time for BConcave+BConvex+4100 at IoU 0.1: 4666.666666666667
2025-07-27 02:11:28,832 - DEBUG - Collected collision time for BConcave+BConvex+4100 at IoU 0.15: 4850.0
2025-07-27 02:11:28,832 - DEBUG - Collected collision time for BConcave+BConvex+4100 at IoU 0.2: 5183.333333333334
2025-07-27 02:11:28,832 - DEBUG - Collected collision time for BConcave+BConvex+4100 at IoU 0.25: nan
2025-07-27 02:11:28,832 - DEBUG - Collected collision time for BConcave+BConvex+4100 at IoU 0.3: nan
2025-07-27 02:11:28,833 - DEBUG - Collected collision time for BConcave+BConvex+4100 at IoU 0.35: nan
2025-07-27 02:11:28,833 - DEBUG - Collected collision time for BConcave+BConvex+4100 at IoU 0.4: nan
2025-07-27 02:11:28,833 - DEBUG - Collected collision time for BConcave+BConvex+4100 at IoU 0.45: nan
2025-07-27 02:11:28,833 - DEBUG - Collected collision time for BConcave+BConvex+4100 at IoU 0.5: nan
2025-07-27 02:11:28,833 - DEBUG - Collected collision time for BConcave+BConvex+4100 at IoU 0.55: nan
2025-07-27 02:11:28,833 - DEBUG - Collected collision time for BConcave+BConvex+4100 at IoU 0.6: nan
2025-07-27 02:11:28,834 - DEBUG - Collected collision time for BConcave+BConvex+4100 at IoU 0.65: nan
2025-07-27 02:11:28,834 - DEBUG - Collected collision time for BConcave+BConvex+4100 at IoU 0.7: nan
2025-07-27 02:11:28,834 - DEBUG - Collected collision time for BConcave+BConvex+4100 at IoU 0.75: nan
2025-07-27 02:11:28,834 - DEBUG - Collected collision time for BConcave+BConvex+4100 at IoU 0.8: nan
2025-07-27 02:11:28,835 - DEBUG - Collected collision time for BConcave+BConvex+4100 at IoU 0.85: nan
2025-07-27 02:11:28,835 - DEBUG - Collected collision time for BConcave+BConvex+4100 at IoU 0.9: nan
2025-07-27 02:11:28,835 - DEBUG - Collected collision time for BConcave+BConvex+4100 at IoU 0.95: nan
2025-07-27 02:11:28,835 - DEBUG - Collected collision time for BConcave+BConvex+4300_flipped at IoU 0.05: 5450.0
2025-07-27 02:11:28,835 - DEBUG - Collected collision time for BConcave+BConvex+4300_flipped at IoU 0.1: nan
2025-07-27 02:11:28,836 - DEBUG - Collected collision time for BConcave+BConvex+4300_flipped at IoU 0.15: nan
2025-07-27 02:11:28,836 - DEBUG - Collected collision time for BConcave+BConvex+4300_flipped at IoU 0.2: nan
2025-07-27 02:11:28,836 - DEBUG - Collected collision time for BConcave+BConvex+4300_flipped at IoU 0.25: nan
2025-07-27 02:11:28,836 - DEBUG - Collected collision time for BConcave+BConvex+4300_flipped at IoU 0.3: nan
2025-07-27 02:11:28,836 - DEBUG - Collected collision time for BConcave+BConvex+4300_flipped at IoU 0.35: nan
2025-07-27 02:11:28,837 - DEBUG - Collected collision time for BConcave+BConvex+4300_flipped at IoU 0.4: nan
2025-07-27 02:11:28,837 - DEBUG - Collected collision time for BConcave+BConvex+4300_flipped at IoU 0.45: nan
2025-07-27 02:11:28,837 - DEBUG - Collected collision time for BConcave+BConvex+4300_flipped at IoU 0.5: nan
2025-07-27 02:11:28,837 - DEBUG - Collected collision time for BConcave+BConvex+4300_flipped at IoU 0.55: nan
2025-07-27 02:11:28,837 - DEBUG - Collected collision time for BConcave+BConvex+4300_flipped at IoU 0.6: nan
2025-07-27 02:11:28,838 - DEBUG - Collected collision time for BConcave+BConvex+4300_flipped at IoU 0.65: nan
2025-07-27 02:11:28,838 - DEBUG - Collected collision time for BConcave+BConvex+4300_flipped at IoU 0.7: nan
2025-07-27 02:11:28,838 - DEBUG - Collected collision time for BConcave+BConvex+4300_flipped at IoU 0.75: nan
2025-07-27 02:11:28,838 - DEBUG - Collected collision time for BConcave+BConvex+4300_flipped at IoU 0.8: nan
2025-07-27 02:11:28,838 - DEBUG - Collected collision time for BConcave+BConvex+4300_flipped at IoU 0.85: nan
2025-07-27 02:11:28,839 - DEBUG - Collected collision time for BConcave+BConvex+4300_flipped at IoU 0.9: nan
2025-07-27 02:11:28,839 - DEBUG - Collected collision time for BConcave+BConvex+4300_flipped at IoU 0.95: nan
2025-07-27 02:11:28,839 - DEBUG - Collected collision time for BConcave+BConvex+4500 at IoU 0.05: 4850.0
2025-07-27 02:11:28,839 - DEBUG - Collected collision time for BConcave+BConvex+4500 at IoU 0.1: 5066.666666666666
2025-07-27 02:11:28,840 - DEBUG - Collected collision time for BConcave+BConvex+4500 at IoU 0.15: 5233.333333333333
2025-07-27 02:11:28,840 - DEBUG - Collected collision time for BConcave+BConvex+4500 at IoU 0.2: nan
2025-07-27 02:11:28,840 - DEBUG - Collected collision time for BConcave+BConvex+4500 at IoU 0.25: nan
2025-07-27 02:11:28,840 - DEBUG - Collected collision time for BConcave+BConvex+4500 at IoU 0.3: nan
2025-07-27 02:11:28,840 - DEBUG - Collected collision time for BConcave+BConvex+4500 at IoU 0.35: nan
2025-07-27 02:11:28,841 - DEBUG - Collected collision time for BConcave+BConvex+4500 at IoU 0.4: nan
2025-07-27 02:11:28,841 - DEBUG - Collected collision time for BConcave+BConvex+4500 at IoU 0.45: nan
2025-07-27 02:11:28,841 - DEBUG - Collected collision time for BConcave+BConvex+4500 at IoU 0.5: nan
2025-07-27 02:11:28,841 - DEBUG - Collected collision time for BConcave+BConvex+4500 at IoU 0.55: nan
2025-07-27 02:11:28,841 - DEBUG - Collected collision time for BConcave+BConvex+4500 at IoU 0.6: nan
2025-07-27 02:11:28,842 - DEBUG - Collected collision time for BConcave+BConvex+4500 at IoU 0.65: nan
2025-07-27 02:11:28,842 - DEBUG - Collected collision time for BConcave+BConvex+4500 at IoU 0.7: nan
2025-07-27 02:11:28,842 - DEBUG - Collected collision time for BConcave+BConvex+4500 at IoU 0.75: nan
2025-07-27 02:11:28,842 - DEBUG - Collected collision time for BConcave+BConvex+4500 at IoU 0.8: nan
2025-07-27 02:11:28,842 - DEBUG - Collected collision time for BConcave+BConvex+4500 at IoU 0.85: nan
2025-07-27 02:11:28,843 - DEBUG - Collected collision time for BConcave+BConvex+4500 at IoU 0.9: nan
2025-07-27 02:11:28,843 - DEBUG - Collected collision time for BConcave+BConvex+4500 at IoU 0.95: nan
2025-07-27 02:11:28,843 - DEBUG - Collected collision time for BConcave+CConcave+3500 at IoU 0.05: 3733.3333333333335
2025-07-27 02:11:28,843 - DEBUG - Collected collision time for BConcave+CConcave+3500 at IoU 0.1: 3850.0
2025-07-27 02:11:28,843 - DEBUG - Collected collision time for BConcave+CConcave+3500 at IoU 0.15: 3950.0
2025-07-27 02:11:28,844 - DEBUG - Collected collision time for BConcave+CConcave+3500 at IoU 0.2: 4033.333333333333
2025-07-27 02:11:28,844 - DEBUG - Collected collision time for BConcave+CConcave+3500 at IoU 0.25: 4133.333333333334
2025-07-27 02:11:28,844 - DEBUG - Collected collision time for BConcave+CConcave+3500 at IoU 0.3: 4200.0
2025-07-27 02:11:28,844 - DEBUG - Collected collision time for BConcave+CConcave+3500 at IoU 0.35: 4283.333333333333
2025-07-27 02:11:28,844 - DEBUG - Collected collision time for BConcave+CConcave+3500 at IoU 0.4: nan
2025-07-27 02:11:28,845 - DEBUG - Collected collision time for BConcave+CConcave+3500 at IoU 0.45: nan
2025-07-27 02:11:28,845 - DEBUG - Collected collision time for BConcave+CConcave+3500 at IoU 0.5: nan
2025-07-27 02:11:28,845 - DEBUG - Collected collision time for BConcave+CConcave+3500 at IoU 0.55: nan
2025-07-27 02:11:28,845 - DEBUG - Collected collision time for BConcave+CConcave+3500 at IoU 0.6: nan
2025-07-27 02:11:28,845 - DEBUG - Collected collision time for BConcave+CConcave+3500 at IoU 0.65: nan
2025-07-27 02:11:28,846 - DEBUG - Collected collision time for BConcave+CConcave+3500 at IoU 0.7: nan
2025-07-27 02:11:28,846 - DEBUG - Collected collision time for BConcave+CConcave+3500 at IoU 0.75: nan
2025-07-27 02:11:28,846 - DEBUG - Collected collision time for BConcave+CConcave+3500 at IoU 0.8: nan
2025-07-27 02:11:28,846 - DEBUG - Collected collision time for BConcave+CConcave+3500 at IoU 0.85: nan
2025-07-27 02:11:28,846 - DEBUG - Collected collision time for BConcave+CConcave+3500 at IoU 0.9: nan
2025-07-27 02:11:28,846 - DEBUG - Collected collision time for BConcave+CConcave+3500 at IoU 0.95: nan
2025-07-27 02:11:28,847 - DEBUG - Collected collision time for BConcave+CConcave+3700_flipped at IoU 0.05: 4716.666666666667
2025-07-27 02:11:28,847 - DEBUG - Collected collision time for BConcave+CConcave+3700_flipped at IoU 0.1: nan
2025-07-27 02:11:28,847 - DEBUG - Collected collision time for BConcave+CConcave+3700_flipped at IoU 0.15: nan
2025-07-27 02:11:28,847 - DEBUG - Collected collision time for BConcave+CConcave+3700_flipped at IoU 0.2: nan
2025-07-27 02:11:28,847 - DEBUG - Collected collision time for BConcave+CConcave+3700_flipped at IoU 0.25: nan
2025-07-27 02:11:28,848 - DEBUG - Collected collision time for BConcave+CConcave+3700_flipped at IoU 0.3: nan
2025-07-27 02:11:28,848 - DEBUG - Collected collision time for BConcave+CConcave+3700_flipped at IoU 0.35: nan
2025-07-27 02:11:28,848 - DEBUG - Collected collision time for BConcave+CConcave+3700_flipped at IoU 0.4: nan
2025-07-27 02:11:28,848 - DEBUG - Collected collision time for BConcave+CConcave+3700_flipped at IoU 0.45: nan
2025-07-27 02:11:28,848 - DEBUG - Collected collision time for BConcave+CConcave+3700_flipped at IoU 0.5: nan
2025-07-27 02:11:28,849 - DEBUG - Collected collision time for BConcave+CConcave+3700_flipped at IoU 0.55: nan
2025-07-27 02:11:28,849 - DEBUG - Collected collision time for BConcave+CConcave+3700_flipped at IoU 0.6: nan
2025-07-27 02:11:28,849 - DEBUG - Collected collision time for BConcave+CConcave+3700_flipped at IoU 0.65: nan
2025-07-27 02:11:28,849 - DEBUG - Collected collision time for BConcave+CConcave+3700_flipped at IoU 0.7: nan
2025-07-27 02:11:28,850 - DEBUG - Collected collision time for BConcave+CConcave+3700_flipped at IoU 0.75: nan
2025-07-27 02:11:28,850 - DEBUG - Collected collision time for BConcave+CConcave+3700_flipped at IoU 0.8: nan
2025-07-27 02:11:28,850 - DEBUG - Collected collision time for BConcave+CConcave+3700_flipped at IoU 0.85: nan
2025-07-27 02:11:28,850 - DEBUG - Collected collision time for BConcave+CConcave+3700_flipped at IoU 0.9: nan
2025-07-27 02:11:28,850 - DEBUG - Collected collision time for BConcave+CConcave+3700_flipped at IoU 0.95: nan
2025-07-27 02:11:28,850 - DEBUG - Collected collision time for BConcave+CConcave+3900 at IoU 0.05: 4150.0
2025-07-27 02:11:28,851 - DEBUG - Collected collision time for BConcave+CConcave+3900 at IoU 0.1: 4233.333333333333
2025-07-27 02:11:28,851 - DEBUG - Collected collision time for BConcave+CConcave+3900 at IoU 0.15: 4333.333333333333
2025-07-27 02:11:28,851 - DEBUG - Collected collision time for BConcave+CConcave+3900 at IoU 0.2: 4383.333333333334
2025-07-27 02:11:28,851 - DEBUG - Collected collision time for BConcave+CConcave+3900 at IoU 0.25: 4450.0
2025-07-27 02:11:28,852 - DEBUG - Collected collision time for BConcave+CConcave+3900 at IoU 0.3: 4533.333333333333
2025-07-27 02:11:28,852 - DEBUG - Collected collision time for BConcave+CConcave+3900 at IoU 0.35: nan
2025-07-27 02:11:28,852 - DEBUG - Collected collision time for BConcave+CConcave+3900 at IoU 0.4: nan
2025-07-27 02:11:28,852 - DEBUG - Collected collision time for BConcave+CConcave+3900 at IoU 0.45: nan
2025-07-27 02:11:28,852 - DEBUG - Collected collision time for BConcave+CConcave+3900 at IoU 0.5: nan
2025-07-27 02:11:28,852 - DEBUG - Collected collision time for BConcave+CConcave+3900 at IoU 0.55: nan
2025-07-27 02:11:28,853 - DEBUG - Collected collision time for BConcave+CConcave+3900 at IoU 0.6: nan
2025-07-27 02:11:28,853 - DEBUG - Collected collision time for BConcave+CConcave+3900 at IoU 0.65: nan
2025-07-27 02:11:28,853 - DEBUG - Collected collision time for BConcave+CConcave+3900 at IoU 0.7: nan
2025-07-27 02:11:28,853 - DEBUG - Collected collision time for BConcave+CConcave+3900 at IoU 0.75: nan
2025-07-27 02:11:28,854 - DEBUG - Collected collision time for BConcave+CConcave+3900 at IoU 0.8: nan
2025-07-27 02:11:28,854 - DEBUG - Collected collision time for BConcave+CConcave+3900 at IoU 0.85: nan
2025-07-27 02:11:28,854 - DEBUG - Collected collision time for BConcave+CConcave+3900 at IoU 0.9: nan
2025-07-27 02:11:28,854 - DEBUG - Collected collision time for BConcave+CConcave+3900 at IoU 0.95: nan
2025-07-27 02:11:28,854 - DEBUG - Collected collision time for BConcave+CConcave+4100_flipped at IoU 0.05: nan
2025-07-27 02:11:28,855 - DEBUG - Collected collision time for BConcave+CConcave+4100_flipped at IoU 0.1: nan
2025-07-27 02:11:28,855 - DEBUG - Collected collision time for BConcave+CConcave+4100_flipped at IoU 0.15: nan
2025-07-27 02:11:28,855 - DEBUG - Collected collision time for BConcave+CConcave+4100_flipped at IoU 0.2: nan
2025-07-27 02:11:28,855 - DEBUG - Collected collision time for BConcave+CConcave+4100_flipped at IoU 0.25: nan
2025-07-27 02:11:28,855 - DEBUG - Collected collision time for BConcave+CConcave+4100_flipped at IoU 0.3: nan
2025-07-27 02:11:28,856 - DEBUG - Collected collision time for BConcave+CConcave+4100_flipped at IoU 0.35: nan
2025-07-27 02:11:28,856 - DEBUG - Collected collision time for BConcave+CConcave+4100_flipped at IoU 0.4: nan
2025-07-27 02:11:28,856 - DEBUG - Collected collision time for BConcave+CConcave+4100_flipped at IoU 0.45: nan
2025-07-27 02:11:28,856 - DEBUG - Collected collision time for BConcave+CConcave+4100_flipped at IoU 0.5: nan
2025-07-27 02:11:28,856 - DEBUG - Collected collision time for BConcave+CConcave+4100_flipped at IoU 0.55: nan
2025-07-27 02:11:28,857 - DEBUG - Collected collision time for BConcave+CConcave+4100_flipped at IoU 0.6: nan
2025-07-27 02:11:28,857 - DEBUG - Collected collision time for BConcave+CConcave+4100_flipped at IoU 0.65: nan
2025-07-27 02:11:28,857 - DEBUG - Collected collision time for BConcave+CConcave+4100_flipped at IoU 0.7: nan
2025-07-27 02:11:28,857 - DEBUG - Collected collision time for BConcave+CConcave+4100_flipped at IoU 0.75: nan
2025-07-27 02:11:28,858 - DEBUG - Collected collision time for BConcave+CConcave+4100_flipped at IoU 0.8: nan
2025-07-27 02:11:28,858 - DEBUG - Collected collision time for BConcave+CConcave+4100_flipped at IoU 0.85: nan
2025-07-27 02:11:28,858 - DEBUG - Collected collision time for BConcave+CConcave+4100_flipped at IoU 0.9: nan
2025-07-27 02:11:28,858 - DEBUG - Collected collision time for BConcave+CConcave+4100_flipped at IoU 0.95: nan
2025-07-27 02:11:28,858 - DEBUG - Collected collision time for BConcave+CConcave+4300 at IoU 0.05: 4533.333333333333
2025-07-27 02:11:28,859 - DEBUG - Collected collision time for BConcave+CConcave+4300 at IoU 0.1: 4633.333333333334
2025-07-27 02:11:28,859 - DEBUG - Collected collision time for BConcave+CConcave+4300 at IoU 0.15: 4733.333333333333
2025-07-27 02:11:28,859 - DEBUG - Collected collision time for BConcave+CConcave+4300 at IoU 0.2: 4833.333333333333
2025-07-27 02:11:28,859 - DEBUG - Collected collision time for BConcave+CConcave+4300 at IoU 0.25: 4916.666666666667
2025-07-27 02:11:28,859 - DEBUG - Collected collision time for BConcave+CConcave+4300 at IoU 0.3: 5000.0
2025-07-27 02:11:28,860 - DEBUG - Collected collision time for BConcave+CConcave+4300 at IoU 0.35: 5166.666666666667
2025-07-27 02:11:28,860 - DEBUG - Collected collision time for BConcave+CConcave+4300 at IoU 0.4: nan
2025-07-27 02:11:28,860 - DEBUG - Collected collision time for BConcave+CConcave+4300 at IoU 0.45: nan
2025-07-27 02:11:28,860 - DEBUG - Collected collision time for BConcave+CConcave+4300 at IoU 0.5: nan
2025-07-27 02:11:28,860 - DEBUG - Collected collision time for BConcave+CConcave+4300 at IoU 0.55: nan
2025-07-27 02:11:28,861 - DEBUG - Collected collision time for BConcave+CConcave+4300 at IoU 0.6: nan
2025-07-27 02:11:28,861 - DEBUG - Collected collision time for BConcave+CConcave+4300 at IoU 0.65: nan
2025-07-27 02:11:28,861 - DEBUG - Collected collision time for BConcave+CConcave+4300 at IoU 0.7: nan
2025-07-27 02:11:28,861 - DEBUG - Collected collision time for BConcave+CConcave+4300 at IoU 0.75: nan
2025-07-27 02:11:28,861 - DEBUG - Collected collision time for BConcave+CConcave+4300 at IoU 0.8: nan
2025-07-27 02:11:28,862 - DEBUG - Collected collision time for BConcave+CConcave+4300 at IoU 0.85: nan
2025-07-27 02:11:28,862 - DEBUG - Collected collision time for BConcave+CConcave+4300 at IoU 0.9: nan
2025-07-27 02:11:28,862 - DEBUG - Collected collision time for BConcave+CConcave+4300 at IoU 0.95: nan
2025-07-27 02:11:28,862 - DEBUG - Collected collision time for BConcave+CConcave+4500_flipped at IoU 0.05: 4750.0
2025-07-27 02:11:28,862 - DEBUG - Collected collision time for BConcave+CConcave+4500_flipped at IoU 0.1: 4833.333333333333
2025-07-27 02:11:28,863 - DEBUG - Collected collision time for BConcave+CConcave+4500_flipped at IoU 0.15: 4916.666666666667
2025-07-27 02:11:28,863 - DEBUG - Collected collision time for BConcave+CConcave+4500_flipped at IoU 0.2: 5083.333333333333
2025-07-27 02:11:28,863 - DEBUG - Collected collision time for BConcave+CConcave+4500_flipped at IoU 0.25: nan
2025-07-27 02:11:28,863 - DEBUG - Collected collision time for BConcave+CConcave+4500_flipped at IoU 0.3: nan
2025-07-27 02:11:28,864 - DEBUG - Collected collision time for BConcave+CConcave+4500_flipped at IoU 0.35: nan
2025-07-27 02:11:28,864 - DEBUG - Collected collision time for BConcave+CConcave+4500_flipped at IoU 0.4: nan
2025-07-27 02:11:28,864 - DEBUG - Collected collision time for BConcave+CConcave+4500_flipped at IoU 0.45: nan
2025-07-27 02:11:28,864 - DEBUG - Collected collision time for BConcave+CConcave+4500_flipped at IoU 0.5: nan
2025-07-27 02:11:28,864 - DEBUG - Collected collision time for BConcave+CConcave+4500_flipped at IoU 0.55: nan
2025-07-27 02:11:28,864 - DEBUG - Collected collision time for BConcave+CConcave+4500_flipped at IoU 0.6: nan
2025-07-27 02:11:28,865 - DEBUG - Collected collision time for BConcave+CConcave+4500_flipped at IoU 0.65: nan
2025-07-27 02:11:28,865 - DEBUG - Collected collision time for BConcave+CConcave+4500_flipped at IoU 0.7: nan
2025-07-27 02:11:28,865 - DEBUG - Collected collision time for BConcave+CConcave+4500_flipped at IoU 0.75: nan
2025-07-27 02:11:28,865 - DEBUG - Collected collision time for BConcave+CConcave+4500_flipped at IoU 0.8: nan
2025-07-27 02:11:28,865 - DEBUG - Collected collision time for BConcave+CConcave+4500_flipped at IoU 0.85: nan
2025-07-27 02:11:28,866 - DEBUG - Collected collision time for BConcave+CConcave+4500_flipped at IoU 0.9: nan
2025-07-27 02:11:28,866 - DEBUG - Collected collision time for BConcave+CConcave+4500_flipped at IoU 0.95: nan
2025-07-27 02:11:28,866 - DEBUG - Collected collision time for BConcave+CConvex+3500_flipped at IoU 0.05: 3816.666666666667
2025-07-27 02:11:28,866 - DEBUG - Collected collision time for BConcave+CConvex+3500_flipped at IoU 0.1: 3916.6666666666665
2025-07-27 02:11:28,867 - DEBUG - Collected collision time for BConcave+CConvex+3500_flipped at IoU 0.15: 4016.6666666666665
2025-07-27 02:11:28,867 - DEBUG - Collected collision time for BConcave+CConvex+3500_flipped at IoU 0.2: 4100.0
2025-07-27 02:11:28,867 - DEBUG - Collected collision time for BConcave+CConvex+3500_flipped at IoU 0.25: 4166.666666666667
2025-07-27 02:11:28,867 - DEBUG - Collected collision time for BConcave+CConvex+3500_flipped at IoU 0.3: 4250.0
2025-07-27 02:11:28,867 - DEBUG - Collected collision time for BConcave+CConvex+3500_flipped at IoU 0.35: 4333.333333333333
2025-07-27 02:11:28,868 - DEBUG - Collected collision time for BConcave+CConvex+3500_flipped at IoU 0.4: 4516.666666666667
2025-07-27 02:11:28,868 - DEBUG - Collected collision time for BConcave+CConvex+3500_flipped at IoU 0.45: nan
2025-07-27 02:11:28,868 - DEBUG - Collected collision time for BConcave+CConvex+3500_flipped at IoU 0.5: nan
2025-07-27 02:11:28,868 - DEBUG - Collected collision time for BConcave+CConvex+3500_flipped at IoU 0.55: nan
2025-07-27 02:11:28,868 - DEBUG - Collected collision time for BConcave+CConvex+3500_flipped at IoU 0.6: nan
2025-07-27 02:11:28,869 - DEBUG - Collected collision time for BConcave+CConvex+3500_flipped at IoU 0.65: nan
2025-07-27 02:11:28,869 - DEBUG - Collected collision time for BConcave+CConvex+3500_flipped at IoU 0.7: nan
2025-07-27 02:11:28,869 - DEBUG - Collected collision time for BConcave+CConvex+3500_flipped at IoU 0.75: nan
2025-07-27 02:11:28,869 - DEBUG - Collected collision time for BConcave+CConvex+3500_flipped at IoU 0.8: nan
2025-07-27 02:11:28,869 - DEBUG - Collected collision time for BConcave+CConvex+3500_flipped at IoU 0.85: nan
2025-07-27 02:11:28,870 - DEBUG - Collected collision time for BConcave+CConvex+3500_flipped at IoU 0.9: nan
2025-07-27 02:11:28,870 - DEBUG - Collected collision time for BConcave+CConvex+3500_flipped at IoU 0.95: nan
2025-07-27 02:11:28,870 - DEBUG - Collected collision time for BConcave+CConvex+3700 at IoU 0.05: 3983.3333333333335
2025-07-27 02:11:28,870 - DEBUG - Collected collision time for BConcave+CConvex+3700 at IoU 0.1: 4116.666666666666
2025-07-27 02:11:28,870 - DEBUG - Collected collision time for BConcave+CConvex+3700 at IoU 0.15: 4216.666666666667
2025-07-27 02:11:28,871 - DEBUG - Collected collision time for BConcave+CConvex+3700 at IoU 0.2: 4316.666666666666
2025-07-27 02:11:28,871 - DEBUG - Collected collision time for BConcave+CConvex+3700 at IoU 0.25: 4383.333333333334
2025-07-27 02:11:28,871 - DEBUG - Collected collision time for BConcave+CConvex+3700 at IoU 0.3: 4466.666666666667
2025-07-27 02:11:28,871 - DEBUG - Collected collision time for BConcave+CConvex+3700 at IoU 0.35: 4566.666666666666
2025-07-27 02:11:28,871 - DEBUG - Collected collision time for BConcave+CConvex+3700 at IoU 0.4: nan
2025-07-27 02:11:28,872 - DEBUG - Collected collision time for BConcave+CConvex+3700 at IoU 0.45: nan
2025-07-27 02:11:28,872 - DEBUG - Collected collision time for BConcave+CConvex+3700 at IoU 0.5: nan
2025-07-27 02:11:28,872 - DEBUG - Collected collision time for BConcave+CConvex+3700 at IoU 0.55: nan
2025-07-27 02:11:28,872 - DEBUG - Collected collision time for BConcave+CConvex+3700 at IoU 0.6: nan
2025-07-27 02:11:28,872 - DEBUG - Collected collision time for BConcave+CConvex+3700 at IoU 0.65: nan
2025-07-27 02:11:28,873 - DEBUG - Collected collision time for BConcave+CConvex+3700 at IoU 0.7: nan
2025-07-27 02:11:28,873 - DEBUG - Collected collision time for BConcave+CConvex+3700 at IoU 0.75: nan
2025-07-27 02:11:28,873 - DEBUG - Collected collision time for BConcave+CConvex+3700 at IoU 0.8: nan
2025-07-27 02:11:28,873 - DEBUG - Collected collision time for BConcave+CConvex+3700 at IoU 0.85: nan
2025-07-27 02:11:28,874 - DEBUG - Collected collision time for BConcave+CConvex+3700 at IoU 0.9: nan
2025-07-27 02:11:28,874 - DEBUG - Collected collision time for BConcave+CConvex+3700 at IoU 0.95: nan
2025-07-27 02:11:28,874 - DEBUG - Collected collision time for BConcave+CConvex+3900_flipped at IoU 0.05: 4233.333333333333
2025-07-27 02:11:28,875 - DEBUG - Collected collision time for BConcave+CConvex+3900_flipped at IoU 0.1: 4366.666666666666
2025-07-27 02:11:28,875 - DEBUG - Collected collision time for BConcave+CConvex+3900_flipped at IoU 0.15: 4500.0
2025-07-27 02:11:28,876 - DEBUG - Collected collision time for BConcave+CConvex+3900_flipped at IoU 0.2: 4600.0
2025-07-27 02:11:28,876 - DEBUG - Collected collision time for BConcave+CConvex+3900_flipped at IoU 0.25: 4700.0
2025-07-27 02:11:28,876 - DEBUG - Collected collision time for BConcave+CConvex+3900_flipped at IoU 0.3: 4850.0
2025-07-27 02:11:28,877 - DEBUG - Collected collision time for BConcave+CConvex+3900_flipped at IoU 0.35: nan
2025-07-27 02:11:28,877 - DEBUG - Collected collision time for BConcave+CConvex+3900_flipped at IoU 0.4: nan
2025-07-27 02:11:28,877 - DEBUG - Collected collision time for BConcave+CConvex+3900_flipped at IoU 0.45: nan
2025-07-27 02:11:28,877 - DEBUG - Collected collision time for BConcave+CConvex+3900_flipped at IoU 0.5: nan
2025-07-27 02:11:28,877 - DEBUG - Collected collision time for BConcave+CConvex+3900_flipped at IoU 0.55: nan
2025-07-27 02:11:28,878 - DEBUG - Collected collision time for BConcave+CConvex+3900_flipped at IoU 0.6: nan
2025-07-27 02:11:28,878 - DEBUG - Collected collision time for BConcave+CConvex+3900_flipped at IoU 0.65: nan
2025-07-27 02:11:28,878 - DEBUG - Collected collision time for BConcave+CConvex+3900_flipped at IoU 0.7: nan
2025-07-27 02:11:28,878 - DEBUG - Collected collision time for BConcave+CConvex+3900_flipped at IoU 0.75: nan
2025-07-27 02:11:28,879 - DEBUG - Collected collision time for BConcave+CConvex+3900_flipped at IoU 0.8: nan
2025-07-27 02:11:28,879 - DEBUG - Collected collision time for BConcave+CConvex+3900_flipped at IoU 0.85: nan
2025-07-27 02:11:28,879 - DEBUG - Collected collision time for BConcave+CConvex+3900_flipped at IoU 0.9: nan
2025-07-27 02:11:28,879 - DEBUG - Collected collision time for BConcave+CConvex+3900_flipped at IoU 0.95: nan
2025-07-27 02:11:28,879 - DEBUG - Collected collision time for BConcave+CConvex+4100 at IoU 0.05: 4416.666666666667
2025-07-27 02:11:28,880 - DEBUG - Collected collision time for BConcave+CConvex+4100 at IoU 0.1: 4566.666666666666
2025-07-27 02:11:28,880 - DEBUG - Collected collision time for BConcave+CConvex+4100 at IoU 0.15: 4666.666666666667
2025-07-27 02:11:28,880 - DEBUG - Collected collision time for BConcave+CConvex+4100 at IoU 0.2: 4750.0
2025-07-27 02:11:28,880 - DEBUG - Collected collision time for BConcave+CConvex+4100 at IoU 0.25: 4816.666666666666
2025-07-27 02:11:28,880 - DEBUG - Collected collision time for BConcave+CConvex+4100 at IoU 0.3: 4900.0
2025-07-27 02:11:28,881 - DEBUG - Collected collision time for BConcave+CConvex+4100 at IoU 0.35: 5016.666666666667
2025-07-27 02:11:28,881 - DEBUG - Collected collision time for BConcave+CConvex+4100 at IoU 0.4: nan
2025-07-27 02:11:28,881 - DEBUG - Collected collision time for BConcave+CConvex+4100 at IoU 0.45: nan
2025-07-27 02:11:28,881 - DEBUG - Collected collision time for BConcave+CConvex+4100 at IoU 0.5: nan
2025-07-27 02:11:28,881 - DEBUG - Collected collision time for BConcave+CConvex+4100 at IoU 0.55: nan
2025-07-27 02:11:28,882 - DEBUG - Collected collision time for BConcave+CConvex+4100 at IoU 0.6: nan
2025-07-27 02:11:28,882 - DEBUG - Collected collision time for BConcave+CConvex+4100 at IoU 0.65: nan
2025-07-27 02:11:28,882 - DEBUG - Collected collision time for BConcave+CConvex+4100 at IoU 0.7: nan
2025-07-27 02:11:28,882 - DEBUG - Collected collision time for BConcave+CConvex+4100 at IoU 0.75: nan
2025-07-27 02:11:28,883 - DEBUG - Collected collision time for BConcave+CConvex+4100 at IoU 0.8: nan
2025-07-27 02:11:28,883 - DEBUG - Collected collision time for BConcave+CConvex+4100 at IoU 0.85: nan
2025-07-27 02:11:28,883 - DEBUG - Collected collision time for BConcave+CConvex+4100 at IoU 0.9: nan
2025-07-27 02:11:28,883 - DEBUG - Collected collision time for BConcave+CConvex+4100 at IoU 0.95: nan
2025-07-27 02:11:28,883 - DEBUG - Collected collision time for BConcave+CConvex+4300_flipped at IoU 0.05: nan
2025-07-27 02:11:28,884 - DEBUG - Collected collision time for BConcave+CConvex+4300_flipped at IoU 0.1: nan
2025-07-27 02:11:28,884 - DEBUG - Collected collision time for BConcave+CConvex+4300_flipped at IoU 0.15: nan
2025-07-27 02:11:28,884 - DEBUG - Collected collision time for BConcave+CConvex+4300_flipped at IoU 0.2: nan
2025-07-27 02:11:28,884 - DEBUG - Collected collision time for BConcave+CConvex+4300_flipped at IoU 0.25: nan
2025-07-27 02:11:28,884 - DEBUG - Collected collision time for BConcave+CConvex+4300_flipped at IoU 0.3: nan
2025-07-27 02:11:28,885 - DEBUG - Collected collision time for BConcave+CConvex+4300_flipped at IoU 0.35: nan
2025-07-27 02:11:28,885 - DEBUG - Collected collision time for BConcave+CConvex+4300_flipped at IoU 0.4: nan
2025-07-27 02:11:28,885 - DEBUG - Collected collision time for BConcave+CConvex+4300_flipped at IoU 0.45: nan
2025-07-27 02:11:28,885 - DEBUG - Collected collision time for BConcave+CConvex+4300_flipped at IoU 0.5: nan
2025-07-27 02:11:28,886 - DEBUG - Collected collision time for BConcave+CConvex+4300_flipped at IoU 0.55: nan
2025-07-27 02:11:28,886 - DEBUG - Collected collision time for BConcave+CConvex+4300_flipped at IoU 0.6: nan
2025-07-27 02:11:28,886 - DEBUG - Collected collision time for BConcave+CConvex+4300_flipped at IoU 0.65: nan
2025-07-27 02:11:28,886 - DEBUG - Collected collision time for BConcave+CConvex+4300_flipped at IoU 0.7: nan
2025-07-27 02:11:28,886 - DEBUG - Collected collision time for BConcave+CConvex+4300_flipped at IoU 0.75: nan
2025-07-27 02:11:28,887 - DEBUG - Collected collision time for BConcave+CConvex+4300_flipped at IoU 0.8: nan
2025-07-27 02:11:28,887 - DEBUG - Collected collision time for BConcave+CConvex+4300_flipped at IoU 0.85: nan
2025-07-27 02:11:28,887 - DEBUG - Collected collision time for BConcave+CConvex+4300_flipped at IoU 0.9: nan
2025-07-27 02:11:28,887 - DEBUG - Collected collision time for BConcave+CConvex+4300_flipped at IoU 0.95: nan
2025-07-27 02:11:28,887 - DEBUG - Collected collision time for BConcave+CConvex+4500 at IoU 0.05: 4800.0
2025-07-27 02:11:28,888 - DEBUG - Collected collision time for BConcave+CConvex+4500 at IoU 0.1: 4933.333333333334
2025-07-27 02:11:28,888 - DEBUG - Collected collision time for BConcave+CConvex+4500 at IoU 0.15: 5033.333333333333
2025-07-27 02:11:28,888 - DEBUG - Collected collision time for BConcave+CConvex+4500 at IoU 0.2: 5133.333333333334
2025-07-27 02:11:28,888 - DEBUG - Collected collision time for BConcave+CConvex+4500 at IoU 0.25: 5200.0
2025-07-27 02:11:28,889 - DEBUG - Collected collision time for BConcave+CConvex+4500 at IoU 0.3: 5283.333333333333
2025-07-27 02:11:28,889 - DEBUG - Collected collision time for BConcave+CConvex+4500 at IoU 0.35: 5450.0
2025-07-27 02:11:28,889 - DEBUG - Collected collision time for BConcave+CConvex+4500 at IoU 0.4: nan
2025-07-27 02:11:28,889 - DEBUG - Collected collision time for BConcave+CConvex+4500 at IoU 0.45: nan
2025-07-27 02:11:28,889 - DEBUG - Collected collision time for BConcave+CConvex+4500 at IoU 0.5: nan
2025-07-27 02:11:28,890 - DEBUG - Collected collision time for BConcave+CConvex+4500 at IoU 0.55: nan
2025-07-27 02:11:28,890 - DEBUG - Collected collision time for BConcave+CConvex+4500 at IoU 0.6: nan
2025-07-27 02:11:28,890 - DEBUG - Collected collision time for BConcave+CConvex+4500 at IoU 0.65: nan
2025-07-27 02:11:28,890 - DEBUG - Collected collision time for BConcave+CConvex+4500 at IoU 0.7: nan
2025-07-27 02:11:28,890 - DEBUG - Collected collision time for BConcave+CConvex+4500 at IoU 0.75: nan
2025-07-27 02:11:28,890 - DEBUG - Collected collision time for BConcave+CConvex+4500 at IoU 0.8: nan
2025-07-27 02:11:28,891 - DEBUG - Collected collision time for BConcave+CConvex+4500 at IoU 0.85: nan
2025-07-27 02:11:28,891 - DEBUG - Collected collision time for BConcave+CConvex+4500 at IoU 0.9: nan
2025-07-27 02:11:28,891 - DEBUG - Collected collision time for BConcave+CConvex+4500 at IoU 0.95: nan
2025-07-27 02:11:28,891 - DEBUG - Collected collision time for BConcave+DConcave+3500 at IoU 0.05: nan
2025-07-27 02:11:28,891 - DEBUG - Collected collision time for BConcave+DConcave+3500 at IoU 0.1: nan
2025-07-27 02:11:28,892 - DEBUG - Collected collision time for BConcave+DConcave+3500 at IoU 0.15: nan
2025-07-27 02:11:28,892 - DEBUG - Collected collision time for BConcave+DConcave+3500 at IoU 0.2: nan
2025-07-27 02:11:28,892 - DEBUG - Collected collision time for BConcave+DConcave+3500 at IoU 0.25: nan
2025-07-27 02:11:28,892 - DEBUG - Collected collision time for BConcave+DConcave+3500 at IoU 0.3: nan
2025-07-27 02:11:28,892 - DEBUG - Collected collision time for BConcave+DConcave+3500 at IoU 0.35: nan
2025-07-27 02:11:28,893 - DEBUG - Collected collision time for BConcave+DConcave+3500 at IoU 0.4: nan
2025-07-27 02:11:28,893 - DEBUG - Collected collision time for BConcave+DConcave+3500 at IoU 0.45: nan
2025-07-27 02:11:28,893 - DEBUG - Collected collision time for BConcave+DConcave+3500 at IoU 0.5: nan
2025-07-27 02:11:28,893 - DEBUG - Collected collision time for BConcave+DConcave+3500 at IoU 0.55: nan
2025-07-27 02:11:28,893 - DEBUG - Collected collision time for BConcave+DConcave+3500 at IoU 0.6: nan
2025-07-27 02:11:28,894 - DEBUG - Collected collision time for BConcave+DConcave+3500 at IoU 0.65: nan
2025-07-27 02:11:28,894 - DEBUG - Collected collision time for BConcave+DConcave+3500 at IoU 0.7: nan
2025-07-27 02:11:28,894 - DEBUG - Collected collision time for BConcave+DConcave+3500 at IoU 0.75: nan
2025-07-27 02:11:28,894 - DEBUG - Collected collision time for BConcave+DConcave+3500 at IoU 0.8: nan
2025-07-27 02:11:28,894 - DEBUG - Collected collision time for BConcave+DConcave+3500 at IoU 0.85: nan
2025-07-27 02:11:28,895 - DEBUG - Collected collision time for BConcave+DConcave+3500 at IoU 0.9: nan
2025-07-27 02:11:28,895 - DEBUG - Collected collision time for BConcave+DConcave+3500 at IoU 0.95: nan
2025-07-27 02:11:28,895 - DEBUG - Collected collision time for BConcave+DConcave+3700_flipped at IoU 0.05: 3950.0
2025-07-27 02:11:28,895 - DEBUG - Collected collision time for BConcave+DConcave+3700_flipped at IoU 0.1: 4016.6666666666665
2025-07-27 02:11:28,895 - DEBUG - Collected collision time for BConcave+DConcave+3700_flipped at IoU 0.15: 4083.333333333333
2025-07-27 02:11:28,896 - DEBUG - Collected collision time for BConcave+DConcave+3700_flipped at IoU 0.2: 4166.666666666667
2025-07-27 02:11:28,896 - DEBUG - Collected collision time for BConcave+DConcave+3700_flipped at IoU 0.25: 4233.333333333333
2025-07-27 02:11:28,896 - DEBUG - Collected collision time for BConcave+DConcave+3700_flipped at IoU 0.3: 4300.0
2025-07-27 02:11:28,896 - DEBUG - Collected collision time for BConcave+DConcave+3700_flipped at IoU 0.35: 4366.666666666666
2025-07-27 02:11:28,896 - DEBUG - Collected collision time for BConcave+DConcave+3700_flipped at IoU 0.4: 4433.333333333334
2025-07-27 02:11:28,897 - DEBUG - Collected collision time for BConcave+DConcave+3700_flipped at IoU 0.45: nan
2025-07-27 02:11:28,897 - DEBUG - Collected collision time for BConcave+DConcave+3700_flipped at IoU 0.5: nan
2025-07-27 02:11:28,897 - DEBUG - Collected collision time for BConcave+DConcave+3700_flipped at IoU 0.55: nan
2025-07-27 02:11:28,897 - DEBUG - Collected collision time for BConcave+DConcave+3700_flipped at IoU 0.6: nan
2025-07-27 02:11:28,897 - DEBUG - Collected collision time for BConcave+DConcave+3700_flipped at IoU 0.65: nan
2025-07-27 02:11:28,898 - DEBUG - Collected collision time for BConcave+DConcave+3700_flipped at IoU 0.7: nan
2025-07-27 02:11:28,898 - DEBUG - Collected collision time for BConcave+DConcave+3700_flipped at IoU 0.75: nan
2025-07-27 02:11:28,898 - DEBUG - Collected collision time for BConcave+DConcave+3700_flipped at IoU 0.8: nan
2025-07-27 02:11:28,898 - DEBUG - Collected collision time for BConcave+DConcave+3700_flipped at IoU 0.85: nan
2025-07-27 02:11:28,898 - DEBUG - Collected collision time for BConcave+DConcave+3700_flipped at IoU 0.9: nan
2025-07-27 02:11:28,899 - DEBUG - Collected collision time for BConcave+DConcave+3700_flipped at IoU 0.95: nan
2025-07-27 02:11:28,899 - DEBUG - Collected collision time for BConcave+DConcave+3900 at IoU 0.05: 1500.0
2025-07-27 02:11:28,899 - DEBUG - Collected collision time for BConcave+DConcave+3900 at IoU 0.1: 4166.666666666667
2025-07-27 02:11:28,899 - DEBUG - Collected collision time for BConcave+DConcave+3900 at IoU 0.15: 4250.0
2025-07-27 02:11:28,899 - DEBUG - Collected collision time for BConcave+DConcave+3900 at IoU 0.2: 4316.666666666666
2025-07-27 02:11:28,900 - DEBUG - Collected collision time for BConcave+DConcave+3900 at IoU 0.25: 4383.333333333334
2025-07-27 02:11:28,900 - DEBUG - Collected collision time for BConcave+DConcave+3900 at IoU 0.3: 4433.333333333334
2025-07-27 02:11:28,900 - DEBUG - Collected collision time for BConcave+DConcave+3900 at IoU 0.35: 4500.0
2025-07-27 02:11:28,900 - DEBUG - Collected collision time for BConcave+DConcave+3900 at IoU 0.4: 4566.666666666666
2025-07-27 02:11:28,900 - DEBUG - Collected collision time for BConcave+DConcave+3900 at IoU 0.45: 4633.333333333334
2025-07-27 02:11:28,900 - DEBUG - Collected collision time for BConcave+DConcave+3900 at IoU 0.5: nan
2025-07-27 02:11:28,901 - DEBUG - Collected collision time for BConcave+DConcave+3900 at IoU 0.55: nan
2025-07-27 02:11:28,901 - DEBUG - Collected collision time for BConcave+DConcave+3900 at IoU 0.6: nan
2025-07-27 02:11:28,901 - DEBUG - Collected collision time for BConcave+DConcave+3900 at IoU 0.65: nan
2025-07-27 02:11:28,901 - DEBUG - Collected collision time for BConcave+DConcave+3900 at IoU 0.7: nan
2025-07-27 02:11:28,902 - DEBUG - Collected collision time for BConcave+DConcave+3900 at IoU 0.75: nan
2025-07-27 02:11:28,902 - DEBUG - Collected collision time for BConcave+DConcave+3900 at IoU 0.8: nan
2025-07-27 02:11:28,902 - DEBUG - Collected collision time for BConcave+DConcave+3900 at IoU 0.85: nan
2025-07-27 02:11:28,902 - DEBUG - Collected collision time for BConcave+DConcave+3900 at IoU 0.9: nan
2025-07-27 02:11:28,902 - DEBUG - Collected collision time for BConcave+DConcave+3900 at IoU 0.95: nan
2025-07-27 02:11:28,903 - DEBUG - Collected collision time for BConcave+DConcave+4100_flipped at IoU 0.05: 4316.666666666666
2025-07-27 02:11:28,903 - DEBUG - Collected collision time for BConcave+DConcave+4100_flipped at IoU 0.1: 4400.0
2025-07-27 02:11:28,903 - DEBUG - Collected collision time for BConcave+DConcave+4100_flipped at IoU 0.15: 4466.666666666667
2025-07-27 02:11:28,903 - DEBUG - Collected collision time for BConcave+DConcave+4100_flipped at IoU 0.2: 4533.333333333333
2025-07-27 02:11:28,903 - DEBUG - Collected collision time for BConcave+DConcave+4100_flipped at IoU 0.25: 4583.333333333333
2025-07-27 02:11:28,904 - DEBUG - Collected collision time for BConcave+DConcave+4100_flipped at IoU 0.3: 4650.0
2025-07-27 02:11:28,904 - DEBUG - Collected collision time for BConcave+DConcave+4100_flipped at IoU 0.35: 4700.0
2025-07-27 02:11:28,904 - DEBUG - Collected collision time for BConcave+DConcave+4100_flipped at IoU 0.4: 4783.333333333333
2025-07-27 02:11:28,904 - DEBUG - Collected collision time for BConcave+DConcave+4100_flipped at IoU 0.45: 4866.666666666666
2025-07-27 02:11:28,904 - DEBUG - Collected collision time for BConcave+DConcave+4100_flipped at IoU 0.5: nan
2025-07-27 02:11:28,905 - DEBUG - Collected collision time for BConcave+DConcave+4100_flipped at IoU 0.55: nan
2025-07-27 02:11:28,905 - DEBUG - Collected collision time for BConcave+DConcave+4100_flipped at IoU 0.6: nan
2025-07-27 02:11:28,905 - DEBUG - Collected collision time for BConcave+DConcave+4100_flipped at IoU 0.65: nan
2025-07-27 02:11:28,905 - DEBUG - Collected collision time for BConcave+DConcave+4100_flipped at IoU 0.7: nan
2025-07-27 02:11:28,905 - DEBUG - Collected collision time for BConcave+DConcave+4100_flipped at IoU 0.75: nan
2025-07-27 02:11:28,906 - DEBUG - Collected collision time for BConcave+DConcave+4100_flipped at IoU 0.8: nan
2025-07-27 02:11:28,906 - DEBUG - Collected collision time for BConcave+DConcave+4100_flipped at IoU 0.85: nan
2025-07-27 02:11:28,906 - DEBUG - Collected collision time for BConcave+DConcave+4100_flipped at IoU 0.9: nan
2025-07-27 02:11:28,906 - DEBUG - Collected collision time for BConcave+DConcave+4100_flipped at IoU 0.95: nan
2025-07-27 02:11:28,906 - DEBUG - Collected collision time for BConcave+DConcave+4300 at IoU 0.05: 4666.666666666667
2025-07-27 02:11:28,907 - DEBUG - Collected collision time for BConcave+DConcave+4300 at IoU 0.1: 4750.0
2025-07-27 02:11:28,907 - DEBUG - Collected collision time for BConcave+DConcave+4300 at IoU 0.15: 4833.333333333333
2025-07-27 02:11:28,907 - DEBUG - Collected collision time for BConcave+DConcave+4300 at IoU 0.2: 4950.0
2025-07-27 02:11:28,907 - DEBUG - Collected collision time for BConcave+DConcave+4300 at IoU 0.25: 5050.0
2025-07-27 02:11:28,907 - DEBUG - Collected collision time for BConcave+DConcave+4300 at IoU 0.3: nan
2025-07-27 02:11:28,908 - DEBUG - Collected collision time for BConcave+DConcave+4300 at IoU 0.35: nan
2025-07-27 02:11:28,908 - DEBUG - Collected collision time for BConcave+DConcave+4300 at IoU 0.4: nan
2025-07-27 02:11:28,908 - DEBUG - Collected collision time for BConcave+DConcave+4300 at IoU 0.45: nan
2025-07-27 02:11:28,908 - DEBUG - Collected collision time for BConcave+DConcave+4300 at IoU 0.5: nan
2025-07-27 02:11:28,908 - DEBUG - Collected collision time for BConcave+DConcave+4300 at IoU 0.55: nan
2025-07-27 02:11:28,909 - DEBUG - Collected collision time for BConcave+DConcave+4300 at IoU 0.6: nan
2025-07-27 02:11:28,909 - DEBUG - Collected collision time for BConcave+DConcave+4300 at IoU 0.65: nan
2025-07-27 02:11:28,909 - DEBUG - Collected collision time for BConcave+DConcave+4300 at IoU 0.7: nan
2025-07-27 02:11:28,909 - DEBUG - Collected collision time for BConcave+DConcave+4300 at IoU 0.75: nan
2025-07-27 02:11:28,909 - DEBUG - Collected collision time for BConcave+DConcave+4300 at IoU 0.8: nan
2025-07-27 02:11:28,910 - DEBUG - Collected collision time for BConcave+DConcave+4300 at IoU 0.85: nan
2025-07-27 02:11:28,910 - DEBUG - Collected collision time for BConcave+DConcave+4300 at IoU 0.9: nan
2025-07-27 02:11:28,910 - DEBUG - Collected collision time for BConcave+DConcave+4300 at IoU 0.95: nan
2025-07-27 02:11:28,910 - DEBUG - Collected collision time for BConcave+DConcave+4500_flipped at IoU 0.05: 4766.666666666667
2025-07-27 02:11:28,910 - DEBUG - Collected collision time for BConcave+DConcave+4500_flipped at IoU 0.1: 4833.333333333333
2025-07-27 02:11:28,911 - DEBUG - Collected collision time for BConcave+DConcave+4500_flipped at IoU 0.15: 4900.0
2025-07-27 02:11:28,911 - DEBUG - Collected collision time for BConcave+DConcave+4500_flipped at IoU 0.2: 4950.0
2025-07-27 02:11:28,911 - DEBUG - Collected collision time for BConcave+DConcave+4500_flipped at IoU 0.25: 5016.666666666667
2025-07-27 02:11:28,911 - DEBUG - Collected collision time for BConcave+DConcave+4500_flipped at IoU 0.3: 5066.666666666666
2025-07-27 02:11:28,911 - DEBUG - Collected collision time for BConcave+DConcave+4500_flipped at IoU 0.35: 5133.333333333334
2025-07-27 02:11:28,912 - DEBUG - Collected collision time for BConcave+DConcave+4500_flipped at IoU 0.4: 5200.0
2025-07-27 02:11:28,912 - DEBUG - Collected collision time for BConcave+DConcave+4500_flipped at IoU 0.45: 5283.333333333333
2025-07-27 02:11:28,912 - DEBUG - Collected collision time for BConcave+DConcave+4500_flipped at IoU 0.5: nan
2025-07-27 02:11:28,912 - DEBUG - Collected collision time for BConcave+DConcave+4500_flipped at IoU 0.55: nan
2025-07-27 02:11:28,913 - DEBUG - Collected collision time for BConcave+DConcave+4500_flipped at IoU 0.6: nan
2025-07-27 02:11:28,913 - DEBUG - Collected collision time for BConcave+DConcave+4500_flipped at IoU 0.65: nan
2025-07-27 02:11:28,913 - DEBUG - Collected collision time for BConcave+DConcave+4500_flipped at IoU 0.7: nan
2025-07-27 02:11:28,913 - DEBUG - Collected collision time for BConcave+DConcave+4500_flipped at IoU 0.75: nan
2025-07-27 02:11:28,913 - DEBUG - Collected collision time for BConcave+DConcave+4500_flipped at IoU 0.8: nan
2025-07-27 02:11:28,913 - DEBUG - Collected collision time for BConcave+DConcave+4500_flipped at IoU 0.85: nan
2025-07-27 02:11:28,914 - DEBUG - Collected collision time for BConcave+DConcave+4500_flipped at IoU 0.9: nan
2025-07-27 02:11:28,914 - DEBUG - Collected collision time for BConcave+DConcave+4500_flipped at IoU 0.95: nan
2025-07-27 02:11:28,914 - DEBUG - Collected collision time for BConcave+DConvex+3500_flipped at IoU 0.05: 4166.666666666667
2025-07-27 02:11:28,914 - DEBUG - Collected collision time for BConcave+DConvex+3500_flipped at IoU 0.1: 4266.666666666667
2025-07-27 02:11:28,914 - DEBUG - Collected collision time for BConcave+DConvex+3500_flipped at IoU 0.15: 4350.0
2025-07-27 02:11:28,915 - DEBUG - Collected collision time for BConcave+DConvex+3500_flipped at IoU 0.2: 4400.0
2025-07-27 02:11:28,915 - DEBUG - Collected collision time for BConcave+DConvex+3500_flipped at IoU 0.25: 4466.666666666667
2025-07-27 02:11:28,915 - DEBUG - Collected collision time for BConcave+DConvex+3500_flipped at IoU 0.3: 4516.666666666667
2025-07-27 02:11:28,915 - DEBUG - Collected collision time for BConcave+DConvex+3500_flipped at IoU 0.35: 4566.666666666666
2025-07-27 02:11:28,915 - DEBUG - Collected collision time for BConcave+DConvex+3500_flipped at IoU 0.4: 4650.0
2025-07-27 02:11:28,916 - DEBUG - Collected collision time for BConcave+DConvex+3500_flipped at IoU 0.45: 4716.666666666667
2025-07-27 02:11:28,916 - DEBUG - Collected collision time for BConcave+DConvex+3500_flipped at IoU 0.5: nan
2025-07-27 02:11:28,916 - DEBUG - Collected collision time for BConcave+DConvex+3500_flipped at IoU 0.55: nan
2025-07-27 02:11:28,916 - DEBUG - Collected collision time for BConcave+DConvex+3500_flipped at IoU 0.6: nan
2025-07-27 02:11:28,916 - DEBUG - Collected collision time for BConcave+DConvex+3500_flipped at IoU 0.65: nan
2025-07-27 02:11:28,917 - DEBUG - Collected collision time for BConcave+DConvex+3500_flipped at IoU 0.7: nan
2025-07-27 02:11:28,917 - DEBUG - Collected collision time for BConcave+DConvex+3500_flipped at IoU 0.75: nan
2025-07-27 02:11:28,917 - DEBUG - Collected collision time for BConcave+DConvex+3500_flipped at IoU 0.8: nan
2025-07-27 02:11:28,917 - DEBUG - Collected collision time for BConcave+DConvex+3500_flipped at IoU 0.85: nan
2025-07-27 02:11:28,917 - DEBUG - Collected collision time for BConcave+DConvex+3500_flipped at IoU 0.9: nan
2025-07-27 02:11:28,917 - DEBUG - Collected collision time for BConcave+DConvex+3500_flipped at IoU 0.95: nan
2025-07-27 02:11:28,918 - DEBUG - Collected collision time for BConcave+DConvex+3700 at IoU 0.05: 4333.333333333333
2025-07-27 02:11:28,918 - DEBUG - Collected collision time for BConcave+DConvex+3700 at IoU 0.1: 4416.666666666667
2025-07-27 02:11:28,918 - DEBUG - Collected collision time for BConcave+DConvex+3700 at IoU 0.15: 4516.666666666667
2025-07-27 02:11:28,918 - DEBUG - Collected collision time for BConcave+DConvex+3700 at IoU 0.2: 4566.666666666666
2025-07-27 02:11:28,918 - DEBUG - Collected collision time for BConcave+DConvex+3700 at IoU 0.25: 4633.333333333334
2025-07-27 02:11:28,919 - DEBUG - Collected collision time for BConcave+DConvex+3700 at IoU 0.3: 4700.0
2025-07-27 02:11:28,919 - DEBUG - Collected collision time for BConcave+DConvex+3700 at IoU 0.35: 4733.333333333333
2025-07-27 02:11:28,919 - DEBUG - Collected collision time for BConcave+DConvex+3700 at IoU 0.4: 4766.666666666667
2025-07-27 02:11:28,919 - DEBUG - Collected collision time for BConcave+DConvex+3700 at IoU 0.45: 4816.666666666666
2025-07-27 02:11:28,919 - DEBUG - Collected collision time for BConcave+DConvex+3700 at IoU 0.5: 4850.0
2025-07-27 02:11:28,920 - DEBUG - Collected collision time for BConcave+DConvex+3700 at IoU 0.55: 4933.333333333334
2025-07-27 02:11:28,920 - DEBUG - Collected collision time for BConcave+DConvex+3700 at IoU 0.6: nan
2025-07-27 02:11:28,920 - DEBUG - Collected collision time for BConcave+DConvex+3700 at IoU 0.65: nan
2025-07-27 02:11:28,920 - DEBUG - Collected collision time for BConcave+DConvex+3700 at IoU 0.7: nan
2025-07-27 02:11:28,920 - DEBUG - Collected collision time for BConcave+DConvex+3700 at IoU 0.75: nan
2025-07-27 02:11:28,921 - DEBUG - Collected collision time for BConcave+DConvex+3700 at IoU 0.8: nan
2025-07-27 02:11:28,921 - DEBUG - Collected collision time for BConcave+DConvex+3700 at IoU 0.85: nan
2025-07-27 02:11:28,921 - DEBUG - Collected collision time for BConcave+DConvex+3700 at IoU 0.9: nan
2025-07-27 02:11:28,921 - DEBUG - Collected collision time for BConcave+DConvex+3700 at IoU 0.95: nan
2025-07-27 02:11:28,922 - DEBUG - Collected collision time for BConcave+DConvex+3900_flipped at IoU 0.05: 4466.666666666667
2025-07-27 02:11:28,922 - DEBUG - Collected collision time for BConcave+DConvex+3900_flipped at IoU 0.1: 4566.666666666666
2025-07-27 02:11:28,922 - DEBUG - Collected collision time for BConcave+DConvex+3900_flipped at IoU 0.15: 4616.666666666666
2025-07-27 02:11:28,922 - DEBUG - Collected collision time for BConcave+DConvex+3900_flipped at IoU 0.2: 4700.0
2025-07-27 02:11:28,922 - DEBUG - Collected collision time for BConcave+DConvex+3900_flipped at IoU 0.25: 4750.0
2025-07-27 02:11:28,923 - DEBUG - Collected collision time for BConcave+DConvex+3900_flipped at IoU 0.3: 4800.0
2025-07-27 02:11:28,923 - DEBUG - Collected collision time for BConcave+DConvex+3900_flipped at IoU 0.35: 4850.0
2025-07-27 02:11:28,923 - DEBUG - Collected collision time for BConcave+DConvex+3900_flipped at IoU 0.4: 4900.0
2025-07-27 02:11:28,923 - DEBUG - Collected collision time for BConcave+DConvex+3900_flipped at IoU 0.45: 4950.0
2025-07-27 02:11:28,923 - DEBUG - Collected collision time for BConcave+DConvex+3900_flipped at IoU 0.5: 4983.333333333333
2025-07-27 02:11:28,924 - DEBUG - Collected collision time for BConcave+DConvex+3900_flipped at IoU 0.55: 5033.333333333333
2025-07-27 02:11:28,924 - DEBUG - Collected collision time for BConcave+DConvex+3900_flipped at IoU 0.6: nan
2025-07-27 02:11:28,924 - DEBUG - Collected collision time for BConcave+DConvex+3900_flipped at IoU 0.65: nan
2025-07-27 02:11:28,924 - DEBUG - Collected collision time for BConcave+DConvex+3900_flipped at IoU 0.7: nan
2025-07-27 02:11:28,925 - DEBUG - Collected collision time for BConcave+DConvex+3900_flipped at IoU 0.75: nan
2025-07-27 02:11:28,925 - DEBUG - Collected collision time for BConcave+DConvex+3900_flipped at IoU 0.8: nan
2025-07-27 02:11:28,925 - DEBUG - Collected collision time for BConcave+DConvex+3900_flipped at IoU 0.85: nan
2025-07-27 02:11:28,925 - DEBUG - Collected collision time for BConcave+DConvex+3900_flipped at IoU 0.9: nan
2025-07-27 02:11:28,925 - DEBUG - Collected collision time for BConcave+DConvex+3900_flipped at IoU 0.95: nan
2025-07-27 02:11:28,926 - DEBUG - Collected collision time for BConcave+DConvex+4100 at IoU 0.05: 1516.6666666666665
2025-07-27 02:11:28,926 - DEBUG - Collected collision time for BConcave+DConvex+4100 at IoU 0.1: 4633.333333333334
2025-07-27 02:11:28,926 - DEBUG - Collected collision time for BConcave+DConvex+4100 at IoU 0.15: 4733.333333333333
2025-07-27 02:11:28,926 - DEBUG - Collected collision time for BConcave+DConvex+4100 at IoU 0.2: 4816.666666666666
2025-07-27 02:11:28,926 - DEBUG - Collected collision time for BConcave+DConvex+4100 at IoU 0.25: 4900.0
2025-07-27 02:11:28,927 - DEBUG - Collected collision time for BConcave+DConvex+4100 at IoU 0.3: 4983.333333333333
2025-07-27 02:11:28,927 - DEBUG - Collected collision time for BConcave+DConvex+4100 at IoU 0.35: 5066.666666666666
2025-07-27 02:11:28,927 - DEBUG - Collected collision time for BConcave+DConvex+4100 at IoU 0.4: 5133.333333333334
2025-07-27 02:11:28,927 - DEBUG - Collected collision time for BConcave+DConvex+4100 at IoU 0.45: 5183.333333333334
2025-07-27 02:11:28,927 - DEBUG - Collected collision time for BConcave+DConvex+4100 at IoU 0.5: 5233.333333333333
2025-07-27 02:11:28,928 - DEBUG - Collected collision time for BConcave+DConvex+4100 at IoU 0.55: 5300.0
2025-07-27 02:11:28,928 - DEBUG - Collected collision time for BConcave+DConvex+4100 at IoU 0.6: nan
2025-07-27 02:11:28,928 - DEBUG - Collected collision time for BConcave+DConvex+4100 at IoU 0.65: nan
2025-07-27 02:11:28,928 - DEBUG - Collected collision time for BConcave+DConvex+4100 at IoU 0.7: nan
2025-07-27 02:11:28,929 - DEBUG - Collected collision time for BConcave+DConvex+4100 at IoU 0.75: nan
2025-07-27 02:11:28,929 - DEBUG - Collected collision time for BConcave+DConvex+4100 at IoU 0.8: nan
2025-07-27 02:11:28,929 - DEBUG - Collected collision time for BConcave+DConvex+4100 at IoU 0.85: nan
2025-07-27 02:11:28,929 - DEBUG - Collected collision time for BConcave+DConvex+4100 at IoU 0.9: nan
2025-07-27 02:11:28,929 - DEBUG - Collected collision time for BConcave+DConvex+4100 at IoU 0.95: nan
2025-07-27 02:11:28,929 - DEBUG - Collected collision time for BConcave+DConvex+4300_flipped at IoU 0.05: 5016.666666666667
2025-07-27 02:11:28,930 - DEBUG - Collected collision time for BConcave+DConvex+4300_flipped at IoU 0.1: 5183.333333333334
2025-07-27 02:11:28,930 - DEBUG - Collected collision time for BConcave+DConvex+4300_flipped at IoU 0.15: 5183.333333333334
2025-07-27 02:11:28,930 - DEBUG - Collected collision time for BConcave+DConvex+4300_flipped at IoU 0.2: 5200.0
2025-07-27 02:11:28,930 - DEBUG - Collected collision time for BConcave+DConvex+4300_flipped at IoU 0.25: 5283.333333333333
2025-07-27 02:11:28,930 - DEBUG - Collected collision time for BConcave+DConvex+4300_flipped at IoU 0.3: 5350.0
2025-07-27 02:11:28,931 - DEBUG - Collected collision time for BConcave+DConvex+4300_flipped at IoU 0.35: 5350.0
2025-07-27 02:11:28,931 - DEBUG - Collected collision time for BConcave+DConvex+4300_flipped at IoU 0.4: 5383.333333333334
2025-07-27 02:11:28,931 - DEBUG - Collected collision time for BConcave+DConvex+4300_flipped at IoU 0.45: 5383.333333333334
2025-07-27 02:11:28,931 - DEBUG - Collected collision time for BConcave+DConvex+4300_flipped at IoU 0.5: nan
2025-07-27 02:11:28,931 - DEBUG - Collected collision time for BConcave+DConvex+4300_flipped at IoU 0.55: nan
2025-07-27 02:11:28,932 - DEBUG - Collected collision time for BConcave+DConvex+4300_flipped at IoU 0.6: nan
2025-07-27 02:11:28,932 - DEBUG - Collected collision time for BConcave+DConvex+4300_flipped at IoU 0.65: nan
2025-07-27 02:11:28,932 - DEBUG - Collected collision time for BConcave+DConvex+4300_flipped at IoU 0.7: nan
2025-07-27 02:11:28,932 - DEBUG - Collected collision time for BConcave+DConvex+4300_flipped at IoU 0.75: nan
2025-07-27 02:11:28,932 - DEBUG - Collected collision time for BConcave+DConvex+4300_flipped at IoU 0.8: nan
2025-07-27 02:11:28,933 - DEBUG - Collected collision time for BConcave+DConvex+4300_flipped at IoU 0.85: nan
2025-07-27 02:11:28,933 - DEBUG - Collected collision time for BConcave+DConvex+4300_flipped at IoU 0.9: nan
2025-07-27 02:11:28,933 - DEBUG - Collected collision time for BConcave+DConvex+4300_flipped at IoU 0.95: nan
2025-07-27 02:11:28,933 - DEBUG - Collected collision time for BConcave+DConvex+4500 at IoU 0.05: 4883.333333333334
2025-07-27 02:11:28,934 - DEBUG - Collected collision time for BConcave+DConvex+4500 at IoU 0.1: 5033.333333333333
2025-07-27 02:11:28,934 - DEBUG - Collected collision time for BConcave+DConvex+4500 at IoU 0.15: 5133.333333333334
2025-07-27 02:11:28,934 - DEBUG - Collected collision time for BConcave+DConvex+4500 at IoU 0.2: 5233.333333333333
2025-07-27 02:11:28,934 - DEBUG - Collected collision time for BConcave+DConvex+4500 at IoU 0.25: 5300.0
2025-07-27 02:11:28,934 - DEBUG - Collected collision time for BConcave+DConvex+4500 at IoU 0.3: 5400.0
2025-07-27 02:11:28,934 - DEBUG - Collected collision time for BConcave+DConvex+4500 at IoU 0.35: 5466.666666666667
2025-07-27 02:11:28,935 - DEBUG - Collected collision time for BConcave+DConvex+4500 at IoU 0.4: nan
2025-07-27 02:11:28,935 - DEBUG - Collected collision time for BConcave+DConvex+4500 at IoU 0.45: nan
2025-07-27 02:11:28,935 - DEBUG - Collected collision time for BConcave+DConvex+4500 at IoU 0.5: nan
2025-07-27 02:11:28,935 - DEBUG - Collected collision time for BConcave+DConvex+4500 at IoU 0.55: nan
2025-07-27 02:11:28,936 - DEBUG - Collected collision time for BConcave+DConvex+4500 at IoU 0.6: nan
2025-07-27 02:11:28,936 - DEBUG - Collected collision time for BConcave+DConvex+4500 at IoU 0.65: nan
2025-07-27 02:11:28,936 - DEBUG - Collected collision time for BConcave+DConvex+4500 at IoU 0.7: nan
2025-07-27 02:11:28,936 - DEBUG - Collected collision time for BConcave+DConvex+4500 at IoU 0.75: nan
2025-07-27 02:11:28,936 - DEBUG - Collected collision time for BConcave+DConvex+4500 at IoU 0.8: nan
2025-07-27 02:11:28,936 - DEBUG - Collected collision time for BConcave+DConvex+4500 at IoU 0.85: nan
2025-07-27 02:11:28,937 - DEBUG - Collected collision time for BConcave+DConvex+4500 at IoU 0.9: nan
2025-07-27 02:11:28,937 - DEBUG - Collected collision time for BConcave+DConvex+4500 at IoU 0.95: nan
2025-07-27 02:11:28,937 - DEBUG - Collected collision time for BConcave+EConcave+3500_flipped at IoU 0.05: 3816.666666666667
2025-07-27 02:11:28,937 - DEBUG - Collected collision time for BConcave+EConcave+3500_flipped at IoU 0.1: 3900.0
2025-07-27 02:11:28,937 - DEBUG - Collected collision time for BConcave+EConcave+3500_flipped at IoU 0.15: 4016.6666666666665
2025-07-27 02:11:28,938 - DEBUG - Collected collision time for BConcave+EConcave+3500_flipped at IoU 0.2: nan
2025-07-27 02:11:28,938 - DEBUG - Collected collision time for BConcave+EConcave+3500_flipped at IoU 0.25: nan
2025-07-27 02:11:28,938 - DEBUG - Collected collision time for BConcave+EConcave+3500_flipped at IoU 0.3: nan
2025-07-27 02:11:28,938 - DEBUG - Collected collision time for BConcave+EConcave+3500_flipped at IoU 0.35: nan
2025-07-27 02:11:28,938 - DEBUG - Collected collision time for BConcave+EConcave+3500_flipped at IoU 0.4: nan
2025-07-27 02:11:28,939 - DEBUG - Collected collision time for BConcave+EConcave+3500_flipped at IoU 0.45: nan
2025-07-27 02:11:28,939 - DEBUG - Collected collision time for BConcave+EConcave+3500_flipped at IoU 0.5: nan
2025-07-27 02:11:28,939 - DEBUG - Collected collision time for BConcave+EConcave+3500_flipped at IoU 0.55: nan
2025-07-27 02:11:28,939 - DEBUG - Collected collision time for BConcave+EConcave+3500_flipped at IoU 0.6: nan
2025-07-27 02:11:28,939 - DEBUG - Collected collision time for BConcave+EConcave+3500_flipped at IoU 0.65: nan
2025-07-27 02:11:28,940 - DEBUG - Collected collision time for BConcave+EConcave+3500_flipped at IoU 0.7: nan
2025-07-27 02:11:28,940 - DEBUG - Collected collision time for BConcave+EConcave+3500_flipped at IoU 0.75: nan
2025-07-27 02:11:28,940 - DEBUG - Collected collision time for BConcave+EConcave+3500_flipped at IoU 0.8: nan
2025-07-27 02:11:28,940 - DEBUG - Collected collision time for BConcave+EConcave+3500_flipped at IoU 0.85: nan
2025-07-27 02:11:28,940 - DEBUG - Collected collision time for BConcave+EConcave+3500_flipped at IoU 0.9: nan
2025-07-27 02:11:28,940 - DEBUG - Collected collision time for BConcave+EConcave+3500_flipped at IoU 0.95: nan
2025-07-27 02:11:28,941 - DEBUG - Collected collision time for BConcave+EConcave+3700 at IoU 0.05: 3933.333333333333
2025-07-27 02:11:28,941 - DEBUG - Collected collision time for BConcave+EConcave+3700 at IoU 0.1: 4066.6666666666665
2025-07-27 02:11:28,941 - DEBUG - Collected collision time for BConcave+EConcave+3700 at IoU 0.15: 4216.666666666667
2025-07-27 02:11:28,941 - DEBUG - Collected collision time for BConcave+EConcave+3700 at IoU 0.2: nan
2025-07-27 02:11:28,941 - DEBUG - Collected collision time for BConcave+EConcave+3700 at IoU 0.25: nan
2025-07-27 02:11:28,942 - DEBUG - Collected collision time for BConcave+EConcave+3700 at IoU 0.3: nan
2025-07-27 02:11:28,942 - DEBUG - Collected collision time for BConcave+EConcave+3700 at IoU 0.35: nan
2025-07-27 02:11:28,942 - DEBUG - Collected collision time for BConcave+EConcave+3700 at IoU 0.4: nan
2025-07-27 02:11:28,942 - DEBUG - Collected collision time for BConcave+EConcave+3700 at IoU 0.45: nan
2025-07-27 02:11:28,942 - DEBUG - Collected collision time for BConcave+EConcave+3700 at IoU 0.5: nan
2025-07-27 02:11:28,943 - DEBUG - Collected collision time for BConcave+EConcave+3700 at IoU 0.55: nan
2025-07-27 02:11:28,943 - DEBUG - Collected collision time for BConcave+EConcave+3700 at IoU 0.6: nan
2025-07-27 02:11:28,943 - DEBUG - Collected collision time for BConcave+EConcave+3700 at IoU 0.65: nan
2025-07-27 02:11:28,943 - DEBUG - Collected collision time for BConcave+EConcave+3700 at IoU 0.7: nan
2025-07-27 02:11:28,943 - DEBUG - Collected collision time for BConcave+EConcave+3700 at IoU 0.75: nan
2025-07-27 02:11:28,943 - DEBUG - Collected collision time for BConcave+EConcave+3700 at IoU 0.8: nan
2025-07-27 02:11:28,944 - DEBUG - Collected collision time for BConcave+EConcave+3700 at IoU 0.85: nan
2025-07-27 02:11:28,944 - DEBUG - Collected collision time for BConcave+EConcave+3700 at IoU 0.9: nan
2025-07-27 02:11:28,944 - DEBUG - Collected collision time for BConcave+EConcave+3700 at IoU 0.95: nan
2025-07-27 02:11:28,944 - DEBUG - Collected collision time for BConcave+EConcave+3900_flipped at IoU 0.05: 4166.666666666667
2025-07-27 02:11:28,944 - DEBUG - Collected collision time for BConcave+EConcave+3900_flipped at IoU 0.1: 4300.0
2025-07-27 02:11:28,945 - DEBUG - Collected collision time for BConcave+EConcave+3900_flipped at IoU 0.15: 4583.333333333333
2025-07-27 02:11:28,945 - DEBUG - Collected collision time for BConcave+EConcave+3900_flipped at IoU 0.2: nan
2025-07-27 02:11:28,945 - DEBUG - Collected collision time for BConcave+EConcave+3900_flipped at IoU 0.25: nan
2025-07-27 02:11:28,945 - DEBUG - Collected collision time for BConcave+EConcave+3900_flipped at IoU 0.3: nan
2025-07-27 02:11:28,945 - DEBUG - Collected collision time for BConcave+EConcave+3900_flipped at IoU 0.35: nan
2025-07-27 02:11:28,946 - DEBUG - Collected collision time for BConcave+EConcave+3900_flipped at IoU 0.4: nan
2025-07-27 02:11:28,946 - DEBUG - Collected collision time for BConcave+EConcave+3900_flipped at IoU 0.45: nan
2025-07-27 02:11:28,946 - DEBUG - Collected collision time for BConcave+EConcave+3900_flipped at IoU 0.5: nan
2025-07-27 02:11:28,946 - DEBUG - Collected collision time for BConcave+EConcave+3900_flipped at IoU 0.55: nan
2025-07-27 02:11:28,946 - DEBUG - Collected collision time for BConcave+EConcave+3900_flipped at IoU 0.6: nan
2025-07-27 02:11:28,947 - DEBUG - Collected collision time for BConcave+EConcave+3900_flipped at IoU 0.65: nan
2025-07-27 02:11:28,947 - DEBUG - Collected collision time for BConcave+EConcave+3900_flipped at IoU 0.7: nan
2025-07-27 02:11:28,947 - DEBUG - Collected collision time for BConcave+EConcave+3900_flipped at IoU 0.75: nan
2025-07-27 02:11:28,947 - DEBUG - Collected collision time for BConcave+EConcave+3900_flipped at IoU 0.8: nan
2025-07-27 02:11:28,947 - DEBUG - Collected collision time for BConcave+EConcave+3900_flipped at IoU 0.85: nan
2025-07-27 02:11:28,948 - DEBUG - Collected collision time for BConcave+EConcave+3900_flipped at IoU 0.9: nan
2025-07-27 02:11:28,948 - DEBUG - Collected collision time for BConcave+EConcave+3900_flipped at IoU 0.95: nan
2025-07-27 02:11:28,948 - DEBUG - Collected collision time for BConcave+EConcave+4100 at IoU 0.05: 4333.333333333333
2025-07-27 02:11:28,949 - DEBUG - Collected collision time for BConcave+EConcave+4100 at IoU 0.1: 4466.666666666667
2025-07-27 02:11:28,949 - DEBUG - Collected collision time for BConcave+EConcave+4100 at IoU 0.15: 4650.0
2025-07-27 02:11:28,949 - DEBUG - Collected collision time for BConcave+EConcave+4100 at IoU 0.2: nan
2025-07-27 02:11:28,950 - DEBUG - Collected collision time for BConcave+EConcave+4100 at IoU 0.25: nan
2025-07-27 02:11:28,950 - DEBUG - Collected collision time for BConcave+EConcave+4100 at IoU 0.3: nan
2025-07-27 02:11:28,950 - DEBUG - Collected collision time for BConcave+EConcave+4100 at IoU 0.35: nan
2025-07-27 02:11:28,951 - DEBUG - Collected collision time for BConcave+EConcave+4100 at IoU 0.4: nan
2025-07-27 02:11:28,951 - DEBUG - Collected collision time for BConcave+EConcave+4100 at IoU 0.45: nan
2025-07-27 02:11:28,951 - DEBUG - Collected collision time for BConcave+EConcave+4100 at IoU 0.5: nan
2025-07-27 02:11:28,951 - DEBUG - Collected collision time for BConcave+EConcave+4100 at IoU 0.55: nan
2025-07-27 02:11:28,951 - DEBUG - Collected collision time for BConcave+EConcave+4100 at IoU 0.6: nan
2025-07-27 02:11:28,951 - DEBUG - Collected collision time for BConcave+EConcave+4100 at IoU 0.65: nan
2025-07-27 02:11:28,952 - DEBUG - Collected collision time for BConcave+EConcave+4100 at IoU 0.7: nan
2025-07-27 02:11:28,952 - DEBUG - Collected collision time for BConcave+EConcave+4100 at IoU 0.75: nan
2025-07-27 02:11:28,952 - DEBUG - Collected collision time for BConcave+EConcave+4100 at IoU 0.8: nan
2025-07-27 02:11:28,952 - DEBUG - Collected collision time for BConcave+EConcave+4100 at IoU 0.85: nan
2025-07-27 02:11:28,952 - DEBUG - Collected collision time for BConcave+EConcave+4100 at IoU 0.9: nan
2025-07-27 02:11:28,953 - DEBUG - Collected collision time for BConcave+EConcave+4100 at IoU 0.95: nan
2025-07-27 02:11:28,953 - DEBUG - Collected collision time for BConcave+EConcave+4300_flipped at IoU 0.05: 4566.666666666666
2025-07-27 02:11:28,953 - DEBUG - Collected collision time for BConcave+EConcave+4300_flipped at IoU 0.1: 4683.333333333334
2025-07-27 02:11:28,953 - DEBUG - Collected collision time for BConcave+EConcave+4300_flipped at IoU 0.15: 4816.666666666666
2025-07-27 02:11:28,953 - DEBUG - Collected collision time for BConcave+EConcave+4300_flipped at IoU 0.2: nan
2025-07-27 02:11:28,954 - DEBUG - Collected collision time for BConcave+EConcave+4300_flipped at IoU 0.25: nan
2025-07-27 02:11:28,954 - DEBUG - Collected collision time for BConcave+EConcave+4300_flipped at IoU 0.3: nan
2025-07-27 02:11:28,954 - DEBUG - Collected collision time for BConcave+EConcave+4300_flipped at IoU 0.35: nan
2025-07-27 02:11:28,954 - DEBUG - Collected collision time for BConcave+EConcave+4300_flipped at IoU 0.4: nan
2025-07-27 02:11:28,954 - DEBUG - Collected collision time for BConcave+EConcave+4300_flipped at IoU 0.45: nan
2025-07-27 02:11:28,954 - DEBUG - Collected collision time for BConcave+EConcave+4300_flipped at IoU 0.5: nan
2025-07-27 02:11:28,955 - DEBUG - Collected collision time for BConcave+EConcave+4300_flipped at IoU 0.55: nan
2025-07-27 02:11:28,955 - DEBUG - Collected collision time for BConcave+EConcave+4300_flipped at IoU 0.6: nan
2025-07-27 02:11:28,955 - DEBUG - Collected collision time for BConcave+EConcave+4300_flipped at IoU 0.65: nan
2025-07-27 02:11:28,955 - DEBUG - Collected collision time for BConcave+EConcave+4300_flipped at IoU 0.7: nan
2025-07-27 02:11:28,955 - DEBUG - Collected collision time for BConcave+EConcave+4300_flipped at IoU 0.75: nan
2025-07-27 02:11:28,956 - DEBUG - Collected collision time for BConcave+EConcave+4300_flipped at IoU 0.8: nan
2025-07-27 02:11:28,956 - DEBUG - Collected collision time for BConcave+EConcave+4300_flipped at IoU 0.85: nan
2025-07-27 02:11:28,956 - DEBUG - Collected collision time for BConcave+EConcave+4300_flipped at IoU 0.9: nan
2025-07-27 02:11:28,956 - DEBUG - Collected collision time for BConcave+EConcave+4300_flipped at IoU 0.95: nan
2025-07-27 02:11:28,957 - DEBUG - Collected collision time for BConcave+EConcave+4500 at IoU 0.05: 4750.0
2025-07-27 02:11:28,957 - DEBUG - Collected collision time for BConcave+EConcave+4500 at IoU 0.1: 4883.333333333334
2025-07-27 02:11:28,957 - DEBUG - Collected collision time for BConcave+EConcave+4500 at IoU 0.15: 5216.666666666667
2025-07-27 02:11:28,957 - DEBUG - Collected collision time for BConcave+EConcave+4500 at IoU 0.2: nan
2025-07-27 02:11:28,957 - DEBUG - Collected collision time for BConcave+EConcave+4500 at IoU 0.25: nan
2025-07-27 02:11:28,958 - DEBUG - Collected collision time for BConcave+EConcave+4500 at IoU 0.3: nan
2025-07-27 02:11:28,958 - DEBUG - Collected collision time for BConcave+EConcave+4500 at IoU 0.35: nan
2025-07-27 02:11:28,958 - DEBUG - Collected collision time for BConcave+EConcave+4500 at IoU 0.4: nan
2025-07-27 02:11:28,958 - DEBUG - Collected collision time for BConcave+EConcave+4500 at IoU 0.45: nan
2025-07-27 02:11:28,958 - DEBUG - Collected collision time for BConcave+EConcave+4500 at IoU 0.5: nan
2025-07-27 02:11:28,959 - DEBUG - Collected collision time for BConcave+EConcave+4500 at IoU 0.55: nan
2025-07-27 02:11:28,959 - DEBUG - Collected collision time for BConcave+EConcave+4500 at IoU 0.6: nan
2025-07-27 02:11:28,959 - DEBUG - Collected collision time for BConcave+EConcave+4500 at IoU 0.65: nan
2025-07-27 02:11:28,959 - DEBUG - Collected collision time for BConcave+EConcave+4500 at IoU 0.7: nan
2025-07-27 02:11:28,959 - DEBUG - Collected collision time for BConcave+EConcave+4500 at IoU 0.75: nan
2025-07-27 02:11:28,959 - DEBUG - Collected collision time for BConcave+EConcave+4500 at IoU 0.8: nan
2025-07-27 02:11:28,960 - DEBUG - Collected collision time for BConcave+EConcave+4500 at IoU 0.85: nan
2025-07-27 02:11:28,960 - DEBUG - Collected collision time for BConcave+EConcave+4500 at IoU 0.9: nan
2025-07-27 02:11:28,960 - DEBUG - Collected collision time for BConcave+EConcave+4500 at IoU 0.95: nan
2025-07-27 02:11:28,960 - DEBUG - Collected collision time for BConcave+EConvex+3500 at IoU 0.05: 3750.0
2025-07-27 02:11:28,961 - DEBUG - Collected collision time for BConcave+EConvex+3500 at IoU 0.1: 3866.6666666666665
2025-07-27 02:11:28,961 - DEBUG - Collected collision time for BConcave+EConvex+3500 at IoU 0.15: 3966.666666666667
2025-07-27 02:11:28,961 - DEBUG - Collected collision time for BConcave+EConvex+3500 at IoU 0.2: 4066.6666666666665
2025-07-27 02:11:28,961 - DEBUG - Collected collision time for BConcave+EConvex+3500 at IoU 0.25: 4166.666666666667
2025-07-27 02:11:28,961 - DEBUG - Collected collision time for BConcave+EConvex+3500 at IoU 0.3: nan
2025-07-27 02:11:28,962 - DEBUG - Collected collision time for BConcave+EConvex+3500 at IoU 0.35: nan
2025-07-27 02:11:28,962 - DEBUG - Collected collision time for BConcave+EConvex+3500 at IoU 0.4: nan
2025-07-27 02:11:28,962 - DEBUG - Collected collision time for BConcave+EConvex+3500 at IoU 0.45: nan
2025-07-27 02:11:28,962 - DEBUG - Collected collision time for BConcave+EConvex+3500 at IoU 0.5: nan
2025-07-27 02:11:28,962 - DEBUG - Collected collision time for BConcave+EConvex+3500 at IoU 0.55: nan
2025-07-27 02:11:28,963 - DEBUG - Collected collision time for BConcave+EConvex+3500 at IoU 0.6: nan
2025-07-27 02:11:28,963 - DEBUG - Collected collision time for BConcave+EConvex+3500 at IoU 0.65: nan
2025-07-27 02:11:28,963 - DEBUG - Collected collision time for BConcave+EConvex+3500 at IoU 0.7: nan
2025-07-27 02:11:28,963 - DEBUG - Collected collision time for BConcave+EConvex+3500 at IoU 0.75: nan
2025-07-27 02:11:28,963 - DEBUG - Collected collision time for BConcave+EConvex+3500 at IoU 0.8: nan
2025-07-27 02:11:28,964 - DEBUG - Collected collision time for BConcave+EConvex+3500 at IoU 0.85: nan
2025-07-27 02:11:28,964 - DEBUG - Collected collision time for BConcave+EConvex+3500 at IoU 0.9: nan
2025-07-27 02:11:28,964 - DEBUG - Collected collision time for BConcave+EConvex+3500 at IoU 0.95: nan
2025-07-27 02:11:28,964 - DEBUG - Collected collision time for BConcave+EConvex+3700_flipped at IoU 0.05: 4033.333333333333
2025-07-27 02:11:28,965 - DEBUG - Collected collision time for BConcave+EConvex+3700_flipped at IoU 0.1: 4150.0
2025-07-27 02:11:28,965 - DEBUG - Collected collision time for BConcave+EConvex+3700_flipped at IoU 0.15: 4233.333333333333
2025-07-27 02:11:28,965 - DEBUG - Collected collision time for BConcave+EConvex+3700_flipped at IoU 0.2: 4300.0
2025-07-27 02:11:28,965 - DEBUG - Collected collision time for BConcave+EConvex+3700_flipped at IoU 0.25: 4416.666666666667
2025-07-27 02:11:28,965 - DEBUG - Collected collision time for BConcave+EConvex+3700_flipped at IoU 0.3: nan
2025-07-27 02:11:28,965 - DEBUG - Collected collision time for BConcave+EConvex+3700_flipped at IoU 0.35: nan
2025-07-27 02:11:28,966 - DEBUG - Collected collision time for BConcave+EConvex+3700_flipped at IoU 0.4: nan
2025-07-27 02:11:28,966 - DEBUG - Collected collision time for BConcave+EConvex+3700_flipped at IoU 0.45: nan
2025-07-27 02:11:28,966 - DEBUG - Collected collision time for BConcave+EConvex+3700_flipped at IoU 0.5: nan
2025-07-27 02:11:28,966 - DEBUG - Collected collision time for BConcave+EConvex+3700_flipped at IoU 0.55: nan
2025-07-27 02:11:28,967 - DEBUG - Collected collision time for BConcave+EConvex+3700_flipped at IoU 0.6: nan
2025-07-27 02:11:28,967 - DEBUG - Collected collision time for BConcave+EConvex+3700_flipped at IoU 0.65: nan
2025-07-27 02:11:28,967 - DEBUG - Collected collision time for BConcave+EConvex+3700_flipped at IoU 0.7: nan
2025-07-27 02:11:28,967 - DEBUG - Collected collision time for BConcave+EConvex+3700_flipped at IoU 0.75: nan
2025-07-27 02:11:28,967 - DEBUG - Collected collision time for BConcave+EConvex+3700_flipped at IoU 0.8: nan
2025-07-27 02:11:28,967 - DEBUG - Collected collision time for BConcave+EConvex+3700_flipped at IoU 0.85: nan
2025-07-27 02:11:28,968 - DEBUG - Collected collision time for BConcave+EConvex+3700_flipped at IoU 0.9: nan
2025-07-27 02:11:28,968 - DEBUG - Collected collision time for BConcave+EConvex+3700_flipped at IoU 0.95: nan
2025-07-27 02:11:28,968 - DEBUG - Collected collision time for BConcave+EConvex+3900 at IoU 0.05: 4150.0
2025-07-27 02:11:28,968 - DEBUG - Collected collision time for BConcave+EConvex+3900 at IoU 0.1: 4266.666666666667
2025-07-27 02:11:28,968 - DEBUG - Collected collision time for BConcave+EConvex+3900 at IoU 0.15: 4366.666666666666
2025-07-27 02:11:28,969 - DEBUG - Collected collision time for BConcave+EConvex+3900 at IoU 0.2: 4450.0
2025-07-27 02:11:28,969 - DEBUG - Collected collision time for BConcave+EConvex+3900 at IoU 0.25: 4550.0
2025-07-27 02:11:28,969 - DEBUG - Collected collision time for BConcave+EConvex+3900 at IoU 0.3: nan
2025-07-27 02:11:28,969 - DEBUG - Collected collision time for BConcave+EConvex+3900 at IoU 0.35: nan
2025-07-27 02:11:28,969 - DEBUG - Collected collision time for BConcave+EConvex+3900 at IoU 0.4: nan
2025-07-27 02:11:28,970 - DEBUG - Collected collision time for BConcave+EConvex+3900 at IoU 0.45: nan
2025-07-27 02:11:28,970 - DEBUG - Collected collision time for BConcave+EConvex+3900 at IoU 0.5: nan
2025-07-27 02:11:28,970 - DEBUG - Collected collision time for BConcave+EConvex+3900 at IoU 0.55: nan
2025-07-27 02:11:28,970 - DEBUG - Collected collision time for BConcave+EConvex+3900 at IoU 0.6: nan
2025-07-27 02:11:28,970 - DEBUG - Collected collision time for BConcave+EConvex+3900 at IoU 0.65: nan
2025-07-27 02:11:28,971 - DEBUG - Collected collision time for BConcave+EConvex+3900 at IoU 0.7: nan
2025-07-27 02:11:28,971 - DEBUG - Collected collision time for BConcave+EConvex+3900 at IoU 0.75: nan
2025-07-27 02:11:28,971 - DEBUG - Collected collision time for BConcave+EConvex+3900 at IoU 0.8: nan
2025-07-27 02:11:28,971 - DEBUG - Collected collision time for BConcave+EConvex+3900 at IoU 0.85: nan
2025-07-27 02:11:28,971 - DEBUG - Collected collision time for BConcave+EConvex+3900 at IoU 0.9: nan
2025-07-27 02:11:28,972 - DEBUG - Collected collision time for BConcave+EConvex+3900 at IoU 0.95: nan
2025-07-27 02:11:28,972 - DEBUG - Collected collision time for BConcave+EConvex+4100_flipped at IoU 0.05: 4400.0
2025-07-27 02:11:28,972 - DEBUG - Collected collision time for BConcave+EConvex+4100_flipped at IoU 0.1: 4500.0
2025-07-27 02:11:28,972 - DEBUG - Collected collision time for BConcave+EConvex+4100_flipped at IoU 0.15: 4600.0
2025-07-27 02:11:28,973 - DEBUG - Collected collision time for BConcave+EConvex+4100_flipped at IoU 0.2: 4700.0
2025-07-27 02:11:28,973 - DEBUG - Collected collision time for BConcave+EConvex+4100_flipped at IoU 0.25: 4800.0
2025-07-27 02:11:28,973 - DEBUG - Collected collision time for BConcave+EConvex+4100_flipped at IoU 0.3: nan
2025-07-27 02:11:28,973 - DEBUG - Collected collision time for BConcave+EConvex+4100_flipped at IoU 0.35: nan
2025-07-27 02:11:28,973 - DEBUG - Collected collision time for BConcave+EConvex+4100_flipped at IoU 0.4: nan
2025-07-27 02:11:28,973 - DEBUG - Collected collision time for BConcave+EConvex+4100_flipped at IoU 0.45: nan
2025-07-27 02:11:28,974 - DEBUG - Collected collision time for BConcave+EConvex+4100_flipped at IoU 0.5: nan
2025-07-27 02:11:28,974 - DEBUG - Collected collision time for BConcave+EConvex+4100_flipped at IoU 0.55: nan
2025-07-27 02:11:28,974 - DEBUG - Collected collision time for BConcave+EConvex+4100_flipped at IoU 0.6: nan
2025-07-27 02:11:28,974 - DEBUG - Collected collision time for BConcave+EConvex+4100_flipped at IoU 0.65: nan
2025-07-27 02:11:28,975 - DEBUG - Collected collision time for BConcave+EConvex+4100_flipped at IoU 0.7: nan
2025-07-27 02:11:28,975 - DEBUG - Collected collision time for BConcave+EConvex+4100_flipped at IoU 0.75: nan
2025-07-27 02:11:28,975 - DEBUG - Collected collision time for BConcave+EConvex+4100_flipped at IoU 0.8: nan
2025-07-27 02:11:28,975 - DEBUG - Collected collision time for BConcave+EConvex+4100_flipped at IoU 0.85: nan
2025-07-27 02:11:28,975 - DEBUG - Collected collision time for BConcave+EConvex+4100_flipped at IoU 0.9: nan
2025-07-27 02:11:28,976 - DEBUG - Collected collision time for BConcave+EConvex+4100_flipped at IoU 0.95: nan
2025-07-27 02:11:28,976 - DEBUG - Collected collision time for BConcave+EConvex+4300 at IoU 0.05: 4683.333333333334
2025-07-27 02:11:28,976 - DEBUG - Collected collision time for BConcave+EConvex+4300 at IoU 0.1: 4783.333333333333
2025-07-27 02:11:28,976 - DEBUG - Collected collision time for BConcave+EConvex+4300 at IoU 0.15: 4883.333333333334
2025-07-27 02:11:28,976 - DEBUG - Collected collision time for BConcave+EConvex+4300 at IoU 0.2: 5016.666666666667
2025-07-27 02:11:28,977 - DEBUG - Collected collision time for BConcave+EConvex+4300 at IoU 0.25: nan
2025-07-27 02:11:28,977 - DEBUG - Collected collision time for BConcave+EConvex+4300 at IoU 0.3: nan
2025-07-27 02:11:28,977 - DEBUG - Collected collision time for BConcave+EConvex+4300 at IoU 0.35: nan
2025-07-27 02:11:28,977 - DEBUG - Collected collision time for BConcave+EConvex+4300 at IoU 0.4: nan
2025-07-27 02:11:28,978 - DEBUG - Collected collision time for BConcave+EConvex+4300 at IoU 0.45: nan
2025-07-27 02:11:28,978 - DEBUG - Collected collision time for BConcave+EConvex+4300 at IoU 0.5: nan
2025-07-27 02:11:28,978 - DEBUG - Collected collision time for BConcave+EConvex+4300 at IoU 0.55: nan
2025-07-27 02:11:28,978 - DEBUG - Collected collision time for BConcave+EConvex+4300 at IoU 0.6: nan
2025-07-27 02:11:28,978 - DEBUG - Collected collision time for BConcave+EConvex+4300 at IoU 0.65: nan
2025-07-27 02:11:28,979 - DEBUG - Collected collision time for BConcave+EConvex+4300 at IoU 0.7: nan
2025-07-27 02:11:28,979 - DEBUG - Collected collision time for BConcave+EConvex+4300 at IoU 0.75: nan
2025-07-27 02:11:28,979 - DEBUG - Collected collision time for BConcave+EConvex+4300 at IoU 0.8: nan
2025-07-27 02:11:28,979 - DEBUG - Collected collision time for BConcave+EConvex+4300 at IoU 0.85: nan
2025-07-27 02:11:28,979 - DEBUG - Collected collision time for BConcave+EConvex+4300 at IoU 0.9: nan
2025-07-27 02:11:28,979 - DEBUG - Collected collision time for BConcave+EConvex+4300 at IoU 0.95: nan
2025-07-27 02:11:28,980 - DEBUG - Collected collision time for BConcave+EConvex+4500_flipped at IoU 0.05: 4816.666666666666
2025-07-27 02:11:28,980 - DEBUG - Collected collision time for BConcave+EConvex+4500_flipped at IoU 0.1: 4933.333333333334
2025-07-27 02:11:28,980 - DEBUG - Collected collision time for BConcave+EConvex+4500_flipped at IoU 0.15: 5000.0
2025-07-27 02:11:28,980 - DEBUG - Collected collision time for BConcave+EConvex+4500_flipped at IoU 0.2: 5083.333333333333
2025-07-27 02:11:28,981 - DEBUG - Collected collision time for BConcave+EConvex+4500_flipped at IoU 0.25: 5166.666666666667
2025-07-27 02:11:28,981 - DEBUG - Collected collision time for BConcave+EConvex+4500_flipped at IoU 0.3: nan
2025-07-27 02:11:28,981 - DEBUG - Collected collision time for BConcave+EConvex+4500_flipped at IoU 0.35: nan
2025-07-27 02:11:28,981 - DEBUG - Collected collision time for BConcave+EConvex+4500_flipped at IoU 0.4: nan
2025-07-27 02:11:28,981 - DEBUG - Collected collision time for BConcave+EConvex+4500_flipped at IoU 0.45: nan
2025-07-27 02:11:28,982 - DEBUG - Collected collision time for BConcave+EConvex+4500_flipped at IoU 0.5: nan
2025-07-27 02:11:28,982 - DEBUG - Collected collision time for BConcave+EConvex+4500_flipped at IoU 0.55: nan
2025-07-27 02:11:28,982 - DEBUG - Collected collision time for BConcave+EConvex+4500_flipped at IoU 0.6: nan
2025-07-27 02:11:28,982 - DEBUG - Collected collision time for BConcave+EConvex+4500_flipped at IoU 0.65: nan
2025-07-27 02:11:28,982 - DEBUG - Collected collision time for BConcave+EConvex+4500_flipped at IoU 0.7: nan
2025-07-27 02:11:28,983 - DEBUG - Collected collision time for BConcave+EConvex+4500_flipped at IoU 0.75: nan
2025-07-27 02:11:28,983 - DEBUG - Collected collision time for BConcave+EConvex+4500_flipped at IoU 0.8: nan
2025-07-27 02:11:28,983 - DEBUG - Collected collision time for BConcave+EConvex+4500_flipped at IoU 0.85: nan
2025-07-27 02:11:28,983 - DEBUG - Collected collision time for BConcave+EConvex+4500_flipped at IoU 0.9: nan
2025-07-27 02:11:28,983 - DEBUG - Collected collision time for BConcave+EConvex+4500_flipped at IoU 0.95: nan
2025-07-27 02:11:28,984 - DEBUG - Collected collision time for BConcave+FConcave+3500_flipped at IoU 0.05: 3833.3333333333335
2025-07-27 02:11:28,984 - DEBUG - Collected collision time for BConcave+FConcave+3500_flipped at IoU 0.1: 4000.0
2025-07-27 02:11:28,984 - DEBUG - Collected collision time for BConcave+FConcave+3500_flipped at IoU 0.15: 4100.0
2025-07-27 02:11:28,984 - DEBUG - Collected collision time for BConcave+FConcave+3500_flipped at IoU 0.2: 4183.333333333334
2025-07-27 02:11:28,984 - DEBUG - Collected collision time for BConcave+FConcave+3500_flipped at IoU 0.25: 4316.666666666666
2025-07-27 02:11:28,985 - DEBUG - Collected collision time for BConcave+FConcave+3500_flipped at IoU 0.3: 4466.666666666667
2025-07-27 02:11:28,985 - DEBUG - Collected collision time for BConcave+FConcave+3500_flipped at IoU 0.35: nan
2025-07-27 02:11:28,985 - DEBUG - Collected collision time for BConcave+FConcave+3500_flipped at IoU 0.4: nan
2025-07-27 02:11:28,985 - DEBUG - Collected collision time for BConcave+FConcave+3500_flipped at IoU 0.45: nan
2025-07-27 02:11:28,985 - DEBUG - Collected collision time for BConcave+FConcave+3500_flipped at IoU 0.5: nan
2025-07-27 02:11:28,986 - DEBUG - Collected collision time for BConcave+FConcave+3500_flipped at IoU 0.55: nan
2025-07-27 02:11:28,986 - DEBUG - Collected collision time for BConcave+FConcave+3500_flipped at IoU 0.6: nan
2025-07-27 02:11:28,986 - DEBUG - Collected collision time for BConcave+FConcave+3500_flipped at IoU 0.65: nan
2025-07-27 02:11:28,986 - DEBUG - Collected collision time for BConcave+FConcave+3500_flipped at IoU 0.7: nan
2025-07-27 02:11:28,986 - DEBUG - Collected collision time for BConcave+FConcave+3500_flipped at IoU 0.75: nan
2025-07-27 02:11:28,987 - DEBUG - Collected collision time for BConcave+FConcave+3500_flipped at IoU 0.8: nan
2025-07-27 02:11:28,987 - DEBUG - Collected collision time for BConcave+FConcave+3500_flipped at IoU 0.85: nan
2025-07-27 02:11:28,987 - DEBUG - Collected collision time for BConcave+FConcave+3500_flipped at IoU 0.9: nan
2025-07-27 02:11:28,987 - DEBUG - Collected collision time for BConcave+FConcave+3500_flipped at IoU 0.95: nan
2025-07-27 02:11:28,987 - DEBUG - Collected collision time for BConcave+FConcave+3700 at IoU 0.05: 4000.0
2025-07-27 02:11:28,987 - DEBUG - Collected collision time for BConcave+FConcave+3700 at IoU 0.1: 4150.0
2025-07-27 02:11:28,988 - DEBUG - Collected collision time for BConcave+FConcave+3700 at IoU 0.15: 4250.0
2025-07-27 02:11:28,988 - DEBUG - Collected collision time for BConcave+FConcave+3700 at IoU 0.2: 4350.0
2025-07-27 02:11:28,988 - DEBUG - Collected collision time for BConcave+FConcave+3700 at IoU 0.25: 4433.333333333334
2025-07-27 02:11:28,988 - DEBUG - Collected collision time for BConcave+FConcave+3700 at IoU 0.3: 4533.333333333333
2025-07-27 02:11:28,989 - DEBUG - Collected collision time for BConcave+FConcave+3700 at IoU 0.35: 4650.0
2025-07-27 02:11:28,989 - DEBUG - Collected collision time for BConcave+FConcave+3700 at IoU 0.4: 4750.0
2025-07-27 02:11:28,989 - DEBUG - Collected collision time for BConcave+FConcave+3700 at IoU 0.45: nan
2025-07-27 02:11:28,989 - DEBUG - Collected collision time for BConcave+FConcave+3700 at IoU 0.5: nan
2025-07-27 02:11:28,989 - DEBUG - Collected collision time for BConcave+FConcave+3700 at IoU 0.55: nan
2025-07-27 02:11:28,990 - DEBUG - Collected collision time for BConcave+FConcave+3700 at IoU 0.6: nan
2025-07-27 02:11:28,990 - DEBUG - Collected collision time for BConcave+FConcave+3700 at IoU 0.65: nan
2025-07-27 02:11:28,990 - DEBUG - Collected collision time for BConcave+FConcave+3700 at IoU 0.7: nan
2025-07-27 02:11:28,990 - DEBUG - Collected collision time for BConcave+FConcave+3700 at IoU 0.75: nan
2025-07-27 02:11:28,990 - DEBUG - Collected collision time for BConcave+FConcave+3700 at IoU 0.8: nan
2025-07-27 02:11:28,991 - DEBUG - Collected collision time for BConcave+FConcave+3700 at IoU 0.85: nan
2025-07-27 02:11:28,991 - DEBUG - Collected collision time for BConcave+FConcave+3700 at IoU 0.9: nan
2025-07-27 02:11:28,991 - DEBUG - Collected collision time for BConcave+FConcave+3700 at IoU 0.95: nan
2025-07-27 02:11:28,991 - DEBUG - Collected collision time for BConcave+FConcave+3900_flipped at IoU 0.05: 4150.0
2025-07-27 02:11:28,992 - DEBUG - Collected collision time for BConcave+FConcave+3900_flipped at IoU 0.1: 4533.333333333333
2025-07-27 02:11:28,992 - DEBUG - Collected collision time for BConcave+FConcave+3900_flipped at IoU 0.15: 4800.0
2025-07-27 02:11:28,992 - DEBUG - Collected collision time for BConcave+FConcave+3900_flipped at IoU 0.2: 4950.0
2025-07-27 02:11:28,992 - DEBUG - Collected collision time for BConcave+FConcave+3900_flipped at IoU 0.25: 5033.333333333333
2025-07-27 02:11:28,992 - DEBUG - Collected collision time for BConcave+FConcave+3900_flipped at IoU 0.3: nan
2025-07-27 02:11:28,993 - DEBUG - Collected collision time for BConcave+FConcave+3900_flipped at IoU 0.35: nan
2025-07-27 02:11:28,993 - DEBUG - Collected collision time for BConcave+FConcave+3900_flipped at IoU 0.4: nan
2025-07-27 02:11:28,993 - DEBUG - Collected collision time for BConcave+FConcave+3900_flipped at IoU 0.45: nan
2025-07-27 02:11:28,993 - DEBUG - Collected collision time for BConcave+FConcave+3900_flipped at IoU 0.5: nan
2025-07-27 02:11:28,993 - DEBUG - Collected collision time for BConcave+FConcave+3900_flipped at IoU 0.55: nan
2025-07-27 02:11:28,994 - DEBUG - Collected collision time for BConcave+FConcave+3900_flipped at IoU 0.6: nan
2025-07-27 02:11:28,994 - DEBUG - Collected collision time for BConcave+FConcave+3900_flipped at IoU 0.65: nan
2025-07-27 02:11:28,994 - DEBUG - Collected collision time for BConcave+FConcave+3900_flipped at IoU 0.7: nan
2025-07-27 02:11:28,994 - DEBUG - Collected collision time for BConcave+FConcave+3900_flipped at IoU 0.75: nan
2025-07-27 02:11:28,994 - DEBUG - Collected collision time for BConcave+FConcave+3900_flipped at IoU 0.8: nan
2025-07-27 02:11:28,995 - DEBUG - Collected collision time for BConcave+FConcave+3900_flipped at IoU 0.85: nan
2025-07-27 02:11:28,995 - DEBUG - Collected collision time for BConcave+FConcave+3900_flipped at IoU 0.9: nan
2025-07-27 02:11:28,995 - DEBUG - Collected collision time for BConcave+FConcave+3900_flipped at IoU 0.95: nan
2025-07-27 02:11:28,995 - DEBUG - Collected collision time for BConcave+FConcave+4100 at IoU 0.05: 4550.0
2025-07-27 02:11:28,995 - DEBUG - Collected collision time for BConcave+FConcave+4100 at IoU 0.1: 4633.333333333334
2025-07-27 02:11:28,996 - DEBUG - Collected collision time for BConcave+FConcave+4100 at IoU 0.15: 4733.333333333333
2025-07-27 02:11:28,996 - DEBUG - Collected collision time for BConcave+FConcave+4100 at IoU 0.2: 4883.333333333334
2025-07-27 02:11:28,996 - DEBUG - Collected collision time for BConcave+FConcave+4100 at IoU 0.25: 5000.0
2025-07-27 02:11:28,997 - DEBUG - Collected collision time for BConcave+FConcave+4100 at IoU 0.3: nan
2025-07-27 02:11:28,997 - DEBUG - Collected collision time for BConcave+FConcave+4100 at IoU 0.35: nan
2025-07-27 02:11:28,997 - DEBUG - Collected collision time for BConcave+FConcave+4100 at IoU 0.4: nan
2025-07-27 02:11:28,997 - DEBUG - Collected collision time for BConcave+FConcave+4100 at IoU 0.45: nan
2025-07-27 02:11:28,997 - DEBUG - Collected collision time for BConcave+FConcave+4100 at IoU 0.5: nan
2025-07-27 02:11:28,998 - DEBUG - Collected collision time for BConcave+FConcave+4100 at IoU 0.55: nan
2025-07-27 02:11:28,998 - DEBUG - Collected collision time for BConcave+FConcave+4100 at IoU 0.6: nan
2025-07-27 02:11:28,998 - DEBUG - Collected collision time for BConcave+FConcave+4100 at IoU 0.65: nan
2025-07-27 02:11:28,998 - DEBUG - Collected collision time for BConcave+FConcave+4100 at IoU 0.7: nan
2025-07-27 02:11:28,998 - DEBUG - Collected collision time for BConcave+FConcave+4100 at IoU 0.75: nan
2025-07-27 02:11:28,999 - DEBUG - Collected collision time for BConcave+FConcave+4100 at IoU 0.8: nan
2025-07-27 02:11:28,999 - DEBUG - Collected collision time for BConcave+FConcave+4100 at IoU 0.85: nan
2025-07-27 02:11:28,999 - DEBUG - Collected collision time for BConcave+FConcave+4100 at IoU 0.9: nan
2025-07-27 02:11:28,999 - DEBUG - Collected collision time for BConcave+FConcave+4100 at IoU 0.95: nan
2025-07-27 02:11:29,000 - DEBUG - Collected collision time for BConcave+FConcave+4300_flipped at IoU 0.05: 4500.0
2025-07-27 02:11:29,000 - DEBUG - Collected collision time for BConcave+FConcave+4300_flipped at IoU 0.1: 4916.666666666667
2025-07-27 02:11:29,000 - DEBUG - Collected collision time for BConcave+FConcave+4300_flipped at IoU 0.15: 5250.0
2025-07-27 02:11:29,000 - DEBUG - Collected collision time for BConcave+FConcave+4300_flipped at IoU 0.2: 5400.0
2025-07-27 02:11:29,000 - DEBUG - Collected collision time for BConcave+FConcave+4300_flipped at IoU 0.25: nan
2025-07-27 02:11:29,001 - DEBUG - Collected collision time for BConcave+FConcave+4300_flipped at IoU 0.3: nan
2025-07-27 02:11:29,001 - DEBUG - Collected collision time for BConcave+FConcave+4300_flipped at IoU 0.35: nan
2025-07-27 02:11:29,001 - DEBUG - Collected collision time for BConcave+FConcave+4300_flipped at IoU 0.4: nan
2025-07-27 02:11:29,001 - DEBUG - Collected collision time for BConcave+FConcave+4300_flipped at IoU 0.45: nan
2025-07-27 02:11:29,001 - DEBUG - Collected collision time for BConcave+FConcave+4300_flipped at IoU 0.5: nan
2025-07-27 02:11:29,002 - DEBUG - Collected collision time for BConcave+FConcave+4300_flipped at IoU 0.55: nan
2025-07-27 02:11:29,002 - DEBUG - Collected collision time for BConcave+FConcave+4300_flipped at IoU 0.6: nan
2025-07-27 02:11:29,002 - DEBUG - Collected collision time for BConcave+FConcave+4300_flipped at IoU 0.65: nan
2025-07-27 02:11:29,002 - DEBUG - Collected collision time for BConcave+FConcave+4300_flipped at IoU 0.7: nan
2025-07-27 02:11:29,002 - DEBUG - Collected collision time for BConcave+FConcave+4300_flipped at IoU 0.75: nan
2025-07-27 02:11:29,003 - DEBUG - Collected collision time for BConcave+FConcave+4300_flipped at IoU 0.8: nan
2025-07-27 02:11:29,003 - DEBUG - Collected collision time for BConcave+FConcave+4300_flipped at IoU 0.85: nan
2025-07-27 02:11:29,003 - DEBUG - Collected collision time for BConcave+FConcave+4300_flipped at IoU 0.9: nan
2025-07-27 02:11:29,003 - DEBUG - Collected collision time for BConcave+FConcave+4300_flipped at IoU 0.95: nan
2025-07-27 02:11:29,004 - DEBUG - Collected collision time for BConcave+FConcave+4500 at IoU 0.05: 4800.0
2025-07-27 02:11:29,004 - DEBUG - Collected collision time for BConcave+FConcave+4500 at IoU 0.1: 4933.333333333334
2025-07-27 02:11:29,004 - DEBUG - Collected collision time for BConcave+FConcave+4500 at IoU 0.15: 5050.0
2025-07-27 02:11:29,004 - DEBUG - Collected collision time for BConcave+FConcave+4500 at IoU 0.2: 5133.333333333334
2025-07-27 02:11:29,004 - DEBUG - Collected collision time for BConcave+FConcave+4500 at IoU 0.25: 5233.333333333333
2025-07-27 02:11:29,005 - DEBUG - Collected collision time for BConcave+FConcave+4500 at IoU 0.3: 5316.666666666666
2025-07-27 02:11:29,005 - DEBUG - Collected collision time for BConcave+FConcave+4500 at IoU 0.35: 5416.666666666667
2025-07-27 02:11:29,005 - DEBUG - Collected collision time for BConcave+FConcave+4500 at IoU 0.4: nan
2025-07-27 02:11:29,005 - DEBUG - Collected collision time for BConcave+FConcave+4500 at IoU 0.45: nan
2025-07-27 02:11:29,006 - DEBUG - Collected collision time for BConcave+FConcave+4500 at IoU 0.5: nan
2025-07-27 02:11:29,006 - DEBUG - Collected collision time for BConcave+FConcave+4500 at IoU 0.55: nan
2025-07-27 02:11:29,006 - DEBUG - Collected collision time for BConcave+FConcave+4500 at IoU 0.6: nan
2025-07-27 02:11:29,006 - DEBUG - Collected collision time for BConcave+FConcave+4500 at IoU 0.65: nan
2025-07-27 02:11:29,006 - DEBUG - Collected collision time for BConcave+FConcave+4500 at IoU 0.7: nan
2025-07-27 02:11:29,007 - DEBUG - Collected collision time for BConcave+FConcave+4500 at IoU 0.75: nan
2025-07-27 02:11:29,007 - DEBUG - Collected collision time for BConcave+FConcave+4500 at IoU 0.8: nan
2025-07-27 02:11:29,007 - DEBUG - Collected collision time for BConcave+FConcave+4500 at IoU 0.85: nan
2025-07-27 02:11:29,007 - DEBUG - Collected collision time for BConcave+FConcave+4500 at IoU 0.9: nan
2025-07-27 02:11:29,007 - DEBUG - Collected collision time for BConcave+FConcave+4500 at IoU 0.95: nan
2025-07-27 02:11:29,008 - DEBUG - Collected collision time for BConcave+FConvex+3500 at IoU 0.05: 3883.3333333333335
2025-07-27 02:11:29,008 - DEBUG - Collected collision time for BConcave+FConvex+3500 at IoU 0.1: 4133.333333333334
2025-07-27 02:11:29,008 - DEBUG - Collected collision time for BConcave+FConvex+3500 at IoU 0.15: 4516.666666666667
2025-07-27 02:11:29,008 - DEBUG - Collected collision time for BConcave+FConvex+3500 at IoU 0.2: nan
2025-07-27 02:11:29,009 - DEBUG - Collected collision time for BConcave+FConvex+3500 at IoU 0.25: nan
2025-07-27 02:11:29,009 - DEBUG - Collected collision time for BConcave+FConvex+3500 at IoU 0.3: nan
2025-07-27 02:11:29,009 - DEBUG - Collected collision time for BConcave+FConvex+3500 at IoU 0.35: nan
2025-07-27 02:11:29,009 - DEBUG - Collected collision time for BConcave+FConvex+3500 at IoU 0.4: nan
2025-07-27 02:11:29,009 - DEBUG - Collected collision time for BConcave+FConvex+3500 at IoU 0.45: nan
2025-07-27 02:11:29,010 - DEBUG - Collected collision time for BConcave+FConvex+3500 at IoU 0.5: nan
2025-07-27 02:11:29,010 - DEBUG - Collected collision time for BConcave+FConvex+3500 at IoU 0.55: nan
2025-07-27 02:11:29,010 - DEBUG - Collected collision time for BConcave+FConvex+3500 at IoU 0.6: nan
2025-07-27 02:11:29,010 - DEBUG - Collected collision time for BConcave+FConvex+3500 at IoU 0.65: nan
2025-07-27 02:11:29,010 - DEBUG - Collected collision time for BConcave+FConvex+3500 at IoU 0.7: nan
2025-07-27 02:11:29,011 - DEBUG - Collected collision time for BConcave+FConvex+3500 at IoU 0.75: nan
2025-07-27 02:11:29,011 - DEBUG - Collected collision time for BConcave+FConvex+3500 at IoU 0.8: nan
2025-07-27 02:11:29,011 - DEBUG - Collected collision time for BConcave+FConvex+3500 at IoU 0.85: nan
2025-07-27 02:11:29,011 - DEBUG - Collected collision time for BConcave+FConvex+3500 at IoU 0.9: nan
2025-07-27 02:11:29,011 - DEBUG - Collected collision time for BConcave+FConvex+3500 at IoU 0.95: nan
2025-07-27 02:11:29,012 - DEBUG - Collected collision time for BConcave+FConvex+3700_flipped at IoU 0.05: 4166.666666666667
2025-07-27 02:11:29,012 - DEBUG - Collected collision time for BConcave+FConvex+3700_flipped at IoU 0.1: 4300.0
2025-07-27 02:11:29,012 - DEBUG - Collected collision time for BConcave+FConvex+3700_flipped at IoU 0.15: 4416.666666666667
2025-07-27 02:11:29,012 - DEBUG - Collected collision time for BConcave+FConvex+3700_flipped at IoU 0.2: 4533.333333333333
2025-07-27 02:11:29,013 - DEBUG - Collected collision time for BConcave+FConvex+3700_flipped at IoU 0.25: 4633.333333333334
2025-07-27 02:11:29,013 - DEBUG - Collected collision time for BConcave+FConvex+3700_flipped at IoU 0.3: 4733.333333333333
2025-07-27 02:11:29,013 - DEBUG - Collected collision time for BConcave+FConvex+3700_flipped at IoU 0.35: 4866.666666666666
2025-07-27 02:11:29,013 - DEBUG - Collected collision time for BConcave+FConvex+3700_flipped at IoU 0.4: nan
2025-07-27 02:11:29,013 - DEBUG - Collected collision time for BConcave+FConvex+3700_flipped at IoU 0.45: nan
2025-07-27 02:11:29,014 - DEBUG - Collected collision time for BConcave+FConvex+3700_flipped at IoU 0.5: nan
2025-07-27 02:11:29,014 - DEBUG - Collected collision time for BConcave+FConvex+3700_flipped at IoU 0.55: nan
2025-07-27 02:11:29,014 - DEBUG - Collected collision time for BConcave+FConvex+3700_flipped at IoU 0.6: nan
2025-07-27 02:11:29,014 - DEBUG - Collected collision time for BConcave+FConvex+3700_flipped at IoU 0.65: nan
2025-07-27 02:11:29,014 - DEBUG - Collected collision time for BConcave+FConvex+3700_flipped at IoU 0.7: nan
2025-07-27 02:11:29,015 - DEBUG - Collected collision time for BConcave+FConvex+3700_flipped at IoU 0.75: nan
2025-07-27 02:11:29,015 - DEBUG - Collected collision time for BConcave+FConvex+3700_flipped at IoU 0.8: nan
2025-07-27 02:11:29,015 - DEBUG - Collected collision time for BConcave+FConvex+3700_flipped at IoU 0.85: nan
2025-07-27 02:11:29,015 - DEBUG - Collected collision time for BConcave+FConvex+3700_flipped at IoU 0.9: nan
2025-07-27 02:11:29,015 - DEBUG - Collected collision time for BConcave+FConvex+3700_flipped at IoU 0.95: nan
2025-07-27 02:11:29,016 - DEBUG - Collected collision time for BConcave+FConvex+3900 at IoU 0.05: 4633.333333333334
2025-07-27 02:11:29,016 - DEBUG - Collected collision time for BConcave+FConvex+3900 at IoU 0.1: 4866.666666666666
2025-07-27 02:11:29,016 - DEBUG - Collected collision time for BConcave+FConvex+3900 at IoU 0.15: nan
2025-07-27 02:11:29,016 - DEBUG - Collected collision time for BConcave+FConvex+3900 at IoU 0.2: nan
2025-07-27 02:11:29,017 - DEBUG - Collected collision time for BConcave+FConvex+3900 at IoU 0.25: nan
2025-07-27 02:11:29,017 - DEBUG - Collected collision time for BConcave+FConvex+3900 at IoU 0.3: nan
2025-07-27 02:11:29,017 - DEBUG - Collected collision time for BConcave+FConvex+3900 at IoU 0.35: nan
2025-07-27 02:11:29,017 - DEBUG - Collected collision time for BConcave+FConvex+3900 at IoU 0.4: nan
2025-07-27 02:11:29,017 - DEBUG - Collected collision time for BConcave+FConvex+3900 at IoU 0.45: nan
2025-07-27 02:11:29,018 - DEBUG - Collected collision time for BConcave+FConvex+3900 at IoU 0.5: nan
2025-07-27 02:11:29,018 - DEBUG - Collected collision time for BConcave+FConvex+3900 at IoU 0.55: nan
2025-07-27 02:11:29,018 - DEBUG - Collected collision time for BConcave+FConvex+3900 at IoU 0.6: nan
2025-07-27 02:11:29,018 - DEBUG - Collected collision time for BConcave+FConvex+3900 at IoU 0.65: nan
2025-07-27 02:11:29,018 - DEBUG - Collected collision time for BConcave+FConvex+3900 at IoU 0.7: nan
2025-07-27 02:11:29,019 - DEBUG - Collected collision time for BConcave+FConvex+3900 at IoU 0.75: nan
2025-07-27 02:11:29,019 - DEBUG - Collected collision time for BConcave+FConvex+3900 at IoU 0.8: nan
2025-07-27 02:11:29,019 - DEBUG - Collected collision time for BConcave+FConvex+3900 at IoU 0.85: nan
2025-07-27 02:11:29,019 - DEBUG - Collected collision time for BConcave+FConvex+3900 at IoU 0.9: nan
2025-07-27 02:11:29,019 - DEBUG - Collected collision time for BConcave+FConvex+3900 at IoU 0.95: nan
2025-07-27 02:11:29,020 - DEBUG - Collected collision time for BConcave+FConvex+4100_flipped at IoU 0.05: 4566.666666666666
2025-07-27 02:11:29,020 - DEBUG - Collected collision time for BConcave+FConvex+4100_flipped at IoU 0.1: 4716.666666666667
2025-07-27 02:11:29,020 - DEBUG - Collected collision time for BConcave+FConvex+4100_flipped at IoU 0.15: 4833.333333333333
2025-07-27 02:11:29,020 - DEBUG - Collected collision time for BConcave+FConvex+4100_flipped at IoU 0.2: 4983.333333333333
2025-07-27 02:11:29,021 - DEBUG - Collected collision time for BConcave+FConvex+4100_flipped at IoU 0.25: 5116.666666666666
2025-07-27 02:11:29,021 - DEBUG - Collected collision time for BConcave+FConvex+4100_flipped at IoU 0.3: nan
2025-07-27 02:11:29,021 - DEBUG - Collected collision time for BConcave+FConvex+4100_flipped at IoU 0.35: nan
2025-07-27 02:11:29,021 - DEBUG - Collected collision time for BConcave+FConvex+4100_flipped at IoU 0.4: nan
2025-07-27 02:11:29,021 - DEBUG - Collected collision time for BConcave+FConvex+4100_flipped at IoU 0.45: nan
2025-07-27 02:11:29,021 - DEBUG - Collected collision time for BConcave+FConvex+4100_flipped at IoU 0.5: nan
2025-07-27 02:11:29,022 - DEBUG - Collected collision time for BConcave+FConvex+4100_flipped at IoU 0.55: nan
2025-07-27 02:11:29,022 - DEBUG - Collected collision time for BConcave+FConvex+4100_flipped at IoU 0.6: nan
2025-07-27 02:11:29,022 - DEBUG - Collected collision time for BConcave+FConvex+4100_flipped at IoU 0.65: nan
2025-07-27 02:11:29,022 - DEBUG - Collected collision time for BConcave+FConvex+4100_flipped at IoU 0.7: nan
2025-07-27 02:11:29,023 - DEBUG - Collected collision time for BConcave+FConvex+4100_flipped at IoU 0.75: nan
2025-07-27 02:11:29,023 - DEBUG - Collected collision time for BConcave+FConvex+4100_flipped at IoU 0.8: nan
2025-07-27 02:11:29,023 - DEBUG - Collected collision time for BConcave+FConvex+4100_flipped at IoU 0.85: nan
2025-07-27 02:11:29,023 - DEBUG - Collected collision time for BConcave+FConvex+4100_flipped at IoU 0.9: nan
2025-07-27 02:11:29,023 - DEBUG - Collected collision time for BConcave+FConvex+4100_flipped at IoU 0.95: nan
2025-07-27 02:11:29,024 - DEBUG - Collected collision time for BConcave+FConvex+4300 at IoU 0.05: 4716.666666666667
2025-07-27 02:11:29,024 - DEBUG - Collected collision time for BConcave+FConvex+4300 at IoU 0.1: 4883.333333333334
2025-07-27 02:11:29,024 - DEBUG - Collected collision time for BConcave+FConvex+4300 at IoU 0.15: 5000.0
2025-07-27 02:11:29,024 - DEBUG - Collected collision time for BConcave+FConvex+4300 at IoU 0.2: 5100.0
2025-07-27 02:11:29,024 - DEBUG - Collected collision time for BConcave+FConvex+4300 at IoU 0.25: 5200.0
2025-07-27 02:11:29,025 - DEBUG - Collected collision time for BConcave+FConvex+4300 at IoU 0.3: 5283.333333333333
2025-07-27 02:11:29,025 - DEBUG - Collected collision time for BConcave+FConvex+4300 at IoU 0.35: 5400.0
2025-07-27 02:11:29,025 - DEBUG - Collected collision time for BConcave+FConvex+4300 at IoU 0.4: nan
2025-07-27 02:11:29,025 - DEBUG - Collected collision time for BConcave+FConvex+4300 at IoU 0.45: nan
2025-07-27 02:11:29,026 - DEBUG - Collected collision time for BConcave+FConvex+4300 at IoU 0.5: nan
2025-07-27 02:11:29,026 - DEBUG - Collected collision time for BConcave+FConvex+4300 at IoU 0.55: nan
2025-07-27 02:11:29,026 - DEBUG - Collected collision time for BConcave+FConvex+4300 at IoU 0.6: nan
2025-07-27 02:11:29,026 - DEBUG - Collected collision time for BConcave+FConvex+4300 at IoU 0.65: nan
2025-07-27 02:11:29,026 - DEBUG - Collected collision time for BConcave+FConvex+4300 at IoU 0.7: nan
2025-07-27 02:11:29,027 - DEBUG - Collected collision time for BConcave+FConvex+4300 at IoU 0.75: nan
2025-07-27 02:11:29,027 - DEBUG - Collected collision time for BConcave+FConvex+4300 at IoU 0.8: nan
2025-07-27 02:11:29,027 - DEBUG - Collected collision time for BConcave+FConvex+4300 at IoU 0.85: nan
2025-07-27 02:11:29,027 - DEBUG - Collected collision time for BConcave+FConvex+4300 at IoU 0.9: nan
2025-07-27 02:11:29,028 - DEBUG - Collected collision time for BConcave+FConvex+4300 at IoU 0.95: nan
2025-07-27 02:11:29,028 - DEBUG - Collected collision time for BConcave+FConvex+4500_flipped at IoU 0.05: 4900.0
2025-07-27 02:11:29,028 - DEBUG - Collected collision time for BConcave+FConvex+4500_flipped at IoU 0.1: 5066.666666666666
2025-07-27 02:11:29,028 - DEBUG - Collected collision time for BConcave+FConvex+4500_flipped at IoU 0.15: 5216.666666666667
2025-07-27 02:11:29,029 - DEBUG - Collected collision time for BConcave+FConvex+4500_flipped at IoU 0.2: 5300.0
2025-07-27 02:11:29,029 - DEBUG - Collected collision time for BConcave+FConvex+4500_flipped at IoU 0.25: 5400.0
2025-07-27 02:11:29,029 - DEBUG - Collected collision time for BConcave+FConvex+4500_flipped at IoU 0.3: nan
2025-07-27 02:11:29,029 - DEBUG - Collected collision time for BConcave+FConvex+4500_flipped at IoU 0.35: nan
2025-07-27 02:11:29,029 - DEBUG - Collected collision time for BConcave+FConvex+4500_flipped at IoU 0.4: nan
2025-07-27 02:11:29,030 - DEBUG - Collected collision time for BConcave+FConvex+4500_flipped at IoU 0.45: nan
2025-07-27 02:11:29,030 - DEBUG - Collected collision time for BConcave+FConvex+4500_flipped at IoU 0.5: nan
2025-07-27 02:11:29,030 - DEBUG - Collected collision time for BConcave+FConvex+4500_flipped at IoU 0.55: nan
2025-07-27 02:11:29,030 - DEBUG - Collected collision time for BConcave+FConvex+4500_flipped at IoU 0.6: nan
2025-07-27 02:11:29,030 - DEBUG - Collected collision time for BConcave+FConvex+4500_flipped at IoU 0.65: nan
2025-07-27 02:11:29,031 - DEBUG - Collected collision time for BConcave+FConvex+4500_flipped at IoU 0.7: nan
2025-07-27 02:11:29,031 - DEBUG - Collected collision time for BConcave+FConvex+4500_flipped at IoU 0.75: nan
2025-07-27 02:11:29,031 - DEBUG - Collected collision time for BConcave+FConvex+4500_flipped at IoU 0.8: nan
2025-07-27 02:11:29,031 - DEBUG - Collected collision time for BConcave+FConvex+4500_flipped at IoU 0.85: nan
2025-07-27 02:11:29,031 - DEBUG - Collected collision time for BConcave+FConvex+4500_flipped at IoU 0.9: nan
2025-07-27 02:11:29,032 - DEBUG - Collected collision time for BConcave+FConvex+4500_flipped at IoU 0.95: nan
2025-07-27 02:11:29,032 - DEBUG - Collected collision time for BConcave+gConcave+3500_flipped at IoU 0.05: nan
2025-07-27 02:11:29,032 - DEBUG - Collected collision time for BConcave+gConcave+3500_flipped at IoU 0.1: nan
2025-07-27 02:11:29,032 - DEBUG - Collected collision time for BConcave+gConcave+3500_flipped at IoU 0.15: nan
2025-07-27 02:11:29,032 - DEBUG - Collected collision time for BConcave+gConcave+3500_flipped at IoU 0.2: nan
2025-07-27 02:11:29,033 - DEBUG - Collected collision time for BConcave+gConcave+3500_flipped at IoU 0.25: nan
2025-07-27 02:11:29,033 - DEBUG - Collected collision time for BConcave+gConcave+3500_flipped at IoU 0.3: nan
2025-07-27 02:11:29,033 - DEBUG - Collected collision time for BConcave+gConcave+3500_flipped at IoU 0.35: nan
2025-07-27 02:11:29,033 - DEBUG - Collected collision time for BConcave+gConcave+3500_flipped at IoU 0.4: nan
2025-07-27 02:11:29,033 - DEBUG - Collected collision time for BConcave+gConcave+3500_flipped at IoU 0.45: nan
2025-07-27 02:11:29,034 - DEBUG - Collected collision time for BConcave+gConcave+3500_flipped at IoU 0.5: nan
2025-07-27 02:11:29,034 - DEBUG - Collected collision time for BConcave+gConcave+3500_flipped at IoU 0.55: nan
2025-07-27 02:11:29,034 - DEBUG - Collected collision time for BConcave+gConcave+3500_flipped at IoU 0.6: nan
2025-07-27 02:11:29,034 - DEBUG - Collected collision time for BConcave+gConcave+3500_flipped at IoU 0.65: nan
2025-07-27 02:11:29,034 - DEBUG - Collected collision time for BConcave+gConcave+3500_flipped at IoU 0.7: nan
2025-07-27 02:11:29,035 - DEBUG - Collected collision time for BConcave+gConcave+3500_flipped at IoU 0.75: nan
2025-07-27 02:11:29,035 - DEBUG - Collected collision time for BConcave+gConcave+3500_flipped at IoU 0.8: nan
2025-07-27 02:11:29,035 - DEBUG - Collected collision time for BConcave+gConcave+3500_flipped at IoU 0.85: nan
2025-07-27 02:11:29,035 - DEBUG - Collected collision time for BConcave+gConcave+3500_flipped at IoU 0.9: nan
2025-07-27 02:11:29,036 - DEBUG - Collected collision time for BConcave+gConcave+3500_flipped at IoU 0.95: nan
2025-07-27 02:11:29,036 - DEBUG - Collected collision time for BConcave+gConcave+3700 at IoU 0.05: 3966.666666666667
2025-07-27 02:11:29,036 - DEBUG - Collected collision time for BConcave+gConcave+3700 at IoU 0.1: 4066.6666666666665
2025-07-27 02:11:29,036 - DEBUG - Collected collision time for BConcave+gConcave+3700 at IoU 0.15: 4166.666666666667
2025-07-27 02:11:29,037 - DEBUG - Collected collision time for BConcave+gConcave+3700 at IoU 0.2: 4233.333333333333
2025-07-27 02:11:29,037 - DEBUG - Collected collision time for BConcave+gConcave+3700 at IoU 0.25: 4333.333333333333
2025-07-27 02:11:29,037 - DEBUG - Collected collision time for BConcave+gConcave+3700 at IoU 0.3: nan
2025-07-27 02:11:29,037 - DEBUG - Collected collision time for BConcave+gConcave+3700 at IoU 0.35: nan
2025-07-27 02:11:29,037 - DEBUG - Collected collision time for BConcave+gConcave+3700 at IoU 0.4: nan
2025-07-27 02:11:29,037 - DEBUG - Collected collision time for BConcave+gConcave+3700 at IoU 0.45: nan
2025-07-27 02:11:29,038 - DEBUG - Collected collision time for BConcave+gConcave+3700 at IoU 0.5: nan
2025-07-27 02:11:29,038 - DEBUG - Collected collision time for BConcave+gConcave+3700 at IoU 0.55: nan
2025-07-27 02:11:29,038 - DEBUG - Collected collision time for BConcave+gConcave+3700 at IoU 0.6: nan
2025-07-27 02:11:29,038 - DEBUG - Collected collision time for BConcave+gConcave+3700 at IoU 0.65: nan
2025-07-27 02:11:29,038 - DEBUG - Collected collision time for BConcave+gConcave+3700 at IoU 0.7: nan
2025-07-27 02:11:29,039 - DEBUG - Collected collision time for BConcave+gConcave+3700 at IoU 0.75: nan
2025-07-27 02:11:29,039 - DEBUG - Collected collision time for BConcave+gConcave+3700 at IoU 0.8: nan
2025-07-27 02:11:29,039 - DEBUG - Collected collision time for BConcave+gConcave+3700 at IoU 0.85: nan
2025-07-27 02:11:29,039 - DEBUG - Collected collision time for BConcave+gConcave+3700 at IoU 0.9: nan
2025-07-27 02:11:29,040 - DEBUG - Collected collision time for BConcave+gConcave+3700 at IoU 0.95: nan
2025-07-27 02:11:29,040 - DEBUG - Collected collision time for BConcave+gConcave+3900_flipped at IoU 0.05: 4033.333333333333
2025-07-27 02:11:29,040 - DEBUG - Collected collision time for BConcave+gConcave+3900_flipped at IoU 0.1: 4150.0
2025-07-27 02:11:29,040 - DEBUG - Collected collision time for BConcave+gConcave+3900_flipped at IoU 0.15: 4266.666666666667
2025-07-27 02:11:29,040 - DEBUG - Collected collision time for BConcave+gConcave+3900_flipped at IoU 0.2: 4350.0
2025-07-27 02:11:29,040 - DEBUG - Collected collision time for BConcave+gConcave+3900_flipped at IoU 0.25: 4433.333333333334
2025-07-27 02:11:29,041 - DEBUG - Collected collision time for BConcave+gConcave+3900_flipped at IoU 0.3: 4616.666666666666
2025-07-27 02:11:29,041 - DEBUG - Collected collision time for BConcave+gConcave+3900_flipped at IoU 0.35: nan
2025-07-27 02:11:29,041 - DEBUG - Collected collision time for BConcave+gConcave+3900_flipped at IoU 0.4: nan
2025-07-27 02:11:29,041 - DEBUG - Collected collision time for BConcave+gConcave+3900_flipped at IoU 0.45: nan
2025-07-27 02:11:29,042 - DEBUG - Collected collision time for BConcave+gConcave+3900_flipped at IoU 0.5: nan
2025-07-27 02:11:29,042 - DEBUG - Collected collision time for BConcave+gConcave+3900_flipped at IoU 0.55: nan
2025-07-27 02:11:29,042 - DEBUG - Collected collision time for BConcave+gConcave+3900_flipped at IoU 0.6: nan
2025-07-27 02:11:29,042 - DEBUG - Collected collision time for BConcave+gConcave+3900_flipped at IoU 0.65: nan
2025-07-27 02:11:29,042 - DEBUG - Collected collision time for BConcave+gConcave+3900_flipped at IoU 0.7: nan
2025-07-27 02:11:29,043 - DEBUG - Collected collision time for BConcave+gConcave+3900_flipped at IoU 0.75: nan
2025-07-27 02:11:29,043 - DEBUG - Collected collision time for BConcave+gConcave+3900_flipped at IoU 0.8: nan
2025-07-27 02:11:29,043 - DEBUG - Collected collision time for BConcave+gConcave+3900_flipped at IoU 0.85: nan
2025-07-27 02:11:29,043 - DEBUG - Collected collision time for BConcave+gConcave+3900_flipped at IoU 0.9: nan
2025-07-27 02:11:29,043 - DEBUG - Collected collision time for BConcave+gConcave+3900_flipped at IoU 0.95: nan
2025-07-27 02:11:29,044 - DEBUG - Collected collision time for BConcave+gConcave+4100 at IoU 0.05: 4350.0
2025-07-27 02:11:29,044 - DEBUG - Collected collision time for BConcave+gConcave+4100 at IoU 0.1: 4466.666666666667
2025-07-27 02:11:29,044 - DEBUG - Collected collision time for BConcave+gConcave+4100 at IoU 0.15: 4566.666666666666
2025-07-27 02:11:29,044 - DEBUG - Collected collision time for BConcave+gConcave+4100 at IoU 0.2: 4700.0
2025-07-27 02:11:29,044 - DEBUG - Collected collision time for BConcave+gConcave+4100 at IoU 0.25: nan
2025-07-27 02:11:29,045 - DEBUG - Collected collision time for BConcave+gConcave+4100 at IoU 0.3: nan
2025-07-27 02:11:29,045 - DEBUG - Collected collision time for BConcave+gConcave+4100 at IoU 0.35: nan
2025-07-27 02:11:29,045 - DEBUG - Collected collision time for BConcave+gConcave+4100 at IoU 0.4: nan
2025-07-27 02:11:29,045 - DEBUG - Collected collision time for BConcave+gConcave+4100 at IoU 0.45: nan
2025-07-27 02:11:29,045 - DEBUG - Collected collision time for BConcave+gConcave+4100 at IoU 0.5: nan
2025-07-27 02:11:29,046 - DEBUG - Collected collision time for BConcave+gConcave+4100 at IoU 0.55: nan
2025-07-27 02:11:29,046 - DEBUG - Collected collision time for BConcave+gConcave+4100 at IoU 0.6: nan
2025-07-27 02:11:29,046 - DEBUG - Collected collision time for BConcave+gConcave+4100 at IoU 0.65: nan
2025-07-27 02:11:29,046 - DEBUG - Collected collision time for BConcave+gConcave+4100 at IoU 0.7: nan
2025-07-27 02:11:29,046 - DEBUG - Collected collision time for BConcave+gConcave+4100 at IoU 0.75: nan
2025-07-27 02:11:29,047 - DEBUG - Collected collision time for BConcave+gConcave+4100 at IoU 0.8: nan
2025-07-27 02:11:29,047 - DEBUG - Collected collision time for BConcave+gConcave+4100 at IoU 0.85: nan
2025-07-27 02:11:29,047 - DEBUG - Collected collision time for BConcave+gConcave+4100 at IoU 0.9: nan
2025-07-27 02:11:29,047 - DEBUG - Collected collision time for BConcave+gConcave+4100 at IoU 0.95: nan
2025-07-27 02:11:29,047 - DEBUG - Collected collision time for BConcave+gConcave+4300_flipped at IoU 0.05: 4516.666666666667
2025-07-27 02:11:29,048 - DEBUG - Collected collision time for BConcave+gConcave+4300_flipped at IoU 0.1: 4616.666666666666
2025-07-27 02:11:29,048 - DEBUG - Collected collision time for BConcave+gConcave+4300_flipped at IoU 0.15: 4700.0
2025-07-27 02:11:29,048 - DEBUG - Collected collision time for BConcave+gConcave+4300_flipped at IoU 0.2: 4783.333333333333
2025-07-27 02:11:29,048 - DEBUG - Collected collision time for BConcave+gConcave+4300_flipped at IoU 0.25: 4900.0
2025-07-27 02:11:29,049 - DEBUG - Collected collision time for BConcave+gConcave+4300_flipped at IoU 0.3: nan
2025-07-27 02:11:29,049 - DEBUG - Collected collision time for BConcave+gConcave+4300_flipped at IoU 0.35: nan
2025-07-27 02:11:29,049 - DEBUG - Collected collision time for BConcave+gConcave+4300_flipped at IoU 0.4: nan
2025-07-27 02:11:29,049 - DEBUG - Collected collision time for BConcave+gConcave+4300_flipped at IoU 0.45: nan
2025-07-27 02:11:29,049 - DEBUG - Collected collision time for BConcave+gConcave+4300_flipped at IoU 0.5: nan
2025-07-27 02:11:29,050 - DEBUG - Collected collision time for BConcave+gConcave+4300_flipped at IoU 0.55: nan
2025-07-27 02:11:29,050 - DEBUG - Collected collision time for BConcave+gConcave+4300_flipped at IoU 0.6: nan
2025-07-27 02:11:29,050 - DEBUG - Collected collision time for BConcave+gConcave+4300_flipped at IoU 0.65: nan
2025-07-27 02:11:29,050 - DEBUG - Collected collision time for BConcave+gConcave+4300_flipped at IoU 0.7: nan
2025-07-27 02:11:29,050 - DEBUG - Collected collision time for BConcave+gConcave+4300_flipped at IoU 0.75: nan
2025-07-27 02:11:29,051 - DEBUG - Collected collision time for BConcave+gConcave+4300_flipped at IoU 0.8: nan
2025-07-27 02:11:29,051 - DEBUG - Collected collision time for BConcave+gConcave+4300_flipped at IoU 0.85: nan
2025-07-27 02:11:29,051 - DEBUG - Collected collision time for BConcave+gConcave+4300_flipped at IoU 0.9: nan
2025-07-27 02:11:29,051 - DEBUG - Collected collision time for BConcave+gConcave+4300_flipped at IoU 0.95: nan
2025-07-27 02:11:29,052 - DEBUG - Collected collision time for BConcave+gConcave+4500 at IoU 0.05: 4750.0
2025-07-27 02:11:29,052 - DEBUG - Collected collision time for BConcave+gConcave+4500 at IoU 0.1: 4866.666666666666
2025-07-27 02:11:29,052 - DEBUG - Collected collision time for BConcave+gConcave+4500 at IoU 0.15: 4966.666666666667
2025-07-27 02:11:29,052 - DEBUG - Collected collision time for BConcave+gConcave+4500 at IoU 0.2: 5183.333333333334
2025-07-27 02:11:29,052 - DEBUG - Collected collision time for BConcave+gConcave+4500 at IoU 0.25: nan
2025-07-27 02:11:29,053 - DEBUG - Collected collision time for BConcave+gConcave+4500 at IoU 0.3: nan
2025-07-27 02:11:29,053 - DEBUG - Collected collision time for BConcave+gConcave+4500 at IoU 0.35: nan
2025-07-27 02:11:29,053 - DEBUG - Collected collision time for BConcave+gConcave+4500 at IoU 0.4: nan
2025-07-27 02:11:29,053 - DEBUG - Collected collision time for BConcave+gConcave+4500 at IoU 0.45: nan
2025-07-27 02:11:29,053 - DEBUG - Collected collision time for BConcave+gConcave+4500 at IoU 0.5: nan
2025-07-27 02:11:29,054 - DEBUG - Collected collision time for BConcave+gConcave+4500 at IoU 0.55: nan
2025-07-27 02:11:29,054 - DEBUG - Collected collision time for BConcave+gConcave+4500 at IoU 0.6: nan
2025-07-27 02:11:29,054 - DEBUG - Collected collision time for BConcave+gConcave+4500 at IoU 0.65: nan
2025-07-27 02:11:29,054 - DEBUG - Collected collision time for BConcave+gConcave+4500 at IoU 0.7: nan
2025-07-27 02:11:29,054 - DEBUG - Collected collision time for BConcave+gConcave+4500 at IoU 0.75: nan
2025-07-27 02:11:29,055 - DEBUG - Collected collision time for BConcave+gConcave+4500 at IoU 0.8: nan
2025-07-27 02:11:29,055 - DEBUG - Collected collision time for BConcave+gConcave+4500 at IoU 0.85: nan
2025-07-27 02:11:29,055 - DEBUG - Collected collision time for BConcave+gConcave+4500 at IoU 0.9: nan
2025-07-27 02:11:29,055 - DEBUG - Collected collision time for BConcave+gConcave+4500 at IoU 0.95: nan
2025-07-27 02:11:29,055 - DEBUG - Collected collision time for BConcave+gConvex+3500 at IoU 0.05: nan
2025-07-27 02:11:29,056 - DEBUG - Collected collision time for BConcave+gConvex+3500 at IoU 0.1: nan
2025-07-27 02:11:29,056 - DEBUG - Collected collision time for BConcave+gConvex+3500 at IoU 0.15: nan
2025-07-27 02:11:29,056 - DEBUG - Collected collision time for BConcave+gConvex+3500 at IoU 0.2: nan
2025-07-27 02:11:29,056 - DEBUG - Collected collision time for BConcave+gConvex+3500 at IoU 0.25: nan
2025-07-27 02:11:29,056 - DEBUG - Collected collision time for BConcave+gConvex+3500 at IoU 0.3: nan
2025-07-27 02:11:29,057 - DEBUG - Collected collision time for BConcave+gConvex+3500 at IoU 0.35: nan
2025-07-27 02:11:29,057 - DEBUG - Collected collision time for BConcave+gConvex+3500 at IoU 0.4: nan
2025-07-27 02:11:29,057 - DEBUG - Collected collision time for BConcave+gConvex+3500 at IoU 0.45: nan
2025-07-27 02:11:29,057 - DEBUG - Collected collision time for BConcave+gConvex+3500 at IoU 0.5: nan
2025-07-27 02:11:29,057 - DEBUG - Collected collision time for BConcave+gConvex+3500 at IoU 0.55: nan
2025-07-27 02:11:29,058 - DEBUG - Collected collision time for BConcave+gConvex+3500 at IoU 0.6: nan
2025-07-27 02:11:29,058 - DEBUG - Collected collision time for BConcave+gConvex+3500 at IoU 0.65: nan
2025-07-27 02:11:29,058 - DEBUG - Collected collision time for BConcave+gConvex+3500 at IoU 0.7: nan
2025-07-27 02:11:29,058 - DEBUG - Collected collision time for BConcave+gConvex+3500 at IoU 0.75: nan
2025-07-27 02:11:29,058 - DEBUG - Collected collision time for BConcave+gConvex+3500 at IoU 0.8: nan
2025-07-27 02:11:29,059 - DEBUG - Collected collision time for BConcave+gConvex+3500 at IoU 0.85: nan
2025-07-27 02:11:29,059 - DEBUG - Collected collision time for BConcave+gConvex+3500 at IoU 0.9: nan
2025-07-27 02:11:29,059 - DEBUG - Collected collision time for BConcave+gConvex+3500 at IoU 0.95: nan
2025-07-27 02:11:29,059 - DEBUG - Collected collision time for BConcave+gConvex+3700_flipped at IoU 0.05: nan
2025-07-27 02:11:29,059 - DEBUG - Collected collision time for BConcave+gConvex+3700_flipped at IoU 0.1: nan
2025-07-27 02:11:29,059 - DEBUG - Collected collision time for BConcave+gConvex+3700_flipped at IoU 0.15: nan
2025-07-27 02:11:29,060 - DEBUG - Collected collision time for BConcave+gConvex+3700_flipped at IoU 0.2: nan
2025-07-27 02:11:29,060 - DEBUG - Collected collision time for BConcave+gConvex+3700_flipped at IoU 0.25: nan
2025-07-27 02:11:29,060 - DEBUG - Collected collision time for BConcave+gConvex+3700_flipped at IoU 0.3: nan
2025-07-27 02:11:29,060 - DEBUG - Collected collision time for BConcave+gConvex+3700_flipped at IoU 0.35: nan
2025-07-27 02:11:29,060 - DEBUG - Collected collision time for BConcave+gConvex+3700_flipped at IoU 0.4: nan
2025-07-27 02:11:29,061 - DEBUG - Collected collision time for BConcave+gConvex+3700_flipped at IoU 0.45: nan
2025-07-27 02:11:29,061 - DEBUG - Collected collision time for BConcave+gConvex+3700_flipped at IoU 0.5: nan
2025-07-27 02:11:29,061 - DEBUG - Collected collision time for BConcave+gConvex+3700_flipped at IoU 0.55: nan
2025-07-27 02:11:29,061 - DEBUG - Collected collision time for BConcave+gConvex+3700_flipped at IoU 0.6: nan
2025-07-27 02:11:29,062 - DEBUG - Collected collision time for BConcave+gConvex+3700_flipped at IoU 0.65: nan
2025-07-27 02:11:29,062 - DEBUG - Collected collision time for BConcave+gConvex+3700_flipped at IoU 0.7: nan
2025-07-27 02:11:29,062 - DEBUG - Collected collision time for BConcave+gConvex+3700_flipped at IoU 0.75: nan
2025-07-27 02:11:29,062 - DEBUG - Collected collision time for BConcave+gConvex+3700_flipped at IoU 0.8: nan
2025-07-27 02:11:29,062 - DEBUG - Collected collision time for BConcave+gConvex+3700_flipped at IoU 0.85: nan
2025-07-27 02:11:29,062 - DEBUG - Collected collision time for BConcave+gConvex+3700_flipped at IoU 0.9: nan
2025-07-27 02:11:29,063 - DEBUG - Collected collision time for BConcave+gConvex+3700_flipped at IoU 0.95: nan
2025-07-27 02:11:29,063 - DEBUG - Collected collision time for BConcave+gConvex+3900 at IoU 0.05: nan
2025-07-27 02:11:29,063 - DEBUG - Collected collision time for BConcave+gConvex+3900 at IoU 0.1: nan
2025-07-27 02:11:29,063 - DEBUG - Collected collision time for BConcave+gConvex+3900 at IoU 0.15: nan
2025-07-27 02:11:29,063 - DEBUG - Collected collision time for BConcave+gConvex+3900 at IoU 0.2: nan
2025-07-27 02:11:29,064 - DEBUG - Collected collision time for BConcave+gConvex+3900 at IoU 0.25: nan
2025-07-27 02:11:29,064 - DEBUG - Collected collision time for BConcave+gConvex+3900 at IoU 0.3: nan
2025-07-27 02:11:29,064 - DEBUG - Collected collision time for BConcave+gConvex+3900 at IoU 0.35: nan
2025-07-27 02:11:29,064 - DEBUG - Collected collision time for BConcave+gConvex+3900 at IoU 0.4: nan
2025-07-27 02:11:29,064 - DEBUG - Collected collision time for BConcave+gConvex+3900 at IoU 0.45: nan
2025-07-27 02:11:29,065 - DEBUG - Collected collision time for BConcave+gConvex+3900 at IoU 0.5: nan
2025-07-27 02:11:29,065 - DEBUG - Collected collision time for BConcave+gConvex+3900 at IoU 0.55: nan
2025-07-27 02:11:29,065 - DEBUG - Collected collision time for BConcave+gConvex+3900 at IoU 0.6: nan
2025-07-27 02:11:29,065 - DEBUG - Collected collision time for BConcave+gConvex+3900 at IoU 0.65: nan
2025-07-27 02:11:29,065 - DEBUG - Collected collision time for BConcave+gConvex+3900 at IoU 0.7: nan
2025-07-27 02:11:29,066 - DEBUG - Collected collision time for BConcave+gConvex+3900 at IoU 0.75: nan
2025-07-27 02:11:29,066 - DEBUG - Collected collision time for BConcave+gConvex+3900 at IoU 0.8: nan
2025-07-27 02:11:29,066 - DEBUG - Collected collision time for BConcave+gConvex+3900 at IoU 0.85: nan
2025-07-27 02:11:29,066 - DEBUG - Collected collision time for BConcave+gConvex+3900 at IoU 0.9: nan
2025-07-27 02:11:29,066 - DEBUG - Collected collision time for BConcave+gConvex+3900 at IoU 0.95: nan
2025-07-27 02:11:29,067 - DEBUG - Collected collision time for BConcave+gConvex+4100_flipped at IoU 0.05: 4600.0
2025-07-27 02:11:29,067 - DEBUG - Collected collision time for BConcave+gConvex+4100_flipped at IoU 0.1: 4866.666666666666
2025-07-27 02:11:29,067 - DEBUG - Collected collision time for BConcave+gConvex+4100_flipped at IoU 0.15: nan
2025-07-27 02:11:29,067 - DEBUG - Collected collision time for BConcave+gConvex+4100_flipped at IoU 0.2: nan
2025-07-27 02:11:29,067 - DEBUG - Collected collision time for BConcave+gConvex+4100_flipped at IoU 0.25: nan
2025-07-27 02:11:29,068 - DEBUG - Collected collision time for BConcave+gConvex+4100_flipped at IoU 0.3: nan
2025-07-27 02:11:29,068 - DEBUG - Collected collision time for BConcave+gConvex+4100_flipped at IoU 0.35: nan
2025-07-27 02:11:29,068 - DEBUG - Collected collision time for BConcave+gConvex+4100_flipped at IoU 0.4: nan
2025-07-27 02:11:29,068 - DEBUG - Collected collision time for BConcave+gConvex+4100_flipped at IoU 0.45: nan
2025-07-27 02:11:29,068 - DEBUG - Collected collision time for BConcave+gConvex+4100_flipped at IoU 0.5: nan
2025-07-27 02:11:29,069 - DEBUG - Collected collision time for BConcave+gConvex+4100_flipped at IoU 0.55: nan
2025-07-27 02:11:29,069 - DEBUG - Collected collision time for BConcave+gConvex+4100_flipped at IoU 0.6: nan
2025-07-27 02:11:29,069 - DEBUG - Collected collision time for BConcave+gConvex+4100_flipped at IoU 0.65: nan
2025-07-27 02:11:29,069 - DEBUG - Collected collision time for BConcave+gConvex+4100_flipped at IoU 0.7: nan
2025-07-27 02:11:29,069 - DEBUG - Collected collision time for BConcave+gConvex+4100_flipped at IoU 0.75: nan
2025-07-27 02:11:29,070 - DEBUG - Collected collision time for BConcave+gConvex+4100_flipped at IoU 0.8: nan
2025-07-27 02:11:29,070 - DEBUG - Collected collision time for BConcave+gConvex+4100_flipped at IoU 0.85: nan
2025-07-27 02:11:29,070 - DEBUG - Collected collision time for BConcave+gConvex+4100_flipped at IoU 0.9: nan
2025-07-27 02:11:29,070 - DEBUG - Collected collision time for BConcave+gConvex+4100_flipped at IoU 0.95: nan
2025-07-27 02:11:29,070 - DEBUG - Collected collision time for BConcave+gConvex+4300 at IoU 0.05: nan
2025-07-27 02:11:29,070 - DEBUG - Collected collision time for BConcave+gConvex+4300 at IoU 0.1: nan
2025-07-27 02:11:29,071 - DEBUG - Collected collision time for BConcave+gConvex+4300 at IoU 0.15: nan
2025-07-27 02:11:29,071 - DEBUG - Collected collision time for BConcave+gConvex+4300 at IoU 0.2: nan
2025-07-27 02:11:29,071 - DEBUG - Collected collision time for BConcave+gConvex+4300 at IoU 0.25: nan
2025-07-27 02:11:29,071 - DEBUG - Collected collision time for BConcave+gConvex+4300 at IoU 0.3: nan
2025-07-27 02:11:29,071 - DEBUG - Collected collision time for BConcave+gConvex+4300 at IoU 0.35: nan
2025-07-27 02:11:29,072 - DEBUG - Collected collision time for BConcave+gConvex+4300 at IoU 0.4: nan
2025-07-27 02:11:29,072 - DEBUG - Collected collision time for BConcave+gConvex+4300 at IoU 0.45: nan
2025-07-27 02:11:29,072 - DEBUG - Collected collision time for BConcave+gConvex+4300 at IoU 0.5: nan
2025-07-27 02:11:29,072 - DEBUG - Collected collision time for BConcave+gConvex+4300 at IoU 0.55: nan
2025-07-27 02:11:29,072 - DEBUG - Collected collision time for BConcave+gConvex+4300 at IoU 0.6: nan
2025-07-27 02:11:29,073 - DEBUG - Collected collision time for BConcave+gConvex+4300 at IoU 0.65: nan
2025-07-27 02:11:29,073 - DEBUG - Collected collision time for BConcave+gConvex+4300 at IoU 0.7: nan
2025-07-27 02:11:29,073 - DEBUG - Collected collision time for BConcave+gConvex+4300 at IoU 0.75: nan
2025-07-27 02:11:29,073 - DEBUG - Collected collision time for BConcave+gConvex+4300 at IoU 0.8: nan
2025-07-27 02:11:29,073 - DEBUG - Collected collision time for BConcave+gConvex+4300 at IoU 0.85: nan
2025-07-27 02:11:29,074 - DEBUG - Collected collision time for BConcave+gConvex+4300 at IoU 0.9: nan
2025-07-27 02:11:29,074 - DEBUG - Collected collision time for BConcave+gConvex+4300 at IoU 0.95: nan
2025-07-27 02:11:29,074 - DEBUG - Collected collision time for BConcave+gConvex+4500_flipped at IoU 0.05: 4983.333333333333
2025-07-27 02:11:29,074 - DEBUG - Collected collision time for BConcave+gConvex+4500_flipped at IoU 0.1: 5216.666666666667
2025-07-27 02:11:29,074 - DEBUG - Collected collision time for BConcave+gConvex+4500_flipped at IoU 0.15: nan
2025-07-27 02:11:29,075 - DEBUG - Collected collision time for BConcave+gConvex+4500_flipped at IoU 0.2: nan
2025-07-27 02:11:29,075 - DEBUG - Collected collision time for BConcave+gConvex+4500_flipped at IoU 0.25: nan
2025-07-27 02:11:29,075 - DEBUG - Collected collision time for BConcave+gConvex+4500_flipped at IoU 0.3: nan
2025-07-27 02:11:29,075 - DEBUG - Collected collision time for BConcave+gConvex+4500_flipped at IoU 0.35: nan
2025-07-27 02:11:29,075 - DEBUG - Collected collision time for BConcave+gConvex+4500_flipped at IoU 0.4: nan
2025-07-27 02:11:29,076 - DEBUG - Collected collision time for BConcave+gConvex+4500_flipped at IoU 0.45: nan
2025-07-27 02:11:29,076 - DEBUG - Collected collision time for BConcave+gConvex+4500_flipped at IoU 0.5: nan
2025-07-27 02:11:29,076 - DEBUG - Collected collision time for BConcave+gConvex+4500_flipped at IoU 0.55: nan
2025-07-27 02:11:29,076 - DEBUG - Collected collision time for BConcave+gConvex+4500_flipped at IoU 0.6: nan
2025-07-27 02:11:29,076 - DEBUG - Collected collision time for BConcave+gConvex+4500_flipped at IoU 0.65: nan
2025-07-27 02:11:29,076 - DEBUG - Collected collision time for BConcave+gConvex+4500_flipped at IoU 0.7: nan
2025-07-27 02:11:29,077 - DEBUG - Collected collision time for BConcave+gConvex+4500_flipped at IoU 0.75: nan
2025-07-27 02:11:29,077 - DEBUG - Collected collision time for BConcave+gConvex+4500_flipped at IoU 0.8: nan
2025-07-27 02:11:29,077 - DEBUG - Collected collision time for BConcave+gConvex+4500_flipped at IoU 0.85: nan
2025-07-27 02:11:29,077 - DEBUG - Collected collision time for BConcave+gConvex+4500_flipped at IoU 0.9: nan
2025-07-27 02:11:29,078 - DEBUG - Collected collision time for BConcave+gConvex+4500_flipped at IoU 0.95: nan
2025-07-27 02:11:29,078 - DEBUG - Collected collision time for BConcave+hConcave+3500_flipped at IoU 0.05: 4050.0
2025-07-27 02:11:29,078 - DEBUG - Collected collision time for BConcave+hConcave+3500_flipped at IoU 0.1: 4133.333333333334
2025-07-27 02:11:29,078 - DEBUG - Collected collision time for BConcave+hConcave+3500_flipped at IoU 0.15: 4233.333333333333
2025-07-27 02:11:29,078 - DEBUG - Collected collision time for BConcave+hConcave+3500_flipped at IoU 0.2: 4483.333333333333
2025-07-27 02:11:29,079 - DEBUG - Collected collision time for BConcave+hConcave+3500_flipped at IoU 0.25: nan
2025-07-27 02:11:29,079 - DEBUG - Collected collision time for BConcave+hConcave+3500_flipped at IoU 0.3: nan
2025-07-27 02:11:29,079 - DEBUG - Collected collision time for BConcave+hConcave+3500_flipped at IoU 0.35: nan
2025-07-27 02:11:29,079 - DEBUG - Collected collision time for BConcave+hConcave+3500_flipped at IoU 0.4: nan
2025-07-27 02:11:29,079 - DEBUG - Collected collision time for BConcave+hConcave+3500_flipped at IoU 0.45: nan
2025-07-27 02:11:29,080 - DEBUG - Collected collision time for BConcave+hConcave+3500_flipped at IoU 0.5: nan
2025-07-27 02:11:29,080 - DEBUG - Collected collision time for BConcave+hConcave+3500_flipped at IoU 0.55: nan
2025-07-27 02:11:29,080 - DEBUG - Collected collision time for BConcave+hConcave+3500_flipped at IoU 0.6: nan
2025-07-27 02:11:29,080 - DEBUG - Collected collision time for BConcave+hConcave+3500_flipped at IoU 0.65: nan
2025-07-27 02:11:29,080 - DEBUG - Collected collision time for BConcave+hConcave+3500_flipped at IoU 0.7: nan
2025-07-27 02:11:29,081 - DEBUG - Collected collision time for BConcave+hConcave+3500_flipped at IoU 0.75: nan
2025-07-27 02:11:29,081 - DEBUG - Collected collision time for BConcave+hConcave+3500_flipped at IoU 0.8: nan
2025-07-27 02:11:29,081 - DEBUG - Collected collision time for BConcave+hConcave+3500_flipped at IoU 0.85: nan
2025-07-27 02:11:29,081 - DEBUG - Collected collision time for BConcave+hConcave+3500_flipped at IoU 0.9: nan
2025-07-27 02:11:29,082 - DEBUG - Collected collision time for BConcave+hConcave+3500_flipped at IoU 0.95: nan
2025-07-27 02:11:29,082 - DEBUG - Collected collision time for BConcave+hConcave+3700 at IoU 0.05: 4066.6666666666665
2025-07-27 02:11:29,082 - DEBUG - Collected collision time for BConcave+hConcave+3700 at IoU 0.1: 4250.0
2025-07-27 02:11:29,082 - DEBUG - Collected collision time for BConcave+hConcave+3700 at IoU 0.15: 4350.0
2025-07-27 02:11:29,083 - DEBUG - Collected collision time for BConcave+hConcave+3700 at IoU 0.2: 4500.0
2025-07-27 02:11:29,083 - DEBUG - Collected collision time for BConcave+hConcave+3700 at IoU 0.25: nan
2025-07-27 02:11:29,083 - DEBUG - Collected collision time for BConcave+hConcave+3700 at IoU 0.3: nan
2025-07-27 02:11:29,083 - DEBUG - Collected collision time for BConcave+hConcave+3700 at IoU 0.35: nan
2025-07-27 02:11:29,083 - DEBUG - Collected collision time for BConcave+hConcave+3700 at IoU 0.4: nan
2025-07-27 02:11:29,084 - DEBUG - Collected collision time for BConcave+hConcave+3700 at IoU 0.45: nan
2025-07-27 02:11:29,084 - DEBUG - Collected collision time for BConcave+hConcave+3700 at IoU 0.5: nan
2025-07-27 02:11:29,084 - DEBUG - Collected collision time for BConcave+hConcave+3700 at IoU 0.55: nan
2025-07-27 02:11:29,084 - DEBUG - Collected collision time for BConcave+hConcave+3700 at IoU 0.6: nan
2025-07-27 02:11:29,084 - DEBUG - Collected collision time for BConcave+hConcave+3700 at IoU 0.65: nan
2025-07-27 02:11:29,085 - DEBUG - Collected collision time for BConcave+hConcave+3700 at IoU 0.7: nan
2025-07-27 02:11:29,085 - DEBUG - Collected collision time for BConcave+hConcave+3700 at IoU 0.75: nan
2025-07-27 02:11:29,085 - DEBUG - Collected collision time for BConcave+hConcave+3700 at IoU 0.8: nan
2025-07-27 02:11:29,085 - DEBUG - Collected collision time for BConcave+hConcave+3700 at IoU 0.85: nan
2025-07-27 02:11:29,085 - DEBUG - Collected collision time for BConcave+hConcave+3700 at IoU 0.9: nan
2025-07-27 02:11:29,086 - DEBUG - Collected collision time for BConcave+hConcave+3700 at IoU 0.95: nan
2025-07-27 02:11:29,086 - DEBUG - Collected collision time for BConcave+hConcave+3900_flipped at IoU 0.05: nan
2025-07-27 02:11:29,086 - DEBUG - Collected collision time for BConcave+hConcave+3900_flipped at IoU 0.1: nan
2025-07-27 02:11:29,086 - DEBUG - Collected collision time for BConcave+hConcave+3900_flipped at IoU 0.15: nan
2025-07-27 02:11:29,087 - DEBUG - Collected collision time for BConcave+hConcave+3900_flipped at IoU 0.2: nan
2025-07-27 02:11:29,087 - DEBUG - Collected collision time for BConcave+hConcave+3900_flipped at IoU 0.25: nan
2025-07-27 02:11:29,087 - DEBUG - Collected collision time for BConcave+hConcave+3900_flipped at IoU 0.3: nan
2025-07-27 02:11:29,087 - DEBUG - Collected collision time for BConcave+hConcave+3900_flipped at IoU 0.35: nan
2025-07-27 02:11:29,087 - DEBUG - Collected collision time for BConcave+hConcave+3900_flipped at IoU 0.4: nan
2025-07-27 02:11:29,088 - DEBUG - Collected collision time for BConcave+hConcave+3900_flipped at IoU 0.45: nan
2025-07-27 02:11:29,088 - DEBUG - Collected collision time for BConcave+hConcave+3900_flipped at IoU 0.5: nan
2025-07-27 02:11:29,088 - DEBUG - Collected collision time for BConcave+hConcave+3900_flipped at IoU 0.55: nan
2025-07-27 02:11:29,088 - DEBUG - Collected collision time for BConcave+hConcave+3900_flipped at IoU 0.6: nan
2025-07-27 02:11:29,088 - DEBUG - Collected collision time for BConcave+hConcave+3900_flipped at IoU 0.65: nan
2025-07-27 02:11:29,089 - DEBUG - Collected collision time for BConcave+hConcave+3900_flipped at IoU 0.7: nan
2025-07-27 02:11:29,089 - DEBUG - Collected collision time for BConcave+hConcave+3900_flipped at IoU 0.75: nan
2025-07-27 02:11:29,089 - DEBUG - Collected collision time for BConcave+hConcave+3900_flipped at IoU 0.8: nan
2025-07-27 02:11:29,089 - DEBUG - Collected collision time for BConcave+hConcave+3900_flipped at IoU 0.85: nan
2025-07-27 02:11:29,089 - DEBUG - Collected collision time for BConcave+hConcave+3900_flipped at IoU 0.9: nan
2025-07-27 02:11:29,090 - DEBUG - Collected collision time for BConcave+hConcave+3900_flipped at IoU 0.95: nan
2025-07-27 02:11:29,090 - DEBUG - Collected collision time for BConcave+hConcave+4100 at IoU 0.05: nan
2025-07-27 02:11:29,090 - DEBUG - Collected collision time for BConcave+hConcave+4100 at IoU 0.1: nan
2025-07-27 02:11:29,090 - DEBUG - Collected collision time for BConcave+hConcave+4100 at IoU 0.15: nan
2025-07-27 02:11:29,090 - DEBUG - Collected collision time for BConcave+hConcave+4100 at IoU 0.2: nan
2025-07-27 02:11:29,091 - DEBUG - Collected collision time for BConcave+hConcave+4100 at IoU 0.25: nan
2025-07-27 02:11:29,091 - DEBUG - Collected collision time for BConcave+hConcave+4100 at IoU 0.3: nan
2025-07-27 02:11:29,091 - DEBUG - Collected collision time for BConcave+hConcave+4100 at IoU 0.35: nan
2025-07-27 02:11:29,091 - DEBUG - Collected collision time for BConcave+hConcave+4100 at IoU 0.4: nan
2025-07-27 02:11:29,091 - DEBUG - Collected collision time for BConcave+hConcave+4100 at IoU 0.45: nan
2025-07-27 02:11:29,092 - DEBUG - Collected collision time for BConcave+hConcave+4100 at IoU 0.5: nan
2025-07-27 02:11:29,092 - DEBUG - Collected collision time for BConcave+hConcave+4100 at IoU 0.55: nan
2025-07-27 02:11:29,092 - DEBUG - Collected collision time for BConcave+hConcave+4100 at IoU 0.6: nan
2025-07-27 02:11:29,092 - DEBUG - Collected collision time for BConcave+hConcave+4100 at IoU 0.65: nan
2025-07-27 02:11:29,092 - DEBUG - Collected collision time for BConcave+hConcave+4100 at IoU 0.7: nan
2025-07-27 02:11:29,093 - DEBUG - Collected collision time for BConcave+hConcave+4100 at IoU 0.75: nan
2025-07-27 02:11:29,093 - DEBUG - Collected collision time for BConcave+hConcave+4100 at IoU 0.8: nan
2025-07-27 02:11:29,093 - DEBUG - Collected collision time for BConcave+hConcave+4100 at IoU 0.85: nan
2025-07-27 02:11:29,093 - DEBUG - Collected collision time for BConcave+hConcave+4100 at IoU 0.9: nan
2025-07-27 02:11:29,094 - DEBUG - Collected collision time for BConcave+hConcave+4100 at IoU 0.95: nan
2025-07-27 02:11:29,094 - DEBUG - Collected collision time for BConcave+hConcave+4300_flipped at IoU 0.05: nan
2025-07-27 02:11:29,094 - DEBUG - Collected collision time for BConcave+hConcave+4300_flipped at IoU 0.1: nan
2025-07-27 02:11:29,094 - DEBUG - Collected collision time for BConcave+hConcave+4300_flipped at IoU 0.15: nan
2025-07-27 02:11:29,094 - DEBUG - Collected collision time for BConcave+hConcave+4300_flipped at IoU 0.2: nan
2025-07-27 02:11:29,095 - DEBUG - Collected collision time for BConcave+hConcave+4300_flipped at IoU 0.25: nan
2025-07-27 02:11:29,095 - DEBUG - Collected collision time for BConcave+hConcave+4300_flipped at IoU 0.3: nan
2025-07-27 02:11:29,095 - DEBUG - Collected collision time for BConcave+hConcave+4300_flipped at IoU 0.35: nan
2025-07-27 02:11:29,095 - DEBUG - Collected collision time for BConcave+hConcave+4300_flipped at IoU 0.4: nan
2025-07-27 02:11:29,095 - DEBUG - Collected collision time for BConcave+hConcave+4300_flipped at IoU 0.45: nan
2025-07-27 02:11:29,096 - DEBUG - Collected collision time for BConcave+hConcave+4300_flipped at IoU 0.5: nan
2025-07-27 02:11:29,096 - DEBUG - Collected collision time for BConcave+hConcave+4300_flipped at IoU 0.55: nan
2025-07-27 02:11:29,096 - DEBUG - Collected collision time for BConcave+hConcave+4300_flipped at IoU 0.6: nan
2025-07-27 02:11:29,096 - DEBUG - Collected collision time for BConcave+hConcave+4300_flipped at IoU 0.65: nan
2025-07-27 02:11:29,097 - DEBUG - Collected collision time for BConcave+hConcave+4300_flipped at IoU 0.7: nan
2025-07-27 02:11:29,097 - DEBUG - Collected collision time for BConcave+hConcave+4300_flipped at IoU 0.75: nan
2025-07-27 02:11:29,097 - DEBUG - Collected collision time for BConcave+hConcave+4300_flipped at IoU 0.8: nan
2025-07-27 02:11:29,097 - DEBUG - Collected collision time for BConcave+hConcave+4300_flipped at IoU 0.85: nan
2025-07-27 02:11:29,097 - DEBUG - Collected collision time for BConcave+hConcave+4300_flipped at IoU 0.9: nan
2025-07-27 02:11:29,098 - DEBUG - Collected collision time for BConcave+hConcave+4300_flipped at IoU 0.95: nan
2025-07-27 02:11:29,098 - DEBUG - Collected collision time for BConcave+hConcave+4500 at IoU 0.05: nan
2025-07-27 02:11:29,098 - DEBUG - Collected collision time for BConcave+hConcave+4500 at IoU 0.1: nan
2025-07-27 02:11:29,098 - DEBUG - Collected collision time for BConcave+hConcave+4500 at IoU 0.15: nan
2025-07-27 02:11:29,098 - DEBUG - Collected collision time for BConcave+hConcave+4500 at IoU 0.2: nan
2025-07-27 02:11:29,099 - DEBUG - Collected collision time for BConcave+hConcave+4500 at IoU 0.25: nan
2025-07-27 02:11:29,099 - DEBUG - Collected collision time for BConcave+hConcave+4500 at IoU 0.3: nan
2025-07-27 02:11:29,099 - DEBUG - Collected collision time for BConcave+hConcave+4500 at IoU 0.35: nan
2025-07-27 02:11:29,099 - DEBUG - Collected collision time for BConcave+hConcave+4500 at IoU 0.4: nan
2025-07-27 02:11:29,100 - DEBUG - Collected collision time for BConcave+hConcave+4500 at IoU 0.45: nan
2025-07-27 02:11:29,100 - DEBUG - Collected collision time for BConcave+hConcave+4500 at IoU 0.5: nan
2025-07-27 02:11:29,100 - DEBUG - Collected collision time for BConcave+hConcave+4500 at IoU 0.55: nan
2025-07-27 02:11:29,100 - DEBUG - Collected collision time for BConcave+hConcave+4500 at IoU 0.6: nan
2025-07-27 02:11:29,100 - DEBUG - Collected collision time for BConcave+hConcave+4500 at IoU 0.65: nan
2025-07-27 02:11:29,101 - DEBUG - Collected collision time for BConcave+hConcave+4500 at IoU 0.7: nan
2025-07-27 02:11:29,101 - DEBUG - Collected collision time for BConcave+hConcave+4500 at IoU 0.75: nan
2025-07-27 02:11:29,101 - DEBUG - Collected collision time for BConcave+hConcave+4500 at IoU 0.8: nan
2025-07-27 02:11:29,101 - DEBUG - Collected collision time for BConcave+hConcave+4500 at IoU 0.85: nan
2025-07-27 02:11:29,101 - DEBUG - Collected collision time for BConcave+hConcave+4500 at IoU 0.9: nan
2025-07-27 02:11:29,102 - DEBUG - Collected collision time for BConcave+hConcave+4500 at IoU 0.95: nan
2025-07-27 02:11:29,102 - DEBUG - Collected collision time for BConcave+hConvex+3500 at IoU 0.05: nan
2025-07-27 02:11:29,102 - DEBUG - Collected collision time for BConcave+hConvex+3500 at IoU 0.1: nan
2025-07-27 02:11:29,102 - DEBUG - Collected collision time for BConcave+hConvex+3500 at IoU 0.15: nan
2025-07-27 02:11:29,103 - DEBUG - Collected collision time for BConcave+hConvex+3500 at IoU 0.2: nan
2025-07-27 02:11:29,103 - DEBUG - Collected collision time for BConcave+hConvex+3500 at IoU 0.25: nan
2025-07-27 02:11:29,103 - DEBUG - Collected collision time for BConcave+hConvex+3500 at IoU 0.3: nan
2025-07-27 02:11:29,103 - DEBUG - Collected collision time for BConcave+hConvex+3500 at IoU 0.35: nan
2025-07-27 02:11:29,103 - DEBUG - Collected collision time for BConcave+hConvex+3500 at IoU 0.4: nan
2025-07-27 02:11:29,104 - DEBUG - Collected collision time for BConcave+hConvex+3500 at IoU 0.45: nan
2025-07-27 02:11:29,104 - DEBUG - Collected collision time for BConcave+hConvex+3500 at IoU 0.5: nan
2025-07-27 02:11:29,104 - DEBUG - Collected collision time for BConcave+hConvex+3500 at IoU 0.55: nan
2025-07-27 02:11:29,104 - DEBUG - Collected collision time for BConcave+hConvex+3500 at IoU 0.6: nan
2025-07-27 02:11:29,104 - DEBUG - Collected collision time for BConcave+hConvex+3500 at IoU 0.65: nan
2025-07-27 02:11:29,105 - DEBUG - Collected collision time for BConcave+hConvex+3500 at IoU 0.7: nan
2025-07-27 02:11:29,105 - DEBUG - Collected collision time for BConcave+hConvex+3500 at IoU 0.75: nan
2025-07-27 02:11:29,105 - DEBUG - Collected collision time for BConcave+hConvex+3500 at IoU 0.8: nan
2025-07-27 02:11:29,105 - DEBUG - Collected collision time for BConcave+hConvex+3500 at IoU 0.85: nan
2025-07-27 02:11:29,106 - DEBUG - Collected collision time for BConcave+hConvex+3500 at IoU 0.9: nan
2025-07-27 02:11:29,106 - DEBUG - Collected collision time for BConcave+hConvex+3500 at IoU 0.95: nan
2025-07-27 02:11:29,106 - DEBUG - Collected collision time for BConcave+hConvex+3700_flipped at IoU 0.05: nan
2025-07-27 02:11:29,106 - DEBUG - Collected collision time for BConcave+hConvex+3700_flipped at IoU 0.1: nan
2025-07-27 02:11:29,106 - DEBUG - Collected collision time for BConcave+hConvex+3700_flipped at IoU 0.15: nan
2025-07-27 02:11:29,107 - DEBUG - Collected collision time for BConcave+hConvex+3700_flipped at IoU 0.2: nan
2025-07-27 02:11:29,107 - DEBUG - Collected collision time for BConcave+hConvex+3700_flipped at IoU 0.25: nan
2025-07-27 02:11:29,107 - DEBUG - Collected collision time for BConcave+hConvex+3700_flipped at IoU 0.3: nan
2025-07-27 02:11:29,107 - DEBUG - Collected collision time for BConcave+hConvex+3700_flipped at IoU 0.35: nan
2025-07-27 02:11:29,107 - DEBUG - Collected collision time for BConcave+hConvex+3700_flipped at IoU 0.4: nan
2025-07-27 02:11:29,107 - DEBUG - Collected collision time for BConcave+hConvex+3700_flipped at IoU 0.45: nan
2025-07-27 02:11:29,108 - DEBUG - Collected collision time for BConcave+hConvex+3700_flipped at IoU 0.5: nan
2025-07-27 02:11:29,108 - DEBUG - Collected collision time for BConcave+hConvex+3700_flipped at IoU 0.55: nan
2025-07-27 02:11:29,108 - DEBUG - Collected collision time for BConcave+hConvex+3700_flipped at IoU 0.6: nan
2025-07-27 02:11:29,108 - DEBUG - Collected collision time for BConcave+hConvex+3700_flipped at IoU 0.65: nan
2025-07-27 02:11:29,108 - DEBUG - Collected collision time for BConcave+hConvex+3700_flipped at IoU 0.7: nan
2025-07-27 02:11:29,109 - DEBUG - Collected collision time for BConcave+hConvex+3700_flipped at IoU 0.75: nan
2025-07-27 02:11:29,109 - DEBUG - Collected collision time for BConcave+hConvex+3700_flipped at IoU 0.8: nan
2025-07-27 02:11:29,109 - DEBUG - Collected collision time for BConcave+hConvex+3700_flipped at IoU 0.85: nan
2025-07-27 02:11:29,109 - DEBUG - Collected collision time for BConcave+hConvex+3700_flipped at IoU 0.9: nan
2025-07-27 02:11:29,109 - DEBUG - Collected collision time for BConcave+hConvex+3700_flipped at IoU 0.95: nan
2025-07-27 02:11:29,110 - DEBUG - Collected collision time for BConcave+hConvex+3900 at IoU 0.05: nan
2025-07-27 02:11:29,110 - DEBUG - Collected collision time for BConcave+hConvex+3900 at IoU 0.1: nan
2025-07-27 02:11:29,110 - DEBUG - Collected collision time for BConcave+hConvex+3900 at IoU 0.15: nan
2025-07-27 02:11:29,110 - DEBUG - Collected collision time for BConcave+hConvex+3900 at IoU 0.2: nan
2025-07-27 02:11:29,110 - DEBUG - Collected collision time for BConcave+hConvex+3900 at IoU 0.25: nan
2025-07-27 02:11:29,111 - DEBUG - Collected collision time for BConcave+hConvex+3900 at IoU 0.3: nan
2025-07-27 02:11:29,111 - DEBUG - Collected collision time for BConcave+hConvex+3900 at IoU 0.35: nan
2025-07-27 02:11:29,111 - DEBUG - Collected collision time for BConcave+hConvex+3900 at IoU 0.4: nan
2025-07-27 02:11:29,111 - DEBUG - Collected collision time for BConcave+hConvex+3900 at IoU 0.45: nan
2025-07-27 02:11:29,111 - DEBUG - Collected collision time for BConcave+hConvex+3900 at IoU 0.5: nan
2025-07-27 02:11:29,112 - DEBUG - Collected collision time for BConcave+hConvex+3900 at IoU 0.55: nan
2025-07-27 02:11:29,112 - DEBUG - Collected collision time for BConcave+hConvex+3900 at IoU 0.6: nan
2025-07-27 02:11:29,112 - DEBUG - Collected collision time for BConcave+hConvex+3900 at IoU 0.65: nan
2025-07-27 02:11:29,112 - DEBUG - Collected collision time for BConcave+hConvex+3900 at IoU 0.7: nan
2025-07-27 02:11:29,112 - DEBUG - Collected collision time for BConcave+hConvex+3900 at IoU 0.75: nan
2025-07-27 02:11:29,113 - DEBUG - Collected collision time for BConcave+hConvex+3900 at IoU 0.8: nan
2025-07-27 02:11:29,113 - DEBUG - Collected collision time for BConcave+hConvex+3900 at IoU 0.85: nan
2025-07-27 02:11:29,113 - DEBUG - Collected collision time for BConcave+hConvex+3900 at IoU 0.9: nan
2025-07-27 02:11:29,113 - DEBUG - Collected collision time for BConcave+hConvex+3900 at IoU 0.95: nan
2025-07-27 02:11:29,113 - DEBUG - Collected collision time for BConcave+hConvex+4100_flipped at IoU 0.05: nan
2025-07-27 02:11:29,114 - DEBUG - Collected collision time for BConcave+hConvex+4100_flipped at IoU 0.1: nan
2025-07-27 02:11:29,114 - DEBUG - Collected collision time for BConcave+hConvex+4100_flipped at IoU 0.15: nan
2025-07-27 02:11:29,114 - DEBUG - Collected collision time for BConcave+hConvex+4100_flipped at IoU 0.2: nan
2025-07-27 02:11:29,114 - DEBUG - Collected collision time for BConcave+hConvex+4100_flipped at IoU 0.25: nan
2025-07-27 02:11:29,114 - DEBUG - Collected collision time for BConcave+hConvex+4100_flipped at IoU 0.3: nan
2025-07-27 02:11:29,115 - DEBUG - Collected collision time for BConcave+hConvex+4100_flipped at IoU 0.35: nan
2025-07-27 02:11:29,115 - DEBUG - Collected collision time for BConcave+hConvex+4100_flipped at IoU 0.4: nan
2025-07-27 02:11:29,115 - DEBUG - Collected collision time for BConcave+hConvex+4100_flipped at IoU 0.45: nan
2025-07-27 02:11:29,115 - DEBUG - Collected collision time for BConcave+hConvex+4100_flipped at IoU 0.5: nan
2025-07-27 02:11:29,116 - DEBUG - Collected collision time for BConcave+hConvex+4100_flipped at IoU 0.55: nan
2025-07-27 02:11:29,116 - DEBUG - Collected collision time for BConcave+hConvex+4100_flipped at IoU 0.6: nan
2025-07-27 02:11:29,116 - DEBUG - Collected collision time for BConcave+hConvex+4100_flipped at IoU 0.65: nan
2025-07-27 02:11:29,116 - DEBUG - Collected collision time for BConcave+hConvex+4100_flipped at IoU 0.7: nan
2025-07-27 02:11:29,116 - DEBUG - Collected collision time for BConcave+hConvex+4100_flipped at IoU 0.75: nan
2025-07-27 02:11:29,117 - DEBUG - Collected collision time for BConcave+hConvex+4100_flipped at IoU 0.8: nan
2025-07-27 02:11:29,117 - DEBUG - Collected collision time for BConcave+hConvex+4100_flipped at IoU 0.85: nan
2025-07-27 02:11:29,117 - DEBUG - Collected collision time for BConcave+hConvex+4100_flipped at IoU 0.9: nan
2025-07-27 02:11:29,117 - DEBUG - Collected collision time for BConcave+hConvex+4100_flipped at IoU 0.95: nan
2025-07-27 02:11:29,117 - DEBUG - Collected collision time for BConcave+hConvex+4300 at IoU 0.05: nan
2025-07-27 02:11:29,118 - DEBUG - Collected collision time for BConcave+hConvex+4300 at IoU 0.1: nan
2025-07-27 02:11:29,118 - DEBUG - Collected collision time for BConcave+hConvex+4300 at IoU 0.15: nan
2025-07-27 02:11:29,118 - DEBUG - Collected collision time for BConcave+hConvex+4300 at IoU 0.2: nan
2025-07-27 02:11:29,118 - DEBUG - Collected collision time for BConcave+hConvex+4300 at IoU 0.25: nan
2025-07-27 02:11:29,119 - DEBUG - Collected collision time for BConcave+hConvex+4300 at IoU 0.3: nan
2025-07-27 02:11:29,119 - DEBUG - Collected collision time for BConcave+hConvex+4300 at IoU 0.35: nan
2025-07-27 02:11:29,119 - DEBUG - Collected collision time for BConcave+hConvex+4300 at IoU 0.4: nan
2025-07-27 02:11:29,119 - DEBUG - Collected collision time for BConcave+hConvex+4300 at IoU 0.45: nan
2025-07-27 02:11:29,119 - DEBUG - Collected collision time for BConcave+hConvex+4300 at IoU 0.5: nan
2025-07-27 02:11:29,119 - DEBUG - Collected collision time for BConcave+hConvex+4300 at IoU 0.55: nan
2025-07-27 02:11:29,120 - DEBUG - Collected collision time for BConcave+hConvex+4300 at IoU 0.6: nan
2025-07-27 02:11:29,120 - DEBUG - Collected collision time for BConcave+hConvex+4300 at IoU 0.65: nan
2025-07-27 02:11:29,120 - DEBUG - Collected collision time for BConcave+hConvex+4300 at IoU 0.7: nan
2025-07-27 02:11:29,120 - DEBUG - Collected collision time for BConcave+hConvex+4300 at IoU 0.75: nan
2025-07-27 02:11:29,120 - DEBUG - Collected collision time for BConcave+hConvex+4300 at IoU 0.8: nan
2025-07-27 02:11:29,121 - DEBUG - Collected collision time for BConcave+hConvex+4300 at IoU 0.85: nan
2025-07-27 02:11:29,121 - DEBUG - Collected collision time for BConcave+hConvex+4300 at IoU 0.9: nan
2025-07-27 02:11:29,121 - DEBUG - Collected collision time for BConcave+hConvex+4300 at IoU 0.95: nan
2025-07-27 02:11:29,121 - DEBUG - Collected collision time for BConcave+hConvex+4500_flipped at IoU 0.05: nan
2025-07-27 02:11:29,121 - DEBUG - Collected collision time for BConcave+hConvex+4500_flipped at IoU 0.1: nan
2025-07-27 02:11:29,122 - DEBUG - Collected collision time for BConcave+hConvex+4500_flipped at IoU 0.15: nan
2025-07-27 02:11:29,122 - DEBUG - Collected collision time for BConcave+hConvex+4500_flipped at IoU 0.2: nan
2025-07-27 02:11:29,122 - DEBUG - Collected collision time for BConcave+hConvex+4500_flipped at IoU 0.25: nan
2025-07-27 02:11:29,122 - DEBUG - Collected collision time for BConcave+hConvex+4500_flipped at IoU 0.3: nan
2025-07-27 02:11:29,123 - DEBUG - Collected collision time for BConcave+hConvex+4500_flipped at IoU 0.35: nan
2025-07-27 02:11:29,123 - DEBUG - Collected collision time for BConcave+hConvex+4500_flipped at IoU 0.4: nan
2025-07-27 02:11:29,123 - DEBUG - Collected collision time for BConcave+hConvex+4500_flipped at IoU 0.45: nan
2025-07-27 02:11:29,123 - DEBUG - Collected collision time for BConcave+hConvex+4500_flipped at IoU 0.5: nan
2025-07-27 02:11:29,123 - DEBUG - Collected collision time for BConcave+hConvex+4500_flipped at IoU 0.55: nan
2025-07-27 02:11:29,124 - DEBUG - Collected collision time for BConcave+hConvex+4500_flipped at IoU 0.6: nan
2025-07-27 02:11:29,124 - DEBUG - Collected collision time for BConcave+hConvex+4500_flipped at IoU 0.65: nan
2025-07-27 02:11:29,124 - DEBUG - Collected collision time for BConcave+hConvex+4500_flipped at IoU 0.7: nan
2025-07-27 02:11:29,124 - DEBUG - Collected collision time for BConcave+hConvex+4500_flipped at IoU 0.75: nan
2025-07-27 02:11:29,124 - DEBUG - Collected collision time for BConcave+hConvex+4500_flipped at IoU 0.8: nan
2025-07-27 02:11:29,125 - DEBUG - Collected collision time for BConcave+hConvex+4500_flipped at IoU 0.85: nan
2025-07-27 02:11:29,125 - DEBUG - Collected collision time for BConcave+hConvex+4500_flipped at IoU 0.9: nan
2025-07-27 02:11:29,125 - DEBUG - Collected collision time for BConcave+hConvex+4500_flipped at IoU 0.95: nan
2025-07-27 02:11:29,125 - DEBUG - Collected collision time for squareA+squareP+4433+L at IoU 0.05: 4500.0
2025-07-27 02:11:29,125 - DEBUG - Collected collision time for squareA+squareP+4433+L at IoU 0.1: 4566.666666666666
2025-07-27 02:11:29,126 - DEBUG - Collected collision time for squareA+squareP+4433+L at IoU 0.15: 4666.666666666667
2025-07-27 02:11:29,126 - DEBUG - Collected collision time for squareA+squareP+4433+L at IoU 0.2: 4733.333333333333
2025-07-27 02:11:29,126 - DEBUG - Collected collision time for squareA+squareP+4433+L at IoU 0.25: 4783.333333333333
2025-07-27 02:11:29,126 - DEBUG - Collected collision time for squareA+squareP+4433+L at IoU 0.3: 4850.0
2025-07-27 02:11:29,126 - DEBUG - Collected collision time for squareA+squareP+4433+L at IoU 0.35: 4900.0
2025-07-27 02:11:29,127 - DEBUG - Collected collision time for squareA+squareP+4433+L at IoU 0.4: 4950.0
2025-07-27 02:11:29,127 - DEBUG - Collected collision time for squareA+squareP+4433+L at IoU 0.45: 5000.0
2025-07-27 02:11:29,127 - DEBUG - Collected collision time for squareA+squareP+4433+L at IoU 0.5: 5033.333333333333
2025-07-27 02:11:29,127 - DEBUG - Collected collision time for squareA+squareP+4433+L at IoU 0.55: 5066.666666666666
2025-07-27 02:11:29,127 - DEBUG - Collected collision time for squareA+squareP+4433+L at IoU 0.6: 5116.666666666666
2025-07-27 02:11:29,128 - DEBUG - Collected collision time for squareA+squareP+4433+L at IoU 0.65: 5150.0
2025-07-27 02:11:29,128 - DEBUG - Collected collision time for squareA+squareP+4433+L at IoU 0.7: 5200.0
2025-07-27 02:11:29,128 - DEBUG - Collected collision time for squareA+squareP+4433+L at IoU 0.75: 5216.666666666667
2025-07-27 02:11:29,128 - DEBUG - Collected collision time for squareA+squareP+4433+L at IoU 0.8: 5233.333333333333
2025-07-27 02:11:29,129 - DEBUG - Collected collision time for squareA+squareP+4433+L at IoU 0.85: 5283.333333333333
2025-07-27 02:11:29,129 - DEBUG - Collected collision time for squareA+squareP+4433+L at IoU 0.9: 5300.0
2025-07-27 02:11:29,129 - DEBUG - Collected collision time for squareA+squareP+4433+L at IoU 0.95: 5316.666666666666
2025-07-27 02:11:29,129 - DEBUG - Collected collision time for squareA+squareP+4433+R_flipped at IoU 0.05: 4516.666666666667
2025-07-27 02:11:29,129 - DEBUG - Collected collision time for squareA+squareP+4433+R_flipped at IoU 0.1: 4600.0
2025-07-27 02:11:29,130 - DEBUG - Collected collision time for squareA+squareP+4433+R_flipped at IoU 0.15: 4700.0
2025-07-27 02:11:29,130 - DEBUG - Collected collision time for squareA+squareP+4433+R_flipped at IoU 0.2: 4750.0
2025-07-27 02:11:29,130 - DEBUG - Collected collision time for squareA+squareP+4433+R_flipped at IoU 0.25: 4850.0
2025-07-27 02:11:29,130 - DEBUG - Collected collision time for squareA+squareP+4433+R_flipped at IoU 0.3: 4900.0
2025-07-27 02:11:29,130 - DEBUG - Collected collision time for squareA+squareP+4433+R_flipped at IoU 0.35: 4916.666666666667
2025-07-27 02:11:29,131 - DEBUG - Collected collision time for squareA+squareP+4433+R_flipped at IoU 0.4: 4966.666666666667
2025-07-27 02:11:29,131 - DEBUG - Collected collision time for squareA+squareP+4433+R_flipped at IoU 0.45: 5033.333333333333
2025-07-27 02:11:29,131 - DEBUG - Collected collision time for squareA+squareP+4433+R_flipped at IoU 0.5: 5083.333333333333
2025-07-27 02:11:29,131 - DEBUG - Collected collision time for squareA+squareP+4433+R_flipped at IoU 0.55: 5116.666666666666
2025-07-27 02:11:29,131 - DEBUG - Collected collision time for squareA+squareP+4433+R_flipped at IoU 0.6: 5150.0
2025-07-27 02:11:29,132 - DEBUG - Collected collision time for squareA+squareP+4433+R_flipped at IoU 0.65: 5200.0
2025-07-27 02:11:29,132 - DEBUG - Collected collision time for squareA+squareP+4433+R_flipped at IoU 0.7: 5233.333333333333
2025-07-27 02:11:29,132 - DEBUG - Collected collision time for squareA+squareP+4433+R_flipped at IoU 0.75: 5266.666666666667
2025-07-27 02:11:29,132 - DEBUG - Collected collision time for squareA+squareP+4433+R_flipped at IoU 0.8: 5283.333333333333
2025-07-27 02:11:29,132 - DEBUG - Collected collision time for squareA+squareP+4433+R_flipped at IoU 0.85: nan
2025-07-27 02:11:29,133 - DEBUG - Collected collision time for squareA+squareP+4433+R_flipped at IoU 0.9: nan
2025-07-27 02:11:29,133 - DEBUG - Collected collision time for squareA+squareP+4433+R_flipped at IoU 0.95: nan
2025-07-27 02:11:29,133 - INFO - Collected collision data for 99 videos
2025-07-27 02:11:29,133 - INFO - Analyzing participant correlations with proper name mapping...
2025-07-27 02:11:54,166 - INFO - Convex vs Concave analysis completed for IoU 0.05
2025-07-27 02:12:18,600 - INFO - Convex vs Concave analysis completed for IoU 0.1
2025-07-27 02:12:42,532 - INFO - Convex vs Concave analysis completed for IoU 0.15
2025-07-27 02:13:06,218 - INFO - Convex vs Concave analysis completed for IoU 0.2
2025-07-27 02:13:29,608 - INFO - Convex vs Concave analysis completed for IoU 0.25
2025-07-27 02:13:52,863 - INFO - Convex vs Concave analysis completed for IoU 0.3
2025-07-27 02:14:14,428 - INFO - Convex vs Concave analysis completed for IoU 0.35
2025-07-27 02:14:36,153 - INFO - Convex vs Concave analysis completed for IoU 0.4
2025-07-27 02:14:59,393 - INFO - Convex vs Concave analysis completed for IoU 0.45
2025-07-27 02:15:22,052 - INFO - Convex vs Concave analysis completed for IoU 0.5
2025-07-27 02:15:44,530 - INFO - Convex vs Concave analysis completed for IoU 0.55
2025-07-27 02:16:03,439 - INFO - Convex vs Concave analysis completed for IoU 0.6
2025-07-27 02:16:21,577 - INFO - Convex vs Concave analysis completed for IoU 0.65
2025-07-27 02:16:39,818 - INFO - Convex vs Concave analysis completed for IoU 0.7
2025-07-27 02:16:57,950 - INFO - Convex vs Concave analysis completed for IoU 0.75
2025-07-27 02:17:16,859 - INFO - Convex vs Concave analysis completed for IoU 0.8
2025-07-27 02:17:35,347 - INFO - Convex vs Concave analysis completed for IoU 0.85
2025-07-27 02:17:54,000 - INFO - Convex vs Concave analysis completed for IoU 0.9
2025-07-27 02:18:12,409 - INFO - Convex vs Concave analysis completed for IoU 0.95
2025-07-27 02:18:12,410 - INFO - TTC experiment completed successfully
