{
    "test_gqa_loss": 1429.5537443983978,
    "test_gqa_loss_answer_attr": 0.9864194402234808,
    "test_gqa_loss_answer_cat": 1.257844221086518,
    "test_gqa_loss_answer_global": 0.145104945501554,
    "test_gqa_loss_answer_obj": 0.13892265931549955,
    "test_gqa_loss_answer_rel": 2.3388929606089133,
    "test_gqa_loss_answer_type": 0.0008080198858858335,
    "test_gqa_loss_bbox": 0.0,
    "test_gqa_loss_bbox_0": 0.0,
    "test_gqa_loss_bbox_1": 0.0,
    "test_gqa_loss_bbox_2": 0.0,
    "test_gqa_loss_bbox_3": 0.0,
    "test_gqa_loss_bbox_4": 0.0,
    "test_gqa_loss_ce": 8.878540600616919,
    "test_gqa_loss_ce_0": 603.3171208570451,
    "test_gqa_loss_ce_1": 392.6522164126943,
    "test_gqa_loss_ce_2": 56.12809928661676,
    "test_gqa_loss_ce_3": 78.14304797177387,
    "test_gqa_loss_ce_4": 285.56672645220294,
    "test_gqa_loss_giou": 0.0,
    "test_gqa_loss_giou_0": 0.0,
    "test_gqa_loss_giou_1": 0.0,
    "test_gqa_loss_giou_2": 0.0,
    "test_gqa_loss_giou_3": 0.0,
    "test_gqa_loss_giou_4": 0.0,
    "test_gqa_accuracy_answer_attr_unscaled": 0.6675534898859595,
    "test_gqa_accuracy_answer_cat_unscaled": 0.7451670909593553,
    "test_gqa_accuracy_answer_global_unscaled": 0.9571700507614214,
    "test_gqa_accuracy_answer_obj_unscaled": 0.9512478851424861,
    "test_gqa_accuracy_answer_rel_unscaled": 0.5031182090491813,
    "test_gqa_accuracy_answer_total_unscaled": 0.5857868019094322,
    "test_gqa_accuracy_answer_type_unscaled": 0.9996034263959391,
    "test_gqa_cardinality_error_unscaled": 2.3202411166302443,
    "test_gqa_cardinality_error_0_unscaled": 94.66908310633626,
    "test_gqa_cardinality_error_1_unscaled": 100.0,
    "test_gqa_cardinality_error_2_unscaled": 19.80518718177292,
    "test_gqa_cardinality_error_3_unscaled": 30.72666562269182,
    "test_gqa_cardinality_error_4_unscaled": 67.63101205971036,
    "test_gqa_loss_answer_attr_unscaled": 0.9864194402234808,
    "test_gqa_loss_answer_cat_unscaled": 1.257844221086518,
    "test_gqa_loss_answer_global_unscaled": 0.145104945501554,
    "test_gqa_loss_answer_obj_unscaled": 0.13892265931549955,
    "test_gqa_loss_answer_rel_unscaled": 2.3388929606089133,
    "test_gqa_loss_answer_type_unscaled": 0.0008080198858858335,
    "test_gqa_loss_bbox_unscaled": 0.0,
    "test_gqa_loss_bbox_0_unscaled": 0.0,
    "test_gqa_loss_bbox_1_unscaled": 0.0,
    "test_gqa_loss_bbox_2_unscaled": 0.0,
    "test_gqa_loss_bbox_3_unscaled": 0.0,
    "test_gqa_loss_bbox_4_unscaled": 0.0,
    "test_gqa_loss_ce_unscaled": 8.878540600616919,
    "test_gqa_loss_ce_0_unscaled": 603.3171208570451,
    "test_gqa_loss_ce_1_unscaled": 392.6522164126943,
    "test_gqa_loss_ce_2_unscaled": 56.12809928661676,
    "test_gqa_loss_ce_3_unscaled": 78.14304797177387,
    "test_gqa_loss_ce_4_unscaled": 285.56672645220294,
    "test_gqa_loss_giou_unscaled": 0.0,
    "test_gqa_loss_giou_0_unscaled": 0.0,
    "test_gqa_loss_giou_1_unscaled": 0.0,
    "test_gqa_loss_giou_2_unscaled": 0.0,
    "test_gqa_loss_giou_3_unscaled": 0.0,
    "test_gqa_loss_giou_4_unscaled": 0.0,
    "test_gqa_coco_eval_bbox": [
        -1.0,
        -1.0,
        -1.0,
        -1.0,
        -1.0,
        -1.0,
        -1.0,
        -1.0,
        -1.0,
        -1.0,
        -1.0,
        -1.0
    ],
    "n_parameters": 185847022
}