{
    "test_gqa_loss": 1438.5535839100176,
    "test_gqa_loss_answer_attr": 0.98395390937171,
    "test_gqa_loss_answer_cat": 1.2633385941340416,
    "test_gqa_loss_answer_global": 0.15109491627635674,
    "test_gqa_loss_answer_obj": 0.1321609973312311,
    "test_gqa_loss_answer_rel": 2.34708288803621,
    "test_gqa_loss_answer_type": 0.0007543438110001561,
    "test_gqa_loss_bbox": 0.0,
    "test_gqa_loss_bbox_0": 0.0,
    "test_gqa_loss_bbox_1": 0.0,
    "test_gqa_loss_bbox_2": 0.0,
    "test_gqa_loss_bbox_3": 0.0,
    "test_gqa_loss_bbox_4": 0.0,
    "test_gqa_loss_ce": 8.723172127292846,
    "test_gqa_loss_ce_0": 614.6644268519988,
    "test_gqa_loss_ce_1": 390.8684133152066,
    "test_gqa_loss_ce_2": 55.930955412424154,
    "test_gqa_loss_ce_3": 79.07933714426109,
    "test_gqa_loss_ce_4": 284.40889395312007,
    "test_gqa_loss_giou": 0.0,
    "test_gqa_loss_giou_0": 0.0,
    "test_gqa_loss_giou_1": 0.0,
    "test_gqa_loss_giou_2": 0.0,
    "test_gqa_loss_giou_3": 0.0,
    "test_gqa_loss_giou_4": 0.0,
    "test_gqa_accuracy_answer_attr_unscaled": 0.6789544127919347,
    "test_gqa_accuracy_answer_cat_unscaled": 0.7457275813454904,
    "test_gqa_accuracy_answer_global_unscaled": 0.9555837563451777,
    "test_gqa_accuracy_answer_obj_unscaled": 0.9578045685279187,
    "test_gqa_accuracy_answer_rel_unscaled": 0.5055792284042097,
    "test_gqa_accuracy_answer_total_unscaled": 0.5923223350253807,
    "test_gqa_accuracy_answer_type_unscaled": 0.9996827411167513,
    "test_gqa_cardinality_error_unscaled": 2.373048857989045,
    "test_gqa_cardinality_error_0_unscaled": 95.21300762195878,
    "test_gqa_cardinality_error_1_unscaled": 99.99992068527919,
    "test_gqa_cardinality_error_2_unscaled": 19.77393718177292,
    "test_gqa_cardinality_error_3_unscaled": 31.006392764561067,
    "test_gqa_cardinality_error_4_unscaled": 66.63872146606445,
    "test_gqa_loss_answer_attr_unscaled": 0.98395390937171,
    "test_gqa_loss_answer_cat_unscaled": 1.2633385941340416,
    "test_gqa_loss_answer_global_unscaled": 0.15109491627635674,
    "test_gqa_loss_answer_obj_unscaled": 0.1321609973312311,
    "test_gqa_loss_answer_rel_unscaled": 2.34708288803621,
    "test_gqa_loss_answer_type_unscaled": 0.0007543438110001561,
    "test_gqa_loss_bbox_unscaled": 0.0,
    "test_gqa_loss_bbox_0_unscaled": 0.0,
    "test_gqa_loss_bbox_1_unscaled": 0.0,
    "test_gqa_loss_bbox_2_unscaled": 0.0,
    "test_gqa_loss_bbox_3_unscaled": 0.0,
    "test_gqa_loss_bbox_4_unscaled": 0.0,
    "test_gqa_loss_ce_unscaled": 8.723172127292846,
    "test_gqa_loss_ce_0_unscaled": 614.6644268519988,
    "test_gqa_loss_ce_1_unscaled": 390.8684133152066,
    "test_gqa_loss_ce_2_unscaled": 55.930955412424154,
    "test_gqa_loss_ce_3_unscaled": 79.07933714426109,
    "test_gqa_loss_ce_4_unscaled": 284.40889395312007,
    "test_gqa_loss_giou_unscaled": 0.0,
    "test_gqa_loss_giou_0_unscaled": 0.0,
    "test_gqa_loss_giou_1_unscaled": 0.0,
    "test_gqa_loss_giou_2_unscaled": 0.0,
    "test_gqa_loss_giou_3_unscaled": 0.0,
    "test_gqa_loss_giou_4_unscaled": 0.0,
    "test_gqa_coco_eval_bbox": [
        -1.0,
        -1.0,
        -1.0,
        -1.0,
        -1.0,
        -1.0,
        -1.0,
        -1.0,
        -1.0,
        -1.0,
        -1.0,
        -1.0
    ],
    "n_parameters": 185847022
}