{
    "test_gqa_loss": 1379.7342454939323,
    "test_gqa_loss_answer_attr": 1.186803522902697,
    "test_gqa_loss_answer_cat": 1.8888446965654024,
    "test_gqa_loss_answer_global": 0.27400267035619863,
    "test_gqa_loss_answer_obj": 0.24996455278772622,
    "test_gqa_loss_answer_rel": 3.248575081226184,
    "test_gqa_loss_answer_type": 0.0006204125902201995,
    "test_gqa_loss_bbox": 0.0,
    "test_gqa_loss_bbox_0": 0.0,
    "test_gqa_loss_bbox_1": 0.0,
    "test_gqa_loss_bbox_2": 0.0,
    "test_gqa_loss_bbox_3": 0.0,
    "test_gqa_loss_bbox_4": 0.0,
    "test_gqa_loss_ce": 10.301327686019356,
    "test_gqa_loss_ce_0": 574.9188777710581,
    "test_gqa_loss_ce_1": 430.7934226408828,
    "test_gqa_loss_ce_2": 49.728562834299154,
    "test_gqa_loss_ce_3": 46.851919638929026,
    "test_gqa_loss_ce_4": 260.291330831305,
    "test_gqa_loss_giou": 0.0,
    "test_gqa_loss_giou_0": 0.0,
    "test_gqa_loss_giou_1": 0.0,
    "test_gqa_loss_giou_2": 0.0,
    "test_gqa_loss_giou_3": 0.0,
    "test_gqa_loss_giou_4": 0.0,
    "test_gqa_accuracy_answer_attr_unscaled": 0.5816873731044343,
    "test_gqa_accuracy_answer_cat_unscaled": 0.6582064303347301,
    "test_gqa_accuracy_answer_global_unscaled": 0.942258883248731,
    "test_gqa_accuracy_answer_obj_unscaled": 0.9014382410775587,
    "test_gqa_accuracy_answer_rel_unscaled": 0.3752802515468622,
    "test_gqa_accuracy_answer_total_unscaled": 0.46789340137830243,
    "test_gqa_accuracy_answer_type_unscaled": 0.9998413705583756,
    "test_gqa_cardinality_error_unscaled": 1.6672112947793176,
    "test_gqa_cardinality_error_0_unscaled": 93.74005390302784,
    "test_gqa_cardinality_error_1_unscaled": 100.0,
    "test_gqa_cardinality_error_2_unscaled": 17.43654822819124,
    "test_gqa_cardinality_error_3_unscaled": 18.839197337929974,
    "test_gqa_cardinality_error_4_unscaled": 69.91995558762913,
    "test_gqa_loss_answer_attr_unscaled": 1.186803522902697,
    "test_gqa_loss_answer_cat_unscaled": 1.8888446965654024,
    "test_gqa_loss_answer_global_unscaled": 0.27400267035619863,
    "test_gqa_loss_answer_obj_unscaled": 0.24996455278772622,
    "test_gqa_loss_answer_rel_unscaled": 3.248575081226184,
    "test_gqa_loss_answer_type_unscaled": 0.0006204125902201995,
    "test_gqa_loss_bbox_unscaled": 0.0,
    "test_gqa_loss_bbox_0_unscaled": 0.0,
    "test_gqa_loss_bbox_1_unscaled": 0.0,
    "test_gqa_loss_bbox_2_unscaled": 0.0,
    "test_gqa_loss_bbox_3_unscaled": 0.0,
    "test_gqa_loss_bbox_4_unscaled": 0.0,
    "test_gqa_loss_ce_unscaled": 10.301327686019356,
    "test_gqa_loss_ce_0_unscaled": 574.9188777710581,
    "test_gqa_loss_ce_1_unscaled": 430.7934226408828,
    "test_gqa_loss_ce_2_unscaled": 49.728562834299154,
    "test_gqa_loss_ce_3_unscaled": 46.851919638929026,
    "test_gqa_loss_ce_4_unscaled": 260.291330831305,
    "test_gqa_loss_giou_unscaled": 0.0,
    "test_gqa_loss_giou_0_unscaled": 0.0,
    "test_gqa_loss_giou_1_unscaled": 0.0,
    "test_gqa_loss_giou_2_unscaled": 0.0,
    "test_gqa_loss_giou_3_unscaled": 0.0,
    "test_gqa_loss_giou_4_unscaled": 0.0,
    "test_gqa_coco_eval_bbox": [
        -1.0,
        -1.0,
        -1.0,
        -1.0,
        -1.0,
        -1.0,
        -1.0,
        -1.0,
        -1.0,
        -1.0,
        -1.0,
        -1.0
    ],
    "n_parameters": 185847022
}