2025-07-16 19:55:15,136 - INFO - Logger initialized. Writing detailed log to /home/projects/bagon/andreyg/Projects/Object_reps_neural/Programming/hugging_face/model_experiments/segformer/exp2TTC/logs/ttc_exp_20250716_195515.log
2025-07-16 19:55:15,137 - INFO - VideoProcessor initialized with 2 blobs to detect
2025-07-16 19:55:15,137 - INFO - Blob 1 memory strategy: running_average
2025-07-16 19:55:15,137 - INFO - Blob 1 running average window: 10
2025-07-16 19:55:15,137 - INFO - Blob 1 memory will freeze after frame: 80
2025-07-16 19:55:15,137 - INFO - Vanilla segmentation enabled
2025-07-16 19:55:15,137 - INFO - Initialized TTC Experiment with output dir: /home/projects/bagon/andreyg/Projects/Object_reps_neural/Programming/hugging_face/model_experiments/segformer/exp2TTC
2025-07-16 19:55:15,137 - INFO - TTC-specific configuration:
2025-07-16 19:55:15,137 - INFO -   - Blob 1 memory: running average of past 10 frames
2025-07-16 19:55:15,138 - INFO -   - Blob 1 memory updates stop after frame 80
2025-07-16 19:55:15,138 - INFO - Starting full TTC experiment
2025-07-16 19:55:15,140 - INFO - Found 99 video files to process
2025-07-16 19:55:15,140 - INFO - Reading participant CSV from /home/projects/bagon/andreyg/Projects/Object_reps_neural/Programming/hugging_face/model_experiments/exp2TTC_files/experiment2-CollisionDetection-Data.csv...
2025-07-16 19:55:15,160 - INFO - CSV loaded with 13974 rows and 10 columns.
2025-07-16 19:55:15,160 - INFO - Starting collision detection across videos and IoU thresholds...
2025-07-16 19:55:15,163 - INFO - Processing video: AConcave_FConcave
2025-07-16 19:55:15,163 - INFO - Video AConcave_FConcave already processed (found segformer_model-AConcave_FConcave.mp4), skipping video processing...
2025-07-16 19:55:15,171 - INFO - VanillaSegmentationSaver initialized with output dir: /home/projects/bagon/andreyg/Projects/Object_reps_neural/Programming/hugging_face/model_experiments/segformer/exp2TTC/processed_videos/segformer_model-AConcave_FConcave/org_segmentation
2025-07-16 19:55:15,176 - INFO - All collision results already exist for AConcave_FConcave
2025-07-16 19:55:15,176 - DEBUG - Loaded collision time for AConcave_FConcave at IoU 0.05: nan
2025-07-16 19:55:15,177 - DEBUG - Loaded collision time for AConcave_FConcave at IoU 0.1: nan
2025-07-16 19:55:15,177 - DEBUG - Loaded collision time for AConcave_FConcave at IoU 0.15: nan
2025-07-16 19:55:15,177 - DEBUG - Loaded collision time for AConcave_FConcave at IoU 0.2: nan
2025-07-16 19:55:15,178 - DEBUG - Loaded collision time for AConcave_FConcave at IoU 0.25: nan
2025-07-16 19:55:15,178 - DEBUG - Loaded collision time for AConcave_FConcave at IoU 0.3: nan
2025-07-16 19:55:15,179 - DEBUG - Loaded collision time for AConcave_FConcave at IoU 0.35: nan
2025-07-16 19:55:15,180 - DEBUG - Loaded collision time for AConcave_FConcave at IoU 0.4: nan
2025-07-16 19:55:15,180 - DEBUG - Loaded collision time for AConcave_FConcave at IoU 0.45: nan
2025-07-16 19:55:15,181 - DEBUG - Loaded collision time for AConcave_FConcave at IoU 0.5: nan
2025-07-16 19:55:15,181 - DEBUG - Loaded collision time for AConcave_FConcave at IoU 0.55: nan
2025-07-16 19:55:15,182 - DEBUG - Loaded collision time for AConcave_FConcave at IoU 0.6: nan
2025-07-16 19:55:15,182 - DEBUG - Loaded collision time for AConcave_FConcave at IoU 0.65: nan
2025-07-16 19:55:15,183 - DEBUG - Loaded collision time for AConcave_FConcave at IoU 0.7: nan
2025-07-16 19:55:15,183 - DEBUG - Loaded collision time for AConcave_FConcave at IoU 0.75: nan
2025-07-16 19:55:15,184 - DEBUG - Loaded collision time for AConcave_FConcave at IoU 0.8: nan
2025-07-16 19:55:15,184 - DEBUG - Loaded collision time for AConcave_FConcave at IoU 0.85: nan
2025-07-16 19:55:15,185 - DEBUG - Loaded collision time for AConcave_FConcave at IoU 0.9: nan
2025-07-16 19:55:15,185 - DEBUG - Loaded collision time for AConcave_FConcave at IoU 0.95: nan
2025-07-16 19:55:15,185 - INFO - Processing video: BConcave+AConcave+3500
2025-07-16 19:55:15,186 - INFO - Video BConcave+AConcave+3500 already processed (found segformer_model-BConcave+AConcave+3500.mp4), skipping video processing...
2025-07-16 19:55:15,194 - INFO - VanillaSegmentationSaver initialized with output dir: /home/projects/bagon/andreyg/Projects/Object_reps_neural/Programming/hugging_face/model_experiments/segformer/exp2TTC/processed_videos/segformer_model-BConcave+AConcave+3500/org_segmentation
2025-07-16 19:55:15,198 - INFO - All collision results already exist for BConcave+AConcave+3500
2025-07-16 19:55:15,199 - DEBUG - Loaded collision time for BConcave+AConcave+3500 at IoU 0.05: 3716.666666666667
2025-07-16 19:55:15,199 - DEBUG - Loaded collision time for BConcave+AConcave+3500 at IoU 0.1: 3783.333333333333
2025-07-16 19:55:15,199 - DEBUG - Loaded collision time for BConcave+AConcave+3500 at IoU 0.15: 3833.3333333333335
2025-07-16 19:55:15,200 - DEBUG - Loaded collision time for BConcave+AConcave+3500 at IoU 0.2: 3900.0
2025-07-16 19:55:15,200 - DEBUG - Loaded collision time for BConcave+AConcave+3500 at IoU 0.25: 3933.333333333333
2025-07-16 19:55:15,201 - DEBUG - Loaded collision time for BConcave+AConcave+3500 at IoU 0.3: 4016.6666666666665
2025-07-16 19:55:15,201 - DEBUG - Loaded collision time for BConcave+AConcave+3500 at IoU 0.35: nan
2025-07-16 19:55:15,201 - DEBUG - Loaded collision time for BConcave+AConcave+3500 at IoU 0.4: nan
2025-07-16 19:55:15,202 - DEBUG - Loaded collision time for BConcave+AConcave+3500 at IoU 0.45: nan
2025-07-16 19:55:15,202 - DEBUG - Loaded collision time for BConcave+AConcave+3500 at IoU 0.5: nan
2025-07-16 19:55:15,203 - DEBUG - Loaded collision time for BConcave+AConcave+3500 at IoU 0.55: nan
2025-07-16 19:55:15,203 - DEBUG - Loaded collision time for BConcave+AConcave+3500 at IoU 0.6: nan
2025-07-16 19:55:15,203 - DEBUG - Loaded collision time for BConcave+AConcave+3500 at IoU 0.65: nan
2025-07-16 19:55:15,204 - DEBUG - Loaded collision time for BConcave+AConcave+3500 at IoU 0.7: nan
2025-07-16 19:55:15,204 - DEBUG - Loaded collision time for BConcave+AConcave+3500 at IoU 0.75: nan
2025-07-16 19:55:15,204 - DEBUG - Loaded collision time for BConcave+AConcave+3500 at IoU 0.8: nan
2025-07-16 19:55:15,205 - DEBUG - Loaded collision time for BConcave+AConcave+3500 at IoU 0.85: nan
2025-07-16 19:55:15,205 - DEBUG - Loaded collision time for BConcave+AConcave+3500 at IoU 0.9: nan
2025-07-16 19:55:15,205 - DEBUG - Loaded collision time for BConcave+AConcave+3500 at IoU 0.95: nan
2025-07-16 19:55:15,205 - INFO - Processing video: BConcave+AConcave+3700_flipped
2025-07-16 19:55:15,206 - INFO - Video BConcave+AConcave+3700_flipped already processed (found segformer_model-BConcave+AConcave+3700_flipped.mp4), skipping video processing...
2025-07-16 19:55:15,214 - INFO - VanillaSegmentationSaver initialized with output dir: /home/projects/bagon/andreyg/Projects/Object_reps_neural/Programming/hugging_face/model_experiments/segformer/exp2TTC/processed_videos/segformer_model-BConcave+AConcave+3700_flipped/org_segmentation
2025-07-16 19:55:15,219 - INFO - All collision results already exist for BConcave+AConcave+3700_flipped
2025-07-16 19:55:15,220 - DEBUG - Loaded collision time for BConcave+AConcave+3700_flipped at IoU 0.05: nan
2025-07-16 19:55:15,220 - DEBUG - Loaded collision time for BConcave+AConcave+3700_flipped at IoU 0.1: nan
2025-07-16 19:55:15,221 - DEBUG - Loaded collision time for BConcave+AConcave+3700_flipped at IoU 0.15: nan
2025-07-16 19:55:15,222 - DEBUG - Loaded collision time for BConcave+AConcave+3700_flipped at IoU 0.2: nan
2025-07-16 19:55:15,222 - DEBUG - Loaded collision time for BConcave+AConcave+3700_flipped at IoU 0.25: nan
2025-07-16 19:55:15,223 - DEBUG - Loaded collision time for BConcave+AConcave+3700_flipped at IoU 0.3: nan
2025-07-16 19:55:15,223 - DEBUG - Loaded collision time for BConcave+AConcave+3700_flipped at IoU 0.35: nan
2025-07-16 19:55:15,224 - DEBUG - Loaded collision time for BConcave+AConcave+3700_flipped at IoU 0.4: nan
2025-07-16 19:55:15,224 - DEBUG - Loaded collision time for BConcave+AConcave+3700_flipped at IoU 0.45: nan
2025-07-16 19:55:15,224 - DEBUG - Loaded collision time for BConcave+AConcave+3700_flipped at IoU 0.5: nan
2025-07-16 19:55:15,225 - DEBUG - Loaded collision time for BConcave+AConcave+3700_flipped at IoU 0.55: nan
2025-07-16 19:55:15,225 - DEBUG - Loaded collision time for BConcave+AConcave+3700_flipped at IoU 0.6: nan
2025-07-16 19:55:15,225 - DEBUG - Loaded collision time for BConcave+AConcave+3700_flipped at IoU 0.65: nan
2025-07-16 19:55:15,226 - DEBUG - Loaded collision time for BConcave+AConcave+3700_flipped at IoU 0.7: nan
2025-07-16 19:55:15,226 - DEBUG - Loaded collision time for BConcave+AConcave+3700_flipped at IoU 0.75: nan
2025-07-16 19:55:15,226 - DEBUG - Loaded collision time for BConcave+AConcave+3700_flipped at IoU 0.8: nan
2025-07-16 19:55:15,227 - DEBUG - Loaded collision time for BConcave+AConcave+3700_flipped at IoU 0.85: nan
2025-07-16 19:55:15,227 - DEBUG - Loaded collision time for BConcave+AConcave+3700_flipped at IoU 0.9: nan
2025-07-16 19:55:15,228 - DEBUG - Loaded collision time for BConcave+AConcave+3700_flipped at IoU 0.95: nan
2025-07-16 19:55:15,228 - INFO - Processing video: BConcave+AConcave+3900
2025-07-16 19:55:15,228 - INFO - Video BConcave+AConcave+3900 already processed (found segformer_model-BConcave+AConcave+3900.mp4), skipping video processing...
2025-07-16 19:55:15,237 - INFO - VanillaSegmentationSaver initialized with output dir: /home/projects/bagon/andreyg/Projects/Object_reps_neural/Programming/hugging_face/model_experiments/segformer/exp2TTC/processed_videos/segformer_model-BConcave+AConcave+3900/org_segmentation
2025-07-16 19:55:15,243 - INFO - All collision results already exist for BConcave+AConcave+3900
2025-07-16 19:55:15,243 - DEBUG - Loaded collision time for BConcave+AConcave+3900 at IoU 0.05: 3666.6666666666665
2025-07-16 19:55:15,244 - DEBUG - Loaded collision time for BConcave+AConcave+3900 at IoU 0.1: 3816.666666666667
2025-07-16 19:55:15,244 - DEBUG - Loaded collision time for BConcave+AConcave+3900 at IoU 0.15: 3950.0
2025-07-16 19:55:15,244 - DEBUG - Loaded collision time for BConcave+AConcave+3900 at IoU 0.2: 4116.666666666666
2025-07-16 19:55:15,245 - DEBUG - Loaded collision time for BConcave+AConcave+3900 at IoU 0.25: 4266.666666666667
2025-07-16 19:55:15,246 - DEBUG - Loaded collision time for BConcave+AConcave+3900 at IoU 0.3: nan
2025-07-16 19:55:15,246 - DEBUG - Loaded collision time for BConcave+AConcave+3900 at IoU 0.35: nan
2025-07-16 19:55:15,246 - DEBUG - Loaded collision time for BConcave+AConcave+3900 at IoU 0.4: nan
2025-07-16 19:55:15,247 - DEBUG - Loaded collision time for BConcave+AConcave+3900 at IoU 0.45: nan
2025-07-16 19:55:15,247 - DEBUG - Loaded collision time for BConcave+AConcave+3900 at IoU 0.5: nan
2025-07-16 19:55:15,248 - DEBUG - Loaded collision time for BConcave+AConcave+3900 at IoU 0.55: nan
2025-07-16 19:55:15,248 - DEBUG - Loaded collision time for BConcave+AConcave+3900 at IoU 0.6: nan
2025-07-16 19:55:15,249 - DEBUG - Loaded collision time for BConcave+AConcave+3900 at IoU 0.65: nan
2025-07-16 19:55:15,249 - DEBUG - Loaded collision time for BConcave+AConcave+3900 at IoU 0.7: nan
2025-07-16 19:55:15,250 - DEBUG - Loaded collision time for BConcave+AConcave+3900 at IoU 0.75: nan
2025-07-16 19:55:15,250 - DEBUG - Loaded collision time for BConcave+AConcave+3900 at IoU 0.8: nan
2025-07-16 19:55:15,251 - DEBUG - Loaded collision time for BConcave+AConcave+3900 at IoU 0.85: nan
2025-07-16 19:55:15,251 - DEBUG - Loaded collision time for BConcave+AConcave+3900 at IoU 0.9: nan
2025-07-16 19:55:15,252 - DEBUG - Loaded collision time for BConcave+AConcave+3900 at IoU 0.95: nan
2025-07-16 19:55:15,252 - INFO - Processing video: BConcave+AConcave+4100_flipped
2025-07-16 19:55:15,252 - INFO - Video BConcave+AConcave+4100_flipped already processed (found segformer_model-BConcave+AConcave+4100_flipped.mp4), skipping video processing...
2025-07-16 19:55:15,260 - INFO - VanillaSegmentationSaver initialized with output dir: /home/projects/bagon/andreyg/Projects/Object_reps_neural/Programming/hugging_face/model_experiments/segformer/exp2TTC/processed_videos/segformer_model-BConcave+AConcave+4100_flipped/org_segmentation
2025-07-16 19:55:15,265 - INFO - All collision results already exist for BConcave+AConcave+4100_flipped
2025-07-16 19:55:15,266 - DEBUG - Loaded collision time for BConcave+AConcave+4100_flipped at IoU 0.05: nan
2025-07-16 19:55:15,266 - DEBUG - Loaded collision time for BConcave+AConcave+4100_flipped at IoU 0.1: nan
2025-07-16 19:55:15,266 - DEBUG - Loaded collision time for BConcave+AConcave+4100_flipped at IoU 0.15: nan
2025-07-16 19:55:15,267 - DEBUG - Loaded collision time for BConcave+AConcave+4100_flipped at IoU 0.2: nan
2025-07-16 19:55:15,267 - DEBUG - Loaded collision time for BConcave+AConcave+4100_flipped at IoU 0.25: nan
2025-07-16 19:55:15,267 - DEBUG - Loaded collision time for BConcave+AConcave+4100_flipped at IoU 0.3: nan
2025-07-16 19:55:15,268 - DEBUG - Loaded collision time for BConcave+AConcave+4100_flipped at IoU 0.35: nan
2025-07-16 19:55:15,268 - DEBUG - Loaded collision time for BConcave+AConcave+4100_flipped at IoU 0.4: nan
2025-07-16 19:55:15,268 - DEBUG - Loaded collision time for BConcave+AConcave+4100_flipped at IoU 0.45: nan
2025-07-16 19:55:15,269 - DEBUG - Loaded collision time for BConcave+AConcave+4100_flipped at IoU 0.5: nan
2025-07-16 19:55:15,269 - DEBUG - Loaded collision time for BConcave+AConcave+4100_flipped at IoU 0.55: nan
2025-07-16 19:55:15,270 - DEBUG - Loaded collision time for BConcave+AConcave+4100_flipped at IoU 0.6: nan
2025-07-16 19:55:15,271 - DEBUG - Loaded collision time for BConcave+AConcave+4100_flipped at IoU 0.65: nan
2025-07-16 19:55:15,271 - DEBUG - Loaded collision time for BConcave+AConcave+4100_flipped at IoU 0.7: nan
2025-07-16 19:55:15,271 - DEBUG - Loaded collision time for BConcave+AConcave+4100_flipped at IoU 0.75: nan
2025-07-16 19:55:15,272 - DEBUG - Loaded collision time for BConcave+AConcave+4100_flipped at IoU 0.8: nan
2025-07-16 19:55:15,273 - DEBUG - Loaded collision time for BConcave+AConcave+4100_flipped at IoU 0.85: nan
2025-07-16 19:55:15,273 - DEBUG - Loaded collision time for BConcave+AConcave+4100_flipped at IoU 0.9: nan
2025-07-16 19:55:15,273 - DEBUG - Loaded collision time for BConcave+AConcave+4100_flipped at IoU 0.95: nan
2025-07-16 19:55:15,274 - INFO - Processing video: BConcave+AConcave+4300
2025-07-16 19:55:15,274 - INFO - Video BConcave+AConcave+4300 already processed (found segformer_model-BConcave+AConcave+4300.mp4), skipping video processing...
2025-07-16 19:55:15,283 - INFO - VanillaSegmentationSaver initialized with output dir: /home/projects/bagon/andreyg/Projects/Object_reps_neural/Programming/hugging_face/model_experiments/segformer/exp2TTC/processed_videos/segformer_model-BConcave+AConcave+4300/org_segmentation
2025-07-16 19:55:15,288 - INFO - All collision results already exist for BConcave+AConcave+4300
2025-07-16 19:55:15,288 - DEBUG - Loaded collision time for BConcave+AConcave+4300 at IoU 0.05: 4500.0
2025-07-16 19:55:15,289 - DEBUG - Loaded collision time for BConcave+AConcave+4300 at IoU 0.1: 4550.0
2025-07-16 19:55:15,289 - DEBUG - Loaded collision time for BConcave+AConcave+4300 at IoU 0.15: 4600.0
2025-07-16 19:55:15,289 - DEBUG - Loaded collision time for BConcave+AConcave+4300 at IoU 0.2: 4650.0
2025-07-16 19:55:15,290 - DEBUG - Loaded collision time for BConcave+AConcave+4300 at IoU 0.25: 4683.333333333334
2025-07-16 19:55:15,290 - DEBUG - Loaded collision time for BConcave+AConcave+4300 at IoU 0.3: 4733.333333333333
2025-07-16 19:55:15,291 - DEBUG - Loaded collision time for BConcave+AConcave+4300 at IoU 0.35: 4800.0
2025-07-16 19:55:15,292 - DEBUG - Loaded collision time for BConcave+AConcave+4300 at IoU 0.4: nan
2025-07-16 19:55:15,292 - DEBUG - Loaded collision time for BConcave+AConcave+4300 at IoU 0.45: nan
2025-07-16 19:55:15,292 - DEBUG - Loaded collision time for BConcave+AConcave+4300 at IoU 0.5: nan
2025-07-16 19:55:15,293 - DEBUG - Loaded collision time for BConcave+AConcave+4300 at IoU 0.55: nan
2025-07-16 19:55:15,293 - DEBUG - Loaded collision time for BConcave+AConcave+4300 at IoU 0.6: nan
2025-07-16 19:55:15,293 - DEBUG - Loaded collision time for BConcave+AConcave+4300 at IoU 0.65: nan
2025-07-16 19:55:15,294 - DEBUG - Loaded collision time for BConcave+AConcave+4300 at IoU 0.7: nan
2025-07-16 19:55:15,294 - DEBUG - Loaded collision time for BConcave+AConcave+4300 at IoU 0.75: nan
2025-07-16 19:55:15,295 - DEBUG - Loaded collision time for BConcave+AConcave+4300 at IoU 0.8: nan
2025-07-16 19:55:15,295 - DEBUG - Loaded collision time for BConcave+AConcave+4300 at IoU 0.85: nan
2025-07-16 19:55:15,295 - DEBUG - Loaded collision time for BConcave+AConcave+4300 at IoU 0.9: nan
2025-07-16 19:55:15,296 - DEBUG - Loaded collision time for BConcave+AConcave+4300 at IoU 0.95: nan
2025-07-16 19:55:15,296 - INFO - Processing video: BConcave+AConcave+4500_flipped
2025-07-16 19:55:15,296 - INFO - Video BConcave+AConcave+4500_flipped already processed (found segformer_model-BConcave+AConcave+4500_flipped.mp4), skipping video processing...
2025-07-16 19:55:15,304 - INFO - VanillaSegmentationSaver initialized with output dir: /home/projects/bagon/andreyg/Projects/Object_reps_neural/Programming/hugging_face/model_experiments/segformer/exp2TTC/processed_videos/segformer_model-BConcave+AConcave+4500_flipped/org_segmentation
2025-07-16 19:55:15,308 - INFO - All collision results already exist for BConcave+AConcave+4500_flipped
2025-07-16 19:55:15,309 - DEBUG - Loaded collision time for BConcave+AConcave+4500_flipped at IoU 0.05: nan
2025-07-16 19:55:15,310 - DEBUG - Loaded collision time for BConcave+AConcave+4500_flipped at IoU 0.1: nan
2025-07-16 19:55:15,310 - DEBUG - Loaded collision time for BConcave+AConcave+4500_flipped at IoU 0.15: nan
2025-07-16 19:55:15,311 - DEBUG - Loaded collision time for BConcave+AConcave+4500_flipped at IoU 0.2: nan
2025-07-16 19:55:15,311 - DEBUG - Loaded collision time for BConcave+AConcave+4500_flipped at IoU 0.25: nan
2025-07-16 19:55:15,312 - DEBUG - Loaded collision time for BConcave+AConcave+4500_flipped at IoU 0.3: nan
2025-07-16 19:55:15,312 - DEBUG - Loaded collision time for BConcave+AConcave+4500_flipped at IoU 0.35: nan
2025-07-16 19:55:15,312 - DEBUG - Loaded collision time for BConcave+AConcave+4500_flipped at IoU 0.4: nan
2025-07-16 19:55:15,313 - DEBUG - Loaded collision time for BConcave+AConcave+4500_flipped at IoU 0.45: nan
2025-07-16 19:55:15,313 - DEBUG - Loaded collision time for BConcave+AConcave+4500_flipped at IoU 0.5: nan
2025-07-16 19:55:15,314 - DEBUG - Loaded collision time for BConcave+AConcave+4500_flipped at IoU 0.55: nan
2025-07-16 19:55:15,314 - DEBUG - Loaded collision time for BConcave+AConcave+4500_flipped at IoU 0.6: nan
2025-07-16 19:55:15,314 - DEBUG - Loaded collision time for BConcave+AConcave+4500_flipped at IoU 0.65: nan
2025-07-16 19:55:15,315 - DEBUG - Loaded collision time for BConcave+AConcave+4500_flipped at IoU 0.7: nan
2025-07-16 19:55:15,315 - DEBUG - Loaded collision time for BConcave+AConcave+4500_flipped at IoU 0.75: nan
2025-07-16 19:55:15,316 - DEBUG - Loaded collision time for BConcave+AConcave+4500_flipped at IoU 0.8: nan
2025-07-16 19:55:15,316 - DEBUG - Loaded collision time for BConcave+AConcave+4500_flipped at IoU 0.85: nan
2025-07-16 19:55:15,316 - DEBUG - Loaded collision time for BConcave+AConcave+4500_flipped at IoU 0.9: nan
2025-07-16 19:55:15,317 - DEBUG - Loaded collision time for BConcave+AConcave+4500_flipped at IoU 0.95: nan
2025-07-16 19:55:15,317 - INFO - Processing video: BConcave+AConvex+3500_flipped
2025-07-16 19:55:15,317 - INFO - Video BConcave+AConvex+3500_flipped already processed (found segformer_model-BConcave+AConvex+3500_flipped.mp4), skipping video processing...
2025-07-16 19:55:15,325 - INFO - VanillaSegmentationSaver initialized with output dir: /home/projects/bagon/andreyg/Projects/Object_reps_neural/Programming/hugging_face/model_experiments/segformer/exp2TTC/processed_videos/segformer_model-BConcave+AConvex+3500_flipped/org_segmentation
2025-07-16 19:55:15,329 - INFO - All collision results already exist for BConcave+AConvex+3500_flipped
2025-07-16 19:55:15,330 - DEBUG - Loaded collision time for BConcave+AConvex+3500_flipped at IoU 0.05: 3766.6666666666665
2025-07-16 19:55:15,330 - DEBUG - Loaded collision time for BConcave+AConvex+3500_flipped at IoU 0.1: 3900.0
2025-07-16 19:55:15,331 - DEBUG - Loaded collision time for BConcave+AConvex+3500_flipped at IoU 0.15: 4016.6666666666665
2025-07-16 19:55:15,331 - DEBUG - Loaded collision time for BConcave+AConvex+3500_flipped at IoU 0.2: 4366.666666666666
2025-07-16 19:55:15,331 - DEBUG - Loaded collision time for BConcave+AConvex+3500_flipped at IoU 0.25: 4666.666666666667
2025-07-16 19:55:15,332 - DEBUG - Loaded collision time for BConcave+AConvex+3500_flipped at IoU 0.3: 4666.666666666667
2025-07-16 19:55:15,332 - DEBUG - Loaded collision time for BConcave+AConvex+3500_flipped at IoU 0.35: 4666.666666666667
2025-07-16 19:55:15,332 - DEBUG - Loaded collision time for BConcave+AConvex+3500_flipped at IoU 0.4: 4666.666666666667
2025-07-16 19:55:15,333 - DEBUG - Loaded collision time for BConcave+AConvex+3500_flipped at IoU 0.45: 4666.666666666667
2025-07-16 19:55:15,333 - DEBUG - Loaded collision time for BConcave+AConvex+3500_flipped at IoU 0.5: 4666.666666666667
2025-07-16 19:55:15,334 - DEBUG - Loaded collision time for BConcave+AConvex+3500_flipped at IoU 0.55: nan
2025-07-16 19:55:15,334 - DEBUG - Loaded collision time for BConcave+AConvex+3500_flipped at IoU 0.6: nan
2025-07-16 19:55:15,334 - DEBUG - Loaded collision time for BConcave+AConvex+3500_flipped at IoU 0.65: nan
2025-07-16 19:55:15,335 - DEBUG - Loaded collision time for BConcave+AConvex+3500_flipped at IoU 0.7: nan
2025-07-16 19:55:15,335 - DEBUG - Loaded collision time for BConcave+AConvex+3500_flipped at IoU 0.75: nan
2025-07-16 19:55:15,335 - DEBUG - Loaded collision time for BConcave+AConvex+3500_flipped at IoU 0.8: nan
2025-07-16 19:55:15,336 - DEBUG - Loaded collision time for BConcave+AConvex+3500_flipped at IoU 0.85: nan
2025-07-16 19:55:15,336 - DEBUG - Loaded collision time for BConcave+AConvex+3500_flipped at IoU 0.9: nan
2025-07-16 19:55:15,336 - DEBUG - Loaded collision time for BConcave+AConvex+3500_flipped at IoU 0.95: nan
2025-07-16 19:55:15,337 - INFO - Processing video: BConcave+AConvex+3700
2025-07-16 19:55:15,337 - INFO - Video BConcave+AConvex+3700 already processed (found segformer_model-BConcave+AConvex+3700.mp4), skipping video processing...
2025-07-16 19:55:15,344 - INFO - VanillaSegmentationSaver initialized with output dir: /home/projects/bagon/andreyg/Projects/Object_reps_neural/Programming/hugging_face/model_experiments/segformer/exp2TTC/processed_videos/segformer_model-BConcave+AConvex+3700/org_segmentation
2025-07-16 19:55:15,348 - INFO - All collision results already exist for BConcave+AConvex+3700
2025-07-16 19:55:15,349 - DEBUG - Loaded collision time for BConcave+AConvex+3700 at IoU 0.05: 4150.0
2025-07-16 19:55:15,349 - DEBUG - Loaded collision time for BConcave+AConvex+3700 at IoU 0.1: nan
2025-07-16 19:55:15,350 - DEBUG - Loaded collision time for BConcave+AConvex+3700 at IoU 0.15: nan
2025-07-16 19:55:15,350 - DEBUG - Loaded collision time for BConcave+AConvex+3700 at IoU 0.2: nan
2025-07-16 19:55:15,350 - DEBUG - Loaded collision time for BConcave+AConvex+3700 at IoU 0.25: nan
2025-07-16 19:55:15,351 - DEBUG - Loaded collision time for BConcave+AConvex+3700 at IoU 0.3: nan
2025-07-16 19:55:15,351 - DEBUG - Loaded collision time for BConcave+AConvex+3700 at IoU 0.35: nan
2025-07-16 19:55:15,352 - DEBUG - Loaded collision time for BConcave+AConvex+3700 at IoU 0.4: nan
2025-07-16 19:55:15,353 - DEBUG - Loaded collision time for BConcave+AConvex+3700 at IoU 0.45: nan
2025-07-16 19:55:15,353 - DEBUG - Loaded collision time for BConcave+AConvex+3700 at IoU 0.5: nan
2025-07-16 19:55:15,354 - DEBUG - Loaded collision time for BConcave+AConvex+3700 at IoU 0.55: nan
2025-07-16 19:55:15,354 - DEBUG - Loaded collision time for BConcave+AConvex+3700 at IoU 0.6: nan
2025-07-16 19:55:15,354 - DEBUG - Loaded collision time for BConcave+AConvex+3700 at IoU 0.65: nan
2025-07-16 19:55:15,355 - DEBUG - Loaded collision time for BConcave+AConvex+3700 at IoU 0.7: nan
2025-07-16 19:55:15,356 - DEBUG - Loaded collision time for BConcave+AConvex+3700 at IoU 0.75: nan
2025-07-16 19:55:15,356 - DEBUG - Loaded collision time for BConcave+AConvex+3700 at IoU 0.8: nan
2025-07-16 19:55:15,357 - DEBUG - Loaded collision time for BConcave+AConvex+3700 at IoU 0.85: nan
2025-07-16 19:55:15,357 - DEBUG - Loaded collision time for BConcave+AConvex+3700 at IoU 0.9: nan
2025-07-16 19:55:15,358 - DEBUG - Loaded collision time for BConcave+AConvex+3700 at IoU 0.95: nan
2025-07-16 19:55:15,358 - INFO - Processing video: BConcave+AConvex+3900_flipped
2025-07-16 19:55:15,358 - INFO - Video BConcave+AConvex+3900_flipped already processed (found segformer_model-BConcave+AConvex+3900_flipped.mp4), skipping video processing...
2025-07-16 19:55:15,366 - INFO - VanillaSegmentationSaver initialized with output dir: /home/projects/bagon/andreyg/Projects/Object_reps_neural/Programming/hugging_face/model_experiments/segformer/exp2TTC/processed_videos/segformer_model-BConcave+AConvex+3900_flipped/org_segmentation
2025-07-16 19:55:15,371 - INFO - All collision results already exist for BConcave+AConvex+3900_flipped
2025-07-16 19:55:15,371 - DEBUG - Loaded collision time for BConcave+AConvex+3900_flipped at IoU 0.05: nan
2025-07-16 19:55:15,372 - DEBUG - Loaded collision time for BConcave+AConvex+3900_flipped at IoU 0.1: nan
2025-07-16 19:55:15,372 - DEBUG - Loaded collision time for BConcave+AConvex+3900_flipped at IoU 0.15: nan
2025-07-16 19:55:15,373 - DEBUG - Loaded collision time for BConcave+AConvex+3900_flipped at IoU 0.2: nan
2025-07-16 19:55:15,373 - DEBUG - Loaded collision time for BConcave+AConvex+3900_flipped at IoU 0.25: nan
2025-07-16 19:55:15,373 - DEBUG - Loaded collision time for BConcave+AConvex+3900_flipped at IoU 0.3: nan
2025-07-16 19:55:15,374 - DEBUG - Loaded collision time for BConcave+AConvex+3900_flipped at IoU 0.35: nan
2025-07-16 19:55:15,374 - DEBUG - Loaded collision time for BConcave+AConvex+3900_flipped at IoU 0.4: nan
2025-07-16 19:55:15,374 - DEBUG - Loaded collision time for BConcave+AConvex+3900_flipped at IoU 0.45: nan
2025-07-16 19:55:15,375 - DEBUG - Loaded collision time for BConcave+AConvex+3900_flipped at IoU 0.5: nan
2025-07-16 19:55:15,375 - DEBUG - Loaded collision time for BConcave+AConvex+3900_flipped at IoU 0.55: nan
2025-07-16 19:55:15,375 - DEBUG - Loaded collision time for BConcave+AConvex+3900_flipped at IoU 0.6: nan
2025-07-16 19:55:15,376 - DEBUG - Loaded collision time for BConcave+AConvex+3900_flipped at IoU 0.65: nan
2025-07-16 19:55:15,376 - DEBUG - Loaded collision time for BConcave+AConvex+3900_flipped at IoU 0.7: nan
2025-07-16 19:55:15,376 - DEBUG - Loaded collision time for BConcave+AConvex+3900_flipped at IoU 0.75: nan
2025-07-16 19:55:15,377 - DEBUG - Loaded collision time for BConcave+AConvex+3900_flipped at IoU 0.8: nan
2025-07-16 19:55:15,377 - DEBUG - Loaded collision time for BConcave+AConvex+3900_flipped at IoU 0.85: nan
2025-07-16 19:55:15,377 - DEBUG - Loaded collision time for BConcave+AConvex+3900_flipped at IoU 0.9: nan
2025-07-16 19:55:15,378 - DEBUG - Loaded collision time for BConcave+AConvex+3900_flipped at IoU 0.95: nan
2025-07-16 19:55:15,378 - INFO - Processing video: BConcave+AConvex+4100
2025-07-16 19:55:15,379 - INFO - Video BConcave+AConvex+4100 already processed (found segformer_model-BConcave+AConvex+4100.mp4), skipping video processing...
2025-07-16 19:55:15,385 - INFO - VanillaSegmentationSaver initialized with output dir: /home/projects/bagon/andreyg/Projects/Object_reps_neural/Programming/hugging_face/model_experiments/segformer/exp2TTC/processed_videos/segformer_model-BConcave+AConvex+4100/org_segmentation
2025-07-16 19:55:15,388 - INFO - All collision results already exist for BConcave+AConvex+4100
2025-07-16 19:55:15,389 - DEBUG - Loaded collision time for BConcave+AConvex+4100 at IoU 0.05: 4683.333333333334
2025-07-16 19:55:15,389 - DEBUG - Loaded collision time for BConcave+AConvex+4100 at IoU 0.1: 4866.666666666666
2025-07-16 19:55:15,390 - DEBUG - Loaded collision time for BConcave+AConvex+4100 at IoU 0.15: 5050.0
2025-07-16 19:55:15,390 - DEBUG - Loaded collision time for BConcave+AConvex+4100 at IoU 0.2: nan
2025-07-16 19:55:15,390 - DEBUG - Loaded collision time for BConcave+AConvex+4100 at IoU 0.25: nan
2025-07-16 19:55:15,391 - DEBUG - Loaded collision time for BConcave+AConvex+4100 at IoU 0.3: nan
2025-07-16 19:55:15,391 - DEBUG - Loaded collision time for BConcave+AConvex+4100 at IoU 0.35: nan
2025-07-16 19:55:15,391 - DEBUG - Loaded collision time for BConcave+AConvex+4100 at IoU 0.4: nan
2025-07-16 19:55:15,392 - DEBUG - Loaded collision time for BConcave+AConvex+4100 at IoU 0.45: nan
2025-07-16 19:55:15,392 - DEBUG - Loaded collision time for BConcave+AConvex+4100 at IoU 0.5: nan
2025-07-16 19:55:15,393 - DEBUG - Loaded collision time for BConcave+AConvex+4100 at IoU 0.55: nan
2025-07-16 19:55:15,393 - DEBUG - Loaded collision time for BConcave+AConvex+4100 at IoU 0.6: nan
2025-07-16 19:55:15,393 - DEBUG - Loaded collision time for BConcave+AConvex+4100 at IoU 0.65: nan
2025-07-16 19:55:15,394 - DEBUG - Loaded collision time for BConcave+AConvex+4100 at IoU 0.7: nan
2025-07-16 19:55:15,394 - DEBUG - Loaded collision time for BConcave+AConvex+4100 at IoU 0.75: nan
2025-07-16 19:55:15,394 - DEBUG - Loaded collision time for BConcave+AConvex+4100 at IoU 0.8: nan
2025-07-16 19:55:15,395 - DEBUG - Loaded collision time for BConcave+AConvex+4100 at IoU 0.85: nan
2025-07-16 19:55:15,395 - DEBUG - Loaded collision time for BConcave+AConvex+4100 at IoU 0.9: nan
2025-07-16 19:55:15,396 - DEBUG - Loaded collision time for BConcave+AConvex+4100 at IoU 0.95: nan
2025-07-16 19:55:15,396 - INFO - Processing video: BConcave+AConvex+4300_flipped
2025-07-16 19:55:15,396 - INFO - Video BConcave+AConvex+4300_flipped already processed (found segformer_model-BConcave+AConvex+4300_flipped.mp4), skipping video processing...
2025-07-16 19:55:15,403 - INFO - VanillaSegmentationSaver initialized with output dir: /home/projects/bagon/andreyg/Projects/Object_reps_neural/Programming/hugging_face/model_experiments/segformer/exp2TTC/processed_videos/segformer_model-BConcave+AConvex+4300_flipped/org_segmentation
2025-07-16 19:55:15,407 - INFO - All collision results already exist for BConcave+AConvex+4300_flipped
2025-07-16 19:55:15,407 - DEBUG - Loaded collision time for BConcave+AConvex+4300_flipped at IoU 0.05: nan
2025-07-16 19:55:15,407 - DEBUG - Loaded collision time for BConcave+AConvex+4300_flipped at IoU 0.1: nan
2025-07-16 19:55:15,408 - DEBUG - Loaded collision time for BConcave+AConvex+4300_flipped at IoU 0.15: nan
2025-07-16 19:55:15,408 - DEBUG - Loaded collision time for BConcave+AConvex+4300_flipped at IoU 0.2: nan
2025-07-16 19:55:15,409 - DEBUG - Loaded collision time for BConcave+AConvex+4300_flipped at IoU 0.25: nan
2025-07-16 19:55:15,409 - DEBUG - Loaded collision time for BConcave+AConvex+4300_flipped at IoU 0.3: nan
2025-07-16 19:55:15,409 - DEBUG - Loaded collision time for BConcave+AConvex+4300_flipped at IoU 0.35: nan
2025-07-16 19:55:15,410 - DEBUG - Loaded collision time for BConcave+AConvex+4300_flipped at IoU 0.4: nan
2025-07-16 19:55:15,410 - DEBUG - Loaded collision time for BConcave+AConvex+4300_flipped at IoU 0.45: nan
2025-07-16 19:55:15,410 - DEBUG - Loaded collision time for BConcave+AConvex+4300_flipped at IoU 0.5: nan
2025-07-16 19:55:15,411 - DEBUG - Loaded collision time for BConcave+AConvex+4300_flipped at IoU 0.55: nan
2025-07-16 19:55:15,411 - DEBUG - Loaded collision time for BConcave+AConvex+4300_flipped at IoU 0.6: nan
2025-07-16 19:55:15,411 - DEBUG - Loaded collision time for BConcave+AConvex+4300_flipped at IoU 0.65: nan
2025-07-16 19:55:15,412 - DEBUG - Loaded collision time for BConcave+AConvex+4300_flipped at IoU 0.7: nan
2025-07-16 19:55:15,412 - DEBUG - Loaded collision time for BConcave+AConvex+4300_flipped at IoU 0.75: nan
2025-07-16 19:55:15,412 - DEBUG - Loaded collision time for BConcave+AConvex+4300_flipped at IoU 0.8: nan
2025-07-16 19:55:15,413 - DEBUG - Loaded collision time for BConcave+AConvex+4300_flipped at IoU 0.85: nan
2025-07-16 19:55:15,413 - DEBUG - Loaded collision time for BConcave+AConvex+4300_flipped at IoU 0.9: nan
2025-07-16 19:55:15,414 - DEBUG - Loaded collision time for BConcave+AConvex+4300_flipped at IoU 0.95: nan
2025-07-16 19:55:15,414 - INFO - Processing video: BConcave+AConvex+4500
2025-07-16 19:55:15,414 - INFO - Video BConcave+AConvex+4500 already processed (found segformer_model-BConcave+AConvex+4500.mp4), skipping video processing...
2025-07-16 19:55:15,421 - INFO - VanillaSegmentationSaver initialized with output dir: /home/projects/bagon/andreyg/Projects/Object_reps_neural/Programming/hugging_face/model_experiments/segformer/exp2TTC/processed_videos/segformer_model-BConcave+AConvex+4500/org_segmentation
2025-07-16 19:55:15,424 - INFO - All collision results already exist for BConcave+AConvex+4500
2025-07-16 19:55:15,425 - DEBUG - Loaded collision time for BConcave+AConvex+4500 at IoU 0.05: 4766.666666666667
2025-07-16 19:55:15,425 - DEBUG - Loaded collision time for BConcave+AConvex+4500 at IoU 0.1: 4900.0
2025-07-16 19:55:15,426 - DEBUG - Loaded collision time for BConcave+AConvex+4500 at IoU 0.15: 5033.333333333333
2025-07-16 19:55:15,426 - DEBUG - Loaded collision time for BConcave+AConvex+4500 at IoU 0.2: nan
2025-07-16 19:55:15,426 - DEBUG - Loaded collision time for BConcave+AConvex+4500 at IoU 0.25: nan
2025-07-16 19:55:15,427 - DEBUG - Loaded collision time for BConcave+AConvex+4500 at IoU 0.3: nan
2025-07-16 19:55:15,427 - DEBUG - Loaded collision time for BConcave+AConvex+4500 at IoU 0.35: nan
2025-07-16 19:55:15,427 - DEBUG - Loaded collision time for BConcave+AConvex+4500 at IoU 0.4: nan
2025-07-16 19:55:15,428 - DEBUG - Loaded collision time for BConcave+AConvex+4500 at IoU 0.45: nan
2025-07-16 19:55:15,428 - DEBUG - Loaded collision time for BConcave+AConvex+4500 at IoU 0.5: nan
2025-07-16 19:55:15,429 - DEBUG - Loaded collision time for BConcave+AConvex+4500 at IoU 0.55: nan
2025-07-16 19:55:15,429 - DEBUG - Loaded collision time for BConcave+AConvex+4500 at IoU 0.6: nan
2025-07-16 19:55:15,429 - DEBUG - Loaded collision time for BConcave+AConvex+4500 at IoU 0.65: nan
2025-07-16 19:55:15,430 - DEBUG - Loaded collision time for BConcave+AConvex+4500 at IoU 0.7: nan
2025-07-16 19:55:15,430 - DEBUG - Loaded collision time for BConcave+AConvex+4500 at IoU 0.75: nan
2025-07-16 19:55:15,430 - DEBUG - Loaded collision time for BConcave+AConvex+4500 at IoU 0.8: nan
2025-07-16 19:55:15,431 - DEBUG - Loaded collision time for BConcave+AConvex+4500 at IoU 0.85: nan
2025-07-16 19:55:15,431 - DEBUG - Loaded collision time for BConcave+AConvex+4500 at IoU 0.9: nan
2025-07-16 19:55:15,431 - DEBUG - Loaded collision time for BConcave+AConvex+4500 at IoU 0.95: nan
2025-07-16 19:55:15,432 - INFO - Processing video: BConcave+BConcavePatient+3500
2025-07-16 19:55:15,432 - INFO - Video BConcave+BConcavePatient+3500 already processed (found segformer_model-BConcave+BConcavePatient+3500.mp4), skipping video processing...
2025-07-16 19:55:15,439 - INFO - VanillaSegmentationSaver initialized with output dir: /home/projects/bagon/andreyg/Projects/Object_reps_neural/Programming/hugging_face/model_experiments/segformer/exp2TTC/processed_videos/segformer_model-BConcave+BConcavePatient+3500/org_segmentation
2025-07-16 19:55:15,442 - INFO - All collision results already exist for BConcave+BConcavePatient+3500
2025-07-16 19:55:15,442 - DEBUG - Loaded collision time for BConcave+BConcavePatient+3500 at IoU 0.05: nan
2025-07-16 19:55:15,443 - DEBUG - Loaded collision time for BConcave+BConcavePatient+3500 at IoU 0.1: nan
2025-07-16 19:55:15,443 - DEBUG - Loaded collision time for BConcave+BConcavePatient+3500 at IoU 0.15: nan
2025-07-16 19:55:15,443 - DEBUG - Loaded collision time for BConcave+BConcavePatient+3500 at IoU 0.2: nan
2025-07-16 19:55:15,444 - DEBUG - Loaded collision time for BConcave+BConcavePatient+3500 at IoU 0.25: nan
2025-07-16 19:55:15,444 - DEBUG - Loaded collision time for BConcave+BConcavePatient+3500 at IoU 0.3: nan
2025-07-16 19:55:15,444 - DEBUG - Loaded collision time for BConcave+BConcavePatient+3500 at IoU 0.35: nan
2025-07-16 19:55:15,445 - DEBUG - Loaded collision time for BConcave+BConcavePatient+3500 at IoU 0.4: nan
2025-07-16 19:55:15,445 - DEBUG - Loaded collision time for BConcave+BConcavePatient+3500 at IoU 0.45: nan
2025-07-16 19:55:15,446 - DEBUG - Loaded collision time for BConcave+BConcavePatient+3500 at IoU 0.5: nan
2025-07-16 19:55:15,446 - DEBUG - Loaded collision time for BConcave+BConcavePatient+3500 at IoU 0.55: nan
2025-07-16 19:55:15,446 - DEBUG - Loaded collision time for BConcave+BConcavePatient+3500 at IoU 0.6: nan
2025-07-16 19:55:15,447 - DEBUG - Loaded collision time for BConcave+BConcavePatient+3500 at IoU 0.65: nan
2025-07-16 19:55:15,447 - DEBUG - Loaded collision time for BConcave+BConcavePatient+3500 at IoU 0.7: nan
2025-07-16 19:55:15,447 - DEBUG - Loaded collision time for BConcave+BConcavePatient+3500 at IoU 0.75: nan
2025-07-16 19:55:15,448 - DEBUG - Loaded collision time for BConcave+BConcavePatient+3500 at IoU 0.8: nan
2025-07-16 19:55:15,448 - DEBUG - Loaded collision time for BConcave+BConcavePatient+3500 at IoU 0.85: nan
2025-07-16 19:55:15,448 - DEBUG - Loaded collision time for BConcave+BConcavePatient+3500 at IoU 0.9: nan
2025-07-16 19:55:15,449 - DEBUG - Loaded collision time for BConcave+BConcavePatient+3500 at IoU 0.95: nan
2025-07-16 19:55:15,449 - INFO - Processing video: BConcave+BConcavePatient+3700_flipped
2025-07-16 19:55:15,450 - INFO - Video BConcave+BConcavePatient+3700_flipped already processed (found segformer_model-BConcave+BConcavePatient+3700_flipped.mp4), skipping video processing...
2025-07-16 19:55:15,456 - INFO - VanillaSegmentationSaver initialized with output dir: /home/projects/bagon/andreyg/Projects/Object_reps_neural/Programming/hugging_face/model_experiments/segformer/exp2TTC/processed_videos/segformer_model-BConcave+BConcavePatient+3700_flipped/org_segmentation
2025-07-16 19:55:15,460 - INFO - All collision results already exist for BConcave+BConcavePatient+3700_flipped
2025-07-16 19:55:15,461 - DEBUG - Loaded collision time for BConcave+BConcavePatient+3700_flipped at IoU 0.05: nan
2025-07-16 19:55:15,461 - DEBUG - Loaded collision time for BConcave+BConcavePatient+3700_flipped at IoU 0.1: nan
2025-07-16 19:55:15,462 - DEBUG - Loaded collision time for BConcave+BConcavePatient+3700_flipped at IoU 0.15: nan
2025-07-16 19:55:15,462 - DEBUG - Loaded collision time for BConcave+BConcavePatient+3700_flipped at IoU 0.2: nan
2025-07-16 19:55:15,462 - DEBUG - Loaded collision time for BConcave+BConcavePatient+3700_flipped at IoU 0.25: nan
2025-07-16 19:55:15,463 - DEBUG - Loaded collision time for BConcave+BConcavePatient+3700_flipped at IoU 0.3: nan
2025-07-16 19:55:15,463 - DEBUG - Loaded collision time for BConcave+BConcavePatient+3700_flipped at IoU 0.35: nan
2025-07-16 19:55:15,463 - DEBUG - Loaded collision time for BConcave+BConcavePatient+3700_flipped at IoU 0.4: nan
2025-07-16 19:55:15,464 - DEBUG - Loaded collision time for BConcave+BConcavePatient+3700_flipped at IoU 0.45: nan
2025-07-16 19:55:15,464 - DEBUG - Loaded collision time for BConcave+BConcavePatient+3700_flipped at IoU 0.5: nan
2025-07-16 19:55:15,464 - DEBUG - Loaded collision time for BConcave+BConcavePatient+3700_flipped at IoU 0.55: nan
2025-07-16 19:55:15,465 - DEBUG - Loaded collision time for BConcave+BConcavePatient+3700_flipped at IoU 0.6: nan
2025-07-16 19:55:15,465 - DEBUG - Loaded collision time for BConcave+BConcavePatient+3700_flipped at IoU 0.65: nan
2025-07-16 19:55:15,465 - DEBUG - Loaded collision time for BConcave+BConcavePatient+3700_flipped at IoU 0.7: nan
2025-07-16 19:55:15,466 - DEBUG - Loaded collision time for BConcave+BConcavePatient+3700_flipped at IoU 0.75: nan
2025-07-16 19:55:15,466 - DEBUG - Loaded collision time for BConcave+BConcavePatient+3700_flipped at IoU 0.8: nan
2025-07-16 19:55:15,466 - DEBUG - Loaded collision time for BConcave+BConcavePatient+3700_flipped at IoU 0.85: nan
2025-07-16 19:55:15,467 - DEBUG - Loaded collision time for BConcave+BConcavePatient+3700_flipped at IoU 0.9: nan
2025-07-16 19:55:15,467 - DEBUG - Loaded collision time for BConcave+BConcavePatient+3700_flipped at IoU 0.95: nan
2025-07-16 19:55:15,467 - INFO - Processing video: BConcave+BConcavePatient+3900
2025-07-16 19:55:15,468 - INFO - Video BConcave+BConcavePatient+3900 already processed (found segformer_model-BConcave+BConcavePatient+3900.mp4), skipping video processing...
2025-07-16 19:55:15,474 - INFO - VanillaSegmentationSaver initialized with output dir: /home/projects/bagon/andreyg/Projects/Object_reps_neural/Programming/hugging_face/model_experiments/segformer/exp2TTC/processed_videos/segformer_model-BConcave+BConcavePatient+3900/org_segmentation
2025-07-16 19:55:15,478 - INFO - All collision results already exist for BConcave+BConcavePatient+3900
2025-07-16 19:55:15,478 - DEBUG - Loaded collision time for BConcave+BConcavePatient+3900 at IoU 0.05: nan
2025-07-16 19:55:15,479 - DEBUG - Loaded collision time for BConcave+BConcavePatient+3900 at IoU 0.1: nan
2025-07-16 19:55:15,479 - DEBUG - Loaded collision time for BConcave+BConcavePatient+3900 at IoU 0.15: nan
2025-07-16 19:55:15,479 - DEBUG - Loaded collision time for BConcave+BConcavePatient+3900 at IoU 0.2: nan
2025-07-16 19:55:15,480 - DEBUG - Loaded collision time for BConcave+BConcavePatient+3900 at IoU 0.25: nan
2025-07-16 19:55:15,480 - DEBUG - Loaded collision time for BConcave+BConcavePatient+3900 at IoU 0.3: nan
2025-07-16 19:55:15,480 - DEBUG - Loaded collision time for BConcave+BConcavePatient+3900 at IoU 0.35: nan
2025-07-16 19:55:15,481 - DEBUG - Loaded collision time for BConcave+BConcavePatient+3900 at IoU 0.4: nan
2025-07-16 19:55:15,481 - DEBUG - Loaded collision time for BConcave+BConcavePatient+3900 at IoU 0.45: nan
2025-07-16 19:55:15,482 - DEBUG - Loaded collision time for BConcave+BConcavePatient+3900 at IoU 0.5: nan
2025-07-16 19:55:15,482 - DEBUG - Loaded collision time for BConcave+BConcavePatient+3900 at IoU 0.55: nan
2025-07-16 19:55:15,482 - DEBUG - Loaded collision time for BConcave+BConcavePatient+3900 at IoU 0.6: nan
2025-07-16 19:55:15,483 - DEBUG - Loaded collision time for BConcave+BConcavePatient+3900 at IoU 0.65: nan
2025-07-16 19:55:15,483 - DEBUG - Loaded collision time for BConcave+BConcavePatient+3900 at IoU 0.7: nan
2025-07-16 19:55:15,484 - DEBUG - Loaded collision time for BConcave+BConcavePatient+3900 at IoU 0.75: nan
2025-07-16 19:55:15,484 - DEBUG - Loaded collision time for BConcave+BConcavePatient+3900 at IoU 0.8: nan
2025-07-16 19:55:15,484 - DEBUG - Loaded collision time for BConcave+BConcavePatient+3900 at IoU 0.85: nan
2025-07-16 19:55:15,485 - DEBUG - Loaded collision time for BConcave+BConcavePatient+3900 at IoU 0.9: nan
2025-07-16 19:55:15,485 - DEBUG - Loaded collision time for BConcave+BConcavePatient+3900 at IoU 0.95: nan
2025-07-16 19:55:15,485 - INFO - Processing video: BConcave+BConcavePatient+4100_flipped
2025-07-16 19:55:15,486 - INFO - Video BConcave+BConcavePatient+4100_flipped already processed (found segformer_model-BConcave+BConcavePatient+4100_flipped.mp4), skipping video processing...
2025-07-16 19:55:15,492 - INFO - VanillaSegmentationSaver initialized with output dir: /home/projects/bagon/andreyg/Projects/Object_reps_neural/Programming/hugging_face/model_experiments/segformer/exp2TTC/processed_videos/segformer_model-BConcave+BConcavePatient+4100_flipped/org_segmentation
2025-07-16 19:55:15,496 - INFO - All collision results already exist for BConcave+BConcavePatient+4100_flipped
2025-07-16 19:55:15,496 - DEBUG - Loaded collision time for BConcave+BConcavePatient+4100_flipped at IoU 0.05: nan
2025-07-16 19:55:15,497 - DEBUG - Loaded collision time for BConcave+BConcavePatient+4100_flipped at IoU 0.1: nan
2025-07-16 19:55:15,497 - DEBUG - Loaded collision time for BConcave+BConcavePatient+4100_flipped at IoU 0.15: nan
2025-07-16 19:55:15,497 - DEBUG - Loaded collision time for BConcave+BConcavePatient+4100_flipped at IoU 0.2: nan
2025-07-16 19:55:15,498 - DEBUG - Loaded collision time for BConcave+BConcavePatient+4100_flipped at IoU 0.25: nan
2025-07-16 19:55:15,498 - DEBUG - Loaded collision time for BConcave+BConcavePatient+4100_flipped at IoU 0.3: nan
2025-07-16 19:55:15,498 - DEBUG - Loaded collision time for BConcave+BConcavePatient+4100_flipped at IoU 0.35: nan
2025-07-16 19:55:15,499 - DEBUG - Loaded collision time for BConcave+BConcavePatient+4100_flipped at IoU 0.4: nan
2025-07-16 19:55:15,499 - DEBUG - Loaded collision time for BConcave+BConcavePatient+4100_flipped at IoU 0.45: nan
2025-07-16 19:55:15,499 - DEBUG - Loaded collision time for BConcave+BConcavePatient+4100_flipped at IoU 0.5: nan
2025-07-16 19:55:15,500 - DEBUG - Loaded collision time for BConcave+BConcavePatient+4100_flipped at IoU 0.55: nan
2025-07-16 19:55:15,500 - DEBUG - Loaded collision time for BConcave+BConcavePatient+4100_flipped at IoU 0.6: nan
2025-07-16 19:55:15,501 - DEBUG - Loaded collision time for BConcave+BConcavePatient+4100_flipped at IoU 0.65: nan
2025-07-16 19:55:15,501 - DEBUG - Loaded collision time for BConcave+BConcavePatient+4100_flipped at IoU 0.7: nan
2025-07-16 19:55:15,501 - DEBUG - Loaded collision time for BConcave+BConcavePatient+4100_flipped at IoU 0.75: nan
2025-07-16 19:55:15,502 - DEBUG - Loaded collision time for BConcave+BConcavePatient+4100_flipped at IoU 0.8: nan
2025-07-16 19:55:15,502 - DEBUG - Loaded collision time for BConcave+BConcavePatient+4100_flipped at IoU 0.85: nan
2025-07-16 19:55:15,502 - DEBUG - Loaded collision time for BConcave+BConcavePatient+4100_flipped at IoU 0.9: nan
2025-07-16 19:55:15,503 - DEBUG - Loaded collision time for BConcave+BConcavePatient+4100_flipped at IoU 0.95: nan
2025-07-16 19:55:15,503 - INFO - Processing video: BConcave+BConcavePatient+4300
2025-07-16 19:55:15,504 - INFO - Video BConcave+BConcavePatient+4300 already processed (found segformer_model-BConcave+BConcavePatient+4300.mp4), skipping video processing...
2025-07-16 19:55:15,511 - INFO - VanillaSegmentationSaver initialized with output dir: /home/projects/bagon/andreyg/Projects/Object_reps_neural/Programming/hugging_face/model_experiments/segformer/exp2TTC/processed_videos/segformer_model-BConcave+BConcavePatient+4300/org_segmentation
2025-07-16 19:55:15,515 - INFO - All collision results already exist for BConcave+BConcavePatient+4300
2025-07-16 19:55:15,515 - DEBUG - Loaded collision time for BConcave+BConcavePatient+4300 at IoU 0.05: 4316.666666666666
2025-07-16 19:55:15,516 - DEBUG - Loaded collision time for BConcave+BConcavePatient+4300 at IoU 0.1: 4400.0
2025-07-16 19:55:15,516 - DEBUG - Loaded collision time for BConcave+BConcavePatient+4300 at IoU 0.15: 4466.666666666667
2025-07-16 19:55:15,517 - DEBUG - Loaded collision time for BConcave+BConcavePatient+4300 at IoU 0.2: 4533.333333333333
2025-07-16 19:55:15,517 - DEBUG - Loaded collision time for BConcave+BConcavePatient+4300 at IoU 0.25: 4583.333333333333
2025-07-16 19:55:15,517 - DEBUG - Loaded collision time for BConcave+BConcavePatient+4300 at IoU 0.3: 4650.0
2025-07-16 19:55:15,518 - DEBUG - Loaded collision time for BConcave+BConcavePatient+4300 at IoU 0.35: 4716.666666666667
2025-07-16 19:55:15,518 - DEBUG - Loaded collision time for BConcave+BConcavePatient+4300 at IoU 0.4: 4766.666666666667
2025-07-16 19:55:15,519 - DEBUG - Loaded collision time for BConcave+BConcavePatient+4300 at IoU 0.45: nan
2025-07-16 19:55:15,519 - DEBUG - Loaded collision time for BConcave+BConcavePatient+4300 at IoU 0.5: nan
2025-07-16 19:55:15,520 - DEBUG - Loaded collision time for BConcave+BConcavePatient+4300 at IoU 0.55: nan
2025-07-16 19:55:15,520 - DEBUG - Loaded collision time for BConcave+BConcavePatient+4300 at IoU 0.6: nan
2025-07-16 19:55:15,521 - DEBUG - Loaded collision time for BConcave+BConcavePatient+4300 at IoU 0.65: nan
2025-07-16 19:55:15,521 - DEBUG - Loaded collision time for BConcave+BConcavePatient+4300 at IoU 0.7: nan
2025-07-16 19:55:15,521 - DEBUG - Loaded collision time for BConcave+BConcavePatient+4300 at IoU 0.75: nan
2025-07-16 19:55:15,522 - DEBUG - Loaded collision time for BConcave+BConcavePatient+4300 at IoU 0.8: nan
2025-07-16 19:55:15,522 - DEBUG - Loaded collision time for BConcave+BConcavePatient+4300 at IoU 0.85: nan
2025-07-16 19:55:15,523 - DEBUG - Loaded collision time for BConcave+BConcavePatient+4300 at IoU 0.9: nan
2025-07-16 19:55:15,523 - DEBUG - Loaded collision time for BConcave+BConcavePatient+4300 at IoU 0.95: nan
2025-07-16 19:55:15,523 - INFO - Processing video: BConcave+BConcavePatient+4500_flipped
2025-07-16 19:55:15,525 - INFO - Video BConcave+BConcavePatient+4500_flipped already processed (found segformer_model-BConcave+BConcavePatient+4500_flipped.mp4), skipping video processing...
2025-07-16 19:55:15,583 - INFO - VanillaSegmentationSaver initialized with output dir: /home/projects/bagon/andreyg/Projects/Object_reps_neural/Programming/hugging_face/model_experiments/segformer/exp2TTC/processed_videos/segformer_model-BConcave+BConcavePatient+4500_flipped/org_segmentation
2025-07-16 19:55:15,587 - INFO - All collision results already exist for BConcave+BConcavePatient+4500_flipped
2025-07-16 19:55:15,588 - DEBUG - Loaded collision time for BConcave+BConcavePatient+4500_flipped at IoU 0.05: 4433.333333333334
2025-07-16 19:55:15,588 - DEBUG - Loaded collision time for BConcave+BConcavePatient+4500_flipped at IoU 0.1: 4550.0
2025-07-16 19:55:15,589 - DEBUG - Loaded collision time for BConcave+BConcavePatient+4500_flipped at IoU 0.15: 4616.666666666666
2025-07-16 19:55:15,589 - DEBUG - Loaded collision time for BConcave+BConcavePatient+4500_flipped at IoU 0.2: 4683.333333333334
2025-07-16 19:55:15,589 - DEBUG - Loaded collision time for BConcave+BConcavePatient+4500_flipped at IoU 0.25: 4750.0
2025-07-16 19:55:15,590 - DEBUG - Loaded collision time for BConcave+BConcavePatient+4500_flipped at IoU 0.3: 4783.333333333333
2025-07-16 19:55:15,591 - DEBUG - Loaded collision time for BConcave+BConcavePatient+4500_flipped at IoU 0.35: 4833.333333333333
2025-07-16 19:55:15,592 - DEBUG - Loaded collision time for BConcave+BConcavePatient+4500_flipped at IoU 0.4: 4883.333333333334
2025-07-16 19:55:15,592 - DEBUG - Loaded collision time for BConcave+BConcavePatient+4500_flipped at IoU 0.45: 4916.666666666667
2025-07-16 19:55:15,592 - DEBUG - Loaded collision time for BConcave+BConcavePatient+4500_flipped at IoU 0.5: 4950.0
2025-07-16 19:55:15,593 - DEBUG - Loaded collision time for BConcave+BConcavePatient+4500_flipped at IoU 0.55: 4983.333333333333
2025-07-16 19:55:15,593 - DEBUG - Loaded collision time for BConcave+BConcavePatient+4500_flipped at IoU 0.6: 5033.333333333333
2025-07-16 19:55:15,593 - DEBUG - Loaded collision time for BConcave+BConcavePatient+4500_flipped at IoU 0.65: 5066.666666666666
2025-07-16 19:55:15,594 - DEBUG - Loaded collision time for BConcave+BConcavePatient+4500_flipped at IoU 0.7: 5116.666666666666
2025-07-16 19:55:15,594 - DEBUG - Loaded collision time for BConcave+BConcavePatient+4500_flipped at IoU 0.75: nan
2025-07-16 19:55:15,595 - DEBUG - Loaded collision time for BConcave+BConcavePatient+4500_flipped at IoU 0.8: nan
2025-07-16 19:55:15,595 - DEBUG - Loaded collision time for BConcave+BConcavePatient+4500_flipped at IoU 0.85: nan
2025-07-16 19:55:15,596 - DEBUG - Loaded collision time for BConcave+BConcavePatient+4500_flipped at IoU 0.9: nan
2025-07-16 19:55:15,596 - DEBUG - Loaded collision time for BConcave+BConcavePatient+4500_flipped at IoU 0.95: nan
2025-07-16 19:55:15,596 - INFO - Processing video: BConcave+BConvex+3500_flipped
2025-07-16 19:55:15,597 - INFO - Video BConcave+BConvex+3500_flipped already processed (found segformer_model-BConcave+BConvex+3500_flipped.mp4), skipping video processing...
2025-07-16 19:55:15,605 - INFO - VanillaSegmentationSaver initialized with output dir: /home/projects/bagon/andreyg/Projects/Object_reps_neural/Programming/hugging_face/model_experiments/segformer/exp2TTC/processed_videos/segformer_model-BConcave+BConvex+3500_flipped/org_segmentation
2025-07-16 19:55:15,609 - INFO - All collision results already exist for BConcave+BConvex+3500_flipped
2025-07-16 19:55:15,610 - DEBUG - Loaded collision time for BConcave+BConvex+3500_flipped at IoU 0.05: 3800.0
2025-07-16 19:55:15,610 - DEBUG - Loaded collision time for BConcave+BConvex+3500_flipped at IoU 0.1: 3966.666666666667
2025-07-16 19:55:15,610 - DEBUG - Loaded collision time for BConcave+BConvex+3500_flipped at IoU 0.15: 4100.0
2025-07-16 19:55:15,611 - DEBUG - Loaded collision time for BConcave+BConvex+3500_flipped at IoU 0.2: 4200.0
2025-07-16 19:55:15,611 - DEBUG - Loaded collision time for BConcave+BConvex+3500_flipped at IoU 0.25: 4300.0
2025-07-16 19:55:15,612 - DEBUG - Loaded collision time for BConcave+BConvex+3500_flipped at IoU 0.3: 4416.666666666667
2025-07-16 19:55:15,612 - DEBUG - Loaded collision time for BConcave+BConvex+3500_flipped at IoU 0.35: 4500.0
2025-07-16 19:55:15,612 - DEBUG - Loaded collision time for BConcave+BConvex+3500_flipped at IoU 0.4: 4616.666666666666
2025-07-16 19:55:15,613 - DEBUG - Loaded collision time for BConcave+BConvex+3500_flipped at IoU 0.45: nan
2025-07-16 19:55:15,613 - DEBUG - Loaded collision time for BConcave+BConvex+3500_flipped at IoU 0.5: nan
2025-07-16 19:55:15,614 - DEBUG - Loaded collision time for BConcave+BConvex+3500_flipped at IoU 0.55: nan
2025-07-16 19:55:15,614 - DEBUG - Loaded collision time for BConcave+BConvex+3500_flipped at IoU 0.6: nan
2025-07-16 19:55:15,614 - DEBUG - Loaded collision time for BConcave+BConvex+3500_flipped at IoU 0.65: nan
2025-07-16 19:55:15,615 - DEBUG - Loaded collision time for BConcave+BConvex+3500_flipped at IoU 0.7: nan
2025-07-16 19:55:15,615 - DEBUG - Loaded collision time for BConcave+BConvex+3500_flipped at IoU 0.75: nan
2025-07-16 19:55:15,616 - DEBUG - Loaded collision time for BConcave+BConvex+3500_flipped at IoU 0.8: nan
2025-07-16 19:55:15,616 - DEBUG - Loaded collision time for BConcave+BConvex+3500_flipped at IoU 0.85: nan
2025-07-16 19:55:15,616 - DEBUG - Loaded collision time for BConcave+BConvex+3500_flipped at IoU 0.9: nan
2025-07-16 19:55:15,617 - DEBUG - Loaded collision time for BConcave+BConvex+3500_flipped at IoU 0.95: nan
2025-07-16 19:55:15,617 - INFO - Processing video: BConcave+BConvex+3700
2025-07-16 19:55:15,617 - INFO - Video BConcave+BConvex+3700 already processed (found segformer_model-BConcave+BConvex+3700.mp4), skipping video processing...
2025-07-16 19:55:15,624 - INFO - VanillaSegmentationSaver initialized with output dir: /home/projects/bagon/andreyg/Projects/Object_reps_neural/Programming/hugging_face/model_experiments/segformer/exp2TTC/processed_videos/segformer_model-BConcave+BConvex+3700/org_segmentation
2025-07-16 19:55:15,628 - INFO - All collision results already exist for BConcave+BConvex+3700
2025-07-16 19:55:15,628 - DEBUG - Loaded collision time for BConcave+BConvex+3700 at IoU 0.05: nan
2025-07-16 19:55:15,629 - DEBUG - Loaded collision time for BConcave+BConvex+3700 at IoU 0.1: nan
2025-07-16 19:55:15,629 - DEBUG - Loaded collision time for BConcave+BConvex+3700 at IoU 0.15: nan
2025-07-16 19:55:15,630 - DEBUG - Loaded collision time for BConcave+BConvex+3700 at IoU 0.2: nan
2025-07-16 19:55:15,630 - DEBUG - Loaded collision time for BConcave+BConvex+3700 at IoU 0.25: nan
2025-07-16 19:55:15,630 - DEBUG - Loaded collision time for BConcave+BConvex+3700 at IoU 0.3: nan
2025-07-16 19:55:15,631 - DEBUG - Loaded collision time for BConcave+BConvex+3700 at IoU 0.35: nan
2025-07-16 19:55:15,631 - DEBUG - Loaded collision time for BConcave+BConvex+3700 at IoU 0.4: nan
2025-07-16 19:55:15,632 - DEBUG - Loaded collision time for BConcave+BConvex+3700 at IoU 0.45: nan
2025-07-16 19:55:15,632 - DEBUG - Loaded collision time for BConcave+BConvex+3700 at IoU 0.5: nan
2025-07-16 19:55:15,632 - DEBUG - Loaded collision time for BConcave+BConvex+3700 at IoU 0.55: nan
2025-07-16 19:55:15,633 - DEBUG - Loaded collision time for BConcave+BConvex+3700 at IoU 0.6: nan
2025-07-16 19:55:15,633 - DEBUG - Loaded collision time for BConcave+BConvex+3700 at IoU 0.65: nan
2025-07-16 19:55:15,634 - DEBUG - Loaded collision time for BConcave+BConvex+3700 at IoU 0.7: nan
2025-07-16 19:55:15,634 - DEBUG - Loaded collision time for BConcave+BConvex+3700 at IoU 0.75: nan
2025-07-16 19:55:15,635 - DEBUG - Loaded collision time for BConcave+BConvex+3700 at IoU 0.8: nan
2025-07-16 19:55:15,635 - DEBUG - Loaded collision time for BConcave+BConvex+3700 at IoU 0.85: nan
2025-07-16 19:55:15,636 - DEBUG - Loaded collision time for BConcave+BConvex+3700 at IoU 0.9: nan
2025-07-16 19:55:15,636 - DEBUG - Loaded collision time for BConcave+BConvex+3700 at IoU 0.95: nan
2025-07-16 19:55:15,636 - INFO - Processing video: BConcave+BConvex+3900_flipped
2025-07-16 19:55:15,637 - INFO - Video BConcave+BConvex+3900_flipped already processed (found segformer_model-BConcave+BConvex+3900_flipped.mp4), skipping video processing...
2025-07-16 19:55:15,645 - INFO - VanillaSegmentationSaver initialized with output dir: /home/projects/bagon/andreyg/Projects/Object_reps_neural/Programming/hugging_face/model_experiments/segformer/exp2TTC/processed_videos/segformer_model-BConcave+BConvex+3900_flipped/org_segmentation
2025-07-16 19:55:15,650 - INFO - All collision results already exist for BConcave+BConvex+3900_flipped
2025-07-16 19:55:15,650 - DEBUG - Loaded collision time for BConcave+BConvex+3900_flipped at IoU 0.05: nan
2025-07-16 19:55:15,651 - DEBUG - Loaded collision time for BConcave+BConvex+3900_flipped at IoU 0.1: nan
2025-07-16 19:55:15,651 - DEBUG - Loaded collision time for BConcave+BConvex+3900_flipped at IoU 0.15: nan
2025-07-16 19:55:15,652 - DEBUG - Loaded collision time for BConcave+BConvex+3900_flipped at IoU 0.2: nan
2025-07-16 19:55:15,652 - DEBUG - Loaded collision time for BConcave+BConvex+3900_flipped at IoU 0.25: nan
2025-07-16 19:55:15,652 - DEBUG - Loaded collision time for BConcave+BConvex+3900_flipped at IoU 0.3: nan
2025-07-16 19:55:15,653 - DEBUG - Loaded collision time for BConcave+BConvex+3900_flipped at IoU 0.35: nan
2025-07-16 19:55:15,653 - DEBUG - Loaded collision time for BConcave+BConvex+3900_flipped at IoU 0.4: nan
2025-07-16 19:55:15,654 - DEBUG - Loaded collision time for BConcave+BConvex+3900_flipped at IoU 0.45: nan
2025-07-16 19:55:15,654 - DEBUG - Loaded collision time for BConcave+BConvex+3900_flipped at IoU 0.5: nan
2025-07-16 19:55:15,655 - DEBUG - Loaded collision time for BConcave+BConvex+3900_flipped at IoU 0.55: nan
2025-07-16 19:55:15,655 - DEBUG - Loaded collision time for BConcave+BConvex+3900_flipped at IoU 0.6: nan
2025-07-16 19:55:15,655 - DEBUG - Loaded collision time for BConcave+BConvex+3900_flipped at IoU 0.65: nan
2025-07-16 19:55:15,656 - DEBUG - Loaded collision time for BConcave+BConvex+3900_flipped at IoU 0.7: nan
2025-07-16 19:55:15,656 - DEBUG - Loaded collision time for BConcave+BConvex+3900_flipped at IoU 0.75: nan
2025-07-16 19:55:15,657 - DEBUG - Loaded collision time for BConcave+BConvex+3900_flipped at IoU 0.8: nan
2025-07-16 19:55:15,657 - DEBUG - Loaded collision time for BConcave+BConvex+3900_flipped at IoU 0.85: nan
2025-07-16 19:55:15,657 - DEBUG - Loaded collision time for BConcave+BConvex+3900_flipped at IoU 0.9: nan
2025-07-16 19:55:15,658 - DEBUG - Loaded collision time for BConcave+BConvex+3900_flipped at IoU 0.95: nan
2025-07-16 19:55:15,658 - INFO - Processing video: BConcave+BConvex+4100
2025-07-16 19:55:15,659 - INFO - Video BConcave+BConvex+4100 already processed (found segformer_model-BConcave+BConvex+4100.mp4), skipping video processing...
2025-07-16 19:55:15,666 - INFO - VanillaSegmentationSaver initialized with output dir: /home/projects/bagon/andreyg/Projects/Object_reps_neural/Programming/hugging_face/model_experiments/segformer/exp2TTC/processed_videos/segformer_model-BConcave+BConvex+4100/org_segmentation
2025-07-16 19:55:15,671 - INFO - All collision results already exist for BConcave+BConvex+4100
2025-07-16 19:55:15,672 - DEBUG - Loaded collision time for BConcave+BConvex+4100 at IoU 0.05: 4433.333333333334
2025-07-16 19:55:15,673 - DEBUG - Loaded collision time for BConcave+BConvex+4100 at IoU 0.1: 4583.333333333333
2025-07-16 19:55:15,673 - DEBUG - Loaded collision time for BConcave+BConvex+4100 at IoU 0.15: 4666.666666666667
2025-07-16 19:55:15,673 - DEBUG - Loaded collision time for BConcave+BConvex+4100 at IoU 0.2: nan
2025-07-16 19:55:15,674 - DEBUG - Loaded collision time for BConcave+BConvex+4100 at IoU 0.25: nan
2025-07-16 19:55:15,674 - DEBUG - Loaded collision time for BConcave+BConvex+4100 at IoU 0.3: nan
2025-07-16 19:55:15,675 - DEBUG - Loaded collision time for BConcave+BConvex+4100 at IoU 0.35: nan
2025-07-16 19:55:15,675 - DEBUG - Loaded collision time for BConcave+BConvex+4100 at IoU 0.4: nan
2025-07-16 19:55:15,675 - DEBUG - Loaded collision time for BConcave+BConvex+4100 at IoU 0.45: nan
2025-07-16 19:55:15,676 - DEBUG - Loaded collision time for BConcave+BConvex+4100 at IoU 0.5: nan
2025-07-16 19:55:15,676 - DEBUG - Loaded collision time for BConcave+BConvex+4100 at IoU 0.55: nan
2025-07-16 19:55:15,677 - DEBUG - Loaded collision time for BConcave+BConvex+4100 at IoU 0.6: nan
2025-07-16 19:55:15,677 - DEBUG - Loaded collision time for BConcave+BConvex+4100 at IoU 0.65: nan
2025-07-16 19:55:15,677 - DEBUG - Loaded collision time for BConcave+BConvex+4100 at IoU 0.7: nan
2025-07-16 19:55:15,678 - DEBUG - Loaded collision time for BConcave+BConvex+4100 at IoU 0.75: nan
2025-07-16 19:55:15,679 - DEBUG - Loaded collision time for BConcave+BConvex+4100 at IoU 0.8: nan
2025-07-16 19:55:15,679 - DEBUG - Loaded collision time for BConcave+BConvex+4100 at IoU 0.85: nan
2025-07-16 19:55:15,679 - DEBUG - Loaded collision time for BConcave+BConvex+4100 at IoU 0.9: nan
2025-07-16 19:55:15,680 - DEBUG - Loaded collision time for BConcave+BConvex+4100 at IoU 0.95: nan
2025-07-16 19:55:15,680 - INFO - Processing video: BConcave+BConvex+4300_flipped
2025-07-16 19:55:15,681 - INFO - Video BConcave+BConvex+4300_flipped already processed (found segformer_model-BConcave+BConvex+4300_flipped.mp4), skipping video processing...
2025-07-16 19:55:15,688 - INFO - VanillaSegmentationSaver initialized with output dir: /home/projects/bagon/andreyg/Projects/Object_reps_neural/Programming/hugging_face/model_experiments/segformer/exp2TTC/processed_videos/segformer_model-BConcave+BConvex+4300_flipped/org_segmentation
2025-07-16 19:55:15,693 - INFO - All collision results already exist for BConcave+BConvex+4300_flipped
2025-07-16 19:55:15,693 - DEBUG - Loaded collision time for BConcave+BConvex+4300_flipped at IoU 0.05: 4633.333333333334
2025-07-16 19:55:15,694 - DEBUG - Loaded collision time for BConcave+BConvex+4300_flipped at IoU 0.1: 4850.0
2025-07-16 19:55:15,694 - DEBUG - Loaded collision time for BConcave+BConvex+4300_flipped at IoU 0.15: 5033.333333333333
2025-07-16 19:55:15,694 - DEBUG - Loaded collision time for BConcave+BConvex+4300_flipped at IoU 0.2: 5200.0
2025-07-16 19:55:15,695 - DEBUG - Loaded collision time for BConcave+BConvex+4300_flipped at IoU 0.25: nan
2025-07-16 19:55:15,695 - DEBUG - Loaded collision time for BConcave+BConvex+4300_flipped at IoU 0.3: nan
2025-07-16 19:55:15,695 - DEBUG - Loaded collision time for BConcave+BConvex+4300_flipped at IoU 0.35: nan
2025-07-16 19:55:15,696 - DEBUG - Loaded collision time for BConcave+BConvex+4300_flipped at IoU 0.4: nan
2025-07-16 19:55:15,697 - DEBUG - Loaded collision time for BConcave+BConvex+4300_flipped at IoU 0.45: nan
2025-07-16 19:55:15,697 - DEBUG - Loaded collision time for BConcave+BConvex+4300_flipped at IoU 0.5: nan
2025-07-16 19:55:15,697 - DEBUG - Loaded collision time for BConcave+BConvex+4300_flipped at IoU 0.55: nan
2025-07-16 19:55:15,698 - DEBUG - Loaded collision time for BConcave+BConvex+4300_flipped at IoU 0.6: nan
2025-07-16 19:55:15,698 - DEBUG - Loaded collision time for BConcave+BConvex+4300_flipped at IoU 0.65: nan
2025-07-16 19:55:15,699 - DEBUG - Loaded collision time for BConcave+BConvex+4300_flipped at IoU 0.7: nan
2025-07-16 19:55:15,699 - DEBUG - Loaded collision time for BConcave+BConvex+4300_flipped at IoU 0.75: nan
2025-07-16 19:55:15,699 - DEBUG - Loaded collision time for BConcave+BConvex+4300_flipped at IoU 0.8: nan
2025-07-16 19:55:15,700 - DEBUG - Loaded collision time for BConcave+BConvex+4300_flipped at IoU 0.85: nan
2025-07-16 19:55:15,700 - DEBUG - Loaded collision time for BConcave+BConvex+4300_flipped at IoU 0.9: nan
2025-07-16 19:55:15,701 - DEBUG - Loaded collision time for BConcave+BConvex+4300_flipped at IoU 0.95: nan
2025-07-16 19:55:15,701 - INFO - Processing video: BConcave+BConvex+4500
2025-07-16 19:55:15,702 - INFO - Video BConcave+BConvex+4500 already processed (found segformer_model-BConcave+BConvex+4500.mp4), skipping video processing...
2025-07-16 19:55:15,710 - INFO - VanillaSegmentationSaver initialized with output dir: /home/projects/bagon/andreyg/Projects/Object_reps_neural/Programming/hugging_face/model_experiments/segformer/exp2TTC/processed_videos/segformer_model-BConcave+BConvex+4500/org_segmentation
2025-07-16 19:55:15,715 - INFO - All collision results already exist for BConcave+BConvex+4500
2025-07-16 19:55:15,716 - DEBUG - Loaded collision time for BConcave+BConvex+4500 at IoU 0.05: 4816.666666666666
2025-07-16 19:55:15,717 - DEBUG - Loaded collision time for BConcave+BConvex+4500 at IoU 0.1: nan
2025-07-16 19:55:15,717 - DEBUG - Loaded collision time for BConcave+BConvex+4500 at IoU 0.15: nan
2025-07-16 19:55:15,718 - DEBUG - Loaded collision time for BConcave+BConvex+4500 at IoU 0.2: nan
2025-07-16 19:55:15,718 - DEBUG - Loaded collision time for BConcave+BConvex+4500 at IoU 0.25: nan
2025-07-16 19:55:15,719 - DEBUG - Loaded collision time for BConcave+BConvex+4500 at IoU 0.3: nan
2025-07-16 19:55:15,720 - DEBUG - Loaded collision time for BConcave+BConvex+4500 at IoU 0.35: nan
2025-07-16 19:55:15,720 - DEBUG - Loaded collision time for BConcave+BConvex+4500 at IoU 0.4: nan
2025-07-16 19:55:15,721 - DEBUG - Loaded collision time for BConcave+BConvex+4500 at IoU 0.45: nan
2025-07-16 19:55:15,721 - DEBUG - Loaded collision time for BConcave+BConvex+4500 at IoU 0.5: nan
2025-07-16 19:55:15,722 - DEBUG - Loaded collision time for BConcave+BConvex+4500 at IoU 0.55: nan
2025-07-16 19:55:15,722 - DEBUG - Loaded collision time for BConcave+BConvex+4500 at IoU 0.6: nan
2025-07-16 19:55:15,722 - DEBUG - Loaded collision time for BConcave+BConvex+4500 at IoU 0.65: nan
2025-07-16 19:55:15,723 - DEBUG - Loaded collision time for BConcave+BConvex+4500 at IoU 0.7: nan
2025-07-16 19:55:15,723 - DEBUG - Loaded collision time for BConcave+BConvex+4500 at IoU 0.75: nan
2025-07-16 19:55:15,724 - DEBUG - Loaded collision time for BConcave+BConvex+4500 at IoU 0.8: nan
2025-07-16 19:55:15,724 - DEBUG - Loaded collision time for BConcave+BConvex+4500 at IoU 0.85: nan
2025-07-16 19:55:15,725 - DEBUG - Loaded collision time for BConcave+BConvex+4500 at IoU 0.9: nan
2025-07-16 19:55:15,725 - DEBUG - Loaded collision time for BConcave+BConvex+4500 at IoU 0.95: nan
2025-07-16 19:55:15,726 - INFO - Processing video: BConcave+CConcave+3500
2025-07-16 19:55:15,727 - INFO - Video BConcave+CConcave+3500 already processed (found segformer_model-BConcave+CConcave+3500.mp4), skipping video processing...
2025-07-16 19:55:15,737 - INFO - VanillaSegmentationSaver initialized with output dir: /home/projects/bagon/andreyg/Projects/Object_reps_neural/Programming/hugging_face/model_experiments/segformer/exp2TTC/processed_videos/segformer_model-BConcave+CConcave+3500/org_segmentation
2025-07-16 19:55:15,743 - INFO - All collision results already exist for BConcave+CConcave+3500
2025-07-16 19:55:15,743 - DEBUG - Loaded collision time for BConcave+CConcave+3500 at IoU 0.05: 3483.3333333333335
2025-07-16 19:55:15,743 - DEBUG - Loaded collision time for BConcave+CConcave+3500 at IoU 0.1: 3616.6666666666665
2025-07-16 19:55:15,744 - DEBUG - Loaded collision time for BConcave+CConcave+3500 at IoU 0.15: 3766.6666666666665
2025-07-16 19:55:15,744 - DEBUG - Loaded collision time for BConcave+CConcave+3500 at IoU 0.2: 4000.0
2025-07-16 19:55:15,745 - DEBUG - Loaded collision time for BConcave+CConcave+3500 at IoU 0.25: nan
2025-07-16 19:55:15,745 - DEBUG - Loaded collision time for BConcave+CConcave+3500 at IoU 0.3: nan
2025-07-16 19:55:15,745 - DEBUG - Loaded collision time for BConcave+CConcave+3500 at IoU 0.35: nan
2025-07-16 19:55:15,746 - DEBUG - Loaded collision time for BConcave+CConcave+3500 at IoU 0.4: nan
2025-07-16 19:55:15,746 - DEBUG - Loaded collision time for BConcave+CConcave+3500 at IoU 0.45: nan
2025-07-16 19:55:15,747 - DEBUG - Loaded collision time for BConcave+CConcave+3500 at IoU 0.5: nan
2025-07-16 19:55:15,747 - DEBUG - Loaded collision time for BConcave+CConcave+3500 at IoU 0.55: nan
2025-07-16 19:55:15,748 - DEBUG - Loaded collision time for BConcave+CConcave+3500 at IoU 0.6: nan
2025-07-16 19:55:15,748 - DEBUG - Loaded collision time for BConcave+CConcave+3500 at IoU 0.65: nan
2025-07-16 19:55:15,748 - DEBUG - Loaded collision time for BConcave+CConcave+3500 at IoU 0.7: nan
2025-07-16 19:55:15,749 - DEBUG - Loaded collision time for BConcave+CConcave+3500 at IoU 0.75: nan
2025-07-16 19:55:15,749 - DEBUG - Loaded collision time for BConcave+CConcave+3500 at IoU 0.8: nan
2025-07-16 19:55:15,750 - DEBUG - Loaded collision time for BConcave+CConcave+3500 at IoU 0.85: nan
2025-07-16 19:55:15,750 - DEBUG - Loaded collision time for BConcave+CConcave+3500 at IoU 0.9: nan
2025-07-16 19:55:15,751 - DEBUG - Loaded collision time for BConcave+CConcave+3500 at IoU 0.95: nan
2025-07-16 19:55:15,751 - INFO - Processing video: BConcave+CConcave+3700_flipped
2025-07-16 19:55:15,752 - INFO - Video BConcave+CConcave+3700_flipped already processed (found segformer_model-BConcave+CConcave+3700_flipped.mp4), skipping video processing...
2025-07-16 19:55:15,760 - INFO - VanillaSegmentationSaver initialized with output dir: /home/projects/bagon/andreyg/Projects/Object_reps_neural/Programming/hugging_face/model_experiments/segformer/exp2TTC/processed_videos/segformer_model-BConcave+CConcave+3700_flipped/org_segmentation
2025-07-16 19:55:15,765 - INFO - All collision results already exist for BConcave+CConcave+3700_flipped
2025-07-16 19:55:15,765 - DEBUG - Loaded collision time for BConcave+CConcave+3700_flipped at IoU 0.05: 3416.6666666666665
2025-07-16 19:55:15,765 - DEBUG - Loaded collision time for BConcave+CConcave+3700_flipped at IoU 0.1: 3416.6666666666665
2025-07-16 19:55:15,766 - DEBUG - Loaded collision time for BConcave+CConcave+3700_flipped at IoU 0.15: 3800.0
2025-07-16 19:55:15,766 - DEBUG - Loaded collision time for BConcave+CConcave+3700_flipped at IoU 0.2: 3966.666666666667
2025-07-16 19:55:15,767 - DEBUG - Loaded collision time for BConcave+CConcave+3700_flipped at IoU 0.25: 4016.6666666666665
2025-07-16 19:55:15,767 - DEBUG - Loaded collision time for BConcave+CConcave+3700_flipped at IoU 0.3: nan
2025-07-16 19:55:15,767 - DEBUG - Loaded collision time for BConcave+CConcave+3700_flipped at IoU 0.35: nan
2025-07-16 19:55:15,768 - DEBUG - Loaded collision time for BConcave+CConcave+3700_flipped at IoU 0.4: nan
2025-07-16 19:55:15,768 - DEBUG - Loaded collision time for BConcave+CConcave+3700_flipped at IoU 0.45: nan
2025-07-16 19:55:15,770 - DEBUG - Loaded collision time for BConcave+CConcave+3700_flipped at IoU 0.5: nan
2025-07-16 19:55:15,770 - DEBUG - Loaded collision time for BConcave+CConcave+3700_flipped at IoU 0.55: nan
2025-07-16 19:55:15,770 - DEBUG - Loaded collision time for BConcave+CConcave+3700_flipped at IoU 0.6: nan
2025-07-16 19:55:15,771 - DEBUG - Loaded collision time for BConcave+CConcave+3700_flipped at IoU 0.65: nan
2025-07-16 19:55:15,771 - DEBUG - Loaded collision time for BConcave+CConcave+3700_flipped at IoU 0.7: nan
2025-07-16 19:55:15,772 - DEBUG - Loaded collision time for BConcave+CConcave+3700_flipped at IoU 0.75: nan
2025-07-16 19:55:15,772 - DEBUG - Loaded collision time for BConcave+CConcave+3700_flipped at IoU 0.8: nan
2025-07-16 19:55:15,773 - DEBUG - Loaded collision time for BConcave+CConcave+3700_flipped at IoU 0.85: nan
2025-07-16 19:55:15,773 - DEBUG - Loaded collision time for BConcave+CConcave+3700_flipped at IoU 0.9: nan
2025-07-16 19:55:15,773 - DEBUG - Loaded collision time for BConcave+CConcave+3700_flipped at IoU 0.95: nan
2025-07-16 19:55:15,773 - INFO - Processing video: BConcave+CConcave+3900
2025-07-16 19:55:15,774 - INFO - Video BConcave+CConcave+3900 already processed (found segformer_model-BConcave+CConcave+3900.mp4), skipping video processing...
2025-07-16 19:55:15,783 - INFO - VanillaSegmentationSaver initialized with output dir: /home/projects/bagon/andreyg/Projects/Object_reps_neural/Programming/hugging_face/model_experiments/segformer/exp2TTC/processed_videos/segformer_model-BConcave+CConcave+3900/org_segmentation
2025-07-16 19:55:15,787 - INFO - All collision results already exist for BConcave+CConcave+3900
2025-07-16 19:55:15,788 - DEBUG - Loaded collision time for BConcave+CConcave+3900 at IoU 0.05: 4016.6666666666665
2025-07-16 19:55:15,788 - DEBUG - Loaded collision time for BConcave+CConcave+3900 at IoU 0.1: 4116.666666666666
2025-07-16 19:55:15,789 - DEBUG - Loaded collision time for BConcave+CConcave+3900 at IoU 0.15: 4233.333333333333
2025-07-16 19:55:15,789 - DEBUG - Loaded collision time for BConcave+CConcave+3900 at IoU 0.2: 4300.0
2025-07-16 19:55:15,789 - DEBUG - Loaded collision time for BConcave+CConcave+3900 at IoU 0.25: 4383.333333333334
2025-07-16 19:55:15,790 - DEBUG - Loaded collision time for BConcave+CConcave+3900 at IoU 0.3: 4466.666666666667
2025-07-16 19:55:15,790 - DEBUG - Loaded collision time for BConcave+CConcave+3900 at IoU 0.35: nan
2025-07-16 19:55:15,791 - DEBUG - Loaded collision time for BConcave+CConcave+3900 at IoU 0.4: nan
2025-07-16 19:55:15,791 - DEBUG - Loaded collision time for BConcave+CConcave+3900 at IoU 0.45: nan
2025-07-16 19:55:15,792 - DEBUG - Loaded collision time for BConcave+CConcave+3900 at IoU 0.5: nan
2025-07-16 19:55:15,792 - DEBUG - Loaded collision time for BConcave+CConcave+3900 at IoU 0.55: nan
2025-07-16 19:55:15,793 - DEBUG - Loaded collision time for BConcave+CConcave+3900 at IoU 0.6: nan
2025-07-16 19:55:15,793 - DEBUG - Loaded collision time for BConcave+CConcave+3900 at IoU 0.65: nan
2025-07-16 19:55:15,793 - DEBUG - Loaded collision time for BConcave+CConcave+3900 at IoU 0.7: nan
2025-07-16 19:55:15,794 - DEBUG - Loaded collision time for BConcave+CConcave+3900 at IoU 0.75: nan
2025-07-16 19:55:15,794 - DEBUG - Loaded collision time for BConcave+CConcave+3900 at IoU 0.8: nan
2025-07-16 19:55:15,795 - DEBUG - Loaded collision time for BConcave+CConcave+3900 at IoU 0.85: nan
2025-07-16 19:55:15,795 - DEBUG - Loaded collision time for BConcave+CConcave+3900 at IoU 0.9: nan
2025-07-16 19:55:15,795 - DEBUG - Loaded collision time for BConcave+CConcave+3900 at IoU 0.95: nan
2025-07-16 19:55:15,796 - INFO - Processing video: BConcave+CConcave+4100_flipped
2025-07-16 19:55:15,796 - INFO - Video BConcave+CConcave+4100_flipped already processed (found segformer_model-BConcave+CConcave+4100_flipped.mp4), skipping video processing...
2025-07-16 19:55:15,803 - INFO - VanillaSegmentationSaver initialized with output dir: /home/projects/bagon/andreyg/Projects/Object_reps_neural/Programming/hugging_face/model_experiments/segformer/exp2TTC/processed_videos/segformer_model-BConcave+CConcave+4100_flipped/org_segmentation
2025-07-16 19:55:15,806 - INFO - All collision results already exist for BConcave+CConcave+4100_flipped
2025-07-16 19:55:15,807 - DEBUG - Loaded collision time for BConcave+CConcave+4100_flipped at IoU 0.05: 4250.0
2025-07-16 19:55:15,807 - DEBUG - Loaded collision time for BConcave+CConcave+4100_flipped at IoU 0.1: 4350.0
2025-07-16 19:55:15,808 - DEBUG - Loaded collision time for BConcave+CConcave+4100_flipped at IoU 0.15: 4466.666666666667
2025-07-16 19:55:15,808 - DEBUG - Loaded collision time for BConcave+CConcave+4100_flipped at IoU 0.2: 4550.0
2025-07-16 19:55:15,809 - DEBUG - Loaded collision time for BConcave+CConcave+4100_flipped at IoU 0.25: 4650.0
2025-07-16 19:55:15,809 - DEBUG - Loaded collision time for BConcave+CConcave+4100_flipped at IoU 0.3: 4833.333333333333
2025-07-16 19:55:15,810 - DEBUG - Loaded collision time for BConcave+CConcave+4100_flipped at IoU 0.35: nan
2025-07-16 19:55:15,810 - DEBUG - Loaded collision time for BConcave+CConcave+4100_flipped at IoU 0.4: nan
2025-07-16 19:55:15,810 - DEBUG - Loaded collision time for BConcave+CConcave+4100_flipped at IoU 0.45: nan
2025-07-16 19:55:15,811 - DEBUG - Loaded collision time for BConcave+CConcave+4100_flipped at IoU 0.5: nan
2025-07-16 19:55:15,811 - DEBUG - Loaded collision time for BConcave+CConcave+4100_flipped at IoU 0.55: nan
2025-07-16 19:55:15,812 - DEBUG - Loaded collision time for BConcave+CConcave+4100_flipped at IoU 0.6: nan
2025-07-16 19:55:15,812 - DEBUG - Loaded collision time for BConcave+CConcave+4100_flipped at IoU 0.65: nan
2025-07-16 19:55:15,813 - DEBUG - Loaded collision time for BConcave+CConcave+4100_flipped at IoU 0.7: nan
2025-07-16 19:55:15,813 - DEBUG - Loaded collision time for BConcave+CConcave+4100_flipped at IoU 0.75: nan
2025-07-16 19:55:15,813 - DEBUG - Loaded collision time for BConcave+CConcave+4100_flipped at IoU 0.8: nan
2025-07-16 19:55:15,814 - DEBUG - Loaded collision time for BConcave+CConcave+4100_flipped at IoU 0.85: nan
2025-07-16 19:55:15,814 - DEBUG - Loaded collision time for BConcave+CConcave+4100_flipped at IoU 0.9: nan
2025-07-16 19:55:15,815 - DEBUG - Loaded collision time for BConcave+CConcave+4100_flipped at IoU 0.95: nan
2025-07-16 19:55:15,815 - INFO - Processing video: BConcave+CConcave+4300
2025-07-16 19:55:15,815 - INFO - Video BConcave+CConcave+4300 already processed (found segformer_model-BConcave+CConcave+4300.mp4), skipping video processing...
2025-07-16 19:55:15,821 - INFO - VanillaSegmentationSaver initialized with output dir: /home/projects/bagon/andreyg/Projects/Object_reps_neural/Programming/hugging_face/model_experiments/segformer/exp2TTC/processed_videos/segformer_model-BConcave+CConcave+4300/org_segmentation
2025-07-16 19:55:15,825 - INFO - All collision results already exist for BConcave+CConcave+4300
2025-07-16 19:55:15,825 - DEBUG - Loaded collision time for BConcave+CConcave+4300 at IoU 0.05: 4483.333333333333
2025-07-16 19:55:15,826 - DEBUG - Loaded collision time for BConcave+CConcave+4300 at IoU 0.1: 4600.0
2025-07-16 19:55:15,826 - DEBUG - Loaded collision time for BConcave+CConcave+4300 at IoU 0.15: 4683.333333333334
2025-07-16 19:55:15,827 - DEBUG - Loaded collision time for BConcave+CConcave+4300 at IoU 0.2: 4766.666666666667
2025-07-16 19:55:15,827 - DEBUG - Loaded collision time for BConcave+CConcave+4300 at IoU 0.25: 4850.0
2025-07-16 19:55:15,828 - DEBUG - Loaded collision time for BConcave+CConcave+4300 at IoU 0.3: 4950.0
2025-07-16 19:55:15,828 - DEBUG - Loaded collision time for BConcave+CConcave+4300 at IoU 0.35: 5100.0
2025-07-16 19:55:15,828 - DEBUG - Loaded collision time for BConcave+CConcave+4300 at IoU 0.4: nan
2025-07-16 19:55:15,829 - DEBUG - Loaded collision time for BConcave+CConcave+4300 at IoU 0.45: nan
2025-07-16 19:55:15,829 - DEBUG - Loaded collision time for BConcave+CConcave+4300 at IoU 0.5: nan
2025-07-16 19:55:15,830 - DEBUG - Loaded collision time for BConcave+CConcave+4300 at IoU 0.55: nan
2025-07-16 19:55:15,830 - DEBUG - Loaded collision time for BConcave+CConcave+4300 at IoU 0.6: nan
2025-07-16 19:55:15,830 - DEBUG - Loaded collision time for BConcave+CConcave+4300 at IoU 0.65: nan
2025-07-16 19:55:15,831 - DEBUG - Loaded collision time for BConcave+CConcave+4300 at IoU 0.7: nan
2025-07-16 19:55:15,831 - DEBUG - Loaded collision time for BConcave+CConcave+4300 at IoU 0.75: nan
2025-07-16 19:55:15,832 - DEBUG - Loaded collision time for BConcave+CConcave+4300 at IoU 0.8: nan
2025-07-16 19:55:15,832 - DEBUG - Loaded collision time for BConcave+CConcave+4300 at IoU 0.85: nan
2025-07-16 19:55:15,832 - DEBUG - Loaded collision time for BConcave+CConcave+4300 at IoU 0.9: nan
2025-07-16 19:55:15,833 - DEBUG - Loaded collision time for BConcave+CConcave+4300 at IoU 0.95: nan
2025-07-16 19:55:15,833 - INFO - Processing video: BConcave+CConcave+4500_flipped
2025-07-16 19:55:15,834 - INFO - Video BConcave+CConcave+4500_flipped already processed (found segformer_model-BConcave+CConcave+4500_flipped.mp4), skipping video processing...
2025-07-16 19:55:15,840 - INFO - VanillaSegmentationSaver initialized with output dir: /home/projects/bagon/andreyg/Projects/Object_reps_neural/Programming/hugging_face/model_experiments/segformer/exp2TTC/processed_videos/segformer_model-BConcave+CConcave+4500_flipped/org_segmentation
2025-07-16 19:55:15,846 - INFO - All collision results already exist for BConcave+CConcave+4500_flipped
2025-07-16 19:55:15,846 - DEBUG - Loaded collision time for BConcave+CConcave+4500_flipped at IoU 0.05: 4683.333333333334
2025-07-16 19:55:15,847 - DEBUG - Loaded collision time for BConcave+CConcave+4500_flipped at IoU 0.1: 4800.0
2025-07-16 19:55:15,847 - DEBUG - Loaded collision time for BConcave+CConcave+4500_flipped at IoU 0.15: 4866.666666666666
2025-07-16 19:55:15,848 - DEBUG - Loaded collision time for BConcave+CConcave+4500_flipped at IoU 0.2: 4966.666666666667
2025-07-16 19:55:15,848 - DEBUG - Loaded collision time for BConcave+CConcave+4500_flipped at IoU 0.25: 5033.333333333333
2025-07-16 19:55:15,849 - DEBUG - Loaded collision time for BConcave+CConcave+4500_flipped at IoU 0.3: 5116.666666666666
2025-07-16 19:55:15,849 - DEBUG - Loaded collision time for BConcave+CConcave+4500_flipped at IoU 0.35: 5316.666666666666
2025-07-16 19:55:15,849 - DEBUG - Loaded collision time for BConcave+CConcave+4500_flipped at IoU 0.4: nan
2025-07-16 19:55:15,850 - DEBUG - Loaded collision time for BConcave+CConcave+4500_flipped at IoU 0.45: nan
2025-07-16 19:55:15,850 - DEBUG - Loaded collision time for BConcave+CConcave+4500_flipped at IoU 0.5: nan
2025-07-16 19:55:15,850 - DEBUG - Loaded collision time for BConcave+CConcave+4500_flipped at IoU 0.55: nan
2025-07-16 19:55:15,851 - DEBUG - Loaded collision time for BConcave+CConcave+4500_flipped at IoU 0.6: nan
2025-07-16 19:55:15,851 - DEBUG - Loaded collision time for BConcave+CConcave+4500_flipped at IoU 0.65: nan
2025-07-16 19:55:15,852 - DEBUG - Loaded collision time for BConcave+CConcave+4500_flipped at IoU 0.7: nan
2025-07-16 19:55:15,852 - DEBUG - Loaded collision time for BConcave+CConcave+4500_flipped at IoU 0.75: nan
2025-07-16 19:55:15,852 - DEBUG - Loaded collision time for BConcave+CConcave+4500_flipped at IoU 0.8: nan
2025-07-16 19:55:15,853 - DEBUG - Loaded collision time for BConcave+CConcave+4500_flipped at IoU 0.85: nan
2025-07-16 19:55:15,853 - DEBUG - Loaded collision time for BConcave+CConcave+4500_flipped at IoU 0.9: nan
2025-07-16 19:55:15,854 - DEBUG - Loaded collision time for BConcave+CConcave+4500_flipped at IoU 0.95: nan
2025-07-16 19:55:15,854 - INFO - Processing video: BConcave+CConvex+3500_flipped
2025-07-16 19:55:15,855 - INFO - Video BConcave+CConvex+3500_flipped already processed (found segformer_model-BConcave+CConvex+3500_flipped.mp4), skipping video processing...
2025-07-16 19:55:15,862 - INFO - VanillaSegmentationSaver initialized with output dir: /home/projects/bagon/andreyg/Projects/Object_reps_neural/Programming/hugging_face/model_experiments/segformer/exp2TTC/processed_videos/segformer_model-BConcave+CConvex+3500_flipped/org_segmentation
2025-07-16 19:55:15,866 - INFO - All collision results already exist for BConcave+CConvex+3500_flipped
2025-07-16 19:55:15,866 - DEBUG - Loaded collision time for BConcave+CConvex+3500_flipped at IoU 0.05: nan
2025-07-16 19:55:15,867 - DEBUG - Loaded collision time for BConcave+CConvex+3500_flipped at IoU 0.1: nan
2025-07-16 19:55:15,867 - DEBUG - Loaded collision time for BConcave+CConvex+3500_flipped at IoU 0.15: nan
2025-07-16 19:55:15,867 - DEBUG - Loaded collision time for BConcave+CConvex+3500_flipped at IoU 0.2: nan
2025-07-16 19:55:15,868 - DEBUG - Loaded collision time for BConcave+CConvex+3500_flipped at IoU 0.25: nan
2025-07-16 19:55:15,868 - DEBUG - Loaded collision time for BConcave+CConvex+3500_flipped at IoU 0.3: nan
2025-07-16 19:55:15,869 - DEBUG - Loaded collision time for BConcave+CConvex+3500_flipped at IoU 0.35: nan
2025-07-16 19:55:15,869 - DEBUG - Loaded collision time for BConcave+CConvex+3500_flipped at IoU 0.4: nan
2025-07-16 19:55:15,869 - DEBUG - Loaded collision time for BConcave+CConvex+3500_flipped at IoU 0.45: nan
2025-07-16 19:55:15,870 - DEBUG - Loaded collision time for BConcave+CConvex+3500_flipped at IoU 0.5: nan
2025-07-16 19:55:15,870 - DEBUG - Loaded collision time for BConcave+CConvex+3500_flipped at IoU 0.55: nan
2025-07-16 19:55:15,870 - DEBUG - Loaded collision time for BConcave+CConvex+3500_flipped at IoU 0.6: nan
2025-07-16 19:55:15,871 - DEBUG - Loaded collision time for BConcave+CConvex+3500_flipped at IoU 0.65: nan
2025-07-16 19:55:15,871 - DEBUG - Loaded collision time for BConcave+CConvex+3500_flipped at IoU 0.7: nan
2025-07-16 19:55:15,872 - DEBUG - Loaded collision time for BConcave+CConvex+3500_flipped at IoU 0.75: nan
2025-07-16 19:55:15,872 - DEBUG - Loaded collision time for BConcave+CConvex+3500_flipped at IoU 0.8: nan
2025-07-16 19:55:15,872 - DEBUG - Loaded collision time for BConcave+CConvex+3500_flipped at IoU 0.85: nan
2025-07-16 19:55:15,873 - DEBUG - Loaded collision time for BConcave+CConvex+3500_flipped at IoU 0.9: nan
2025-07-16 19:55:15,873 - DEBUG - Loaded collision time for BConcave+CConvex+3500_flipped at IoU 0.95: nan
2025-07-16 19:55:15,873 - INFO - Processing video: BConcave+CConvex+3700
2025-07-16 19:55:15,874 - INFO - Video BConcave+CConvex+3700 already processed (found segformer_model-BConcave+CConvex+3700.mp4), skipping video processing...
2025-07-16 19:55:15,881 - INFO - VanillaSegmentationSaver initialized with output dir: /home/projects/bagon/andreyg/Projects/Object_reps_neural/Programming/hugging_face/model_experiments/segformer/exp2TTC/processed_videos/segformer_model-BConcave+CConvex+3700/org_segmentation
2025-07-16 19:55:15,886 - INFO - All collision results already exist for BConcave+CConvex+3700
2025-07-16 19:55:15,886 - DEBUG - Loaded collision time for BConcave+CConvex+3700 at IoU 0.05: 3966.666666666667
2025-07-16 19:55:15,887 - DEBUG - Loaded collision time for BConcave+CConvex+3700 at IoU 0.1: 4100.0
2025-07-16 19:55:15,887 - DEBUG - Loaded collision time for BConcave+CConvex+3700 at IoU 0.15: 4200.0
2025-07-16 19:55:15,887 - DEBUG - Loaded collision time for BConcave+CConvex+3700 at IoU 0.2: 4266.666666666667
2025-07-16 19:55:15,888 - DEBUG - Loaded collision time for BConcave+CConvex+3700 at IoU 0.25: 4333.333333333333
2025-07-16 19:55:15,888 - DEBUG - Loaded collision time for BConcave+CConvex+3700 at IoU 0.3: 4416.666666666667
2025-07-16 19:55:15,889 - DEBUG - Loaded collision time for BConcave+CConvex+3700 at IoU 0.35: 4500.0
2025-07-16 19:55:15,889 - DEBUG - Loaded collision time for BConcave+CConvex+3700 at IoU 0.4: 4666.666666666667
2025-07-16 19:55:15,890 - DEBUG - Loaded collision time for BConcave+CConvex+3700 at IoU 0.45: nan
2025-07-16 19:55:15,890 - DEBUG - Loaded collision time for BConcave+CConvex+3700 at IoU 0.5: nan
2025-07-16 19:55:15,891 - DEBUG - Loaded collision time for BConcave+CConvex+3700 at IoU 0.55: nan
2025-07-16 19:55:15,891 - DEBUG - Loaded collision time for BConcave+CConvex+3700 at IoU 0.6: nan
2025-07-16 19:55:15,892 - DEBUG - Loaded collision time for BConcave+CConvex+3700 at IoU 0.65: nan
2025-07-16 19:55:15,892 - DEBUG - Loaded collision time for BConcave+CConvex+3700 at IoU 0.7: nan
2025-07-16 19:55:15,892 - DEBUG - Loaded collision time for BConcave+CConvex+3700 at IoU 0.75: nan
2025-07-16 19:55:15,893 - DEBUG - Loaded collision time for BConcave+CConvex+3700 at IoU 0.8: nan
2025-07-16 19:55:15,893 - DEBUG - Loaded collision time for BConcave+CConvex+3700 at IoU 0.85: nan
2025-07-16 19:55:15,893 - DEBUG - Loaded collision time for BConcave+CConvex+3700 at IoU 0.9: nan
2025-07-16 19:55:15,894 - DEBUG - Loaded collision time for BConcave+CConvex+3700 at IoU 0.95: nan
2025-07-16 19:55:15,894 - INFO - Processing video: BConcave+CConvex+3900_flipped
2025-07-16 19:55:15,894 - INFO - Video BConcave+CConvex+3900_flipped already processed (found segformer_model-BConcave+CConvex+3900_flipped.mp4), skipping video processing...
2025-07-16 19:55:15,902 - INFO - VanillaSegmentationSaver initialized with output dir: /home/projects/bagon/andreyg/Projects/Object_reps_neural/Programming/hugging_face/model_experiments/segformer/exp2TTC/processed_videos/segformer_model-BConcave+CConvex+3900_flipped/org_segmentation
2025-07-16 19:55:15,906 - INFO - All collision results already exist for BConcave+CConvex+3900_flipped
2025-07-16 19:55:15,906 - DEBUG - Loaded collision time for BConcave+CConvex+3900_flipped at IoU 0.05: 4150.0
2025-07-16 19:55:15,907 - DEBUG - Loaded collision time for BConcave+CConvex+3900_flipped at IoU 0.1: 4283.333333333333
2025-07-16 19:55:15,907 - DEBUG - Loaded collision time for BConcave+CConvex+3900_flipped at IoU 0.15: 4400.0
2025-07-16 19:55:15,907 - DEBUG - Loaded collision time for BConcave+CConvex+3900_flipped at IoU 0.2: 4483.333333333333
2025-07-16 19:55:15,908 - DEBUG - Loaded collision time for BConcave+CConvex+3900_flipped at IoU 0.25: 4550.0
2025-07-16 19:55:15,909 - DEBUG - Loaded collision time for BConcave+CConvex+3900_flipped at IoU 0.3: 4616.666666666666
2025-07-16 19:55:15,910 - DEBUG - Loaded collision time for BConcave+CConvex+3900_flipped at IoU 0.35: 4716.666666666667
2025-07-16 19:55:15,910 - DEBUG - Loaded collision time for BConcave+CConvex+3900_flipped at IoU 0.4: nan
2025-07-16 19:55:15,910 - DEBUG - Loaded collision time for BConcave+CConvex+3900_flipped at IoU 0.45: nan
2025-07-16 19:55:15,911 - DEBUG - Loaded collision time for BConcave+CConvex+3900_flipped at IoU 0.5: nan
2025-07-16 19:55:15,911 - DEBUG - Loaded collision time for BConcave+CConvex+3900_flipped at IoU 0.55: nan
2025-07-16 19:55:15,912 - DEBUG - Loaded collision time for BConcave+CConvex+3900_flipped at IoU 0.6: nan
2025-07-16 19:55:15,912 - DEBUG - Loaded collision time for BConcave+CConvex+3900_flipped at IoU 0.65: nan
2025-07-16 19:55:15,912 - DEBUG - Loaded collision time for BConcave+CConvex+3900_flipped at IoU 0.7: nan
2025-07-16 19:55:15,913 - DEBUG - Loaded collision time for BConcave+CConvex+3900_flipped at IoU 0.75: nan
2025-07-16 19:55:15,913 - DEBUG - Loaded collision time for BConcave+CConvex+3900_flipped at IoU 0.8: nan
2025-07-16 19:55:15,913 - DEBUG - Loaded collision time for BConcave+CConvex+3900_flipped at IoU 0.85: nan
2025-07-16 19:55:15,914 - DEBUG - Loaded collision time for BConcave+CConvex+3900_flipped at IoU 0.9: nan
2025-07-16 19:55:15,914 - DEBUG - Loaded collision time for BConcave+CConvex+3900_flipped at IoU 0.95: nan
2025-07-16 19:55:15,915 - INFO - Processing video: BConcave+CConvex+4100
2025-07-16 19:55:15,915 - INFO - Video BConcave+CConvex+4100 already processed (found segformer_model-BConcave+CConvex+4100.mp4), skipping video processing...
2025-07-16 19:55:15,923 - INFO - VanillaSegmentationSaver initialized with output dir: /home/projects/bagon/andreyg/Projects/Object_reps_neural/Programming/hugging_face/model_experiments/segformer/exp2TTC/processed_videos/segformer_model-BConcave+CConvex+4100/org_segmentation
2025-07-16 19:55:15,927 - INFO - All collision results already exist for BConcave+CConvex+4100
2025-07-16 19:55:15,928 - DEBUG - Loaded collision time for BConcave+CConvex+4100 at IoU 0.05: 4416.666666666667
2025-07-16 19:55:15,928 - DEBUG - Loaded collision time for BConcave+CConvex+4100 at IoU 0.1: 4550.0
2025-07-16 19:55:15,928 - DEBUG - Loaded collision time for BConcave+CConvex+4100 at IoU 0.15: 4633.333333333334
2025-07-16 19:55:15,929 - DEBUG - Loaded collision time for BConcave+CConvex+4100 at IoU 0.2: 4700.0
2025-07-16 19:55:15,929 - DEBUG - Loaded collision time for BConcave+CConvex+4100 at IoU 0.25: 4766.666666666667
2025-07-16 19:55:15,930 - DEBUG - Loaded collision time for BConcave+CConvex+4100 at IoU 0.3: 4933.333333333334
2025-07-16 19:55:15,930 - DEBUG - Loaded collision time for BConcave+CConvex+4100 at IoU 0.35: nan
2025-07-16 19:55:15,930 - DEBUG - Loaded collision time for BConcave+CConvex+4100 at IoU 0.4: nan
2025-07-16 19:55:15,931 - DEBUG - Loaded collision time for BConcave+CConvex+4100 at IoU 0.45: nan
2025-07-16 19:55:15,931 - DEBUG - Loaded collision time for BConcave+CConvex+4100 at IoU 0.5: nan
2025-07-16 19:55:15,931 - DEBUG - Loaded collision time for BConcave+CConvex+4100 at IoU 0.55: nan
2025-07-16 19:55:15,932 - DEBUG - Loaded collision time for BConcave+CConvex+4100 at IoU 0.6: nan
2025-07-16 19:55:15,932 - DEBUG - Loaded collision time for BConcave+CConvex+4100 at IoU 0.65: nan
2025-07-16 19:55:15,932 - DEBUG - Loaded collision time for BConcave+CConvex+4100 at IoU 0.7: nan
2025-07-16 19:55:15,933 - DEBUG - Loaded collision time for BConcave+CConvex+4100 at IoU 0.75: nan
2025-07-16 19:55:15,933 - DEBUG - Loaded collision time for BConcave+CConvex+4100 at IoU 0.8: nan
2025-07-16 19:55:15,934 - DEBUG - Loaded collision time for BConcave+CConvex+4100 at IoU 0.85: nan
2025-07-16 19:55:15,935 - DEBUG - Loaded collision time for BConcave+CConvex+4100 at IoU 0.9: nan
2025-07-16 19:55:15,935 - DEBUG - Loaded collision time for BConcave+CConvex+4100 at IoU 0.95: nan
2025-07-16 19:55:15,935 - INFO - Processing video: BConcave+CConvex+4300_flipped
2025-07-16 19:55:15,936 - INFO - Video BConcave+CConvex+4300_flipped already processed (found segformer_model-BConcave+CConvex+4300_flipped.mp4), skipping video processing...
2025-07-16 19:55:15,943 - INFO - VanillaSegmentationSaver initialized with output dir: /home/projects/bagon/andreyg/Projects/Object_reps_neural/Programming/hugging_face/model_experiments/segformer/exp2TTC/processed_videos/segformer_model-BConcave+CConvex+4300_flipped/org_segmentation
2025-07-16 19:55:15,948 - INFO - All collision results already exist for BConcave+CConvex+4300_flipped
2025-07-16 19:55:15,948 - DEBUG - Loaded collision time for BConcave+CConvex+4300_flipped at IoU 0.05: 4550.0
2025-07-16 19:55:15,949 - DEBUG - Loaded collision time for BConcave+CConvex+4300_flipped at IoU 0.1: 4666.666666666667
2025-07-16 19:55:15,949 - DEBUG - Loaded collision time for BConcave+CConvex+4300_flipped at IoU 0.15: 4766.666666666667
2025-07-16 19:55:15,950 - DEBUG - Loaded collision time for BConcave+CConvex+4300_flipped at IoU 0.2: 4850.0
2025-07-16 19:55:15,950 - DEBUG - Loaded collision time for BConcave+CConvex+4300_flipped at IoU 0.25: 4933.333333333334
2025-07-16 19:55:15,950 - DEBUG - Loaded collision time for BConcave+CConvex+4300_flipped at IoU 0.3: 5050.0
2025-07-16 19:55:15,951 - DEBUG - Loaded collision time for BConcave+CConvex+4300_flipped at IoU 0.35: nan
2025-07-16 19:55:15,951 - DEBUG - Loaded collision time for BConcave+CConvex+4300_flipped at IoU 0.4: nan
2025-07-16 19:55:15,951 - DEBUG - Loaded collision time for BConcave+CConvex+4300_flipped at IoU 0.45: nan
2025-07-16 19:55:15,952 - DEBUG - Loaded collision time for BConcave+CConvex+4300_flipped at IoU 0.5: nan
2025-07-16 19:55:15,952 - DEBUG - Loaded collision time for BConcave+CConvex+4300_flipped at IoU 0.55: nan
2025-07-16 19:55:15,952 - DEBUG - Loaded collision time for BConcave+CConvex+4300_flipped at IoU 0.6: nan
2025-07-16 19:55:15,953 - DEBUG - Loaded collision time for BConcave+CConvex+4300_flipped at IoU 0.65: nan
2025-07-16 19:55:15,953 - DEBUG - Loaded collision time for BConcave+CConvex+4300_flipped at IoU 0.7: nan
2025-07-16 19:55:15,954 - DEBUG - Loaded collision time for BConcave+CConvex+4300_flipped at IoU 0.75: nan
2025-07-16 19:55:15,954 - DEBUG - Loaded collision time for BConcave+CConvex+4300_flipped at IoU 0.8: nan
2025-07-16 19:55:15,955 - DEBUG - Loaded collision time for BConcave+CConvex+4300_flipped at IoU 0.85: nan
2025-07-16 19:55:15,955 - DEBUG - Loaded collision time for BConcave+CConvex+4300_flipped at IoU 0.9: nan
2025-07-16 19:55:15,956 - DEBUG - Loaded collision time for BConcave+CConvex+4300_flipped at IoU 0.95: nan
2025-07-16 19:55:15,956 - INFO - Processing video: BConcave+CConvex+4500
2025-07-16 19:55:15,956 - INFO - Video BConcave+CConvex+4500 already processed (found segformer_model-BConcave+CConvex+4500.mp4), skipping video processing...
2025-07-16 19:55:15,964 - INFO - VanillaSegmentationSaver initialized with output dir: /home/projects/bagon/andreyg/Projects/Object_reps_neural/Programming/hugging_face/model_experiments/segformer/exp2TTC/processed_videos/segformer_model-BConcave+CConvex+4500/org_segmentation
2025-07-16 19:55:15,969 - INFO - All collision results already exist for BConcave+CConvex+4500
2025-07-16 19:55:15,970 - DEBUG - Loaded collision time for BConcave+CConvex+4500 at IoU 0.05: 4766.666666666667
2025-07-16 19:55:15,971 - DEBUG - Loaded collision time for BConcave+CConvex+4500 at IoU 0.1: 4900.0
2025-07-16 19:55:15,971 - DEBUG - Loaded collision time for BConcave+CConvex+4500 at IoU 0.15: 5000.0
2025-07-16 19:55:15,972 - DEBUG - Loaded collision time for BConcave+CConvex+4500 at IoU 0.2: 5083.333333333333
2025-07-16 19:55:15,972 - DEBUG - Loaded collision time for BConcave+CConvex+4500 at IoU 0.25: 5150.0
2025-07-16 19:55:15,972 - DEBUG - Loaded collision time for BConcave+CConvex+4500 at IoU 0.3: 5216.666666666667
2025-07-16 19:55:15,973 - DEBUG - Loaded collision time for BConcave+CConvex+4500 at IoU 0.35: 5316.666666666666
2025-07-16 19:55:15,973 - DEBUG - Loaded collision time for BConcave+CConvex+4500 at IoU 0.4: nan
2025-07-16 19:55:15,973 - DEBUG - Loaded collision time for BConcave+CConvex+4500 at IoU 0.45: nan
2025-07-16 19:55:15,974 - DEBUG - Loaded collision time for BConcave+CConvex+4500 at IoU 0.5: nan
2025-07-16 19:55:15,974 - DEBUG - Loaded collision time for BConcave+CConvex+4500 at IoU 0.55: nan
2025-07-16 19:55:15,975 - DEBUG - Loaded collision time for BConcave+CConvex+4500 at IoU 0.6: nan
2025-07-16 19:55:15,975 - DEBUG - Loaded collision time for BConcave+CConvex+4500 at IoU 0.65: nan
2025-07-16 19:55:15,975 - DEBUG - Loaded collision time for BConcave+CConvex+4500 at IoU 0.7: nan
2025-07-16 19:55:15,976 - DEBUG - Loaded collision time for BConcave+CConvex+4500 at IoU 0.75: nan
2025-07-16 19:55:15,976 - DEBUG - Loaded collision time for BConcave+CConvex+4500 at IoU 0.8: nan
2025-07-16 19:55:15,977 - DEBUG - Loaded collision time for BConcave+CConvex+4500 at IoU 0.85: nan
2025-07-16 19:55:15,977 - DEBUG - Loaded collision time for BConcave+CConvex+4500 at IoU 0.9: nan
2025-07-16 19:55:15,978 - DEBUG - Loaded collision time for BConcave+CConvex+4500 at IoU 0.95: nan
2025-07-16 19:55:15,978 - INFO - Processing video: BConcave+DConcave+3500
2025-07-16 19:55:15,978 - INFO - Video BConcave+DConcave+3500 already processed (found segformer_model-BConcave+DConcave+3500.mp4), skipping video processing...
2025-07-16 19:55:15,986 - INFO - VanillaSegmentationSaver initialized with output dir: /home/projects/bagon/andreyg/Projects/Object_reps_neural/Programming/hugging_face/model_experiments/segformer/exp2TTC/processed_videos/segformer_model-BConcave+DConcave+3500/org_segmentation
2025-07-16 19:55:15,990 - INFO - All collision results already exist for BConcave+DConcave+3500
2025-07-16 19:55:15,991 - DEBUG - Loaded collision time for BConcave+DConcave+3500 at IoU 0.05: 3733.3333333333335
2025-07-16 19:55:15,991 - DEBUG - Loaded collision time for BConcave+DConcave+3500 at IoU 0.1: 3833.3333333333335
2025-07-16 19:55:15,991 - DEBUG - Loaded collision time for BConcave+DConcave+3500 at IoU 0.15: 3983.3333333333335
2025-07-16 19:55:15,992 - DEBUG - Loaded collision time for BConcave+DConcave+3500 at IoU 0.2: 4183.333333333334
2025-07-16 19:55:15,992 - DEBUG - Loaded collision time for BConcave+DConcave+3500 at IoU 0.25: nan
2025-07-16 19:55:15,992 - DEBUG - Loaded collision time for BConcave+DConcave+3500 at IoU 0.3: nan
2025-07-16 19:55:15,993 - DEBUG - Loaded collision time for BConcave+DConcave+3500 at IoU 0.35: nan
2025-07-16 19:55:15,993 - DEBUG - Loaded collision time for BConcave+DConcave+3500 at IoU 0.4: nan
2025-07-16 19:55:15,994 - DEBUG - Loaded collision time for BConcave+DConcave+3500 at IoU 0.45: nan
2025-07-16 19:55:15,994 - DEBUG - Loaded collision time for BConcave+DConcave+3500 at IoU 0.5: nan
2025-07-16 19:55:15,995 - DEBUG - Loaded collision time for BConcave+DConcave+3500 at IoU 0.55: nan
2025-07-16 19:55:15,995 - DEBUG - Loaded collision time for BConcave+DConcave+3500 at IoU 0.6: nan
2025-07-16 19:55:15,996 - DEBUG - Loaded collision time for BConcave+DConcave+3500 at IoU 0.65: nan
2025-07-16 19:55:15,996 - DEBUG - Loaded collision time for BConcave+DConcave+3500 at IoU 0.7: nan
2025-07-16 19:55:15,996 - DEBUG - Loaded collision time for BConcave+DConcave+3500 at IoU 0.75: nan
2025-07-16 19:55:15,997 - DEBUG - Loaded collision time for BConcave+DConcave+3500 at IoU 0.8: nan
2025-07-16 19:55:15,997 - DEBUG - Loaded collision time for BConcave+DConcave+3500 at IoU 0.85: nan
2025-07-16 19:55:15,997 - DEBUG - Loaded collision time for BConcave+DConcave+3500 at IoU 0.9: nan
2025-07-16 19:55:15,998 - DEBUG - Loaded collision time for BConcave+DConcave+3500 at IoU 0.95: nan
2025-07-16 19:55:15,998 - INFO - Processing video: BConcave+DConcave+3700_flipped
2025-07-16 19:55:15,998 - INFO - Video BConcave+DConcave+3700_flipped already processed (found segformer_model-BConcave+DConcave+3700_flipped.mp4), skipping video processing...
2025-07-16 19:55:16,005 - INFO - VanillaSegmentationSaver initialized with output dir: /home/projects/bagon/andreyg/Projects/Object_reps_neural/Programming/hugging_face/model_experiments/segformer/exp2TTC/processed_videos/segformer_model-BConcave+DConcave+3700_flipped/org_segmentation
2025-07-16 19:55:16,009 - INFO - All collision results already exist for BConcave+DConcave+3700_flipped
2025-07-16 19:55:16,010 - DEBUG - Loaded collision time for BConcave+DConcave+3700_flipped at IoU 0.05: 3883.3333333333335
2025-07-16 19:55:16,010 - DEBUG - Loaded collision time for BConcave+DConcave+3700_flipped at IoU 0.1: 4000.0
2025-07-16 19:55:16,010 - DEBUG - Loaded collision time for BConcave+DConcave+3700_flipped at IoU 0.15: 4100.0
2025-07-16 19:55:16,011 - DEBUG - Loaded collision time for BConcave+DConcave+3700_flipped at IoU 0.2: 4200.0
2025-07-16 19:55:16,011 - DEBUG - Loaded collision time for BConcave+DConcave+3700_flipped at IoU 0.25: 4333.333333333333
2025-07-16 19:55:16,012 - DEBUG - Loaded collision time for BConcave+DConcave+3700_flipped at IoU 0.3: 4416.666666666667
2025-07-16 19:55:16,012 - DEBUG - Loaded collision time for BConcave+DConcave+3700_flipped at IoU 0.35: 4550.0
2025-07-16 19:55:16,012 - DEBUG - Loaded collision time for BConcave+DConcave+3700_flipped at IoU 0.4: nan
2025-07-16 19:55:16,013 - DEBUG - Loaded collision time for BConcave+DConcave+3700_flipped at IoU 0.45: nan
2025-07-16 19:55:16,013 - DEBUG - Loaded collision time for BConcave+DConcave+3700_flipped at IoU 0.5: nan
2025-07-16 19:55:16,013 - DEBUG - Loaded collision time for BConcave+DConcave+3700_flipped at IoU 0.55: nan
2025-07-16 19:55:16,014 - DEBUG - Loaded collision time for BConcave+DConcave+3700_flipped at IoU 0.6: nan
2025-07-16 19:55:16,014 - DEBUG - Loaded collision time for BConcave+DConcave+3700_flipped at IoU 0.65: nan
2025-07-16 19:55:16,014 - DEBUG - Loaded collision time for BConcave+DConcave+3700_flipped at IoU 0.7: nan
2025-07-16 19:55:16,015 - DEBUG - Loaded collision time for BConcave+DConcave+3700_flipped at IoU 0.75: nan
2025-07-16 19:55:16,016 - DEBUG - Loaded collision time for BConcave+DConcave+3700_flipped at IoU 0.8: nan
2025-07-16 19:55:16,016 - DEBUG - Loaded collision time for BConcave+DConcave+3700_flipped at IoU 0.85: nan
2025-07-16 19:55:16,017 - DEBUG - Loaded collision time for BConcave+DConcave+3700_flipped at IoU 0.9: nan
2025-07-16 19:55:16,017 - DEBUG - Loaded collision time for BConcave+DConcave+3700_flipped at IoU 0.95: nan
2025-07-16 19:55:16,017 - INFO - Processing video: BConcave+DConcave+3900
2025-07-16 19:55:16,018 - INFO - Video BConcave+DConcave+3900 already processed (found segformer_model-BConcave+DConcave+3900.mp4), skipping video processing...
2025-07-16 19:55:16,025 - INFO - VanillaSegmentationSaver initialized with output dir: /home/projects/bagon/andreyg/Projects/Object_reps_neural/Programming/hugging_face/model_experiments/segformer/exp2TTC/processed_videos/segformer_model-BConcave+DConcave+3900/org_segmentation
2025-07-16 19:55:16,030 - INFO - All collision results already exist for BConcave+DConcave+3900
2025-07-16 19:55:16,030 - DEBUG - Loaded collision time for BConcave+DConcave+3900 at IoU 0.05: 4083.333333333333
2025-07-16 19:55:16,031 - DEBUG - Loaded collision time for BConcave+DConcave+3900 at IoU 0.1: 4150.0
2025-07-16 19:55:16,031 - DEBUG - Loaded collision time for BConcave+DConcave+3900 at IoU 0.15: 4216.666666666667
2025-07-16 19:55:16,031 - DEBUG - Loaded collision time for BConcave+DConcave+3900 at IoU 0.2: 4283.333333333333
2025-07-16 19:55:16,032 - DEBUG - Loaded collision time for BConcave+DConcave+3900 at IoU 0.25: 4366.666666666666
2025-07-16 19:55:16,032 - DEBUG - Loaded collision time for BConcave+DConcave+3900 at IoU 0.3: 4483.333333333333
2025-07-16 19:55:16,032 - DEBUG - Loaded collision time for BConcave+DConcave+3900 at IoU 0.35: 4600.0
2025-07-16 19:55:16,033 - DEBUG - Loaded collision time for BConcave+DConcave+3900 at IoU 0.4: nan
2025-07-16 19:55:16,033 - DEBUG - Loaded collision time for BConcave+DConcave+3900 at IoU 0.45: nan
2025-07-16 19:55:16,034 - DEBUG - Loaded collision time for BConcave+DConcave+3900 at IoU 0.5: nan
2025-07-16 19:55:16,034 - DEBUG - Loaded collision time for BConcave+DConcave+3900 at IoU 0.55: nan
2025-07-16 19:55:16,034 - DEBUG - Loaded collision time for BConcave+DConcave+3900 at IoU 0.6: nan
2025-07-16 19:55:16,035 - DEBUG - Loaded collision time for BConcave+DConcave+3900 at IoU 0.65: nan
2025-07-16 19:55:16,036 - DEBUG - Loaded collision time for BConcave+DConcave+3900 at IoU 0.7: nan
2025-07-16 19:55:16,036 - DEBUG - Loaded collision time for BConcave+DConcave+3900 at IoU 0.75: nan
2025-07-16 19:55:16,037 - DEBUG - Loaded collision time for BConcave+DConcave+3900 at IoU 0.8: nan
2025-07-16 19:55:16,037 - DEBUG - Loaded collision time for BConcave+DConcave+3900 at IoU 0.85: nan
2025-07-16 19:55:16,038 - DEBUG - Loaded collision time for BConcave+DConcave+3900 at IoU 0.9: nan
2025-07-16 19:55:16,038 - DEBUG - Loaded collision time for BConcave+DConcave+3900 at IoU 0.95: nan
2025-07-16 19:55:16,038 - INFO - Processing video: BConcave+DConcave+4100_flipped
2025-07-16 19:55:16,038 - INFO - Video BConcave+DConcave+4100_flipped already processed (found segformer_model-BConcave+DConcave+4100_flipped.mp4), skipping video processing...
2025-07-16 19:55:16,046 - INFO - VanillaSegmentationSaver initialized with output dir: /home/projects/bagon/andreyg/Projects/Object_reps_neural/Programming/hugging_face/model_experiments/segformer/exp2TTC/processed_videos/segformer_model-BConcave+DConcave+4100_flipped/org_segmentation
2025-07-16 19:55:16,050 - INFO - All collision results already exist for BConcave+DConcave+4100_flipped
2025-07-16 19:55:16,050 - DEBUG - Loaded collision time for BConcave+DConcave+4100_flipped at IoU 0.05: 4333.333333333333
2025-07-16 19:55:16,051 - DEBUG - Loaded collision time for BConcave+DConcave+4100_flipped at IoU 0.1: 4400.0
2025-07-16 19:55:16,051 - DEBUG - Loaded collision time for BConcave+DConcave+4100_flipped at IoU 0.15: 4450.0
2025-07-16 19:55:16,052 - DEBUG - Loaded collision time for BConcave+DConcave+4100_flipped at IoU 0.2: 4500.0
2025-07-16 19:55:16,052 - DEBUG - Loaded collision time for BConcave+DConcave+4100_flipped at IoU 0.25: 4566.666666666666
2025-07-16 19:55:16,053 - DEBUG - Loaded collision time for BConcave+DConcave+4100_flipped at IoU 0.3: 4616.666666666666
2025-07-16 19:55:16,053 - DEBUG - Loaded collision time for BConcave+DConcave+4100_flipped at IoU 0.35: 4683.333333333334
2025-07-16 19:55:16,054 - DEBUG - Loaded collision time for BConcave+DConcave+4100_flipped at IoU 0.4: 4733.333333333333
2025-07-16 19:55:16,054 - DEBUG - Loaded collision time for BConcave+DConcave+4100_flipped at IoU 0.45: 4766.666666666667
2025-07-16 19:55:16,054 - DEBUG - Loaded collision time for BConcave+DConcave+4100_flipped at IoU 0.5: 4850.0
2025-07-16 19:55:16,055 - DEBUG - Loaded collision time for BConcave+DConcave+4100_flipped at IoU 0.55: nan
2025-07-16 19:55:16,055 - DEBUG - Loaded collision time for BConcave+DConcave+4100_flipped at IoU 0.6: nan
2025-07-16 19:55:16,056 - DEBUG - Loaded collision time for BConcave+DConcave+4100_flipped at IoU 0.65: nan
2025-07-16 19:55:16,056 - DEBUG - Loaded collision time for BConcave+DConcave+4100_flipped at IoU 0.7: nan
2025-07-16 19:55:16,056 - DEBUG - Loaded collision time for BConcave+DConcave+4100_flipped at IoU 0.75: nan
2025-07-16 19:55:16,057 - DEBUG - Loaded collision time for BConcave+DConcave+4100_flipped at IoU 0.8: nan
2025-07-16 19:55:16,057 - DEBUG - Loaded collision time for BConcave+DConcave+4100_flipped at IoU 0.85: nan
2025-07-16 19:55:16,058 - DEBUG - Loaded collision time for BConcave+DConcave+4100_flipped at IoU 0.9: nan
2025-07-16 19:55:16,058 - DEBUG - Loaded collision time for BConcave+DConcave+4100_flipped at IoU 0.95: nan
2025-07-16 19:55:16,058 - INFO - Processing video: BConcave+DConcave+4300
2025-07-16 19:55:16,059 - INFO - Video BConcave+DConcave+4300 already processed (found segformer_model-BConcave+DConcave+4300.mp4), skipping video processing...
2025-07-16 19:55:16,066 - INFO - VanillaSegmentationSaver initialized with output dir: /home/projects/bagon/andreyg/Projects/Object_reps_neural/Programming/hugging_face/model_experiments/segformer/exp2TTC/processed_videos/segformer_model-BConcave+DConcave+4300/org_segmentation
2025-07-16 19:55:16,071 - INFO - All collision results already exist for BConcave+DConcave+4300
2025-07-16 19:55:16,071 - DEBUG - Loaded collision time for BConcave+DConcave+4300 at IoU 0.05: 4766.666666666667
2025-07-16 19:55:16,071 - DEBUG - Loaded collision time for BConcave+DConcave+4300 at IoU 0.1: nan
2025-07-16 19:55:16,072 - DEBUG - Loaded collision time for BConcave+DConcave+4300 at IoU 0.15: nan
2025-07-16 19:55:16,072 - DEBUG - Loaded collision time for BConcave+DConcave+4300 at IoU 0.2: nan
2025-07-16 19:55:16,073 - DEBUG - Loaded collision time for BConcave+DConcave+4300 at IoU 0.25: nan
2025-07-16 19:55:16,073 - DEBUG - Loaded collision time for BConcave+DConcave+4300 at IoU 0.3: nan
2025-07-16 19:55:16,073 - DEBUG - Loaded collision time for BConcave+DConcave+4300 at IoU 0.35: nan
2025-07-16 19:55:16,074 - DEBUG - Loaded collision time for BConcave+DConcave+4300 at IoU 0.4: nan
2025-07-16 19:55:16,074 - DEBUG - Loaded collision time for BConcave+DConcave+4300 at IoU 0.45: nan
2025-07-16 19:55:16,074 - DEBUG - Loaded collision time for BConcave+DConcave+4300 at IoU 0.5: nan
2025-07-16 19:55:16,075 - DEBUG - Loaded collision time for BConcave+DConcave+4300 at IoU 0.55: nan
2025-07-16 19:55:16,075 - DEBUG - Loaded collision time for BConcave+DConcave+4300 at IoU 0.6: nan
2025-07-16 19:55:16,075 - DEBUG - Loaded collision time for BConcave+DConcave+4300 at IoU 0.65: nan
2025-07-16 19:55:16,076 - DEBUG - Loaded collision time for BConcave+DConcave+4300 at IoU 0.7: nan
2025-07-16 19:55:16,076 - DEBUG - Loaded collision time for BConcave+DConcave+4300 at IoU 0.75: nan
2025-07-16 19:55:16,077 - DEBUG - Loaded collision time for BConcave+DConcave+4300 at IoU 0.8: nan
2025-07-16 19:55:16,078 - DEBUG - Loaded collision time for BConcave+DConcave+4300 at IoU 0.85: nan
2025-07-16 19:55:16,078 - DEBUG - Loaded collision time for BConcave+DConcave+4300 at IoU 0.9: nan
2025-07-16 19:55:16,079 - DEBUG - Loaded collision time for BConcave+DConcave+4300 at IoU 0.95: nan
2025-07-16 19:55:16,079 - INFO - Processing video: BConcave+DConcave+4500_flipped
2025-07-16 19:55:16,080 - INFO - Video BConcave+DConcave+4500_flipped already processed (found segformer_model-BConcave+DConcave+4500_flipped.mp4), skipping video processing...
2025-07-16 19:55:16,086 - INFO - VanillaSegmentationSaver initialized with output dir: /home/projects/bagon/andreyg/Projects/Object_reps_neural/Programming/hugging_face/model_experiments/segformer/exp2TTC/processed_videos/segformer_model-BConcave+DConcave+4500_flipped/org_segmentation
2025-07-16 19:55:16,091 - INFO - All collision results already exist for BConcave+DConcave+4500_flipped
2025-07-16 19:55:16,091 - DEBUG - Loaded collision time for BConcave+DConcave+4500_flipped at IoU 0.05: nan
2025-07-16 19:55:16,092 - DEBUG - Loaded collision time for BConcave+DConcave+4500_flipped at IoU 0.1: nan
2025-07-16 19:55:16,092 - DEBUG - Loaded collision time for BConcave+DConcave+4500_flipped at IoU 0.15: nan
2025-07-16 19:55:16,092 - DEBUG - Loaded collision time for BConcave+DConcave+4500_flipped at IoU 0.2: nan
2025-07-16 19:55:16,093 - DEBUG - Loaded collision time for BConcave+DConcave+4500_flipped at IoU 0.25: nan
2025-07-16 19:55:16,093 - DEBUG - Loaded collision time for BConcave+DConcave+4500_flipped at IoU 0.3: nan
2025-07-16 19:55:16,094 - DEBUG - Loaded collision time for BConcave+DConcave+4500_flipped at IoU 0.35: nan
2025-07-16 19:55:16,094 - DEBUG - Loaded collision time for BConcave+DConcave+4500_flipped at IoU 0.4: nan
2025-07-16 19:55:16,095 - DEBUG - Loaded collision time for BConcave+DConcave+4500_flipped at IoU 0.45: nan
2025-07-16 19:55:16,095 - DEBUG - Loaded collision time for BConcave+DConcave+4500_flipped at IoU 0.5: nan
2025-07-16 19:55:16,096 - DEBUG - Loaded collision time for BConcave+DConcave+4500_flipped at IoU 0.55: nan
2025-07-16 19:55:16,096 - DEBUG - Loaded collision time for BConcave+DConcave+4500_flipped at IoU 0.6: nan
2025-07-16 19:55:16,096 - DEBUG - Loaded collision time for BConcave+DConcave+4500_flipped at IoU 0.65: nan
2025-07-16 19:55:16,097 - DEBUG - Loaded collision time for BConcave+DConcave+4500_flipped at IoU 0.7: nan
2025-07-16 19:55:16,098 - DEBUG - Loaded collision time for BConcave+DConcave+4500_flipped at IoU 0.75: nan
2025-07-16 19:55:16,098 - DEBUG - Loaded collision time for BConcave+DConcave+4500_flipped at IoU 0.8: nan
2025-07-16 19:55:16,098 - DEBUG - Loaded collision time for BConcave+DConcave+4500_flipped at IoU 0.85: nan
2025-07-16 19:55:16,099 - DEBUG - Loaded collision time for BConcave+DConcave+4500_flipped at IoU 0.9: nan
2025-07-16 19:55:16,099 - DEBUG - Loaded collision time for BConcave+DConcave+4500_flipped at IoU 0.95: nan
2025-07-16 19:55:16,099 - INFO - Processing video: BConcave+DConvex+3500_flipped
2025-07-16 19:55:16,100 - INFO - Video BConcave+DConvex+3500_flipped already processed (found segformer_model-BConcave+DConvex+3500_flipped.mp4), skipping video processing...
2025-07-16 19:55:16,108 - INFO - VanillaSegmentationSaver initialized with output dir: /home/projects/bagon/andreyg/Projects/Object_reps_neural/Programming/hugging_face/model_experiments/segformer/exp2TTC/processed_videos/segformer_model-BConcave+DConvex+3500_flipped/org_segmentation
2025-07-16 19:55:16,113 - INFO - All collision results already exist for BConcave+DConvex+3500_flipped
2025-07-16 19:55:16,113 - DEBUG - Loaded collision time for BConcave+DConvex+3500_flipped at IoU 0.05: nan
2025-07-16 19:55:16,113 - DEBUG - Loaded collision time for BConcave+DConvex+3500_flipped at IoU 0.1: nan
2025-07-16 19:55:16,114 - DEBUG - Loaded collision time for BConcave+DConvex+3500_flipped at IoU 0.15: nan
2025-07-16 19:55:16,114 - DEBUG - Loaded collision time for BConcave+DConvex+3500_flipped at IoU 0.2: nan
2025-07-16 19:55:16,114 - DEBUG - Loaded collision time for BConcave+DConvex+3500_flipped at IoU 0.25: nan
2025-07-16 19:55:16,115 - DEBUG - Loaded collision time for BConcave+DConvex+3500_flipped at IoU 0.3: nan
2025-07-16 19:55:16,115 - DEBUG - Loaded collision time for BConcave+DConvex+3500_flipped at IoU 0.35: nan
2025-07-16 19:55:16,116 - DEBUG - Loaded collision time for BConcave+DConvex+3500_flipped at IoU 0.4: nan
2025-07-16 19:55:16,116 - DEBUG - Loaded collision time for BConcave+DConvex+3500_flipped at IoU 0.45: nan
2025-07-16 19:55:16,117 - DEBUG - Loaded collision time for BConcave+DConvex+3500_flipped at IoU 0.5: nan
2025-07-16 19:55:16,117 - DEBUG - Loaded collision time for BConcave+DConvex+3500_flipped at IoU 0.55: nan
2025-07-16 19:55:16,117 - DEBUG - Loaded collision time for BConcave+DConvex+3500_flipped at IoU 0.6: nan
2025-07-16 19:55:16,118 - DEBUG - Loaded collision time for BConcave+DConvex+3500_flipped at IoU 0.65: nan
2025-07-16 19:55:16,118 - DEBUG - Loaded collision time for BConcave+DConvex+3500_flipped at IoU 0.7: nan
2025-07-16 19:55:16,118 - DEBUG - Loaded collision time for BConcave+DConvex+3500_flipped at IoU 0.75: nan
2025-07-16 19:55:16,119 - DEBUG - Loaded collision time for BConcave+DConvex+3500_flipped at IoU 0.8: nan
2025-07-16 19:55:16,119 - DEBUG - Loaded collision time for BConcave+DConvex+3500_flipped at IoU 0.85: nan
2025-07-16 19:55:16,120 - DEBUG - Loaded collision time for BConcave+DConvex+3500_flipped at IoU 0.9: nan
2025-07-16 19:55:16,120 - DEBUG - Loaded collision time for BConcave+DConvex+3500_flipped at IoU 0.95: nan
2025-07-16 19:55:16,120 - INFO - Processing video: BConcave+DConvex+3700
2025-07-16 19:55:16,121 - INFO - Video BConcave+DConvex+3700 already processed (found segformer_model-BConcave+DConvex+3700.mp4), skipping video processing...
2025-07-16 19:55:16,128 - INFO - VanillaSegmentationSaver initialized with output dir: /home/projects/bagon/andreyg/Projects/Object_reps_neural/Programming/hugging_face/model_experiments/segformer/exp2TTC/processed_videos/segformer_model-BConcave+DConvex+3700/org_segmentation
2025-07-16 19:55:16,133 - INFO - All collision results already exist for BConcave+DConvex+3700
2025-07-16 19:55:16,133 - DEBUG - Loaded collision time for BConcave+DConvex+3700 at IoU 0.05: 4600.0
2025-07-16 19:55:16,133 - DEBUG - Loaded collision time for BConcave+DConvex+3700 at IoU 0.1: 4650.0
2025-07-16 19:55:16,134 - DEBUG - Loaded collision time for BConcave+DConvex+3700 at IoU 0.15: 4700.0
2025-07-16 19:55:16,134 - DEBUG - Loaded collision time for BConcave+DConvex+3700 at IoU 0.2: 4783.333333333333
2025-07-16 19:55:16,135 - DEBUG - Loaded collision time for BConcave+DConvex+3700 at IoU 0.25: nan
2025-07-16 19:55:16,135 - DEBUG - Loaded collision time for BConcave+DConvex+3700 at IoU 0.3: nan
2025-07-16 19:55:16,135 - DEBUG - Loaded collision time for BConcave+DConvex+3700 at IoU 0.35: nan
2025-07-16 19:55:16,136 - DEBUG - Loaded collision time for BConcave+DConvex+3700 at IoU 0.4: nan
2025-07-16 19:55:16,136 - DEBUG - Loaded collision time for BConcave+DConvex+3700 at IoU 0.45: nan
2025-07-16 19:55:16,136 - DEBUG - Loaded collision time for BConcave+DConvex+3700 at IoU 0.5: nan
2025-07-16 19:55:16,137 - DEBUG - Loaded collision time for BConcave+DConvex+3700 at IoU 0.55: nan
2025-07-16 19:55:16,137 - DEBUG - Loaded collision time for BConcave+DConvex+3700 at IoU 0.6: nan
2025-07-16 19:55:16,137 - DEBUG - Loaded collision time for BConcave+DConvex+3700 at IoU 0.65: nan
2025-07-16 19:55:16,138 - DEBUG - Loaded collision time for BConcave+DConvex+3700 at IoU 0.7: nan
2025-07-16 19:55:16,138 - DEBUG - Loaded collision time for BConcave+DConvex+3700 at IoU 0.75: nan
2025-07-16 19:55:16,138 - DEBUG - Loaded collision time for BConcave+DConvex+3700 at IoU 0.8: nan
2025-07-16 19:55:16,139 - DEBUG - Loaded collision time for BConcave+DConvex+3700 at IoU 0.85: nan
2025-07-16 19:55:16,139 - DEBUG - Loaded collision time for BConcave+DConvex+3700 at IoU 0.9: nan
2025-07-16 19:55:16,140 - DEBUG - Loaded collision time for BConcave+DConvex+3700 at IoU 0.95: nan
2025-07-16 19:55:16,140 - INFO - Processing video: BConcave+DConvex+3900_flipped
2025-07-16 19:55:16,141 - INFO - Video BConcave+DConvex+3900_flipped already processed (found segformer_model-BConcave+DConvex+3900_flipped.mp4), skipping video processing...
2025-07-16 19:55:16,148 - INFO - VanillaSegmentationSaver initialized with output dir: /home/projects/bagon/andreyg/Projects/Object_reps_neural/Programming/hugging_face/model_experiments/segformer/exp2TTC/processed_videos/segformer_model-BConcave+DConvex+3900_flipped/org_segmentation
2025-07-16 19:55:16,153 - INFO - All collision results already exist for BConcave+DConvex+3900_flipped
2025-07-16 19:55:16,153 - DEBUG - Loaded collision time for BConcave+DConvex+3900_flipped at IoU 0.05: 4316.666666666666
2025-07-16 19:55:16,153 - DEBUG - Loaded collision time for BConcave+DConvex+3900_flipped at IoU 0.1: 4483.333333333333
2025-07-16 19:55:16,154 - DEBUG - Loaded collision time for BConcave+DConvex+3900_flipped at IoU 0.15: 4566.666666666666
2025-07-16 19:55:16,154 - DEBUG - Loaded collision time for BConcave+DConvex+3900_flipped at IoU 0.2: 4916.666666666667
2025-07-16 19:55:16,154 - DEBUG - Loaded collision time for BConcave+DConvex+3900_flipped at IoU 0.25: nan
2025-07-16 19:55:16,155 - DEBUG - Loaded collision time for BConcave+DConvex+3900_flipped at IoU 0.3: nan
2025-07-16 19:55:16,155 - DEBUG - Loaded collision time for BConcave+DConvex+3900_flipped at IoU 0.35: nan
2025-07-16 19:55:16,156 - DEBUG - Loaded collision time for BConcave+DConvex+3900_flipped at IoU 0.4: nan
2025-07-16 19:55:16,156 - DEBUG - Loaded collision time for BConcave+DConvex+3900_flipped at IoU 0.45: nan
2025-07-16 19:55:16,157 - DEBUG - Loaded collision time for BConcave+DConvex+3900_flipped at IoU 0.5: nan
2025-07-16 19:55:16,157 - DEBUG - Loaded collision time for BConcave+DConvex+3900_flipped at IoU 0.55: nan
2025-07-16 19:55:16,158 - DEBUG - Loaded collision time for BConcave+DConvex+3900_flipped at IoU 0.6: nan
2025-07-16 19:55:16,159 - DEBUG - Loaded collision time for BConcave+DConvex+3900_flipped at IoU 0.65: nan
2025-07-16 19:55:16,159 - DEBUG - Loaded collision time for BConcave+DConvex+3900_flipped at IoU 0.7: nan
2025-07-16 19:55:16,160 - DEBUG - Loaded collision time for BConcave+DConvex+3900_flipped at IoU 0.75: nan
2025-07-16 19:55:16,161 - DEBUG - Loaded collision time for BConcave+DConvex+3900_flipped at IoU 0.8: nan
2025-07-16 19:55:16,161 - DEBUG - Loaded collision time for BConcave+DConvex+3900_flipped at IoU 0.85: nan
2025-07-16 19:55:16,161 - DEBUG - Loaded collision time for BConcave+DConvex+3900_flipped at IoU 0.9: nan
2025-07-16 19:55:16,162 - DEBUG - Loaded collision time for BConcave+DConvex+3900_flipped at IoU 0.95: nan
2025-07-16 19:55:16,162 - INFO - Processing video: BConcave+DConvex+4100
2025-07-16 19:55:16,162 - INFO - Video BConcave+DConvex+4100 already processed (found segformer_model-BConcave+DConvex+4100.mp4), skipping video processing...
2025-07-16 19:55:16,170 - INFO - VanillaSegmentationSaver initialized with output dir: /home/projects/bagon/andreyg/Projects/Object_reps_neural/Programming/hugging_face/model_experiments/segformer/exp2TTC/processed_videos/segformer_model-BConcave+DConvex+4100/org_segmentation
2025-07-16 19:55:16,176 - INFO - All collision results already exist for BConcave+DConvex+4100
2025-07-16 19:55:16,176 - DEBUG - Loaded collision time for BConcave+DConvex+4100 at IoU 0.05: 4700.0
2025-07-16 19:55:16,177 - DEBUG - Loaded collision time for BConcave+DConvex+4100 at IoU 0.1: 4866.666666666666
2025-07-16 19:55:16,177 - DEBUG - Loaded collision time for BConcave+DConvex+4100 at IoU 0.15: 5083.333333333333
2025-07-16 19:55:16,178 - DEBUG - Loaded collision time for BConcave+DConvex+4100 at IoU 0.2: nan
2025-07-16 19:55:16,178 - DEBUG - Loaded collision time for BConcave+DConvex+4100 at IoU 0.25: nan
2025-07-16 19:55:16,178 - DEBUG - Loaded collision time for BConcave+DConvex+4100 at IoU 0.3: nan
2025-07-16 19:55:16,179 - DEBUG - Loaded collision time for BConcave+DConvex+4100 at IoU 0.35: nan
2025-07-16 19:55:16,179 - DEBUG - Loaded collision time for BConcave+DConvex+4100 at IoU 0.4: nan
2025-07-16 19:55:16,180 - DEBUG - Loaded collision time for BConcave+DConvex+4100 at IoU 0.45: nan
2025-07-16 19:55:16,180 - DEBUG - Loaded collision time for BConcave+DConvex+4100 at IoU 0.5: nan
2025-07-16 19:55:16,180 - DEBUG - Loaded collision time for BConcave+DConvex+4100 at IoU 0.55: nan
2025-07-16 19:55:16,181 - DEBUG - Loaded collision time for BConcave+DConvex+4100 at IoU 0.6: nan
2025-07-16 19:55:16,182 - DEBUG - Loaded collision time for BConcave+DConvex+4100 at IoU 0.65: nan
2025-07-16 19:55:16,182 - DEBUG - Loaded collision time for BConcave+DConvex+4100 at IoU 0.7: nan
2025-07-16 19:55:16,182 - DEBUG - Loaded collision time for BConcave+DConvex+4100 at IoU 0.75: nan
2025-07-16 19:55:16,183 - DEBUG - Loaded collision time for BConcave+DConvex+4100 at IoU 0.8: nan
2025-07-16 19:55:16,183 - DEBUG - Loaded collision time for BConcave+DConvex+4100 at IoU 0.85: nan
2025-07-16 19:55:16,183 - DEBUG - Loaded collision time for BConcave+DConvex+4100 at IoU 0.9: nan
2025-07-16 19:55:16,184 - DEBUG - Loaded collision time for BConcave+DConvex+4100 at IoU 0.95: nan
2025-07-16 19:55:16,184 - INFO - Processing video: BConcave+DConvex+4300_flipped
2025-07-16 19:55:16,184 - INFO - Video BConcave+DConvex+4300_flipped already processed (found segformer_model-BConcave+DConvex+4300_flipped.mp4), skipping video processing...
2025-07-16 19:55:16,192 - INFO - VanillaSegmentationSaver initialized with output dir: /home/projects/bagon/andreyg/Projects/Object_reps_neural/Programming/hugging_face/model_experiments/segformer/exp2TTC/processed_videos/segformer_model-BConcave+DConvex+4300_flipped/org_segmentation
2025-07-16 19:55:16,195 - INFO - All collision results already exist for BConcave+DConvex+4300_flipped
2025-07-16 19:55:16,196 - DEBUG - Loaded collision time for BConcave+DConvex+4300_flipped at IoU 0.05: 4716.666666666667
2025-07-16 19:55:16,196 - DEBUG - Loaded collision time for BConcave+DConvex+4300_flipped at IoU 0.1: 4850.0
2025-07-16 19:55:16,197 - DEBUG - Loaded collision time for BConcave+DConvex+4300_flipped at IoU 0.15: 4916.666666666667
2025-07-16 19:55:16,197 - DEBUG - Loaded collision time for BConcave+DConvex+4300_flipped at IoU 0.2: 5016.666666666667
2025-07-16 19:55:16,197 - DEBUG - Loaded collision time for BConcave+DConvex+4300_flipped at IoU 0.25: 5283.333333333333
2025-07-16 19:55:16,198 - DEBUG - Loaded collision time for BConcave+DConvex+4300_flipped at IoU 0.3: 5433.333333333334
2025-07-16 19:55:16,198 - DEBUG - Loaded collision time for BConcave+DConvex+4300_flipped at IoU 0.35: nan
2025-07-16 19:55:16,199 - DEBUG - Loaded collision time for BConcave+DConvex+4300_flipped at IoU 0.4: nan
2025-07-16 19:55:16,199 - DEBUG - Loaded collision time for BConcave+DConvex+4300_flipped at IoU 0.45: nan
2025-07-16 19:55:16,199 - DEBUG - Loaded collision time for BConcave+DConvex+4300_flipped at IoU 0.5: nan
2025-07-16 19:55:16,200 - DEBUG - Loaded collision time for BConcave+DConvex+4300_flipped at IoU 0.55: nan
2025-07-16 19:55:16,200 - DEBUG - Loaded collision time for BConcave+DConvex+4300_flipped at IoU 0.6: nan
2025-07-16 19:55:16,201 - DEBUG - Loaded collision time for BConcave+DConvex+4300_flipped at IoU 0.65: nan
2025-07-16 19:55:16,201 - DEBUG - Loaded collision time for BConcave+DConvex+4300_flipped at IoU 0.7: nan
2025-07-16 19:55:16,201 - DEBUG - Loaded collision time for BConcave+DConvex+4300_flipped at IoU 0.75: nan
2025-07-16 19:55:16,202 - DEBUG - Loaded collision time for BConcave+DConvex+4300_flipped at IoU 0.8: nan
2025-07-16 19:55:16,202 - DEBUG - Loaded collision time for BConcave+DConvex+4300_flipped at IoU 0.85: nan
2025-07-16 19:55:16,202 - DEBUG - Loaded collision time for BConcave+DConvex+4300_flipped at IoU 0.9: nan
2025-07-16 19:55:16,203 - DEBUG - Loaded collision time for BConcave+DConvex+4300_flipped at IoU 0.95: nan
2025-07-16 19:55:16,203 - INFO - Processing video: BConcave+DConvex+4500
2025-07-16 19:55:16,203 - INFO - Video BConcave+DConvex+4500 already processed (found segformer_model-BConcave+DConvex+4500.mp4), skipping video processing...
2025-07-16 19:55:16,210 - INFO - VanillaSegmentationSaver initialized with output dir: /home/projects/bagon/andreyg/Projects/Object_reps_neural/Programming/hugging_face/model_experiments/segformer/exp2TTC/processed_videos/segformer_model-BConcave+DConvex+4500/org_segmentation
2025-07-16 19:55:16,213 - INFO - All collision results already exist for BConcave+DConvex+4500
2025-07-16 19:55:16,214 - DEBUG - Loaded collision time for BConcave+DConvex+4500 at IoU 0.05: 5083.333333333333
2025-07-16 19:55:16,214 - DEBUG - Loaded collision time for BConcave+DConvex+4500 at IoU 0.1: 5166.666666666667
2025-07-16 19:55:16,214 - DEBUG - Loaded collision time for BConcave+DConvex+4500 at IoU 0.15: 5266.666666666667
2025-07-16 19:55:16,215 - DEBUG - Loaded collision time for BConcave+DConvex+4500 at IoU 0.2: nan
2025-07-16 19:55:16,215 - DEBUG - Loaded collision time for BConcave+DConvex+4500 at IoU 0.25: nan
2025-07-16 19:55:16,216 - DEBUG - Loaded collision time for BConcave+DConvex+4500 at IoU 0.3: nan
2025-07-16 19:55:16,216 - DEBUG - Loaded collision time for BConcave+DConvex+4500 at IoU 0.35: nan
2025-07-16 19:55:16,216 - DEBUG - Loaded collision time for BConcave+DConvex+4500 at IoU 0.4: nan
2025-07-16 19:55:16,217 - DEBUG - Loaded collision time for BConcave+DConvex+4500 at IoU 0.45: nan
2025-07-16 19:55:16,217 - DEBUG - Loaded collision time for BConcave+DConvex+4500 at IoU 0.5: nan
2025-07-16 19:55:16,218 - DEBUG - Loaded collision time for BConcave+DConvex+4500 at IoU 0.55: nan
2025-07-16 19:55:16,218 - DEBUG - Loaded collision time for BConcave+DConvex+4500 at IoU 0.6: nan
2025-07-16 19:55:16,219 - DEBUG - Loaded collision time for BConcave+DConvex+4500 at IoU 0.65: nan
2025-07-16 19:55:16,219 - DEBUG - Loaded collision time for BConcave+DConvex+4500 at IoU 0.7: nan
2025-07-16 19:55:16,219 - DEBUG - Loaded collision time for BConcave+DConvex+4500 at IoU 0.75: nan
2025-07-16 19:55:16,220 - DEBUG - Loaded collision time for BConcave+DConvex+4500 at IoU 0.8: nan
2025-07-16 19:55:16,220 - DEBUG - Loaded collision time for BConcave+DConvex+4500 at IoU 0.85: nan
2025-07-16 19:55:16,221 - DEBUG - Loaded collision time for BConcave+DConvex+4500 at IoU 0.9: nan
2025-07-16 19:55:16,221 - DEBUG - Loaded collision time for BConcave+DConvex+4500 at IoU 0.95: nan
2025-07-16 19:55:16,221 - INFO - Processing video: BConcave+EConcave+3500_flipped
2025-07-16 19:55:16,222 - INFO - Video BConcave+EConcave+3500_flipped already processed (found segformer_model-BConcave+EConcave+3500_flipped.mp4), skipping video processing...
2025-07-16 19:55:16,228 - INFO - VanillaSegmentationSaver initialized with output dir: /home/projects/bagon/andreyg/Projects/Object_reps_neural/Programming/hugging_face/model_experiments/segformer/exp2TTC/processed_videos/segformer_model-BConcave+EConcave+3500_flipped/org_segmentation
2025-07-16 19:55:16,232 - INFO - All collision results already exist for BConcave+EConcave+3500_flipped
2025-07-16 19:55:16,233 - DEBUG - Loaded collision time for BConcave+EConcave+3500_flipped at IoU 0.05: 3700.0
2025-07-16 19:55:16,233 - DEBUG - Loaded collision time for BConcave+EConcave+3500_flipped at IoU 0.1: 3850.0
2025-07-16 19:55:16,234 - DEBUG - Loaded collision time for BConcave+EConcave+3500_flipped at IoU 0.15: 4000.0
2025-07-16 19:55:16,234 - DEBUG - Loaded collision time for BConcave+EConcave+3500_flipped at IoU 0.2: nan
2025-07-16 19:55:16,235 - DEBUG - Loaded collision time for BConcave+EConcave+3500_flipped at IoU 0.25: nan
2025-07-16 19:55:16,235 - DEBUG - Loaded collision time for BConcave+EConcave+3500_flipped at IoU 0.3: nan
2025-07-16 19:55:16,236 - DEBUG - Loaded collision time for BConcave+EConcave+3500_flipped at IoU 0.35: nan
2025-07-16 19:55:16,236 - DEBUG - Loaded collision time for BConcave+EConcave+3500_flipped at IoU 0.4: nan
2025-07-16 19:55:16,237 - DEBUG - Loaded collision time for BConcave+EConcave+3500_flipped at IoU 0.45: nan
2025-07-16 19:55:16,237 - DEBUG - Loaded collision time for BConcave+EConcave+3500_flipped at IoU 0.5: nan
2025-07-16 19:55:16,238 - DEBUG - Loaded collision time for BConcave+EConcave+3500_flipped at IoU 0.55: nan
2025-07-16 19:55:16,238 - DEBUG - Loaded collision time for BConcave+EConcave+3500_flipped at IoU 0.6: nan
2025-07-16 19:55:16,239 - DEBUG - Loaded collision time for BConcave+EConcave+3500_flipped at IoU 0.65: nan
2025-07-16 19:55:16,239 - DEBUG - Loaded collision time for BConcave+EConcave+3500_flipped at IoU 0.7: nan
2025-07-16 19:55:16,240 - DEBUG - Loaded collision time for BConcave+EConcave+3500_flipped at IoU 0.75: nan
2025-07-16 19:55:16,241 - DEBUG - Loaded collision time for BConcave+EConcave+3500_flipped at IoU 0.8: nan
2025-07-16 19:55:16,241 - DEBUG - Loaded collision time for BConcave+EConcave+3500_flipped at IoU 0.85: nan
2025-07-16 19:55:16,241 - DEBUG - Loaded collision time for BConcave+EConcave+3500_flipped at IoU 0.9: nan
2025-07-16 19:55:16,242 - DEBUG - Loaded collision time for BConcave+EConcave+3500_flipped at IoU 0.95: nan
2025-07-16 19:55:16,242 - INFO - Processing video: BConcave+EConcave+3700
2025-07-16 19:55:16,243 - INFO - Video BConcave+EConcave+3700 already processed (found segformer_model-BConcave+EConcave+3700.mp4), skipping video processing...
2025-07-16 19:55:16,249 - INFO - VanillaSegmentationSaver initialized with output dir: /home/projects/bagon/andreyg/Projects/Object_reps_neural/Programming/hugging_face/model_experiments/segformer/exp2TTC/processed_videos/segformer_model-BConcave+EConcave+3700/org_segmentation
2025-07-16 19:55:16,253 - INFO - All collision results already exist for BConcave+EConcave+3700
2025-07-16 19:55:16,253 - DEBUG - Loaded collision time for BConcave+EConcave+3700 at IoU 0.05: 3900.0
2025-07-16 19:55:16,254 - DEBUG - Loaded collision time for BConcave+EConcave+3700 at IoU 0.1: 4033.333333333333
2025-07-16 19:55:16,254 - DEBUG - Loaded collision time for BConcave+EConcave+3700 at IoU 0.15: 4283.333333333333
2025-07-16 19:55:16,254 - DEBUG - Loaded collision time for BConcave+EConcave+3700 at IoU 0.2: nan
2025-07-16 19:55:16,255 - DEBUG - Loaded collision time for BConcave+EConcave+3700 at IoU 0.25: nan
2025-07-16 19:55:16,255 - DEBUG - Loaded collision time for BConcave+EConcave+3700 at IoU 0.3: nan
2025-07-16 19:55:16,256 - DEBUG - Loaded collision time for BConcave+EConcave+3700 at IoU 0.35: nan
2025-07-16 19:55:16,256 - DEBUG - Loaded collision time for BConcave+EConcave+3700 at IoU 0.4: nan
2025-07-16 19:55:16,256 - DEBUG - Loaded collision time for BConcave+EConcave+3700 at IoU 0.45: nan
2025-07-16 19:55:16,257 - DEBUG - Loaded collision time for BConcave+EConcave+3700 at IoU 0.5: nan
2025-07-16 19:55:16,257 - DEBUG - Loaded collision time for BConcave+EConcave+3700 at IoU 0.55: nan
2025-07-16 19:55:16,258 - DEBUG - Loaded collision time for BConcave+EConcave+3700 at IoU 0.6: nan
2025-07-16 19:55:16,258 - DEBUG - Loaded collision time for BConcave+EConcave+3700 at IoU 0.65: nan
2025-07-16 19:55:16,259 - DEBUG - Loaded collision time for BConcave+EConcave+3700 at IoU 0.7: nan
2025-07-16 19:55:16,259 - DEBUG - Loaded collision time for BConcave+EConcave+3700 at IoU 0.75: nan
2025-07-16 19:55:16,259 - DEBUG - Loaded collision time for BConcave+EConcave+3700 at IoU 0.8: nan
2025-07-16 19:55:16,260 - DEBUG - Loaded collision time for BConcave+EConcave+3700 at IoU 0.85: nan
2025-07-16 19:55:16,260 - DEBUG - Loaded collision time for BConcave+EConcave+3700 at IoU 0.9: nan
2025-07-16 19:55:16,261 - DEBUG - Loaded collision time for BConcave+EConcave+3700 at IoU 0.95: nan
2025-07-16 19:55:16,261 - INFO - Processing video: BConcave+EConcave+3900_flipped
2025-07-16 19:55:16,262 - INFO - Video BConcave+EConcave+3900_flipped already processed (found segformer_model-BConcave+EConcave+3900_flipped.mp4), skipping video processing...
2025-07-16 19:55:16,271 - INFO - VanillaSegmentationSaver initialized with output dir: /home/projects/bagon/andreyg/Projects/Object_reps_neural/Programming/hugging_face/model_experiments/segformer/exp2TTC/processed_videos/segformer_model-BConcave+EConcave+3900_flipped/org_segmentation
2025-07-16 19:55:16,276 - INFO - All collision results already exist for BConcave+EConcave+3900_flipped
2025-07-16 19:55:16,276 - DEBUG - Loaded collision time for BConcave+EConcave+3900_flipped at IoU 0.05: 4066.6666666666665
2025-07-16 19:55:16,277 - DEBUG - Loaded collision time for BConcave+EConcave+3900_flipped at IoU 0.1: 4116.666666666666
2025-07-16 19:55:16,277 - DEBUG - Loaded collision time for BConcave+EConcave+3900_flipped at IoU 0.15: 4283.333333333333
2025-07-16 19:55:16,277 - DEBUG - Loaded collision time for BConcave+EConcave+3900_flipped at IoU 0.2: 4383.333333333334
2025-07-16 19:55:16,278 - DEBUG - Loaded collision time for BConcave+EConcave+3900_flipped at IoU 0.25: nan
2025-07-16 19:55:16,278 - DEBUG - Loaded collision time for BConcave+EConcave+3900_flipped at IoU 0.3: nan
2025-07-16 19:55:16,279 - DEBUG - Loaded collision time for BConcave+EConcave+3900_flipped at IoU 0.35: nan
2025-07-16 19:55:16,279 - DEBUG - Loaded collision time for BConcave+EConcave+3900_flipped at IoU 0.4: nan
2025-07-16 19:55:16,279 - DEBUG - Loaded collision time for BConcave+EConcave+3900_flipped at IoU 0.45: nan
2025-07-16 19:55:16,280 - DEBUG - Loaded collision time for BConcave+EConcave+3900_flipped at IoU 0.5: nan
2025-07-16 19:55:16,280 - DEBUG - Loaded collision time for BConcave+EConcave+3900_flipped at IoU 0.55: nan
2025-07-16 19:55:16,281 - DEBUG - Loaded collision time for BConcave+EConcave+3900_flipped at IoU 0.6: nan
2025-07-16 19:55:16,281 - DEBUG - Loaded collision time for BConcave+EConcave+3900_flipped at IoU 0.65: nan
2025-07-16 19:55:16,282 - DEBUG - Loaded collision time for BConcave+EConcave+3900_flipped at IoU 0.7: nan
2025-07-16 19:55:16,282 - DEBUG - Loaded collision time for BConcave+EConcave+3900_flipped at IoU 0.75: nan
2025-07-16 19:55:16,282 - DEBUG - Loaded collision time for BConcave+EConcave+3900_flipped at IoU 0.8: nan
2025-07-16 19:55:16,283 - DEBUG - Loaded collision time for BConcave+EConcave+3900_flipped at IoU 0.85: nan
2025-07-16 19:55:16,283 - DEBUG - Loaded collision time for BConcave+EConcave+3900_flipped at IoU 0.9: nan
2025-07-16 19:55:16,284 - DEBUG - Loaded collision time for BConcave+EConcave+3900_flipped at IoU 0.95: nan
2025-07-16 19:55:16,284 - INFO - Processing video: BConcave+EConcave+4100
2025-07-16 19:55:16,285 - INFO - Video BConcave+EConcave+4100 already processed (found segformer_model-BConcave+EConcave+4100.mp4), skipping video processing...
2025-07-16 19:55:16,292 - INFO - VanillaSegmentationSaver initialized with output dir: /home/projects/bagon/andreyg/Projects/Object_reps_neural/Programming/hugging_face/model_experiments/segformer/exp2TTC/processed_videos/segformer_model-BConcave+EConcave+4100/org_segmentation
2025-07-16 19:55:16,296 - INFO - All collision results already exist for BConcave+EConcave+4100
2025-07-16 19:55:16,296 - DEBUG - Loaded collision time for BConcave+EConcave+4100 at IoU 0.05: 4300.0
2025-07-16 19:55:16,297 - DEBUG - Loaded collision time for BConcave+EConcave+4100 at IoU 0.1: 4416.666666666667
2025-07-16 19:55:16,297 - DEBUG - Loaded collision time for BConcave+EConcave+4100 at IoU 0.15: 4566.666666666666
2025-07-16 19:55:16,298 - DEBUG - Loaded collision time for BConcave+EConcave+4100 at IoU 0.2: nan
2025-07-16 19:55:16,298 - DEBUG - Loaded collision time for BConcave+EConcave+4100 at IoU 0.25: nan
2025-07-16 19:55:16,298 - DEBUG - Loaded collision time for BConcave+EConcave+4100 at IoU 0.3: nan
2025-07-16 19:55:16,299 - DEBUG - Loaded collision time for BConcave+EConcave+4100 at IoU 0.35: nan
2025-07-16 19:55:16,299 - DEBUG - Loaded collision time for BConcave+EConcave+4100 at IoU 0.4: nan
2025-07-16 19:55:16,300 - DEBUG - Loaded collision time for BConcave+EConcave+4100 at IoU 0.45: nan
2025-07-16 19:55:16,300 - DEBUG - Loaded collision time for BConcave+EConcave+4100 at IoU 0.5: nan
2025-07-16 19:55:16,301 - DEBUG - Loaded collision time for BConcave+EConcave+4100 at IoU 0.55: nan
2025-07-16 19:55:16,301 - DEBUG - Loaded collision time for BConcave+EConcave+4100 at IoU 0.6: nan
2025-07-16 19:55:16,301 - DEBUG - Loaded collision time for BConcave+EConcave+4100 at IoU 0.65: nan
2025-07-16 19:55:16,302 - DEBUG - Loaded collision time for BConcave+EConcave+4100 at IoU 0.7: nan
2025-07-16 19:55:16,302 - DEBUG - Loaded collision time for BConcave+EConcave+4100 at IoU 0.75: nan
2025-07-16 19:55:16,303 - DEBUG - Loaded collision time for BConcave+EConcave+4100 at IoU 0.8: nan
2025-07-16 19:55:16,303 - DEBUG - Loaded collision time for BConcave+EConcave+4100 at IoU 0.85: nan
2025-07-16 19:55:16,304 - DEBUG - Loaded collision time for BConcave+EConcave+4100 at IoU 0.9: nan
2025-07-16 19:55:16,304 - DEBUG - Loaded collision time for BConcave+EConcave+4100 at IoU 0.95: nan
2025-07-16 19:55:16,304 - INFO - Processing video: BConcave+EConcave+4300_flipped
2025-07-16 19:55:16,305 - INFO - Video BConcave+EConcave+4300_flipped already processed (found segformer_model-BConcave+EConcave+4300_flipped.mp4), skipping video processing...
2025-07-16 19:55:16,313 - INFO - VanillaSegmentationSaver initialized with output dir: /home/projects/bagon/andreyg/Projects/Object_reps_neural/Programming/hugging_face/model_experiments/segformer/exp2TTC/processed_videos/segformer_model-BConcave+EConcave+4300_flipped/org_segmentation
2025-07-16 19:55:16,318 - INFO - All collision results already exist for BConcave+EConcave+4300_flipped
2025-07-16 19:55:16,319 - DEBUG - Loaded collision time for BConcave+EConcave+4300_flipped at IoU 0.05: 4500.0
2025-07-16 19:55:16,319 - DEBUG - Loaded collision time for BConcave+EConcave+4300_flipped at IoU 0.1: 4633.333333333334
2025-07-16 19:55:16,320 - DEBUG - Loaded collision time for BConcave+EConcave+4300_flipped at IoU 0.15: nan
2025-07-16 19:55:16,320 - DEBUG - Loaded collision time for BConcave+EConcave+4300_flipped at IoU 0.2: nan
2025-07-16 19:55:16,321 - DEBUG - Loaded collision time for BConcave+EConcave+4300_flipped at IoU 0.25: nan
2025-07-16 19:55:16,321 - DEBUG - Loaded collision time for BConcave+EConcave+4300_flipped at IoU 0.3: nan
2025-07-16 19:55:16,322 - DEBUG - Loaded collision time for BConcave+EConcave+4300_flipped at IoU 0.35: nan
2025-07-16 19:55:16,322 - DEBUG - Loaded collision time for BConcave+EConcave+4300_flipped at IoU 0.4: nan
2025-07-16 19:55:16,323 - DEBUG - Loaded collision time for BConcave+EConcave+4300_flipped at IoU 0.45: nan
2025-07-16 19:55:16,323 - DEBUG - Loaded collision time for BConcave+EConcave+4300_flipped at IoU 0.5: nan
2025-07-16 19:55:16,324 - DEBUG - Loaded collision time for BConcave+EConcave+4300_flipped at IoU 0.55: nan
2025-07-16 19:55:16,324 - DEBUG - Loaded collision time for BConcave+EConcave+4300_flipped at IoU 0.6: nan
2025-07-16 19:55:16,324 - DEBUG - Loaded collision time for BConcave+EConcave+4300_flipped at IoU 0.65: nan
2025-07-16 19:55:16,325 - DEBUG - Loaded collision time for BConcave+EConcave+4300_flipped at IoU 0.7: nan
2025-07-16 19:55:16,325 - DEBUG - Loaded collision time for BConcave+EConcave+4300_flipped at IoU 0.75: nan
2025-07-16 19:55:16,326 - DEBUG - Loaded collision time for BConcave+EConcave+4300_flipped at IoU 0.8: nan
2025-07-16 19:55:16,326 - DEBUG - Loaded collision time for BConcave+EConcave+4300_flipped at IoU 0.85: nan
2025-07-16 19:55:16,327 - DEBUG - Loaded collision time for BConcave+EConcave+4300_flipped at IoU 0.9: nan
2025-07-16 19:55:16,327 - DEBUG - Loaded collision time for BConcave+EConcave+4300_flipped at IoU 0.95: nan
2025-07-16 19:55:16,327 - INFO - Processing video: BConcave+EConcave+4500
2025-07-16 19:55:16,328 - INFO - Video BConcave+EConcave+4500 already processed (found segformer_model-BConcave+EConcave+4500.mp4), skipping video processing...
2025-07-16 19:55:16,337 - INFO - VanillaSegmentationSaver initialized with output dir: /home/projects/bagon/andreyg/Projects/Object_reps_neural/Programming/hugging_face/model_experiments/segformer/exp2TTC/processed_videos/segformer_model-BConcave+EConcave+4500/org_segmentation
2025-07-16 19:55:16,341 - INFO - All collision results already exist for BConcave+EConcave+4500
2025-07-16 19:55:16,342 - DEBUG - Loaded collision time for BConcave+EConcave+4500 at IoU 0.05: 3966.666666666667
2025-07-16 19:55:16,342 - DEBUG - Loaded collision time for BConcave+EConcave+4500 at IoU 0.1: 4150.0
2025-07-16 19:55:16,343 - DEBUG - Loaded collision time for BConcave+EConcave+4500 at IoU 0.15: 4283.333333333333
2025-07-16 19:55:16,343 - DEBUG - Loaded collision time for BConcave+EConcave+4500 at IoU 0.2: 4416.666666666667
2025-07-16 19:55:16,344 - DEBUG - Loaded collision time for BConcave+EConcave+4500 at IoU 0.25: 4533.333333333333
2025-07-16 19:55:16,344 - DEBUG - Loaded collision time for BConcave+EConcave+4500 at IoU 0.3: 4650.0
2025-07-16 19:55:16,344 - DEBUG - Loaded collision time for BConcave+EConcave+4500 at IoU 0.35: 4750.0
2025-07-16 19:55:16,345 - DEBUG - Loaded collision time for BConcave+EConcave+4500 at IoU 0.4: nan
2025-07-16 19:55:16,345 - DEBUG - Loaded collision time for BConcave+EConcave+4500 at IoU 0.45: nan
2025-07-16 19:55:16,346 - DEBUG - Loaded collision time for BConcave+EConcave+4500 at IoU 0.5: nan
2025-07-16 19:55:16,347 - DEBUG - Loaded collision time for BConcave+EConcave+4500 at IoU 0.55: nan
2025-07-16 19:55:16,347 - DEBUG - Loaded collision time for BConcave+EConcave+4500 at IoU 0.6: nan
2025-07-16 19:55:16,348 - DEBUG - Loaded collision time for BConcave+EConcave+4500 at IoU 0.65: nan
2025-07-16 19:55:16,348 - DEBUG - Loaded collision time for BConcave+EConcave+4500 at IoU 0.7: nan
2025-07-16 19:55:16,348 - DEBUG - Loaded collision time for BConcave+EConcave+4500 at IoU 0.75: nan
2025-07-16 19:55:16,349 - DEBUG - Loaded collision time for BConcave+EConcave+4500 at IoU 0.8: nan
2025-07-16 19:55:16,350 - DEBUG - Loaded collision time for BConcave+EConcave+4500 at IoU 0.85: nan
2025-07-16 19:55:16,350 - DEBUG - Loaded collision time for BConcave+EConcave+4500 at IoU 0.9: nan
2025-07-16 19:55:16,351 - DEBUG - Loaded collision time for BConcave+EConcave+4500 at IoU 0.95: nan
2025-07-16 19:55:16,351 - INFO - Processing video: BConcave+EConvex+3500
2025-07-16 19:55:16,351 - INFO - Video BConcave+EConvex+3500 already processed (found segformer_model-BConcave+EConvex+3500.mp4), skipping video processing...
2025-07-16 19:55:16,360 - INFO - VanillaSegmentationSaver initialized with output dir: /home/projects/bagon/andreyg/Projects/Object_reps_neural/Programming/hugging_face/model_experiments/segformer/exp2TTC/processed_videos/segformer_model-BConcave+EConvex+3500/org_segmentation
2025-07-16 19:55:16,365 - INFO - All collision results already exist for BConcave+EConvex+3500
2025-07-16 19:55:16,365 - DEBUG - Loaded collision time for BConcave+EConvex+3500 at IoU 0.05: 3733.3333333333335
2025-07-16 19:55:16,366 - DEBUG - Loaded collision time for BConcave+EConvex+3500 at IoU 0.1: 3850.0
2025-07-16 19:55:16,367 - DEBUG - Loaded collision time for BConcave+EConvex+3500 at IoU 0.15: 3950.0
2025-07-16 19:55:16,367 - DEBUG - Loaded collision time for BConcave+EConvex+3500 at IoU 0.2: 4066.6666666666665
2025-07-16 19:55:16,368 - DEBUG - Loaded collision time for BConcave+EConvex+3500 at IoU 0.25: 4233.333333333333
2025-07-16 19:55:16,368 - DEBUG - Loaded collision time for BConcave+EConvex+3500 at IoU 0.3: nan
2025-07-16 19:55:16,369 - DEBUG - Loaded collision time for BConcave+EConvex+3500 at IoU 0.35: nan
2025-07-16 19:55:16,369 - DEBUG - Loaded collision time for BConcave+EConvex+3500 at IoU 0.4: nan
2025-07-16 19:55:16,369 - DEBUG - Loaded collision time for BConcave+EConvex+3500 at IoU 0.45: nan
2025-07-16 19:55:16,370 - DEBUG - Loaded collision time for BConcave+EConvex+3500 at IoU 0.5: nan
2025-07-16 19:55:16,370 - DEBUG - Loaded collision time for BConcave+EConvex+3500 at IoU 0.55: nan
2025-07-16 19:55:16,371 - DEBUG - Loaded collision time for BConcave+EConvex+3500 at IoU 0.6: nan
2025-07-16 19:55:16,371 - DEBUG - Loaded collision time for BConcave+EConvex+3500 at IoU 0.65: nan
2025-07-16 19:55:16,372 - DEBUG - Loaded collision time for BConcave+EConvex+3500 at IoU 0.7: nan
2025-07-16 19:55:16,372 - DEBUG - Loaded collision time for BConcave+EConvex+3500 at IoU 0.75: nan
2025-07-16 19:55:16,373 - DEBUG - Loaded collision time for BConcave+EConvex+3500 at IoU 0.8: nan
2025-07-16 19:55:16,373 - DEBUG - Loaded collision time for BConcave+EConvex+3500 at IoU 0.85: nan
2025-07-16 19:55:16,373 - DEBUG - Loaded collision time for BConcave+EConvex+3500 at IoU 0.9: nan
2025-07-16 19:55:16,374 - DEBUG - Loaded collision time for BConcave+EConvex+3500 at IoU 0.95: nan
2025-07-16 19:55:16,374 - INFO - Processing video: BConcave+EConvex+3700_flipped
2025-07-16 19:55:16,375 - INFO - Video BConcave+EConvex+3700_flipped already processed (found segformer_model-BConcave+EConvex+3700_flipped.mp4), skipping video processing...
2025-07-16 19:55:16,383 - INFO - VanillaSegmentationSaver initialized with output dir: /home/projects/bagon/andreyg/Projects/Object_reps_neural/Programming/hugging_face/model_experiments/segformer/exp2TTC/processed_videos/segformer_model-BConcave+EConvex+3700_flipped/org_segmentation
2025-07-16 19:55:16,388 - INFO - All collision results already exist for BConcave+EConvex+3700_flipped
2025-07-16 19:55:16,389 - DEBUG - Loaded collision time for BConcave+EConvex+3700_flipped at IoU 0.05: 3966.666666666667
2025-07-16 19:55:16,390 - DEBUG - Loaded collision time for BConcave+EConvex+3700_flipped at IoU 0.1: 4066.6666666666665
2025-07-16 19:55:16,390 - DEBUG - Loaded collision time for BConcave+EConvex+3700_flipped at IoU 0.15: 4150.0
2025-07-16 19:55:16,390 - DEBUG - Loaded collision time for BConcave+EConvex+3700_flipped at IoU 0.2: 4266.666666666667
2025-07-16 19:55:16,391 - DEBUG - Loaded collision time for BConcave+EConvex+3700_flipped at IoU 0.25: 4383.333333333334
2025-07-16 19:55:16,391 - DEBUG - Loaded collision time for BConcave+EConvex+3700_flipped at IoU 0.3: nan
2025-07-16 19:55:16,392 - DEBUG - Loaded collision time for BConcave+EConvex+3700_flipped at IoU 0.35: nan
2025-07-16 19:55:16,392 - DEBUG - Loaded collision time for BConcave+EConvex+3700_flipped at IoU 0.4: nan
2025-07-16 19:55:16,392 - DEBUG - Loaded collision time for BConcave+EConvex+3700_flipped at IoU 0.45: nan
2025-07-16 19:55:16,393 - DEBUG - Loaded collision time for BConcave+EConvex+3700_flipped at IoU 0.5: nan
2025-07-16 19:55:16,394 - DEBUG - Loaded collision time for BConcave+EConvex+3700_flipped at IoU 0.55: nan
2025-07-16 19:55:16,394 - DEBUG - Loaded collision time for BConcave+EConvex+3700_flipped at IoU 0.6: nan
2025-07-16 19:55:16,394 - DEBUG - Loaded collision time for BConcave+EConvex+3700_flipped at IoU 0.65: nan
2025-07-16 19:55:16,395 - DEBUG - Loaded collision time for BConcave+EConvex+3700_flipped at IoU 0.7: nan
2025-07-16 19:55:16,395 - DEBUG - Loaded collision time for BConcave+EConvex+3700_flipped at IoU 0.75: nan
2025-07-16 19:55:16,395 - DEBUG - Loaded collision time for BConcave+EConvex+3700_flipped at IoU 0.8: nan
2025-07-16 19:55:16,396 - DEBUG - Loaded collision time for BConcave+EConvex+3700_flipped at IoU 0.85: nan
2025-07-16 19:55:16,396 - DEBUG - Loaded collision time for BConcave+EConvex+3700_flipped at IoU 0.9: nan
2025-07-16 19:55:16,396 - DEBUG - Loaded collision time for BConcave+EConvex+3700_flipped at IoU 0.95: nan
2025-07-16 19:55:16,397 - INFO - Processing video: BConcave+EConvex+3900
2025-07-16 19:55:16,397 - INFO - Video BConcave+EConvex+3900 already processed (found segformer_model-BConcave+EConvex+3900.mp4), skipping video processing...
2025-07-16 19:55:16,405 - INFO - VanillaSegmentationSaver initialized with output dir: /home/projects/bagon/andreyg/Projects/Object_reps_neural/Programming/hugging_face/model_experiments/segformer/exp2TTC/processed_videos/segformer_model-BConcave+EConvex+3900/org_segmentation
2025-07-16 19:55:16,409 - INFO - All collision results already exist for BConcave+EConvex+3900
2025-07-16 19:55:16,409 - DEBUG - Loaded collision time for BConcave+EConvex+3900 at IoU 0.05: 4150.0
2025-07-16 19:55:16,410 - DEBUG - Loaded collision time for BConcave+EConvex+3900 at IoU 0.1: 4250.0
2025-07-16 19:55:16,410 - DEBUG - Loaded collision time for BConcave+EConvex+3900 at IoU 0.15: 4366.666666666666
2025-07-16 19:55:16,411 - DEBUG - Loaded collision time for BConcave+EConvex+3900 at IoU 0.2: 4466.666666666667
2025-07-16 19:55:16,411 - DEBUG - Loaded collision time for BConcave+EConvex+3900 at IoU 0.25: 4633.333333333334
2025-07-16 19:55:16,412 - DEBUG - Loaded collision time for BConcave+EConvex+3900 at IoU 0.3: nan
2025-07-16 19:55:16,412 - DEBUG - Loaded collision time for BConcave+EConvex+3900 at IoU 0.35: nan
2025-07-16 19:55:16,412 - DEBUG - Loaded collision time for BConcave+EConvex+3900 at IoU 0.4: nan
2025-07-16 19:55:16,413 - DEBUG - Loaded collision time for BConcave+EConvex+3900 at IoU 0.45: nan
2025-07-16 19:55:16,413 - DEBUG - Loaded collision time for BConcave+EConvex+3900 at IoU 0.5: nan
2025-07-16 19:55:16,414 - DEBUG - Loaded collision time for BConcave+EConvex+3900 at IoU 0.55: nan
2025-07-16 19:55:16,414 - DEBUG - Loaded collision time for BConcave+EConvex+3900 at IoU 0.6: nan
2025-07-16 19:55:16,414 - DEBUG - Loaded collision time for BConcave+EConvex+3900 at IoU 0.65: nan
2025-07-16 19:55:16,415 - DEBUG - Loaded collision time for BConcave+EConvex+3900 at IoU 0.7: nan
2025-07-16 19:55:16,415 - DEBUG - Loaded collision time for BConcave+EConvex+3900 at IoU 0.75: nan
2025-07-16 19:55:16,416 - DEBUG - Loaded collision time for BConcave+EConvex+3900 at IoU 0.8: nan
2025-07-16 19:55:16,416 - DEBUG - Loaded collision time for BConcave+EConvex+3900 at IoU 0.85: nan
2025-07-16 19:55:16,417 - DEBUG - Loaded collision time for BConcave+EConvex+3900 at IoU 0.9: nan
2025-07-16 19:55:16,417 - DEBUG - Loaded collision time for BConcave+EConvex+3900 at IoU 0.95: nan
2025-07-16 19:55:16,417 - INFO - Processing video: BConcave+EConvex+4100_flipped
2025-07-16 19:55:16,418 - INFO - Video BConcave+EConvex+4100_flipped already processed (found segformer_model-BConcave+EConvex+4100_flipped.mp4), skipping video processing...
2025-07-16 19:55:16,426 - INFO - VanillaSegmentationSaver initialized with output dir: /home/projects/bagon/andreyg/Projects/Object_reps_neural/Programming/hugging_face/model_experiments/segformer/exp2TTC/processed_videos/segformer_model-BConcave+EConvex+4100_flipped/org_segmentation
2025-07-16 19:55:16,431 - INFO - All collision results already exist for BConcave+EConvex+4100_flipped
2025-07-16 19:55:16,431 - DEBUG - Loaded collision time for BConcave+EConvex+4100_flipped at IoU 0.05: 4350.0
2025-07-16 19:55:16,432 - DEBUG - Loaded collision time for BConcave+EConvex+4100_flipped at IoU 0.1: 4466.666666666667
2025-07-16 19:55:16,432 - DEBUG - Loaded collision time for BConcave+EConvex+4100_flipped at IoU 0.15: 4566.666666666666
2025-07-16 19:55:16,432 - DEBUG - Loaded collision time for BConcave+EConvex+4100_flipped at IoU 0.2: 4650.0
2025-07-16 19:55:16,433 - DEBUG - Loaded collision time for BConcave+EConvex+4100_flipped at IoU 0.25: 4766.666666666667
2025-07-16 19:55:16,434 - DEBUG - Loaded collision time for BConcave+EConvex+4100_flipped at IoU 0.3: 4866.666666666666
2025-07-16 19:55:16,434 - DEBUG - Loaded collision time for BConcave+EConvex+4100_flipped at IoU 0.35: nan
2025-07-16 19:55:16,435 - DEBUG - Loaded collision time for BConcave+EConvex+4100_flipped at IoU 0.4: nan
2025-07-16 19:55:16,435 - DEBUG - Loaded collision time for BConcave+EConvex+4100_flipped at IoU 0.45: nan
2025-07-16 19:55:16,436 - DEBUG - Loaded collision time for BConcave+EConvex+4100_flipped at IoU 0.5: nan
2025-07-16 19:55:16,436 - DEBUG - Loaded collision time for BConcave+EConvex+4100_flipped at IoU 0.55: nan
2025-07-16 19:55:16,437 - DEBUG - Loaded collision time for BConcave+EConvex+4100_flipped at IoU 0.6: nan
2025-07-16 19:55:16,437 - DEBUG - Loaded collision time for BConcave+EConvex+4100_flipped at IoU 0.65: nan
2025-07-16 19:55:16,438 - DEBUG - Loaded collision time for BConcave+EConvex+4100_flipped at IoU 0.7: nan
2025-07-16 19:55:16,439 - DEBUG - Loaded collision time for BConcave+EConvex+4100_flipped at IoU 0.75: nan
2025-07-16 19:55:16,439 - DEBUG - Loaded collision time for BConcave+EConvex+4100_flipped at IoU 0.8: nan
2025-07-16 19:55:16,439 - DEBUG - Loaded collision time for BConcave+EConvex+4100_flipped at IoU 0.85: nan
2025-07-16 19:55:16,440 - DEBUG - Loaded collision time for BConcave+EConvex+4100_flipped at IoU 0.9: nan
2025-07-16 19:55:16,440 - DEBUG - Loaded collision time for BConcave+EConvex+4100_flipped at IoU 0.95: nan
2025-07-16 19:55:16,440 - INFO - Processing video: BConcave+EConvex+4300
2025-07-16 19:55:16,441 - INFO - Video BConcave+EConvex+4300 already processed (found segformer_model-BConcave+EConvex+4300.mp4), skipping video processing...
2025-07-16 19:55:16,448 - INFO - VanillaSegmentationSaver initialized with output dir: /home/projects/bagon/andreyg/Projects/Object_reps_neural/Programming/hugging_face/model_experiments/segformer/exp2TTC/processed_videos/segformer_model-BConcave+EConvex+4300/org_segmentation
2025-07-16 19:55:16,453 - INFO - All collision results already exist for BConcave+EConvex+4300
2025-07-16 19:55:16,454 - DEBUG - Loaded collision time for BConcave+EConvex+4300 at IoU 0.05: 4550.0
2025-07-16 19:55:16,454 - DEBUG - Loaded collision time for BConcave+EConvex+4300 at IoU 0.1: 4683.333333333334
2025-07-16 19:55:16,455 - DEBUG - Loaded collision time for BConcave+EConvex+4300 at IoU 0.15: 4733.333333333333
2025-07-16 19:55:16,455 - DEBUG - Loaded collision time for BConcave+EConvex+4300 at IoU 0.2: 4800.0
2025-07-16 19:55:16,455 - DEBUG - Loaded collision time for BConcave+EConvex+4300 at IoU 0.25: 4916.666666666667
2025-07-16 19:55:16,456 - DEBUG - Loaded collision time for BConcave+EConvex+4300 at IoU 0.3: nan
2025-07-16 19:55:16,456 - DEBUG - Loaded collision time for BConcave+EConvex+4300 at IoU 0.35: nan
2025-07-16 19:55:16,457 - DEBUG - Loaded collision time for BConcave+EConvex+4300 at IoU 0.4: nan
2025-07-16 19:55:16,457 - DEBUG - Loaded collision time for BConcave+EConvex+4300 at IoU 0.45: nan
2025-07-16 19:55:16,458 - DEBUG - Loaded collision time for BConcave+EConvex+4300 at IoU 0.5: nan
2025-07-16 19:55:16,458 - DEBUG - Loaded collision time for BConcave+EConvex+4300 at IoU 0.55: nan
2025-07-16 19:55:16,459 - DEBUG - Loaded collision time for BConcave+EConvex+4300 at IoU 0.6: nan
2025-07-16 19:55:16,459 - DEBUG - Loaded collision time for BConcave+EConvex+4300 at IoU 0.65: nan
2025-07-16 19:55:16,460 - DEBUG - Loaded collision time for BConcave+EConvex+4300 at IoU 0.7: nan
2025-07-16 19:55:16,460 - DEBUG - Loaded collision time for BConcave+EConvex+4300 at IoU 0.75: nan
2025-07-16 19:55:16,460 - DEBUG - Loaded collision time for BConcave+EConvex+4300 at IoU 0.8: nan
2025-07-16 19:55:16,461 - DEBUG - Loaded collision time for BConcave+EConvex+4300 at IoU 0.85: nan
2025-07-16 19:55:16,461 - DEBUG - Loaded collision time for BConcave+EConvex+4300 at IoU 0.9: nan
2025-07-16 19:55:16,462 - DEBUG - Loaded collision time for BConcave+EConvex+4300 at IoU 0.95: nan
2025-07-16 19:55:16,462 - INFO - Processing video: BConcave+EConvex+4500_flipped
2025-07-16 19:55:16,462 - INFO - Video BConcave+EConvex+4500_flipped already processed (found segformer_model-BConcave+EConvex+4500_flipped.mp4), skipping video processing...
2025-07-16 19:55:16,469 - INFO - VanillaSegmentationSaver initialized with output dir: /home/projects/bagon/andreyg/Projects/Object_reps_neural/Programming/hugging_face/model_experiments/segformer/exp2TTC/processed_videos/segformer_model-BConcave+EConvex+4500_flipped/org_segmentation
2025-07-16 19:55:16,473 - INFO - All collision results already exist for BConcave+EConvex+4500_flipped
2025-07-16 19:55:16,473 - DEBUG - Loaded collision time for BConcave+EConvex+4500_flipped at IoU 0.05: 4733.333333333333
2025-07-16 19:55:16,474 - DEBUG - Loaded collision time for BConcave+EConvex+4500_flipped at IoU 0.1: 4833.333333333333
2025-07-16 19:55:16,474 - DEBUG - Loaded collision time for BConcave+EConvex+4500_flipped at IoU 0.15: 4900.0
2025-07-16 19:55:16,474 - DEBUG - Loaded collision time for BConcave+EConvex+4500_flipped at IoU 0.2: 5000.0
2025-07-16 19:55:16,475 - DEBUG - Loaded collision time for BConcave+EConvex+4500_flipped at IoU 0.25: 5050.0
2025-07-16 19:55:16,475 - DEBUG - Loaded collision time for BConcave+EConvex+4500_flipped at IoU 0.3: 5216.666666666667
2025-07-16 19:55:16,476 - DEBUG - Loaded collision time for BConcave+EConvex+4500_flipped at IoU 0.35: nan
2025-07-16 19:55:16,476 - DEBUG - Loaded collision time for BConcave+EConvex+4500_flipped at IoU 0.4: nan
2025-07-16 19:55:16,476 - DEBUG - Loaded collision time for BConcave+EConvex+4500_flipped at IoU 0.45: nan
2025-07-16 19:55:16,477 - DEBUG - Loaded collision time for BConcave+EConvex+4500_flipped at IoU 0.5: nan
2025-07-16 19:55:16,477 - DEBUG - Loaded collision time for BConcave+EConvex+4500_flipped at IoU 0.55: nan
2025-07-16 19:55:16,477 - DEBUG - Loaded collision time for BConcave+EConvex+4500_flipped at IoU 0.6: nan
2025-07-16 19:55:16,478 - DEBUG - Loaded collision time for BConcave+EConvex+4500_flipped at IoU 0.65: nan
2025-07-16 19:55:16,478 - DEBUG - Loaded collision time for BConcave+EConvex+4500_flipped at IoU 0.7: nan
2025-07-16 19:55:16,479 - DEBUG - Loaded collision time for BConcave+EConvex+4500_flipped at IoU 0.75: nan
2025-07-16 19:55:16,479 - DEBUG - Loaded collision time for BConcave+EConvex+4500_flipped at IoU 0.8: nan
2025-07-16 19:55:16,479 - DEBUG - Loaded collision time for BConcave+EConvex+4500_flipped at IoU 0.85: nan
2025-07-16 19:55:16,479 - DEBUG - Loaded collision time for BConcave+EConvex+4500_flipped at IoU 0.9: nan
2025-07-16 19:55:16,480 - DEBUG - Loaded collision time for BConcave+EConvex+4500_flipped at IoU 0.95: nan
2025-07-16 19:55:16,480 - INFO - Processing video: BConcave+FConcave+3500_flipped
2025-07-16 19:55:16,481 - INFO - Video BConcave+FConcave+3500_flipped already processed (found segformer_model-BConcave+FConcave+3500_flipped.mp4), skipping video processing...
2025-07-16 19:55:16,488 - INFO - VanillaSegmentationSaver initialized with output dir: /home/projects/bagon/andreyg/Projects/Object_reps_neural/Programming/hugging_face/model_experiments/segformer/exp2TTC/processed_videos/segformer_model-BConcave+FConcave+3500_flipped/org_segmentation
2025-07-16 19:55:16,494 - INFO - All collision results already exist for BConcave+FConcave+3500_flipped
2025-07-16 19:55:16,494 - DEBUG - Loaded collision time for BConcave+FConcave+3500_flipped at IoU 0.05: 4116.666666666666
2025-07-16 19:55:16,495 - DEBUG - Loaded collision time for BConcave+FConcave+3500_flipped at IoU 0.1: 4333.333333333333
2025-07-16 19:55:16,495 - DEBUG - Loaded collision time for BConcave+FConcave+3500_flipped at IoU 0.15: nan
2025-07-16 19:55:16,495 - DEBUG - Loaded collision time for BConcave+FConcave+3500_flipped at IoU 0.2: nan
2025-07-16 19:55:16,496 - DEBUG - Loaded collision time for BConcave+FConcave+3500_flipped at IoU 0.25: nan
2025-07-16 19:55:16,496 - DEBUG - Loaded collision time for BConcave+FConcave+3500_flipped at IoU 0.3: nan
2025-07-16 19:55:16,496 - DEBUG - Loaded collision time for BConcave+FConcave+3500_flipped at IoU 0.35: nan
2025-07-16 19:55:16,497 - DEBUG - Loaded collision time for BConcave+FConcave+3500_flipped at IoU 0.4: nan
2025-07-16 19:55:16,497 - DEBUG - Loaded collision time for BConcave+FConcave+3500_flipped at IoU 0.45: nan
2025-07-16 19:55:16,498 - DEBUG - Loaded collision time for BConcave+FConcave+3500_flipped at IoU 0.5: nan
2025-07-16 19:55:16,498 - DEBUG - Loaded collision time for BConcave+FConcave+3500_flipped at IoU 0.55: nan
2025-07-16 19:55:16,498 - DEBUG - Loaded collision time for BConcave+FConcave+3500_flipped at IoU 0.6: nan
2025-07-16 19:55:16,499 - DEBUG - Loaded collision time for BConcave+FConcave+3500_flipped at IoU 0.65: nan
2025-07-16 19:55:16,499 - DEBUG - Loaded collision time for BConcave+FConcave+3500_flipped at IoU 0.7: nan
2025-07-16 19:55:16,500 - DEBUG - Loaded collision time for BConcave+FConcave+3500_flipped at IoU 0.75: nan
2025-07-16 19:55:16,500 - DEBUG - Loaded collision time for BConcave+FConcave+3500_flipped at IoU 0.8: nan
2025-07-16 19:55:16,501 - DEBUG - Loaded collision time for BConcave+FConcave+3500_flipped at IoU 0.85: nan
2025-07-16 19:55:16,501 - DEBUG - Loaded collision time for BConcave+FConcave+3500_flipped at IoU 0.9: nan
2025-07-16 19:55:16,501 - DEBUG - Loaded collision time for BConcave+FConcave+3500_flipped at IoU 0.95: nan
2025-07-16 19:55:16,501 - INFO - Processing video: BConcave+FConcave+3700
2025-07-16 19:55:16,502 - INFO - Video BConcave+FConcave+3700 already processed (found segformer_model-BConcave+FConcave+3700.mp4), skipping video processing...
2025-07-16 19:55:16,510 - INFO - VanillaSegmentationSaver initialized with output dir: /home/projects/bagon/andreyg/Projects/Object_reps_neural/Programming/hugging_face/model_experiments/segformer/exp2TTC/processed_videos/segformer_model-BConcave+FConcave+3700/org_segmentation
2025-07-16 19:55:16,514 - INFO - All collision results already exist for BConcave+FConcave+3700
2025-07-16 19:55:16,514 - DEBUG - Loaded collision time for BConcave+FConcave+3700 at IoU 0.05: 3766.6666666666665
2025-07-16 19:55:16,515 - DEBUG - Loaded collision time for BConcave+FConcave+3700 at IoU 0.1: 4316.666666666666
2025-07-16 19:55:16,515 - DEBUG - Loaded collision time for BConcave+FConcave+3700 at IoU 0.15: nan
2025-07-16 19:55:16,515 - DEBUG - Loaded collision time for BConcave+FConcave+3700 at IoU 0.2: nan
2025-07-16 19:55:16,516 - DEBUG - Loaded collision time for BConcave+FConcave+3700 at IoU 0.25: nan
2025-07-16 19:55:16,516 - DEBUG - Loaded collision time for BConcave+FConcave+3700 at IoU 0.3: nan
2025-07-16 19:55:16,517 - DEBUG - Loaded collision time for BConcave+FConcave+3700 at IoU 0.35: nan
2025-07-16 19:55:16,518 - DEBUG - Loaded collision time for BConcave+FConcave+3700 at IoU 0.4: nan
2025-07-16 19:55:16,518 - DEBUG - Loaded collision time for BConcave+FConcave+3700 at IoU 0.45: nan
2025-07-16 19:55:16,518 - DEBUG - Loaded collision time for BConcave+FConcave+3700 at IoU 0.5: nan
2025-07-16 19:55:16,519 - DEBUG - Loaded collision time for BConcave+FConcave+3700 at IoU 0.55: nan
2025-07-16 19:55:16,519 - DEBUG - Loaded collision time for BConcave+FConcave+3700 at IoU 0.6: nan
2025-07-16 19:55:16,520 - DEBUG - Loaded collision time for BConcave+FConcave+3700 at IoU 0.65: nan
2025-07-16 19:55:16,520 - DEBUG - Loaded collision time for BConcave+FConcave+3700 at IoU 0.7: nan
2025-07-16 19:55:16,521 - DEBUG - Loaded collision time for BConcave+FConcave+3700 at IoU 0.75: nan
2025-07-16 19:55:16,521 - DEBUG - Loaded collision time for BConcave+FConcave+3700 at IoU 0.8: nan
2025-07-16 19:55:16,522 - DEBUG - Loaded collision time for BConcave+FConcave+3700 at IoU 0.85: nan
2025-07-16 19:55:16,523 - DEBUG - Loaded collision time for BConcave+FConcave+3700 at IoU 0.9: nan
2025-07-16 19:55:16,523 - DEBUG - Loaded collision time for BConcave+FConcave+3700 at IoU 0.95: nan
2025-07-16 19:55:16,523 - INFO - Processing video: BConcave+FConcave+3900_flipped
2025-07-16 19:55:16,524 - INFO - Video BConcave+FConcave+3900_flipped already processed (found segformer_model-BConcave+FConcave+3900_flipped.mp4), skipping video processing...
2025-07-16 19:55:16,581 - INFO - VanillaSegmentationSaver initialized with output dir: /home/projects/bagon/andreyg/Projects/Object_reps_neural/Programming/hugging_face/model_experiments/segformer/exp2TTC/processed_videos/segformer_model-BConcave+FConcave+3900_flipped/org_segmentation
2025-07-16 19:55:16,587 - INFO - All collision results already exist for BConcave+FConcave+3900_flipped
2025-07-16 19:55:16,588 - DEBUG - Loaded collision time for BConcave+FConcave+3900_flipped at IoU 0.05: 4033.333333333333
2025-07-16 19:55:16,588 - DEBUG - Loaded collision time for BConcave+FConcave+3900_flipped at IoU 0.1: 4350.0
2025-07-16 19:55:16,589 - DEBUG - Loaded collision time for BConcave+FConcave+3900_flipped at IoU 0.15: 5000.0
2025-07-16 19:55:16,589 - DEBUG - Loaded collision time for BConcave+FConcave+3900_flipped at IoU 0.2: 5383.333333333334
2025-07-16 19:55:16,589 - DEBUG - Loaded collision time for BConcave+FConcave+3900_flipped at IoU 0.25: nan
2025-07-16 19:55:16,590 - DEBUG - Loaded collision time for BConcave+FConcave+3900_flipped at IoU 0.3: nan
2025-07-16 19:55:16,590 - DEBUG - Loaded collision time for BConcave+FConcave+3900_flipped at IoU 0.35: nan
2025-07-16 19:55:16,590 - DEBUG - Loaded collision time for BConcave+FConcave+3900_flipped at IoU 0.4: nan
2025-07-16 19:55:16,591 - DEBUG - Loaded collision time for BConcave+FConcave+3900_flipped at IoU 0.45: nan
2025-07-16 19:55:16,591 - DEBUG - Loaded collision time for BConcave+FConcave+3900_flipped at IoU 0.5: nan
2025-07-16 19:55:16,592 - DEBUG - Loaded collision time for BConcave+FConcave+3900_flipped at IoU 0.55: nan
2025-07-16 19:55:16,592 - DEBUG - Loaded collision time for BConcave+FConcave+3900_flipped at IoU 0.6: nan
2025-07-16 19:55:16,592 - DEBUG - Loaded collision time for BConcave+FConcave+3900_flipped at IoU 0.65: nan
2025-07-16 19:55:16,593 - DEBUG - Loaded collision time for BConcave+FConcave+3900_flipped at IoU 0.7: nan
2025-07-16 19:55:16,593 - DEBUG - Loaded collision time for BConcave+FConcave+3900_flipped at IoU 0.75: nan
2025-07-16 19:55:16,594 - DEBUG - Loaded collision time for BConcave+FConcave+3900_flipped at IoU 0.8: nan
2025-07-16 19:55:16,595 - DEBUG - Loaded collision time for BConcave+FConcave+3900_flipped at IoU 0.85: nan
2025-07-16 19:55:16,595 - DEBUG - Loaded collision time for BConcave+FConcave+3900_flipped at IoU 0.9: nan
2025-07-16 19:55:16,596 - DEBUG - Loaded collision time for BConcave+FConcave+3900_flipped at IoU 0.95: nan
2025-07-16 19:55:16,596 - INFO - Processing video: BConcave+FConcave+4100
2025-07-16 19:55:16,597 - INFO - Video BConcave+FConcave+4100 already processed (found segformer_model-BConcave+FConcave+4100.mp4), skipping video processing...
2025-07-16 19:55:16,604 - INFO - VanillaSegmentationSaver initialized with output dir: /home/projects/bagon/andreyg/Projects/Object_reps_neural/Programming/hugging_face/model_experiments/segformer/exp2TTC/processed_videos/segformer_model-BConcave+FConcave+4100/org_segmentation
2025-07-16 19:55:16,607 - INFO - All collision results already exist for BConcave+FConcave+4100
2025-07-16 19:55:16,607 - DEBUG - Loaded collision time for BConcave+FConcave+4100 at IoU 0.05: 4016.6666666666665
2025-07-16 19:55:16,608 - DEBUG - Loaded collision time for BConcave+FConcave+4100 at IoU 0.1: 4200.0
2025-07-16 19:55:16,608 - DEBUG - Loaded collision time for BConcave+FConcave+4100 at IoU 0.15: nan
2025-07-16 19:55:16,608 - DEBUG - Loaded collision time for BConcave+FConcave+4100 at IoU 0.2: nan
2025-07-16 19:55:16,609 - DEBUG - Loaded collision time for BConcave+FConcave+4100 at IoU 0.25: nan
2025-07-16 19:55:16,609 - DEBUG - Loaded collision time for BConcave+FConcave+4100 at IoU 0.3: nan
2025-07-16 19:55:16,610 - DEBUG - Loaded collision time for BConcave+FConcave+4100 at IoU 0.35: nan
2025-07-16 19:55:16,610 - DEBUG - Loaded collision time for BConcave+FConcave+4100 at IoU 0.4: nan
2025-07-16 19:55:16,610 - DEBUG - Loaded collision time for BConcave+FConcave+4100 at IoU 0.45: nan
2025-07-16 19:55:16,611 - DEBUG - Loaded collision time for BConcave+FConcave+4100 at IoU 0.5: nan
2025-07-16 19:55:16,611 - DEBUG - Loaded collision time for BConcave+FConcave+4100 at IoU 0.55: nan
2025-07-16 19:55:16,612 - DEBUG - Loaded collision time for BConcave+FConcave+4100 at IoU 0.6: nan
2025-07-16 19:55:16,612 - DEBUG - Loaded collision time for BConcave+FConcave+4100 at IoU 0.65: nan
2025-07-16 19:55:16,612 - DEBUG - Loaded collision time for BConcave+FConcave+4100 at IoU 0.7: nan
2025-07-16 19:55:16,613 - DEBUG - Loaded collision time for BConcave+FConcave+4100 at IoU 0.75: nan
2025-07-16 19:55:16,613 - DEBUG - Loaded collision time for BConcave+FConcave+4100 at IoU 0.8: nan
2025-07-16 19:55:16,613 - DEBUG - Loaded collision time for BConcave+FConcave+4100 at IoU 0.85: nan
2025-07-16 19:55:16,614 - DEBUG - Loaded collision time for BConcave+FConcave+4100 at IoU 0.9: nan
2025-07-16 19:55:16,614 - DEBUG - Loaded collision time for BConcave+FConcave+4100 at IoU 0.95: nan
2025-07-16 19:55:16,614 - INFO - Processing video: BConcave+FConcave+4300_flipped
2025-07-16 19:55:16,615 - INFO - Video BConcave+FConcave+4300_flipped already processed (found segformer_model-BConcave+FConcave+4300_flipped.mp4), skipping video processing...
2025-07-16 19:55:16,621 - INFO - VanillaSegmentationSaver initialized with output dir: /home/projects/bagon/andreyg/Projects/Object_reps_neural/Programming/hugging_face/model_experiments/segformer/exp2TTC/processed_videos/segformer_model-BConcave+FConcave+4300_flipped/org_segmentation
2025-07-16 19:55:16,625 - INFO - All collision results already exist for BConcave+FConcave+4300_flipped
2025-07-16 19:55:16,625 - DEBUG - Loaded collision time for BConcave+FConcave+4300_flipped at IoU 0.05: 4283.333333333333
2025-07-16 19:55:16,625 - DEBUG - Loaded collision time for BConcave+FConcave+4300_flipped at IoU 0.1: nan
2025-07-16 19:55:16,626 - DEBUG - Loaded collision time for BConcave+FConcave+4300_flipped at IoU 0.15: nan
2025-07-16 19:55:16,626 - DEBUG - Loaded collision time for BConcave+FConcave+4300_flipped at IoU 0.2: nan
2025-07-16 19:55:16,626 - DEBUG - Loaded collision time for BConcave+FConcave+4300_flipped at IoU 0.25: nan
2025-07-16 19:55:16,627 - DEBUG - Loaded collision time for BConcave+FConcave+4300_flipped at IoU 0.3: nan
2025-07-16 19:55:16,627 - DEBUG - Loaded collision time for BConcave+FConcave+4300_flipped at IoU 0.35: nan
2025-07-16 19:55:16,628 - DEBUG - Loaded collision time for BConcave+FConcave+4300_flipped at IoU 0.4: nan
2025-07-16 19:55:16,628 - DEBUG - Loaded collision time for BConcave+FConcave+4300_flipped at IoU 0.45: nan
2025-07-16 19:55:16,628 - DEBUG - Loaded collision time for BConcave+FConcave+4300_flipped at IoU 0.5: nan
2025-07-16 19:55:16,629 - DEBUG - Loaded collision time for BConcave+FConcave+4300_flipped at IoU 0.55: nan
2025-07-16 19:55:16,629 - DEBUG - Loaded collision time for BConcave+FConcave+4300_flipped at IoU 0.6: nan
2025-07-16 19:55:16,629 - DEBUG - Loaded collision time for BConcave+FConcave+4300_flipped at IoU 0.65: nan
2025-07-16 19:55:16,630 - DEBUG - Loaded collision time for BConcave+FConcave+4300_flipped at IoU 0.7: nan
2025-07-16 19:55:16,630 - DEBUG - Loaded collision time for BConcave+FConcave+4300_flipped at IoU 0.75: nan
2025-07-16 19:55:16,630 - DEBUG - Loaded collision time for BConcave+FConcave+4300_flipped at IoU 0.8: nan
2025-07-16 19:55:16,631 - DEBUG - Loaded collision time for BConcave+FConcave+4300_flipped at IoU 0.85: nan
2025-07-16 19:55:16,631 - DEBUG - Loaded collision time for BConcave+FConcave+4300_flipped at IoU 0.9: nan
2025-07-16 19:55:16,631 - DEBUG - Loaded collision time for BConcave+FConcave+4300_flipped at IoU 0.95: nan
2025-07-16 19:55:16,631 - INFO - Processing video: BConcave+FConcave+4500
2025-07-16 19:55:16,632 - INFO - Video BConcave+FConcave+4500 already processed (found segformer_model-BConcave+FConcave+4500.mp4), skipping video processing...
2025-07-16 19:55:16,638 - INFO - VanillaSegmentationSaver initialized with output dir: /home/projects/bagon/andreyg/Projects/Object_reps_neural/Programming/hugging_face/model_experiments/segformer/exp2TTC/processed_videos/segformer_model-BConcave+FConcave+4500/org_segmentation
2025-07-16 19:55:16,641 - INFO - All collision results already exist for BConcave+FConcave+4500
2025-07-16 19:55:16,642 - DEBUG - Loaded collision time for BConcave+FConcave+4500 at IoU 0.05: 4500.0
2025-07-16 19:55:16,642 - DEBUG - Loaded collision time for BConcave+FConcave+4500 at IoU 0.1: 4866.666666666666
2025-07-16 19:55:16,643 - DEBUG - Loaded collision time for BConcave+FConcave+4500 at IoU 0.15: 5183.333333333334
2025-07-16 19:55:16,643 - DEBUG - Loaded collision time for BConcave+FConcave+4500 at IoU 0.2: nan
2025-07-16 19:55:16,643 - DEBUG - Loaded collision time for BConcave+FConcave+4500 at IoU 0.25: nan
2025-07-16 19:55:16,644 - DEBUG - Loaded collision time for BConcave+FConcave+4500 at IoU 0.3: nan
2025-07-16 19:55:16,644 - DEBUG - Loaded collision time for BConcave+FConcave+4500 at IoU 0.35: nan
2025-07-16 19:55:16,645 - DEBUG - Loaded collision time for BConcave+FConcave+4500 at IoU 0.4: nan
2025-07-16 19:55:16,645 - DEBUG - Loaded collision time for BConcave+FConcave+4500 at IoU 0.45: nan
2025-07-16 19:55:16,645 - DEBUG - Loaded collision time for BConcave+FConcave+4500 at IoU 0.5: nan
2025-07-16 19:55:16,646 - DEBUG - Loaded collision time for BConcave+FConcave+4500 at IoU 0.55: nan
2025-07-16 19:55:16,646 - DEBUG - Loaded collision time for BConcave+FConcave+4500 at IoU 0.6: nan
2025-07-16 19:55:16,646 - DEBUG - Loaded collision time for BConcave+FConcave+4500 at IoU 0.65: nan
2025-07-16 19:55:16,647 - DEBUG - Loaded collision time for BConcave+FConcave+4500 at IoU 0.7: nan
2025-07-16 19:55:16,647 - DEBUG - Loaded collision time for BConcave+FConcave+4500 at IoU 0.75: nan
2025-07-16 19:55:16,648 - DEBUG - Loaded collision time for BConcave+FConcave+4500 at IoU 0.8: nan
2025-07-16 19:55:16,648 - DEBUG - Loaded collision time for BConcave+FConcave+4500 at IoU 0.85: nan
2025-07-16 19:55:16,648 - DEBUG - Loaded collision time for BConcave+FConcave+4500 at IoU 0.9: nan
2025-07-16 19:55:16,649 - DEBUG - Loaded collision time for BConcave+FConcave+4500 at IoU 0.95: nan
2025-07-16 19:55:16,649 - INFO - Processing video: BConcave+FConvex+3500
2025-07-16 19:55:16,649 - INFO - Video BConcave+FConvex+3500 already processed (found segformer_model-BConcave+FConvex+3500.mp4), skipping video processing...
2025-07-16 19:55:16,656 - INFO - VanillaSegmentationSaver initialized with output dir: /home/projects/bagon/andreyg/Projects/Object_reps_neural/Programming/hugging_face/model_experiments/segformer/exp2TTC/processed_videos/segformer_model-BConcave+FConvex+3500/org_segmentation
2025-07-16 19:55:16,659 - INFO - All collision results already exist for BConcave+FConvex+3500
2025-07-16 19:55:16,659 - DEBUG - Loaded collision time for BConcave+FConvex+3500 at IoU 0.05: 3900.0
2025-07-16 19:55:16,659 - DEBUG - Loaded collision time for BConcave+FConvex+3500 at IoU 0.1: 4050.0
2025-07-16 19:55:16,660 - DEBUG - Loaded collision time for BConcave+FConvex+3500 at IoU 0.15: 4133.333333333334
2025-07-16 19:55:16,660 - DEBUG - Loaded collision time for BConcave+FConvex+3500 at IoU 0.2: 4216.666666666667
2025-07-16 19:55:16,661 - DEBUG - Loaded collision time for BConcave+FConvex+3500 at IoU 0.25: 4283.333333333333
2025-07-16 19:55:16,661 - DEBUG - Loaded collision time for BConcave+FConvex+3500 at IoU 0.3: 4350.0
2025-07-16 19:55:16,661 - DEBUG - Loaded collision time for BConcave+FConvex+3500 at IoU 0.35: 4433.333333333334
2025-07-16 19:55:16,662 - DEBUG - Loaded collision time for BConcave+FConvex+3500 at IoU 0.4: 4500.0
2025-07-16 19:55:16,662 - DEBUG - Loaded collision time for BConcave+FConvex+3500 at IoU 0.45: 4583.333333333333
2025-07-16 19:55:16,662 - DEBUG - Loaded collision time for BConcave+FConvex+3500 at IoU 0.5: 4666.666666666667
2025-07-16 19:55:16,663 - DEBUG - Loaded collision time for BConcave+FConvex+3500 at IoU 0.55: nan
2025-07-16 19:55:16,663 - DEBUG - Loaded collision time for BConcave+FConvex+3500 at IoU 0.6: nan
2025-07-16 19:55:16,663 - DEBUG - Loaded collision time for BConcave+FConvex+3500 at IoU 0.65: nan
2025-07-16 19:55:16,664 - DEBUG - Loaded collision time for BConcave+FConvex+3500 at IoU 0.7: nan
2025-07-16 19:55:16,664 - DEBUG - Loaded collision time for BConcave+FConvex+3500 at IoU 0.75: nan
2025-07-16 19:55:16,665 - DEBUG - Loaded collision time for BConcave+FConvex+3500 at IoU 0.8: nan
2025-07-16 19:55:16,665 - DEBUG - Loaded collision time for BConcave+FConvex+3500 at IoU 0.85: nan
2025-07-16 19:55:16,665 - DEBUG - Loaded collision time for BConcave+FConvex+3500 at IoU 0.9: nan
2025-07-16 19:55:16,666 - DEBUG - Loaded collision time for BConcave+FConvex+3500 at IoU 0.95: nan
2025-07-16 19:55:16,666 - INFO - Processing video: BConcave+FConvex+3700_flipped
2025-07-16 19:55:16,666 - INFO - Video BConcave+FConvex+3700_flipped already processed (found segformer_model-BConcave+FConvex+3700_flipped.mp4), skipping video processing...
2025-07-16 19:55:16,673 - INFO - VanillaSegmentationSaver initialized with output dir: /home/projects/bagon/andreyg/Projects/Object_reps_neural/Programming/hugging_face/model_experiments/segformer/exp2TTC/processed_videos/segformer_model-BConcave+FConvex+3700_flipped/org_segmentation
2025-07-16 19:55:16,676 - INFO - All collision results already exist for BConcave+FConvex+3700_flipped
2025-07-16 19:55:16,677 - DEBUG - Loaded collision time for BConcave+FConvex+3700_flipped at IoU 0.05: 4066.6666666666665
2025-07-16 19:55:16,677 - DEBUG - Loaded collision time for BConcave+FConvex+3700_flipped at IoU 0.1: 4250.0
2025-07-16 19:55:16,677 - DEBUG - Loaded collision time for BConcave+FConvex+3700_flipped at IoU 0.15: 4366.666666666666
2025-07-16 19:55:16,678 - DEBUG - Loaded collision time for BConcave+FConvex+3700_flipped at IoU 0.2: 4483.333333333333
2025-07-16 19:55:16,678 - DEBUG - Loaded collision time for BConcave+FConvex+3700_flipped at IoU 0.25: 4633.333333333334
2025-07-16 19:55:16,678 - DEBUG - Loaded collision time for BConcave+FConvex+3700_flipped at IoU 0.3: 4750.0
2025-07-16 19:55:16,679 - DEBUG - Loaded collision time for BConcave+FConvex+3700_flipped at IoU 0.35: nan
2025-07-16 19:55:16,679 - DEBUG - Loaded collision time for BConcave+FConvex+3700_flipped at IoU 0.4: nan
2025-07-16 19:55:16,680 - DEBUG - Loaded collision time for BConcave+FConvex+3700_flipped at IoU 0.45: nan
2025-07-16 19:55:16,680 - DEBUG - Loaded collision time for BConcave+FConvex+3700_flipped at IoU 0.5: nan
2025-07-16 19:55:16,680 - DEBUG - Loaded collision time for BConcave+FConvex+3700_flipped at IoU 0.55: nan
2025-07-16 19:55:16,681 - DEBUG - Loaded collision time for BConcave+FConvex+3700_flipped at IoU 0.6: nan
2025-07-16 19:55:16,681 - DEBUG - Loaded collision time for BConcave+FConvex+3700_flipped at IoU 0.65: nan
2025-07-16 19:55:16,681 - DEBUG - Loaded collision time for BConcave+FConvex+3700_flipped at IoU 0.7: nan
2025-07-16 19:55:16,682 - DEBUG - Loaded collision time for BConcave+FConvex+3700_flipped at IoU 0.75: nan
2025-07-16 19:55:16,682 - DEBUG - Loaded collision time for BConcave+FConvex+3700_flipped at IoU 0.8: nan
2025-07-16 19:55:16,682 - DEBUG - Loaded collision time for BConcave+FConvex+3700_flipped at IoU 0.85: nan
2025-07-16 19:55:16,683 - DEBUG - Loaded collision time for BConcave+FConvex+3700_flipped at IoU 0.9: nan
2025-07-16 19:55:16,683 - DEBUG - Loaded collision time for BConcave+FConvex+3700_flipped at IoU 0.95: nan
2025-07-16 19:55:16,683 - INFO - Processing video: BConcave+FConvex+3900
2025-07-16 19:55:16,684 - INFO - Video BConcave+FConvex+3900 already processed (found segformer_model-BConcave+FConvex+3900.mp4), skipping video processing...
2025-07-16 19:55:16,691 - INFO - VanillaSegmentationSaver initialized with output dir: /home/projects/bagon/andreyg/Projects/Object_reps_neural/Programming/hugging_face/model_experiments/segformer/exp2TTC/processed_videos/segformer_model-BConcave+FConvex+3900/org_segmentation
2025-07-16 19:55:16,694 - INFO - All collision results already exist for BConcave+FConvex+3900
2025-07-16 19:55:16,694 - DEBUG - Loaded collision time for BConcave+FConvex+3900 at IoU 0.05: 4283.333333333333
2025-07-16 19:55:16,695 - DEBUG - Loaded collision time for BConcave+FConvex+3900 at IoU 0.1: 4416.666666666667
2025-07-16 19:55:16,695 - DEBUG - Loaded collision time for BConcave+FConvex+3900 at IoU 0.15: 4516.666666666667
2025-07-16 19:55:16,695 - DEBUG - Loaded collision time for BConcave+FConvex+3900 at IoU 0.2: 4600.0
2025-07-16 19:55:16,696 - DEBUG - Loaded collision time for BConcave+FConvex+3900 at IoU 0.25: 4683.333333333334
2025-07-16 19:55:16,696 - DEBUG - Loaded collision time for BConcave+FConvex+3900 at IoU 0.3: 4750.0
2025-07-16 19:55:16,696 - DEBUG - Loaded collision time for BConcave+FConvex+3900 at IoU 0.35: 4816.666666666666
2025-07-16 19:55:16,697 - DEBUG - Loaded collision time for BConcave+FConvex+3900 at IoU 0.4: 4883.333333333334
2025-07-16 19:55:16,697 - DEBUG - Loaded collision time for BConcave+FConvex+3900 at IoU 0.45: 4966.666666666667
2025-07-16 19:55:16,697 - DEBUG - Loaded collision time for BConcave+FConvex+3900 at IoU 0.5: 5033.333333333333
2025-07-16 19:55:16,698 - DEBUG - Loaded collision time for BConcave+FConvex+3900 at IoU 0.55: nan
2025-07-16 19:55:16,698 - DEBUG - Loaded collision time for BConcave+FConvex+3900 at IoU 0.6: nan
2025-07-16 19:55:16,699 - DEBUG - Loaded collision time for BConcave+FConvex+3900 at IoU 0.65: nan
2025-07-16 19:55:16,699 - DEBUG - Loaded collision time for BConcave+FConvex+3900 at IoU 0.7: nan
2025-07-16 19:55:16,699 - DEBUG - Loaded collision time for BConcave+FConvex+3900 at IoU 0.75: nan
2025-07-16 19:55:16,700 - DEBUG - Loaded collision time for BConcave+FConvex+3900 at IoU 0.8: nan
2025-07-16 19:55:16,700 - DEBUG - Loaded collision time for BConcave+FConvex+3900 at IoU 0.85: nan
2025-07-16 19:55:16,701 - DEBUG - Loaded collision time for BConcave+FConvex+3900 at IoU 0.9: nan
2025-07-16 19:55:16,701 - DEBUG - Loaded collision time for BConcave+FConvex+3900 at IoU 0.95: nan
2025-07-16 19:55:16,701 - INFO - Processing video: BConcave+FConvex+4100_flipped
2025-07-16 19:55:16,702 - INFO - Video BConcave+FConvex+4100_flipped already processed (found segformer_model-BConcave+FConvex+4100_flipped.mp4), skipping video processing...
2025-07-16 19:55:16,709 - INFO - VanillaSegmentationSaver initialized with output dir: /home/projects/bagon/andreyg/Projects/Object_reps_neural/Programming/hugging_face/model_experiments/segformer/exp2TTC/processed_videos/segformer_model-BConcave+FConvex+4100_flipped/org_segmentation
2025-07-16 19:55:16,712 - INFO - All collision results already exist for BConcave+FConvex+4100_flipped
2025-07-16 19:55:16,712 - DEBUG - Loaded collision time for BConcave+FConvex+4100_flipped at IoU 0.05: 4383.333333333334
2025-07-16 19:55:16,712 - DEBUG - Loaded collision time for BConcave+FConvex+4100_flipped at IoU 0.1: 4500.0
2025-07-16 19:55:16,713 - DEBUG - Loaded collision time for BConcave+FConvex+4100_flipped at IoU 0.15: 4633.333333333334
2025-07-16 19:55:16,713 - DEBUG - Loaded collision time for BConcave+FConvex+4100_flipped at IoU 0.2: 4700.0
2025-07-16 19:55:16,713 - DEBUG - Loaded collision time for BConcave+FConvex+4100_flipped at IoU 0.25: 4850.0
2025-07-16 19:55:16,714 - DEBUG - Loaded collision time for BConcave+FConvex+4100_flipped at IoU 0.3: 5000.0
2025-07-16 19:55:16,714 - DEBUG - Loaded collision time for BConcave+FConvex+4100_flipped at IoU 0.35: 5166.666666666667
2025-07-16 19:55:16,715 - DEBUG - Loaded collision time for BConcave+FConvex+4100_flipped at IoU 0.4: nan
2025-07-16 19:55:16,715 - DEBUG - Loaded collision time for BConcave+FConvex+4100_flipped at IoU 0.45: nan
2025-07-16 19:55:16,715 - DEBUG - Loaded collision time for BConcave+FConvex+4100_flipped at IoU 0.5: nan
2025-07-16 19:55:16,716 - DEBUG - Loaded collision time for BConcave+FConvex+4100_flipped at IoU 0.55: nan
2025-07-16 19:55:16,716 - DEBUG - Loaded collision time for BConcave+FConvex+4100_flipped at IoU 0.6: nan
2025-07-16 19:55:16,716 - DEBUG - Loaded collision time for BConcave+FConvex+4100_flipped at IoU 0.65: nan
2025-07-16 19:55:16,717 - DEBUG - Loaded collision time for BConcave+FConvex+4100_flipped at IoU 0.7: nan
2025-07-16 19:55:16,719 - DEBUG - Loaded collision time for BConcave+FConvex+4100_flipped at IoU 0.75: nan
2025-07-16 19:55:16,720 - DEBUG - Loaded collision time for BConcave+FConvex+4100_flipped at IoU 0.8: nan
2025-07-16 19:55:16,720 - DEBUG - Loaded collision time for BConcave+FConvex+4100_flipped at IoU 0.85: nan
2025-07-16 19:55:16,720 - DEBUG - Loaded collision time for BConcave+FConvex+4100_flipped at IoU 0.9: nan
2025-07-16 19:55:16,721 - DEBUG - Loaded collision time for BConcave+FConvex+4100_flipped at IoU 0.95: nan
2025-07-16 19:55:16,721 - INFO - Processing video: BConcave+FConvex+4300
2025-07-16 19:55:16,721 - INFO - Video BConcave+FConvex+4300 already processed (found segformer_model-BConcave+FConvex+4300.mp4), skipping video processing...
2025-07-16 19:55:16,727 - INFO - VanillaSegmentationSaver initialized with output dir: /home/projects/bagon/andreyg/Projects/Object_reps_neural/Programming/hugging_face/model_experiments/segformer/exp2TTC/processed_videos/segformer_model-BConcave+FConvex+4300/org_segmentation
2025-07-16 19:55:16,731 - INFO - All collision results already exist for BConcave+FConvex+4300
2025-07-16 19:55:16,731 - DEBUG - Loaded collision time for BConcave+FConvex+4300 at IoU 0.05: 4750.0
2025-07-16 19:55:16,731 - DEBUG - Loaded collision time for BConcave+FConvex+4300 at IoU 0.1: 4900.0
2025-07-16 19:55:16,732 - DEBUG - Loaded collision time for BConcave+FConvex+4300 at IoU 0.15: 5016.666666666667
2025-07-16 19:55:16,732 - DEBUG - Loaded collision time for BConcave+FConvex+4300 at IoU 0.2: 5083.333333333333
2025-07-16 19:55:16,732 - DEBUG - Loaded collision time for BConcave+FConvex+4300 at IoU 0.25: 5150.0
2025-07-16 19:55:16,733 - DEBUG - Loaded collision time for BConcave+FConvex+4300 at IoU 0.3: 5200.0
2025-07-16 19:55:16,733 - DEBUG - Loaded collision time for BConcave+FConvex+4300 at IoU 0.35: 5250.0
2025-07-16 19:55:16,733 - DEBUG - Loaded collision time for BConcave+FConvex+4300 at IoU 0.4: 5333.333333333333
2025-07-16 19:55:16,734 - DEBUG - Loaded collision time for BConcave+FConvex+4300 at IoU 0.45: nan
2025-07-16 19:55:16,734 - DEBUG - Loaded collision time for BConcave+FConvex+4300 at IoU 0.5: nan
2025-07-16 19:55:16,734 - DEBUG - Loaded collision time for BConcave+FConvex+4300 at IoU 0.55: nan
2025-07-16 19:55:16,735 - DEBUG - Loaded collision time for BConcave+FConvex+4300 at IoU 0.6: nan
2025-07-16 19:55:16,735 - DEBUG - Loaded collision time for BConcave+FConvex+4300 at IoU 0.65: nan
2025-07-16 19:55:16,735 - DEBUG - Loaded collision time for BConcave+FConvex+4300 at IoU 0.7: nan
2025-07-16 19:55:16,736 - DEBUG - Loaded collision time for BConcave+FConvex+4300 at IoU 0.75: nan
2025-07-16 19:55:16,736 - DEBUG - Loaded collision time for BConcave+FConvex+4300 at IoU 0.8: nan
2025-07-16 19:55:16,737 - DEBUG - Loaded collision time for BConcave+FConvex+4300 at IoU 0.85: nan
2025-07-16 19:55:16,737 - DEBUG - Loaded collision time for BConcave+FConvex+4300 at IoU 0.9: nan
2025-07-16 19:55:16,737 - DEBUG - Loaded collision time for BConcave+FConvex+4300 at IoU 0.95: nan
2025-07-16 19:55:16,737 - INFO - Processing video: BConcave+FConvex+4500_flipped
2025-07-16 19:55:16,738 - INFO - Video BConcave+FConvex+4500_flipped already processed (found segformer_model-BConcave+FConvex+4500_flipped.mp4), skipping video processing...
2025-07-16 19:55:16,744 - INFO - VanillaSegmentationSaver initialized with output dir: /home/projects/bagon/andreyg/Projects/Object_reps_neural/Programming/hugging_face/model_experiments/segformer/exp2TTC/processed_videos/segformer_model-BConcave+FConvex+4500_flipped/org_segmentation
2025-07-16 19:55:16,747 - INFO - All collision results already exist for BConcave+FConvex+4500_flipped
2025-07-16 19:55:16,747 - DEBUG - Loaded collision time for BConcave+FConvex+4500_flipped at IoU 0.05: 4916.666666666667
2025-07-16 19:55:16,748 - DEBUG - Loaded collision time for BConcave+FConvex+4500_flipped at IoU 0.1: 4983.333333333333
2025-07-16 19:55:16,748 - DEBUG - Loaded collision time for BConcave+FConvex+4500_flipped at IoU 0.15: 5116.666666666666
2025-07-16 19:55:16,749 - DEBUG - Loaded collision time for BConcave+FConvex+4500_flipped at IoU 0.2: 5250.0
2025-07-16 19:55:16,749 - DEBUG - Loaded collision time for BConcave+FConvex+4500_flipped at IoU 0.25: 5283.333333333333
2025-07-16 19:55:16,749 - DEBUG - Loaded collision time for BConcave+FConvex+4500_flipped at IoU 0.3: 5400.0
2025-07-16 19:55:16,750 - DEBUG - Loaded collision time for BConcave+FConvex+4500_flipped at IoU 0.35: 5433.333333333334
2025-07-16 19:55:16,750 - DEBUG - Loaded collision time for BConcave+FConvex+4500_flipped at IoU 0.4: 5466.666666666667
2025-07-16 19:55:16,750 - DEBUG - Loaded collision time for BConcave+FConvex+4500_flipped at IoU 0.45: nan
2025-07-16 19:55:16,751 - DEBUG - Loaded collision time for BConcave+FConvex+4500_flipped at IoU 0.5: nan
2025-07-16 19:55:16,751 - DEBUG - Loaded collision time for BConcave+FConvex+4500_flipped at IoU 0.55: nan
2025-07-16 19:55:16,751 - DEBUG - Loaded collision time for BConcave+FConvex+4500_flipped at IoU 0.6: nan
2025-07-16 19:55:16,752 - DEBUG - Loaded collision time for BConcave+FConvex+4500_flipped at IoU 0.65: nan
2025-07-16 19:55:16,752 - DEBUG - Loaded collision time for BConcave+FConvex+4500_flipped at IoU 0.7: nan
2025-07-16 19:55:16,752 - DEBUG - Loaded collision time for BConcave+FConvex+4500_flipped at IoU 0.75: nan
2025-07-16 19:55:16,753 - DEBUG - Loaded collision time for BConcave+FConvex+4500_flipped at IoU 0.8: nan
2025-07-16 19:55:16,753 - DEBUG - Loaded collision time for BConcave+FConvex+4500_flipped at IoU 0.85: nan
2025-07-16 19:55:16,753 - DEBUG - Loaded collision time for BConcave+FConvex+4500_flipped at IoU 0.9: nan
2025-07-16 19:55:16,754 - DEBUG - Loaded collision time for BConcave+FConvex+4500_flipped at IoU 0.95: nan
2025-07-16 19:55:16,754 - INFO - Processing video: BConcave+gConcave+3500_flipped
2025-07-16 19:55:16,755 - INFO - Video BConcave+gConcave+3500_flipped already processed (found segformer_model-BConcave+gConcave+3500_flipped.mp4), skipping video processing...
2025-07-16 19:55:16,763 - INFO - VanillaSegmentationSaver initialized with output dir: /home/projects/bagon/andreyg/Projects/Object_reps_neural/Programming/hugging_face/model_experiments/segformer/exp2TTC/processed_videos/segformer_model-BConcave+gConcave+3500_flipped/org_segmentation
2025-07-16 19:55:16,769 - INFO - All collision results already exist for BConcave+gConcave+3500_flipped
2025-07-16 19:55:16,769 - DEBUG - Loaded collision time for BConcave+gConcave+3500_flipped at IoU 0.05: 1616.6666666666667
2025-07-16 19:55:16,770 - DEBUG - Loaded collision time for BConcave+gConcave+3500_flipped at IoU 0.1: 3316.666666666667
2025-07-16 19:55:16,771 - DEBUG - Loaded collision time for BConcave+gConcave+3500_flipped at IoU 0.15: 3316.666666666667
2025-07-16 19:55:16,771 - DEBUG - Loaded collision time for BConcave+gConcave+3500_flipped at IoU 0.2: 3333.3333333333335
2025-07-16 19:55:16,772 - DEBUG - Loaded collision time for BConcave+gConcave+3500_flipped at IoU 0.25: 3333.3333333333335
2025-07-16 19:55:16,772 - DEBUG - Loaded collision time for BConcave+gConcave+3500_flipped at IoU 0.3: 3383.3333333333335
2025-07-16 19:55:16,773 - DEBUG - Loaded collision time for BConcave+gConcave+3500_flipped at IoU 0.35: 3483.3333333333335
2025-07-16 19:55:16,773 - DEBUG - Loaded collision time for BConcave+gConcave+3500_flipped at IoU 0.4: 3500.0
2025-07-16 19:55:16,773 - DEBUG - Loaded collision time for BConcave+gConcave+3500_flipped at IoU 0.45: 3500.0
2025-07-16 19:55:16,774 - DEBUG - Loaded collision time for BConcave+gConcave+3500_flipped at IoU 0.5: nan
2025-07-16 19:55:16,774 - DEBUG - Loaded collision time for BConcave+gConcave+3500_flipped at IoU 0.55: nan
2025-07-16 19:55:16,775 - DEBUG - Loaded collision time for BConcave+gConcave+3500_flipped at IoU 0.6: nan
2025-07-16 19:55:16,775 - DEBUG - Loaded collision time for BConcave+gConcave+3500_flipped at IoU 0.65: nan
2025-07-16 19:55:16,776 - DEBUG - Loaded collision time for BConcave+gConcave+3500_flipped at IoU 0.7: nan
2025-07-16 19:55:16,776 - DEBUG - Loaded collision time for BConcave+gConcave+3500_flipped at IoU 0.75: nan
2025-07-16 19:55:16,776 - DEBUG - Loaded collision time for BConcave+gConcave+3500_flipped at IoU 0.8: nan
2025-07-16 19:55:16,777 - DEBUG - Loaded collision time for BConcave+gConcave+3500_flipped at IoU 0.85: nan
2025-07-16 19:55:16,777 - DEBUG - Loaded collision time for BConcave+gConcave+3500_flipped at IoU 0.9: nan
2025-07-16 19:55:16,778 - DEBUG - Loaded collision time for BConcave+gConcave+3500_flipped at IoU 0.95: nan
2025-07-16 19:55:16,778 - INFO - Processing video: BConcave+gConcave+3700
2025-07-16 19:55:16,779 - INFO - Video BConcave+gConcave+3700 already processed (found segformer_model-BConcave+gConcave+3700.mp4), skipping video processing...
2025-07-16 19:55:16,787 - INFO - VanillaSegmentationSaver initialized with output dir: /home/projects/bagon/andreyg/Projects/Object_reps_neural/Programming/hugging_face/model_experiments/segformer/exp2TTC/processed_videos/segformer_model-BConcave+gConcave+3700/org_segmentation
2025-07-16 19:55:16,791 - INFO - All collision results already exist for BConcave+gConcave+3700
2025-07-16 19:55:16,792 - DEBUG - Loaded collision time for BConcave+gConcave+3700 at IoU 0.05: nan
2025-07-16 19:55:16,792 - DEBUG - Loaded collision time for BConcave+gConcave+3700 at IoU 0.1: nan
2025-07-16 19:55:16,793 - DEBUG - Loaded collision time for BConcave+gConcave+3700 at IoU 0.15: nan
2025-07-16 19:55:16,793 - DEBUG - Loaded collision time for BConcave+gConcave+3700 at IoU 0.2: nan
2025-07-16 19:55:16,793 - DEBUG - Loaded collision time for BConcave+gConcave+3700 at IoU 0.25: nan
2025-07-16 19:55:16,794 - DEBUG - Loaded collision time for BConcave+gConcave+3700 at IoU 0.3: nan
2025-07-16 19:55:16,794 - DEBUG - Loaded collision time for BConcave+gConcave+3700 at IoU 0.35: nan
2025-07-16 19:55:16,795 - DEBUG - Loaded collision time for BConcave+gConcave+3700 at IoU 0.4: nan
2025-07-16 19:55:16,796 - DEBUG - Loaded collision time for BConcave+gConcave+3700 at IoU 0.45: nan
2025-07-16 19:55:16,796 - DEBUG - Loaded collision time for BConcave+gConcave+3700 at IoU 0.5: nan
2025-07-16 19:55:16,796 - DEBUG - Loaded collision time for BConcave+gConcave+3700 at IoU 0.55: nan
2025-07-16 19:55:16,797 - DEBUG - Loaded collision time for BConcave+gConcave+3700 at IoU 0.6: nan
2025-07-16 19:55:16,797 - DEBUG - Loaded collision time for BConcave+gConcave+3700 at IoU 0.65: nan
2025-07-16 19:55:16,797 - DEBUG - Loaded collision time for BConcave+gConcave+3700 at IoU 0.7: nan
2025-07-16 19:55:16,798 - DEBUG - Loaded collision time for BConcave+gConcave+3700 at IoU 0.75: nan
2025-07-16 19:55:16,798 - DEBUG - Loaded collision time for BConcave+gConcave+3700 at IoU 0.8: nan
2025-07-16 19:55:16,799 - DEBUG - Loaded collision time for BConcave+gConcave+3700 at IoU 0.85: nan
2025-07-16 19:55:16,799 - DEBUG - Loaded collision time for BConcave+gConcave+3700 at IoU 0.9: nan
2025-07-16 19:55:16,800 - DEBUG - Loaded collision time for BConcave+gConcave+3700 at IoU 0.95: nan
2025-07-16 19:55:16,800 - INFO - Processing video: BConcave+gConcave+3900_flipped
2025-07-16 19:55:16,800 - INFO - Video BConcave+gConcave+3900_flipped already processed (found segformer_model-BConcave+gConcave+3900_flipped.mp4), skipping video processing...
2025-07-16 19:55:16,807 - INFO - VanillaSegmentationSaver initialized with output dir: /home/projects/bagon/andreyg/Projects/Object_reps_neural/Programming/hugging_face/model_experiments/segformer/exp2TTC/processed_videos/segformer_model-BConcave+gConcave+3900_flipped/org_segmentation
2025-07-16 19:55:16,810 - INFO - All collision results already exist for BConcave+gConcave+3900_flipped
2025-07-16 19:55:16,810 - DEBUG - Loaded collision time for BConcave+gConcave+3900_flipped at IoU 0.05: nan
2025-07-16 19:55:16,811 - DEBUG - Loaded collision time for BConcave+gConcave+3900_flipped at IoU 0.1: nan
2025-07-16 19:55:16,811 - DEBUG - Loaded collision time for BConcave+gConcave+3900_flipped at IoU 0.15: nan
2025-07-16 19:55:16,812 - DEBUG - Loaded collision time for BConcave+gConcave+3900_flipped at IoU 0.2: nan
2025-07-16 19:55:16,812 - DEBUG - Loaded collision time for BConcave+gConcave+3900_flipped at IoU 0.25: nan
2025-07-16 19:55:16,812 - DEBUG - Loaded collision time for BConcave+gConcave+3900_flipped at IoU 0.3: nan
2025-07-16 19:55:16,813 - DEBUG - Loaded collision time for BConcave+gConcave+3900_flipped at IoU 0.35: nan
2025-07-16 19:55:16,813 - DEBUG - Loaded collision time for BConcave+gConcave+3900_flipped at IoU 0.4: nan
2025-07-16 19:55:16,813 - DEBUG - Loaded collision time for BConcave+gConcave+3900_flipped at IoU 0.45: nan
2025-07-16 19:55:16,814 - DEBUG - Loaded collision time for BConcave+gConcave+3900_flipped at IoU 0.5: nan
2025-07-16 19:55:16,814 - DEBUG - Loaded collision time for BConcave+gConcave+3900_flipped at IoU 0.55: nan
2025-07-16 19:55:16,815 - DEBUG - Loaded collision time for BConcave+gConcave+3900_flipped at IoU 0.6: nan
2025-07-16 19:55:16,815 - DEBUG - Loaded collision time for BConcave+gConcave+3900_flipped at IoU 0.65: nan
2025-07-16 19:55:16,815 - DEBUG - Loaded collision time for BConcave+gConcave+3900_flipped at IoU 0.7: nan
2025-07-16 19:55:16,816 - DEBUG - Loaded collision time for BConcave+gConcave+3900_flipped at IoU 0.75: nan
2025-07-16 19:55:16,816 - DEBUG - Loaded collision time for BConcave+gConcave+3900_flipped at IoU 0.8: nan
2025-07-16 19:55:16,816 - DEBUG - Loaded collision time for BConcave+gConcave+3900_flipped at IoU 0.85: nan
2025-07-16 19:55:16,817 - DEBUG - Loaded collision time for BConcave+gConcave+3900_flipped at IoU 0.9: nan
2025-07-16 19:55:16,817 - DEBUG - Loaded collision time for BConcave+gConcave+3900_flipped at IoU 0.95: nan
2025-07-16 19:55:16,817 - INFO - Processing video: BConcave+gConcave+4100
2025-07-16 19:55:16,818 - INFO - Video BConcave+gConcave+4100 already processed (found segformer_model-BConcave+gConcave+4100.mp4), skipping video processing...
2025-07-16 19:55:16,824 - INFO - VanillaSegmentationSaver initialized with output dir: /home/projects/bagon/andreyg/Projects/Object_reps_neural/Programming/hugging_face/model_experiments/segformer/exp2TTC/processed_videos/segformer_model-BConcave+gConcave+4100/org_segmentation
2025-07-16 19:55:16,828 - INFO - All collision results already exist for BConcave+gConcave+4100
2025-07-16 19:55:16,828 - DEBUG - Loaded collision time for BConcave+gConcave+4100 at IoU 0.05: nan
2025-07-16 19:55:16,828 - DEBUG - Loaded collision time for BConcave+gConcave+4100 at IoU 0.1: nan
2025-07-16 19:55:16,829 - DEBUG - Loaded collision time for BConcave+gConcave+4100 at IoU 0.15: nan
2025-07-16 19:55:16,829 - DEBUG - Loaded collision time for BConcave+gConcave+4100 at IoU 0.2: nan
2025-07-16 19:55:16,830 - DEBUG - Loaded collision time for BConcave+gConcave+4100 at IoU 0.25: nan
2025-07-16 19:55:16,830 - DEBUG - Loaded collision time for BConcave+gConcave+4100 at IoU 0.3: nan
2025-07-16 19:55:16,830 - DEBUG - Loaded collision time for BConcave+gConcave+4100 at IoU 0.35: nan
2025-07-16 19:55:16,831 - DEBUG - Loaded collision time for BConcave+gConcave+4100 at IoU 0.4: nan
2025-07-16 19:55:16,831 - DEBUG - Loaded collision time for BConcave+gConcave+4100 at IoU 0.45: nan
2025-07-16 19:55:16,831 - DEBUG - Loaded collision time for BConcave+gConcave+4100 at IoU 0.5: nan
2025-07-16 19:55:16,832 - DEBUG - Loaded collision time for BConcave+gConcave+4100 at IoU 0.55: nan
2025-07-16 19:55:16,832 - DEBUG - Loaded collision time for BConcave+gConcave+4100 at IoU 0.6: nan
2025-07-16 19:55:16,832 - DEBUG - Loaded collision time for BConcave+gConcave+4100 at IoU 0.65: nan
2025-07-16 19:55:16,833 - DEBUG - Loaded collision time for BConcave+gConcave+4100 at IoU 0.7: nan
2025-07-16 19:55:16,833 - DEBUG - Loaded collision time for BConcave+gConcave+4100 at IoU 0.75: nan
2025-07-16 19:55:16,833 - DEBUG - Loaded collision time for BConcave+gConcave+4100 at IoU 0.8: nan
2025-07-16 19:55:16,834 - DEBUG - Loaded collision time for BConcave+gConcave+4100 at IoU 0.85: nan
2025-07-16 19:55:16,834 - DEBUG - Loaded collision time for BConcave+gConcave+4100 at IoU 0.9: nan
2025-07-16 19:55:16,835 - DEBUG - Loaded collision time for BConcave+gConcave+4100 at IoU 0.95: nan
2025-07-16 19:55:16,835 - INFO - Processing video: BConcave+gConcave+4300_flipped
2025-07-16 19:55:16,835 - INFO - Video BConcave+gConcave+4300_flipped already processed (found segformer_model-BConcave+gConcave+4300_flipped.mp4), skipping video processing...
2025-07-16 19:55:16,842 - INFO - VanillaSegmentationSaver initialized with output dir: /home/projects/bagon/andreyg/Projects/Object_reps_neural/Programming/hugging_face/model_experiments/segformer/exp2TTC/processed_videos/segformer_model-BConcave+gConcave+4300_flipped/org_segmentation
2025-07-16 19:55:16,846 - INFO - All collision results already exist for BConcave+gConcave+4300_flipped
2025-07-16 19:55:16,847 - DEBUG - Loaded collision time for BConcave+gConcave+4300_flipped at IoU 0.05: nan
2025-07-16 19:55:16,847 - DEBUG - Loaded collision time for BConcave+gConcave+4300_flipped at IoU 0.1: nan
2025-07-16 19:55:16,847 - DEBUG - Loaded collision time for BConcave+gConcave+4300_flipped at IoU 0.15: nan
2025-07-16 19:55:16,848 - DEBUG - Loaded collision time for BConcave+gConcave+4300_flipped at IoU 0.2: nan
2025-07-16 19:55:16,848 - DEBUG - Loaded collision time for BConcave+gConcave+4300_flipped at IoU 0.25: nan
2025-07-16 19:55:16,849 - DEBUG - Loaded collision time for BConcave+gConcave+4300_flipped at IoU 0.3: nan
2025-07-16 19:55:16,849 - DEBUG - Loaded collision time for BConcave+gConcave+4300_flipped at IoU 0.35: nan
2025-07-16 19:55:16,849 - DEBUG - Loaded collision time for BConcave+gConcave+4300_flipped at IoU 0.4: nan
2025-07-16 19:55:16,850 - DEBUG - Loaded collision time for BConcave+gConcave+4300_flipped at IoU 0.45: nan
2025-07-16 19:55:16,850 - DEBUG - Loaded collision time for BConcave+gConcave+4300_flipped at IoU 0.5: nan
2025-07-16 19:55:16,851 - DEBUG - Loaded collision time for BConcave+gConcave+4300_flipped at IoU 0.55: nan
2025-07-16 19:55:16,851 - DEBUG - Loaded collision time for BConcave+gConcave+4300_flipped at IoU 0.6: nan
2025-07-16 19:55:16,852 - DEBUG - Loaded collision time for BConcave+gConcave+4300_flipped at IoU 0.65: nan
2025-07-16 19:55:16,852 - DEBUG - Loaded collision time for BConcave+gConcave+4300_flipped at IoU 0.7: nan
2025-07-16 19:55:16,853 - DEBUG - Loaded collision time for BConcave+gConcave+4300_flipped at IoU 0.75: nan
2025-07-16 19:55:16,853 - DEBUG - Loaded collision time for BConcave+gConcave+4300_flipped at IoU 0.8: nan
2025-07-16 19:55:16,853 - DEBUG - Loaded collision time for BConcave+gConcave+4300_flipped at IoU 0.85: nan
2025-07-16 19:55:16,854 - DEBUG - Loaded collision time for BConcave+gConcave+4300_flipped at IoU 0.9: nan
2025-07-16 19:55:16,854 - DEBUG - Loaded collision time for BConcave+gConcave+4300_flipped at IoU 0.95: nan
2025-07-16 19:55:16,854 - INFO - Processing video: BConcave+gConcave+4500
2025-07-16 19:55:16,855 - INFO - Video BConcave+gConcave+4500 already processed (found segformer_model-BConcave+gConcave+4500.mp4), skipping video processing...
2025-07-16 19:55:16,862 - INFO - VanillaSegmentationSaver initialized with output dir: /home/projects/bagon/andreyg/Projects/Object_reps_neural/Programming/hugging_face/model_experiments/segformer/exp2TTC/processed_videos/segformer_model-BConcave+gConcave+4500/org_segmentation
2025-07-16 19:55:16,866 - INFO - All collision results already exist for BConcave+gConcave+4500
2025-07-16 19:55:16,867 - DEBUG - Loaded collision time for BConcave+gConcave+4500 at IoU 0.05: nan
2025-07-16 19:55:16,867 - DEBUG - Loaded collision time for BConcave+gConcave+4500 at IoU 0.1: nan
2025-07-16 19:55:16,868 - DEBUG - Loaded collision time for BConcave+gConcave+4500 at IoU 0.15: nan
2025-07-16 19:55:16,869 - DEBUG - Loaded collision time for BConcave+gConcave+4500 at IoU 0.2: nan
2025-07-16 19:55:16,869 - DEBUG - Loaded collision time for BConcave+gConcave+4500 at IoU 0.25: nan
2025-07-16 19:55:16,870 - DEBUG - Loaded collision time for BConcave+gConcave+4500 at IoU 0.3: nan
2025-07-16 19:55:16,871 - DEBUG - Loaded collision time for BConcave+gConcave+4500 at IoU 0.35: nan
2025-07-16 19:55:16,871 - DEBUG - Loaded collision time for BConcave+gConcave+4500 at IoU 0.4: nan
2025-07-16 19:55:16,872 - DEBUG - Loaded collision time for BConcave+gConcave+4500 at IoU 0.45: nan
2025-07-16 19:55:16,872 - DEBUG - Loaded collision time for BConcave+gConcave+4500 at IoU 0.5: nan
2025-07-16 19:55:16,872 - DEBUG - Loaded collision time for BConcave+gConcave+4500 at IoU 0.55: nan
2025-07-16 19:55:16,873 - DEBUG - Loaded collision time for BConcave+gConcave+4500 at IoU 0.6: nan
2025-07-16 19:55:16,874 - DEBUG - Loaded collision time for BConcave+gConcave+4500 at IoU 0.65: nan
2025-07-16 19:55:16,874 - DEBUG - Loaded collision time for BConcave+gConcave+4500 at IoU 0.7: nan
2025-07-16 19:55:16,875 - DEBUG - Loaded collision time for BConcave+gConcave+4500 at IoU 0.75: nan
2025-07-16 19:55:16,876 - DEBUG - Loaded collision time for BConcave+gConcave+4500 at IoU 0.8: nan
2025-07-16 19:55:16,876 - DEBUG - Loaded collision time for BConcave+gConcave+4500 at IoU 0.85: nan
2025-07-16 19:55:16,877 - DEBUG - Loaded collision time for BConcave+gConcave+4500 at IoU 0.9: nan
2025-07-16 19:55:16,877 - DEBUG - Loaded collision time for BConcave+gConcave+4500 at IoU 0.95: nan
2025-07-16 19:55:16,877 - INFO - Processing video: BConcave+gConvex+3500
2025-07-16 19:55:16,878 - INFO - Video BConcave+gConvex+3500 already processed (found segformer_model-BConcave+gConvex+3500.mp4), skipping video processing...
2025-07-16 19:55:16,886 - INFO - VanillaSegmentationSaver initialized with output dir: /home/projects/bagon/andreyg/Projects/Object_reps_neural/Programming/hugging_face/model_experiments/segformer/exp2TTC/processed_videos/segformer_model-BConcave+gConvex+3500/org_segmentation
2025-07-16 19:55:16,889 - INFO - All collision results already exist for BConcave+gConvex+3500
2025-07-16 19:55:16,890 - DEBUG - Loaded collision time for BConcave+gConvex+3500 at IoU 0.05: 3750.0
2025-07-16 19:55:16,890 - DEBUG - Loaded collision time for BConcave+gConvex+3500 at IoU 0.1: 4016.6666666666665
2025-07-16 19:55:16,891 - DEBUG - Loaded collision time for BConcave+gConvex+3500 at IoU 0.15: 4200.0
2025-07-16 19:55:16,891 - DEBUG - Loaded collision time for BConcave+gConvex+3500 at IoU 0.2: nan
2025-07-16 19:55:16,892 - DEBUG - Loaded collision time for BConcave+gConvex+3500 at IoU 0.25: nan
2025-07-16 19:55:16,892 - DEBUG - Loaded collision time for BConcave+gConvex+3500 at IoU 0.3: nan
2025-07-16 19:55:16,893 - DEBUG - Loaded collision time for BConcave+gConvex+3500 at IoU 0.35: nan
2025-07-16 19:55:16,893 - DEBUG - Loaded collision time for BConcave+gConvex+3500 at IoU 0.4: nan
2025-07-16 19:55:16,894 - DEBUG - Loaded collision time for BConcave+gConvex+3500 at IoU 0.45: nan
2025-07-16 19:55:16,894 - DEBUG - Loaded collision time for BConcave+gConvex+3500 at IoU 0.5: nan
2025-07-16 19:55:16,894 - DEBUG - Loaded collision time for BConcave+gConvex+3500 at IoU 0.55: nan
2025-07-16 19:55:16,895 - DEBUG - Loaded collision time for BConcave+gConvex+3500 at IoU 0.6: nan
2025-07-16 19:55:16,895 - DEBUG - Loaded collision time for BConcave+gConvex+3500 at IoU 0.65: nan
2025-07-16 19:55:16,895 - DEBUG - Loaded collision time for BConcave+gConvex+3500 at IoU 0.7: nan
2025-07-16 19:55:16,896 - DEBUG - Loaded collision time for BConcave+gConvex+3500 at IoU 0.75: nan
2025-07-16 19:55:16,896 - DEBUG - Loaded collision time for BConcave+gConvex+3500 at IoU 0.8: nan
2025-07-16 19:55:16,897 - DEBUG - Loaded collision time for BConcave+gConvex+3500 at IoU 0.85: nan
2025-07-16 19:55:16,897 - DEBUG - Loaded collision time for BConcave+gConvex+3500 at IoU 0.9: nan
2025-07-16 19:55:16,898 - DEBUG - Loaded collision time for BConcave+gConvex+3500 at IoU 0.95: nan
2025-07-16 19:55:16,898 - INFO - Processing video: BConcave+gConvex+3700_flipped
2025-07-16 19:55:16,898 - INFO - Video BConcave+gConvex+3700_flipped already processed (found segformer_model-BConcave+gConvex+3700_flipped.mp4), skipping video processing...
2025-07-16 19:55:16,906 - INFO - VanillaSegmentationSaver initialized with output dir: /home/projects/bagon/andreyg/Projects/Object_reps_neural/Programming/hugging_face/model_experiments/segformer/exp2TTC/processed_videos/segformer_model-BConcave+gConvex+3700_flipped/org_segmentation
2025-07-16 19:55:16,910 - INFO - All collision results already exist for BConcave+gConvex+3700_flipped
2025-07-16 19:55:16,911 - DEBUG - Loaded collision time for BConcave+gConvex+3700_flipped at IoU 0.05: 4116.666666666666
2025-07-16 19:55:16,911 - DEBUG - Loaded collision time for BConcave+gConvex+3700_flipped at IoU 0.1: nan
2025-07-16 19:55:16,912 - DEBUG - Loaded collision time for BConcave+gConvex+3700_flipped at IoU 0.15: nan
2025-07-16 19:55:16,912 - DEBUG - Loaded collision time for BConcave+gConvex+3700_flipped at IoU 0.2: nan
2025-07-16 19:55:16,912 - DEBUG - Loaded collision time for BConcave+gConvex+3700_flipped at IoU 0.25: nan
2025-07-16 19:55:16,913 - DEBUG - Loaded collision time for BConcave+gConvex+3700_flipped at IoU 0.3: nan
2025-07-16 19:55:16,913 - DEBUG - Loaded collision time for BConcave+gConvex+3700_flipped at IoU 0.35: nan
2025-07-16 19:55:16,913 - DEBUG - Loaded collision time for BConcave+gConvex+3700_flipped at IoU 0.4: nan
2025-07-16 19:55:16,914 - DEBUG - Loaded collision time for BConcave+gConvex+3700_flipped at IoU 0.45: nan
2025-07-16 19:55:16,914 - DEBUG - Loaded collision time for BConcave+gConvex+3700_flipped at IoU 0.5: nan
2025-07-16 19:55:16,914 - DEBUG - Loaded collision time for BConcave+gConvex+3700_flipped at IoU 0.55: nan
2025-07-16 19:55:16,915 - DEBUG - Loaded collision time for BConcave+gConvex+3700_flipped at IoU 0.6: nan
2025-07-16 19:55:16,915 - DEBUG - Loaded collision time for BConcave+gConvex+3700_flipped at IoU 0.65: nan
2025-07-16 19:55:16,916 - DEBUG - Loaded collision time for BConcave+gConvex+3700_flipped at IoU 0.7: nan
2025-07-16 19:55:16,916 - DEBUG - Loaded collision time for BConcave+gConvex+3700_flipped at IoU 0.75: nan
2025-07-16 19:55:16,917 - DEBUG - Loaded collision time for BConcave+gConvex+3700_flipped at IoU 0.8: nan
2025-07-16 19:55:16,917 - DEBUG - Loaded collision time for BConcave+gConvex+3700_flipped at IoU 0.85: nan
2025-07-16 19:55:16,917 - DEBUG - Loaded collision time for BConcave+gConvex+3700_flipped at IoU 0.9: nan
2025-07-16 19:55:16,918 - DEBUG - Loaded collision time for BConcave+gConvex+3700_flipped at IoU 0.95: nan
2025-07-16 19:55:16,918 - INFO - Processing video: BConcave+gConvex+3900
2025-07-16 19:55:16,919 - INFO - Video BConcave+gConvex+3900 already processed (found segformer_model-BConcave+gConvex+3900.mp4), skipping video processing...
2025-07-16 19:55:16,926 - INFO - VanillaSegmentationSaver initialized with output dir: /home/projects/bagon/andreyg/Projects/Object_reps_neural/Programming/hugging_face/model_experiments/segformer/exp2TTC/processed_videos/segformer_model-BConcave+gConvex+3900/org_segmentation
2025-07-16 19:55:16,931 - INFO - All collision results already exist for BConcave+gConvex+3900
2025-07-16 19:55:16,931 - DEBUG - Loaded collision time for BConcave+gConvex+3900 at IoU 0.05: 4316.666666666666
2025-07-16 19:55:16,932 - DEBUG - Loaded collision time for BConcave+gConvex+3900 at IoU 0.1: 4516.666666666667
2025-07-16 19:55:16,933 - DEBUG - Loaded collision time for BConcave+gConvex+3900 at IoU 0.15: nan
2025-07-16 19:55:16,933 - DEBUG - Loaded collision time for BConcave+gConvex+3900 at IoU 0.2: nan
2025-07-16 19:55:16,934 - DEBUG - Loaded collision time for BConcave+gConvex+3900 at IoU 0.25: nan
2025-07-16 19:55:16,934 - DEBUG - Loaded collision time for BConcave+gConvex+3900 at IoU 0.3: nan
2025-07-16 19:55:16,935 - DEBUG - Loaded collision time for BConcave+gConvex+3900 at IoU 0.35: nan
2025-07-16 19:55:16,935 - DEBUG - Loaded collision time for BConcave+gConvex+3900 at IoU 0.4: nan
2025-07-16 19:55:16,935 - DEBUG - Loaded collision time for BConcave+gConvex+3900 at IoU 0.45: nan
2025-07-16 19:55:16,936 - DEBUG - Loaded collision time for BConcave+gConvex+3900 at IoU 0.5: nan
2025-07-16 19:55:16,936 - DEBUG - Loaded collision time for BConcave+gConvex+3900 at IoU 0.55: nan
2025-07-16 19:55:16,937 - DEBUG - Loaded collision time for BConcave+gConvex+3900 at IoU 0.6: nan
2025-07-16 19:55:16,937 - DEBUG - Loaded collision time for BConcave+gConvex+3900 at IoU 0.65: nan
2025-07-16 19:55:16,938 - DEBUG - Loaded collision time for BConcave+gConvex+3900 at IoU 0.7: nan
2025-07-16 19:55:16,938 - DEBUG - Loaded collision time for BConcave+gConvex+3900 at IoU 0.75: nan
2025-07-16 19:55:16,939 - DEBUG - Loaded collision time for BConcave+gConvex+3900 at IoU 0.8: nan
2025-07-16 19:55:16,939 - DEBUG - Loaded collision time for BConcave+gConvex+3900 at IoU 0.85: nan
2025-07-16 19:55:16,940 - DEBUG - Loaded collision time for BConcave+gConvex+3900 at IoU 0.9: nan
2025-07-16 19:55:16,940 - DEBUG - Loaded collision time for BConcave+gConvex+3900 at IoU 0.95: nan
2025-07-16 19:55:16,940 - INFO - Processing video: BConcave+gConvex+4100_flipped
2025-07-16 19:55:16,941 - INFO - Video BConcave+gConvex+4100_flipped already processed (found segformer_model-BConcave+gConvex+4100_flipped.mp4), skipping video processing...
2025-07-16 19:55:16,949 - INFO - VanillaSegmentationSaver initialized with output dir: /home/projects/bagon/andreyg/Projects/Object_reps_neural/Programming/hugging_face/model_experiments/segformer/exp2TTC/processed_videos/segformer_model-BConcave+gConvex+4100_flipped/org_segmentation
2025-07-16 19:55:16,954 - INFO - All collision results already exist for BConcave+gConvex+4100_flipped
2025-07-16 19:55:16,955 - DEBUG - Loaded collision time for BConcave+gConvex+4100_flipped at IoU 0.05: nan
2025-07-16 19:55:16,956 - DEBUG - Loaded collision time for BConcave+gConvex+4100_flipped at IoU 0.1: nan
2025-07-16 19:55:16,956 - DEBUG - Loaded collision time for BConcave+gConvex+4100_flipped at IoU 0.15: nan
2025-07-16 19:55:16,957 - DEBUG - Loaded collision time for BConcave+gConvex+4100_flipped at IoU 0.2: nan
2025-07-16 19:55:16,957 - DEBUG - Loaded collision time for BConcave+gConvex+4100_flipped at IoU 0.25: nan
2025-07-16 19:55:16,958 - DEBUG - Loaded collision time for BConcave+gConvex+4100_flipped at IoU 0.3: nan
2025-07-16 19:55:16,958 - DEBUG - Loaded collision time for BConcave+gConvex+4100_flipped at IoU 0.35: nan
2025-07-16 19:55:16,958 - DEBUG - Loaded collision time for BConcave+gConvex+4100_flipped at IoU 0.4: nan
2025-07-16 19:55:16,958 - DEBUG - Loaded collision time for BConcave+gConvex+4100_flipped at IoU 0.45: nan
2025-07-16 19:55:16,959 - DEBUG - Loaded collision time for BConcave+gConvex+4100_flipped at IoU 0.5: nan
2025-07-16 19:55:16,960 - DEBUG - Loaded collision time for BConcave+gConvex+4100_flipped at IoU 0.55: nan
2025-07-16 19:55:16,960 - DEBUG - Loaded collision time for BConcave+gConvex+4100_flipped at IoU 0.6: nan
2025-07-16 19:55:16,961 - DEBUG - Loaded collision time for BConcave+gConvex+4100_flipped at IoU 0.65: nan
2025-07-16 19:55:16,962 - DEBUG - Loaded collision time for BConcave+gConvex+4100_flipped at IoU 0.7: nan
2025-07-16 19:55:16,962 - DEBUG - Loaded collision time for BConcave+gConvex+4100_flipped at IoU 0.75: nan
2025-07-16 19:55:16,962 - DEBUG - Loaded collision time for BConcave+gConvex+4100_flipped at IoU 0.8: nan
2025-07-16 19:55:16,963 - DEBUG - Loaded collision time for BConcave+gConvex+4100_flipped at IoU 0.85: nan
2025-07-16 19:55:16,963 - DEBUG - Loaded collision time for BConcave+gConvex+4100_flipped at IoU 0.9: nan
2025-07-16 19:55:16,964 - DEBUG - Loaded collision time for BConcave+gConvex+4100_flipped at IoU 0.95: nan
2025-07-16 19:55:16,964 - INFO - Processing video: BConcave+gConvex+4300
2025-07-16 19:55:16,964 - INFO - Video BConcave+gConvex+4300 already processed (found segformer_model-BConcave+gConvex+4300.mp4), skipping video processing...
2025-07-16 19:55:16,973 - INFO - VanillaSegmentationSaver initialized with output dir: /home/projects/bagon/andreyg/Projects/Object_reps_neural/Programming/hugging_face/model_experiments/segformer/exp2TTC/processed_videos/segformer_model-BConcave+gConvex+4300/org_segmentation
2025-07-16 19:55:16,977 - INFO - All collision results already exist for BConcave+gConvex+4300
2025-07-16 19:55:16,978 - DEBUG - Loaded collision time for BConcave+gConvex+4300 at IoU 0.05: 4483.333333333333
2025-07-16 19:55:16,978 - DEBUG - Loaded collision time for BConcave+gConvex+4300 at IoU 0.1: 4683.333333333334
2025-07-16 19:55:16,979 - DEBUG - Loaded collision time for BConcave+gConvex+4300 at IoU 0.15: 4816.666666666666
2025-07-16 19:55:16,979 - DEBUG - Loaded collision time for BConcave+gConvex+4300 at IoU 0.2: nan
2025-07-16 19:55:16,979 - DEBUG - Loaded collision time for BConcave+gConvex+4300 at IoU 0.25: nan
2025-07-16 19:55:16,980 - DEBUG - Loaded collision time for BConcave+gConvex+4300 at IoU 0.3: nan
2025-07-16 19:55:16,980 - DEBUG - Loaded collision time for BConcave+gConvex+4300 at IoU 0.35: nan
2025-07-16 19:55:16,981 - DEBUG - Loaded collision time for BConcave+gConvex+4300 at IoU 0.4: nan
2025-07-16 19:55:16,981 - DEBUG - Loaded collision time for BConcave+gConvex+4300 at IoU 0.45: nan
2025-07-16 19:55:16,982 - DEBUG - Loaded collision time for BConcave+gConvex+4300 at IoU 0.5: nan
2025-07-16 19:55:16,982 - DEBUG - Loaded collision time for BConcave+gConvex+4300 at IoU 0.55: nan
2025-07-16 19:55:16,983 - DEBUG - Loaded collision time for BConcave+gConvex+4300 at IoU 0.6: nan
2025-07-16 19:55:16,983 - DEBUG - Loaded collision time for BConcave+gConvex+4300 at IoU 0.65: nan
2025-07-16 19:55:16,984 - DEBUG - Loaded collision time for BConcave+gConvex+4300 at IoU 0.7: nan
2025-07-16 19:55:16,984 - DEBUG - Loaded collision time for BConcave+gConvex+4300 at IoU 0.75: nan
2025-07-16 19:55:16,985 - DEBUG - Loaded collision time for BConcave+gConvex+4300 at IoU 0.8: nan
2025-07-16 19:55:16,985 - DEBUG - Loaded collision time for BConcave+gConvex+4300 at IoU 0.85: nan
2025-07-16 19:55:16,985 - DEBUG - Loaded collision time for BConcave+gConvex+4300 at IoU 0.9: nan
2025-07-16 19:55:16,986 - DEBUG - Loaded collision time for BConcave+gConvex+4300 at IoU 0.95: nan
2025-07-16 19:55:16,986 - INFO - Processing video: BConcave+gConvex+4500_flipped
2025-07-16 19:55:16,987 - INFO - Video BConcave+gConvex+4500_flipped already processed (found segformer_model-BConcave+gConvex+4500_flipped.mp4), skipping video processing...
2025-07-16 19:55:16,994 - INFO - VanillaSegmentationSaver initialized with output dir: /home/projects/bagon/andreyg/Projects/Object_reps_neural/Programming/hugging_face/model_experiments/segformer/exp2TTC/processed_videos/segformer_model-BConcave+gConvex+4500_flipped/org_segmentation
2025-07-16 19:55:16,999 - INFO - All collision results already exist for BConcave+gConvex+4500_flipped
2025-07-16 19:55:17,000 - DEBUG - Loaded collision time for BConcave+gConvex+4500_flipped at IoU 0.05: 3500.0
2025-07-16 19:55:17,000 - DEBUG - Loaded collision time for BConcave+gConvex+4500_flipped at IoU 0.1: 5433.333333333334
2025-07-16 19:55:17,001 - DEBUG - Loaded collision time for BConcave+gConvex+4500_flipped at IoU 0.15: nan
2025-07-16 19:55:17,001 - DEBUG - Loaded collision time for BConcave+gConvex+4500_flipped at IoU 0.2: nan
2025-07-16 19:55:17,002 - DEBUG - Loaded collision time for BConcave+gConvex+4500_flipped at IoU 0.25: nan
2025-07-16 19:55:17,002 - DEBUG - Loaded collision time for BConcave+gConvex+4500_flipped at IoU 0.3: nan
2025-07-16 19:55:17,002 - DEBUG - Loaded collision time for BConcave+gConvex+4500_flipped at IoU 0.35: nan
2025-07-16 19:55:17,003 - DEBUG - Loaded collision time for BConcave+gConvex+4500_flipped at IoU 0.4: nan
2025-07-16 19:55:17,003 - DEBUG - Loaded collision time for BConcave+gConvex+4500_flipped at IoU 0.45: nan
2025-07-16 19:55:17,004 - DEBUG - Loaded collision time for BConcave+gConvex+4500_flipped at IoU 0.5: nan
2025-07-16 19:55:17,004 - DEBUG - Loaded collision time for BConcave+gConvex+4500_flipped at IoU 0.55: nan
2025-07-16 19:55:17,004 - DEBUG - Loaded collision time for BConcave+gConvex+4500_flipped at IoU 0.6: nan
2025-07-16 19:55:17,005 - DEBUG - Loaded collision time for BConcave+gConvex+4500_flipped at IoU 0.65: nan
2025-07-16 19:55:17,005 - DEBUG - Loaded collision time for BConcave+gConvex+4500_flipped at IoU 0.7: nan
2025-07-16 19:55:17,005 - DEBUG - Loaded collision time for BConcave+gConvex+4500_flipped at IoU 0.75: nan
2025-07-16 19:55:17,006 - DEBUG - Loaded collision time for BConcave+gConvex+4500_flipped at IoU 0.8: nan
2025-07-16 19:55:17,006 - DEBUG - Loaded collision time for BConcave+gConvex+4500_flipped at IoU 0.85: nan
2025-07-16 19:55:17,007 - DEBUG - Loaded collision time for BConcave+gConvex+4500_flipped at IoU 0.9: nan
2025-07-16 19:55:17,007 - DEBUG - Loaded collision time for BConcave+gConvex+4500_flipped at IoU 0.95: nan
2025-07-16 19:55:17,007 - INFO - Processing video: BConcave+hConcave+3500_flipped
2025-07-16 19:55:17,008 - INFO - Video BConcave+hConcave+3500_flipped already processed (found segformer_model-BConcave+hConcave+3500_flipped.mp4), skipping video processing...
2025-07-16 19:55:17,014 - INFO - VanillaSegmentationSaver initialized with output dir: /home/projects/bagon/andreyg/Projects/Object_reps_neural/Programming/hugging_face/model_experiments/segformer/exp2TTC/processed_videos/segformer_model-BConcave+hConcave+3500_flipped/org_segmentation
2025-07-16 19:55:17,017 - INFO - All collision results already exist for BConcave+hConcave+3500_flipped
2025-07-16 19:55:17,018 - DEBUG - Loaded collision time for BConcave+hConcave+3500_flipped at IoU 0.05: 3983.3333333333335
2025-07-16 19:55:17,018 - DEBUG - Loaded collision time for BConcave+hConcave+3500_flipped at IoU 0.1: 4066.6666666666665
2025-07-16 19:55:17,018 - DEBUG - Loaded collision time for BConcave+hConcave+3500_flipped at IoU 0.15: 4150.0
2025-07-16 19:55:17,019 - DEBUG - Loaded collision time for BConcave+hConcave+3500_flipped at IoU 0.2: 4316.666666666666
2025-07-16 19:55:17,019 - DEBUG - Loaded collision time for BConcave+hConcave+3500_flipped at IoU 0.25: nan
2025-07-16 19:55:17,020 - DEBUG - Loaded collision time for BConcave+hConcave+3500_flipped at IoU 0.3: nan
2025-07-16 19:55:17,020 - DEBUG - Loaded collision time for BConcave+hConcave+3500_flipped at IoU 0.35: nan
2025-07-16 19:55:17,020 - DEBUG - Loaded collision time for BConcave+hConcave+3500_flipped at IoU 0.4: nan
2025-07-16 19:55:17,021 - DEBUG - Loaded collision time for BConcave+hConcave+3500_flipped at IoU 0.45: nan
2025-07-16 19:55:17,021 - DEBUG - Loaded collision time for BConcave+hConcave+3500_flipped at IoU 0.5: nan
2025-07-16 19:55:17,021 - DEBUG - Loaded collision time for BConcave+hConcave+3500_flipped at IoU 0.55: nan
2025-07-16 19:55:17,022 - DEBUG - Loaded collision time for BConcave+hConcave+3500_flipped at IoU 0.6: nan
2025-07-16 19:55:17,022 - DEBUG - Loaded collision time for BConcave+hConcave+3500_flipped at IoU 0.65: nan
2025-07-16 19:55:17,022 - DEBUG - Loaded collision time for BConcave+hConcave+3500_flipped at IoU 0.7: nan
2025-07-16 19:55:17,023 - DEBUG - Loaded collision time for BConcave+hConcave+3500_flipped at IoU 0.75: nan
2025-07-16 19:55:17,023 - DEBUG - Loaded collision time for BConcave+hConcave+3500_flipped at IoU 0.8: nan
2025-07-16 19:55:17,023 - DEBUG - Loaded collision time for BConcave+hConcave+3500_flipped at IoU 0.85: nan
2025-07-16 19:55:17,024 - DEBUG - Loaded collision time for BConcave+hConcave+3500_flipped at IoU 0.9: nan
2025-07-16 19:55:17,024 - DEBUG - Loaded collision time for BConcave+hConcave+3500_flipped at IoU 0.95: nan
2025-07-16 19:55:17,024 - INFO - Processing video: BConcave+hConcave+3700
2025-07-16 19:55:17,025 - INFO - Video BConcave+hConcave+3700 already processed (found segformer_model-BConcave+hConcave+3700.mp4), skipping video processing...
2025-07-16 19:55:17,031 - INFO - VanillaSegmentationSaver initialized with output dir: /home/projects/bagon/andreyg/Projects/Object_reps_neural/Programming/hugging_face/model_experiments/segformer/exp2TTC/processed_videos/segformer_model-BConcave+hConcave+3700/org_segmentation
2025-07-16 19:55:17,036 - INFO - All collision results already exist for BConcave+hConcave+3700
2025-07-16 19:55:17,037 - DEBUG - Loaded collision time for BConcave+hConcave+3700 at IoU 0.05: 4083.333333333333
2025-07-16 19:55:17,037 - DEBUG - Loaded collision time for BConcave+hConcave+3700 at IoU 0.1: 4250.0
2025-07-16 19:55:17,038 - DEBUG - Loaded collision time for BConcave+hConcave+3700 at IoU 0.15: 4366.666666666666
2025-07-16 19:55:17,038 - DEBUG - Loaded collision time for BConcave+hConcave+3700 at IoU 0.2: 4466.666666666667
2025-07-16 19:55:17,039 - DEBUG - Loaded collision time for BConcave+hConcave+3700 at IoU 0.25: 4550.0
2025-07-16 19:55:17,039 - DEBUG - Loaded collision time for BConcave+hConcave+3700 at IoU 0.3: 4666.666666666667
2025-07-16 19:55:17,039 - DEBUG - Loaded collision time for BConcave+hConcave+3700 at IoU 0.35: nan
2025-07-16 19:55:17,040 - DEBUG - Loaded collision time for BConcave+hConcave+3700 at IoU 0.4: nan
2025-07-16 19:55:17,040 - DEBUG - Loaded collision time for BConcave+hConcave+3700 at IoU 0.45: nan
2025-07-16 19:55:17,041 - DEBUG - Loaded collision time for BConcave+hConcave+3700 at IoU 0.5: nan
2025-07-16 19:55:17,041 - DEBUG - Loaded collision time for BConcave+hConcave+3700 at IoU 0.55: nan
2025-07-16 19:55:17,041 - DEBUG - Loaded collision time for BConcave+hConcave+3700 at IoU 0.6: nan
2025-07-16 19:55:17,042 - DEBUG - Loaded collision time for BConcave+hConcave+3700 at IoU 0.65: nan
2025-07-16 19:55:17,042 - DEBUG - Loaded collision time for BConcave+hConcave+3700 at IoU 0.7: nan
2025-07-16 19:55:17,042 - DEBUG - Loaded collision time for BConcave+hConcave+3700 at IoU 0.75: nan
2025-07-16 19:55:17,043 - DEBUG - Loaded collision time for BConcave+hConcave+3700 at IoU 0.8: nan
2025-07-16 19:55:17,043 - DEBUG - Loaded collision time for BConcave+hConcave+3700 at IoU 0.85: nan
2025-07-16 19:55:17,043 - DEBUG - Loaded collision time for BConcave+hConcave+3700 at IoU 0.9: nan
2025-07-16 19:55:17,044 - DEBUG - Loaded collision time for BConcave+hConcave+3700 at IoU 0.95: nan
2025-07-16 19:55:17,044 - INFO - Processing video: BConcave+hConcave+3900_flipped
2025-07-16 19:55:17,045 - INFO - Video BConcave+hConcave+3900_flipped already processed (found segformer_model-BConcave+hConcave+3900_flipped.mp4), skipping video processing...
2025-07-16 19:55:17,051 - INFO - VanillaSegmentationSaver initialized with output dir: /home/projects/bagon/andreyg/Projects/Object_reps_neural/Programming/hugging_face/model_experiments/segformer/exp2TTC/processed_videos/segformer_model-BConcave+hConcave+3900_flipped/org_segmentation
2025-07-16 19:55:17,055 - INFO - All collision results already exist for BConcave+hConcave+3900_flipped
2025-07-16 19:55:17,056 - DEBUG - Loaded collision time for BConcave+hConcave+3900_flipped at IoU 0.05: 4250.0
2025-07-16 19:55:17,056 - DEBUG - Loaded collision time for BConcave+hConcave+3900_flipped at IoU 0.1: 4383.333333333334
2025-07-16 19:55:17,057 - DEBUG - Loaded collision time for BConcave+hConcave+3900_flipped at IoU 0.15: 4466.666666666667
2025-07-16 19:55:17,057 - DEBUG - Loaded collision time for BConcave+hConcave+3900_flipped at IoU 0.2: 4550.0
2025-07-16 19:55:17,057 - DEBUG - Loaded collision time for BConcave+hConcave+3900_flipped at IoU 0.25: 4633.333333333334
2025-07-16 19:55:17,058 - DEBUG - Loaded collision time for BConcave+hConcave+3900_flipped at IoU 0.3: 4816.666666666666
2025-07-16 19:55:17,058 - DEBUG - Loaded collision time for BConcave+hConcave+3900_flipped at IoU 0.35: nan
2025-07-16 19:55:17,059 - DEBUG - Loaded collision time for BConcave+hConcave+3900_flipped at IoU 0.4: nan
2025-07-16 19:55:17,059 - DEBUG - Loaded collision time for BConcave+hConcave+3900_flipped at IoU 0.45: nan
2025-07-16 19:55:17,059 - DEBUG - Loaded collision time for BConcave+hConcave+3900_flipped at IoU 0.5: nan
2025-07-16 19:55:17,060 - DEBUG - Loaded collision time for BConcave+hConcave+3900_flipped at IoU 0.55: nan
2025-07-16 19:55:17,060 - DEBUG - Loaded collision time for BConcave+hConcave+3900_flipped at IoU 0.6: nan
2025-07-16 19:55:17,060 - DEBUG - Loaded collision time for BConcave+hConcave+3900_flipped at IoU 0.65: nan
2025-07-16 19:55:17,061 - DEBUG - Loaded collision time for BConcave+hConcave+3900_flipped at IoU 0.7: nan
2025-07-16 19:55:17,061 - DEBUG - Loaded collision time for BConcave+hConcave+3900_flipped at IoU 0.75: nan
2025-07-16 19:55:17,062 - DEBUG - Loaded collision time for BConcave+hConcave+3900_flipped at IoU 0.8: nan
2025-07-16 19:55:17,062 - DEBUG - Loaded collision time for BConcave+hConcave+3900_flipped at IoU 0.85: nan
2025-07-16 19:55:17,062 - DEBUG - Loaded collision time for BConcave+hConcave+3900_flipped at IoU 0.9: nan
2025-07-16 19:55:17,063 - DEBUG - Loaded collision time for BConcave+hConcave+3900_flipped at IoU 0.95: nan
2025-07-16 19:55:17,063 - INFO - Processing video: BConcave+hConcave+4100
2025-07-16 19:55:17,063 - INFO - Video BConcave+hConcave+4100 already processed (found segformer_model-BConcave+hConcave+4100.mp4), skipping video processing...
2025-07-16 19:55:17,070 - INFO - VanillaSegmentationSaver initialized with output dir: /home/projects/bagon/andreyg/Projects/Object_reps_neural/Programming/hugging_face/model_experiments/segformer/exp2TTC/processed_videos/segformer_model-BConcave+hConcave+4100/org_segmentation
2025-07-16 19:55:17,073 - INFO - All collision results already exist for BConcave+hConcave+4100
2025-07-16 19:55:17,074 - DEBUG - Loaded collision time for BConcave+hConcave+4100 at IoU 0.05: nan
2025-07-16 19:55:17,074 - DEBUG - Loaded collision time for BConcave+hConcave+4100 at IoU 0.1: nan
2025-07-16 19:55:17,074 - DEBUG - Loaded collision time for BConcave+hConcave+4100 at IoU 0.15: nan
2025-07-16 19:55:17,075 - DEBUG - Loaded collision time for BConcave+hConcave+4100 at IoU 0.2: nan
2025-07-16 19:55:17,075 - DEBUG - Loaded collision time for BConcave+hConcave+4100 at IoU 0.25: nan
2025-07-16 19:55:17,075 - DEBUG - Loaded collision time for BConcave+hConcave+4100 at IoU 0.3: nan
2025-07-16 19:55:17,076 - DEBUG - Loaded collision time for BConcave+hConcave+4100 at IoU 0.35: nan
2025-07-16 19:55:17,076 - DEBUG - Loaded collision time for BConcave+hConcave+4100 at IoU 0.4: nan
2025-07-16 19:55:17,076 - DEBUG - Loaded collision time for BConcave+hConcave+4100 at IoU 0.45: nan
2025-07-16 19:55:17,077 - DEBUG - Loaded collision time for BConcave+hConcave+4100 at IoU 0.5: nan
2025-07-16 19:55:17,077 - DEBUG - Loaded collision time for BConcave+hConcave+4100 at IoU 0.55: nan
2025-07-16 19:55:17,077 - DEBUG - Loaded collision time for BConcave+hConcave+4100 at IoU 0.6: nan
2025-07-16 19:55:17,078 - DEBUG - Loaded collision time for BConcave+hConcave+4100 at IoU 0.65: nan
2025-07-16 19:55:17,078 - DEBUG - Loaded collision time for BConcave+hConcave+4100 at IoU 0.7: nan
2025-07-16 19:55:17,078 - DEBUG - Loaded collision time for BConcave+hConcave+4100 at IoU 0.75: nan
2025-07-16 19:55:17,079 - DEBUG - Loaded collision time for BConcave+hConcave+4100 at IoU 0.8: nan
2025-07-16 19:55:17,079 - DEBUG - Loaded collision time for BConcave+hConcave+4100 at IoU 0.85: nan
2025-07-16 19:55:17,080 - DEBUG - Loaded collision time for BConcave+hConcave+4100 at IoU 0.9: nan
2025-07-16 19:55:17,080 - DEBUG - Loaded collision time for BConcave+hConcave+4100 at IoU 0.95: nan
2025-07-16 19:55:17,080 - INFO - Processing video: BConcave+hConcave+4300_flipped
2025-07-16 19:55:17,081 - INFO - Video BConcave+hConcave+4300_flipped already processed (found segformer_model-BConcave+hConcave+4300_flipped.mp4), skipping video processing...
2025-07-16 19:55:17,087 - INFO - VanillaSegmentationSaver initialized with output dir: /home/projects/bagon/andreyg/Projects/Object_reps_neural/Programming/hugging_face/model_experiments/segformer/exp2TTC/processed_videos/segformer_model-BConcave+hConcave+4300_flipped/org_segmentation
2025-07-16 19:55:17,091 - INFO - All collision results already exist for BConcave+hConcave+4300_flipped
2025-07-16 19:55:17,091 - DEBUG - Loaded collision time for BConcave+hConcave+4300_flipped at IoU 0.05: 4783.333333333333
2025-07-16 19:55:17,091 - DEBUG - Loaded collision time for BConcave+hConcave+4300_flipped at IoU 0.1: 4916.666666666667
2025-07-16 19:55:17,092 - DEBUG - Loaded collision time for BConcave+hConcave+4300_flipped at IoU 0.15: 5050.0
2025-07-16 19:55:17,092 - DEBUG - Loaded collision time for BConcave+hConcave+4300_flipped at IoU 0.2: nan
2025-07-16 19:55:17,093 - DEBUG - Loaded collision time for BConcave+hConcave+4300_flipped at IoU 0.25: nan
2025-07-16 19:55:17,093 - DEBUG - Loaded collision time for BConcave+hConcave+4300_flipped at IoU 0.3: nan
2025-07-16 19:55:17,093 - DEBUG - Loaded collision time for BConcave+hConcave+4300_flipped at IoU 0.35: nan
2025-07-16 19:55:17,094 - DEBUG - Loaded collision time for BConcave+hConcave+4300_flipped at IoU 0.4: nan
2025-07-16 19:55:17,094 - DEBUG - Loaded collision time for BConcave+hConcave+4300_flipped at IoU 0.45: nan
2025-07-16 19:55:17,095 - DEBUG - Loaded collision time for BConcave+hConcave+4300_flipped at IoU 0.5: nan
2025-07-16 19:55:17,095 - DEBUG - Loaded collision time for BConcave+hConcave+4300_flipped at IoU 0.55: nan
2025-07-16 19:55:17,095 - DEBUG - Loaded collision time for BConcave+hConcave+4300_flipped at IoU 0.6: nan
2025-07-16 19:55:17,096 - DEBUG - Loaded collision time for BConcave+hConcave+4300_flipped at IoU 0.65: nan
2025-07-16 19:55:17,096 - DEBUG - Loaded collision time for BConcave+hConcave+4300_flipped at IoU 0.7: nan
2025-07-16 19:55:17,096 - DEBUG - Loaded collision time for BConcave+hConcave+4300_flipped at IoU 0.75: nan
2025-07-16 19:55:17,097 - DEBUG - Loaded collision time for BConcave+hConcave+4300_flipped at IoU 0.8: nan
2025-07-16 19:55:17,097 - DEBUG - Loaded collision time for BConcave+hConcave+4300_flipped at IoU 0.85: nan
2025-07-16 19:55:17,097 - DEBUG - Loaded collision time for BConcave+hConcave+4300_flipped at IoU 0.9: nan
2025-07-16 19:55:17,098 - DEBUG - Loaded collision time for BConcave+hConcave+4300_flipped at IoU 0.95: nan
2025-07-16 19:55:17,098 - INFO - Processing video: BConcave+hConcave+4500
2025-07-16 19:55:17,099 - INFO - Video BConcave+hConcave+4500 already processed (found segformer_model-BConcave+hConcave+4500.mp4), skipping video processing...
2025-07-16 19:55:17,105 - INFO - VanillaSegmentationSaver initialized with output dir: /home/projects/bagon/andreyg/Projects/Object_reps_neural/Programming/hugging_face/model_experiments/segformer/exp2TTC/processed_videos/segformer_model-BConcave+hConcave+4500/org_segmentation
2025-07-16 19:55:17,109 - INFO - All collision results already exist for BConcave+hConcave+4500
2025-07-16 19:55:17,109 - DEBUG - Loaded collision time for BConcave+hConcave+4500 at IoU 0.05: nan
2025-07-16 19:55:17,110 - DEBUG - Loaded collision time for BConcave+hConcave+4500 at IoU 0.1: nan
2025-07-16 19:55:17,110 - DEBUG - Loaded collision time for BConcave+hConcave+4500 at IoU 0.15: nan
2025-07-16 19:55:17,110 - DEBUG - Loaded collision time for BConcave+hConcave+4500 at IoU 0.2: nan
2025-07-16 19:55:17,111 - DEBUG - Loaded collision time for BConcave+hConcave+4500 at IoU 0.25: nan
2025-07-16 19:55:17,111 - DEBUG - Loaded collision time for BConcave+hConcave+4500 at IoU 0.3: nan
2025-07-16 19:55:17,112 - DEBUG - Loaded collision time for BConcave+hConcave+4500 at IoU 0.35: nan
2025-07-16 19:55:17,112 - DEBUG - Loaded collision time for BConcave+hConcave+4500 at IoU 0.4: nan
2025-07-16 19:55:17,112 - DEBUG - Loaded collision time for BConcave+hConcave+4500 at IoU 0.45: nan
2025-07-16 19:55:17,113 - DEBUG - Loaded collision time for BConcave+hConcave+4500 at IoU 0.5: nan
2025-07-16 19:55:17,113 - DEBUG - Loaded collision time for BConcave+hConcave+4500 at IoU 0.55: nan
2025-07-16 19:55:17,113 - DEBUG - Loaded collision time for BConcave+hConcave+4500 at IoU 0.6: nan
2025-07-16 19:55:17,114 - DEBUG - Loaded collision time for BConcave+hConcave+4500 at IoU 0.65: nan
2025-07-16 19:55:17,114 - DEBUG - Loaded collision time for BConcave+hConcave+4500 at IoU 0.7: nan
2025-07-16 19:55:17,115 - DEBUG - Loaded collision time for BConcave+hConcave+4500 at IoU 0.75: nan
2025-07-16 19:55:17,115 - DEBUG - Loaded collision time for BConcave+hConcave+4500 at IoU 0.8: nan
2025-07-16 19:55:17,115 - DEBUG - Loaded collision time for BConcave+hConcave+4500 at IoU 0.85: nan
2025-07-16 19:55:17,116 - DEBUG - Loaded collision time for BConcave+hConcave+4500 at IoU 0.9: nan
2025-07-16 19:55:17,116 - DEBUG - Loaded collision time for BConcave+hConcave+4500 at IoU 0.95: nan
2025-07-16 19:55:17,116 - INFO - Processing video: BConcave+hConvex+3500
2025-07-16 19:55:17,117 - INFO - Video BConcave+hConvex+3500 already processed (found segformer_model-BConcave+hConvex+3500.mp4), skipping video processing...
2025-07-16 19:55:17,123 - INFO - VanillaSegmentationSaver initialized with output dir: /home/projects/bagon/andreyg/Projects/Object_reps_neural/Programming/hugging_face/model_experiments/segformer/exp2TTC/processed_videos/segformer_model-BConcave+hConvex+3500/org_segmentation
2025-07-16 19:55:17,127 - INFO - All collision results already exist for BConcave+hConvex+3500
2025-07-16 19:55:17,128 - DEBUG - Loaded collision time for BConcave+hConvex+3500 at IoU 0.05: 4250.0
2025-07-16 19:55:17,128 - DEBUG - Loaded collision time for BConcave+hConvex+3500 at IoU 0.1: 4400.0
2025-07-16 19:55:17,128 - DEBUG - Loaded collision time for BConcave+hConvex+3500 at IoU 0.15: 4516.666666666667
2025-07-16 19:55:17,129 - DEBUG - Loaded collision time for BConcave+hConvex+3500 at IoU 0.2: 4600.0
2025-07-16 19:55:17,129 - DEBUG - Loaded collision time for BConcave+hConvex+3500 at IoU 0.25: nan
2025-07-16 19:55:17,130 - DEBUG - Loaded collision time for BConcave+hConvex+3500 at IoU 0.3: nan
2025-07-16 19:55:17,130 - DEBUG - Loaded collision time for BConcave+hConvex+3500 at IoU 0.35: nan
2025-07-16 19:55:17,131 - DEBUG - Loaded collision time for BConcave+hConvex+3500 at IoU 0.4: nan
2025-07-16 19:55:17,131 - DEBUG - Loaded collision time for BConcave+hConvex+3500 at IoU 0.45: nan
2025-07-16 19:55:17,131 - DEBUG - Loaded collision time for BConcave+hConvex+3500 at IoU 0.5: nan
2025-07-16 19:55:17,132 - DEBUG - Loaded collision time for BConcave+hConvex+3500 at IoU 0.55: nan
2025-07-16 19:55:17,132 - DEBUG - Loaded collision time for BConcave+hConvex+3500 at IoU 0.6: nan
2025-07-16 19:55:17,132 - DEBUG - Loaded collision time for BConcave+hConvex+3500 at IoU 0.65: nan
2025-07-16 19:55:17,133 - DEBUG - Loaded collision time for BConcave+hConvex+3500 at IoU 0.7: nan
2025-07-16 19:55:17,133 - DEBUG - Loaded collision time for BConcave+hConvex+3500 at IoU 0.75: nan
2025-07-16 19:55:17,134 - DEBUG - Loaded collision time for BConcave+hConvex+3500 at IoU 0.8: nan
2025-07-16 19:55:17,135 - DEBUG - Loaded collision time for BConcave+hConvex+3500 at IoU 0.85: nan
2025-07-16 19:55:17,135 - DEBUG - Loaded collision time for BConcave+hConvex+3500 at IoU 0.9: nan
2025-07-16 19:55:17,136 - DEBUG - Loaded collision time for BConcave+hConvex+3500 at IoU 0.95: nan
2025-07-16 19:55:17,136 - INFO - Processing video: BConcave+hConvex+3700_flipped
2025-07-16 19:55:17,136 - INFO - Video BConcave+hConvex+3700_flipped already processed (found segformer_model-BConcave+hConvex+3700_flipped.mp4), skipping video processing...
2025-07-16 19:55:17,143 - INFO - VanillaSegmentationSaver initialized with output dir: /home/projects/bagon/andreyg/Projects/Object_reps_neural/Programming/hugging_face/model_experiments/segformer/exp2TTC/processed_videos/segformer_model-BConcave+hConvex+3700_flipped/org_segmentation
2025-07-16 19:55:17,146 - INFO - All collision results already exist for BConcave+hConvex+3700_flipped
2025-07-16 19:55:17,147 - DEBUG - Loaded collision time for BConcave+hConvex+3700_flipped at IoU 0.05: 4133.333333333334
2025-07-16 19:55:17,148 - DEBUG - Loaded collision time for BConcave+hConvex+3700_flipped at IoU 0.1: 4416.666666666667
2025-07-16 19:55:17,148 - DEBUG - Loaded collision time for BConcave+hConvex+3700_flipped at IoU 0.15: 4616.666666666666
2025-07-16 19:55:17,149 - DEBUG - Loaded collision time for BConcave+hConvex+3700_flipped at IoU 0.2: 4766.666666666667
2025-07-16 19:55:17,149 - DEBUG - Loaded collision time for BConcave+hConvex+3700_flipped at IoU 0.25: 4916.666666666667
2025-07-16 19:55:17,150 - DEBUG - Loaded collision time for BConcave+hConvex+3700_flipped at IoU 0.3: nan
2025-07-16 19:55:17,151 - DEBUG - Loaded collision time for BConcave+hConvex+3700_flipped at IoU 0.35: nan
2025-07-16 19:55:17,151 - DEBUG - Loaded collision time for BConcave+hConvex+3700_flipped at IoU 0.4: nan
2025-07-16 19:55:17,152 - DEBUG - Loaded collision time for BConcave+hConvex+3700_flipped at IoU 0.45: nan
2025-07-16 19:55:17,152 - DEBUG - Loaded collision time for BConcave+hConvex+3700_flipped at IoU 0.5: nan
2025-07-16 19:55:17,153 - DEBUG - Loaded collision time for BConcave+hConvex+3700_flipped at IoU 0.55: nan
2025-07-16 19:55:17,153 - DEBUG - Loaded collision time for BConcave+hConvex+3700_flipped at IoU 0.6: nan
2025-07-16 19:55:17,154 - DEBUG - Loaded collision time for BConcave+hConvex+3700_flipped at IoU 0.65: nan
2025-07-16 19:55:17,155 - DEBUG - Loaded collision time for BConcave+hConvex+3700_flipped at IoU 0.7: nan
2025-07-16 19:55:17,155 - DEBUG - Loaded collision time for BConcave+hConvex+3700_flipped at IoU 0.75: nan
2025-07-16 19:55:17,156 - DEBUG - Loaded collision time for BConcave+hConvex+3700_flipped at IoU 0.8: nan
2025-07-16 19:55:17,156 - DEBUG - Loaded collision time for BConcave+hConvex+3700_flipped at IoU 0.85: nan
2025-07-16 19:55:17,157 - DEBUG - Loaded collision time for BConcave+hConvex+3700_flipped at IoU 0.9: nan
2025-07-16 19:55:17,157 - DEBUG - Loaded collision time for BConcave+hConvex+3700_flipped at IoU 0.95: nan
2025-07-16 19:55:17,158 - INFO - Processing video: BConcave+hConvex+3900
2025-07-16 19:55:17,158 - INFO - Video BConcave+hConvex+3900 already processed (found segformer_model-BConcave+hConvex+3900.mp4), skipping video processing...
2025-07-16 19:55:17,166 - INFO - VanillaSegmentationSaver initialized with output dir: /home/projects/bagon/andreyg/Projects/Object_reps_neural/Programming/hugging_face/model_experiments/segformer/exp2TTC/processed_videos/segformer_model-BConcave+hConvex+3900/org_segmentation
2025-07-16 19:55:17,170 - INFO - All collision results already exist for BConcave+hConvex+3900
2025-07-16 19:55:17,171 - DEBUG - Loaded collision time for BConcave+hConvex+3900 at IoU 0.05: 4433.333333333334
2025-07-16 19:55:17,171 - DEBUG - Loaded collision time for BConcave+hConvex+3900 at IoU 0.1: 4733.333333333333
2025-07-16 19:55:17,172 - DEBUG - Loaded collision time for BConcave+hConvex+3900 at IoU 0.15: 4900.0
2025-07-16 19:55:17,172 - DEBUG - Loaded collision time for BConcave+hConvex+3900 at IoU 0.2: 5116.666666666666
2025-07-16 19:55:17,172 - DEBUG - Loaded collision time for BConcave+hConvex+3900 at IoU 0.25: nan
2025-07-16 19:55:17,173 - DEBUG - Loaded collision time for BConcave+hConvex+3900 at IoU 0.3: nan
2025-07-16 19:55:17,173 - DEBUG - Loaded collision time for BConcave+hConvex+3900 at IoU 0.35: nan
2025-07-16 19:55:17,173 - DEBUG - Loaded collision time for BConcave+hConvex+3900 at IoU 0.4: nan
2025-07-16 19:55:17,174 - DEBUG - Loaded collision time for BConcave+hConvex+3900 at IoU 0.45: nan
2025-07-16 19:55:17,174 - DEBUG - Loaded collision time for BConcave+hConvex+3900 at IoU 0.5: nan
2025-07-16 19:55:17,175 - DEBUG - Loaded collision time for BConcave+hConvex+3900 at IoU 0.55: nan
2025-07-16 19:55:17,176 - DEBUG - Loaded collision time for BConcave+hConvex+3900 at IoU 0.6: nan
2025-07-16 19:55:17,176 - DEBUG - Loaded collision time for BConcave+hConvex+3900 at IoU 0.65: nan
2025-07-16 19:55:17,177 - DEBUG - Loaded collision time for BConcave+hConvex+3900 at IoU 0.7: nan
2025-07-16 19:55:17,178 - DEBUG - Loaded collision time for BConcave+hConvex+3900 at IoU 0.75: nan
2025-07-16 19:55:17,178 - DEBUG - Loaded collision time for BConcave+hConvex+3900 at IoU 0.8: nan
2025-07-16 19:55:17,179 - DEBUG - Loaded collision time for BConcave+hConvex+3900 at IoU 0.85: nan
2025-07-16 19:55:17,179 - DEBUG - Loaded collision time for BConcave+hConvex+3900 at IoU 0.9: nan
2025-07-16 19:55:17,180 - DEBUG - Loaded collision time for BConcave+hConvex+3900 at IoU 0.95: nan
2025-07-16 19:55:17,180 - INFO - Processing video: BConcave+hConvex+4100_flipped
2025-07-16 19:55:17,181 - INFO - Video BConcave+hConvex+4100_flipped already processed (found segformer_model-BConcave+hConvex+4100_flipped.mp4), skipping video processing...
2025-07-16 19:55:17,189 - INFO - VanillaSegmentationSaver initialized with output dir: /home/projects/bagon/andreyg/Projects/Object_reps_neural/Programming/hugging_face/model_experiments/segformer/exp2TTC/processed_videos/segformer_model-BConcave+hConvex+4100_flipped/org_segmentation
2025-07-16 19:55:17,195 - INFO - All collision results already exist for BConcave+hConvex+4100_flipped
2025-07-16 19:55:17,195 - DEBUG - Loaded collision time for BConcave+hConvex+4100_flipped at IoU 0.05: 4650.0
2025-07-16 19:55:17,196 - DEBUG - Loaded collision time for BConcave+hConvex+4100_flipped at IoU 0.1: 4833.333333333333
2025-07-16 19:55:17,197 - DEBUG - Loaded collision time for BConcave+hConvex+4100_flipped at IoU 0.15: 5000.0
2025-07-16 19:55:17,197 - DEBUG - Loaded collision time for BConcave+hConvex+4100_flipped at IoU 0.2: 5183.333333333334
2025-07-16 19:55:17,198 - DEBUG - Loaded collision time for BConcave+hConvex+4100_flipped at IoU 0.25: 5383.333333333334
2025-07-16 19:55:17,199 - DEBUG - Loaded collision time for BConcave+hConvex+4100_flipped at IoU 0.3: nan
2025-07-16 19:55:17,199 - DEBUG - Loaded collision time for BConcave+hConvex+4100_flipped at IoU 0.35: nan
2025-07-16 19:55:17,200 - DEBUG - Loaded collision time for BConcave+hConvex+4100_flipped at IoU 0.4: nan
2025-07-16 19:55:17,200 - DEBUG - Loaded collision time for BConcave+hConvex+4100_flipped at IoU 0.45: nan
2025-07-16 19:55:17,200 - DEBUG - Loaded collision time for BConcave+hConvex+4100_flipped at IoU 0.5: nan
2025-07-16 19:55:17,201 - DEBUG - Loaded collision time for BConcave+hConvex+4100_flipped at IoU 0.55: nan
2025-07-16 19:55:17,202 - DEBUG - Loaded collision time for BConcave+hConvex+4100_flipped at IoU 0.6: nan
2025-07-16 19:55:17,202 - DEBUG - Loaded collision time for BConcave+hConvex+4100_flipped at IoU 0.65: nan
2025-07-16 19:55:17,203 - DEBUG - Loaded collision time for BConcave+hConvex+4100_flipped at IoU 0.7: nan
2025-07-16 19:55:17,203 - DEBUG - Loaded collision time for BConcave+hConvex+4100_flipped at IoU 0.75: nan
2025-07-16 19:55:17,203 - DEBUG - Loaded collision time for BConcave+hConvex+4100_flipped at IoU 0.8: nan
2025-07-16 19:55:17,204 - DEBUG - Loaded collision time for BConcave+hConvex+4100_flipped at IoU 0.85: nan
2025-07-16 19:55:17,204 - DEBUG - Loaded collision time for BConcave+hConvex+4100_flipped at IoU 0.9: nan
2025-07-16 19:55:17,205 - DEBUG - Loaded collision time for BConcave+hConvex+4100_flipped at IoU 0.95: nan
2025-07-16 19:55:17,205 - INFO - Processing video: BConcave+hConvex+4300
2025-07-16 19:55:17,206 - INFO - Video BConcave+hConvex+4300 already processed (found segformer_model-BConcave+hConvex+4300.mp4), skipping video processing...
2025-07-16 19:55:17,213 - INFO - VanillaSegmentationSaver initialized with output dir: /home/projects/bagon/andreyg/Projects/Object_reps_neural/Programming/hugging_face/model_experiments/segformer/exp2TTC/processed_videos/segformer_model-BConcave+hConvex+4300/org_segmentation
2025-07-16 19:55:17,217 - INFO - All collision results already exist for BConcave+hConvex+4300
2025-07-16 19:55:17,218 - DEBUG - Loaded collision time for BConcave+hConvex+4300 at IoU 0.05: nan
2025-07-16 19:55:17,218 - DEBUG - Loaded collision time for BConcave+hConvex+4300 at IoU 0.1: nan
2025-07-16 19:55:17,219 - DEBUG - Loaded collision time for BConcave+hConvex+4300 at IoU 0.15: nan
2025-07-16 19:55:17,219 - DEBUG - Loaded collision time for BConcave+hConvex+4300 at IoU 0.2: nan
2025-07-16 19:55:17,219 - DEBUG - Loaded collision time for BConcave+hConvex+4300 at IoU 0.25: nan
2025-07-16 19:55:17,220 - DEBUG - Loaded collision time for BConcave+hConvex+4300 at IoU 0.3: nan
2025-07-16 19:55:17,220 - DEBUG - Loaded collision time for BConcave+hConvex+4300 at IoU 0.35: nan
2025-07-16 19:55:17,221 - DEBUG - Loaded collision time for BConcave+hConvex+4300 at IoU 0.4: nan
2025-07-16 19:55:17,221 - DEBUG - Loaded collision time for BConcave+hConvex+4300 at IoU 0.45: nan
2025-07-16 19:55:17,221 - DEBUG - Loaded collision time for BConcave+hConvex+4300 at IoU 0.5: nan
2025-07-16 19:55:17,222 - DEBUG - Loaded collision time for BConcave+hConvex+4300 at IoU 0.55: nan
2025-07-16 19:55:17,222 - DEBUG - Loaded collision time for BConcave+hConvex+4300 at IoU 0.6: nan
2025-07-16 19:55:17,222 - DEBUG - Loaded collision time for BConcave+hConvex+4300 at IoU 0.65: nan
2025-07-16 19:55:17,223 - DEBUG - Loaded collision time for BConcave+hConvex+4300 at IoU 0.7: nan
2025-07-16 19:55:17,223 - DEBUG - Loaded collision time for BConcave+hConvex+4300 at IoU 0.75: nan
2025-07-16 19:55:17,224 - DEBUG - Loaded collision time for BConcave+hConvex+4300 at IoU 0.8: nan
2025-07-16 19:55:17,225 - DEBUG - Loaded collision time for BConcave+hConvex+4300 at IoU 0.85: nan
2025-07-16 19:55:17,225 - DEBUG - Loaded collision time for BConcave+hConvex+4300 at IoU 0.9: nan
2025-07-16 19:55:17,226 - DEBUG - Loaded collision time for BConcave+hConvex+4300 at IoU 0.95: nan
2025-07-16 19:55:17,226 - INFO - Processing video: BConcave+hConvex+4500_flipped
2025-07-16 19:55:17,227 - INFO - Video BConcave+hConvex+4500_flipped already processed (found segformer_model-BConcave+hConvex+4500_flipped.mp4), skipping video processing...
2025-07-16 19:55:17,235 - INFO - VanillaSegmentationSaver initialized with output dir: /home/projects/bagon/andreyg/Projects/Object_reps_neural/Programming/hugging_face/model_experiments/segformer/exp2TTC/processed_videos/segformer_model-BConcave+hConvex+4500_flipped/org_segmentation
2025-07-16 19:55:17,241 - INFO - All collision results already exist for BConcave+hConvex+4500_flipped
2025-07-16 19:55:17,242 - DEBUG - Loaded collision time for BConcave+hConvex+4500_flipped at IoU 0.05: 5000.0
2025-07-16 19:55:17,243 - DEBUG - Loaded collision time for BConcave+hConvex+4500_flipped at IoU 0.1: 5183.333333333334
2025-07-16 19:55:17,243 - DEBUG - Loaded collision time for BConcave+hConvex+4500_flipped at IoU 0.15: 5366.666666666666
2025-07-16 19:55:17,244 - DEBUG - Loaded collision time for BConcave+hConvex+4500_flipped at IoU 0.2: nan
2025-07-16 19:55:17,244 - DEBUG - Loaded collision time for BConcave+hConvex+4500_flipped at IoU 0.25: nan
2025-07-16 19:55:17,245 - DEBUG - Loaded collision time for BConcave+hConvex+4500_flipped at IoU 0.3: nan
2025-07-16 19:55:17,245 - DEBUG - Loaded collision time for BConcave+hConvex+4500_flipped at IoU 0.35: nan
2025-07-16 19:55:17,245 - DEBUG - Loaded collision time for BConcave+hConvex+4500_flipped at IoU 0.4: nan
2025-07-16 19:55:17,246 - DEBUG - Loaded collision time for BConcave+hConvex+4500_flipped at IoU 0.45: nan
2025-07-16 19:55:17,247 - DEBUG - Loaded collision time for BConcave+hConvex+4500_flipped at IoU 0.5: nan
2025-07-16 19:55:17,247 - DEBUG - Loaded collision time for BConcave+hConvex+4500_flipped at IoU 0.55: nan
2025-07-16 19:55:17,247 - DEBUG - Loaded collision time for BConcave+hConvex+4500_flipped at IoU 0.6: nan
2025-07-16 19:55:17,248 - DEBUG - Loaded collision time for BConcave+hConvex+4500_flipped at IoU 0.65: nan
2025-07-16 19:55:17,248 - DEBUG - Loaded collision time for BConcave+hConvex+4500_flipped at IoU 0.7: nan
2025-07-16 19:55:17,249 - DEBUG - Loaded collision time for BConcave+hConvex+4500_flipped at IoU 0.75: nan
2025-07-16 19:55:17,249 - DEBUG - Loaded collision time for BConcave+hConvex+4500_flipped at IoU 0.8: nan
2025-07-16 19:55:17,249 - DEBUG - Loaded collision time for BConcave+hConvex+4500_flipped at IoU 0.85: nan
2025-07-16 19:55:17,250 - DEBUG - Loaded collision time for BConcave+hConvex+4500_flipped at IoU 0.9: nan
2025-07-16 19:55:17,250 - DEBUG - Loaded collision time for BConcave+hConvex+4500_flipped at IoU 0.95: nan
2025-07-16 19:55:17,250 - INFO - Processing video: squareA+squareP+4433+L
2025-07-16 19:55:17,251 - INFO - Video squareA+squareP+4433+L already processed (found segformer_model-squareA+squareP+4433+L.mp4), skipping video processing...
2025-07-16 19:55:17,258 - INFO - VanillaSegmentationSaver initialized with output dir: /home/projects/bagon/andreyg/Projects/Object_reps_neural/Programming/hugging_face/model_experiments/segformer/exp2TTC/processed_videos/segformer_model-squareA+squareP+4433+L/org_segmentation
2025-07-16 19:55:17,264 - INFO - All collision results already exist for squareA+squareP+4433+L
2025-07-16 19:55:17,264 - DEBUG - Loaded collision time for squareA+squareP+4433+L at IoU 0.05: 4566.666666666666
2025-07-16 19:55:17,265 - DEBUG - Loaded collision time for squareA+squareP+4433+L at IoU 0.1: 4616.666666666666
2025-07-16 19:55:17,266 - DEBUG - Loaded collision time for squareA+squareP+4433+L at IoU 0.15: 4733.333333333333
2025-07-16 19:55:17,266 - DEBUG - Loaded collision time for squareA+squareP+4433+L at IoU 0.2: 4766.666666666667
2025-07-16 19:55:17,267 - DEBUG - Loaded collision time for squareA+squareP+4433+L at IoU 0.25: 4833.333333333333
2025-07-16 19:55:17,267 - DEBUG - Loaded collision time for squareA+squareP+4433+L at IoU 0.3: 4866.666666666666
2025-07-16 19:55:17,268 - DEBUG - Loaded collision time for squareA+squareP+4433+L at IoU 0.35: 4950.0
2025-07-16 19:55:17,268 - DEBUG - Loaded collision time for squareA+squareP+4433+L at IoU 0.4: 5033.333333333333
2025-07-16 19:55:17,268 - DEBUG - Loaded collision time for squareA+squareP+4433+L at IoU 0.45: 5050.0
2025-07-16 19:55:17,269 - DEBUG - Loaded collision time for squareA+squareP+4433+L at IoU 0.5: 5116.666666666666
2025-07-16 19:55:17,269 - DEBUG - Loaded collision time for squareA+squareP+4433+L at IoU 0.55: 5133.333333333334
2025-07-16 19:55:17,270 - DEBUG - Loaded collision time for squareA+squareP+4433+L at IoU 0.6: 5216.666666666667
2025-07-16 19:55:17,270 - DEBUG - Loaded collision time for squareA+squareP+4433+L at IoU 0.65: 5216.666666666667
2025-07-16 19:55:17,271 - DEBUG - Loaded collision time for squareA+squareP+4433+L at IoU 0.7: 5233.333333333333
2025-07-16 19:55:17,271 - DEBUG - Loaded collision time for squareA+squareP+4433+L at IoU 0.75: 5283.333333333333
2025-07-16 19:55:17,272 - DEBUG - Loaded collision time for squareA+squareP+4433+L at IoU 0.8: nan
2025-07-16 19:55:17,273 - DEBUG - Loaded collision time for squareA+squareP+4433+L at IoU 0.85: nan
2025-07-16 19:55:17,273 - DEBUG - Loaded collision time for squareA+squareP+4433+L at IoU 0.9: nan
2025-07-16 19:55:17,274 - DEBUG - Loaded collision time for squareA+squareP+4433+L at IoU 0.95: nan
2025-07-16 19:55:17,274 - INFO - Processing video: squareA+squareP+4433+R_flipped
2025-07-16 19:55:17,276 - INFO - Video squareA+squareP+4433+R_flipped already processed (found segformer_model-squareA+squareP+4433+R_flipped.mp4), skipping video processing...
2025-07-16 19:55:17,284 - INFO - VanillaSegmentationSaver initialized with output dir: /home/projects/bagon/andreyg/Projects/Object_reps_neural/Programming/hugging_face/model_experiments/segformer/exp2TTC/processed_videos/segformer_model-squareA+squareP+4433+R_flipped/org_segmentation
2025-07-16 19:55:17,289 - INFO - All collision results already exist for squareA+squareP+4433+R_flipped
2025-07-16 19:55:17,290 - DEBUG - Loaded collision time for squareA+squareP+4433+R_flipped at IoU 0.05: nan
2025-07-16 19:55:17,290 - DEBUG - Loaded collision time for squareA+squareP+4433+R_flipped at IoU 0.1: nan
2025-07-16 19:55:17,291 - DEBUG - Loaded collision time for squareA+squareP+4433+R_flipped at IoU 0.15: nan
2025-07-16 19:55:17,291 - DEBUG - Loaded collision time for squareA+squareP+4433+R_flipped at IoU 0.2: nan
2025-07-16 19:55:17,292 - DEBUG - Loaded collision time for squareA+squareP+4433+R_flipped at IoU 0.25: nan
2025-07-16 19:55:17,292 - DEBUG - Loaded collision time for squareA+squareP+4433+R_flipped at IoU 0.3: nan
2025-07-16 19:55:17,293 - DEBUG - Loaded collision time for squareA+squareP+4433+R_flipped at IoU 0.35: nan
2025-07-16 19:55:17,293 - DEBUG - Loaded collision time for squareA+squareP+4433+R_flipped at IoU 0.4: nan
2025-07-16 19:55:17,294 - DEBUG - Loaded collision time for squareA+squareP+4433+R_flipped at IoU 0.45: nan
2025-07-16 19:55:17,294 - DEBUG - Loaded collision time for squareA+squareP+4433+R_flipped at IoU 0.5: nan
2025-07-16 19:55:17,295 - DEBUG - Loaded collision time for squareA+squareP+4433+R_flipped at IoU 0.55: nan
2025-07-16 19:55:17,295 - DEBUG - Loaded collision time for squareA+squareP+4433+R_flipped at IoU 0.6: nan
2025-07-16 19:55:17,296 - DEBUG - Loaded collision time for squareA+squareP+4433+R_flipped at IoU 0.65: nan
2025-07-16 19:55:17,296 - DEBUG - Loaded collision time for squareA+squareP+4433+R_flipped at IoU 0.7: nan
2025-07-16 19:55:17,297 - DEBUG - Loaded collision time for squareA+squareP+4433+R_flipped at IoU 0.75: nan
2025-07-16 19:55:17,297 - DEBUG - Loaded collision time for squareA+squareP+4433+R_flipped at IoU 0.8: nan
2025-07-16 19:55:17,298 - DEBUG - Loaded collision time for squareA+squareP+4433+R_flipped at IoU 0.85: nan
2025-07-16 19:55:17,298 - DEBUG - Loaded collision time for squareA+squareP+4433+R_flipped at IoU 0.9: nan
2025-07-16 19:55:17,299 - DEBUG - Loaded collision time for squareA+squareP+4433+R_flipped at IoU 0.95: nan
2025-07-16 19:55:17,301 - INFO - Collecting collision data from all videos for analysis...
2025-07-16 19:55:17,302 - DEBUG - Collected collision time for AConcave_FConcave at IoU 0.05: nan
2025-07-16 19:55:17,302 - DEBUG - Collected collision time for AConcave_FConcave at IoU 0.1: nan
2025-07-16 19:55:17,302 - DEBUG - Collected collision time for AConcave_FConcave at IoU 0.15: nan
2025-07-16 19:55:17,303 - DEBUG - Collected collision time for AConcave_FConcave at IoU 0.2: nan
2025-07-16 19:55:17,303 - DEBUG - Collected collision time for AConcave_FConcave at IoU 0.25: nan
2025-07-16 19:55:17,304 - DEBUG - Collected collision time for AConcave_FConcave at IoU 0.3: nan
2025-07-16 19:55:17,305 - DEBUG - Collected collision time for AConcave_FConcave at IoU 0.35: nan
2025-07-16 19:55:17,305 - DEBUG - Collected collision time for AConcave_FConcave at IoU 0.4: nan
2025-07-16 19:55:17,306 - DEBUG - Collected collision time for AConcave_FConcave at IoU 0.45: nan
2025-07-16 19:55:17,306 - DEBUG - Collected collision time for AConcave_FConcave at IoU 0.5: nan
2025-07-16 19:55:17,306 - DEBUG - Collected collision time for AConcave_FConcave at IoU 0.55: nan
2025-07-16 19:55:17,307 - DEBUG - Collected collision time for AConcave_FConcave at IoU 0.6: nan
2025-07-16 19:55:17,307 - DEBUG - Collected collision time for AConcave_FConcave at IoU 0.65: nan
2025-07-16 19:55:17,308 - DEBUG - Collected collision time for AConcave_FConcave at IoU 0.7: nan
2025-07-16 19:55:17,308 - DEBUG - Collected collision time for AConcave_FConcave at IoU 0.75: nan
2025-07-16 19:55:17,309 - DEBUG - Collected collision time for AConcave_FConcave at IoU 0.8: nan
2025-07-16 19:55:17,309 - DEBUG - Collected collision time for AConcave_FConcave at IoU 0.85: nan
2025-07-16 19:55:17,310 - DEBUG - Collected collision time for AConcave_FConcave at IoU 0.9: nan
2025-07-16 19:55:17,310 - DEBUG - Collected collision time for AConcave_FConcave at IoU 0.95: nan
2025-07-16 19:55:17,311 - DEBUG - Collected collision time for BConcave+AConcave+3500 at IoU 0.05: 3716.666666666667
2025-07-16 19:55:17,311 - DEBUG - Collected collision time for BConcave+AConcave+3500 at IoU 0.1: 3783.333333333333
2025-07-16 19:55:17,311 - DEBUG - Collected collision time for BConcave+AConcave+3500 at IoU 0.15: 3833.3333333333335
2025-07-16 19:55:17,312 - DEBUG - Collected collision time for BConcave+AConcave+3500 at IoU 0.2: 3900.0
2025-07-16 19:55:17,312 - DEBUG - Collected collision time for BConcave+AConcave+3500 at IoU 0.25: 3933.333333333333
2025-07-16 19:55:17,312 - DEBUG - Collected collision time for BConcave+AConcave+3500 at IoU 0.3: 4016.6666666666665
2025-07-16 19:55:17,313 - DEBUG - Collected collision time for BConcave+AConcave+3500 at IoU 0.35: nan
2025-07-16 19:55:17,313 - DEBUG - Collected collision time for BConcave+AConcave+3500 at IoU 0.4: nan
2025-07-16 19:55:17,313 - DEBUG - Collected collision time for BConcave+AConcave+3500 at IoU 0.45: nan
2025-07-16 19:55:17,314 - DEBUG - Collected collision time for BConcave+AConcave+3500 at IoU 0.5: nan
2025-07-16 19:55:17,314 - DEBUG - Collected collision time for BConcave+AConcave+3500 at IoU 0.55: nan
2025-07-16 19:55:17,315 - DEBUG - Collected collision time for BConcave+AConcave+3500 at IoU 0.6: nan
2025-07-16 19:55:17,316 - DEBUG - Collected collision time for BConcave+AConcave+3500 at IoU 0.65: nan
2025-07-16 19:55:17,316 - DEBUG - Collected collision time for BConcave+AConcave+3500 at IoU 0.7: nan
2025-07-16 19:55:17,317 - DEBUG - Collected collision time for BConcave+AConcave+3500 at IoU 0.75: nan
2025-07-16 19:55:17,317 - DEBUG - Collected collision time for BConcave+AConcave+3500 at IoU 0.8: nan
2025-07-16 19:55:17,318 - DEBUG - Collected collision time for BConcave+AConcave+3500 at IoU 0.85: nan
2025-07-16 19:55:17,318 - DEBUG - Collected collision time for BConcave+AConcave+3500 at IoU 0.9: nan
2025-07-16 19:55:17,319 - DEBUG - Collected collision time for BConcave+AConcave+3500 at IoU 0.95: nan
2025-07-16 19:55:17,319 - DEBUG - Collected collision time for BConcave+AConcave+3700_flipped at IoU 0.05: nan
2025-07-16 19:55:17,320 - DEBUG - Collected collision time for BConcave+AConcave+3700_flipped at IoU 0.1: nan
2025-07-16 19:55:17,320 - DEBUG - Collected collision time for BConcave+AConcave+3700_flipped at IoU 0.15: nan
2025-07-16 19:55:17,321 - DEBUG - Collected collision time for BConcave+AConcave+3700_flipped at IoU 0.2: nan
2025-07-16 19:55:17,321 - DEBUG - Collected collision time for BConcave+AConcave+3700_flipped at IoU 0.25: nan
2025-07-16 19:55:17,322 - DEBUG - Collected collision time for BConcave+AConcave+3700_flipped at IoU 0.3: nan
2025-07-16 19:55:17,323 - DEBUG - Collected collision time for BConcave+AConcave+3700_flipped at IoU 0.35: nan
2025-07-16 19:55:17,323 - DEBUG - Collected collision time for BConcave+AConcave+3700_flipped at IoU 0.4: nan
2025-07-16 19:55:17,323 - DEBUG - Collected collision time for BConcave+AConcave+3700_flipped at IoU 0.45: nan
2025-07-16 19:55:17,324 - DEBUG - Collected collision time for BConcave+AConcave+3700_flipped at IoU 0.5: nan
2025-07-16 19:55:17,324 - DEBUG - Collected collision time for BConcave+AConcave+3700_flipped at IoU 0.55: nan
2025-07-16 19:55:17,324 - DEBUG - Collected collision time for BConcave+AConcave+3700_flipped at IoU 0.6: nan
2025-07-16 19:55:17,325 - DEBUG - Collected collision time for BConcave+AConcave+3700_flipped at IoU 0.65: nan
2025-07-16 19:55:17,326 - DEBUG - Collected collision time for BConcave+AConcave+3700_flipped at IoU 0.7: nan
2025-07-16 19:55:17,326 - DEBUG - Collected collision time for BConcave+AConcave+3700_flipped at IoU 0.75: nan
2025-07-16 19:55:17,326 - DEBUG - Collected collision time for BConcave+AConcave+3700_flipped at IoU 0.8: nan
2025-07-16 19:55:17,327 - DEBUG - Collected collision time for BConcave+AConcave+3700_flipped at IoU 0.85: nan
2025-07-16 19:55:17,327 - DEBUG - Collected collision time for BConcave+AConcave+3700_flipped at IoU 0.9: nan
2025-07-16 19:55:17,328 - DEBUG - Collected collision time for BConcave+AConcave+3700_flipped at IoU 0.95: nan
2025-07-16 19:55:17,329 - DEBUG - Collected collision time for BConcave+AConcave+3900 at IoU 0.05: 3666.6666666666665
2025-07-16 19:55:17,329 - DEBUG - Collected collision time for BConcave+AConcave+3900 at IoU 0.1: 3816.666666666667
2025-07-16 19:55:17,330 - DEBUG - Collected collision time for BConcave+AConcave+3900 at IoU 0.15: 3950.0
2025-07-16 19:55:17,330 - DEBUG - Collected collision time for BConcave+AConcave+3900 at IoU 0.2: 4116.666666666666
2025-07-16 19:55:17,331 - DEBUG - Collected collision time for BConcave+AConcave+3900 at IoU 0.25: 4266.666666666667
2025-07-16 19:55:17,331 - DEBUG - Collected collision time for BConcave+AConcave+3900 at IoU 0.3: nan
2025-07-16 19:55:17,332 - DEBUG - Collected collision time for BConcave+AConcave+3900 at IoU 0.35: nan
2025-07-16 19:55:17,332 - DEBUG - Collected collision time for BConcave+AConcave+3900 at IoU 0.4: nan
2025-07-16 19:55:17,333 - DEBUG - Collected collision time for BConcave+AConcave+3900 at IoU 0.45: nan
2025-07-16 19:55:17,333 - DEBUG - Collected collision time for BConcave+AConcave+3900 at IoU 0.5: nan
2025-07-16 19:55:17,334 - DEBUG - Collected collision time for BConcave+AConcave+3900 at IoU 0.55: nan
2025-07-16 19:55:17,334 - DEBUG - Collected collision time for BConcave+AConcave+3900 at IoU 0.6: nan
2025-07-16 19:55:17,334 - DEBUG - Collected collision time for BConcave+AConcave+3900 at IoU 0.65: nan
2025-07-16 19:55:17,335 - DEBUG - Collected collision time for BConcave+AConcave+3900 at IoU 0.7: nan
2025-07-16 19:55:17,336 - DEBUG - Collected collision time for BConcave+AConcave+3900 at IoU 0.75: nan
2025-07-16 19:55:17,336 - DEBUG - Collected collision time for BConcave+AConcave+3900 at IoU 0.8: nan
2025-07-16 19:55:17,337 - DEBUG - Collected collision time for BConcave+AConcave+3900 at IoU 0.85: nan
2025-07-16 19:55:17,337 - DEBUG - Collected collision time for BConcave+AConcave+3900 at IoU 0.9: nan
2025-07-16 19:55:17,337 - DEBUG - Collected collision time for BConcave+AConcave+3900 at IoU 0.95: nan
2025-07-16 19:55:17,338 - DEBUG - Collected collision time for BConcave+AConcave+4100_flipped at IoU 0.05: nan
2025-07-16 19:55:17,338 - DEBUG - Collected collision time for BConcave+AConcave+4100_flipped at IoU 0.1: nan
2025-07-16 19:55:17,339 - DEBUG - Collected collision time for BConcave+AConcave+4100_flipped at IoU 0.15: nan
2025-07-16 19:55:17,339 - DEBUG - Collected collision time for BConcave+AConcave+4100_flipped at IoU 0.2: nan
2025-07-16 19:55:17,340 - DEBUG - Collected collision time for BConcave+AConcave+4100_flipped at IoU 0.25: nan
2025-07-16 19:55:17,340 - DEBUG - Collected collision time for BConcave+AConcave+4100_flipped at IoU 0.3: nan
2025-07-16 19:55:17,340 - DEBUG - Collected collision time for BConcave+AConcave+4100_flipped at IoU 0.35: nan
2025-07-16 19:55:17,341 - DEBUG - Collected collision time for BConcave+AConcave+4100_flipped at IoU 0.4: nan
2025-07-16 19:55:17,341 - DEBUG - Collected collision time for BConcave+AConcave+4100_flipped at IoU 0.45: nan
2025-07-16 19:55:17,341 - DEBUG - Collected collision time for BConcave+AConcave+4100_flipped at IoU 0.5: nan
2025-07-16 19:55:17,342 - DEBUG - Collected collision time for BConcave+AConcave+4100_flipped at IoU 0.55: nan
2025-07-16 19:55:17,342 - DEBUG - Collected collision time for BConcave+AConcave+4100_flipped at IoU 0.6: nan
2025-07-16 19:55:17,343 - DEBUG - Collected collision time for BConcave+AConcave+4100_flipped at IoU 0.65: nan
2025-07-16 19:55:17,343 - DEBUG - Collected collision time for BConcave+AConcave+4100_flipped at IoU 0.7: nan
2025-07-16 19:55:17,344 - DEBUG - Collected collision time for BConcave+AConcave+4100_flipped at IoU 0.75: nan
2025-07-16 19:55:17,344 - DEBUG - Collected collision time for BConcave+AConcave+4100_flipped at IoU 0.8: nan
2025-07-16 19:55:17,345 - DEBUG - Collected collision time for BConcave+AConcave+4100_flipped at IoU 0.85: nan
2025-07-16 19:55:17,346 - DEBUG - Collected collision time for BConcave+AConcave+4100_flipped at IoU 0.9: nan
2025-07-16 19:55:17,346 - DEBUG - Collected collision time for BConcave+AConcave+4100_flipped at IoU 0.95: nan
2025-07-16 19:55:17,347 - DEBUG - Collected collision time for BConcave+AConcave+4300 at IoU 0.05: 4500.0
2025-07-16 19:55:17,347 - DEBUG - Collected collision time for BConcave+AConcave+4300 at IoU 0.1: 4550.0
2025-07-16 19:55:17,347 - DEBUG - Collected collision time for BConcave+AConcave+4300 at IoU 0.15: 4600.0
2025-07-16 19:55:17,348 - DEBUG - Collected collision time for BConcave+AConcave+4300 at IoU 0.2: 4650.0
2025-07-16 19:55:17,348 - DEBUG - Collected collision time for BConcave+AConcave+4300 at IoU 0.25: 4683.333333333334
2025-07-16 19:55:17,349 - DEBUG - Collected collision time for BConcave+AConcave+4300 at IoU 0.3: 4733.333333333333
2025-07-16 19:55:17,349 - DEBUG - Collected collision time for BConcave+AConcave+4300 at IoU 0.35: 4800.0
2025-07-16 19:55:17,350 - DEBUG - Collected collision time for BConcave+AConcave+4300 at IoU 0.4: nan
2025-07-16 19:55:17,350 - DEBUG - Collected collision time for BConcave+AConcave+4300 at IoU 0.45: nan
2025-07-16 19:55:17,351 - DEBUG - Collected collision time for BConcave+AConcave+4300 at IoU 0.5: nan
2025-07-16 19:55:17,351 - DEBUG - Collected collision time for BConcave+AConcave+4300 at IoU 0.55: nan
2025-07-16 19:55:17,352 - DEBUG - Collected collision time for BConcave+AConcave+4300 at IoU 0.6: nan
2025-07-16 19:55:17,352 - DEBUG - Collected collision time for BConcave+AConcave+4300 at IoU 0.65: nan
2025-07-16 19:55:17,353 - DEBUG - Collected collision time for BConcave+AConcave+4300 at IoU 0.7: nan
2025-07-16 19:55:17,353 - DEBUG - Collected collision time for BConcave+AConcave+4300 at IoU 0.75: nan
2025-07-16 19:55:17,354 - DEBUG - Collected collision time for BConcave+AConcave+4300 at IoU 0.8: nan
2025-07-16 19:55:17,354 - DEBUG - Collected collision time for BConcave+AConcave+4300 at IoU 0.85: nan
2025-07-16 19:55:17,355 - DEBUG - Collected collision time for BConcave+AConcave+4300 at IoU 0.9: nan
2025-07-16 19:55:17,355 - DEBUG - Collected collision time for BConcave+AConcave+4300 at IoU 0.95: nan
2025-07-16 19:55:17,356 - DEBUG - Collected collision time for BConcave+AConcave+4500_flipped at IoU 0.05: nan
2025-07-16 19:55:17,357 - DEBUG - Collected collision time for BConcave+AConcave+4500_flipped at IoU 0.1: nan
2025-07-16 19:55:17,357 - DEBUG - Collected collision time for BConcave+AConcave+4500_flipped at IoU 0.15: nan
2025-07-16 19:55:17,358 - DEBUG - Collected collision time for BConcave+AConcave+4500_flipped at IoU 0.2: nan
2025-07-16 19:55:17,359 - DEBUG - Collected collision time for BConcave+AConcave+4500_flipped at IoU 0.25: nan
2025-07-16 19:55:17,359 - DEBUG - Collected collision time for BConcave+AConcave+4500_flipped at IoU 0.3: nan
2025-07-16 19:55:17,360 - DEBUG - Collected collision time for BConcave+AConcave+4500_flipped at IoU 0.35: nan
2025-07-16 19:55:17,360 - DEBUG - Collected collision time for BConcave+AConcave+4500_flipped at IoU 0.4: nan
2025-07-16 19:55:17,361 - DEBUG - Collected collision time for BConcave+AConcave+4500_flipped at IoU 0.45: nan
2025-07-16 19:55:17,361 - DEBUG - Collected collision time for BConcave+AConcave+4500_flipped at IoU 0.5: nan
2025-07-16 19:55:17,362 - DEBUG - Collected collision time for BConcave+AConcave+4500_flipped at IoU 0.55: nan
2025-07-16 19:55:17,362 - DEBUG - Collected collision time for BConcave+AConcave+4500_flipped at IoU 0.6: nan
2025-07-16 19:55:17,363 - DEBUG - Collected collision time for BConcave+AConcave+4500_flipped at IoU 0.65: nan
2025-07-16 19:55:17,363 - DEBUG - Collected collision time for BConcave+AConcave+4500_flipped at IoU 0.7: nan
2025-07-16 19:55:17,364 - DEBUG - Collected collision time for BConcave+AConcave+4500_flipped at IoU 0.75: nan
2025-07-16 19:55:17,364 - DEBUG - Collected collision time for BConcave+AConcave+4500_flipped at IoU 0.8: nan
2025-07-16 19:55:17,365 - DEBUG - Collected collision time for BConcave+AConcave+4500_flipped at IoU 0.85: nan
2025-07-16 19:55:17,365 - DEBUG - Collected collision time for BConcave+AConcave+4500_flipped at IoU 0.9: nan
2025-07-16 19:55:17,366 - DEBUG - Collected collision time for BConcave+AConcave+4500_flipped at IoU 0.95: nan
2025-07-16 19:55:17,367 - DEBUG - Collected collision time for BConcave+AConvex+3500_flipped at IoU 0.05: 3766.6666666666665
2025-07-16 19:55:17,368 - DEBUG - Collected collision time for BConcave+AConvex+3500_flipped at IoU 0.1: 3900.0
2025-07-16 19:55:17,368 - DEBUG - Collected collision time for BConcave+AConvex+3500_flipped at IoU 0.15: 4016.6666666666665
2025-07-16 19:55:17,369 - DEBUG - Collected collision time for BConcave+AConvex+3500_flipped at IoU 0.2: 4366.666666666666
2025-07-16 19:55:17,369 - DEBUG - Collected collision time for BConcave+AConvex+3500_flipped at IoU 0.25: 4666.666666666667
2025-07-16 19:55:17,370 - DEBUG - Collected collision time for BConcave+AConvex+3500_flipped at IoU 0.3: 4666.666666666667
2025-07-16 19:55:17,370 - DEBUG - Collected collision time for BConcave+AConvex+3500_flipped at IoU 0.35: 4666.666666666667
2025-07-16 19:55:17,371 - DEBUG - Collected collision time for BConcave+AConvex+3500_flipped at IoU 0.4: 4666.666666666667
2025-07-16 19:55:17,371 - DEBUG - Collected collision time for BConcave+AConvex+3500_flipped at IoU 0.45: 4666.666666666667
2025-07-16 19:55:17,372 - DEBUG - Collected collision time for BConcave+AConvex+3500_flipped at IoU 0.5: 4666.666666666667
2025-07-16 19:55:17,372 - DEBUG - Collected collision time for BConcave+AConvex+3500_flipped at IoU 0.55: nan
2025-07-16 19:55:17,373 - DEBUG - Collected collision time for BConcave+AConvex+3500_flipped at IoU 0.6: nan
2025-07-16 19:55:17,374 - DEBUG - Collected collision time for BConcave+AConvex+3500_flipped at IoU 0.65: nan
2025-07-16 19:55:17,374 - DEBUG - Collected collision time for BConcave+AConvex+3500_flipped at IoU 0.7: nan
2025-07-16 19:55:17,375 - DEBUG - Collected collision time for BConcave+AConvex+3500_flipped at IoU 0.75: nan
2025-07-16 19:55:17,375 - DEBUG - Collected collision time for BConcave+AConvex+3500_flipped at IoU 0.8: nan
2025-07-16 19:55:17,376 - DEBUG - Collected collision time for BConcave+AConvex+3500_flipped at IoU 0.85: nan
2025-07-16 19:55:17,376 - DEBUG - Collected collision time for BConcave+AConvex+3500_flipped at IoU 0.9: nan
2025-07-16 19:55:17,377 - DEBUG - Collected collision time for BConcave+AConvex+3500_flipped at IoU 0.95: nan
2025-07-16 19:55:17,377 - DEBUG - Collected collision time for BConcave+AConvex+3700 at IoU 0.05: 4150.0
2025-07-16 19:55:17,378 - DEBUG - Collected collision time for BConcave+AConvex+3700 at IoU 0.1: nan
2025-07-16 19:55:17,379 - DEBUG - Collected collision time for BConcave+AConvex+3700 at IoU 0.15: nan
2025-07-16 19:55:17,379 - DEBUG - Collected collision time for BConcave+AConvex+3700 at IoU 0.2: nan
2025-07-16 19:55:17,379 - DEBUG - Collected collision time for BConcave+AConvex+3700 at IoU 0.25: nan
2025-07-16 19:55:17,380 - DEBUG - Collected collision time for BConcave+AConvex+3700 at IoU 0.3: nan
2025-07-16 19:55:17,381 - DEBUG - Collected collision time for BConcave+AConvex+3700 at IoU 0.35: nan
2025-07-16 19:55:17,381 - DEBUG - Collected collision time for BConcave+AConvex+3700 at IoU 0.4: nan
2025-07-16 19:55:17,381 - DEBUG - Collected collision time for BConcave+AConvex+3700 at IoU 0.45: nan
2025-07-16 19:55:17,382 - DEBUG - Collected collision time for BConcave+AConvex+3700 at IoU 0.5: nan
2025-07-16 19:55:17,383 - DEBUG - Collected collision time for BConcave+AConvex+3700 at IoU 0.55: nan
2025-07-16 19:55:17,383 - DEBUG - Collected collision time for BConcave+AConvex+3700 at IoU 0.6: nan
2025-07-16 19:55:17,384 - DEBUG - Collected collision time for BConcave+AConvex+3700 at IoU 0.65: nan
2025-07-16 19:55:17,384 - DEBUG - Collected collision time for BConcave+AConvex+3700 at IoU 0.7: nan
2025-07-16 19:55:17,385 - DEBUG - Collected collision time for BConcave+AConvex+3700 at IoU 0.75: nan
2025-07-16 19:55:17,385 - DEBUG - Collected collision time for BConcave+AConvex+3700 at IoU 0.8: nan
2025-07-16 19:55:17,386 - DEBUG - Collected collision time for BConcave+AConvex+3700 at IoU 0.85: nan
2025-07-16 19:55:17,387 - DEBUG - Collected collision time for BConcave+AConvex+3700 at IoU 0.9: nan
2025-07-16 19:55:17,387 - DEBUG - Collected collision time for BConcave+AConvex+3700 at IoU 0.95: nan
2025-07-16 19:55:17,387 - DEBUG - Collected collision time for BConcave+AConvex+3900_flipped at IoU 0.05: nan
2025-07-16 19:55:17,388 - DEBUG - Collected collision time for BConcave+AConvex+3900_flipped at IoU 0.1: nan
2025-07-16 19:55:17,388 - DEBUG - Collected collision time for BConcave+AConvex+3900_flipped at IoU 0.15: nan
2025-07-16 19:55:17,389 - DEBUG - Collected collision time for BConcave+AConvex+3900_flipped at IoU 0.2: nan
2025-07-16 19:55:17,389 - DEBUG - Collected collision time for BConcave+AConvex+3900_flipped at IoU 0.25: nan
2025-07-16 19:55:17,390 - DEBUG - Collected collision time for BConcave+AConvex+3900_flipped at IoU 0.3: nan
2025-07-16 19:55:17,390 - DEBUG - Collected collision time for BConcave+AConvex+3900_flipped at IoU 0.35: nan
2025-07-16 19:55:17,391 - DEBUG - Collected collision time for BConcave+AConvex+3900_flipped at IoU 0.4: nan
2025-07-16 19:55:17,391 - DEBUG - Collected collision time for BConcave+AConvex+3900_flipped at IoU 0.45: nan
2025-07-16 19:55:17,392 - DEBUG - Collected collision time for BConcave+AConvex+3900_flipped at IoU 0.5: nan
2025-07-16 19:55:17,393 - DEBUG - Collected collision time for BConcave+AConvex+3900_flipped at IoU 0.55: nan
2025-07-16 19:55:17,393 - DEBUG - Collected collision time for BConcave+AConvex+3900_flipped at IoU 0.6: nan
2025-07-16 19:55:17,393 - DEBUG - Collected collision time for BConcave+AConvex+3900_flipped at IoU 0.65: nan
2025-07-16 19:55:17,394 - DEBUG - Collected collision time for BConcave+AConvex+3900_flipped at IoU 0.7: nan
2025-07-16 19:55:17,394 - DEBUG - Collected collision time for BConcave+AConvex+3900_flipped at IoU 0.75: nan
2025-07-16 19:55:17,394 - DEBUG - Collected collision time for BConcave+AConvex+3900_flipped at IoU 0.8: nan
2025-07-16 19:55:17,395 - DEBUG - Collected collision time for BConcave+AConvex+3900_flipped at IoU 0.85: nan
2025-07-16 19:55:17,395 - DEBUG - Collected collision time for BConcave+AConvex+3900_flipped at IoU 0.9: nan
2025-07-16 19:55:17,396 - DEBUG - Collected collision time for BConcave+AConvex+3900_flipped at IoU 0.95: nan
2025-07-16 19:55:17,396 - DEBUG - Collected collision time for BConcave+AConvex+4100 at IoU 0.05: 4683.333333333334
2025-07-16 19:55:17,397 - DEBUG - Collected collision time for BConcave+AConvex+4100 at IoU 0.1: 4866.666666666666
2025-07-16 19:55:17,397 - DEBUG - Collected collision time for BConcave+AConvex+4100 at IoU 0.15: 5050.0
2025-07-16 19:55:17,397 - DEBUG - Collected collision time for BConcave+AConvex+4100 at IoU 0.2: nan
2025-07-16 19:55:17,398 - DEBUG - Collected collision time for BConcave+AConvex+4100 at IoU 0.25: nan
2025-07-16 19:55:17,399 - DEBUG - Collected collision time for BConcave+AConvex+4100 at IoU 0.3: nan
2025-07-16 19:55:17,399 - DEBUG - Collected collision time for BConcave+AConvex+4100 at IoU 0.35: nan
2025-07-16 19:55:17,400 - DEBUG - Collected collision time for BConcave+AConvex+4100 at IoU 0.4: nan
2025-07-16 19:55:17,400 - DEBUG - Collected collision time for BConcave+AConvex+4100 at IoU 0.45: nan
2025-07-16 19:55:17,401 - DEBUG - Collected collision time for BConcave+AConvex+4100 at IoU 0.5: nan
2025-07-16 19:55:17,401 - DEBUG - Collected collision time for BConcave+AConvex+4100 at IoU 0.55: nan
2025-07-16 19:55:17,402 - DEBUG - Collected collision time for BConcave+AConvex+4100 at IoU 0.6: nan
2025-07-16 19:55:17,402 - DEBUG - Collected collision time for BConcave+AConvex+4100 at IoU 0.65: nan
2025-07-16 19:55:17,402 - DEBUG - Collected collision time for BConcave+AConvex+4100 at IoU 0.7: nan
2025-07-16 19:55:17,403 - DEBUG - Collected collision time for BConcave+AConvex+4100 at IoU 0.75: nan
2025-07-16 19:55:17,403 - DEBUG - Collected collision time for BConcave+AConvex+4100 at IoU 0.8: nan
2025-07-16 19:55:17,403 - DEBUG - Collected collision time for BConcave+AConvex+4100 at IoU 0.85: nan
2025-07-16 19:55:17,404 - DEBUG - Collected collision time for BConcave+AConvex+4100 at IoU 0.9: nan
2025-07-16 19:55:17,404 - DEBUG - Collected collision time for BConcave+AConvex+4100 at IoU 0.95: nan
2025-07-16 19:55:17,404 - DEBUG - Collected collision time for BConcave+AConvex+4300_flipped at IoU 0.05: nan
2025-07-16 19:55:17,405 - DEBUG - Collected collision time for BConcave+AConvex+4300_flipped at IoU 0.1: nan
2025-07-16 19:55:17,405 - DEBUG - Collected collision time for BConcave+AConvex+4300_flipped at IoU 0.15: nan
2025-07-16 19:55:17,405 - DEBUG - Collected collision time for BConcave+AConvex+4300_flipped at IoU 0.2: nan
2025-07-16 19:55:17,406 - DEBUG - Collected collision time for BConcave+AConvex+4300_flipped at IoU 0.25: nan
2025-07-16 19:55:17,406 - DEBUG - Collected collision time for BConcave+AConvex+4300_flipped at IoU 0.3: nan
2025-07-16 19:55:17,407 - DEBUG - Collected collision time for BConcave+AConvex+4300_flipped at IoU 0.35: nan
2025-07-16 19:55:17,407 - DEBUG - Collected collision time for BConcave+AConvex+4300_flipped at IoU 0.4: nan
2025-07-16 19:55:17,407 - DEBUG - Collected collision time for BConcave+AConvex+4300_flipped at IoU 0.45: nan
2025-07-16 19:55:17,408 - DEBUG - Collected collision time for BConcave+AConvex+4300_flipped at IoU 0.5: nan
2025-07-16 19:55:17,408 - DEBUG - Collected collision time for BConcave+AConvex+4300_flipped at IoU 0.55: nan
2025-07-16 19:55:17,408 - DEBUG - Collected collision time for BConcave+AConvex+4300_flipped at IoU 0.6: nan
2025-07-16 19:55:17,409 - DEBUG - Collected collision time for BConcave+AConvex+4300_flipped at IoU 0.65: nan
2025-07-16 19:55:17,409 - DEBUG - Collected collision time for BConcave+AConvex+4300_flipped at IoU 0.7: nan
2025-07-16 19:55:17,410 - DEBUG - Collected collision time for BConcave+AConvex+4300_flipped at IoU 0.75: nan
2025-07-16 19:55:17,411 - DEBUG - Collected collision time for BConcave+AConvex+4300_flipped at IoU 0.8: nan
2025-07-16 19:55:17,411 - DEBUG - Collected collision time for BConcave+AConvex+4300_flipped at IoU 0.85: nan
2025-07-16 19:55:17,411 - DEBUG - Collected collision time for BConcave+AConvex+4300_flipped at IoU 0.9: nan
2025-07-16 19:55:17,412 - DEBUG - Collected collision time for BConcave+AConvex+4300_flipped at IoU 0.95: nan
2025-07-16 19:55:17,412 - DEBUG - Collected collision time for BConcave+AConvex+4500 at IoU 0.05: 4766.666666666667
2025-07-16 19:55:17,412 - DEBUG - Collected collision time for BConcave+AConvex+4500 at IoU 0.1: 4900.0
2025-07-16 19:55:17,413 - DEBUG - Collected collision time for BConcave+AConvex+4500 at IoU 0.15: 5033.333333333333
2025-07-16 19:55:17,413 - DEBUG - Collected collision time for BConcave+AConvex+4500 at IoU 0.2: nan
2025-07-16 19:55:17,413 - DEBUG - Collected collision time for BConcave+AConvex+4500 at IoU 0.25: nan
2025-07-16 19:55:17,414 - DEBUG - Collected collision time for BConcave+AConvex+4500 at IoU 0.3: nan
2025-07-16 19:55:17,414 - DEBUG - Collected collision time for BConcave+AConvex+4500 at IoU 0.35: nan
2025-07-16 19:55:17,414 - DEBUG - Collected collision time for BConcave+AConvex+4500 at IoU 0.4: nan
2025-07-16 19:55:17,415 - DEBUG - Collected collision time for BConcave+AConvex+4500 at IoU 0.45: nan
2025-07-16 19:55:17,415 - DEBUG - Collected collision time for BConcave+AConvex+4500 at IoU 0.5: nan
2025-07-16 19:55:17,415 - DEBUG - Collected collision time for BConcave+AConvex+4500 at IoU 0.55: nan
2025-07-16 19:55:17,416 - DEBUG - Collected collision time for BConcave+AConvex+4500 at IoU 0.6: nan
2025-07-16 19:55:17,416 - DEBUG - Collected collision time for BConcave+AConvex+4500 at IoU 0.65: nan
2025-07-16 19:55:17,416 - DEBUG - Collected collision time for BConcave+AConvex+4500 at IoU 0.7: nan
2025-07-16 19:55:17,417 - DEBUG - Collected collision time for BConcave+AConvex+4500 at IoU 0.75: nan
2025-07-16 19:55:17,417 - DEBUG - Collected collision time for BConcave+AConvex+4500 at IoU 0.8: nan
2025-07-16 19:55:17,417 - DEBUG - Collected collision time for BConcave+AConvex+4500 at IoU 0.85: nan
2025-07-16 19:55:17,418 - DEBUG - Collected collision time for BConcave+AConvex+4500 at IoU 0.9: nan
2025-07-16 19:55:17,418 - DEBUG - Collected collision time for BConcave+AConvex+4500 at IoU 0.95: nan
2025-07-16 19:55:17,419 - DEBUG - Collected collision time for BConcave+BConcavePatient+3500 at IoU 0.05: nan
2025-07-16 19:55:17,419 - DEBUG - Collected collision time for BConcave+BConcavePatient+3500 at IoU 0.1: nan
2025-07-16 19:55:17,420 - DEBUG - Collected collision time for BConcave+BConcavePatient+3500 at IoU 0.15: nan
2025-07-16 19:55:17,420 - DEBUG - Collected collision time for BConcave+BConcavePatient+3500 at IoU 0.2: nan
2025-07-16 19:55:17,421 - DEBUG - Collected collision time for BConcave+BConcavePatient+3500 at IoU 0.25: nan
2025-07-16 19:55:17,421 - DEBUG - Collected collision time for BConcave+BConcavePatient+3500 at IoU 0.3: nan
2025-07-16 19:55:17,421 - DEBUG - Collected collision time for BConcave+BConcavePatient+3500 at IoU 0.35: nan
2025-07-16 19:55:17,422 - DEBUG - Collected collision time for BConcave+BConcavePatient+3500 at IoU 0.4: nan
2025-07-16 19:55:17,422 - DEBUG - Collected collision time for BConcave+BConcavePatient+3500 at IoU 0.45: nan
2025-07-16 19:55:17,423 - DEBUG - Collected collision time for BConcave+BConcavePatient+3500 at IoU 0.5: nan
2025-07-16 19:55:17,423 - DEBUG - Collected collision time for BConcave+BConcavePatient+3500 at IoU 0.55: nan
2025-07-16 19:55:17,423 - DEBUG - Collected collision time for BConcave+BConcavePatient+3500 at IoU 0.6: nan
2025-07-16 19:55:17,424 - DEBUG - Collected collision time for BConcave+BConcavePatient+3500 at IoU 0.65: nan
2025-07-16 19:55:17,424 - DEBUG - Collected collision time for BConcave+BConcavePatient+3500 at IoU 0.7: nan
2025-07-16 19:55:17,424 - DEBUG - Collected collision time for BConcave+BConcavePatient+3500 at IoU 0.75: nan
2025-07-16 19:55:17,425 - DEBUG - Collected collision time for BConcave+BConcavePatient+3500 at IoU 0.8: nan
2025-07-16 19:55:17,425 - DEBUG - Collected collision time for BConcave+BConcavePatient+3500 at IoU 0.85: nan
2025-07-16 19:55:17,425 - DEBUG - Collected collision time for BConcave+BConcavePatient+3500 at IoU 0.9: nan
2025-07-16 19:55:17,426 - DEBUG - Collected collision time for BConcave+BConcavePatient+3500 at IoU 0.95: nan
2025-07-16 19:55:17,426 - DEBUG - Collected collision time for BConcave+BConcavePatient+3700_flipped at IoU 0.05: nan
2025-07-16 19:55:17,426 - DEBUG - Collected collision time for BConcave+BConcavePatient+3700_flipped at IoU 0.1: nan
2025-07-16 19:55:17,427 - DEBUG - Collected collision time for BConcave+BConcavePatient+3700_flipped at IoU 0.15: nan
2025-07-16 19:55:17,427 - DEBUG - Collected collision time for BConcave+BConcavePatient+3700_flipped at IoU 0.2: nan
2025-07-16 19:55:17,428 - DEBUG - Collected collision time for BConcave+BConcavePatient+3700_flipped at IoU 0.25: nan
2025-07-16 19:55:17,428 - DEBUG - Collected collision time for BConcave+BConcavePatient+3700_flipped at IoU 0.3: nan
2025-07-16 19:55:17,428 - DEBUG - Collected collision time for BConcave+BConcavePatient+3700_flipped at IoU 0.35: nan
2025-07-16 19:55:17,428 - DEBUG - Collected collision time for BConcave+BConcavePatient+3700_flipped at IoU 0.4: nan
2025-07-16 19:55:17,429 - DEBUG - Collected collision time for BConcave+BConcavePatient+3700_flipped at IoU 0.45: nan
2025-07-16 19:55:17,429 - DEBUG - Collected collision time for BConcave+BConcavePatient+3700_flipped at IoU 0.5: nan
2025-07-16 19:55:17,430 - DEBUG - Collected collision time for BConcave+BConcavePatient+3700_flipped at IoU 0.55: nan
2025-07-16 19:55:17,431 - DEBUG - Collected collision time for BConcave+BConcavePatient+3700_flipped at IoU 0.6: nan
2025-07-16 19:55:17,431 - DEBUG - Collected collision time for BConcave+BConcavePatient+3700_flipped at IoU 0.65: nan
2025-07-16 19:55:17,432 - DEBUG - Collected collision time for BConcave+BConcavePatient+3700_flipped at IoU 0.7: nan
2025-07-16 19:55:17,432 - DEBUG - Collected collision time for BConcave+BConcavePatient+3700_flipped at IoU 0.75: nan
2025-07-16 19:55:17,432 - DEBUG - Collected collision time for BConcave+BConcavePatient+3700_flipped at IoU 0.8: nan
2025-07-16 19:55:17,433 - DEBUG - Collected collision time for BConcave+BConcavePatient+3700_flipped at IoU 0.85: nan
2025-07-16 19:55:17,433 - DEBUG - Collected collision time for BConcave+BConcavePatient+3700_flipped at IoU 0.9: nan
2025-07-16 19:55:17,433 - DEBUG - Collected collision time for BConcave+BConcavePatient+3700_flipped at IoU 0.95: nan
2025-07-16 19:55:17,434 - DEBUG - Collected collision time for BConcave+BConcavePatient+3900 at IoU 0.05: nan
2025-07-16 19:55:17,434 - DEBUG - Collected collision time for BConcave+BConcavePatient+3900 at IoU 0.1: nan
2025-07-16 19:55:17,434 - DEBUG - Collected collision time for BConcave+BConcavePatient+3900 at IoU 0.15: nan
2025-07-16 19:55:17,435 - DEBUG - Collected collision time for BConcave+BConcavePatient+3900 at IoU 0.2: nan
2025-07-16 19:55:17,435 - DEBUG - Collected collision time for BConcave+BConcavePatient+3900 at IoU 0.25: nan
2025-07-16 19:55:17,435 - DEBUG - Collected collision time for BConcave+BConcavePatient+3900 at IoU 0.3: nan
2025-07-16 19:55:17,436 - DEBUG - Collected collision time for BConcave+BConcavePatient+3900 at IoU 0.35: nan
2025-07-16 19:55:17,436 - DEBUG - Collected collision time for BConcave+BConcavePatient+3900 at IoU 0.4: nan
2025-07-16 19:55:17,436 - DEBUG - Collected collision time for BConcave+BConcavePatient+3900 at IoU 0.45: nan
2025-07-16 19:55:17,437 - DEBUG - Collected collision time for BConcave+BConcavePatient+3900 at IoU 0.5: nan
2025-07-16 19:55:17,437 - DEBUG - Collected collision time for BConcave+BConcavePatient+3900 at IoU 0.55: nan
2025-07-16 19:55:17,438 - DEBUG - Collected collision time for BConcave+BConcavePatient+3900 at IoU 0.6: nan
2025-07-16 19:55:17,438 - DEBUG - Collected collision time for BConcave+BConcavePatient+3900 at IoU 0.65: nan
2025-07-16 19:55:17,439 - DEBUG - Collected collision time for BConcave+BConcavePatient+3900 at IoU 0.7: nan
2025-07-16 19:55:17,439 - DEBUG - Collected collision time for BConcave+BConcavePatient+3900 at IoU 0.75: nan
2025-07-16 19:55:17,440 - DEBUG - Collected collision time for BConcave+BConcavePatient+3900 at IoU 0.8: nan
2025-07-16 19:55:17,440 - DEBUG - Collected collision time for BConcave+BConcavePatient+3900 at IoU 0.85: nan
2025-07-16 19:55:17,440 - DEBUG - Collected collision time for BConcave+BConcavePatient+3900 at IoU 0.9: nan
2025-07-16 19:55:17,441 - DEBUG - Collected collision time for BConcave+BConcavePatient+3900 at IoU 0.95: nan
2025-07-16 19:55:17,441 - DEBUG - Collected collision time for BConcave+BConcavePatient+4100_flipped at IoU 0.05: nan
2025-07-16 19:55:17,441 - DEBUG - Collected collision time for BConcave+BConcavePatient+4100_flipped at IoU 0.1: nan
2025-07-16 19:55:17,442 - DEBUG - Collected collision time for BConcave+BConcavePatient+4100_flipped at IoU 0.15: nan
2025-07-16 19:55:17,442 - DEBUG - Collected collision time for BConcave+BConcavePatient+4100_flipped at IoU 0.2: nan
2025-07-16 19:55:17,442 - DEBUG - Collected collision time for BConcave+BConcavePatient+4100_flipped at IoU 0.25: nan
2025-07-16 19:55:17,443 - DEBUG - Collected collision time for BConcave+BConcavePatient+4100_flipped at IoU 0.3: nan
2025-07-16 19:55:17,443 - DEBUG - Collected collision time for BConcave+BConcavePatient+4100_flipped at IoU 0.35: nan
2025-07-16 19:55:17,443 - DEBUG - Collected collision time for BConcave+BConcavePatient+4100_flipped at IoU 0.4: nan
2025-07-16 19:55:17,444 - DEBUG - Collected collision time for BConcave+BConcavePatient+4100_flipped at IoU 0.45: nan
2025-07-16 19:55:17,444 - DEBUG - Collected collision time for BConcave+BConcavePatient+4100_flipped at IoU 0.5: nan
2025-07-16 19:55:17,445 - DEBUG - Collected collision time for BConcave+BConcavePatient+4100_flipped at IoU 0.55: nan
2025-07-16 19:55:17,445 - DEBUG - Collected collision time for BConcave+BConcavePatient+4100_flipped at IoU 0.6: nan
2025-07-16 19:55:17,446 - DEBUG - Collected collision time for BConcave+BConcavePatient+4100_flipped at IoU 0.65: nan
2025-07-16 19:55:17,446 - DEBUG - Collected collision time for BConcave+BConcavePatient+4100_flipped at IoU 0.7: nan
2025-07-16 19:55:17,447 - DEBUG - Collected collision time for BConcave+BConcavePatient+4100_flipped at IoU 0.75: nan
2025-07-16 19:55:17,447 - DEBUG - Collected collision time for BConcave+BConcavePatient+4100_flipped at IoU 0.8: nan
2025-07-16 19:55:17,448 - DEBUG - Collected collision time for BConcave+BConcavePatient+4100_flipped at IoU 0.85: nan
2025-07-16 19:55:17,448 - DEBUG - Collected collision time for BConcave+BConcavePatient+4100_flipped at IoU 0.9: nan
2025-07-16 19:55:17,448 - DEBUG - Collected collision time for BConcave+BConcavePatient+4100_flipped at IoU 0.95: nan
2025-07-16 19:55:17,449 - DEBUG - Collected collision time for BConcave+BConcavePatient+4300 at IoU 0.05: 4316.666666666666
2025-07-16 19:55:17,449 - DEBUG - Collected collision time for BConcave+BConcavePatient+4300 at IoU 0.1: 4400.0
2025-07-16 19:55:17,450 - DEBUG - Collected collision time for BConcave+BConcavePatient+4300 at IoU 0.15: 4466.666666666667
2025-07-16 19:55:17,450 - DEBUG - Collected collision time for BConcave+BConcavePatient+4300 at IoU 0.2: 4533.333333333333
2025-07-16 19:55:17,451 - DEBUG - Collected collision time for BConcave+BConcavePatient+4300 at IoU 0.25: 4583.333333333333
2025-07-16 19:55:17,451 - DEBUG - Collected collision time for BConcave+BConcavePatient+4300 at IoU 0.3: 4650.0
2025-07-16 19:55:17,452 - DEBUG - Collected collision time for BConcave+BConcavePatient+4300 at IoU 0.35: 4716.666666666667
2025-07-16 19:55:17,453 - DEBUG - Collected collision time for BConcave+BConcavePatient+4300 at IoU 0.4: 4766.666666666667
2025-07-16 19:55:17,453 - DEBUG - Collected collision time for BConcave+BConcavePatient+4300 at IoU 0.45: nan
2025-07-16 19:55:17,453 - DEBUG - Collected collision time for BConcave+BConcavePatient+4300 at IoU 0.5: nan
2025-07-16 19:55:17,454 - DEBUG - Collected collision time for BConcave+BConcavePatient+4300 at IoU 0.55: nan
2025-07-16 19:55:17,455 - DEBUG - Collected collision time for BConcave+BConcavePatient+4300 at IoU 0.6: nan
2025-07-16 19:55:17,455 - DEBUG - Collected collision time for BConcave+BConcavePatient+4300 at IoU 0.65: nan
2025-07-16 19:55:17,456 - DEBUG - Collected collision time for BConcave+BConcavePatient+4300 at IoU 0.7: nan
2025-07-16 19:55:17,456 - DEBUG - Collected collision time for BConcave+BConcavePatient+4300 at IoU 0.75: nan
2025-07-16 19:55:17,456 - DEBUG - Collected collision time for BConcave+BConcavePatient+4300 at IoU 0.8: nan
2025-07-16 19:55:17,457 - DEBUG - Collected collision time for BConcave+BConcavePatient+4300 at IoU 0.85: nan
2025-07-16 19:55:17,457 - DEBUG - Collected collision time for BConcave+BConcavePatient+4300 at IoU 0.9: nan
2025-07-16 19:55:17,457 - DEBUG - Collected collision time for BConcave+BConcavePatient+4300 at IoU 0.95: nan
2025-07-16 19:55:17,459 - DEBUG - Collected collision time for BConcave+BConcavePatient+4500_flipped at IoU 0.05: 4433.333333333334
2025-07-16 19:55:17,459 - DEBUG - Collected collision time for BConcave+BConcavePatient+4500_flipped at IoU 0.1: 4550.0
2025-07-16 19:55:17,460 - DEBUG - Collected collision time for BConcave+BConcavePatient+4500_flipped at IoU 0.15: 4616.666666666666
2025-07-16 19:55:17,460 - DEBUG - Collected collision time for BConcave+BConcavePatient+4500_flipped at IoU 0.2: 4683.333333333334
2025-07-16 19:55:17,461 - DEBUG - Collected collision time for BConcave+BConcavePatient+4500_flipped at IoU 0.25: 4750.0
2025-07-16 19:55:17,461 - DEBUG - Collected collision time for BConcave+BConcavePatient+4500_flipped at IoU 0.3: 4783.333333333333
2025-07-16 19:55:17,461 - DEBUG - Collected collision time for BConcave+BConcavePatient+4500_flipped at IoU 0.35: 4833.333333333333
2025-07-16 19:55:17,462 - DEBUG - Collected collision time for BConcave+BConcavePatient+4500_flipped at IoU 0.4: 4883.333333333334
2025-07-16 19:55:17,462 - DEBUG - Collected collision time for BConcave+BConcavePatient+4500_flipped at IoU 0.45: 4916.666666666667
2025-07-16 19:55:17,462 - DEBUG - Collected collision time for BConcave+BConcavePatient+4500_flipped at IoU 0.5: 4950.0
2025-07-16 19:55:17,463 - DEBUG - Collected collision time for BConcave+BConcavePatient+4500_flipped at IoU 0.55: 4983.333333333333
2025-07-16 19:55:17,463 - DEBUG - Collected collision time for BConcave+BConcavePatient+4500_flipped at IoU 0.6: 5033.333333333333
2025-07-16 19:55:17,463 - DEBUG - Collected collision time for BConcave+BConcavePatient+4500_flipped at IoU 0.65: 5066.666666666666
2025-07-16 19:55:17,464 - DEBUG - Collected collision time for BConcave+BConcavePatient+4500_flipped at IoU 0.7: 5116.666666666666
2025-07-16 19:55:17,464 - DEBUG - Collected collision time for BConcave+BConcavePatient+4500_flipped at IoU 0.75: nan
2025-07-16 19:55:17,464 - DEBUG - Collected collision time for BConcave+BConcavePatient+4500_flipped at IoU 0.8: nan
2025-07-16 19:55:17,465 - DEBUG - Collected collision time for BConcave+BConcavePatient+4500_flipped at IoU 0.85: nan
2025-07-16 19:55:17,465 - DEBUG - Collected collision time for BConcave+BConcavePatient+4500_flipped at IoU 0.9: nan
2025-07-16 19:55:17,465 - DEBUG - Collected collision time for BConcave+BConcavePatient+4500_flipped at IoU 0.95: nan
2025-07-16 19:55:17,466 - DEBUG - Collected collision time for BConcave+BConvex+3500_flipped at IoU 0.05: 3800.0
2025-07-16 19:55:17,466 - DEBUG - Collected collision time for BConcave+BConvex+3500_flipped at IoU 0.1: 3966.666666666667
2025-07-16 19:55:17,466 - DEBUG - Collected collision time for BConcave+BConvex+3500_flipped at IoU 0.15: 4100.0
2025-07-16 19:55:17,467 - DEBUG - Collected collision time for BConcave+BConvex+3500_flipped at IoU 0.2: 4200.0
2025-07-16 19:55:17,467 - DEBUG - Collected collision time for BConcave+BConvex+3500_flipped at IoU 0.25: 4300.0
2025-07-16 19:55:17,467 - DEBUG - Collected collision time for BConcave+BConvex+3500_flipped at IoU 0.3: 4416.666666666667
2025-07-16 19:55:17,468 - DEBUG - Collected collision time for BConcave+BConvex+3500_flipped at IoU 0.35: 4500.0
2025-07-16 19:55:17,468 - DEBUG - Collected collision time for BConcave+BConvex+3500_flipped at IoU 0.4: 4616.666666666666
2025-07-16 19:55:17,468 - DEBUG - Collected collision time for BConcave+BConvex+3500_flipped at IoU 0.45: nan
2025-07-16 19:55:17,469 - DEBUG - Collected collision time for BConcave+BConvex+3500_flipped at IoU 0.5: nan
2025-07-16 19:55:17,469 - DEBUG - Collected collision time for BConcave+BConvex+3500_flipped at IoU 0.55: nan
2025-07-16 19:55:17,469 - DEBUG - Collected collision time for BConcave+BConvex+3500_flipped at IoU 0.6: nan
2025-07-16 19:55:17,470 - DEBUG - Collected collision time for BConcave+BConvex+3500_flipped at IoU 0.65: nan
2025-07-16 19:55:17,470 - DEBUG - Collected collision time for BConcave+BConvex+3500_flipped at IoU 0.7: nan
2025-07-16 19:55:17,470 - DEBUG - Collected collision time for BConcave+BConvex+3500_flipped at IoU 0.75: nan
2025-07-16 19:55:17,471 - DEBUG - Collected collision time for BConcave+BConvex+3500_flipped at IoU 0.8: nan
2025-07-16 19:55:17,471 - DEBUG - Collected collision time for BConcave+BConvex+3500_flipped at IoU 0.85: nan
2025-07-16 19:55:17,472 - DEBUG - Collected collision time for BConcave+BConvex+3500_flipped at IoU 0.9: nan
2025-07-16 19:55:17,472 - DEBUG - Collected collision time for BConcave+BConvex+3500_flipped at IoU 0.95: nan
2025-07-16 19:55:17,472 - DEBUG - Collected collision time for BConcave+BConvex+3700 at IoU 0.05: nan
2025-07-16 19:55:17,473 - DEBUG - Collected collision time for BConcave+BConvex+3700 at IoU 0.1: nan
2025-07-16 19:55:17,473 - DEBUG - Collected collision time for BConcave+BConvex+3700 at IoU 0.15: nan
2025-07-16 19:55:17,473 - DEBUG - Collected collision time for BConcave+BConvex+3700 at IoU 0.2: nan
2025-07-16 19:55:17,474 - DEBUG - Collected collision time for BConcave+BConvex+3700 at IoU 0.25: nan
2025-07-16 19:55:17,474 - DEBUG - Collected collision time for BConcave+BConvex+3700 at IoU 0.3: nan
2025-07-16 19:55:17,474 - DEBUG - Collected collision time for BConcave+BConvex+3700 at IoU 0.35: nan
2025-07-16 19:55:17,475 - DEBUG - Collected collision time for BConcave+BConvex+3700 at IoU 0.4: nan
2025-07-16 19:55:17,475 - DEBUG - Collected collision time for BConcave+BConvex+3700 at IoU 0.45: nan
2025-07-16 19:55:17,475 - DEBUG - Collected collision time for BConcave+BConvex+3700 at IoU 0.5: nan
2025-07-16 19:55:17,476 - DEBUG - Collected collision time for BConcave+BConvex+3700 at IoU 0.55: nan
2025-07-16 19:55:17,476 - DEBUG - Collected collision time for BConcave+BConvex+3700 at IoU 0.6: nan
2025-07-16 19:55:17,476 - DEBUG - Collected collision time for BConcave+BConvex+3700 at IoU 0.65: nan
2025-07-16 19:55:17,477 - DEBUG - Collected collision time for BConcave+BConvex+3700 at IoU 0.7: nan
2025-07-16 19:55:17,477 - DEBUG - Collected collision time for BConcave+BConvex+3700 at IoU 0.75: nan
2025-07-16 19:55:17,477 - DEBUG - Collected collision time for BConcave+BConvex+3700 at IoU 0.8: nan
2025-07-16 19:55:17,478 - DEBUG - Collected collision time for BConcave+BConvex+3700 at IoU 0.85: nan
2025-07-16 19:55:17,478 - DEBUG - Collected collision time for BConcave+BConvex+3700 at IoU 0.9: nan
2025-07-16 19:55:17,478 - DEBUG - Collected collision time for BConcave+BConvex+3700 at IoU 0.95: nan
2025-07-16 19:55:17,479 - DEBUG - Collected collision time for BConcave+BConvex+3900_flipped at IoU 0.05: nan
2025-07-16 19:55:17,479 - DEBUG - Collected collision time for BConcave+BConvex+3900_flipped at IoU 0.1: nan
2025-07-16 19:55:17,479 - DEBUG - Collected collision time for BConcave+BConvex+3900_flipped at IoU 0.15: nan
2025-07-16 19:55:17,480 - DEBUG - Collected collision time for BConcave+BConvex+3900_flipped at IoU 0.2: nan
2025-07-16 19:55:17,480 - DEBUG - Collected collision time for BConcave+BConvex+3900_flipped at IoU 0.25: nan
2025-07-16 19:55:17,480 - DEBUG - Collected collision time for BConcave+BConvex+3900_flipped at IoU 0.3: nan
2025-07-16 19:55:17,481 - DEBUG - Collected collision time for BConcave+BConvex+3900_flipped at IoU 0.35: nan
2025-07-16 19:55:17,481 - DEBUG - Collected collision time for BConcave+BConvex+3900_flipped at IoU 0.4: nan
2025-07-16 19:55:17,481 - DEBUG - Collected collision time for BConcave+BConvex+3900_flipped at IoU 0.45: nan
2025-07-16 19:55:17,482 - DEBUG - Collected collision time for BConcave+BConvex+3900_flipped at IoU 0.5: nan
2025-07-16 19:55:17,482 - DEBUG - Collected collision time for BConcave+BConvex+3900_flipped at IoU 0.55: nan
2025-07-16 19:55:17,482 - DEBUG - Collected collision time for BConcave+BConvex+3900_flipped at IoU 0.6: nan
2025-07-16 19:55:17,483 - DEBUG - Collected collision time for BConcave+BConvex+3900_flipped at IoU 0.65: nan
2025-07-16 19:55:17,483 - DEBUG - Collected collision time for BConcave+BConvex+3900_flipped at IoU 0.7: nan
2025-07-16 19:55:17,483 - DEBUG - Collected collision time for BConcave+BConvex+3900_flipped at IoU 0.75: nan
2025-07-16 19:55:17,484 - DEBUG - Collected collision time for BConcave+BConvex+3900_flipped at IoU 0.8: nan
2025-07-16 19:55:17,484 - DEBUG - Collected collision time for BConcave+BConvex+3900_flipped at IoU 0.85: nan
2025-07-16 19:55:17,484 - DEBUG - Collected collision time for BConcave+BConvex+3900_flipped at IoU 0.9: nan
2025-07-16 19:55:17,485 - DEBUG - Collected collision time for BConcave+BConvex+3900_flipped at IoU 0.95: nan
2025-07-16 19:55:17,485 - DEBUG - Collected collision time for BConcave+BConvex+4100 at IoU 0.05: 4433.333333333334
2025-07-16 19:55:17,485 - DEBUG - Collected collision time for BConcave+BConvex+4100 at IoU 0.1: 4583.333333333333
2025-07-16 19:55:17,486 - DEBUG - Collected collision time for BConcave+BConvex+4100 at IoU 0.15: 4666.666666666667
2025-07-16 19:55:17,486 - DEBUG - Collected collision time for BConcave+BConvex+4100 at IoU 0.2: nan
2025-07-16 19:55:17,487 - DEBUG - Collected collision time for BConcave+BConvex+4100 at IoU 0.25: nan
2025-07-16 19:55:17,487 - DEBUG - Collected collision time for BConcave+BConvex+4100 at IoU 0.3: nan
2025-07-16 19:55:17,487 - DEBUG - Collected collision time for BConcave+BConvex+4100 at IoU 0.35: nan
2025-07-16 19:55:17,487 - DEBUG - Collected collision time for BConcave+BConvex+4100 at IoU 0.4: nan
2025-07-16 19:55:17,488 - DEBUG - Collected collision time for BConcave+BConvex+4100 at IoU 0.45: nan
2025-07-16 19:55:17,488 - DEBUG - Collected collision time for BConcave+BConvex+4100 at IoU 0.5: nan
2025-07-16 19:55:17,489 - DEBUG - Collected collision time for BConcave+BConvex+4100 at IoU 0.55: nan
2025-07-16 19:55:17,489 - DEBUG - Collected collision time for BConcave+BConvex+4100 at IoU 0.6: nan
2025-07-16 19:55:17,490 - DEBUG - Collected collision time for BConcave+BConvex+4100 at IoU 0.65: nan
2025-07-16 19:55:17,490 - DEBUG - Collected collision time for BConcave+BConvex+4100 at IoU 0.7: nan
2025-07-16 19:55:17,490 - DEBUG - Collected collision time for BConcave+BConvex+4100 at IoU 0.75: nan
2025-07-16 19:55:17,491 - DEBUG - Collected collision time for BConcave+BConvex+4100 at IoU 0.8: nan
2025-07-16 19:55:17,491 - DEBUG - Collected collision time for BConcave+BConvex+4100 at IoU 0.85: nan
2025-07-16 19:55:17,491 - DEBUG - Collected collision time for BConcave+BConvex+4100 at IoU 0.9: nan
2025-07-16 19:55:17,492 - DEBUG - Collected collision time for BConcave+BConvex+4100 at IoU 0.95: nan
2025-07-16 19:55:17,493 - DEBUG - Collected collision time for BConcave+BConvex+4300_flipped at IoU 0.05: 4633.333333333334
2025-07-16 19:55:17,493 - DEBUG - Collected collision time for BConcave+BConvex+4300_flipped at IoU 0.1: 4850.0
2025-07-16 19:55:17,493 - DEBUG - Collected collision time for BConcave+BConvex+4300_flipped at IoU 0.15: 5033.333333333333
2025-07-16 19:55:17,494 - DEBUG - Collected collision time for BConcave+BConvex+4300_flipped at IoU 0.2: 5200.0
2025-07-16 19:55:17,494 - DEBUG - Collected collision time for BConcave+BConvex+4300_flipped at IoU 0.25: nan
2025-07-16 19:55:17,494 - DEBUG - Collected collision time for BConcave+BConvex+4300_flipped at IoU 0.3: nan
2025-07-16 19:55:17,495 - DEBUG - Collected collision time for BConcave+BConvex+4300_flipped at IoU 0.35: nan
2025-07-16 19:55:17,495 - DEBUG - Collected collision time for BConcave+BConvex+4300_flipped at IoU 0.4: nan
2025-07-16 19:55:17,496 - DEBUG - Collected collision time for BConcave+BConvex+4300_flipped at IoU 0.45: nan
2025-07-16 19:55:17,497 - DEBUG - Collected collision time for BConcave+BConvex+4300_flipped at IoU 0.5: nan
2025-07-16 19:55:17,497 - DEBUG - Collected collision time for BConcave+BConvex+4300_flipped at IoU 0.55: nan
2025-07-16 19:55:17,497 - DEBUG - Collected collision time for BConcave+BConvex+4300_flipped at IoU 0.6: nan
2025-07-16 19:55:17,498 - DEBUG - Collected collision time for BConcave+BConvex+4300_flipped at IoU 0.65: nan
2025-07-16 19:55:17,499 - DEBUG - Collected collision time for BConcave+BConvex+4300_flipped at IoU 0.7: nan
2025-07-16 19:55:17,499 - DEBUG - Collected collision time for BConcave+BConvex+4300_flipped at IoU 0.75: nan
2025-07-16 19:55:17,500 - DEBUG - Collected collision time for BConcave+BConvex+4300_flipped at IoU 0.8: nan
2025-07-16 19:55:17,500 - DEBUG - Collected collision time for BConcave+BConvex+4300_flipped at IoU 0.85: nan
2025-07-16 19:55:17,500 - DEBUG - Collected collision time for BConcave+BConvex+4300_flipped at IoU 0.9: nan
2025-07-16 19:55:17,501 - DEBUG - Collected collision time for BConcave+BConvex+4300_flipped at IoU 0.95: nan
2025-07-16 19:55:17,501 - DEBUG - Collected collision time for BConcave+BConvex+4500 at IoU 0.05: 4816.666666666666
2025-07-16 19:55:17,502 - DEBUG - Collected collision time for BConcave+BConvex+4500 at IoU 0.1: nan
2025-07-16 19:55:17,502 - DEBUG - Collected collision time for BConcave+BConvex+4500 at IoU 0.15: nan
2025-07-16 19:55:17,502 - DEBUG - Collected collision time for BConcave+BConvex+4500 at IoU 0.2: nan
2025-07-16 19:55:17,503 - DEBUG - Collected collision time for BConcave+BConvex+4500 at IoU 0.25: nan
2025-07-16 19:55:17,503 - DEBUG - Collected collision time for BConcave+BConvex+4500 at IoU 0.3: nan
2025-07-16 19:55:17,503 - DEBUG - Collected collision time for BConcave+BConvex+4500 at IoU 0.35: nan
2025-07-16 19:55:17,504 - DEBUG - Collected collision time for BConcave+BConvex+4500 at IoU 0.4: nan
2025-07-16 19:55:17,504 - DEBUG - Collected collision time for BConcave+BConvex+4500 at IoU 0.45: nan
2025-07-16 19:55:17,504 - DEBUG - Collected collision time for BConcave+BConvex+4500 at IoU 0.5: nan
2025-07-16 19:55:17,505 - DEBUG - Collected collision time for BConcave+BConvex+4500 at IoU 0.55: nan
2025-07-16 19:55:17,505 - DEBUG - Collected collision time for BConcave+BConvex+4500 at IoU 0.6: nan
2025-07-16 19:55:17,505 - DEBUG - Collected collision time for BConcave+BConvex+4500 at IoU 0.65: nan
2025-07-16 19:55:17,506 - DEBUG - Collected collision time for BConcave+BConvex+4500 at IoU 0.7: nan
2025-07-16 19:55:17,506 - DEBUG - Collected collision time for BConcave+BConvex+4500 at IoU 0.75: nan
2025-07-16 19:55:17,507 - DEBUG - Collected collision time for BConcave+BConvex+4500 at IoU 0.8: nan
2025-07-16 19:55:17,508 - DEBUG - Collected collision time for BConcave+BConvex+4500 at IoU 0.85: nan
2025-07-16 19:55:17,508 - DEBUG - Collected collision time for BConcave+BConvex+4500 at IoU 0.9: nan
2025-07-16 19:55:17,508 - DEBUG - Collected collision time for BConcave+BConvex+4500 at IoU 0.95: nan
2025-07-16 19:55:17,509 - DEBUG - Collected collision time for BConcave+CConcave+3500 at IoU 0.05: 3483.3333333333335
2025-07-16 19:55:17,510 - DEBUG - Collected collision time for BConcave+CConcave+3500 at IoU 0.1: 3616.6666666666665
2025-07-16 19:55:17,510 - DEBUG - Collected collision time for BConcave+CConcave+3500 at IoU 0.15: 3766.6666666666665
2025-07-16 19:55:17,511 - DEBUG - Collected collision time for BConcave+CConcave+3500 at IoU 0.2: 4000.0
2025-07-16 19:55:17,511 - DEBUG - Collected collision time for BConcave+CConcave+3500 at IoU 0.25: nan
2025-07-16 19:55:17,511 - DEBUG - Collected collision time for BConcave+CConcave+3500 at IoU 0.3: nan
2025-07-16 19:55:17,511 - DEBUG - Collected collision time for BConcave+CConcave+3500 at IoU 0.35: nan
2025-07-16 19:55:17,512 - DEBUG - Collected collision time for BConcave+CConcave+3500 at IoU 0.4: nan
2025-07-16 19:55:17,512 - DEBUG - Collected collision time for BConcave+CConcave+3500 at IoU 0.45: nan
2025-07-16 19:55:17,513 - DEBUG - Collected collision time for BConcave+CConcave+3500 at IoU 0.5: nan
2025-07-16 19:55:17,513 - DEBUG - Collected collision time for BConcave+CConcave+3500 at IoU 0.55: nan
2025-07-16 19:55:17,514 - DEBUG - Collected collision time for BConcave+CConcave+3500 at IoU 0.6: nan
2025-07-16 19:55:17,514 - DEBUG - Collected collision time for BConcave+CConcave+3500 at IoU 0.65: nan
2025-07-16 19:55:17,514 - DEBUG - Collected collision time for BConcave+CConcave+3500 at IoU 0.7: nan
2025-07-16 19:55:17,515 - DEBUG - Collected collision time for BConcave+CConcave+3500 at IoU 0.75: nan
2025-07-16 19:55:17,515 - DEBUG - Collected collision time for BConcave+CConcave+3500 at IoU 0.8: nan
2025-07-16 19:55:17,516 - DEBUG - Collected collision time for BConcave+CConcave+3500 at IoU 0.85: nan
2025-07-16 19:55:17,516 - DEBUG - Collected collision time for BConcave+CConcave+3500 at IoU 0.9: nan
2025-07-16 19:55:17,516 - DEBUG - Collected collision time for BConcave+CConcave+3500 at IoU 0.95: nan
2025-07-16 19:55:17,517 - DEBUG - Collected collision time for BConcave+CConcave+3700_flipped at IoU 0.05: 3416.6666666666665
2025-07-16 19:55:17,517 - DEBUG - Collected collision time for BConcave+CConcave+3700_flipped at IoU 0.1: 3416.6666666666665
2025-07-16 19:55:17,517 - DEBUG - Collected collision time for BConcave+CConcave+3700_flipped at IoU 0.15: 3800.0
2025-07-16 19:55:17,518 - DEBUG - Collected collision time for BConcave+CConcave+3700_flipped at IoU 0.2: 3966.666666666667
2025-07-16 19:55:17,518 - DEBUG - Collected collision time for BConcave+CConcave+3700_flipped at IoU 0.25: 4016.6666666666665
2025-07-16 19:55:17,518 - DEBUG - Collected collision time for BConcave+CConcave+3700_flipped at IoU 0.3: nan
2025-07-16 19:55:17,519 - DEBUG - Collected collision time for BConcave+CConcave+3700_flipped at IoU 0.35: nan
2025-07-16 19:55:17,519 - DEBUG - Collected collision time for BConcave+CConcave+3700_flipped at IoU 0.4: nan
2025-07-16 19:55:17,520 - DEBUG - Collected collision time for BConcave+CConcave+3700_flipped at IoU 0.45: nan
2025-07-16 19:55:17,521 - DEBUG - Collected collision time for BConcave+CConcave+3700_flipped at IoU 0.5: nan
2025-07-16 19:55:17,521 - DEBUG - Collected collision time for BConcave+CConcave+3700_flipped at IoU 0.55: nan
2025-07-16 19:55:17,522 - DEBUG - Collected collision time for BConcave+CConcave+3700_flipped at IoU 0.6: nan
2025-07-16 19:55:17,522 - DEBUG - Collected collision time for BConcave+CConcave+3700_flipped at IoU 0.65: nan
2025-07-16 19:55:17,523 - DEBUG - Collected collision time for BConcave+CConcave+3700_flipped at IoU 0.7: nan
2025-07-16 19:55:17,523 - DEBUG - Collected collision time for BConcave+CConcave+3700_flipped at IoU 0.75: nan
2025-07-16 19:55:17,524 - DEBUG - Collected collision time for BConcave+CConcave+3700_flipped at IoU 0.8: nan
2025-07-16 19:55:17,524 - DEBUG - Collected collision time for BConcave+CConcave+3700_flipped at IoU 0.85: nan
2025-07-16 19:55:17,525 - DEBUG - Collected collision time for BConcave+CConcave+3700_flipped at IoU 0.9: nan
2025-07-16 19:55:17,525 - DEBUG - Collected collision time for BConcave+CConcave+3700_flipped at IoU 0.95: nan
2025-07-16 19:55:17,526 - DEBUG - Collected collision time for BConcave+CConcave+3900 at IoU 0.05: 4016.6666666666665
2025-07-16 19:55:17,526 - DEBUG - Collected collision time for BConcave+CConcave+3900 at IoU 0.1: 4116.666666666666
2025-07-16 19:55:17,526 - DEBUG - Collected collision time for BConcave+CConcave+3900 at IoU 0.15: 4233.333333333333
2025-07-16 19:55:17,527 - DEBUG - Collected collision time for BConcave+CConcave+3900 at IoU 0.2: 4300.0
2025-07-16 19:55:17,527 - DEBUG - Collected collision time for BConcave+CConcave+3900 at IoU 0.25: 4383.333333333334
2025-07-16 19:55:17,528 - DEBUG - Collected collision time for BConcave+CConcave+3900 at IoU 0.3: 4466.666666666667
2025-07-16 19:55:17,529 - DEBUG - Collected collision time for BConcave+CConcave+3900 at IoU 0.35: nan
2025-07-16 19:55:17,529 - DEBUG - Collected collision time for BConcave+CConcave+3900 at IoU 0.4: nan
2025-07-16 19:55:17,529 - DEBUG - Collected collision time for BConcave+CConcave+3900 at IoU 0.45: nan
2025-07-16 19:55:17,530 - DEBUG - Collected collision time for BConcave+CConcave+3900 at IoU 0.5: nan
2025-07-16 19:55:17,530 - DEBUG - Collected collision time for BConcave+CConcave+3900 at IoU 0.55: nan
2025-07-16 19:55:17,530 - DEBUG - Collected collision time for BConcave+CConcave+3900 at IoU 0.6: nan
2025-07-16 19:55:17,531 - DEBUG - Collected collision time for BConcave+CConcave+3900 at IoU 0.65: nan
2025-07-16 19:55:17,531 - DEBUG - Collected collision time for BConcave+CConcave+3900 at IoU 0.7: nan
2025-07-16 19:55:17,532 - DEBUG - Collected collision time for BConcave+CConcave+3900 at IoU 0.75: nan
2025-07-16 19:55:17,532 - DEBUG - Collected collision time for BConcave+CConcave+3900 at IoU 0.8: nan
2025-07-16 19:55:17,533 - DEBUG - Collected collision time for BConcave+CConcave+3900 at IoU 0.85: nan
2025-07-16 19:55:17,533 - DEBUG - Collected collision time for BConcave+CConcave+3900 at IoU 0.9: nan
2025-07-16 19:55:17,533 - DEBUG - Collected collision time for BConcave+CConcave+3900 at IoU 0.95: nan
2025-07-16 19:55:17,534 - DEBUG - Collected collision time for BConcave+CConcave+4100_flipped at IoU 0.05: 4250.0
2025-07-16 19:55:17,534 - DEBUG - Collected collision time for BConcave+CConcave+4100_flipped at IoU 0.1: 4350.0
2025-07-16 19:55:17,535 - DEBUG - Collected collision time for BConcave+CConcave+4100_flipped at IoU 0.15: 4466.666666666667
2025-07-16 19:55:17,535 - DEBUG - Collected collision time for BConcave+CConcave+4100_flipped at IoU 0.2: 4550.0
2025-07-16 19:55:17,536 - DEBUG - Collected collision time for BConcave+CConcave+4100_flipped at IoU 0.25: 4650.0
2025-07-16 19:55:17,537 - DEBUG - Collected collision time for BConcave+CConcave+4100_flipped at IoU 0.3: 4833.333333333333
2025-07-16 19:55:17,537 - DEBUG - Collected collision time for BConcave+CConcave+4100_flipped at IoU 0.35: nan
2025-07-16 19:55:17,538 - DEBUG - Collected collision time for BConcave+CConcave+4100_flipped at IoU 0.4: nan
2025-07-16 19:55:17,538 - DEBUG - Collected collision time for BConcave+CConcave+4100_flipped at IoU 0.45: nan
2025-07-16 19:55:17,539 - DEBUG - Collected collision time for BConcave+CConcave+4100_flipped at IoU 0.5: nan
2025-07-16 19:55:17,539 - DEBUG - Collected collision time for BConcave+CConcave+4100_flipped at IoU 0.55: nan
2025-07-16 19:55:17,540 - DEBUG - Collected collision time for BConcave+CConcave+4100_flipped at IoU 0.6: nan
2025-07-16 19:55:17,540 - DEBUG - Collected collision time for BConcave+CConcave+4100_flipped at IoU 0.65: nan
2025-07-16 19:55:17,541 - DEBUG - Collected collision time for BConcave+CConcave+4100_flipped at IoU 0.7: nan
2025-07-16 19:55:17,541 - DEBUG - Collected collision time for BConcave+CConcave+4100_flipped at IoU 0.75: nan
2025-07-16 19:55:17,541 - DEBUG - Collected collision time for BConcave+CConcave+4100_flipped at IoU 0.8: nan
2025-07-16 19:55:17,541 - DEBUG - Collected collision time for BConcave+CConcave+4100_flipped at IoU 0.85: nan
2025-07-16 19:55:17,542 - DEBUG - Collected collision time for BConcave+CConcave+4100_flipped at IoU 0.9: nan
2025-07-16 19:55:17,542 - DEBUG - Collected collision time for BConcave+CConcave+4100_flipped at IoU 0.95: nan
2025-07-16 19:55:17,543 - DEBUG - Collected collision time for BConcave+CConcave+4300 at IoU 0.05: 4483.333333333333
2025-07-16 19:55:17,543 - DEBUG - Collected collision time for BConcave+CConcave+4300 at IoU 0.1: 4600.0
2025-07-16 19:55:17,544 - DEBUG - Collected collision time for BConcave+CConcave+4300 at IoU 0.15: 4683.333333333334
2025-07-16 19:55:17,544 - DEBUG - Collected collision time for BConcave+CConcave+4300 at IoU 0.2: 4766.666666666667
2025-07-16 19:55:17,545 - DEBUG - Collected collision time for BConcave+CConcave+4300 at IoU 0.25: 4850.0
2025-07-16 19:55:17,545 - DEBUG - Collected collision time for BConcave+CConcave+4300 at IoU 0.3: 4950.0
2025-07-16 19:55:17,546 - DEBUG - Collected collision time for BConcave+CConcave+4300 at IoU 0.35: 5100.0
2025-07-16 19:55:17,546 - DEBUG - Collected collision time for BConcave+CConcave+4300 at IoU 0.4: nan
2025-07-16 19:55:17,546 - DEBUG - Collected collision time for BConcave+CConcave+4300 at IoU 0.45: nan
2025-07-16 19:55:17,547 - DEBUG - Collected collision time for BConcave+CConcave+4300 at IoU 0.5: nan
2025-07-16 19:55:17,548 - DEBUG - Collected collision time for BConcave+CConcave+4300 at IoU 0.55: nan
2025-07-16 19:55:17,548 - DEBUG - Collected collision time for BConcave+CConcave+4300 at IoU 0.6: nan
2025-07-16 19:55:17,548 - DEBUG - Collected collision time for BConcave+CConcave+4300 at IoU 0.65: nan
2025-07-16 19:55:17,549 - DEBUG - Collected collision time for BConcave+CConcave+4300 at IoU 0.7: nan
2025-07-16 19:55:17,550 - DEBUG - Collected collision time for BConcave+CConcave+4300 at IoU 0.75: nan
2025-07-16 19:55:17,550 - DEBUG - Collected collision time for BConcave+CConcave+4300 at IoU 0.8: nan
2025-07-16 19:55:17,550 - DEBUG - Collected collision time for BConcave+CConcave+4300 at IoU 0.85: nan
2025-07-16 19:55:17,551 - DEBUG - Collected collision time for BConcave+CConcave+4300 at IoU 0.9: nan
2025-07-16 19:55:17,551 - DEBUG - Collected collision time for BConcave+CConcave+4300 at IoU 0.95: nan
2025-07-16 19:55:17,551 - DEBUG - Collected collision time for BConcave+CConcave+4500_flipped at IoU 0.05: 4683.333333333334
2025-07-16 19:55:17,552 - DEBUG - Collected collision time for BConcave+CConcave+4500_flipped at IoU 0.1: 4800.0
2025-07-16 19:55:17,552 - DEBUG - Collected collision time for BConcave+CConcave+4500_flipped at IoU 0.15: 4866.666666666666
2025-07-16 19:55:17,553 - DEBUG - Collected collision time for BConcave+CConcave+4500_flipped at IoU 0.2: 4966.666666666667
2025-07-16 19:55:17,553 - DEBUG - Collected collision time for BConcave+CConcave+4500_flipped at IoU 0.25: 5033.333333333333
2025-07-16 19:55:17,554 - DEBUG - Collected collision time for BConcave+CConcave+4500_flipped at IoU 0.3: 5116.666666666666
2025-07-16 19:55:17,554 - DEBUG - Collected collision time for BConcave+CConcave+4500_flipped at IoU 0.35: 5316.666666666666
2025-07-16 19:55:17,554 - DEBUG - Collected collision time for BConcave+CConcave+4500_flipped at IoU 0.4: nan
2025-07-16 19:55:17,555 - DEBUG - Collected collision time for BConcave+CConcave+4500_flipped at IoU 0.45: nan
2025-07-16 19:55:17,555 - DEBUG - Collected collision time for BConcave+CConcave+4500_flipped at IoU 0.5: nan
2025-07-16 19:55:17,555 - DEBUG - Collected collision time for BConcave+CConcave+4500_flipped at IoU 0.55: nan
2025-07-16 19:55:17,556 - DEBUG - Collected collision time for BConcave+CConcave+4500_flipped at IoU 0.6: nan
2025-07-16 19:55:17,556 - DEBUG - Collected collision time for BConcave+CConcave+4500_flipped at IoU 0.65: nan
2025-07-16 19:55:17,557 - DEBUG - Collected collision time for BConcave+CConcave+4500_flipped at IoU 0.7: nan
2025-07-16 19:55:17,558 - DEBUG - Collected collision time for BConcave+CConcave+4500_flipped at IoU 0.75: nan
2025-07-16 19:55:17,558 - DEBUG - Collected collision time for BConcave+CConcave+4500_flipped at IoU 0.8: nan
2025-07-16 19:55:17,559 - DEBUG - Collected collision time for BConcave+CConcave+4500_flipped at IoU 0.85: nan
2025-07-16 19:55:17,559 - DEBUG - Collected collision time for BConcave+CConcave+4500_flipped at IoU 0.9: nan
2025-07-16 19:55:17,560 - DEBUG - Collected collision time for BConcave+CConcave+4500_flipped at IoU 0.95: nan
2025-07-16 19:55:17,560 - DEBUG - Collected collision time for BConcave+CConvex+3500_flipped at IoU 0.05: nan
2025-07-16 19:55:17,561 - DEBUG - Collected collision time for BConcave+CConvex+3500_flipped at IoU 0.1: nan
2025-07-16 19:55:17,561 - DEBUG - Collected collision time for BConcave+CConvex+3500_flipped at IoU 0.15: nan
2025-07-16 19:55:17,561 - DEBUG - Collected collision time for BConcave+CConvex+3500_flipped at IoU 0.2: nan
2025-07-16 19:55:17,562 - DEBUG - Collected collision time for BConcave+CConvex+3500_flipped at IoU 0.25: nan
2025-07-16 19:55:17,563 - DEBUG - Collected collision time for BConcave+CConvex+3500_flipped at IoU 0.3: nan
2025-07-16 19:55:17,563 - DEBUG - Collected collision time for BConcave+CConvex+3500_flipped at IoU 0.35: nan
2025-07-16 19:55:17,563 - DEBUG - Collected collision time for BConcave+CConvex+3500_flipped at IoU 0.4: nan
2025-07-16 19:55:17,564 - DEBUG - Collected collision time for BConcave+CConvex+3500_flipped at IoU 0.45: nan
2025-07-16 19:55:17,564 - DEBUG - Collected collision time for BConcave+CConvex+3500_flipped at IoU 0.5: nan
2025-07-16 19:55:17,564 - DEBUG - Collected collision time for BConcave+CConvex+3500_flipped at IoU 0.55: nan
2025-07-16 19:55:17,565 - DEBUG - Collected collision time for BConcave+CConvex+3500_flipped at IoU 0.6: nan
2025-07-16 19:55:17,565 - DEBUG - Collected collision time for BConcave+CConvex+3500_flipped at IoU 0.65: nan
2025-07-16 19:55:17,565 - DEBUG - Collected collision time for BConcave+CConvex+3500_flipped at IoU 0.7: nan
2025-07-16 19:55:17,566 - DEBUG - Collected collision time for BConcave+CConvex+3500_flipped at IoU 0.75: nan
2025-07-16 19:55:17,566 - DEBUG - Collected collision time for BConcave+CConvex+3500_flipped at IoU 0.8: nan
2025-07-16 19:55:17,567 - DEBUG - Collected collision time for BConcave+CConvex+3500_flipped at IoU 0.85: nan
2025-07-16 19:55:17,567 - DEBUG - Collected collision time for BConcave+CConvex+3500_flipped at IoU 0.9: nan
2025-07-16 19:55:17,567 - DEBUG - Collected collision time for BConcave+CConvex+3500_flipped at IoU 0.95: nan
2025-07-16 19:55:17,568 - DEBUG - Collected collision time for BConcave+CConvex+3700 at IoU 0.05: 3966.666666666667
2025-07-16 19:55:17,568 - DEBUG - Collected collision time for BConcave+CConvex+3700 at IoU 0.1: 4100.0
2025-07-16 19:55:17,568 - DEBUG - Collected collision time for BConcave+CConvex+3700 at IoU 0.15: 4200.0
2025-07-16 19:55:17,569 - DEBUG - Collected collision time for BConcave+CConvex+3700 at IoU 0.2: 4266.666666666667
2025-07-16 19:55:17,569 - DEBUG - Collected collision time for BConcave+CConvex+3700 at IoU 0.25: 4333.333333333333
2025-07-16 19:55:17,569 - DEBUG - Collected collision time for BConcave+CConvex+3700 at IoU 0.3: 4416.666666666667
2025-07-16 19:55:17,570 - DEBUG - Collected collision time for BConcave+CConvex+3700 at IoU 0.35: 4500.0
2025-07-16 19:55:17,570 - DEBUG - Collected collision time for BConcave+CConvex+3700 at IoU 0.4: 4666.666666666667
2025-07-16 19:55:17,570 - DEBUG - Collected collision time for BConcave+CConvex+3700 at IoU 0.45: nan
2025-07-16 19:55:17,571 - DEBUG - Collected collision time for BConcave+CConvex+3700 at IoU 0.5: nan
2025-07-16 19:55:17,571 - DEBUG - Collected collision time for BConcave+CConvex+3700 at IoU 0.55: nan
2025-07-16 19:55:17,571 - DEBUG - Collected collision time for BConcave+CConvex+3700 at IoU 0.6: nan
2025-07-16 19:55:17,572 - DEBUG - Collected collision time for BConcave+CConvex+3700 at IoU 0.65: nan
2025-07-16 19:55:17,572 - DEBUG - Collected collision time for BConcave+CConvex+3700 at IoU 0.7: nan
2025-07-16 19:55:17,573 - DEBUG - Collected collision time for BConcave+CConvex+3700 at IoU 0.75: nan
2025-07-16 19:55:17,573 - DEBUG - Collected collision time for BConcave+CConvex+3700 at IoU 0.8: nan
2025-07-16 19:55:17,574 - DEBUG - Collected collision time for BConcave+CConvex+3700 at IoU 0.85: nan
2025-07-16 19:55:17,574 - DEBUG - Collected collision time for BConcave+CConvex+3700 at IoU 0.9: nan
2025-07-16 19:55:17,575 - DEBUG - Collected collision time for BConcave+CConvex+3700 at IoU 0.95: nan
2025-07-16 19:55:17,576 - DEBUG - Collected collision time for BConcave+CConvex+3900_flipped at IoU 0.05: 4150.0
2025-07-16 19:55:17,576 - DEBUG - Collected collision time for BConcave+CConvex+3900_flipped at IoU 0.1: 4283.333333333333
2025-07-16 19:55:17,576 - DEBUG - Collected collision time for BConcave+CConvex+3900_flipped at IoU 0.15: 4400.0
2025-07-16 19:55:17,577 - DEBUG - Collected collision time for BConcave+CConvex+3900_flipped at IoU 0.2: 4483.333333333333
2025-07-16 19:55:17,577 - DEBUG - Collected collision time for BConcave+CConvex+3900_flipped at IoU 0.25: 4550.0
2025-07-16 19:55:17,578 - DEBUG - Collected collision time for BConcave+CConvex+3900_flipped at IoU 0.3: 4616.666666666666
2025-07-16 19:55:17,578 - DEBUG - Collected collision time for BConcave+CConvex+3900_flipped at IoU 0.35: 4716.666666666667
2025-07-16 19:55:17,578 - DEBUG - Collected collision time for BConcave+CConvex+3900_flipped at IoU 0.4: nan
2025-07-16 19:55:17,579 - DEBUG - Collected collision time for BConcave+CConvex+3900_flipped at IoU 0.45: nan
2025-07-16 19:55:17,579 - DEBUG - Collected collision time for BConcave+CConvex+3900_flipped at IoU 0.5: nan
2025-07-16 19:55:17,579 - DEBUG - Collected collision time for BConcave+CConvex+3900_flipped at IoU 0.55: nan
2025-07-16 19:55:17,580 - DEBUG - Collected collision time for BConcave+CConvex+3900_flipped at IoU 0.6: nan
2025-07-16 19:55:17,580 - DEBUG - Collected collision time for BConcave+CConvex+3900_flipped at IoU 0.65: nan
2025-07-16 19:55:17,580 - DEBUG - Collected collision time for BConcave+CConvex+3900_flipped at IoU 0.7: nan
2025-07-16 19:55:17,581 - DEBUG - Collected collision time for BConcave+CConvex+3900_flipped at IoU 0.75: nan
2025-07-16 19:55:17,581 - DEBUG - Collected collision time for BConcave+CConvex+3900_flipped at IoU 0.8: nan
2025-07-16 19:55:17,581 - DEBUG - Collected collision time for BConcave+CConvex+3900_flipped at IoU 0.85: nan
2025-07-16 19:55:17,582 - DEBUG - Collected collision time for BConcave+CConvex+3900_flipped at IoU 0.9: nan
2025-07-16 19:55:17,582 - DEBUG - Collected collision time for BConcave+CConvex+3900_flipped at IoU 0.95: nan
2025-07-16 19:55:17,582 - DEBUG - Collected collision time for BConcave+CConvex+4100 at IoU 0.05: 4416.666666666667
2025-07-16 19:55:17,583 - DEBUG - Collected collision time for BConcave+CConvex+4100 at IoU 0.1: 4550.0
2025-07-16 19:55:17,583 - DEBUG - Collected collision time for BConcave+CConvex+4100 at IoU 0.15: 4633.333333333334
2025-07-16 19:55:17,583 - DEBUG - Collected collision time for BConcave+CConvex+4100 at IoU 0.2: 4700.0
2025-07-16 19:55:17,584 - DEBUG - Collected collision time for BConcave+CConvex+4100 at IoU 0.25: 4766.666666666667
2025-07-16 19:55:17,584 - DEBUG - Collected collision time for BConcave+CConvex+4100 at IoU 0.3: 4933.333333333334
2025-07-16 19:55:17,585 - DEBUG - Collected collision time for BConcave+CConvex+4100 at IoU 0.35: nan
2025-07-16 19:55:17,585 - DEBUG - Collected collision time for BConcave+CConvex+4100 at IoU 0.4: nan
2025-07-16 19:55:17,585 - DEBUG - Collected collision time for BConcave+CConvex+4100 at IoU 0.45: nan
2025-07-16 19:55:17,586 - DEBUG - Collected collision time for BConcave+CConvex+4100 at IoU 0.5: nan
2025-07-16 19:55:17,586 - DEBUG - Collected collision time for BConcave+CConvex+4100 at IoU 0.55: nan
2025-07-16 19:55:17,586 - DEBUG - Collected collision time for BConcave+CConvex+4100 at IoU 0.6: nan
2025-07-16 19:55:17,587 - DEBUG - Collected collision time for BConcave+CConvex+4100 at IoU 0.65: nan
2025-07-16 19:55:17,587 - DEBUG - Collected collision time for BConcave+CConvex+4100 at IoU 0.7: nan
2025-07-16 19:55:17,587 - DEBUG - Collected collision time for BConcave+CConvex+4100 at IoU 0.75: nan
2025-07-16 19:55:17,587 - DEBUG - Collected collision time for BConcave+CConvex+4100 at IoU 0.8: nan
2025-07-16 19:55:17,588 - DEBUG - Collected collision time for BConcave+CConvex+4100 at IoU 0.85: nan
2025-07-16 19:55:17,588 - DEBUG - Collected collision time for BConcave+CConvex+4100 at IoU 0.9: nan
2025-07-16 19:55:17,589 - DEBUG - Collected collision time for BConcave+CConvex+4100 at IoU 0.95: nan
2025-07-16 19:55:17,589 - DEBUG - Collected collision time for BConcave+CConvex+4300_flipped at IoU 0.05: 4550.0
2025-07-16 19:55:17,589 - DEBUG - Collected collision time for BConcave+CConvex+4300_flipped at IoU 0.1: 4666.666666666667
2025-07-16 19:55:17,590 - DEBUG - Collected collision time for BConcave+CConvex+4300_flipped at IoU 0.15: 4766.666666666667
2025-07-16 19:55:17,590 - DEBUG - Collected collision time for BConcave+CConvex+4300_flipped at IoU 0.2: 4850.0
2025-07-16 19:55:17,590 - DEBUG - Collected collision time for BConcave+CConvex+4300_flipped at IoU 0.25: 4933.333333333334
2025-07-16 19:55:17,591 - DEBUG - Collected collision time for BConcave+CConvex+4300_flipped at IoU 0.3: 5050.0
2025-07-16 19:55:17,591 - DEBUG - Collected collision time for BConcave+CConvex+4300_flipped at IoU 0.35: nan
2025-07-16 19:55:17,591 - DEBUG - Collected collision time for BConcave+CConvex+4300_flipped at IoU 0.4: nan
2025-07-16 19:55:17,592 - DEBUG - Collected collision time for BConcave+CConvex+4300_flipped at IoU 0.45: nan
2025-07-16 19:55:17,592 - DEBUG - Collected collision time for BConcave+CConvex+4300_flipped at IoU 0.5: nan
2025-07-16 19:55:17,592 - DEBUG - Collected collision time for BConcave+CConvex+4300_flipped at IoU 0.55: nan
2025-07-16 19:55:17,593 - DEBUG - Collected collision time for BConcave+CConvex+4300_flipped at IoU 0.6: nan
2025-07-16 19:55:17,593 - DEBUG - Collected collision time for BConcave+CConvex+4300_flipped at IoU 0.65: nan
2025-07-16 19:55:17,593 - DEBUG - Collected collision time for BConcave+CConvex+4300_flipped at IoU 0.7: nan
2025-07-16 19:55:17,594 - DEBUG - Collected collision time for BConcave+CConvex+4300_flipped at IoU 0.75: nan
2025-07-16 19:55:17,594 - DEBUG - Collected collision time for BConcave+CConvex+4300_flipped at IoU 0.8: nan
2025-07-16 19:55:17,594 - DEBUG - Collected collision time for BConcave+CConvex+4300_flipped at IoU 0.85: nan
2025-07-16 19:55:17,595 - DEBUG - Collected collision time for BConcave+CConvex+4300_flipped at IoU 0.9: nan
2025-07-16 19:55:17,595 - DEBUG - Collected collision time for BConcave+CConvex+4300_flipped at IoU 0.95: nan
2025-07-16 19:55:17,596 - DEBUG - Collected collision time for BConcave+CConvex+4500 at IoU 0.05: 4766.666666666667
2025-07-16 19:55:17,596 - DEBUG - Collected collision time for BConcave+CConvex+4500 at IoU 0.1: 4900.0
2025-07-16 19:55:17,597 - DEBUG - Collected collision time for BConcave+CConvex+4500 at IoU 0.15: 5000.0
2025-07-16 19:55:17,597 - DEBUG - Collected collision time for BConcave+CConvex+4500 at IoU 0.2: 5083.333333333333
2025-07-16 19:55:17,598 - DEBUG - Collected collision time for BConcave+CConvex+4500 at IoU 0.25: 5150.0
2025-07-16 19:55:17,599 - DEBUG - Collected collision time for BConcave+CConvex+4500 at IoU 0.3: 5216.666666666667
2025-07-16 19:55:17,599 - DEBUG - Collected collision time for BConcave+CConvex+4500 at IoU 0.35: 5316.666666666666
2025-07-16 19:55:17,599 - DEBUG - Collected collision time for BConcave+CConvex+4500 at IoU 0.4: nan
2025-07-16 19:55:17,600 - DEBUG - Collected collision time for BConcave+CConvex+4500 at IoU 0.45: nan
2025-07-16 19:55:17,600 - DEBUG - Collected collision time for BConcave+CConvex+4500 at IoU 0.5: nan
2025-07-16 19:55:17,601 - DEBUG - Collected collision time for BConcave+CConvex+4500 at IoU 0.55: nan
2025-07-16 19:55:17,601 - DEBUG - Collected collision time for BConcave+CConvex+4500 at IoU 0.6: nan
2025-07-16 19:55:17,601 - DEBUG - Collected collision time for BConcave+CConvex+4500 at IoU 0.65: nan
2025-07-16 19:55:17,602 - DEBUG - Collected collision time for BConcave+CConvex+4500 at IoU 0.7: nan
2025-07-16 19:55:17,602 - DEBUG - Collected collision time for BConcave+CConvex+4500 at IoU 0.75: nan
2025-07-16 19:55:17,602 - DEBUG - Collected collision time for BConcave+CConvex+4500 at IoU 0.8: nan
2025-07-16 19:55:17,603 - DEBUG - Collected collision time for BConcave+CConvex+4500 at IoU 0.85: nan
2025-07-16 19:55:17,603 - DEBUG - Collected collision time for BConcave+CConvex+4500 at IoU 0.9: nan
2025-07-16 19:55:17,604 - DEBUG - Collected collision time for BConcave+CConvex+4500 at IoU 0.95: nan
2025-07-16 19:55:17,605 - DEBUG - Collected collision time for BConcave+DConcave+3500 at IoU 0.05: 3733.3333333333335
2025-07-16 19:55:17,605 - DEBUG - Collected collision time for BConcave+DConcave+3500 at IoU 0.1: 3833.3333333333335
2025-07-16 19:55:17,605 - DEBUG - Collected collision time for BConcave+DConcave+3500 at IoU 0.15: 3983.3333333333335
2025-07-16 19:55:17,606 - DEBUG - Collected collision time for BConcave+DConcave+3500 at IoU 0.2: 4183.333333333334
2025-07-16 19:55:17,606 - DEBUG - Collected collision time for BConcave+DConcave+3500 at IoU 0.25: nan
2025-07-16 19:55:17,606 - DEBUG - Collected collision time for BConcave+DConcave+3500 at IoU 0.3: nan
2025-07-16 19:55:17,607 - DEBUG - Collected collision time for BConcave+DConcave+3500 at IoU 0.35: nan
2025-07-16 19:55:17,607 - DEBUG - Collected collision time for BConcave+DConcave+3500 at IoU 0.4: nan
2025-07-16 19:55:17,607 - DEBUG - Collected collision time for BConcave+DConcave+3500 at IoU 0.45: nan
2025-07-16 19:55:17,607 - DEBUG - Collected collision time for BConcave+DConcave+3500 at IoU 0.5: nan
2025-07-16 19:55:17,608 - DEBUG - Collected collision time for BConcave+DConcave+3500 at IoU 0.55: nan
2025-07-16 19:55:17,609 - DEBUG - Collected collision time for BConcave+DConcave+3500 at IoU 0.6: nan
2025-07-16 19:55:17,609 - DEBUG - Collected collision time for BConcave+DConcave+3500 at IoU 0.65: nan
2025-07-16 19:55:17,610 - DEBUG - Collected collision time for BConcave+DConcave+3500 at IoU 0.7: nan
2025-07-16 19:55:17,611 - DEBUG - Collected collision time for BConcave+DConcave+3500 at IoU 0.75: nan
2025-07-16 19:55:17,611 - DEBUG - Collected collision time for BConcave+DConcave+3500 at IoU 0.8: nan
2025-07-16 19:55:17,612 - DEBUG - Collected collision time for BConcave+DConcave+3500 at IoU 0.85: nan
2025-07-16 19:55:17,612 - DEBUG - Collected collision time for BConcave+DConcave+3500 at IoU 0.9: nan
2025-07-16 19:55:17,612 - DEBUG - Collected collision time for BConcave+DConcave+3500 at IoU 0.95: nan
2025-07-16 19:55:17,613 - DEBUG - Collected collision time for BConcave+DConcave+3700_flipped at IoU 0.05: 3883.3333333333335
2025-07-16 19:55:17,614 - DEBUG - Collected collision time for BConcave+DConcave+3700_flipped at IoU 0.1: 4000.0
2025-07-16 19:55:17,614 - DEBUG - Collected collision time for BConcave+DConcave+3700_flipped at IoU 0.15: 4100.0
2025-07-16 19:55:17,614 - DEBUG - Collected collision time for BConcave+DConcave+3700_flipped at IoU 0.2: 4200.0
2025-07-16 19:55:17,615 - DEBUG - Collected collision time for BConcave+DConcave+3700_flipped at IoU 0.25: 4333.333333333333
2025-07-16 19:55:17,616 - DEBUG - Collected collision time for BConcave+DConcave+3700_flipped at IoU 0.3: 4416.666666666667
2025-07-16 19:55:17,616 - DEBUG - Collected collision time for BConcave+DConcave+3700_flipped at IoU 0.35: 4550.0
2025-07-16 19:55:17,617 - DEBUG - Collected collision time for BConcave+DConcave+3700_flipped at IoU 0.4: nan
2025-07-16 19:55:17,617 - DEBUG - Collected collision time for BConcave+DConcave+3700_flipped at IoU 0.45: nan
2025-07-16 19:55:17,618 - DEBUG - Collected collision time for BConcave+DConcave+3700_flipped at IoU 0.5: nan
2025-07-16 19:55:17,618 - DEBUG - Collected collision time for BConcave+DConcave+3700_flipped at IoU 0.55: nan
2025-07-16 19:55:17,618 - DEBUG - Collected collision time for BConcave+DConcave+3700_flipped at IoU 0.6: nan
2025-07-16 19:55:17,619 - DEBUG - Collected collision time for BConcave+DConcave+3700_flipped at IoU 0.65: nan
2025-07-16 19:55:17,619 - DEBUG - Collected collision time for BConcave+DConcave+3700_flipped at IoU 0.7: nan
2025-07-16 19:55:17,619 - DEBUG - Collected collision time for BConcave+DConcave+3700_flipped at IoU 0.75: nan
2025-07-16 19:55:17,620 - DEBUG - Collected collision time for BConcave+DConcave+3700_flipped at IoU 0.8: nan
2025-07-16 19:55:17,620 - DEBUG - Collected collision time for BConcave+DConcave+3700_flipped at IoU 0.85: nan
2025-07-16 19:55:17,621 - DEBUG - Collected collision time for BConcave+DConcave+3700_flipped at IoU 0.9: nan
2025-07-16 19:55:17,621 - DEBUG - Collected collision time for BConcave+DConcave+3700_flipped at IoU 0.95: nan
2025-07-16 19:55:17,622 - DEBUG - Collected collision time for BConcave+DConcave+3900 at IoU 0.05: 4083.333333333333
2025-07-16 19:55:17,622 - DEBUG - Collected collision time for BConcave+DConcave+3900 at IoU 0.1: 4150.0
2025-07-16 19:55:17,623 - DEBUG - Collected collision time for BConcave+DConcave+3900 at IoU 0.15: 4216.666666666667
2025-07-16 19:55:17,623 - DEBUG - Collected collision time for BConcave+DConcave+3900 at IoU 0.2: 4283.333333333333
2025-07-16 19:55:17,623 - DEBUG - Collected collision time for BConcave+DConcave+3900 at IoU 0.25: 4366.666666666666
2025-07-16 19:55:17,624 - DEBUG - Collected collision time for BConcave+DConcave+3900 at IoU 0.3: 4483.333333333333
2025-07-16 19:55:17,624 - DEBUG - Collected collision time for BConcave+DConcave+3900 at IoU 0.35: 4600.0
2025-07-16 19:55:17,624 - DEBUG - Collected collision time for BConcave+DConcave+3900 at IoU 0.4: nan
2025-07-16 19:55:17,625 - DEBUG - Collected collision time for BConcave+DConcave+3900 at IoU 0.45: nan
2025-07-16 19:55:17,625 - DEBUG - Collected collision time for BConcave+DConcave+3900 at IoU 0.5: nan
2025-07-16 19:55:17,626 - DEBUG - Collected collision time for BConcave+DConcave+3900 at IoU 0.55: nan
2025-07-16 19:55:17,626 - DEBUG - Collected collision time for BConcave+DConcave+3900 at IoU 0.6: nan
2025-07-16 19:55:17,626 - DEBUG - Collected collision time for BConcave+DConcave+3900 at IoU 0.65: nan
2025-07-16 19:55:17,627 - DEBUG - Collected collision time for BConcave+DConcave+3900 at IoU 0.7: nan
2025-07-16 19:55:17,627 - DEBUG - Collected collision time for BConcave+DConcave+3900 at IoU 0.75: nan
2025-07-16 19:55:17,627 - DEBUG - Collected collision time for BConcave+DConcave+3900 at IoU 0.8: nan
2025-07-16 19:55:17,628 - DEBUG - Collected collision time for BConcave+DConcave+3900 at IoU 0.85: nan
2025-07-16 19:55:17,628 - DEBUG - Collected collision time for BConcave+DConcave+3900 at IoU 0.9: nan
2025-07-16 19:55:17,628 - DEBUG - Collected collision time for BConcave+DConcave+3900 at IoU 0.95: nan
2025-07-16 19:55:17,629 - DEBUG - Collected collision time for BConcave+DConcave+4100_flipped at IoU 0.05: 4333.333333333333
2025-07-16 19:55:17,630 - DEBUG - Collected collision time for BConcave+DConcave+4100_flipped at IoU 0.1: 4400.0
2025-07-16 19:55:17,630 - DEBUG - Collected collision time for BConcave+DConcave+4100_flipped at IoU 0.15: 4450.0
2025-07-16 19:55:17,630 - DEBUG - Collected collision time for BConcave+DConcave+4100_flipped at IoU 0.2: 4500.0
2025-07-16 19:55:17,631 - DEBUG - Collected collision time for BConcave+DConcave+4100_flipped at IoU 0.25: 4566.666666666666
2025-07-16 19:55:17,631 - DEBUG - Collected collision time for BConcave+DConcave+4100_flipped at IoU 0.3: 4616.666666666666
2025-07-16 19:55:17,631 - DEBUG - Collected collision time for BConcave+DConcave+4100_flipped at IoU 0.35: 4683.333333333334
2025-07-16 19:55:17,632 - DEBUG - Collected collision time for BConcave+DConcave+4100_flipped at IoU 0.4: 4733.333333333333
2025-07-16 19:55:17,632 - DEBUG - Collected collision time for BConcave+DConcave+4100_flipped at IoU 0.45: 4766.666666666667
2025-07-16 19:55:17,632 - DEBUG - Collected collision time for BConcave+DConcave+4100_flipped at IoU 0.5: 4850.0
2025-07-16 19:55:17,633 - DEBUG - Collected collision time for BConcave+DConcave+4100_flipped at IoU 0.55: nan
2025-07-16 19:55:17,633 - DEBUG - Collected collision time for BConcave+DConcave+4100_flipped at IoU 0.6: nan
2025-07-16 19:55:17,633 - DEBUG - Collected collision time for BConcave+DConcave+4100_flipped at IoU 0.65: nan
2025-07-16 19:55:17,634 - DEBUG - Collected collision time for BConcave+DConcave+4100_flipped at IoU 0.7: nan
2025-07-16 19:55:17,634 - DEBUG - Collected collision time for BConcave+DConcave+4100_flipped at IoU 0.75: nan
2025-07-16 19:55:17,635 - DEBUG - Collected collision time for BConcave+DConcave+4100_flipped at IoU 0.8: nan
2025-07-16 19:55:17,635 - DEBUG - Collected collision time for BConcave+DConcave+4100_flipped at IoU 0.85: nan
2025-07-16 19:55:17,635 - DEBUG - Collected collision time for BConcave+DConcave+4100_flipped at IoU 0.9: nan
2025-07-16 19:55:17,636 - DEBUG - Collected collision time for BConcave+DConcave+4100_flipped at IoU 0.95: nan
2025-07-16 19:55:17,636 - DEBUG - Collected collision time for BConcave+DConcave+4300 at IoU 0.05: 4766.666666666667
2025-07-16 19:55:17,637 - DEBUG - Collected collision time for BConcave+DConcave+4300 at IoU 0.1: nan
2025-07-16 19:55:17,637 - DEBUG - Collected collision time for BConcave+DConcave+4300 at IoU 0.15: nan
2025-07-16 19:55:17,638 - DEBUG - Collected collision time for BConcave+DConcave+4300 at IoU 0.2: nan
2025-07-16 19:55:17,638 - DEBUG - Collected collision time for BConcave+DConcave+4300 at IoU 0.25: nan
2025-07-16 19:55:17,639 - DEBUG - Collected collision time for BConcave+DConcave+4300 at IoU 0.3: nan
2025-07-16 19:55:17,639 - DEBUG - Collected collision time for BConcave+DConcave+4300 at IoU 0.35: nan
2025-07-16 19:55:17,640 - DEBUG - Collected collision time for BConcave+DConcave+4300 at IoU 0.4: nan
2025-07-16 19:55:17,640 - DEBUG - Collected collision time for BConcave+DConcave+4300 at IoU 0.45: nan
2025-07-16 19:55:17,640 - DEBUG - Collected collision time for BConcave+DConcave+4300 at IoU 0.5: nan
2025-07-16 19:55:17,640 - DEBUG - Collected collision time for BConcave+DConcave+4300 at IoU 0.55: nan
2025-07-16 19:55:17,641 - DEBUG - Collected collision time for BConcave+DConcave+4300 at IoU 0.6: nan
2025-07-16 19:55:17,641 - DEBUG - Collected collision time for BConcave+DConcave+4300 at IoU 0.65: nan
2025-07-16 19:55:17,642 - DEBUG - Collected collision time for BConcave+DConcave+4300 at IoU 0.7: nan
2025-07-16 19:55:17,642 - DEBUG - Collected collision time for BConcave+DConcave+4300 at IoU 0.75: nan
2025-07-16 19:55:17,642 - DEBUG - Collected collision time for BConcave+DConcave+4300 at IoU 0.8: nan
2025-07-16 19:55:17,643 - DEBUG - Collected collision time for BConcave+DConcave+4300 at IoU 0.85: nan
2025-07-16 19:55:17,643 - DEBUG - Collected collision time for BConcave+DConcave+4300 at IoU 0.9: nan
2025-07-16 19:55:17,643 - DEBUG - Collected collision time for BConcave+DConcave+4300 at IoU 0.95: nan
2025-07-16 19:55:17,644 - DEBUG - Collected collision time for BConcave+DConcave+4500_flipped at IoU 0.05: nan
2025-07-16 19:55:17,644 - DEBUG - Collected collision time for BConcave+DConcave+4500_flipped at IoU 0.1: nan
2025-07-16 19:55:17,645 - DEBUG - Collected collision time for BConcave+DConcave+4500_flipped at IoU 0.15: nan
2025-07-16 19:55:17,645 - DEBUG - Collected collision time for BConcave+DConcave+4500_flipped at IoU 0.2: nan
2025-07-16 19:55:17,645 - DEBUG - Collected collision time for BConcave+DConcave+4500_flipped at IoU 0.25: nan
2025-07-16 19:55:17,646 - DEBUG - Collected collision time for BConcave+DConcave+4500_flipped at IoU 0.3: nan
2025-07-16 19:55:17,646 - DEBUG - Collected collision time for BConcave+DConcave+4500_flipped at IoU 0.35: nan
2025-07-16 19:55:17,646 - DEBUG - Collected collision time for BConcave+DConcave+4500_flipped at IoU 0.4: nan
2025-07-16 19:55:17,647 - DEBUG - Collected collision time for BConcave+DConcave+4500_flipped at IoU 0.45: nan
2025-07-16 19:55:17,647 - DEBUG - Collected collision time for BConcave+DConcave+4500_flipped at IoU 0.5: nan
2025-07-16 19:55:17,648 - DEBUG - Collected collision time for BConcave+DConcave+4500_flipped at IoU 0.55: nan
2025-07-16 19:55:17,648 - DEBUG - Collected collision time for BConcave+DConcave+4500_flipped at IoU 0.6: nan
2025-07-16 19:55:17,648 - DEBUG - Collected collision time for BConcave+DConcave+4500_flipped at IoU 0.65: nan
2025-07-16 19:55:17,649 - DEBUG - Collected collision time for BConcave+DConcave+4500_flipped at IoU 0.7: nan
2025-07-16 19:55:17,649 - DEBUG - Collected collision time for BConcave+DConcave+4500_flipped at IoU 0.75: nan
2025-07-16 19:55:17,650 - DEBUG - Collected collision time for BConcave+DConcave+4500_flipped at IoU 0.8: nan
2025-07-16 19:55:17,650 - DEBUG - Collected collision time for BConcave+DConcave+4500_flipped at IoU 0.85: nan
2025-07-16 19:55:17,650 - DEBUG - Collected collision time for BConcave+DConcave+4500_flipped at IoU 0.9: nan
2025-07-16 19:55:17,651 - DEBUG - Collected collision time for BConcave+DConcave+4500_flipped at IoU 0.95: nan
2025-07-16 19:55:17,651 - DEBUG - Collected collision time for BConcave+DConvex+3500_flipped at IoU 0.05: nan
2025-07-16 19:55:17,652 - DEBUG - Collected collision time for BConcave+DConvex+3500_flipped at IoU 0.1: nan
2025-07-16 19:55:17,652 - DEBUG - Collected collision time for BConcave+DConvex+3500_flipped at IoU 0.15: nan
2025-07-16 19:55:17,652 - DEBUG - Collected collision time for BConcave+DConvex+3500_flipped at IoU 0.2: nan
2025-07-16 19:55:17,652 - DEBUG - Collected collision time for BConcave+DConvex+3500_flipped at IoU 0.25: nan
2025-07-16 19:55:17,653 - DEBUG - Collected collision time for BConcave+DConvex+3500_flipped at IoU 0.3: nan
2025-07-16 19:55:17,653 - DEBUG - Collected collision time for BConcave+DConvex+3500_flipped at IoU 0.35: nan
2025-07-16 19:55:17,653 - DEBUG - Collected collision time for BConcave+DConvex+3500_flipped at IoU 0.4: nan
2025-07-16 19:55:17,654 - DEBUG - Collected collision time for BConcave+DConvex+3500_flipped at IoU 0.45: nan
2025-07-16 19:55:17,654 - DEBUG - Collected collision time for BConcave+DConvex+3500_flipped at IoU 0.5: nan
2025-07-16 19:55:17,655 - DEBUG - Collected collision time for BConcave+DConvex+3500_flipped at IoU 0.55: nan
2025-07-16 19:55:17,655 - DEBUG - Collected collision time for BConcave+DConvex+3500_flipped at IoU 0.6: nan
2025-07-16 19:55:17,655 - DEBUG - Collected collision time for BConcave+DConvex+3500_flipped at IoU 0.65: nan
2025-07-16 19:55:17,656 - DEBUG - Collected collision time for BConcave+DConvex+3500_flipped at IoU 0.7: nan
2025-07-16 19:55:17,656 - DEBUG - Collected collision time for BConcave+DConvex+3500_flipped at IoU 0.75: nan
2025-07-16 19:55:17,656 - DEBUG - Collected collision time for BConcave+DConvex+3500_flipped at IoU 0.8: nan
2025-07-16 19:55:17,657 - DEBUG - Collected collision time for BConcave+DConvex+3500_flipped at IoU 0.85: nan
2025-07-16 19:55:17,657 - DEBUG - Collected collision time for BConcave+DConvex+3500_flipped at IoU 0.9: nan
2025-07-16 19:55:17,657 - DEBUG - Collected collision time for BConcave+DConvex+3500_flipped at IoU 0.95: nan
2025-07-16 19:55:17,658 - DEBUG - Collected collision time for BConcave+DConvex+3700 at IoU 0.05: 4600.0
2025-07-16 19:55:17,658 - DEBUG - Collected collision time for BConcave+DConvex+3700 at IoU 0.1: 4650.0
2025-07-16 19:55:17,659 - DEBUG - Collected collision time for BConcave+DConvex+3700 at IoU 0.15: 4700.0
2025-07-16 19:55:17,659 - DEBUG - Collected collision time for BConcave+DConvex+3700 at IoU 0.2: 4783.333333333333
2025-07-16 19:55:17,659 - DEBUG - Collected collision time for BConcave+DConvex+3700 at IoU 0.25: nan
2025-07-16 19:55:17,660 - DEBUG - Collected collision time for BConcave+DConvex+3700 at IoU 0.3: nan
2025-07-16 19:55:17,660 - DEBUG - Collected collision time for BConcave+DConvex+3700 at IoU 0.35: nan
2025-07-16 19:55:17,660 - DEBUG - Collected collision time for BConcave+DConvex+3700 at IoU 0.4: nan
2025-07-16 19:55:17,661 - DEBUG - Collected collision time for BConcave+DConvex+3700 at IoU 0.45: nan
2025-07-16 19:55:17,661 - DEBUG - Collected collision time for BConcave+DConvex+3700 at IoU 0.5: nan
2025-07-16 19:55:17,661 - DEBUG - Collected collision time for BConcave+DConvex+3700 at IoU 0.55: nan
2025-07-16 19:55:17,662 - DEBUG - Collected collision time for BConcave+DConvex+3700 at IoU 0.6: nan
2025-07-16 19:55:17,662 - DEBUG - Collected collision time for BConcave+DConvex+3700 at IoU 0.65: nan
2025-07-16 19:55:17,662 - DEBUG - Collected collision time for BConcave+DConvex+3700 at IoU 0.7: nan
2025-07-16 19:55:17,663 - DEBUG - Collected collision time for BConcave+DConvex+3700 at IoU 0.75: nan
2025-07-16 19:55:17,663 - DEBUG - Collected collision time for BConcave+DConvex+3700 at IoU 0.8: nan
2025-07-16 19:55:17,663 - DEBUG - Collected collision time for BConcave+DConvex+3700 at IoU 0.85: nan
2025-07-16 19:55:17,664 - DEBUG - Collected collision time for BConcave+DConvex+3700 at IoU 0.9: nan
2025-07-16 19:55:17,664 - DEBUG - Collected collision time for BConcave+DConvex+3700 at IoU 0.95: nan
2025-07-16 19:55:17,664 - DEBUG - Collected collision time for BConcave+DConvex+3900_flipped at IoU 0.05: 4316.666666666666
2025-07-16 19:55:17,665 - DEBUG - Collected collision time for BConcave+DConvex+3900_flipped at IoU 0.1: 4483.333333333333
2025-07-16 19:55:17,665 - DEBUG - Collected collision time for BConcave+DConvex+3900_flipped at IoU 0.15: 4566.666666666666
2025-07-16 19:55:17,665 - DEBUG - Collected collision time for BConcave+DConvex+3900_flipped at IoU 0.2: 4916.666666666667
2025-07-16 19:55:17,666 - DEBUG - Collected collision time for BConcave+DConvex+3900_flipped at IoU 0.25: nan
2025-07-16 19:55:17,666 - DEBUG - Collected collision time for BConcave+DConvex+3900_flipped at IoU 0.3: nan
2025-07-16 19:55:17,666 - DEBUG - Collected collision time for BConcave+DConvex+3900_flipped at IoU 0.35: nan
2025-07-16 19:55:17,667 - DEBUG - Collected collision time for BConcave+DConvex+3900_flipped at IoU 0.4: nan
2025-07-16 19:55:17,667 - DEBUG - Collected collision time for BConcave+DConvex+3900_flipped at IoU 0.45: nan
2025-07-16 19:55:17,667 - DEBUG - Collected collision time for BConcave+DConvex+3900_flipped at IoU 0.5: nan
2025-07-16 19:55:17,668 - DEBUG - Collected collision time for BConcave+DConvex+3900_flipped at IoU 0.55: nan
2025-07-16 19:55:17,668 - DEBUG - Collected collision time for BConcave+DConvex+3900_flipped at IoU 0.6: nan
2025-07-16 19:55:17,668 - DEBUG - Collected collision time for BConcave+DConvex+3900_flipped at IoU 0.65: nan
2025-07-16 19:55:17,669 - DEBUG - Collected collision time for BConcave+DConvex+3900_flipped at IoU 0.7: nan
2025-07-16 19:55:17,669 - DEBUG - Collected collision time for BConcave+DConvex+3900_flipped at IoU 0.75: nan
2025-07-16 19:55:17,669 - DEBUG - Collected collision time for BConcave+DConvex+3900_flipped at IoU 0.8: nan
2025-07-16 19:55:17,670 - DEBUG - Collected collision time for BConcave+DConvex+3900_flipped at IoU 0.85: nan
2025-07-16 19:55:17,670 - DEBUG - Collected collision time for BConcave+DConvex+3900_flipped at IoU 0.9: nan
2025-07-16 19:55:17,670 - DEBUG - Collected collision time for BConcave+DConvex+3900_flipped at IoU 0.95: nan
2025-07-16 19:55:17,671 - DEBUG - Collected collision time for BConcave+DConvex+4100 at IoU 0.05: 4700.0
2025-07-16 19:55:17,671 - DEBUG - Collected collision time for BConcave+DConvex+4100 at IoU 0.1: 4866.666666666666
2025-07-16 19:55:17,672 - DEBUG - Collected collision time for BConcave+DConvex+4100 at IoU 0.15: 5083.333333333333
2025-07-16 19:55:17,672 - DEBUG - Collected collision time for BConcave+DConvex+4100 at IoU 0.2: nan
2025-07-16 19:55:17,672 - DEBUG - Collected collision time for BConcave+DConvex+4100 at IoU 0.25: nan
2025-07-16 19:55:17,673 - DEBUG - Collected collision time for BConcave+DConvex+4100 at IoU 0.3: nan
2025-07-16 19:55:17,673 - DEBUG - Collected collision time for BConcave+DConvex+4100 at IoU 0.35: nan
2025-07-16 19:55:17,673 - DEBUG - Collected collision time for BConcave+DConvex+4100 at IoU 0.4: nan
2025-07-16 19:55:17,674 - DEBUG - Collected collision time for BConcave+DConvex+4100 at IoU 0.45: nan
2025-07-16 19:55:17,674 - DEBUG - Collected collision time for BConcave+DConvex+4100 at IoU 0.5: nan
2025-07-16 19:55:17,674 - DEBUG - Collected collision time for BConcave+DConvex+4100 at IoU 0.55: nan
2025-07-16 19:55:17,675 - DEBUG - Collected collision time for BConcave+DConvex+4100 at IoU 0.6: nan
2025-07-16 19:55:17,675 - DEBUG - Collected collision time for BConcave+DConvex+4100 at IoU 0.65: nan
2025-07-16 19:55:17,675 - DEBUG - Collected collision time for BConcave+DConvex+4100 at IoU 0.7: nan
2025-07-16 19:55:17,676 - DEBUG - Collected collision time for BConcave+DConvex+4100 at IoU 0.75: nan
2025-07-16 19:55:17,676 - DEBUG - Collected collision time for BConcave+DConvex+4100 at IoU 0.8: nan
2025-07-16 19:55:17,677 - DEBUG - Collected collision time for BConcave+DConvex+4100 at IoU 0.85: nan
2025-07-16 19:55:17,677 - DEBUG - Collected collision time for BConcave+DConvex+4100 at IoU 0.9: nan
2025-07-16 19:55:17,677 - DEBUG - Collected collision time for BConcave+DConvex+4100 at IoU 0.95: nan
2025-07-16 19:55:17,678 - DEBUG - Collected collision time for BConcave+DConvex+4300_flipped at IoU 0.05: 4716.666666666667
2025-07-16 19:55:17,678 - DEBUG - Collected collision time for BConcave+DConvex+4300_flipped at IoU 0.1: 4850.0
2025-07-16 19:55:17,678 - DEBUG - Collected collision time for BConcave+DConvex+4300_flipped at IoU 0.15: 4916.666666666667
2025-07-16 19:55:17,678 - DEBUG - Collected collision time for BConcave+DConvex+4300_flipped at IoU 0.2: 5016.666666666667
2025-07-16 19:55:17,679 - DEBUG - Collected collision time for BConcave+DConvex+4300_flipped at IoU 0.25: 5283.333333333333
2025-07-16 19:55:17,679 - DEBUG - Collected collision time for BConcave+DConvex+4300_flipped at IoU 0.3: 5433.333333333334
2025-07-16 19:55:17,679 - DEBUG - Collected collision time for BConcave+DConvex+4300_flipped at IoU 0.35: nan
2025-07-16 19:55:17,680 - DEBUG - Collected collision time for BConcave+DConvex+4300_flipped at IoU 0.4: nan
2025-07-16 19:55:17,680 - DEBUG - Collected collision time for BConcave+DConvex+4300_flipped at IoU 0.45: nan
2025-07-16 19:55:17,680 - DEBUG - Collected collision time for BConcave+DConvex+4300_flipped at IoU 0.5: nan
2025-07-16 19:55:17,681 - DEBUG - Collected collision time for BConcave+DConvex+4300_flipped at IoU 0.55: nan
2025-07-16 19:55:17,681 - DEBUG - Collected collision time for BConcave+DConvex+4300_flipped at IoU 0.6: nan
2025-07-16 19:55:17,681 - DEBUG - Collected collision time for BConcave+DConvex+4300_flipped at IoU 0.65: nan
2025-07-16 19:55:17,682 - DEBUG - Collected collision time for BConcave+DConvex+4300_flipped at IoU 0.7: nan
2025-07-16 19:55:17,682 - DEBUG - Collected collision time for BConcave+DConvex+4300_flipped at IoU 0.75: nan
2025-07-16 19:55:17,683 - DEBUG - Collected collision time for BConcave+DConvex+4300_flipped at IoU 0.8: nan
2025-07-16 19:55:17,683 - DEBUG - Collected collision time for BConcave+DConvex+4300_flipped at IoU 0.85: nan
2025-07-16 19:55:17,683 - DEBUG - Collected collision time for BConcave+DConvex+4300_flipped at IoU 0.9: nan
2025-07-16 19:55:17,684 - DEBUG - Collected collision time for BConcave+DConvex+4300_flipped at IoU 0.95: nan
2025-07-16 19:55:17,684 - DEBUG - Collected collision time for BConcave+DConvex+4500 at IoU 0.05: 5083.333333333333
2025-07-16 19:55:17,685 - DEBUG - Collected collision time for BConcave+DConvex+4500 at IoU 0.1: 5166.666666666667
2025-07-16 19:55:17,685 - DEBUG - Collected collision time for BConcave+DConvex+4500 at IoU 0.15: 5266.666666666667
2025-07-16 19:55:17,685 - DEBUG - Collected collision time for BConcave+DConvex+4500 at IoU 0.2: nan
2025-07-16 19:55:17,685 - DEBUG - Collected collision time for BConcave+DConvex+4500 at IoU 0.25: nan
2025-07-16 19:55:17,686 - DEBUG - Collected collision time for BConcave+DConvex+4500 at IoU 0.3: nan
2025-07-16 19:55:17,686 - DEBUG - Collected collision time for BConcave+DConvex+4500 at IoU 0.35: nan
2025-07-16 19:55:17,686 - DEBUG - Collected collision time for BConcave+DConvex+4500 at IoU 0.4: nan
2025-07-16 19:55:17,687 - DEBUG - Collected collision time for BConcave+DConvex+4500 at IoU 0.45: nan
2025-07-16 19:55:17,687 - DEBUG - Collected collision time for BConcave+DConvex+4500 at IoU 0.5: nan
2025-07-16 19:55:17,688 - DEBUG - Collected collision time for BConcave+DConvex+4500 at IoU 0.55: nan
2025-07-16 19:55:17,688 - DEBUG - Collected collision time for BConcave+DConvex+4500 at IoU 0.6: nan
2025-07-16 19:55:17,688 - DEBUG - Collected collision time for BConcave+DConvex+4500 at IoU 0.65: nan
2025-07-16 19:55:17,689 - DEBUG - Collected collision time for BConcave+DConvex+4500 at IoU 0.7: nan
2025-07-16 19:55:17,689 - DEBUG - Collected collision time for BConcave+DConvex+4500 at IoU 0.75: nan
2025-07-16 19:55:17,689 - DEBUG - Collected collision time for BConcave+DConvex+4500 at IoU 0.8: nan
2025-07-16 19:55:17,689 - DEBUG - Collected collision time for BConcave+DConvex+4500 at IoU 0.85: nan
2025-07-16 19:55:17,690 - DEBUG - Collected collision time for BConcave+DConvex+4500 at IoU 0.9: nan
2025-07-16 19:55:17,690 - DEBUG - Collected collision time for BConcave+DConvex+4500 at IoU 0.95: nan
2025-07-16 19:55:17,691 - DEBUG - Collected collision time for BConcave+EConcave+3500_flipped at IoU 0.05: 3700.0
2025-07-16 19:55:17,691 - DEBUG - Collected collision time for BConcave+EConcave+3500_flipped at IoU 0.1: 3850.0
2025-07-16 19:55:17,691 - DEBUG - Collected collision time for BConcave+EConcave+3500_flipped at IoU 0.15: 4000.0
2025-07-16 19:55:17,692 - DEBUG - Collected collision time for BConcave+EConcave+3500_flipped at IoU 0.2: nan
2025-07-16 19:55:17,692 - DEBUG - Collected collision time for BConcave+EConcave+3500_flipped at IoU 0.25: nan
2025-07-16 19:55:17,692 - DEBUG - Collected collision time for BConcave+EConcave+3500_flipped at IoU 0.3: nan
2025-07-16 19:55:17,693 - DEBUG - Collected collision time for BConcave+EConcave+3500_flipped at IoU 0.35: nan
2025-07-16 19:55:17,693 - DEBUG - Collected collision time for BConcave+EConcave+3500_flipped at IoU 0.4: nan
2025-07-16 19:55:17,693 - DEBUG - Collected collision time for BConcave+EConcave+3500_flipped at IoU 0.45: nan
2025-07-16 19:55:17,694 - DEBUG - Collected collision time for BConcave+EConcave+3500_flipped at IoU 0.5: nan
2025-07-16 19:55:17,694 - DEBUG - Collected collision time for BConcave+EConcave+3500_flipped at IoU 0.55: nan
2025-07-16 19:55:17,695 - DEBUG - Collected collision time for BConcave+EConcave+3500_flipped at IoU 0.6: nan
2025-07-16 19:55:17,695 - DEBUG - Collected collision time for BConcave+EConcave+3500_flipped at IoU 0.65: nan
2025-07-16 19:55:17,695 - DEBUG - Collected collision time for BConcave+EConcave+3500_flipped at IoU 0.7: nan
2025-07-16 19:55:17,695 - DEBUG - Collected collision time for BConcave+EConcave+3500_flipped at IoU 0.75: nan
2025-07-16 19:55:17,696 - DEBUG - Collected collision time for BConcave+EConcave+3500_flipped at IoU 0.8: nan
2025-07-16 19:55:17,696 - DEBUG - Collected collision time for BConcave+EConcave+3500_flipped at IoU 0.85: nan
2025-07-16 19:55:17,697 - DEBUG - Collected collision time for BConcave+EConcave+3500_flipped at IoU 0.9: nan
2025-07-16 19:55:17,697 - DEBUG - Collected collision time for BConcave+EConcave+3500_flipped at IoU 0.95: nan
2025-07-16 19:55:17,698 - DEBUG - Collected collision time for BConcave+EConcave+3700 at IoU 0.05: 3900.0
2025-07-16 19:55:17,698 - DEBUG - Collected collision time for BConcave+EConcave+3700 at IoU 0.1: 4033.333333333333
2025-07-16 19:55:17,698 - DEBUG - Collected collision time for BConcave+EConcave+3700 at IoU 0.15: 4283.333333333333
2025-07-16 19:55:17,699 - DEBUG - Collected collision time for BConcave+EConcave+3700 at IoU 0.2: nan
2025-07-16 19:55:17,699 - DEBUG - Collected collision time for BConcave+EConcave+3700 at IoU 0.25: nan
2025-07-16 19:55:17,699 - DEBUG - Collected collision time for BConcave+EConcave+3700 at IoU 0.3: nan
2025-07-16 19:55:17,700 - DEBUG - Collected collision time for BConcave+EConcave+3700 at IoU 0.35: nan
2025-07-16 19:55:17,700 - DEBUG - Collected collision time for BConcave+EConcave+3700 at IoU 0.4: nan
2025-07-16 19:55:17,701 - DEBUG - Collected collision time for BConcave+EConcave+3700 at IoU 0.45: nan
2025-07-16 19:55:17,701 - DEBUG - Collected collision time for BConcave+EConcave+3700 at IoU 0.5: nan
2025-07-16 19:55:17,702 - DEBUG - Collected collision time for BConcave+EConcave+3700 at IoU 0.55: nan
2025-07-16 19:55:17,702 - DEBUG - Collected collision time for BConcave+EConcave+3700 at IoU 0.6: nan
2025-07-16 19:55:17,703 - DEBUG - Collected collision time for BConcave+EConcave+3700 at IoU 0.65: nan
2025-07-16 19:55:17,703 - DEBUG - Collected collision time for BConcave+EConcave+3700 at IoU 0.7: nan
2025-07-16 19:55:17,703 - DEBUG - Collected collision time for BConcave+EConcave+3700 at IoU 0.75: nan
2025-07-16 19:55:17,703 - DEBUG - Collected collision time for BConcave+EConcave+3700 at IoU 0.8: nan
2025-07-16 19:55:17,704 - DEBUG - Collected collision time for BConcave+EConcave+3700 at IoU 0.85: nan
2025-07-16 19:55:17,704 - DEBUG - Collected collision time for BConcave+EConcave+3700 at IoU 0.9: nan
2025-07-16 19:55:17,704 - DEBUG - Collected collision time for BConcave+EConcave+3700 at IoU 0.95: nan
2025-07-16 19:55:17,705 - DEBUG - Collected collision time for BConcave+EConcave+3900_flipped at IoU 0.05: 4066.6666666666665
2025-07-16 19:55:17,705 - DEBUG - Collected collision time for BConcave+EConcave+3900_flipped at IoU 0.1: 4116.666666666666
2025-07-16 19:55:17,705 - DEBUG - Collected collision time for BConcave+EConcave+3900_flipped at IoU 0.15: 4283.333333333333
2025-07-16 19:55:17,706 - DEBUG - Collected collision time for BConcave+EConcave+3900_flipped at IoU 0.2: 4383.333333333334
2025-07-16 19:55:17,706 - DEBUG - Collected collision time for BConcave+EConcave+3900_flipped at IoU 0.25: nan
2025-07-16 19:55:17,706 - DEBUG - Collected collision time for BConcave+EConcave+3900_flipped at IoU 0.3: nan
2025-07-16 19:55:17,707 - DEBUG - Collected collision time for BConcave+EConcave+3900_flipped at IoU 0.35: nan
2025-07-16 19:55:17,707 - DEBUG - Collected collision time for BConcave+EConcave+3900_flipped at IoU 0.4: nan
2025-07-16 19:55:17,707 - DEBUG - Collected collision time for BConcave+EConcave+3900_flipped at IoU 0.45: nan
2025-07-16 19:55:17,708 - DEBUG - Collected collision time for BConcave+EConcave+3900_flipped at IoU 0.5: nan
2025-07-16 19:55:17,708 - DEBUG - Collected collision time for BConcave+EConcave+3900_flipped at IoU 0.55: nan
2025-07-16 19:55:17,708 - DEBUG - Collected collision time for BConcave+EConcave+3900_flipped at IoU 0.6: nan
2025-07-16 19:55:17,709 - DEBUG - Collected collision time for BConcave+EConcave+3900_flipped at IoU 0.65: nan
2025-07-16 19:55:17,709 - DEBUG - Collected collision time for BConcave+EConcave+3900_flipped at IoU 0.7: nan
2025-07-16 19:55:17,709 - DEBUG - Collected collision time for BConcave+EConcave+3900_flipped at IoU 0.75: nan
2025-07-16 19:55:17,710 - DEBUG - Collected collision time for BConcave+EConcave+3900_flipped at IoU 0.8: nan
2025-07-16 19:55:17,710 - DEBUG - Collected collision time for BConcave+EConcave+3900_flipped at IoU 0.85: nan
2025-07-16 19:55:17,711 - DEBUG - Collected collision time for BConcave+EConcave+3900_flipped at IoU 0.9: nan
2025-07-16 19:55:17,711 - DEBUG - Collected collision time for BConcave+EConcave+3900_flipped at IoU 0.95: nan
2025-07-16 19:55:17,711 - DEBUG - Collected collision time for BConcave+EConcave+4100 at IoU 0.05: 4300.0
2025-07-16 19:55:17,712 - DEBUG - Collected collision time for BConcave+EConcave+4100 at IoU 0.1: 4416.666666666667
2025-07-16 19:55:17,712 - DEBUG - Collected collision time for BConcave+EConcave+4100 at IoU 0.15: 4566.666666666666
2025-07-16 19:55:17,712 - DEBUG - Collected collision time for BConcave+EConcave+4100 at IoU 0.2: nan
2025-07-16 19:55:17,713 - DEBUG - Collected collision time for BConcave+EConcave+4100 at IoU 0.25: nan
2025-07-16 19:55:17,713 - DEBUG - Collected collision time for BConcave+EConcave+4100 at IoU 0.3: nan
2025-07-16 19:55:17,713 - DEBUG - Collected collision time for BConcave+EConcave+4100 at IoU 0.35: nan
2025-07-16 19:55:17,714 - DEBUG - Collected collision time for BConcave+EConcave+4100 at IoU 0.4: nan
2025-07-16 19:55:17,714 - DEBUG - Collected collision time for BConcave+EConcave+4100 at IoU 0.45: nan
2025-07-16 19:55:17,714 - DEBUG - Collected collision time for BConcave+EConcave+4100 at IoU 0.5: nan
2025-07-16 19:55:17,715 - DEBUG - Collected collision time for BConcave+EConcave+4100 at IoU 0.55: nan
2025-07-16 19:55:17,716 - DEBUG - Collected collision time for BConcave+EConcave+4100 at IoU 0.6: nan
2025-07-16 19:55:17,716 - DEBUG - Collected collision time for BConcave+EConcave+4100 at IoU 0.65: nan
2025-07-16 19:55:17,716 - DEBUG - Collected collision time for BConcave+EConcave+4100 at IoU 0.7: nan
2025-07-16 19:55:17,716 - DEBUG - Collected collision time for BConcave+EConcave+4100 at IoU 0.75: nan
2025-07-16 19:55:17,717 - DEBUG - Collected collision time for BConcave+EConcave+4100 at IoU 0.8: nan
2025-07-16 19:55:17,717 - DEBUG - Collected collision time for BConcave+EConcave+4100 at IoU 0.85: nan
2025-07-16 19:55:17,717 - DEBUG - Collected collision time for BConcave+EConcave+4100 at IoU 0.9: nan
2025-07-16 19:55:17,718 - DEBUG - Collected collision time for BConcave+EConcave+4100 at IoU 0.95: nan
2025-07-16 19:55:17,718 - DEBUG - Collected collision time for BConcave+EConcave+4300_flipped at IoU 0.05: 4500.0
2025-07-16 19:55:17,718 - DEBUG - Collected collision time for BConcave+EConcave+4300_flipped at IoU 0.1: 4633.333333333334
2025-07-16 19:55:17,719 - DEBUG - Collected collision time for BConcave+EConcave+4300_flipped at IoU 0.15: nan
2025-07-16 19:55:17,719 - DEBUG - Collected collision time for BConcave+EConcave+4300_flipped at IoU 0.2: nan
2025-07-16 19:55:17,719 - DEBUG - Collected collision time for BConcave+EConcave+4300_flipped at IoU 0.25: nan
2025-07-16 19:55:17,720 - DEBUG - Collected collision time for BConcave+EConcave+4300_flipped at IoU 0.3: nan
2025-07-16 19:55:17,720 - DEBUG - Collected collision time for BConcave+EConcave+4300_flipped at IoU 0.35: nan
2025-07-16 19:55:17,720 - DEBUG - Collected collision time for BConcave+EConcave+4300_flipped at IoU 0.4: nan
2025-07-16 19:55:17,721 - DEBUG - Collected collision time for BConcave+EConcave+4300_flipped at IoU 0.45: nan
2025-07-16 19:55:17,721 - DEBUG - Collected collision time for BConcave+EConcave+4300_flipped at IoU 0.5: nan
2025-07-16 19:55:17,721 - DEBUG - Collected collision time for BConcave+EConcave+4300_flipped at IoU 0.55: nan
2025-07-16 19:55:17,722 - DEBUG - Collected collision time for BConcave+EConcave+4300_flipped at IoU 0.6: nan
2025-07-16 19:55:17,722 - DEBUG - Collected collision time for BConcave+EConcave+4300_flipped at IoU 0.65: nan
2025-07-16 19:55:17,722 - DEBUG - Collected collision time for BConcave+EConcave+4300_flipped at IoU 0.7: nan
2025-07-16 19:55:17,723 - DEBUG - Collected collision time for BConcave+EConcave+4300_flipped at IoU 0.75: nan
2025-07-16 19:55:17,723 - DEBUG - Collected collision time for BConcave+EConcave+4300_flipped at IoU 0.8: nan
2025-07-16 19:55:17,723 - DEBUG - Collected collision time for BConcave+EConcave+4300_flipped at IoU 0.85: nan
2025-07-16 19:55:17,724 - DEBUG - Collected collision time for BConcave+EConcave+4300_flipped at IoU 0.9: nan
2025-07-16 19:55:17,724 - DEBUG - Collected collision time for BConcave+EConcave+4300_flipped at IoU 0.95: nan
2025-07-16 19:55:17,724 - DEBUG - Collected collision time for BConcave+EConcave+4500 at IoU 0.05: 3966.666666666667
2025-07-16 19:55:17,725 - DEBUG - Collected collision time for BConcave+EConcave+4500 at IoU 0.1: 4150.0
2025-07-16 19:55:17,725 - DEBUG - Collected collision time for BConcave+EConcave+4500 at IoU 0.15: 4283.333333333333
2025-07-16 19:55:17,725 - DEBUG - Collected collision time for BConcave+EConcave+4500 at IoU 0.2: 4416.666666666667
2025-07-16 19:55:17,726 - DEBUG - Collected collision time for BConcave+EConcave+4500 at IoU 0.25: 4533.333333333333
2025-07-16 19:55:17,726 - DEBUG - Collected collision time for BConcave+EConcave+4500 at IoU 0.3: 4650.0
2025-07-16 19:55:17,726 - DEBUG - Collected collision time for BConcave+EConcave+4500 at IoU 0.35: 4750.0
2025-07-16 19:55:17,727 - DEBUG - Collected collision time for BConcave+EConcave+4500 at IoU 0.4: nan
2025-07-16 19:55:17,727 - DEBUG - Collected collision time for BConcave+EConcave+4500 at IoU 0.45: nan
2025-07-16 19:55:17,727 - DEBUG - Collected collision time for BConcave+EConcave+4500 at IoU 0.5: nan
2025-07-16 19:55:17,728 - DEBUG - Collected collision time for BConcave+EConcave+4500 at IoU 0.55: nan
2025-07-16 19:55:17,728 - DEBUG - Collected collision time for BConcave+EConcave+4500 at IoU 0.6: nan
2025-07-16 19:55:17,728 - DEBUG - Collected collision time for BConcave+EConcave+4500 at IoU 0.65: nan
2025-07-16 19:55:17,729 - DEBUG - Collected collision time for BConcave+EConcave+4500 at IoU 0.7: nan
2025-07-16 19:55:17,729 - DEBUG - Collected collision time for BConcave+EConcave+4500 at IoU 0.75: nan
2025-07-16 19:55:17,729 - DEBUG - Collected collision time for BConcave+EConcave+4500 at IoU 0.8: nan
2025-07-16 19:55:17,730 - DEBUG - Collected collision time for BConcave+EConcave+4500 at IoU 0.85: nan
2025-07-16 19:55:17,730 - DEBUG - Collected collision time for BConcave+EConcave+4500 at IoU 0.9: nan
2025-07-16 19:55:17,730 - DEBUG - Collected collision time for BConcave+EConcave+4500 at IoU 0.95: nan
2025-07-16 19:55:17,731 - DEBUG - Collected collision time for BConcave+EConvex+3500 at IoU 0.05: 3733.3333333333335
2025-07-16 19:55:17,731 - DEBUG - Collected collision time for BConcave+EConvex+3500 at IoU 0.1: 3850.0
2025-07-16 19:55:17,731 - DEBUG - Collected collision time for BConcave+EConvex+3500 at IoU 0.15: 3950.0
2025-07-16 19:55:17,732 - DEBUG - Collected collision time for BConcave+EConvex+3500 at IoU 0.2: 4066.6666666666665
2025-07-16 19:55:17,732 - DEBUG - Collected collision time for BConcave+EConvex+3500 at IoU 0.25: 4233.333333333333
2025-07-16 19:55:17,732 - DEBUG - Collected collision time for BConcave+EConvex+3500 at IoU 0.3: nan
2025-07-16 19:55:17,733 - DEBUG - Collected collision time for BConcave+EConvex+3500 at IoU 0.35: nan
2025-07-16 19:55:17,733 - DEBUG - Collected collision time for BConcave+EConvex+3500 at IoU 0.4: nan
2025-07-16 19:55:17,733 - DEBUG - Collected collision time for BConcave+EConvex+3500 at IoU 0.45: nan
2025-07-16 19:55:17,734 - DEBUG - Collected collision time for BConcave+EConvex+3500 at IoU 0.5: nan
2025-07-16 19:55:17,734 - DEBUG - Collected collision time for BConcave+EConvex+3500 at IoU 0.55: nan
2025-07-16 19:55:17,734 - DEBUG - Collected collision time for BConcave+EConvex+3500 at IoU 0.6: nan
2025-07-16 19:55:17,735 - DEBUG - Collected collision time for BConcave+EConvex+3500 at IoU 0.65: nan
2025-07-16 19:55:17,735 - DEBUG - Collected collision time for BConcave+EConvex+3500 at IoU 0.7: nan
2025-07-16 19:55:17,735 - DEBUG - Collected collision time for BConcave+EConvex+3500 at IoU 0.75: nan
2025-07-16 19:55:17,736 - DEBUG - Collected collision time for BConcave+EConvex+3500 at IoU 0.8: nan
2025-07-16 19:55:17,736 - DEBUG - Collected collision time for BConcave+EConvex+3500 at IoU 0.85: nan
2025-07-16 19:55:17,736 - DEBUG - Collected collision time for BConcave+EConvex+3500 at IoU 0.9: nan
2025-07-16 19:55:17,737 - DEBUG - Collected collision time for BConcave+EConvex+3500 at IoU 0.95: nan
2025-07-16 19:55:17,737 - DEBUG - Collected collision time for BConcave+EConvex+3700_flipped at IoU 0.05: 3966.666666666667
2025-07-16 19:55:17,737 - DEBUG - Collected collision time for BConcave+EConvex+3700_flipped at IoU 0.1: 4066.6666666666665
2025-07-16 19:55:17,738 - DEBUG - Collected collision time for BConcave+EConvex+3700_flipped at IoU 0.15: 4150.0
2025-07-16 19:55:17,738 - DEBUG - Collected collision time for BConcave+EConvex+3700_flipped at IoU 0.2: 4266.666666666667
2025-07-16 19:55:17,738 - DEBUG - Collected collision time for BConcave+EConvex+3700_flipped at IoU 0.25: 4383.333333333334
2025-07-16 19:55:17,739 - DEBUG - Collected collision time for BConcave+EConvex+3700_flipped at IoU 0.3: nan
2025-07-16 19:55:17,739 - DEBUG - Collected collision time for BConcave+EConvex+3700_flipped at IoU 0.35: nan
2025-07-16 19:55:17,739 - DEBUG - Collected collision time for BConcave+EConvex+3700_flipped at IoU 0.4: nan
2025-07-16 19:55:17,740 - DEBUG - Collected collision time for BConcave+EConvex+3700_flipped at IoU 0.45: nan
2025-07-16 19:55:17,740 - DEBUG - Collected collision time for BConcave+EConvex+3700_flipped at IoU 0.5: nan
2025-07-16 19:55:17,740 - DEBUG - Collected collision time for BConcave+EConvex+3700_flipped at IoU 0.55: nan
2025-07-16 19:55:17,741 - DEBUG - Collected collision time for BConcave+EConvex+3700_flipped at IoU 0.6: nan
2025-07-16 19:55:17,741 - DEBUG - Collected collision time for BConcave+EConvex+3700_flipped at IoU 0.65: nan
2025-07-16 19:55:17,741 - DEBUG - Collected collision time for BConcave+EConvex+3700_flipped at IoU 0.7: nan
2025-07-16 19:55:17,742 - DEBUG - Collected collision time for BConcave+EConvex+3700_flipped at IoU 0.75: nan
2025-07-16 19:55:17,742 - DEBUG - Collected collision time for BConcave+EConvex+3700_flipped at IoU 0.8: nan
2025-07-16 19:55:17,742 - DEBUG - Collected collision time for BConcave+EConvex+3700_flipped at IoU 0.85: nan
2025-07-16 19:55:17,743 - DEBUG - Collected collision time for BConcave+EConvex+3700_flipped at IoU 0.9: nan
2025-07-16 19:55:17,743 - DEBUG - Collected collision time for BConcave+EConvex+3700_flipped at IoU 0.95: nan
2025-07-16 19:55:17,743 - DEBUG - Collected collision time for BConcave+EConvex+3900 at IoU 0.05: 4150.0
2025-07-16 19:55:17,744 - DEBUG - Collected collision time for BConcave+EConvex+3900 at IoU 0.1: 4250.0
2025-07-16 19:55:17,744 - DEBUG - Collected collision time for BConcave+EConvex+3900 at IoU 0.15: 4366.666666666666
2025-07-16 19:55:17,744 - DEBUG - Collected collision time for BConcave+EConvex+3900 at IoU 0.2: 4466.666666666667
2025-07-16 19:55:17,745 - DEBUG - Collected collision time for BConcave+EConvex+3900 at IoU 0.25: 4633.333333333334
2025-07-16 19:55:17,745 - DEBUG - Collected collision time for BConcave+EConvex+3900 at IoU 0.3: nan
2025-07-16 19:55:17,745 - DEBUG - Collected collision time for BConcave+EConvex+3900 at IoU 0.35: nan
2025-07-16 19:55:17,746 - DEBUG - Collected collision time for BConcave+EConvex+3900 at IoU 0.4: nan
2025-07-16 19:55:17,746 - DEBUG - Collected collision time for BConcave+EConvex+3900 at IoU 0.45: nan
2025-07-16 19:55:17,746 - DEBUG - Collected collision time for BConcave+EConvex+3900 at IoU 0.5: nan
2025-07-16 19:55:17,747 - DEBUG - Collected collision time for BConcave+EConvex+3900 at IoU 0.55: nan
2025-07-16 19:55:17,747 - DEBUG - Collected collision time for BConcave+EConvex+3900 at IoU 0.6: nan
2025-07-16 19:55:17,747 - DEBUG - Collected collision time for BConcave+EConvex+3900 at IoU 0.65: nan
2025-07-16 19:55:17,748 - DEBUG - Collected collision time for BConcave+EConvex+3900 at IoU 0.7: nan
2025-07-16 19:55:17,748 - DEBUG - Collected collision time for BConcave+EConvex+3900 at IoU 0.75: nan
2025-07-16 19:55:17,748 - DEBUG - Collected collision time for BConcave+EConvex+3900 at IoU 0.8: nan
2025-07-16 19:55:17,749 - DEBUG - Collected collision time for BConcave+EConvex+3900 at IoU 0.85: nan
2025-07-16 19:55:17,749 - DEBUG - Collected collision time for BConcave+EConvex+3900 at IoU 0.9: nan
2025-07-16 19:55:17,749 - DEBUG - Collected collision time for BConcave+EConvex+3900 at IoU 0.95: nan
2025-07-16 19:55:17,750 - DEBUG - Collected collision time for BConcave+EConvex+4100_flipped at IoU 0.05: 4350.0
2025-07-16 19:55:17,750 - DEBUG - Collected collision time for BConcave+EConvex+4100_flipped at IoU 0.1: 4466.666666666667
2025-07-16 19:55:17,751 - DEBUG - Collected collision time for BConcave+EConvex+4100_flipped at IoU 0.15: 4566.666666666666
2025-07-16 19:55:17,751 - DEBUG - Collected collision time for BConcave+EConvex+4100_flipped at IoU 0.2: 4650.0
2025-07-16 19:55:17,751 - DEBUG - Collected collision time for BConcave+EConvex+4100_flipped at IoU 0.25: 4766.666666666667
2025-07-16 19:55:17,752 - DEBUG - Collected collision time for BConcave+EConvex+4100_flipped at IoU 0.3: 4866.666666666666
2025-07-16 19:55:17,752 - DEBUG - Collected collision time for BConcave+EConvex+4100_flipped at IoU 0.35: nan
2025-07-16 19:55:17,752 - DEBUG - Collected collision time for BConcave+EConvex+4100_flipped at IoU 0.4: nan
2025-07-16 19:55:17,753 - DEBUG - Collected collision time for BConcave+EConvex+4100_flipped at IoU 0.45: nan
2025-07-16 19:55:17,753 - DEBUG - Collected collision time for BConcave+EConvex+4100_flipped at IoU 0.5: nan
2025-07-16 19:55:17,753 - DEBUG - Collected collision time for BConcave+EConvex+4100_flipped at IoU 0.55: nan
2025-07-16 19:55:17,754 - DEBUG - Collected collision time for BConcave+EConvex+4100_flipped at IoU 0.6: nan
2025-07-16 19:55:17,754 - DEBUG - Collected collision time for BConcave+EConvex+4100_flipped at IoU 0.65: nan
2025-07-16 19:55:17,754 - DEBUG - Collected collision time for BConcave+EConvex+4100_flipped at IoU 0.7: nan
2025-07-16 19:55:17,755 - DEBUG - Collected collision time for BConcave+EConvex+4100_flipped at IoU 0.75: nan
2025-07-16 19:55:17,755 - DEBUG - Collected collision time for BConcave+EConvex+4100_flipped at IoU 0.8: nan
2025-07-16 19:55:17,755 - DEBUG - Collected collision time for BConcave+EConvex+4100_flipped at IoU 0.85: nan
2025-07-16 19:55:17,756 - DEBUG - Collected collision time for BConcave+EConvex+4100_flipped at IoU 0.9: nan
2025-07-16 19:55:17,756 - DEBUG - Collected collision time for BConcave+EConvex+4100_flipped at IoU 0.95: nan
2025-07-16 19:55:17,756 - DEBUG - Collected collision time for BConcave+EConvex+4300 at IoU 0.05: 4550.0
2025-07-16 19:55:17,757 - DEBUG - Collected collision time for BConcave+EConvex+4300 at IoU 0.1: 4683.333333333334
2025-07-16 19:55:17,757 - DEBUG - Collected collision time for BConcave+EConvex+4300 at IoU 0.15: 4733.333333333333
2025-07-16 19:55:17,757 - DEBUG - Collected collision time for BConcave+EConvex+4300 at IoU 0.2: 4800.0
2025-07-16 19:55:17,758 - DEBUG - Collected collision time for BConcave+EConvex+4300 at IoU 0.25: 4916.666666666667
2025-07-16 19:55:17,758 - DEBUG - Collected collision time for BConcave+EConvex+4300 at IoU 0.3: nan
2025-07-16 19:55:17,758 - DEBUG - Collected collision time for BConcave+EConvex+4300 at IoU 0.35: nan
2025-07-16 19:55:17,759 - DEBUG - Collected collision time for BConcave+EConvex+4300 at IoU 0.4: nan
2025-07-16 19:55:17,759 - DEBUG - Collected collision time for BConcave+EConvex+4300 at IoU 0.45: nan
2025-07-16 19:55:17,759 - DEBUG - Collected collision time for BConcave+EConvex+4300 at IoU 0.5: nan
2025-07-16 19:55:17,760 - DEBUG - Collected collision time for BConcave+EConvex+4300 at IoU 0.55: nan
2025-07-16 19:55:17,760 - DEBUG - Collected collision time for BConcave+EConvex+4300 at IoU 0.6: nan
2025-07-16 19:55:17,760 - DEBUG - Collected collision time for BConcave+EConvex+4300 at IoU 0.65: nan
2025-07-16 19:55:17,761 - DEBUG - Collected collision time for BConcave+EConvex+4300 at IoU 0.7: nan
2025-07-16 19:55:17,761 - DEBUG - Collected collision time for BConcave+EConvex+4300 at IoU 0.75: nan
2025-07-16 19:55:17,761 - DEBUG - Collected collision time for BConcave+EConvex+4300 at IoU 0.8: nan
2025-07-16 19:55:17,762 - DEBUG - Collected collision time for BConcave+EConvex+4300 at IoU 0.85: nan
2025-07-16 19:55:17,762 - DEBUG - Collected collision time for BConcave+EConvex+4300 at IoU 0.9: nan
2025-07-16 19:55:17,762 - DEBUG - Collected collision time for BConcave+EConvex+4300 at IoU 0.95: nan
2025-07-16 19:55:17,763 - DEBUG - Collected collision time for BConcave+EConvex+4500_flipped at IoU 0.05: 4733.333333333333
2025-07-16 19:55:17,763 - DEBUG - Collected collision time for BConcave+EConvex+4500_flipped at IoU 0.1: 4833.333333333333
2025-07-16 19:55:17,763 - DEBUG - Collected collision time for BConcave+EConvex+4500_flipped at IoU 0.15: 4900.0
2025-07-16 19:55:17,764 - DEBUG - Collected collision time for BConcave+EConvex+4500_flipped at IoU 0.2: 5000.0
2025-07-16 19:55:17,764 - DEBUG - Collected collision time for BConcave+EConvex+4500_flipped at IoU 0.25: 5050.0
2025-07-16 19:55:17,764 - DEBUG - Collected collision time for BConcave+EConvex+4500_flipped at IoU 0.3: 5216.666666666667
2025-07-16 19:55:17,765 - DEBUG - Collected collision time for BConcave+EConvex+4500_flipped at IoU 0.35: nan
2025-07-16 19:55:17,765 - DEBUG - Collected collision time for BConcave+EConvex+4500_flipped at IoU 0.4: nan
2025-07-16 19:55:17,766 - DEBUG - Collected collision time for BConcave+EConvex+4500_flipped at IoU 0.45: nan
2025-07-16 19:55:17,766 - DEBUG - Collected collision time for BConcave+EConvex+4500_flipped at IoU 0.5: nan
2025-07-16 19:55:17,766 - DEBUG - Collected collision time for BConcave+EConvex+4500_flipped at IoU 0.55: nan
2025-07-16 19:55:17,767 - DEBUG - Collected collision time for BConcave+EConvex+4500_flipped at IoU 0.6: nan
2025-07-16 19:55:17,767 - DEBUG - Collected collision time for BConcave+EConvex+4500_flipped at IoU 0.65: nan
2025-07-16 19:55:17,767 - DEBUG - Collected collision time for BConcave+EConvex+4500_flipped at IoU 0.7: nan
2025-07-16 19:55:17,768 - DEBUG - Collected collision time for BConcave+EConvex+4500_flipped at IoU 0.75: nan
2025-07-16 19:55:17,768 - DEBUG - Collected collision time for BConcave+EConvex+4500_flipped at IoU 0.8: nan
2025-07-16 19:55:17,768 - DEBUG - Collected collision time for BConcave+EConvex+4500_flipped at IoU 0.85: nan
2025-07-16 19:55:17,769 - DEBUG - Collected collision time for BConcave+EConvex+4500_flipped at IoU 0.9: nan
2025-07-16 19:55:17,769 - DEBUG - Collected collision time for BConcave+EConvex+4500_flipped at IoU 0.95: nan
2025-07-16 19:55:17,769 - DEBUG - Collected collision time for BConcave+FConcave+3500_flipped at IoU 0.05: 4116.666666666666
2025-07-16 19:55:17,770 - DEBUG - Collected collision time for BConcave+FConcave+3500_flipped at IoU 0.1: 4333.333333333333
2025-07-16 19:55:17,770 - DEBUG - Collected collision time for BConcave+FConcave+3500_flipped at IoU 0.15: nan
2025-07-16 19:55:17,770 - DEBUG - Collected collision time for BConcave+FConcave+3500_flipped at IoU 0.2: nan
2025-07-16 19:55:17,771 - DEBUG - Collected collision time for BConcave+FConcave+3500_flipped at IoU 0.25: nan
2025-07-16 19:55:17,771 - DEBUG - Collected collision time for BConcave+FConcave+3500_flipped at IoU 0.3: nan
2025-07-16 19:55:17,771 - DEBUG - Collected collision time for BConcave+FConcave+3500_flipped at IoU 0.35: nan
2025-07-16 19:55:17,772 - DEBUG - Collected collision time for BConcave+FConcave+3500_flipped at IoU 0.4: nan
2025-07-16 19:55:17,772 - DEBUG - Collected collision time for BConcave+FConcave+3500_flipped at IoU 0.45: nan
2025-07-16 19:55:17,772 - DEBUG - Collected collision time for BConcave+FConcave+3500_flipped at IoU 0.5: nan
2025-07-16 19:55:17,773 - DEBUG - Collected collision time for BConcave+FConcave+3500_flipped at IoU 0.55: nan
2025-07-16 19:55:17,773 - DEBUG - Collected collision time for BConcave+FConcave+3500_flipped at IoU 0.6: nan
2025-07-16 19:55:17,773 - DEBUG - Collected collision time for BConcave+FConcave+3500_flipped at IoU 0.65: nan
2025-07-16 19:55:17,774 - DEBUG - Collected collision time for BConcave+FConcave+3500_flipped at IoU 0.7: nan
2025-07-16 19:55:17,774 - DEBUG - Collected collision time for BConcave+FConcave+3500_flipped at IoU 0.75: nan
2025-07-16 19:55:17,774 - DEBUG - Collected collision time for BConcave+FConcave+3500_flipped at IoU 0.8: nan
2025-07-16 19:55:17,775 - DEBUG - Collected collision time for BConcave+FConcave+3500_flipped at IoU 0.85: nan
2025-07-16 19:55:17,775 - DEBUG - Collected collision time for BConcave+FConcave+3500_flipped at IoU 0.9: nan
2025-07-16 19:55:17,775 - DEBUG - Collected collision time for BConcave+FConcave+3500_flipped at IoU 0.95: nan
2025-07-16 19:55:17,776 - DEBUG - Collected collision time for BConcave+FConcave+3700 at IoU 0.05: 3766.6666666666665
2025-07-16 19:55:17,776 - DEBUG - Collected collision time for BConcave+FConcave+3700 at IoU 0.1: 4316.666666666666
2025-07-16 19:55:17,776 - DEBUG - Collected collision time for BConcave+FConcave+3700 at IoU 0.15: nan
2025-07-16 19:55:17,777 - DEBUG - Collected collision time for BConcave+FConcave+3700 at IoU 0.2: nan
2025-07-16 19:55:17,777 - DEBUG - Collected collision time for BConcave+FConcave+3700 at IoU 0.25: nan
2025-07-16 19:55:17,778 - DEBUG - Collected collision time for BConcave+FConcave+3700 at IoU 0.3: nan
2025-07-16 19:55:17,778 - DEBUG - Collected collision time for BConcave+FConcave+3700 at IoU 0.35: nan
2025-07-16 19:55:17,778 - DEBUG - Collected collision time for BConcave+FConcave+3700 at IoU 0.4: nan
2025-07-16 19:55:17,779 - DEBUG - Collected collision time for BConcave+FConcave+3700 at IoU 0.45: nan
2025-07-16 19:55:17,779 - DEBUG - Collected collision time for BConcave+FConcave+3700 at IoU 0.5: nan
2025-07-16 19:55:17,779 - DEBUG - Collected collision time for BConcave+FConcave+3700 at IoU 0.55: nan
2025-07-16 19:55:17,780 - DEBUG - Collected collision time for BConcave+FConcave+3700 at IoU 0.6: nan
2025-07-16 19:55:17,780 - DEBUG - Collected collision time for BConcave+FConcave+3700 at IoU 0.65: nan
2025-07-16 19:55:17,780 - DEBUG - Collected collision time for BConcave+FConcave+3700 at IoU 0.7: nan
2025-07-16 19:55:17,780 - DEBUG - Collected collision time for BConcave+FConcave+3700 at IoU 0.75: nan
2025-07-16 19:55:17,781 - DEBUG - Collected collision time for BConcave+FConcave+3700 at IoU 0.8: nan
2025-07-16 19:55:17,781 - DEBUG - Collected collision time for BConcave+FConcave+3700 at IoU 0.85: nan
2025-07-16 19:55:17,781 - DEBUG - Collected collision time for BConcave+FConcave+3700 at IoU 0.9: nan
2025-07-16 19:55:17,782 - DEBUG - Collected collision time for BConcave+FConcave+3700 at IoU 0.95: nan
2025-07-16 19:55:17,782 - DEBUG - Collected collision time for BConcave+FConcave+3900_flipped at IoU 0.05: 4033.333333333333
2025-07-16 19:55:17,782 - DEBUG - Collected collision time for BConcave+FConcave+3900_flipped at IoU 0.1: 4350.0
2025-07-16 19:55:17,783 - DEBUG - Collected collision time for BConcave+FConcave+3900_flipped at IoU 0.15: 5000.0
2025-07-16 19:55:17,783 - DEBUG - Collected collision time for BConcave+FConcave+3900_flipped at IoU 0.2: 5383.333333333334
2025-07-16 19:55:17,784 - DEBUG - Collected collision time for BConcave+FConcave+3900_flipped at IoU 0.25: nan
2025-07-16 19:55:17,784 - DEBUG - Collected collision time for BConcave+FConcave+3900_flipped at IoU 0.3: nan
2025-07-16 19:55:17,784 - DEBUG - Collected collision time for BConcave+FConcave+3900_flipped at IoU 0.35: nan
2025-07-16 19:55:17,785 - DEBUG - Collected collision time for BConcave+FConcave+3900_flipped at IoU 0.4: nan
2025-07-16 19:55:17,785 - DEBUG - Collected collision time for BConcave+FConcave+3900_flipped at IoU 0.45: nan
2025-07-16 19:55:17,785 - DEBUG - Collected collision time for BConcave+FConcave+3900_flipped at IoU 0.5: nan
2025-07-16 19:55:17,786 - DEBUG - Collected collision time for BConcave+FConcave+3900_flipped at IoU 0.55: nan
2025-07-16 19:55:17,786 - DEBUG - Collected collision time for BConcave+FConcave+3900_flipped at IoU 0.6: nan
2025-07-16 19:55:17,786 - DEBUG - Collected collision time for BConcave+FConcave+3900_flipped at IoU 0.65: nan
2025-07-16 19:55:17,787 - DEBUG - Collected collision time for BConcave+FConcave+3900_flipped at IoU 0.7: nan
2025-07-16 19:55:17,787 - DEBUG - Collected collision time for BConcave+FConcave+3900_flipped at IoU 0.75: nan
2025-07-16 19:55:17,787 - DEBUG - Collected collision time for BConcave+FConcave+3900_flipped at IoU 0.8: nan
2025-07-16 19:55:17,788 - DEBUG - Collected collision time for BConcave+FConcave+3900_flipped at IoU 0.85: nan
2025-07-16 19:55:17,788 - DEBUG - Collected collision time for BConcave+FConcave+3900_flipped at IoU 0.9: nan
2025-07-16 19:55:17,788 - DEBUG - Collected collision time for BConcave+FConcave+3900_flipped at IoU 0.95: nan
2025-07-16 19:55:17,789 - DEBUG - Collected collision time for BConcave+FConcave+4100 at IoU 0.05: 4016.6666666666665
2025-07-16 19:55:17,789 - DEBUG - Collected collision time for BConcave+FConcave+4100 at IoU 0.1: 4200.0
2025-07-16 19:55:17,789 - DEBUG - Collected collision time for BConcave+FConcave+4100 at IoU 0.15: nan
2025-07-16 19:55:17,790 - DEBUG - Collected collision time for BConcave+FConcave+4100 at IoU 0.2: nan
2025-07-16 19:55:17,790 - DEBUG - Collected collision time for BConcave+FConcave+4100 at IoU 0.25: nan
2025-07-16 19:55:17,790 - DEBUG - Collected collision time for BConcave+FConcave+4100 at IoU 0.3: nan
2025-07-16 19:55:17,791 - DEBUG - Collected collision time for BConcave+FConcave+4100 at IoU 0.35: nan
2025-07-16 19:55:17,791 - DEBUG - Collected collision time for BConcave+FConcave+4100 at IoU 0.4: nan
2025-07-16 19:55:17,791 - DEBUG - Collected collision time for BConcave+FConcave+4100 at IoU 0.45: nan
2025-07-16 19:55:17,792 - DEBUG - Collected collision time for BConcave+FConcave+4100 at IoU 0.5: nan
2025-07-16 19:55:17,792 - DEBUG - Collected collision time for BConcave+FConcave+4100 at IoU 0.55: nan
2025-07-16 19:55:17,793 - DEBUG - Collected collision time for BConcave+FConcave+4100 at IoU 0.6: nan
2025-07-16 19:55:17,793 - DEBUG - Collected collision time for BConcave+FConcave+4100 at IoU 0.65: nan
2025-07-16 19:55:17,793 - DEBUG - Collected collision time for BConcave+FConcave+4100 at IoU 0.7: nan
2025-07-16 19:55:17,794 - DEBUG - Collected collision time for BConcave+FConcave+4100 at IoU 0.75: nan
2025-07-16 19:55:17,794 - DEBUG - Collected collision time for BConcave+FConcave+4100 at IoU 0.8: nan
2025-07-16 19:55:17,794 - DEBUG - Collected collision time for BConcave+FConcave+4100 at IoU 0.85: nan
2025-07-16 19:55:17,795 - DEBUG - Collected collision time for BConcave+FConcave+4100 at IoU 0.9: nan
2025-07-16 19:55:17,795 - DEBUG - Collected collision time for BConcave+FConcave+4100 at IoU 0.95: nan
2025-07-16 19:55:17,795 - DEBUG - Collected collision time for BConcave+FConcave+4300_flipped at IoU 0.05: 4283.333333333333
2025-07-16 19:55:17,795 - DEBUG - Collected collision time for BConcave+FConcave+4300_flipped at IoU 0.1: nan
2025-07-16 19:55:17,796 - DEBUG - Collected collision time for BConcave+FConcave+4300_flipped at IoU 0.15: nan
2025-07-16 19:55:17,796 - DEBUG - Collected collision time for BConcave+FConcave+4300_flipped at IoU 0.2: nan
2025-07-16 19:55:17,796 - DEBUG - Collected collision time for BConcave+FConcave+4300_flipped at IoU 0.25: nan
2025-07-16 19:55:17,797 - DEBUG - Collected collision time for BConcave+FConcave+4300_flipped at IoU 0.3: nan
2025-07-16 19:55:17,797 - DEBUG - Collected collision time for BConcave+FConcave+4300_flipped at IoU 0.35: nan
2025-07-16 19:55:17,797 - DEBUG - Collected collision time for BConcave+FConcave+4300_flipped at IoU 0.4: nan
2025-07-16 19:55:17,798 - DEBUG - Collected collision time for BConcave+FConcave+4300_flipped at IoU 0.45: nan
2025-07-16 19:55:17,798 - DEBUG - Collected collision time for BConcave+FConcave+4300_flipped at IoU 0.5: nan
2025-07-16 19:55:17,798 - DEBUG - Collected collision time for BConcave+FConcave+4300_flipped at IoU 0.55: nan
2025-07-16 19:55:17,799 - DEBUG - Collected collision time for BConcave+FConcave+4300_flipped at IoU 0.6: nan
2025-07-16 19:55:17,799 - DEBUG - Collected collision time for BConcave+FConcave+4300_flipped at IoU 0.65: nan
2025-07-16 19:55:17,799 - DEBUG - Collected collision time for BConcave+FConcave+4300_flipped at IoU 0.7: nan
2025-07-16 19:55:17,800 - DEBUG - Collected collision time for BConcave+FConcave+4300_flipped at IoU 0.75: nan
2025-07-16 19:55:17,800 - DEBUG - Collected collision time for BConcave+FConcave+4300_flipped at IoU 0.8: nan
2025-07-16 19:55:17,800 - DEBUG - Collected collision time for BConcave+FConcave+4300_flipped at IoU 0.85: nan
2025-07-16 19:55:17,801 - DEBUG - Collected collision time for BConcave+FConcave+4300_flipped at IoU 0.9: nan
2025-07-16 19:55:17,801 - DEBUG - Collected collision time for BConcave+FConcave+4300_flipped at IoU 0.95: nan
2025-07-16 19:55:17,801 - DEBUG - Collected collision time for BConcave+FConcave+4500 at IoU 0.05: 4500.0
2025-07-16 19:55:17,802 - DEBUG - Collected collision time for BConcave+FConcave+4500 at IoU 0.1: 4866.666666666666
2025-07-16 19:55:17,802 - DEBUG - Collected collision time for BConcave+FConcave+4500 at IoU 0.15: 5183.333333333334
2025-07-16 19:55:17,802 - DEBUG - Collected collision time for BConcave+FConcave+4500 at IoU 0.2: nan
2025-07-16 19:55:17,803 - DEBUG - Collected collision time for BConcave+FConcave+4500 at IoU 0.25: nan
2025-07-16 19:55:17,803 - DEBUG - Collected collision time for BConcave+FConcave+4500 at IoU 0.3: nan
2025-07-16 19:55:17,803 - DEBUG - Collected collision time for BConcave+FConcave+4500 at IoU 0.35: nan
2025-07-16 19:55:17,804 - DEBUG - Collected collision time for BConcave+FConcave+4500 at IoU 0.4: nan
2025-07-16 19:55:17,804 - DEBUG - Collected collision time for BConcave+FConcave+4500 at IoU 0.45: nan
2025-07-16 19:55:17,804 - DEBUG - Collected collision time for BConcave+FConcave+4500 at IoU 0.5: nan
2025-07-16 19:55:17,805 - DEBUG - Collected collision time for BConcave+FConcave+4500 at IoU 0.55: nan
2025-07-16 19:55:17,805 - DEBUG - Collected collision time for BConcave+FConcave+4500 at IoU 0.6: nan
2025-07-16 19:55:17,805 - DEBUG - Collected collision time for BConcave+FConcave+4500 at IoU 0.65: nan
2025-07-16 19:55:17,806 - DEBUG - Collected collision time for BConcave+FConcave+4500 at IoU 0.7: nan
2025-07-16 19:55:17,806 - DEBUG - Collected collision time for BConcave+FConcave+4500 at IoU 0.75: nan
2025-07-16 19:55:17,806 - DEBUG - Collected collision time for BConcave+FConcave+4500 at IoU 0.8: nan
2025-07-16 19:55:17,807 - DEBUG - Collected collision time for BConcave+FConcave+4500 at IoU 0.85: nan
2025-07-16 19:55:17,807 - DEBUG - Collected collision time for BConcave+FConcave+4500 at IoU 0.9: nan
2025-07-16 19:55:17,808 - DEBUG - Collected collision time for BConcave+FConcave+4500 at IoU 0.95: nan
2025-07-16 19:55:17,808 - DEBUG - Collected collision time for BConcave+FConvex+3500 at IoU 0.05: 3900.0
2025-07-16 19:55:17,809 - DEBUG - Collected collision time for BConcave+FConvex+3500 at IoU 0.1: 4050.0
2025-07-16 19:55:17,809 - DEBUG - Collected collision time for BConcave+FConvex+3500 at IoU 0.15: 4133.333333333334
2025-07-16 19:55:17,809 - DEBUG - Collected collision time for BConcave+FConvex+3500 at IoU 0.2: 4216.666666666667
2025-07-16 19:55:17,810 - DEBUG - Collected collision time for BConcave+FConvex+3500 at IoU 0.25: 4283.333333333333
2025-07-16 19:55:17,810 - DEBUG - Collected collision time for BConcave+FConvex+3500 at IoU 0.3: 4350.0
2025-07-16 19:55:17,810 - DEBUG - Collected collision time for BConcave+FConvex+3500 at IoU 0.35: 4433.333333333334
2025-07-16 19:55:17,811 - DEBUG - Collected collision time for BConcave+FConvex+3500 at IoU 0.4: 4500.0
2025-07-16 19:55:17,811 - DEBUG - Collected collision time for BConcave+FConvex+3500 at IoU 0.45: 4583.333333333333
2025-07-16 19:55:17,811 - DEBUG - Collected collision time for BConcave+FConvex+3500 at IoU 0.5: 4666.666666666667
2025-07-16 19:55:17,812 - DEBUG - Collected collision time for BConcave+FConvex+3500 at IoU 0.55: nan
2025-07-16 19:55:17,812 - DEBUG - Collected collision time for BConcave+FConvex+3500 at IoU 0.6: nan
2025-07-16 19:55:17,813 - DEBUG - Collected collision time for BConcave+FConvex+3500 at IoU 0.65: nan
2025-07-16 19:55:17,813 - DEBUG - Collected collision time for BConcave+FConvex+3500 at IoU 0.7: nan
2025-07-16 19:55:17,813 - DEBUG - Collected collision time for BConcave+FConvex+3500 at IoU 0.75: nan
2025-07-16 19:55:17,814 - DEBUG - Collected collision time for BConcave+FConvex+3500 at IoU 0.8: nan
2025-07-16 19:55:17,814 - DEBUG - Collected collision time for BConcave+FConvex+3500 at IoU 0.85: nan
2025-07-16 19:55:17,814 - DEBUG - Collected collision time for BConcave+FConvex+3500 at IoU 0.9: nan
2025-07-16 19:55:17,815 - DEBUG - Collected collision time for BConcave+FConvex+3500 at IoU 0.95: nan
2025-07-16 19:55:17,815 - DEBUG - Collected collision time for BConcave+FConvex+3700_flipped at IoU 0.05: 4066.6666666666665
2025-07-16 19:55:17,815 - DEBUG - Collected collision time for BConcave+FConvex+3700_flipped at IoU 0.1: 4250.0
2025-07-16 19:55:17,816 - DEBUG - Collected collision time for BConcave+FConvex+3700_flipped at IoU 0.15: 4366.666666666666
2025-07-16 19:55:17,816 - DEBUG - Collected collision time for BConcave+FConvex+3700_flipped at IoU 0.2: 4483.333333333333
2025-07-16 19:55:17,817 - DEBUG - Collected collision time for BConcave+FConvex+3700_flipped at IoU 0.25: 4633.333333333334
2025-07-16 19:55:17,817 - DEBUG - Collected collision time for BConcave+FConvex+3700_flipped at IoU 0.3: 4750.0
2025-07-16 19:55:17,818 - DEBUG - Collected collision time for BConcave+FConvex+3700_flipped at IoU 0.35: nan
2025-07-16 19:55:17,818 - DEBUG - Collected collision time for BConcave+FConvex+3700_flipped at IoU 0.4: nan
2025-07-16 19:55:17,819 - DEBUG - Collected collision time for BConcave+FConvex+3700_flipped at IoU 0.45: nan
2025-07-16 19:55:17,819 - DEBUG - Collected collision time for BConcave+FConvex+3700_flipped at IoU 0.5: nan
2025-07-16 19:55:17,819 - DEBUG - Collected collision time for BConcave+FConvex+3700_flipped at IoU 0.55: nan
2025-07-16 19:55:17,820 - DEBUG - Collected collision time for BConcave+FConvex+3700_flipped at IoU 0.6: nan
2025-07-16 19:55:17,820 - DEBUG - Collected collision time for BConcave+FConvex+3700_flipped at IoU 0.65: nan
2025-07-16 19:55:17,820 - DEBUG - Collected collision time for BConcave+FConvex+3700_flipped at IoU 0.7: nan
2025-07-16 19:55:17,820 - DEBUG - Collected collision time for BConcave+FConvex+3700_flipped at IoU 0.75: nan
2025-07-16 19:55:17,821 - DEBUG - Collected collision time for BConcave+FConvex+3700_flipped at IoU 0.8: nan
2025-07-16 19:55:17,821 - DEBUG - Collected collision time for BConcave+FConvex+3700_flipped at IoU 0.85: nan
2025-07-16 19:55:17,822 - DEBUG - Collected collision time for BConcave+FConvex+3700_flipped at IoU 0.9: nan
2025-07-16 19:55:17,822 - DEBUG - Collected collision time for BConcave+FConvex+3700_flipped at IoU 0.95: nan
2025-07-16 19:55:17,822 - DEBUG - Collected collision time for BConcave+FConvex+3900 at IoU 0.05: 4283.333333333333
2025-07-16 19:55:17,823 - DEBUG - Collected collision time for BConcave+FConvex+3900 at IoU 0.1: 4416.666666666667
2025-07-16 19:55:17,823 - DEBUG - Collected collision time for BConcave+FConvex+3900 at IoU 0.15: 4516.666666666667
2025-07-16 19:55:17,823 - DEBUG - Collected collision time for BConcave+FConvex+3900 at IoU 0.2: 4600.0
2025-07-16 19:55:17,824 - DEBUG - Collected collision time for BConcave+FConvex+3900 at IoU 0.25: 4683.333333333334
2025-07-16 19:55:17,824 - DEBUG - Collected collision time for BConcave+FConvex+3900 at IoU 0.3: 4750.0
2025-07-16 19:55:17,824 - DEBUG - Collected collision time for BConcave+FConvex+3900 at IoU 0.35: 4816.666666666666
2025-07-16 19:55:17,825 - DEBUG - Collected collision time for BConcave+FConvex+3900 at IoU 0.4: 4883.333333333334
2025-07-16 19:55:17,825 - DEBUG - Collected collision time for BConcave+FConvex+3900 at IoU 0.45: 4966.666666666667
2025-07-16 19:55:17,825 - DEBUG - Collected collision time for BConcave+FConvex+3900 at IoU 0.5: 5033.333333333333
2025-07-16 19:55:17,826 - DEBUG - Collected collision time for BConcave+FConvex+3900 at IoU 0.55: nan
2025-07-16 19:55:17,826 - DEBUG - Collected collision time for BConcave+FConvex+3900 at IoU 0.6: nan
2025-07-16 19:55:17,826 - DEBUG - Collected collision time for BConcave+FConvex+3900 at IoU 0.65: nan
2025-07-16 19:55:17,827 - DEBUG - Collected collision time for BConcave+FConvex+3900 at IoU 0.7: nan
2025-07-16 19:55:17,827 - DEBUG - Collected collision time for BConcave+FConvex+3900 at IoU 0.75: nan
2025-07-16 19:55:17,827 - DEBUG - Collected collision time for BConcave+FConvex+3900 at IoU 0.8: nan
2025-07-16 19:55:17,828 - DEBUG - Collected collision time for BConcave+FConvex+3900 at IoU 0.85: nan
2025-07-16 19:55:17,828 - DEBUG - Collected collision time for BConcave+FConvex+3900 at IoU 0.9: nan
2025-07-16 19:55:17,829 - DEBUG - Collected collision time for BConcave+FConvex+3900 at IoU 0.95: nan
2025-07-16 19:55:17,829 - DEBUG - Collected collision time for BConcave+FConvex+4100_flipped at IoU 0.05: 4383.333333333334
2025-07-16 19:55:17,829 - DEBUG - Collected collision time for BConcave+FConvex+4100_flipped at IoU 0.1: 4500.0
2025-07-16 19:55:17,830 - DEBUG - Collected collision time for BConcave+FConvex+4100_flipped at IoU 0.15: 4633.333333333334
2025-07-16 19:55:17,831 - DEBUG - Collected collision time for BConcave+FConvex+4100_flipped at IoU 0.2: 4700.0
2025-07-16 19:55:17,831 - DEBUG - Collected collision time for BConcave+FConvex+4100_flipped at IoU 0.25: 4850.0
2025-07-16 19:55:17,832 - DEBUG - Collected collision time for BConcave+FConvex+4100_flipped at IoU 0.3: 5000.0
2025-07-16 19:55:17,833 - DEBUG - Collected collision time for BConcave+FConvex+4100_flipped at IoU 0.35: 5166.666666666667
2025-07-16 19:55:17,833 - DEBUG - Collected collision time for BConcave+FConvex+4100_flipped at IoU 0.4: nan
2025-07-16 19:55:17,833 - DEBUG - Collected collision time for BConcave+FConvex+4100_flipped at IoU 0.45: nan
2025-07-16 19:55:17,833 - DEBUG - Collected collision time for BConcave+FConvex+4100_flipped at IoU 0.5: nan
2025-07-16 19:55:17,834 - DEBUG - Collected collision time for BConcave+FConvex+4100_flipped at IoU 0.55: nan
2025-07-16 19:55:17,834 - DEBUG - Collected collision time for BConcave+FConvex+4100_flipped at IoU 0.6: nan
2025-07-16 19:55:17,834 - DEBUG - Collected collision time for BConcave+FConvex+4100_flipped at IoU 0.65: nan
2025-07-16 19:55:17,835 - DEBUG - Collected collision time for BConcave+FConvex+4100_flipped at IoU 0.7: nan
2025-07-16 19:55:17,835 - DEBUG - Collected collision time for BConcave+FConvex+4100_flipped at IoU 0.75: nan
2025-07-16 19:55:17,835 - DEBUG - Collected collision time for BConcave+FConvex+4100_flipped at IoU 0.8: nan
2025-07-16 19:55:17,836 - DEBUG - Collected collision time for BConcave+FConvex+4100_flipped at IoU 0.85: nan
2025-07-16 19:55:17,836 - DEBUG - Collected collision time for BConcave+FConvex+4100_flipped at IoU 0.9: nan
2025-07-16 19:55:17,836 - DEBUG - Collected collision time for BConcave+FConvex+4100_flipped at IoU 0.95: nan
2025-07-16 19:55:17,837 - DEBUG - Collected collision time for BConcave+FConvex+4300 at IoU 0.05: 4750.0
2025-07-16 19:55:17,837 - DEBUG - Collected collision time for BConcave+FConvex+4300 at IoU 0.1: 4900.0
2025-07-16 19:55:17,837 - DEBUG - Collected collision time for BConcave+FConvex+4300 at IoU 0.15: 5016.666666666667
2025-07-16 19:55:17,838 - DEBUG - Collected collision time for BConcave+FConvex+4300 at IoU 0.2: 5083.333333333333
2025-07-16 19:55:17,838 - DEBUG - Collected collision time for BConcave+FConvex+4300 at IoU 0.25: 5150.0
2025-07-16 19:55:17,839 - DEBUG - Collected collision time for BConcave+FConvex+4300 at IoU 0.3: 5200.0
2025-07-16 19:55:17,839 - DEBUG - Collected collision time for BConcave+FConvex+4300 at IoU 0.35: 5250.0
2025-07-16 19:55:17,839 - DEBUG - Collected collision time for BConcave+FConvex+4300 at IoU 0.4: 5333.333333333333
2025-07-16 19:55:17,840 - DEBUG - Collected collision time for BConcave+FConvex+4300 at IoU 0.45: nan
2025-07-16 19:55:17,840 - DEBUG - Collected collision time for BConcave+FConvex+4300 at IoU 0.5: nan
2025-07-16 19:55:17,840 - DEBUG - Collected collision time for BConcave+FConvex+4300 at IoU 0.55: nan
2025-07-16 19:55:17,841 - DEBUG - Collected collision time for BConcave+FConvex+4300 at IoU 0.6: nan
2025-07-16 19:55:17,841 - DEBUG - Collected collision time for BConcave+FConvex+4300 at IoU 0.65: nan
2025-07-16 19:55:17,841 - DEBUG - Collected collision time for BConcave+FConvex+4300 at IoU 0.7: nan
2025-07-16 19:55:17,842 - DEBUG - Collected collision time for BConcave+FConvex+4300 at IoU 0.75: nan
2025-07-16 19:55:17,842 - DEBUG - Collected collision time for BConcave+FConvex+4300 at IoU 0.8: nan
2025-07-16 19:55:17,842 - DEBUG - Collected collision time for BConcave+FConvex+4300 at IoU 0.85: nan
2025-07-16 19:55:17,843 - DEBUG - Collected collision time for BConcave+FConvex+4300 at IoU 0.9: nan
2025-07-16 19:55:17,843 - DEBUG - Collected collision time for BConcave+FConvex+4300 at IoU 0.95: nan
2025-07-16 19:55:17,844 - DEBUG - Collected collision time for BConcave+FConvex+4500_flipped at IoU 0.05: 4916.666666666667
2025-07-16 19:55:17,844 - DEBUG - Collected collision time for BConcave+FConvex+4500_flipped at IoU 0.1: 4983.333333333333
2025-07-16 19:55:17,845 - DEBUG - Collected collision time for BConcave+FConvex+4500_flipped at IoU 0.15: 5116.666666666666
2025-07-16 19:55:17,845 - DEBUG - Collected collision time for BConcave+FConvex+4500_flipped at IoU 0.2: 5250.0
2025-07-16 19:55:17,846 - DEBUG - Collected collision time for BConcave+FConvex+4500_flipped at IoU 0.25: 5283.333333333333
2025-07-16 19:55:17,846 - DEBUG - Collected collision time for BConcave+FConvex+4500_flipped at IoU 0.3: 5400.0
2025-07-16 19:55:17,846 - DEBUG - Collected collision time for BConcave+FConvex+4500_flipped at IoU 0.35: 5433.333333333334
2025-07-16 19:55:17,847 - DEBUG - Collected collision time for BConcave+FConvex+4500_flipped at IoU 0.4: 5466.666666666667
2025-07-16 19:55:17,847 - DEBUG - Collected collision time for BConcave+FConvex+4500_flipped at IoU 0.45: nan
2025-07-16 19:55:17,848 - DEBUG - Collected collision time for BConcave+FConvex+4500_flipped at IoU 0.5: nan
2025-07-16 19:55:17,848 - DEBUG - Collected collision time for BConcave+FConvex+4500_flipped at IoU 0.55: nan
2025-07-16 19:55:17,849 - DEBUG - Collected collision time for BConcave+FConvex+4500_flipped at IoU 0.6: nan
2025-07-16 19:55:17,849 - DEBUG - Collected collision time for BConcave+FConvex+4500_flipped at IoU 0.65: nan
2025-07-16 19:55:17,850 - DEBUG - Collected collision time for BConcave+FConvex+4500_flipped at IoU 0.7: nan
2025-07-16 19:55:17,850 - DEBUG - Collected collision time for BConcave+FConvex+4500_flipped at IoU 0.75: nan
2025-07-16 19:55:17,851 - DEBUG - Collected collision time for BConcave+FConvex+4500_flipped at IoU 0.8: nan
2025-07-16 19:55:17,851 - DEBUG - Collected collision time for BConcave+FConvex+4500_flipped at IoU 0.85: nan
2025-07-16 19:55:17,852 - DEBUG - Collected collision time for BConcave+FConvex+4500_flipped at IoU 0.9: nan
2025-07-16 19:55:17,853 - DEBUG - Collected collision time for BConcave+FConvex+4500_flipped at IoU 0.95: nan
2025-07-16 19:55:17,853 - DEBUG - Collected collision time for BConcave+gConcave+3500_flipped at IoU 0.05: 1616.6666666666667
2025-07-16 19:55:17,853 - DEBUG - Collected collision time for BConcave+gConcave+3500_flipped at IoU 0.1: 3316.666666666667
2025-07-16 19:55:17,854 - DEBUG - Collected collision time for BConcave+gConcave+3500_flipped at IoU 0.15: 3316.666666666667
2025-07-16 19:55:17,854 - DEBUG - Collected collision time for BConcave+gConcave+3500_flipped at IoU 0.2: 3333.3333333333335
2025-07-16 19:55:17,854 - DEBUG - Collected collision time for BConcave+gConcave+3500_flipped at IoU 0.25: 3333.3333333333335
2025-07-16 19:55:17,855 - DEBUG - Collected collision time for BConcave+gConcave+3500_flipped at IoU 0.3: 3383.3333333333335
2025-07-16 19:55:17,855 - DEBUG - Collected collision time for BConcave+gConcave+3500_flipped at IoU 0.35: 3483.3333333333335
2025-07-16 19:55:17,855 - DEBUG - Collected collision time for BConcave+gConcave+3500_flipped at IoU 0.4: 3500.0
2025-07-16 19:55:17,856 - DEBUG - Collected collision time for BConcave+gConcave+3500_flipped at IoU 0.45: 3500.0
2025-07-16 19:55:17,856 - DEBUG - Collected collision time for BConcave+gConcave+3500_flipped at IoU 0.5: nan
2025-07-16 19:55:17,856 - DEBUG - Collected collision time for BConcave+gConcave+3500_flipped at IoU 0.55: nan
2025-07-16 19:55:17,857 - DEBUG - Collected collision time for BConcave+gConcave+3500_flipped at IoU 0.6: nan
2025-07-16 19:55:17,857 - DEBUG - Collected collision time for BConcave+gConcave+3500_flipped at IoU 0.65: nan
2025-07-16 19:55:17,857 - DEBUG - Collected collision time for BConcave+gConcave+3500_flipped at IoU 0.7: nan
2025-07-16 19:55:17,858 - DEBUG - Collected collision time for BConcave+gConcave+3500_flipped at IoU 0.75: nan
2025-07-16 19:55:17,858 - DEBUG - Collected collision time for BConcave+gConcave+3500_flipped at IoU 0.8: nan
2025-07-16 19:55:17,858 - DEBUG - Collected collision time for BConcave+gConcave+3500_flipped at IoU 0.85: nan
2025-07-16 19:55:17,859 - DEBUG - Collected collision time for BConcave+gConcave+3500_flipped at IoU 0.9: nan
2025-07-16 19:55:17,859 - DEBUG - Collected collision time for BConcave+gConcave+3500_flipped at IoU 0.95: nan
2025-07-16 19:55:17,859 - DEBUG - Collected collision time for BConcave+gConcave+3700 at IoU 0.05: nan
2025-07-16 19:55:17,860 - DEBUG - Collected collision time for BConcave+gConcave+3700 at IoU 0.1: nan
2025-07-16 19:55:17,860 - DEBUG - Collected collision time for BConcave+gConcave+3700 at IoU 0.15: nan
2025-07-16 19:55:17,860 - DEBUG - Collected collision time for BConcave+gConcave+3700 at IoU 0.2: nan
2025-07-16 19:55:17,861 - DEBUG - Collected collision time for BConcave+gConcave+3700 at IoU 0.25: nan
2025-07-16 19:55:17,861 - DEBUG - Collected collision time for BConcave+gConcave+3700 at IoU 0.3: nan
2025-07-16 19:55:17,861 - DEBUG - Collected collision time for BConcave+gConcave+3700 at IoU 0.35: nan
2025-07-16 19:55:17,862 - DEBUG - Collected collision time for BConcave+gConcave+3700 at IoU 0.4: nan
2025-07-16 19:55:17,862 - DEBUG - Collected collision time for BConcave+gConcave+3700 at IoU 0.45: nan
2025-07-16 19:55:17,862 - DEBUG - Collected collision time for BConcave+gConcave+3700 at IoU 0.5: nan
2025-07-16 19:55:17,863 - DEBUG - Collected collision time for BConcave+gConcave+3700 at IoU 0.55: nan
2025-07-16 19:55:17,863 - DEBUG - Collected collision time for BConcave+gConcave+3700 at IoU 0.6: nan
2025-07-16 19:55:17,863 - DEBUG - Collected collision time for BConcave+gConcave+3700 at IoU 0.65: nan
2025-07-16 19:55:17,864 - DEBUG - Collected collision time for BConcave+gConcave+3700 at IoU 0.7: nan
2025-07-16 19:55:17,864 - DEBUG - Collected collision time for BConcave+gConcave+3700 at IoU 0.75: nan
2025-07-16 19:55:17,865 - DEBUG - Collected collision time for BConcave+gConcave+3700 at IoU 0.8: nan
2025-07-16 19:55:17,865 - DEBUG - Collected collision time for BConcave+gConcave+3700 at IoU 0.85: nan
2025-07-16 19:55:17,866 - DEBUG - Collected collision time for BConcave+gConcave+3700 at IoU 0.9: nan
2025-07-16 19:55:17,866 - DEBUG - Collected collision time for BConcave+gConcave+3700 at IoU 0.95: nan
2025-07-16 19:55:17,867 - DEBUG - Collected collision time for BConcave+gConcave+3900_flipped at IoU 0.05: nan
2025-07-16 19:55:17,867 - DEBUG - Collected collision time for BConcave+gConcave+3900_flipped at IoU 0.1: nan
2025-07-16 19:55:17,867 - DEBUG - Collected collision time for BConcave+gConcave+3900_flipped at IoU 0.15: nan
2025-07-16 19:55:17,868 - DEBUG - Collected collision time for BConcave+gConcave+3900_flipped at IoU 0.2: nan
2025-07-16 19:55:17,868 - DEBUG - Collected collision time for BConcave+gConcave+3900_flipped at IoU 0.25: nan
2025-07-16 19:55:17,868 - DEBUG - Collected collision time for BConcave+gConcave+3900_flipped at IoU 0.3: nan
2025-07-16 19:55:17,869 - DEBUG - Collected collision time for BConcave+gConcave+3900_flipped at IoU 0.35: nan
2025-07-16 19:55:17,869 - DEBUG - Collected collision time for BConcave+gConcave+3900_flipped at IoU 0.4: nan
2025-07-16 19:55:17,869 - DEBUG - Collected collision time for BConcave+gConcave+3900_flipped at IoU 0.45: nan
2025-07-16 19:55:17,870 - DEBUG - Collected collision time for BConcave+gConcave+3900_flipped at IoU 0.5: nan
2025-07-16 19:55:17,870 - DEBUG - Collected collision time for BConcave+gConcave+3900_flipped at IoU 0.55: nan
2025-07-16 19:55:17,871 - DEBUG - Collected collision time for BConcave+gConcave+3900_flipped at IoU 0.6: nan
2025-07-16 19:55:17,871 - DEBUG - Collected collision time for BConcave+gConcave+3900_flipped at IoU 0.65: nan
2025-07-16 19:55:17,871 - DEBUG - Collected collision time for BConcave+gConcave+3900_flipped at IoU 0.7: nan
2025-07-16 19:55:17,872 - DEBUG - Collected collision time for BConcave+gConcave+3900_flipped at IoU 0.75: nan
2025-07-16 19:55:17,872 - DEBUG - Collected collision time for BConcave+gConcave+3900_flipped at IoU 0.8: nan
2025-07-16 19:55:17,872 - DEBUG - Collected collision time for BConcave+gConcave+3900_flipped at IoU 0.85: nan
2025-07-16 19:55:17,872 - DEBUG - Collected collision time for BConcave+gConcave+3900_flipped at IoU 0.9: nan
2025-07-16 19:55:17,873 - DEBUG - Collected collision time for BConcave+gConcave+3900_flipped at IoU 0.95: nan
2025-07-16 19:55:17,873 - DEBUG - Collected collision time for BConcave+gConcave+4100 at IoU 0.05: nan
2025-07-16 19:55:17,874 - DEBUG - Collected collision time for BConcave+gConcave+4100 at IoU 0.1: nan
2025-07-16 19:55:17,874 - DEBUG - Collected collision time for BConcave+gConcave+4100 at IoU 0.15: nan
2025-07-16 19:55:17,875 - DEBUG - Collected collision time for BConcave+gConcave+4100 at IoU 0.2: nan
2025-07-16 19:55:17,875 - DEBUG - Collected collision time for BConcave+gConcave+4100 at IoU 0.25: nan
2025-07-16 19:55:17,875 - DEBUG - Collected collision time for BConcave+gConcave+4100 at IoU 0.3: nan
2025-07-16 19:55:17,876 - DEBUG - Collected collision time for BConcave+gConcave+4100 at IoU 0.35: nan
2025-07-16 19:55:17,876 - DEBUG - Collected collision time for BConcave+gConcave+4100 at IoU 0.4: nan
2025-07-16 19:55:17,876 - DEBUG - Collected collision time for BConcave+gConcave+4100 at IoU 0.45: nan
2025-07-16 19:55:17,877 - DEBUG - Collected collision time for BConcave+gConcave+4100 at IoU 0.5: nan
2025-07-16 19:55:17,877 - DEBUG - Collected collision time for BConcave+gConcave+4100 at IoU 0.55: nan
2025-07-16 19:55:17,878 - DEBUG - Collected collision time for BConcave+gConcave+4100 at IoU 0.6: nan
2025-07-16 19:55:17,878 - DEBUG - Collected collision time for BConcave+gConcave+4100 at IoU 0.65: nan
2025-07-16 19:55:17,879 - DEBUG - Collected collision time for BConcave+gConcave+4100 at IoU 0.7: nan
2025-07-16 19:55:17,879 - DEBUG - Collected collision time for BConcave+gConcave+4100 at IoU 0.75: nan
2025-07-16 19:55:17,880 - DEBUG - Collected collision time for BConcave+gConcave+4100 at IoU 0.8: nan
2025-07-16 19:55:17,880 - DEBUG - Collected collision time for BConcave+gConcave+4100 at IoU 0.85: nan
2025-07-16 19:55:17,881 - DEBUG - Collected collision time for BConcave+gConcave+4100 at IoU 0.9: nan
2025-07-16 19:55:17,881 - DEBUG - Collected collision time for BConcave+gConcave+4100 at IoU 0.95: nan
2025-07-16 19:55:17,882 - DEBUG - Collected collision time for BConcave+gConcave+4300_flipped at IoU 0.05: nan
2025-07-16 19:55:17,882 - DEBUG - Collected collision time for BConcave+gConcave+4300_flipped at IoU 0.1: nan
2025-07-16 19:55:17,883 - DEBUG - Collected collision time for BConcave+gConcave+4300_flipped at IoU 0.15: nan
2025-07-16 19:55:17,883 - DEBUG - Collected collision time for BConcave+gConcave+4300_flipped at IoU 0.2: nan
2025-07-16 19:55:17,883 - DEBUG - Collected collision time for BConcave+gConcave+4300_flipped at IoU 0.25: nan
2025-07-16 19:55:17,884 - DEBUG - Collected collision time for BConcave+gConcave+4300_flipped at IoU 0.3: nan
2025-07-16 19:55:17,884 - DEBUG - Collected collision time for BConcave+gConcave+4300_flipped at IoU 0.35: nan
2025-07-16 19:55:17,884 - DEBUG - Collected collision time for BConcave+gConcave+4300_flipped at IoU 0.4: nan
2025-07-16 19:55:17,885 - DEBUG - Collected collision time for BConcave+gConcave+4300_flipped at IoU 0.45: nan
2025-07-16 19:55:17,885 - DEBUG - Collected collision time for BConcave+gConcave+4300_flipped at IoU 0.5: nan
2025-07-16 19:55:17,886 - DEBUG - Collected collision time for BConcave+gConcave+4300_flipped at IoU 0.55: nan
2025-07-16 19:55:17,886 - DEBUG - Collected collision time for BConcave+gConcave+4300_flipped at IoU 0.6: nan
2025-07-16 19:55:17,886 - DEBUG - Collected collision time for BConcave+gConcave+4300_flipped at IoU 0.65: nan
2025-07-16 19:55:17,887 - DEBUG - Collected collision time for BConcave+gConcave+4300_flipped at IoU 0.7: nan
2025-07-16 19:55:17,887 - DEBUG - Collected collision time for BConcave+gConcave+4300_flipped at IoU 0.75: nan
2025-07-16 19:55:17,887 - DEBUG - Collected collision time for BConcave+gConcave+4300_flipped at IoU 0.8: nan
2025-07-16 19:55:17,888 - DEBUG - Collected collision time for BConcave+gConcave+4300_flipped at IoU 0.85: nan
2025-07-16 19:55:17,888 - DEBUG - Collected collision time for BConcave+gConcave+4300_flipped at IoU 0.9: nan
2025-07-16 19:55:17,888 - DEBUG - Collected collision time for BConcave+gConcave+4300_flipped at IoU 0.95: nan
2025-07-16 19:55:17,889 - DEBUG - Collected collision time for BConcave+gConcave+4500 at IoU 0.05: nan
2025-07-16 19:55:17,889 - DEBUG - Collected collision time for BConcave+gConcave+4500 at IoU 0.1: nan
2025-07-16 19:55:17,889 - DEBUG - Collected collision time for BConcave+gConcave+4500 at IoU 0.15: nan
2025-07-16 19:55:17,890 - DEBUG - Collected collision time for BConcave+gConcave+4500 at IoU 0.2: nan
2025-07-16 19:55:17,890 - DEBUG - Collected collision time for BConcave+gConcave+4500 at IoU 0.25: nan
2025-07-16 19:55:17,890 - DEBUG - Collected collision time for BConcave+gConcave+4500 at IoU 0.3: nan
2025-07-16 19:55:17,891 - DEBUG - Collected collision time for BConcave+gConcave+4500 at IoU 0.35: nan
2025-07-16 19:55:17,891 - DEBUG - Collected collision time for BConcave+gConcave+4500 at IoU 0.4: nan
2025-07-16 19:55:17,891 - DEBUG - Collected collision time for BConcave+gConcave+4500 at IoU 0.45: nan
2025-07-16 19:55:17,892 - DEBUG - Collected collision time for BConcave+gConcave+4500 at IoU 0.5: nan
2025-07-16 19:55:17,892 - DEBUG - Collected collision time for BConcave+gConcave+4500 at IoU 0.55: nan
2025-07-16 19:55:17,893 - DEBUG - Collected collision time for BConcave+gConcave+4500 at IoU 0.6: nan
2025-07-16 19:55:17,893 - DEBUG - Collected collision time for BConcave+gConcave+4500 at IoU 0.65: nan
2025-07-16 19:55:17,893 - DEBUG - Collected collision time for BConcave+gConcave+4500 at IoU 0.7: nan
2025-07-16 19:55:17,894 - DEBUG - Collected collision time for BConcave+gConcave+4500 at IoU 0.75: nan
2025-07-16 19:55:17,894 - DEBUG - Collected collision time for BConcave+gConcave+4500 at IoU 0.8: nan
2025-07-16 19:55:17,894 - DEBUG - Collected collision time for BConcave+gConcave+4500 at IoU 0.85: nan
2025-07-16 19:55:17,895 - DEBUG - Collected collision time for BConcave+gConcave+4500 at IoU 0.9: nan
2025-07-16 19:55:17,895 - DEBUG - Collected collision time for BConcave+gConcave+4500 at IoU 0.95: nan
2025-07-16 19:55:17,896 - DEBUG - Collected collision time for BConcave+gConvex+3500 at IoU 0.05: 3750.0
2025-07-16 19:55:17,896 - DEBUG - Collected collision time for BConcave+gConvex+3500 at IoU 0.1: 4016.6666666666665
2025-07-16 19:55:17,896 - DEBUG - Collected collision time for BConcave+gConvex+3500 at IoU 0.15: 4200.0
2025-07-16 19:55:17,897 - DEBUG - Collected collision time for BConcave+gConvex+3500 at IoU 0.2: nan
2025-07-16 19:55:17,897 - DEBUG - Collected collision time for BConcave+gConvex+3500 at IoU 0.25: nan
2025-07-16 19:55:17,898 - DEBUG - Collected collision time for BConcave+gConvex+3500 at IoU 0.3: nan
2025-07-16 19:55:17,898 - DEBUG - Collected collision time for BConcave+gConvex+3500 at IoU 0.35: nan
2025-07-16 19:55:17,898 - DEBUG - Collected collision time for BConcave+gConvex+3500 at IoU 0.4: nan
2025-07-16 19:55:17,899 - DEBUG - Collected collision time for BConcave+gConvex+3500 at IoU 0.45: nan
2025-07-16 19:55:17,899 - DEBUG - Collected collision time for BConcave+gConvex+3500 at IoU 0.5: nan
2025-07-16 19:55:17,899 - DEBUG - Collected collision time for BConcave+gConvex+3500 at IoU 0.55: nan
2025-07-16 19:55:17,900 - DEBUG - Collected collision time for BConcave+gConvex+3500 at IoU 0.6: nan
2025-07-16 19:55:17,900 - DEBUG - Collected collision time for BConcave+gConvex+3500 at IoU 0.65: nan
2025-07-16 19:55:17,900 - DEBUG - Collected collision time for BConcave+gConvex+3500 at IoU 0.7: nan
2025-07-16 19:55:17,901 - DEBUG - Collected collision time for BConcave+gConvex+3500 at IoU 0.75: nan
2025-07-16 19:55:17,902 - DEBUG - Collected collision time for BConcave+gConvex+3500 at IoU 0.8: nan
2025-07-16 19:55:17,902 - DEBUG - Collected collision time for BConcave+gConvex+3500 at IoU 0.85: nan
2025-07-16 19:55:17,902 - DEBUG - Collected collision time for BConcave+gConvex+3500 at IoU 0.9: nan
2025-07-16 19:55:17,903 - DEBUG - Collected collision time for BConcave+gConvex+3500 at IoU 0.95: nan
2025-07-16 19:55:17,903 - DEBUG - Collected collision time for BConcave+gConvex+3700_flipped at IoU 0.05: 4116.666666666666
2025-07-16 19:55:17,904 - DEBUG - Collected collision time for BConcave+gConvex+3700_flipped at IoU 0.1: nan
2025-07-16 19:55:17,904 - DEBUG - Collected collision time for BConcave+gConvex+3700_flipped at IoU 0.15: nan
2025-07-16 19:55:17,905 - DEBUG - Collected collision time for BConcave+gConvex+3700_flipped at IoU 0.2: nan
2025-07-16 19:55:17,906 - DEBUG - Collected collision time for BConcave+gConvex+3700_flipped at IoU 0.25: nan
2025-07-16 19:55:17,906 - DEBUG - Collected collision time for BConcave+gConvex+3700_flipped at IoU 0.3: nan
2025-07-16 19:55:17,906 - DEBUG - Collected collision time for BConcave+gConvex+3700_flipped at IoU 0.35: nan
2025-07-16 19:55:17,907 - DEBUG - Collected collision time for BConcave+gConvex+3700_flipped at IoU 0.4: nan
2025-07-16 19:55:17,907 - DEBUG - Collected collision time for BConcave+gConvex+3700_flipped at IoU 0.45: nan
2025-07-16 19:55:17,908 - DEBUG - Collected collision time for BConcave+gConvex+3700_flipped at IoU 0.5: nan
2025-07-16 19:55:17,908 - DEBUG - Collected collision time for BConcave+gConvex+3700_flipped at IoU 0.55: nan
2025-07-16 19:55:17,908 - DEBUG - Collected collision time for BConcave+gConvex+3700_flipped at IoU 0.6: nan
2025-07-16 19:55:17,909 - DEBUG - Collected collision time for BConcave+gConvex+3700_flipped at IoU 0.65: nan
2025-07-16 19:55:17,909 - DEBUG - Collected collision time for BConcave+gConvex+3700_flipped at IoU 0.7: nan
2025-07-16 19:55:17,909 - DEBUG - Collected collision time for BConcave+gConvex+3700_flipped at IoU 0.75: nan
2025-07-16 19:55:17,910 - DEBUG - Collected collision time for BConcave+gConvex+3700_flipped at IoU 0.8: nan
2025-07-16 19:55:17,910 - DEBUG - Collected collision time for BConcave+gConvex+3700_flipped at IoU 0.85: nan
2025-07-16 19:55:17,911 - DEBUG - Collected collision time for BConcave+gConvex+3700_flipped at IoU 0.9: nan
2025-07-16 19:55:17,911 - DEBUG - Collected collision time for BConcave+gConvex+3700_flipped at IoU 0.95: nan
2025-07-16 19:55:17,911 - DEBUG - Collected collision time for BConcave+gConvex+3900 at IoU 0.05: 4316.666666666666
2025-07-16 19:55:17,912 - DEBUG - Collected collision time for BConcave+gConvex+3900 at IoU 0.1: 4516.666666666667
2025-07-16 19:55:17,912 - DEBUG - Collected collision time for BConcave+gConvex+3900 at IoU 0.15: nan
2025-07-16 19:55:17,912 - DEBUG - Collected collision time for BConcave+gConvex+3900 at IoU 0.2: nan
2025-07-16 19:55:17,913 - DEBUG - Collected collision time for BConcave+gConvex+3900 at IoU 0.25: nan
2025-07-16 19:55:17,913 - DEBUG - Collected collision time for BConcave+gConvex+3900 at IoU 0.3: nan
2025-07-16 19:55:17,913 - DEBUG - Collected collision time for BConcave+gConvex+3900 at IoU 0.35: nan
2025-07-16 19:55:17,914 - DEBUG - Collected collision time for BConcave+gConvex+3900 at IoU 0.4: nan
2025-07-16 19:55:17,915 - DEBUG - Collected collision time for BConcave+gConvex+3900 at IoU 0.45: nan
2025-07-16 19:55:17,915 - DEBUG - Collected collision time for BConcave+gConvex+3900 at IoU 0.5: nan
2025-07-16 19:55:17,915 - DEBUG - Collected collision time for BConcave+gConvex+3900 at IoU 0.55: nan
2025-07-16 19:55:17,915 - DEBUG - Collected collision time for BConcave+gConvex+3900 at IoU 0.6: nan
2025-07-16 19:55:17,916 - DEBUG - Collected collision time for BConcave+gConvex+3900 at IoU 0.65: nan
2025-07-16 19:55:17,916 - DEBUG - Collected collision time for BConcave+gConvex+3900 at IoU 0.7: nan
2025-07-16 19:55:17,917 - DEBUG - Collected collision time for BConcave+gConvex+3900 at IoU 0.75: nan
2025-07-16 19:55:17,917 - DEBUG - Collected collision time for BConcave+gConvex+3900 at IoU 0.8: nan
2025-07-16 19:55:17,918 - DEBUG - Collected collision time for BConcave+gConvex+3900 at IoU 0.85: nan
2025-07-16 19:55:17,918 - DEBUG - Collected collision time for BConcave+gConvex+3900 at IoU 0.9: nan
2025-07-16 19:55:17,918 - DEBUG - Collected collision time for BConcave+gConvex+3900 at IoU 0.95: nan
2025-07-16 19:55:17,919 - DEBUG - Collected collision time for BConcave+gConvex+4100_flipped at IoU 0.05: nan
2025-07-16 19:55:17,920 - DEBUG - Collected collision time for BConcave+gConvex+4100_flipped at IoU 0.1: nan
2025-07-16 19:55:17,920 - DEBUG - Collected collision time for BConcave+gConvex+4100_flipped at IoU 0.15: nan
2025-07-16 19:55:17,921 - DEBUG - Collected collision time for BConcave+gConvex+4100_flipped at IoU 0.2: nan
2025-07-16 19:55:17,921 - DEBUG - Collected collision time for BConcave+gConvex+4100_flipped at IoU 0.25: nan
2025-07-16 19:55:17,921 - DEBUG - Collected collision time for BConcave+gConvex+4100_flipped at IoU 0.3: nan
2025-07-16 19:55:17,922 - DEBUG - Collected collision time for BConcave+gConvex+4100_flipped at IoU 0.35: nan
2025-07-16 19:55:17,922 - DEBUG - Collected collision time for BConcave+gConvex+4100_flipped at IoU 0.4: nan
2025-07-16 19:55:17,922 - DEBUG - Collected collision time for BConcave+gConvex+4100_flipped at IoU 0.45: nan
2025-07-16 19:55:17,923 - DEBUG - Collected collision time for BConcave+gConvex+4100_flipped at IoU 0.5: nan
2025-07-16 19:55:17,923 - DEBUG - Collected collision time for BConcave+gConvex+4100_flipped at IoU 0.55: nan
2025-07-16 19:55:17,923 - DEBUG - Collected collision time for BConcave+gConvex+4100_flipped at IoU 0.6: nan
2025-07-16 19:55:17,924 - DEBUG - Collected collision time for BConcave+gConvex+4100_flipped at IoU 0.65: nan
2025-07-16 19:55:17,924 - DEBUG - Collected collision time for BConcave+gConvex+4100_flipped at IoU 0.7: nan
2025-07-16 19:55:17,924 - DEBUG - Collected collision time for BConcave+gConvex+4100_flipped at IoU 0.75: nan
2025-07-16 19:55:17,925 - DEBUG - Collected collision time for BConcave+gConvex+4100_flipped at IoU 0.8: nan
2025-07-16 19:55:17,925 - DEBUG - Collected collision time for BConcave+gConvex+4100_flipped at IoU 0.85: nan
2025-07-16 19:55:17,925 - DEBUG - Collected collision time for BConcave+gConvex+4100_flipped at IoU 0.9: nan
2025-07-16 19:55:17,926 - DEBUG - Collected collision time for BConcave+gConvex+4100_flipped at IoU 0.95: nan
2025-07-16 19:55:17,926 - DEBUG - Collected collision time for BConcave+gConvex+4300 at IoU 0.05: 4483.333333333333
2025-07-16 19:55:17,926 - DEBUG - Collected collision time for BConcave+gConvex+4300 at IoU 0.1: 4683.333333333334
2025-07-16 19:55:17,927 - DEBUG - Collected collision time for BConcave+gConvex+4300 at IoU 0.15: 4816.666666666666
2025-07-16 19:55:17,927 - DEBUG - Collected collision time for BConcave+gConvex+4300 at IoU 0.2: nan
2025-07-16 19:55:17,928 - DEBUG - Collected collision time for BConcave+gConvex+4300 at IoU 0.25: nan
2025-07-16 19:55:17,928 - DEBUG - Collected collision time for BConcave+gConvex+4300 at IoU 0.3: nan
2025-07-16 19:55:17,929 - DEBUG - Collected collision time for BConcave+gConvex+4300 at IoU 0.35: nan
2025-07-16 19:55:17,929 - DEBUG - Collected collision time for BConcave+gConvex+4300 at IoU 0.4: nan
2025-07-16 19:55:17,929 - DEBUG - Collected collision time for BConcave+gConvex+4300 at IoU 0.45: nan
2025-07-16 19:55:17,930 - DEBUG - Collected collision time for BConcave+gConvex+4300 at IoU 0.5: nan
2025-07-16 19:55:17,930 - DEBUG - Collected collision time for BConcave+gConvex+4300 at IoU 0.55: nan
2025-07-16 19:55:17,930 - DEBUG - Collected collision time for BConcave+gConvex+4300 at IoU 0.6: nan
2025-07-16 19:55:17,931 - DEBUG - Collected collision time for BConcave+gConvex+4300 at IoU 0.65: nan
2025-07-16 19:55:17,931 - DEBUG - Collected collision time for BConcave+gConvex+4300 at IoU 0.7: nan
2025-07-16 19:55:17,931 - DEBUG - Collected collision time for BConcave+gConvex+4300 at IoU 0.75: nan
2025-07-16 19:55:17,932 - DEBUG - Collected collision time for BConcave+gConvex+4300 at IoU 0.8: nan
2025-07-16 19:55:17,932 - DEBUG - Collected collision time for BConcave+gConvex+4300 at IoU 0.85: nan
2025-07-16 19:55:17,933 - DEBUG - Collected collision time for BConcave+gConvex+4300 at IoU 0.9: nan
2025-07-16 19:55:17,933 - DEBUG - Collected collision time for BConcave+gConvex+4300 at IoU 0.95: nan
2025-07-16 19:55:17,934 - DEBUG - Collected collision time for BConcave+gConvex+4500_flipped at IoU 0.05: 3500.0
2025-07-16 19:55:17,934 - DEBUG - Collected collision time for BConcave+gConvex+4500_flipped at IoU 0.1: 5433.333333333334
2025-07-16 19:55:17,935 - DEBUG - Collected collision time for BConcave+gConvex+4500_flipped at IoU 0.15: nan
2025-07-16 19:55:17,935 - DEBUG - Collected collision time for BConcave+gConvex+4500_flipped at IoU 0.2: nan
2025-07-16 19:55:17,936 - DEBUG - Collected collision time for BConcave+gConvex+4500_flipped at IoU 0.25: nan
2025-07-16 19:55:17,936 - DEBUG - Collected collision time for BConcave+gConvex+4500_flipped at IoU 0.3: nan
2025-07-16 19:55:17,936 - DEBUG - Collected collision time for BConcave+gConvex+4500_flipped at IoU 0.35: nan
2025-07-16 19:55:17,937 - DEBUG - Collected collision time for BConcave+gConvex+4500_flipped at IoU 0.4: nan
2025-07-16 19:55:17,937 - DEBUG - Collected collision time for BConcave+gConvex+4500_flipped at IoU 0.45: nan
2025-07-16 19:55:17,937 - DEBUG - Collected collision time for BConcave+gConvex+4500_flipped at IoU 0.5: nan
2025-07-16 19:55:17,938 - DEBUG - Collected collision time for BConcave+gConvex+4500_flipped at IoU 0.55: nan
2025-07-16 19:55:17,938 - DEBUG - Collected collision time for BConcave+gConvex+4500_flipped at IoU 0.6: nan
2025-07-16 19:55:17,938 - DEBUG - Collected collision time for BConcave+gConvex+4500_flipped at IoU 0.65: nan
2025-07-16 19:55:17,939 - DEBUG - Collected collision time for BConcave+gConvex+4500_flipped at IoU 0.7: nan
2025-07-16 19:55:17,939 - DEBUG - Collected collision time for BConcave+gConvex+4500_flipped at IoU 0.75: nan
2025-07-16 19:55:17,939 - DEBUG - Collected collision time for BConcave+gConvex+4500_flipped at IoU 0.8: nan
2025-07-16 19:55:17,940 - DEBUG - Collected collision time for BConcave+gConvex+4500_flipped at IoU 0.85: nan
2025-07-16 19:55:17,940 - DEBUG - Collected collision time for BConcave+gConvex+4500_flipped at IoU 0.9: nan
2025-07-16 19:55:17,941 - DEBUG - Collected collision time for BConcave+gConvex+4500_flipped at IoU 0.95: nan
2025-07-16 19:55:17,941 - DEBUG - Collected collision time for BConcave+hConcave+3500_flipped at IoU 0.05: 3983.3333333333335
2025-07-16 19:55:17,942 - DEBUG - Collected collision time for BConcave+hConcave+3500_flipped at IoU 0.1: 4066.6666666666665
2025-07-16 19:55:17,942 - DEBUG - Collected collision time for BConcave+hConcave+3500_flipped at IoU 0.15: 4150.0
2025-07-16 19:55:17,943 - DEBUG - Collected collision time for BConcave+hConcave+3500_flipped at IoU 0.2: 4316.666666666666
2025-07-16 19:55:17,943 - DEBUG - Collected collision time for BConcave+hConcave+3500_flipped at IoU 0.25: nan
2025-07-16 19:55:17,944 - DEBUG - Collected collision time for BConcave+hConcave+3500_flipped at IoU 0.3: nan
2025-07-16 19:55:17,944 - DEBUG - Collected collision time for BConcave+hConcave+3500_flipped at IoU 0.35: nan
2025-07-16 19:55:17,944 - DEBUG - Collected collision time for BConcave+hConcave+3500_flipped at IoU 0.4: nan
2025-07-16 19:55:17,945 - DEBUG - Collected collision time for BConcave+hConcave+3500_flipped at IoU 0.45: nan
2025-07-16 19:55:17,945 - DEBUG - Collected collision time for BConcave+hConcave+3500_flipped at IoU 0.5: nan
2025-07-16 19:55:17,945 - DEBUG - Collected collision time for BConcave+hConcave+3500_flipped at IoU 0.55: nan
2025-07-16 19:55:17,946 - DEBUG - Collected collision time for BConcave+hConcave+3500_flipped at IoU 0.6: nan
2025-07-16 19:55:17,946 - DEBUG - Collected collision time for BConcave+hConcave+3500_flipped at IoU 0.65: nan
2025-07-16 19:55:17,947 - DEBUG - Collected collision time for BConcave+hConcave+3500_flipped at IoU 0.7: nan
2025-07-16 19:55:17,947 - DEBUG - Collected collision time for BConcave+hConcave+3500_flipped at IoU 0.75: nan
2025-07-16 19:55:17,947 - DEBUG - Collected collision time for BConcave+hConcave+3500_flipped at IoU 0.8: nan
2025-07-16 19:55:17,948 - DEBUG - Collected collision time for BConcave+hConcave+3500_flipped at IoU 0.85: nan
2025-07-16 19:55:17,948 - DEBUG - Collected collision time for BConcave+hConcave+3500_flipped at IoU 0.9: nan
2025-07-16 19:55:17,948 - DEBUG - Collected collision time for BConcave+hConcave+3500_flipped at IoU 0.95: nan
2025-07-16 19:55:17,949 - DEBUG - Collected collision time for BConcave+hConcave+3700 at IoU 0.05: 4083.333333333333
2025-07-16 19:55:17,949 - DEBUG - Collected collision time for BConcave+hConcave+3700 at IoU 0.1: 4250.0
2025-07-16 19:55:17,950 - DEBUG - Collected collision time for BConcave+hConcave+3700 at IoU 0.15: 4366.666666666666
2025-07-16 19:55:17,950 - DEBUG - Collected collision time for BConcave+hConcave+3700 at IoU 0.2: 4466.666666666667
2025-07-16 19:55:17,951 - DEBUG - Collected collision time for BConcave+hConcave+3700 at IoU 0.25: 4550.0
2025-07-16 19:55:17,951 - DEBUG - Collected collision time for BConcave+hConcave+3700 at IoU 0.3: 4666.666666666667
2025-07-16 19:55:17,952 - DEBUG - Collected collision time for BConcave+hConcave+3700 at IoU 0.35: nan
2025-07-16 19:55:17,953 - DEBUG - Collected collision time for BConcave+hConcave+3700 at IoU 0.4: nan
2025-07-16 19:55:17,953 - DEBUG - Collected collision time for BConcave+hConcave+3700 at IoU 0.45: nan
2025-07-16 19:55:17,954 - DEBUG - Collected collision time for BConcave+hConcave+3700 at IoU 0.5: nan
2025-07-16 19:55:17,954 - DEBUG - Collected collision time for BConcave+hConcave+3700 at IoU 0.55: nan
2025-07-16 19:55:17,955 - DEBUG - Collected collision time for BConcave+hConcave+3700 at IoU 0.6: nan
2025-07-16 19:55:17,955 - DEBUG - Collected collision time for BConcave+hConcave+3700 at IoU 0.65: nan
2025-07-16 19:55:17,955 - DEBUG - Collected collision time for BConcave+hConcave+3700 at IoU 0.7: nan
2025-07-16 19:55:17,955 - DEBUG - Collected collision time for BConcave+hConcave+3700 at IoU 0.75: nan
2025-07-16 19:55:17,956 - DEBUG - Collected collision time for BConcave+hConcave+3700 at IoU 0.8: nan
2025-07-16 19:55:17,956 - DEBUG - Collected collision time for BConcave+hConcave+3700 at IoU 0.85: nan
2025-07-16 19:55:17,956 - DEBUG - Collected collision time for BConcave+hConcave+3700 at IoU 0.9: nan
2025-07-16 19:55:17,957 - DEBUG - Collected collision time for BConcave+hConcave+3700 at IoU 0.95: nan
2025-07-16 19:55:17,957 - DEBUG - Collected collision time for BConcave+hConcave+3900_flipped at IoU 0.05: 4250.0
2025-07-16 19:55:17,958 - DEBUG - Collected collision time for BConcave+hConcave+3900_flipped at IoU 0.1: 4383.333333333334
2025-07-16 19:55:17,958 - DEBUG - Collected collision time for BConcave+hConcave+3900_flipped at IoU 0.15: 4466.666666666667
2025-07-16 19:55:17,958 - DEBUG - Collected collision time for BConcave+hConcave+3900_flipped at IoU 0.2: 4550.0
2025-07-16 19:55:17,959 - DEBUG - Collected collision time for BConcave+hConcave+3900_flipped at IoU 0.25: 4633.333333333334
2025-07-16 19:55:17,959 - DEBUG - Collected collision time for BConcave+hConcave+3900_flipped at IoU 0.3: 4816.666666666666
2025-07-16 19:55:17,959 - DEBUG - Collected collision time for BConcave+hConcave+3900_flipped at IoU 0.35: nan
2025-07-16 19:55:17,960 - DEBUG - Collected collision time for BConcave+hConcave+3900_flipped at IoU 0.4: nan
2025-07-16 19:55:17,960 - DEBUG - Collected collision time for BConcave+hConcave+3900_flipped at IoU 0.45: nan
2025-07-16 19:55:17,961 - DEBUG - Collected collision time for BConcave+hConcave+3900_flipped at IoU 0.5: nan
2025-07-16 19:55:17,961 - DEBUG - Collected collision time for BConcave+hConcave+3900_flipped at IoU 0.55: nan
2025-07-16 19:55:17,961 - DEBUG - Collected collision time for BConcave+hConcave+3900_flipped at IoU 0.6: nan
2025-07-16 19:55:17,962 - DEBUG - Collected collision time for BConcave+hConcave+3900_flipped at IoU 0.65: nan
2025-07-16 19:55:17,962 - DEBUG - Collected collision time for BConcave+hConcave+3900_flipped at IoU 0.7: nan
2025-07-16 19:55:17,962 - DEBUG - Collected collision time for BConcave+hConcave+3900_flipped at IoU 0.75: nan
2025-07-16 19:55:17,963 - DEBUG - Collected collision time for BConcave+hConcave+3900_flipped at IoU 0.8: nan
2025-07-16 19:55:17,963 - DEBUG - Collected collision time for BConcave+hConcave+3900_flipped at IoU 0.85: nan
2025-07-16 19:55:17,963 - DEBUG - Collected collision time for BConcave+hConcave+3900_flipped at IoU 0.9: nan
2025-07-16 19:55:17,964 - DEBUG - Collected collision time for BConcave+hConcave+3900_flipped at IoU 0.95: nan
2025-07-16 19:55:17,965 - DEBUG - Collected collision time for BConcave+hConcave+4100 at IoU 0.05: nan
2025-07-16 19:55:17,965 - DEBUG - Collected collision time for BConcave+hConcave+4100 at IoU 0.1: nan
2025-07-16 19:55:17,965 - DEBUG - Collected collision time for BConcave+hConcave+4100 at IoU 0.15: nan
2025-07-16 19:55:17,965 - DEBUG - Collected collision time for BConcave+hConcave+4100 at IoU 0.2: nan
2025-07-16 19:55:17,966 - DEBUG - Collected collision time for BConcave+hConcave+4100 at IoU 0.25: nan
2025-07-16 19:55:17,966 - DEBUG - Collected collision time for BConcave+hConcave+4100 at IoU 0.3: nan
2025-07-16 19:55:17,967 - DEBUG - Collected collision time for BConcave+hConcave+4100 at IoU 0.35: nan
2025-07-16 19:55:17,967 - DEBUG - Collected collision time for BConcave+hConcave+4100 at IoU 0.4: nan
2025-07-16 19:55:17,967 - DEBUG - Collected collision time for BConcave+hConcave+4100 at IoU 0.45: nan
2025-07-16 19:55:17,968 - DEBUG - Collected collision time for BConcave+hConcave+4100 at IoU 0.5: nan
2025-07-16 19:55:17,968 - DEBUG - Collected collision time for BConcave+hConcave+4100 at IoU 0.55: nan
2025-07-16 19:55:17,968 - DEBUG - Collected collision time for BConcave+hConcave+4100 at IoU 0.6: nan
2025-07-16 19:55:17,969 - DEBUG - Collected collision time for BConcave+hConcave+4100 at IoU 0.65: nan
2025-07-16 19:55:17,969 - DEBUG - Collected collision time for BConcave+hConcave+4100 at IoU 0.7: nan
2025-07-16 19:55:17,969 - DEBUG - Collected collision time for BConcave+hConcave+4100 at IoU 0.75: nan
2025-07-16 19:55:17,970 - DEBUG - Collected collision time for BConcave+hConcave+4100 at IoU 0.8: nan
2025-07-16 19:55:17,970 - DEBUG - Collected collision time for BConcave+hConcave+4100 at IoU 0.85: nan
2025-07-16 19:55:17,970 - DEBUG - Collected collision time for BConcave+hConcave+4100 at IoU 0.9: nan
2025-07-16 19:55:17,971 - DEBUG - Collected collision time for BConcave+hConcave+4100 at IoU 0.95: nan
2025-07-16 19:55:17,971 - DEBUG - Collected collision time for BConcave+hConcave+4300_flipped at IoU 0.05: 4783.333333333333
2025-07-16 19:55:17,971 - DEBUG - Collected collision time for BConcave+hConcave+4300_flipped at IoU 0.1: 4916.666666666667
2025-07-16 19:55:17,972 - DEBUG - Collected collision time for BConcave+hConcave+4300_flipped at IoU 0.15: 5050.0
2025-07-16 19:55:17,972 - DEBUG - Collected collision time for BConcave+hConcave+4300_flipped at IoU 0.2: nan
2025-07-16 19:55:17,972 - DEBUG - Collected collision time for BConcave+hConcave+4300_flipped at IoU 0.25: nan
2025-07-16 19:55:17,973 - DEBUG - Collected collision time for BConcave+hConcave+4300_flipped at IoU 0.3: nan
2025-07-16 19:55:17,973 - DEBUG - Collected collision time for BConcave+hConcave+4300_flipped at IoU 0.35: nan
2025-07-16 19:55:17,974 - DEBUG - Collected collision time for BConcave+hConcave+4300_flipped at IoU 0.4: nan
2025-07-16 19:55:17,974 - DEBUG - Collected collision time for BConcave+hConcave+4300_flipped at IoU 0.45: nan
2025-07-16 19:55:17,974 - DEBUG - Collected collision time for BConcave+hConcave+4300_flipped at IoU 0.5: nan
2025-07-16 19:55:17,975 - DEBUG - Collected collision time for BConcave+hConcave+4300_flipped at IoU 0.55: nan
2025-07-16 19:55:17,975 - DEBUG - Collected collision time for BConcave+hConcave+4300_flipped at IoU 0.6: nan
2025-07-16 19:55:17,975 - DEBUG - Collected collision time for BConcave+hConcave+4300_flipped at IoU 0.65: nan
2025-07-16 19:55:17,976 - DEBUG - Collected collision time for BConcave+hConcave+4300_flipped at IoU 0.7: nan
2025-07-16 19:55:17,976 - DEBUG - Collected collision time for BConcave+hConcave+4300_flipped at IoU 0.75: nan
2025-07-16 19:55:17,976 - DEBUG - Collected collision time for BConcave+hConcave+4300_flipped at IoU 0.8: nan
2025-07-16 19:55:17,977 - DEBUG - Collected collision time for BConcave+hConcave+4300_flipped at IoU 0.85: nan
2025-07-16 19:55:17,977 - DEBUG - Collected collision time for BConcave+hConcave+4300_flipped at IoU 0.9: nan
2025-07-16 19:55:17,977 - DEBUG - Collected collision time for BConcave+hConcave+4300_flipped at IoU 0.95: nan
2025-07-16 19:55:17,978 - DEBUG - Collected collision time for BConcave+hConcave+4500 at IoU 0.05: nan
2025-07-16 19:55:17,978 - DEBUG - Collected collision time for BConcave+hConcave+4500 at IoU 0.1: nan
2025-07-16 19:55:17,979 - DEBUG - Collected collision time for BConcave+hConcave+4500 at IoU 0.15: nan
2025-07-16 19:55:17,979 - DEBUG - Collected collision time for BConcave+hConcave+4500 at IoU 0.2: nan
2025-07-16 19:55:17,979 - DEBUG - Collected collision time for BConcave+hConcave+4500 at IoU 0.25: nan
2025-07-16 19:55:17,980 - DEBUG - Collected collision time for BConcave+hConcave+4500 at IoU 0.3: nan
2025-07-16 19:55:17,980 - DEBUG - Collected collision time for BConcave+hConcave+4500 at IoU 0.35: nan
2025-07-16 19:55:17,980 - DEBUG - Collected collision time for BConcave+hConcave+4500 at IoU 0.4: nan
2025-07-16 19:55:17,981 - DEBUG - Collected collision time for BConcave+hConcave+4500 at IoU 0.45: nan
2025-07-16 19:55:17,981 - DEBUG - Collected collision time for BConcave+hConcave+4500 at IoU 0.5: nan
2025-07-16 19:55:17,982 - DEBUG - Collected collision time for BConcave+hConcave+4500 at IoU 0.55: nan
2025-07-16 19:55:17,982 - DEBUG - Collected collision time for BConcave+hConcave+4500 at IoU 0.6: nan
2025-07-16 19:55:17,983 - DEBUG - Collected collision time for BConcave+hConcave+4500 at IoU 0.65: nan
2025-07-16 19:55:17,984 - DEBUG - Collected collision time for BConcave+hConcave+4500 at IoU 0.7: nan
2025-07-16 19:55:17,984 - DEBUG - Collected collision time for BConcave+hConcave+4500 at IoU 0.75: nan
2025-07-16 19:55:17,985 - DEBUG - Collected collision time for BConcave+hConcave+4500 at IoU 0.8: nan
2025-07-16 19:55:17,985 - DEBUG - Collected collision time for BConcave+hConcave+4500 at IoU 0.85: nan
2025-07-16 19:55:17,986 - DEBUG - Collected collision time for BConcave+hConcave+4500 at IoU 0.9: nan
2025-07-16 19:55:17,987 - DEBUG - Collected collision time for BConcave+hConcave+4500 at IoU 0.95: nan
2025-07-16 19:55:17,987 - DEBUG - Collected collision time for BConcave+hConvex+3500 at IoU 0.05: 4250.0
2025-07-16 19:55:17,988 - DEBUG - Collected collision time for BConcave+hConvex+3500 at IoU 0.1: 4400.0
2025-07-16 19:55:17,988 - DEBUG - Collected collision time for BConcave+hConvex+3500 at IoU 0.15: 4516.666666666667
2025-07-16 19:55:17,989 - DEBUG - Collected collision time for BConcave+hConvex+3500 at IoU 0.2: 4600.0
2025-07-16 19:55:17,990 - DEBUG - Collected collision time for BConcave+hConvex+3500 at IoU 0.25: nan
2025-07-16 19:55:17,990 - DEBUG - Collected collision time for BConcave+hConvex+3500 at IoU 0.3: nan
2025-07-16 19:55:17,991 - DEBUG - Collected collision time for BConcave+hConvex+3500 at IoU 0.35: nan
2025-07-16 19:55:17,991 - DEBUG - Collected collision time for BConcave+hConvex+3500 at IoU 0.4: nan
2025-07-16 19:55:17,992 - DEBUG - Collected collision time for BConcave+hConvex+3500 at IoU 0.45: nan
2025-07-16 19:55:17,992 - DEBUG - Collected collision time for BConcave+hConvex+3500 at IoU 0.5: nan
2025-07-16 19:55:17,993 - DEBUG - Collected collision time for BConcave+hConvex+3500 at IoU 0.55: nan
2025-07-16 19:55:17,993 - DEBUG - Collected collision time for BConcave+hConvex+3500 at IoU 0.6: nan
2025-07-16 19:55:17,994 - DEBUG - Collected collision time for BConcave+hConvex+3500 at IoU 0.65: nan
2025-07-16 19:55:17,995 - DEBUG - Collected collision time for BConcave+hConvex+3500 at IoU 0.7: nan
2025-07-16 19:55:17,995 - DEBUG - Collected collision time for BConcave+hConvex+3500 at IoU 0.75: nan
2025-07-16 19:55:17,996 - DEBUG - Collected collision time for BConcave+hConvex+3500 at IoU 0.8: nan
2025-07-16 19:55:17,996 - DEBUG - Collected collision time for BConcave+hConvex+3500 at IoU 0.85: nan
2025-07-16 19:55:17,997 - DEBUG - Collected collision time for BConcave+hConvex+3500 at IoU 0.9: nan
2025-07-16 19:55:17,997 - DEBUG - Collected collision time for BConcave+hConvex+3500 at IoU 0.95: nan
2025-07-16 19:55:17,998 - DEBUG - Collected collision time for BConcave+hConvex+3700_flipped at IoU 0.05: 4133.333333333334
2025-07-16 19:55:17,998 - DEBUG - Collected collision time for BConcave+hConvex+3700_flipped at IoU 0.1: 4416.666666666667
2025-07-16 19:55:17,999 - DEBUG - Collected collision time for BConcave+hConvex+3700_flipped at IoU 0.15: 4616.666666666666
2025-07-16 19:55:17,999 - DEBUG - Collected collision time for BConcave+hConvex+3700_flipped at IoU 0.2: 4766.666666666667
2025-07-16 19:55:17,999 - DEBUG - Collected collision time for BConcave+hConvex+3700_flipped at IoU 0.25: 4916.666666666667
2025-07-16 19:55:18,000 - DEBUG - Collected collision time for BConcave+hConvex+3700_flipped at IoU 0.3: nan
2025-07-16 19:55:18,001 - DEBUG - Collected collision time for BConcave+hConvex+3700_flipped at IoU 0.35: nan
2025-07-16 19:55:18,001 - DEBUG - Collected collision time for BConcave+hConvex+3700_flipped at IoU 0.4: nan
2025-07-16 19:55:18,002 - DEBUG - Collected collision time for BConcave+hConvex+3700_flipped at IoU 0.45: nan
2025-07-16 19:55:18,002 - DEBUG - Collected collision time for BConcave+hConvex+3700_flipped at IoU 0.5: nan
2025-07-16 19:55:18,003 - DEBUG - Collected collision time for BConcave+hConvex+3700_flipped at IoU 0.55: nan
2025-07-16 19:55:18,003 - DEBUG - Collected collision time for BConcave+hConvex+3700_flipped at IoU 0.6: nan
2025-07-16 19:55:18,004 - DEBUG - Collected collision time for BConcave+hConvex+3700_flipped at IoU 0.65: nan
2025-07-16 19:55:18,004 - DEBUG - Collected collision time for BConcave+hConvex+3700_flipped at IoU 0.7: nan
2025-07-16 19:55:18,005 - DEBUG - Collected collision time for BConcave+hConvex+3700_flipped at IoU 0.75: nan
2025-07-16 19:55:18,005 - DEBUG - Collected collision time for BConcave+hConvex+3700_flipped at IoU 0.8: nan
2025-07-16 19:55:18,006 - DEBUG - Collected collision time for BConcave+hConvex+3700_flipped at IoU 0.85: nan
2025-07-16 19:55:18,007 - DEBUG - Collected collision time for BConcave+hConvex+3700_flipped at IoU 0.9: nan
2025-07-16 19:55:18,007 - DEBUG - Collected collision time for BConcave+hConvex+3700_flipped at IoU 0.95: nan
2025-07-16 19:55:18,008 - DEBUG - Collected collision time for BConcave+hConvex+3900 at IoU 0.05: 4433.333333333334
2025-07-16 19:55:18,008 - DEBUG - Collected collision time for BConcave+hConvex+3900 at IoU 0.1: 4733.333333333333
2025-07-16 19:55:18,009 - DEBUG - Collected collision time for BConcave+hConvex+3900 at IoU 0.15: 4900.0
2025-07-16 19:55:18,009 - DEBUG - Collected collision time for BConcave+hConvex+3900 at IoU 0.2: 5116.666666666666
2025-07-16 19:55:18,010 - DEBUG - Collected collision time for BConcave+hConvex+3900 at IoU 0.25: nan
2025-07-16 19:55:18,010 - DEBUG - Collected collision time for BConcave+hConvex+3900 at IoU 0.3: nan
2025-07-16 19:55:18,010 - DEBUG - Collected collision time for BConcave+hConvex+3900 at IoU 0.35: nan
2025-07-16 19:55:18,011 - DEBUG - Collected collision time for BConcave+hConvex+3900 at IoU 0.4: nan
2025-07-16 19:55:18,011 - DEBUG - Collected collision time for BConcave+hConvex+3900 at IoU 0.45: nan
2025-07-16 19:55:18,012 - DEBUG - Collected collision time for BConcave+hConvex+3900 at IoU 0.5: nan
2025-07-16 19:55:18,012 - DEBUG - Collected collision time for BConcave+hConvex+3900 at IoU 0.55: nan
2025-07-16 19:55:18,013 - DEBUG - Collected collision time for BConcave+hConvex+3900 at IoU 0.6: nan
2025-07-16 19:55:18,013 - DEBUG - Collected collision time for BConcave+hConvex+3900 at IoU 0.65: nan
2025-07-16 19:55:18,014 - DEBUG - Collected collision time for BConcave+hConvex+3900 at IoU 0.7: nan
2025-07-16 19:55:18,014 - DEBUG - Collected collision time for BConcave+hConvex+3900 at IoU 0.75: nan
2025-07-16 19:55:18,015 - DEBUG - Collected collision time for BConcave+hConvex+3900 at IoU 0.8: nan
2025-07-16 19:55:18,016 - DEBUG - Collected collision time for BConcave+hConvex+3900 at IoU 0.85: nan
2025-07-16 19:55:18,016 - DEBUG - Collected collision time for BConcave+hConvex+3900 at IoU 0.9: nan
2025-07-16 19:55:18,017 - DEBUG - Collected collision time for BConcave+hConvex+3900 at IoU 0.95: nan
2025-07-16 19:55:18,017 - DEBUG - Collected collision time for BConcave+hConvex+4100_flipped at IoU 0.05: 4650.0
2025-07-16 19:55:18,018 - DEBUG - Collected collision time for BConcave+hConvex+4100_flipped at IoU 0.1: 4833.333333333333
2025-07-16 19:55:18,018 - DEBUG - Collected collision time for BConcave+hConvex+4100_flipped at IoU 0.15: 5000.0
2025-07-16 19:55:18,019 - DEBUG - Collected collision time for BConcave+hConvex+4100_flipped at IoU 0.2: 5183.333333333334
2025-07-16 19:55:18,019 - DEBUG - Collected collision time for BConcave+hConvex+4100_flipped at IoU 0.25: 5383.333333333334
2025-07-16 19:55:18,019 - DEBUG - Collected collision time for BConcave+hConvex+4100_flipped at IoU 0.3: nan
2025-07-16 19:55:18,020 - DEBUG - Collected collision time for BConcave+hConvex+4100_flipped at IoU 0.35: nan
2025-07-16 19:55:18,020 - DEBUG - Collected collision time for BConcave+hConvex+4100_flipped at IoU 0.4: nan
2025-07-16 19:55:18,021 - DEBUG - Collected collision time for BConcave+hConvex+4100_flipped at IoU 0.45: nan
2025-07-16 19:55:18,021 - DEBUG - Collected collision time for BConcave+hConvex+4100_flipped at IoU 0.5: nan
2025-07-16 19:55:18,022 - DEBUG - Collected collision time for BConcave+hConvex+4100_flipped at IoU 0.55: nan
2025-07-16 19:55:18,022 - DEBUG - Collected collision time for BConcave+hConvex+4100_flipped at IoU 0.6: nan
2025-07-16 19:55:18,023 - DEBUG - Collected collision time for BConcave+hConvex+4100_flipped at IoU 0.65: nan
2025-07-16 19:55:18,023 - DEBUG - Collected collision time for BConcave+hConvex+4100_flipped at IoU 0.7: nan
2025-07-16 19:55:18,023 - DEBUG - Collected collision time for BConcave+hConvex+4100_flipped at IoU 0.75: nan
2025-07-16 19:55:18,024 - DEBUG - Collected collision time for BConcave+hConvex+4100_flipped at IoU 0.8: nan
2025-07-16 19:55:18,024 - DEBUG - Collected collision time for BConcave+hConvex+4100_flipped at IoU 0.85: nan
2025-07-16 19:55:18,025 - DEBUG - Collected collision time for BConcave+hConvex+4100_flipped at IoU 0.9: nan
2025-07-16 19:55:18,025 - DEBUG - Collected collision time for BConcave+hConvex+4100_flipped at IoU 0.95: nan
2025-07-16 19:55:18,026 - DEBUG - Collected collision time for BConcave+hConvex+4300 at IoU 0.05: nan
2025-07-16 19:55:18,027 - DEBUG - Collected collision time for BConcave+hConvex+4300 at IoU 0.1: nan
2025-07-16 19:55:18,027 - DEBUG - Collected collision time for BConcave+hConvex+4300 at IoU 0.15: nan
2025-07-16 19:55:18,028 - DEBUG - Collected collision time for BConcave+hConvex+4300 at IoU 0.2: nan
2025-07-16 19:55:18,028 - DEBUG - Collected collision time for BConcave+hConvex+4300 at IoU 0.25: nan
2025-07-16 19:55:18,029 - DEBUG - Collected collision time for BConcave+hConvex+4300 at IoU 0.3: nan
2025-07-16 19:55:18,029 - DEBUG - Collected collision time for BConcave+hConvex+4300 at IoU 0.35: nan
2025-07-16 19:55:18,030 - DEBUG - Collected collision time for BConcave+hConvex+4300 at IoU 0.4: nan
2025-07-16 19:55:18,030 - DEBUG - Collected collision time for BConcave+hConvex+4300 at IoU 0.45: nan
2025-07-16 19:55:18,031 - DEBUG - Collected collision time for BConcave+hConvex+4300 at IoU 0.5: nan
2025-07-16 19:55:18,031 - DEBUG - Collected collision time for BConcave+hConvex+4300 at IoU 0.55: nan
2025-07-16 19:55:18,031 - DEBUG - Collected collision time for BConcave+hConvex+4300 at IoU 0.6: nan
2025-07-16 19:55:18,032 - DEBUG - Collected collision time for BConcave+hConvex+4300 at IoU 0.65: nan
2025-07-16 19:55:18,032 - DEBUG - Collected collision time for BConcave+hConvex+4300 at IoU 0.7: nan
2025-07-16 19:55:18,033 - DEBUG - Collected collision time for BConcave+hConvex+4300 at IoU 0.75: nan
2025-07-16 19:55:18,033 - DEBUG - Collected collision time for BConcave+hConvex+4300 at IoU 0.8: nan
2025-07-16 19:55:18,034 - DEBUG - Collected collision time for BConcave+hConvex+4300 at IoU 0.85: nan
2025-07-16 19:55:18,034 - DEBUG - Collected collision time for BConcave+hConvex+4300 at IoU 0.9: nan
2025-07-16 19:55:18,035 - DEBUG - Collected collision time for BConcave+hConvex+4300 at IoU 0.95: nan
2025-07-16 19:55:18,035 - DEBUG - Collected collision time for BConcave+hConvex+4500_flipped at IoU 0.05: 5000.0
2025-07-16 19:55:18,036 - DEBUG - Collected collision time for BConcave+hConvex+4500_flipped at IoU 0.1: 5183.333333333334
2025-07-16 19:55:18,036 - DEBUG - Collected collision time for BConcave+hConvex+4500_flipped at IoU 0.15: 5366.666666666666
2025-07-16 19:55:18,036 - DEBUG - Collected collision time for BConcave+hConvex+4500_flipped at IoU 0.2: nan
2025-07-16 19:55:18,037 - DEBUG - Collected collision time for BConcave+hConvex+4500_flipped at IoU 0.25: nan
2025-07-16 19:55:18,038 - DEBUG - Collected collision time for BConcave+hConvex+4500_flipped at IoU 0.3: nan
2025-07-16 19:55:18,038 - DEBUG - Collected collision time for BConcave+hConvex+4500_flipped at IoU 0.35: nan
2025-07-16 19:55:18,039 - DEBUG - Collected collision time for BConcave+hConvex+4500_flipped at IoU 0.4: nan
2025-07-16 19:55:18,039 - DEBUG - Collected collision time for BConcave+hConvex+4500_flipped at IoU 0.45: nan
2025-07-16 19:55:18,039 - DEBUG - Collected collision time for BConcave+hConvex+4500_flipped at IoU 0.5: nan
2025-07-16 19:55:18,040 - DEBUG - Collected collision time for BConcave+hConvex+4500_flipped at IoU 0.55: nan
2025-07-16 19:55:18,040 - DEBUG - Collected collision time for BConcave+hConvex+4500_flipped at IoU 0.6: nan
2025-07-16 19:55:18,041 - DEBUG - Collected collision time for BConcave+hConvex+4500_flipped at IoU 0.65: nan
2025-07-16 19:55:18,041 - DEBUG - Collected collision time for BConcave+hConvex+4500_flipped at IoU 0.7: nan
2025-07-16 19:55:18,042 - DEBUG - Collected collision time for BConcave+hConvex+4500_flipped at IoU 0.75: nan
2025-07-16 19:55:18,042 - DEBUG - Collected collision time for BConcave+hConvex+4500_flipped at IoU 0.8: nan
2025-07-16 19:55:18,043 - DEBUG - Collected collision time for BConcave+hConvex+4500_flipped at IoU 0.85: nan
2025-07-16 19:55:18,043 - DEBUG - Collected collision time for BConcave+hConvex+4500_flipped at IoU 0.9: nan
2025-07-16 19:55:18,044 - DEBUG - Collected collision time for BConcave+hConvex+4500_flipped at IoU 0.95: nan
2025-07-16 19:55:18,044 - DEBUG - Collected collision time for squareA+squareP+4433+L at IoU 0.05: 4566.666666666666
2025-07-16 19:55:18,044 - DEBUG - Collected collision time for squareA+squareP+4433+L at IoU 0.1: 4616.666666666666
2025-07-16 19:55:18,045 - DEBUG - Collected collision time for squareA+squareP+4433+L at IoU 0.15: 4733.333333333333
2025-07-16 19:55:18,045 - DEBUG - Collected collision time for squareA+squareP+4433+L at IoU 0.2: 4766.666666666667
2025-07-16 19:55:18,046 - DEBUG - Collected collision time for squareA+squareP+4433+L at IoU 0.25: 4833.333333333333
2025-07-16 19:55:18,046 - DEBUG - Collected collision time for squareA+squareP+4433+L at IoU 0.3: 4866.666666666666
2025-07-16 19:55:18,046 - DEBUG - Collected collision time for squareA+squareP+4433+L at IoU 0.35: 4950.0
2025-07-16 19:55:18,047 - DEBUG - Collected collision time for squareA+squareP+4433+L at IoU 0.4: 5033.333333333333
2025-07-16 19:55:18,047 - DEBUG - Collected collision time for squareA+squareP+4433+L at IoU 0.45: 5050.0
2025-07-16 19:55:18,047 - DEBUG - Collected collision time for squareA+squareP+4433+L at IoU 0.5: 5116.666666666666
2025-07-16 19:55:18,048 - DEBUG - Collected collision time for squareA+squareP+4433+L at IoU 0.55: 5133.333333333334
2025-07-16 19:55:18,048 - DEBUG - Collected collision time for squareA+squareP+4433+L at IoU 0.6: 5216.666666666667
2025-07-16 19:55:18,049 - DEBUG - Collected collision time for squareA+squareP+4433+L at IoU 0.65: 5216.666666666667
2025-07-16 19:55:18,049 - DEBUG - Collected collision time for squareA+squareP+4433+L at IoU 0.7: 5233.333333333333
2025-07-16 19:55:18,050 - DEBUG - Collected collision time for squareA+squareP+4433+L at IoU 0.75: 5283.333333333333
2025-07-16 19:55:18,050 - DEBUG - Collected collision time for squareA+squareP+4433+L at IoU 0.8: nan
2025-07-16 19:55:18,051 - DEBUG - Collected collision time for squareA+squareP+4433+L at IoU 0.85: nan
2025-07-16 19:55:18,051 - DEBUG - Collected collision time for squareA+squareP+4433+L at IoU 0.9: nan
2025-07-16 19:55:18,051 - DEBUG - Collected collision time for squareA+squareP+4433+L at IoU 0.95: nan
2025-07-16 19:55:18,052 - DEBUG - Collected collision time for squareA+squareP+4433+R_flipped at IoU 0.05: nan
2025-07-16 19:55:18,052 - DEBUG - Collected collision time for squareA+squareP+4433+R_flipped at IoU 0.1: nan
2025-07-16 19:55:18,053 - DEBUG - Collected collision time for squareA+squareP+4433+R_flipped at IoU 0.15: nan
2025-07-16 19:55:18,053 - DEBUG - Collected collision time for squareA+squareP+4433+R_flipped at IoU 0.2: nan
2025-07-16 19:55:18,054 - DEBUG - Collected collision time for squareA+squareP+4433+R_flipped at IoU 0.25: nan
2025-07-16 19:55:18,054 - DEBUG - Collected collision time for squareA+squareP+4433+R_flipped at IoU 0.3: nan
2025-07-16 19:55:18,055 - DEBUG - Collected collision time for squareA+squareP+4433+R_flipped at IoU 0.35: nan
2025-07-16 19:55:18,055 - DEBUG - Collected collision time for squareA+squareP+4433+R_flipped at IoU 0.4: nan
2025-07-16 19:55:18,055 - DEBUG - Collected collision time for squareA+squareP+4433+R_flipped at IoU 0.45: nan
2025-07-16 19:55:18,056 - DEBUG - Collected collision time for squareA+squareP+4433+R_flipped at IoU 0.5: nan
2025-07-16 19:55:18,056 - DEBUG - Collected collision time for squareA+squareP+4433+R_flipped at IoU 0.55: nan
2025-07-16 19:55:18,056 - DEBUG - Collected collision time for squareA+squareP+4433+R_flipped at IoU 0.6: nan
2025-07-16 19:55:18,057 - DEBUG - Collected collision time for squareA+squareP+4433+R_flipped at IoU 0.65: nan
2025-07-16 19:55:18,057 - DEBUG - Collected collision time for squareA+squareP+4433+R_flipped at IoU 0.7: nan
2025-07-16 19:55:18,057 - DEBUG - Collected collision time for squareA+squareP+4433+R_flipped at IoU 0.75: nan
2025-07-16 19:55:18,058 - DEBUG - Collected collision time for squareA+squareP+4433+R_flipped at IoU 0.8: nan
2025-07-16 19:55:18,058 - DEBUG - Collected collision time for squareA+squareP+4433+R_flipped at IoU 0.85: nan
2025-07-16 19:55:18,059 - DEBUG - Collected collision time for squareA+squareP+4433+R_flipped at IoU 0.9: nan
2025-07-16 19:55:18,059 - DEBUG - Collected collision time for squareA+squareP+4433+R_flipped at IoU 0.95: nan
2025-07-16 19:55:18,060 - INFO - Collected collision data for 99 videos
2025-07-16 19:55:18,060 - INFO - Analyzing participant correlations...
2025-07-16 19:57:11,492 - INFO - Convex vs Concave analysis completed for IoU 0.05
2025-07-16 19:58:08,160 - INFO - Convex vs Concave analysis completed for IoU 0.1
2025-07-16 19:59:06,144 - INFO - Convex vs Concave analysis completed for IoU 0.15
2025-07-16 20:00:01,764 - INFO - Convex vs Concave analysis completed for IoU 0.2
2025-07-16 20:00:53,540 - INFO - Convex vs Concave analysis completed for IoU 0.25
