{
    "test_gqa_loss": 1415.1381684124167,
    "test_gqa_loss_answer_attr": 1.0228087616148334,
    "test_gqa_loss_answer_cat": 1.3503384812935424,
    "test_gqa_loss_answer_global": 0.151795133572377,
    "test_gqa_loss_answer_obj": 0.15897032518108284,
    "test_gqa_loss_answer_rel": 2.4848356051039575,
    "test_gqa_loss_answer_type": 0.0007791623359539445,
    "test_gqa_loss_bbox": 0.0,
    "test_gqa_loss_bbox_0": 0.0,
    "test_gqa_loss_bbox_1": 0.0,
    "test_gqa_loss_bbox_2": 0.0,
    "test_gqa_loss_bbox_3": 0.0,
    "test_gqa_loss_bbox_4": 0.0,
    "test_gqa_loss_ce": 9.328162507962455,
    "test_gqa_loss_ce_0": 582.0200935789776,
    "test_gqa_loss_ce_1": 399.67704734221326,
    "test_gqa_loss_ce_2": 55.39948285291643,
    "test_gqa_loss_ce_3": 73.15388705645721,
    "test_gqa_loss_ce_4": 290.3899685622472,
    "test_gqa_loss_giou": 0.0,
    "test_gqa_loss_giou_0": 0.0,
    "test_gqa_loss_giou_1": 0.0,
    "test_gqa_loss_giou_2": 0.0,
    "test_gqa_loss_giou_3": 0.0,
    "test_gqa_loss_giou_4": 0.0,
    "test_gqa_accuracy_answer_attr_unscaled": 0.646895401822734,
    "test_gqa_accuracy_answer_cat_unscaled": 0.7191412863392516,
    "test_gqa_accuracy_answer_global_unscaled": 0.9555837563451777,
    "test_gqa_accuracy_answer_obj_unscaled": 0.9355964470030692,
    "test_gqa_accuracy_answer_rel_unscaled": 0.4699465254993003,
    "test_gqa_accuracy_answer_total_unscaled": 0.5557741117356393,
    "test_gqa_accuracy_answer_type_unscaled": 0.9999206852791879,
    "test_gqa_cardinality_error_unscaled": 2.150412436669248,
    "test_gqa_cardinality_error_0_unscaled": 93.83623097995816,
    "test_gqa_cardinality_error_1_unscaled": 99.99992068527919,
    "test_gqa_cardinality_error_2_unscaled": 19.580948606965507,
    "test_gqa_cardinality_error_3_unscaled": 29.16251586294416,
    "test_gqa_cardinality_error_4_unscaled": 70.49349617352945,
    "test_gqa_loss_answer_attr_unscaled": 1.0228087616148334,
    "test_gqa_loss_answer_cat_unscaled": 1.3503384812935424,
    "test_gqa_loss_answer_global_unscaled": 0.151795133572377,
    "test_gqa_loss_answer_obj_unscaled": 0.15897032518108284,
    "test_gqa_loss_answer_rel_unscaled": 2.4848356051039575,
    "test_gqa_loss_answer_type_unscaled": 0.0007791623359539445,
    "test_gqa_loss_bbox_unscaled": 0.0,
    "test_gqa_loss_bbox_0_unscaled": 0.0,
    "test_gqa_loss_bbox_1_unscaled": 0.0,
    "test_gqa_loss_bbox_2_unscaled": 0.0,
    "test_gqa_loss_bbox_3_unscaled": 0.0,
    "test_gqa_loss_bbox_4_unscaled": 0.0,
    "test_gqa_loss_ce_unscaled": 9.328162507962455,
    "test_gqa_loss_ce_0_unscaled": 582.0200935789776,
    "test_gqa_loss_ce_1_unscaled": 399.67704734221326,
    "test_gqa_loss_ce_2_unscaled": 55.39948285291643,
    "test_gqa_loss_ce_3_unscaled": 73.15388705645721,
    "test_gqa_loss_ce_4_unscaled": 290.3899685622472,
    "test_gqa_loss_giou_unscaled": 0.0,
    "test_gqa_loss_giou_0_unscaled": 0.0,
    "test_gqa_loss_giou_1_unscaled": 0.0,
    "test_gqa_loss_giou_2_unscaled": 0.0,
    "test_gqa_loss_giou_3_unscaled": 0.0,
    "test_gqa_loss_giou_4_unscaled": 0.0,
    "test_gqa_coco_eval_bbox": [
        -1.0,
        -1.0,
        -1.0,
        -1.0,
        -1.0,
        -1.0,
        -1.0,
        -1.0,
        -1.0,
        -1.0,
        -1.0,
        -1.0
    ],
    "n_parameters": 185847022
}