{
    "test_gqa_loss": 1423.3547223860842,
    "test_gqa_loss_answer_attr": 1.0001123657989017,
    "test_gqa_loss_answer_cat": 1.2584870758913211,
    "test_gqa_loss_answer_global": 0.14691672319847573,
    "test_gqa_loss_answer_obj": 0.14101379433442493,
    "test_gqa_loss_answer_rel": 2.391180490630532,
    "test_gqa_loss_answer_type": 0.0006668614372990864,
    "test_gqa_loss_bbox": 0.0,
    "test_gqa_loss_bbox_0": 0.0,
    "test_gqa_loss_bbox_1": 0.0,
    "test_gqa_loss_bbox_2": 0.0,
    "test_gqa_loss_bbox_3": 0.0,
    "test_gqa_loss_bbox_4": 0.0,
    "test_gqa_loss_ce": 9.021634460100667,
    "test_gqa_loss_ce_0": 594.7160515180094,
    "test_gqa_loss_ce_1": 394.7795619286862,
    "test_gqa_loss_ce_2": 56.06348706744044,
    "test_gqa_loss_ce_3": 76.77792608193334,
    "test_gqa_loss_ce_4": 287.0576810885202,
    "test_gqa_loss_giou": 0.0,
    "test_gqa_loss_giou_0": 0.0,
    "test_gqa_loss_giou_1": 0.0,
    "test_gqa_loss_giou_2": 0.0,
    "test_gqa_loss_giou_3": 0.0,
    "test_gqa_loss_giou_4": 0.0,
    "test_gqa_accuracy_answer_attr_unscaled": 0.6672369857427433,
    "test_gqa_accuracy_answer_cat_unscaled": 0.7402284272998421,
    "test_gqa_accuracy_answer_global_unscaled": 0.9574873096446701,
    "test_gqa_accuracy_answer_obj_unscaled": 0.9520939086294417,
    "test_gqa_accuracy_answer_rel_unscaled": 0.4978909912296963,
    "test_gqa_accuracy_answer_total_unscaled": 0.5823445432077204,
    "test_gqa_accuracy_answer_type_unscaled": 0.9998413705583756,
    "test_gqa_cardinality_error_unscaled": 2.270859771573604,
    "test_gqa_cardinality_error_0_unscaled": 94.38959390862944,
    "test_gqa_cardinality_error_1_unscaled": 100.0,
    "test_gqa_cardinality_error_2_unscaled": 19.831218274111674,
    "test_gqa_cardinality_error_3_unscaled": 30.304996829347562,
    "test_gqa_cardinality_error_4_unscaled": 68.50545687602862,
    "test_gqa_loss_answer_attr_unscaled": 1.0001123657989017,
    "test_gqa_loss_answer_cat_unscaled": 1.2584870758913211,
    "test_gqa_loss_answer_global_unscaled": 0.14691672319847573,
    "test_gqa_loss_answer_obj_unscaled": 0.14101379433442493,
    "test_gqa_loss_answer_rel_unscaled": 2.391180490630532,
    "test_gqa_loss_answer_type_unscaled": 0.0006668614372990864,
    "test_gqa_loss_bbox_unscaled": 0.0,
    "test_gqa_loss_bbox_0_unscaled": 0.0,
    "test_gqa_loss_bbox_1_unscaled": 0.0,
    "test_gqa_loss_bbox_2_unscaled": 0.0,
    "test_gqa_loss_bbox_3_unscaled": 0.0,
    "test_gqa_loss_bbox_4_unscaled": 0.0,
    "test_gqa_loss_ce_unscaled": 9.021634460100667,
    "test_gqa_loss_ce_0_unscaled": 594.7160515180094,
    "test_gqa_loss_ce_1_unscaled": 394.7795619286862,
    "test_gqa_loss_ce_2_unscaled": 56.06348706744044,
    "test_gqa_loss_ce_3_unscaled": 76.77792608193334,
    "test_gqa_loss_ce_4_unscaled": 287.0576810885202,
    "test_gqa_loss_giou_unscaled": 0.0,
    "test_gqa_loss_giou_0_unscaled": 0.0,
    "test_gqa_loss_giou_1_unscaled": 0.0,
    "test_gqa_loss_giou_2_unscaled": 0.0,
    "test_gqa_loss_giou_3_unscaled": 0.0,
    "test_gqa_loss_giou_4_unscaled": 0.0,
    "test_gqa_coco_eval_bbox": [
        -1.0,
        -1.0,
        -1.0,
        -1.0,
        -1.0,
        -1.0,
        -1.0,
        -1.0,
        -1.0,
        -1.0,
        -1.0,
        -1.0
    ],
    "n_parameters": 185847022
}