{
    "test_gqa_loss": 1425.382711187837,
    "test_gqa_loss_answer_attr": 1.0336055211004267,
    "test_gqa_loss_answer_cat": 1.3031211777808198,
    "test_gqa_loss_answer_global": 0.1529773634685284,
    "test_gqa_loss_answer_obj": 0.14540844235879202,
    "test_gqa_loss_answer_rel": 2.4449936055441195,
    "test_gqa_loss_answer_type": 0.000793716855419399,
    "test_gqa_loss_bbox": 0.0,
    "test_gqa_loss_bbox_0": 0.0,
    "test_gqa_loss_bbox_1": 0.0,
    "test_gqa_loss_bbox_2": 0.0,
    "test_gqa_loss_bbox_3": 0.0,
    "test_gqa_loss_bbox_4": 0.0,
    "test_gqa_loss_ce": 9.081947880953097,
    "test_gqa_loss_ce_0": 596.9641907977574,
    "test_gqa_loss_ce_1": 398.1680821452649,
    "test_gqa_loss_ce_2": 55.028961336552186,
    "test_gqa_loss_ce_3": 73.34735435640751,
    "test_gqa_loss_ce_4": 287.7112775308832,
    "test_gqa_loss_giou": 0.0,
    "test_gqa_loss_giou_0": 0.0,
    "test_gqa_loss_giou_1": 0.0,
    "test_gqa_loss_giou_2": 0.0,
    "test_gqa_loss_giou_3": 0.0,
    "test_gqa_loss_giou_4": 0.0,
    "test_gqa_accuracy_answer_attr_unscaled": 0.6517970527186612,
    "test_gqa_accuracy_answer_cat_unscaled": 0.7295473783754455,
    "test_gqa_accuracy_answer_global_unscaled": 0.9574873096446701,
    "test_gqa_accuracy_answer_obj_unscaled": 0.9449027068723882,
    "test_gqa_accuracy_answer_rel_unscaled": 0.4846658287617156,
    "test_gqa_accuracy_answer_total_unscaled": 0.5686230965072129,
    "test_gqa_accuracy_answer_type_unscaled": 0.9997620558375635,
    "test_gqa_cardinality_error_unscaled": 2.2012373094026207,
    "test_gqa_cardinality_error_0_unscaled": 94.39213197969544,
    "test_gqa_cardinality_error_1_unscaled": 100.0,
    "test_gqa_cardinality_error_2_unscaled": 19.43856281435429,
    "test_gqa_cardinality_error_3_unscaled": 29.014244921921474,
    "test_gqa_cardinality_error_4_unscaled": 69.14723982060622,
    "test_gqa_loss_answer_attr_unscaled": 1.0336055211004267,
    "test_gqa_loss_answer_cat_unscaled": 1.3031211777808198,
    "test_gqa_loss_answer_global_unscaled": 0.1529773634685284,
    "test_gqa_loss_answer_obj_unscaled": 0.14540844235879202,
    "test_gqa_loss_answer_rel_unscaled": 2.4449936055441195,
    "test_gqa_loss_answer_type_unscaled": 0.000793716855419399,
    "test_gqa_loss_bbox_unscaled": 0.0,
    "test_gqa_loss_bbox_0_unscaled": 0.0,
    "test_gqa_loss_bbox_1_unscaled": 0.0,
    "test_gqa_loss_bbox_2_unscaled": 0.0,
    "test_gqa_loss_bbox_3_unscaled": 0.0,
    "test_gqa_loss_bbox_4_unscaled": 0.0,
    "test_gqa_loss_ce_unscaled": 9.081947880953097,
    "test_gqa_loss_ce_0_unscaled": 596.9641907977574,
    "test_gqa_loss_ce_1_unscaled": 398.1680821452649,
    "test_gqa_loss_ce_2_unscaled": 55.028961336552186,
    "test_gqa_loss_ce_3_unscaled": 73.34735435640751,
    "test_gqa_loss_ce_4_unscaled": 287.7112775308832,
    "test_gqa_loss_giou_unscaled": 0.0,
    "test_gqa_loss_giou_0_unscaled": 0.0,
    "test_gqa_loss_giou_1_unscaled": 0.0,
    "test_gqa_loss_giou_2_unscaled": 0.0,
    "test_gqa_loss_giou_3_unscaled": 0.0,
    "test_gqa_loss_giou_4_unscaled": 0.0,
    "test_gqa_coco_eval_bbox": [
        -1.0,
        -1.0,
        -1.0,
        -1.0,
        -1.0,
        -1.0,
        -1.0,
        -1.0,
        -1.0,
        -1.0,
        -1.0,
        -1.0
    ],
    "n_parameters": 185847022
}