2025-07-26 22:24:17,000 - INFO - Logger initialized. Writing detailed log to /home/projects/bagon/andreyg/Projects/Object_reps_neural/Programming/hugging_face/model_experiments/segformer/exp2TTC_segformer-b1-finetuned-ade-512-512/logs/ttc_exp_20250726_222416.log
2025-07-26 22:24:17,000 - INFO - VideoProcessor initialized with 2 blobs to detect
2025-07-26 22:24:17,000 - INFO - Blob 1 memory strategy: running_average
2025-07-26 22:24:17,000 - INFO - Blob 1 running average window: 10
2025-07-26 22:24:17,000 - INFO - Blob 1 memory will freeze after frame: 80
2025-07-26 22:24:17,000 - INFO - Vanilla segmentation enabled
2025-07-26 22:24:17,000 - INFO - Initialized TTC Experiment with output dir: /home/projects/bagon/andreyg/Projects/Object_reps_neural/Programming/hugging_face/model_experiments/segformer/exp2TTC_segformer-b1-finetuned-ade-512-512
2025-07-26 22:24:17,000 - INFO - Model prefix: segformer_model
2025-07-26 22:24:17,000 - INFO - Debug mode: False
2025-07-26 22:24:17,000 - INFO - TTC-specific configuration:
2025-07-26 22:24:17,000 - INFO -   - Blob 1 memory: running average of past 10 frames
2025-07-26 22:24:17,000 - INFO -   - Blob 1 memory updates stop after frame 80
2025-07-26 22:24:17,000 - INFO - Starting full TTC experiment
2025-07-26 22:24:17,001 - INFO - Found 99 video files to process
2025-07-26 22:24:17,001 - INFO - Reading participant CSV from /home/projects/bagon/andreyg/Projects/Object_reps_neural/Programming/hugging_face/model_experiments/exp2TTC_files/experiment2-CollisionDetection-Data.csv...
2025-07-26 22:24:17,021 - INFO - CSV loaded with 13974 rows and 10 columns.
2025-07-26 22:24:17,022 - INFO - Reading name mapping from /home/projects/bagon/andreyg/Projects/Object_reps_neural/Programming/hugging_face/model_experiments/exp2TTC_files/name_mapping.json...
2025-07-26 22:24:17,023 - INFO - Loaded name mapping with 96 entries.
2025-07-26 22:24:17,023 - INFO - Starting collision detection across videos and IoU thresholds...
2025-07-26 22:24:17,023 - INFO - Processing video: AConcave_FConcave
2025-07-26 22:24:17,025 - INFO - Video AConcave_FConcave already processed (found segformer_model-AConcave_FConcave.mp4), skipping video processing...
2025-07-26 22:24:17,034 - INFO - VanillaSegmentationSaver initialized with output dir: /home/projects/bagon/andreyg/Projects/Object_reps_neural/Programming/hugging_face/model_experiments/segformer/exp2TTC_segformer-b1-finetuned-ade-512-512/processed_videos/segformer_model-AConcave_FConcave/org_segmentation
2025-07-26 22:24:17,039 - INFO - All collision results already exist for AConcave_FConcave
2025-07-26 22:24:17,040 - DEBUG - Loaded collision time for AConcave_FConcave at IoU 0.05: 4383.333333333334
2025-07-26 22:24:17,040 - DEBUG - Loaded collision time for AConcave_FConcave at IoU 0.1: nan
2025-07-26 22:24:17,041 - DEBUG - Loaded collision time for AConcave_FConcave at IoU 0.15: nan
2025-07-26 22:24:17,042 - DEBUG - Loaded collision time for AConcave_FConcave at IoU 0.2: nan
2025-07-26 22:24:17,043 - DEBUG - Loaded collision time for AConcave_FConcave at IoU 0.25: nan
2025-07-26 22:24:17,044 - DEBUG - Loaded collision time for AConcave_FConcave at IoU 0.3: nan
2025-07-26 22:24:17,045 - DEBUG - Loaded collision time for AConcave_FConcave at IoU 0.35: nan
2025-07-26 22:24:17,046 - DEBUG - Loaded collision time for AConcave_FConcave at IoU 0.4: nan
2025-07-26 22:24:17,047 - DEBUG - Loaded collision time for AConcave_FConcave at IoU 0.45: nan
2025-07-26 22:24:17,047 - DEBUG - Loaded collision time for AConcave_FConcave at IoU 0.5: nan
2025-07-26 22:24:17,048 - DEBUG - Loaded collision time for AConcave_FConcave at IoU 0.55: nan
2025-07-26 22:24:17,049 - DEBUG - Loaded collision time for AConcave_FConcave at IoU 0.6: nan
2025-07-26 22:24:17,050 - DEBUG - Loaded collision time for AConcave_FConcave at IoU 0.65: nan
2025-07-26 22:24:17,051 - DEBUG - Loaded collision time for AConcave_FConcave at IoU 0.7: nan
2025-07-26 22:24:17,052 - DEBUG - Loaded collision time for AConcave_FConcave at IoU 0.75: nan
2025-07-26 22:24:17,053 - DEBUG - Loaded collision time for AConcave_FConcave at IoU 0.8: nan
2025-07-26 22:24:17,054 - DEBUG - Loaded collision time for AConcave_FConcave at IoU 0.85: nan
2025-07-26 22:24:17,055 - DEBUG - Loaded collision time for AConcave_FConcave at IoU 0.9: nan
2025-07-26 22:24:17,056 - DEBUG - Loaded collision time for AConcave_FConcave at IoU 0.95: nan
2025-07-26 22:24:17,056 - INFO - Processing video: BConcave+AConcave+3500
2025-07-26 22:24:17,058 - INFO - Video BConcave+AConcave+3500 already processed (found segformer_model-BConcave+AConcave+3500.mp4), skipping video processing...
2025-07-26 22:24:17,067 - INFO - VanillaSegmentationSaver initialized with output dir: /home/projects/bagon/andreyg/Projects/Object_reps_neural/Programming/hugging_face/model_experiments/segformer/exp2TTC_segformer-b1-finetuned-ade-512-512/processed_videos/segformer_model-BConcave+AConcave+3500/org_segmentation
2025-07-26 22:24:17,072 - INFO - All collision results already exist for BConcave+AConcave+3500
2025-07-26 22:24:17,073 - DEBUG - Loaded collision time for BConcave+AConcave+3500 at IoU 0.05: 4100.0
2025-07-26 22:24:17,073 - DEBUG - Loaded collision time for BConcave+AConcave+3500 at IoU 0.1: 4183.333333333334
2025-07-26 22:24:17,074 - DEBUG - Loaded collision time for BConcave+AConcave+3500 at IoU 0.15: 4250.0
2025-07-26 22:24:17,075 - DEBUG - Loaded collision time for BConcave+AConcave+3500 at IoU 0.2: 4316.666666666666
2025-07-26 22:24:17,076 - DEBUG - Loaded collision time for BConcave+AConcave+3500 at IoU 0.25: 4383.333333333334
2025-07-26 22:24:17,076 - DEBUG - Loaded collision time for BConcave+AConcave+3500 at IoU 0.3: 4433.333333333334
2025-07-26 22:24:17,077 - DEBUG - Loaded collision time for BConcave+AConcave+3500 at IoU 0.35: 4483.333333333333
2025-07-26 22:24:17,078 - DEBUG - Loaded collision time for BConcave+AConcave+3500 at IoU 0.4: 4533.333333333333
2025-07-26 22:24:17,079 - DEBUG - Loaded collision time for BConcave+AConcave+3500 at IoU 0.45: nan
2025-07-26 22:24:17,080 - DEBUG - Loaded collision time for BConcave+AConcave+3500 at IoU 0.5: nan
2025-07-26 22:24:17,081 - DEBUG - Loaded collision time for BConcave+AConcave+3500 at IoU 0.55: nan
2025-07-26 22:24:17,082 - DEBUG - Loaded collision time for BConcave+AConcave+3500 at IoU 0.6: nan
2025-07-26 22:24:17,083 - DEBUG - Loaded collision time for BConcave+AConcave+3500 at IoU 0.65: nan
2025-07-26 22:24:17,083 - DEBUG - Loaded collision time for BConcave+AConcave+3500 at IoU 0.7: nan
2025-07-26 22:24:17,084 - DEBUG - Loaded collision time for BConcave+AConcave+3500 at IoU 0.75: nan
2025-07-26 22:24:17,085 - DEBUG - Loaded collision time for BConcave+AConcave+3500 at IoU 0.8: nan
2025-07-26 22:24:17,086 - DEBUG - Loaded collision time for BConcave+AConcave+3500 at IoU 0.85: nan
2025-07-26 22:24:17,087 - DEBUG - Loaded collision time for BConcave+AConcave+3500 at IoU 0.9: nan
2025-07-26 22:24:17,088 - DEBUG - Loaded collision time for BConcave+AConcave+3500 at IoU 0.95: nan
2025-07-26 22:24:17,088 - INFO - Processing video: BConcave+AConcave+3700_flipped
2025-07-26 22:24:17,089 - INFO - Video BConcave+AConcave+3700_flipped already processed (found segformer_model-BConcave+AConcave+3700_flipped.mp4), skipping video processing...
2025-07-26 22:24:17,098 - INFO - VanillaSegmentationSaver initialized with output dir: /home/projects/bagon/andreyg/Projects/Object_reps_neural/Programming/hugging_face/model_experiments/segformer/exp2TTC_segformer-b1-finetuned-ade-512-512/processed_videos/segformer_model-BConcave+AConcave+3700_flipped/org_segmentation
2025-07-26 22:24:17,103 - INFO - All collision results already exist for BConcave+AConcave+3700_flipped
2025-07-26 22:24:17,104 - DEBUG - Loaded collision time for BConcave+AConcave+3700_flipped at IoU 0.05: nan
2025-07-26 22:24:17,104 - DEBUG - Loaded collision time for BConcave+AConcave+3700_flipped at IoU 0.1: nan
2025-07-26 22:24:17,105 - DEBUG - Loaded collision time for BConcave+AConcave+3700_flipped at IoU 0.15: nan
2025-07-26 22:24:17,106 - DEBUG - Loaded collision time for BConcave+AConcave+3700_flipped at IoU 0.2: nan
2025-07-26 22:24:17,107 - DEBUG - Loaded collision time for BConcave+AConcave+3700_flipped at IoU 0.25: nan
2025-07-26 22:24:17,108 - DEBUG - Loaded collision time for BConcave+AConcave+3700_flipped at IoU 0.3: nan
2025-07-26 22:24:17,108 - DEBUG - Loaded collision time for BConcave+AConcave+3700_flipped at IoU 0.35: nan
2025-07-26 22:24:17,109 - DEBUG - Loaded collision time for BConcave+AConcave+3700_flipped at IoU 0.4: nan
2025-07-26 22:24:17,110 - DEBUG - Loaded collision time for BConcave+AConcave+3700_flipped at IoU 0.45: nan
2025-07-26 22:24:17,111 - DEBUG - Loaded collision time for BConcave+AConcave+3700_flipped at IoU 0.5: nan
2025-07-26 22:24:17,112 - DEBUG - Loaded collision time for BConcave+AConcave+3700_flipped at IoU 0.55: nan
2025-07-26 22:24:17,113 - DEBUG - Loaded collision time for BConcave+AConcave+3700_flipped at IoU 0.6: nan
2025-07-26 22:24:17,113 - DEBUG - Loaded collision time for BConcave+AConcave+3700_flipped at IoU 0.65: nan
2025-07-26 22:24:17,114 - DEBUG - Loaded collision time for BConcave+AConcave+3700_flipped at IoU 0.7: nan
2025-07-26 22:24:17,115 - DEBUG - Loaded collision time for BConcave+AConcave+3700_flipped at IoU 0.75: nan
2025-07-26 22:24:17,116 - DEBUG - Loaded collision time for BConcave+AConcave+3700_flipped at IoU 0.8: nan
2025-07-26 22:24:17,117 - DEBUG - Loaded collision time for BConcave+AConcave+3700_flipped at IoU 0.85: nan
2025-07-26 22:24:17,118 - DEBUG - Loaded collision time for BConcave+AConcave+3700_flipped at IoU 0.9: nan
2025-07-26 22:24:17,119 - DEBUG - Loaded collision time for BConcave+AConcave+3700_flipped at IoU 0.95: nan
2025-07-26 22:24:17,119 - INFO - Processing video: BConcave+AConcave+3900
2025-07-26 22:24:17,120 - INFO - Video BConcave+AConcave+3900 already processed (found segformer_model-BConcave+AConcave+3900.mp4), skipping video processing...
2025-07-26 22:24:17,129 - INFO - VanillaSegmentationSaver initialized with output dir: /home/projects/bagon/andreyg/Projects/Object_reps_neural/Programming/hugging_face/model_experiments/segformer/exp2TTC_segformer-b1-finetuned-ade-512-512/processed_videos/segformer_model-BConcave+AConcave+3900/org_segmentation
2025-07-26 22:24:17,133 - INFO - All collision results already exist for BConcave+AConcave+3900
2025-07-26 22:24:17,134 - DEBUG - Loaded collision time for BConcave+AConcave+3900 at IoU 0.05: nan
2025-07-26 22:24:17,135 - DEBUG - Loaded collision time for BConcave+AConcave+3900 at IoU 0.1: nan
2025-07-26 22:24:17,136 - DEBUG - Loaded collision time for BConcave+AConcave+3900 at IoU 0.15: nan
2025-07-26 22:24:17,136 - DEBUG - Loaded collision time for BConcave+AConcave+3900 at IoU 0.2: nan
2025-07-26 22:24:17,137 - DEBUG - Loaded collision time for BConcave+AConcave+3900 at IoU 0.25: nan
2025-07-26 22:24:17,138 - DEBUG - Loaded collision time for BConcave+AConcave+3900 at IoU 0.3: nan
2025-07-26 22:24:17,139 - DEBUG - Loaded collision time for BConcave+AConcave+3900 at IoU 0.35: nan
2025-07-26 22:24:17,140 - DEBUG - Loaded collision time for BConcave+AConcave+3900 at IoU 0.4: nan
2025-07-26 22:24:17,140 - DEBUG - Loaded collision time for BConcave+AConcave+3900 at IoU 0.45: nan
2025-07-26 22:24:17,141 - DEBUG - Loaded collision time for BConcave+AConcave+3900 at IoU 0.5: nan
2025-07-26 22:24:17,142 - DEBUG - Loaded collision time for BConcave+AConcave+3900 at IoU 0.55: nan
2025-07-26 22:24:17,143 - DEBUG - Loaded collision time for BConcave+AConcave+3900 at IoU 0.6: nan
2025-07-26 22:24:17,144 - DEBUG - Loaded collision time for BConcave+AConcave+3900 at IoU 0.65: nan
2025-07-26 22:24:17,145 - DEBUG - Loaded collision time for BConcave+AConcave+3900 at IoU 0.7: nan
2025-07-26 22:24:17,145 - DEBUG - Loaded collision time for BConcave+AConcave+3900 at IoU 0.75: nan
2025-07-26 22:24:17,146 - DEBUG - Loaded collision time for BConcave+AConcave+3900 at IoU 0.8: nan
2025-07-26 22:24:17,147 - DEBUG - Loaded collision time for BConcave+AConcave+3900 at IoU 0.85: nan
2025-07-26 22:24:17,148 - DEBUG - Loaded collision time for BConcave+AConcave+3900 at IoU 0.9: nan
2025-07-26 22:24:17,149 - DEBUG - Loaded collision time for BConcave+AConcave+3900 at IoU 0.95: nan
2025-07-26 22:24:17,149 - INFO - Processing video: BConcave+AConcave+4100_flipped
2025-07-26 22:24:17,150 - INFO - Video BConcave+AConcave+4100_flipped already processed (found segformer_model-BConcave+AConcave+4100_flipped.mp4), skipping video processing...
2025-07-26 22:24:17,158 - INFO - VanillaSegmentationSaver initialized with output dir: /home/projects/bagon/andreyg/Projects/Object_reps_neural/Programming/hugging_face/model_experiments/segformer/exp2TTC_segformer-b1-finetuned-ade-512-512/processed_videos/segformer_model-BConcave+AConcave+4100_flipped/org_segmentation
2025-07-26 22:24:17,162 - INFO - All collision results already exist for BConcave+AConcave+4100_flipped
2025-07-26 22:24:17,163 - DEBUG - Loaded collision time for BConcave+AConcave+4100_flipped at IoU 0.05: 4466.666666666667
2025-07-26 22:24:17,164 - DEBUG - Loaded collision time for BConcave+AConcave+4100_flipped at IoU 0.1: 4566.666666666666
2025-07-26 22:24:17,165 - DEBUG - Loaded collision time for BConcave+AConcave+4100_flipped at IoU 0.15: nan
2025-07-26 22:24:17,166 - DEBUG - Loaded collision time for BConcave+AConcave+4100_flipped at IoU 0.2: nan
2025-07-26 22:24:17,167 - DEBUG - Loaded collision time for BConcave+AConcave+4100_flipped at IoU 0.25: nan
2025-07-26 22:24:17,167 - DEBUG - Loaded collision time for BConcave+AConcave+4100_flipped at IoU 0.3: nan
2025-07-26 22:24:17,168 - DEBUG - Loaded collision time for BConcave+AConcave+4100_flipped at IoU 0.35: nan
2025-07-26 22:24:17,169 - DEBUG - Loaded collision time for BConcave+AConcave+4100_flipped at IoU 0.4: nan
2025-07-26 22:24:17,170 - DEBUG - Loaded collision time for BConcave+AConcave+4100_flipped at IoU 0.45: nan
2025-07-26 22:24:17,171 - DEBUG - Loaded collision time for BConcave+AConcave+4100_flipped at IoU 0.5: nan
2025-07-26 22:24:17,172 - DEBUG - Loaded collision time for BConcave+AConcave+4100_flipped at IoU 0.55: nan
2025-07-26 22:24:17,173 - DEBUG - Loaded collision time for BConcave+AConcave+4100_flipped at IoU 0.6: nan
2025-07-26 22:24:17,174 - DEBUG - Loaded collision time for BConcave+AConcave+4100_flipped at IoU 0.65: nan
2025-07-26 22:24:17,174 - DEBUG - Loaded collision time for BConcave+AConcave+4100_flipped at IoU 0.7: nan
2025-07-26 22:24:17,175 - DEBUG - Loaded collision time for BConcave+AConcave+4100_flipped at IoU 0.75: nan
2025-07-26 22:24:17,176 - DEBUG - Loaded collision time for BConcave+AConcave+4100_flipped at IoU 0.8: nan
2025-07-26 22:24:17,177 - DEBUG - Loaded collision time for BConcave+AConcave+4100_flipped at IoU 0.85: nan
2025-07-26 22:24:17,178 - DEBUG - Loaded collision time for BConcave+AConcave+4100_flipped at IoU 0.9: nan
2025-07-26 22:24:17,179 - DEBUG - Loaded collision time for BConcave+AConcave+4100_flipped at IoU 0.95: nan
2025-07-26 22:24:17,179 - INFO - Processing video: BConcave+AConcave+4300
2025-07-26 22:24:17,180 - INFO - Video BConcave+AConcave+4300 already processed (found segformer_model-BConcave+AConcave+4300.mp4), skipping video processing...
2025-07-26 22:24:17,188 - INFO - VanillaSegmentationSaver initialized with output dir: /home/projects/bagon/andreyg/Projects/Object_reps_neural/Programming/hugging_face/model_experiments/segformer/exp2TTC_segformer-b1-finetuned-ade-512-512/processed_videos/segformer_model-BConcave+AConcave+4300/org_segmentation
2025-07-26 22:24:17,193 - INFO - All collision results already exist for BConcave+AConcave+4300
2025-07-26 22:24:17,194 - DEBUG - Loaded collision time for BConcave+AConcave+4300 at IoU 0.05: nan
2025-07-26 22:24:17,195 - DEBUG - Loaded collision time for BConcave+AConcave+4300 at IoU 0.1: nan
2025-07-26 22:24:17,196 - DEBUG - Loaded collision time for BConcave+AConcave+4300 at IoU 0.15: nan
2025-07-26 22:24:17,197 - DEBUG - Loaded collision time for BConcave+AConcave+4300 at IoU 0.2: nan
2025-07-26 22:24:17,198 - DEBUG - Loaded collision time for BConcave+AConcave+4300 at IoU 0.25: nan
2025-07-26 22:24:17,198 - DEBUG - Loaded collision time for BConcave+AConcave+4300 at IoU 0.3: nan
2025-07-26 22:24:17,199 - DEBUG - Loaded collision time for BConcave+AConcave+4300 at IoU 0.35: nan
2025-07-26 22:24:17,200 - DEBUG - Loaded collision time for BConcave+AConcave+4300 at IoU 0.4: nan
2025-07-26 22:24:17,201 - DEBUG - Loaded collision time for BConcave+AConcave+4300 at IoU 0.45: nan
2025-07-26 22:24:17,202 - DEBUG - Loaded collision time for BConcave+AConcave+4300 at IoU 0.5: nan
2025-07-26 22:24:17,203 - DEBUG - Loaded collision time for BConcave+AConcave+4300 at IoU 0.55: nan
2025-07-26 22:24:17,204 - DEBUG - Loaded collision time for BConcave+AConcave+4300 at IoU 0.6: nan
2025-07-26 22:24:17,205 - DEBUG - Loaded collision time for BConcave+AConcave+4300 at IoU 0.65: nan
2025-07-26 22:24:17,205 - DEBUG - Loaded collision time for BConcave+AConcave+4300 at IoU 0.7: nan
2025-07-26 22:24:17,206 - DEBUG - Loaded collision time for BConcave+AConcave+4300 at IoU 0.75: nan
2025-07-26 22:24:17,207 - DEBUG - Loaded collision time for BConcave+AConcave+4300 at IoU 0.8: nan
2025-07-26 22:24:17,208 - DEBUG - Loaded collision time for BConcave+AConcave+4300 at IoU 0.85: nan
2025-07-26 22:24:17,209 - DEBUG - Loaded collision time for BConcave+AConcave+4300 at IoU 0.9: nan
2025-07-26 22:24:17,210 - DEBUG - Loaded collision time for BConcave+AConcave+4300 at IoU 0.95: nan
2025-07-26 22:24:17,210 - INFO - Processing video: BConcave+AConcave+4500_flipped
2025-07-26 22:24:17,211 - INFO - Video BConcave+AConcave+4500_flipped already processed (found segformer_model-BConcave+AConcave+4500_flipped.mp4), skipping video processing...
2025-07-26 22:24:17,220 - INFO - VanillaSegmentationSaver initialized with output dir: /home/projects/bagon/andreyg/Projects/Object_reps_neural/Programming/hugging_face/model_experiments/segformer/exp2TTC_segformer-b1-finetuned-ade-512-512/processed_videos/segformer_model-BConcave+AConcave+4500_flipped/org_segmentation
2025-07-26 22:24:17,224 - INFO - All collision results already exist for BConcave+AConcave+4500_flipped
2025-07-26 22:24:17,225 - DEBUG - Loaded collision time for BConcave+AConcave+4500_flipped at IoU 0.05: nan
2025-07-26 22:24:17,226 - DEBUG - Loaded collision time for BConcave+AConcave+4500_flipped at IoU 0.1: nan
2025-07-26 22:24:17,227 - DEBUG - Loaded collision time for BConcave+AConcave+4500_flipped at IoU 0.15: nan
2025-07-26 22:24:17,227 - DEBUG - Loaded collision time for BConcave+AConcave+4500_flipped at IoU 0.2: nan
2025-07-26 22:24:17,228 - DEBUG - Loaded collision time for BConcave+AConcave+4500_flipped at IoU 0.25: nan
2025-07-26 22:24:17,229 - DEBUG - Loaded collision time for BConcave+AConcave+4500_flipped at IoU 0.3: nan
2025-07-26 22:24:17,230 - DEBUG - Loaded collision time for BConcave+AConcave+4500_flipped at IoU 0.35: nan
2025-07-26 22:24:17,231 - DEBUG - Loaded collision time for BConcave+AConcave+4500_flipped at IoU 0.4: nan
2025-07-26 22:24:17,231 - DEBUG - Loaded collision time for BConcave+AConcave+4500_flipped at IoU 0.45: nan
2025-07-26 22:24:17,232 - DEBUG - Loaded collision time for BConcave+AConcave+4500_flipped at IoU 0.5: nan
2025-07-26 22:24:17,233 - DEBUG - Loaded collision time for BConcave+AConcave+4500_flipped at IoU 0.55: nan
2025-07-26 22:24:17,233 - DEBUG - Loaded collision time for BConcave+AConcave+4500_flipped at IoU 0.6: nan
2025-07-26 22:24:17,234 - DEBUG - Loaded collision time for BConcave+AConcave+4500_flipped at IoU 0.65: nan
2025-07-26 22:24:17,235 - DEBUG - Loaded collision time for BConcave+AConcave+4500_flipped at IoU 0.7: nan
2025-07-26 22:24:17,236 - DEBUG - Loaded collision time for BConcave+AConcave+4500_flipped at IoU 0.75: nan
2025-07-26 22:24:17,237 - DEBUG - Loaded collision time for BConcave+AConcave+4500_flipped at IoU 0.8: nan
2025-07-26 22:24:17,237 - DEBUG - Loaded collision time for BConcave+AConcave+4500_flipped at IoU 0.85: nan
2025-07-26 22:24:17,238 - DEBUG - Loaded collision time for BConcave+AConcave+4500_flipped at IoU 0.9: nan
2025-07-26 22:24:17,239 - DEBUG - Loaded collision time for BConcave+AConcave+4500_flipped at IoU 0.95: nan
2025-07-26 22:24:17,239 - INFO - Processing video: BConcave+AConvex+3500_flipped
2025-07-26 22:24:17,241 - INFO - Video BConcave+AConvex+3500_flipped already processed (found segformer_model-BConcave+AConvex+3500_flipped.mp4), skipping video processing...
2025-07-26 22:24:17,250 - INFO - VanillaSegmentationSaver initialized with output dir: /home/projects/bagon/andreyg/Projects/Object_reps_neural/Programming/hugging_face/model_experiments/segformer/exp2TTC_segformer-b1-finetuned-ade-512-512/processed_videos/segformer_model-BConcave+AConvex+3500_flipped/org_segmentation
2025-07-26 22:24:17,255 - INFO - All collision results already exist for BConcave+AConvex+3500_flipped
2025-07-26 22:24:17,256 - DEBUG - Loaded collision time for BConcave+AConvex+3500_flipped at IoU 0.05: nan
2025-07-26 22:24:17,257 - DEBUG - Loaded collision time for BConcave+AConvex+3500_flipped at IoU 0.1: nan
2025-07-26 22:24:17,257 - DEBUG - Loaded collision time for BConcave+AConvex+3500_flipped at IoU 0.15: nan
2025-07-26 22:24:17,258 - DEBUG - Loaded collision time for BConcave+AConvex+3500_flipped at IoU 0.2: nan
2025-07-26 22:24:17,259 - DEBUG - Loaded collision time for BConcave+AConvex+3500_flipped at IoU 0.25: nan
2025-07-26 22:24:17,260 - DEBUG - Loaded collision time for BConcave+AConvex+3500_flipped at IoU 0.3: nan
2025-07-26 22:24:17,261 - DEBUG - Loaded collision time for BConcave+AConvex+3500_flipped at IoU 0.35: nan
2025-07-26 22:24:17,261 - DEBUG - Loaded collision time for BConcave+AConvex+3500_flipped at IoU 0.4: nan
2025-07-26 22:24:17,262 - DEBUG - Loaded collision time for BConcave+AConvex+3500_flipped at IoU 0.45: nan
2025-07-26 22:24:17,263 - DEBUG - Loaded collision time for BConcave+AConvex+3500_flipped at IoU 0.5: nan
2025-07-26 22:24:17,264 - DEBUG - Loaded collision time for BConcave+AConvex+3500_flipped at IoU 0.55: nan
2025-07-26 22:24:17,265 - DEBUG - Loaded collision time for BConcave+AConvex+3500_flipped at IoU 0.6: nan
2025-07-26 22:24:17,266 - DEBUG - Loaded collision time for BConcave+AConvex+3500_flipped at IoU 0.65: nan
2025-07-26 22:24:17,266 - DEBUG - Loaded collision time for BConcave+AConvex+3500_flipped at IoU 0.7: nan
2025-07-26 22:24:17,267 - DEBUG - Loaded collision time for BConcave+AConvex+3500_flipped at IoU 0.75: nan
2025-07-26 22:24:17,268 - DEBUG - Loaded collision time for BConcave+AConvex+3500_flipped at IoU 0.8: nan
2025-07-26 22:24:17,269 - DEBUG - Loaded collision time for BConcave+AConvex+3500_flipped at IoU 0.85: nan
2025-07-26 22:24:17,270 - DEBUG - Loaded collision time for BConcave+AConvex+3500_flipped at IoU 0.9: nan
2025-07-26 22:24:17,271 - DEBUG - Loaded collision time for BConcave+AConvex+3500_flipped at IoU 0.95: nan
2025-07-26 22:24:17,271 - INFO - Processing video: BConcave+AConvex+3700
2025-07-26 22:24:17,273 - INFO - Video BConcave+AConvex+3700 already processed (found segformer_model-BConcave+AConvex+3700.mp4), skipping video processing...
2025-07-26 22:24:17,282 - INFO - VanillaSegmentationSaver initialized with output dir: /home/projects/bagon/andreyg/Projects/Object_reps_neural/Programming/hugging_face/model_experiments/segformer/exp2TTC_segformer-b1-finetuned-ade-512-512/processed_videos/segformer_model-BConcave+AConvex+3700/org_segmentation
2025-07-26 22:24:17,286 - INFO - All collision results already exist for BConcave+AConvex+3700
2025-07-26 22:24:17,287 - DEBUG - Loaded collision time for BConcave+AConvex+3700 at IoU 0.05: nan
2025-07-26 22:24:17,288 - DEBUG - Loaded collision time for BConcave+AConvex+3700 at IoU 0.1: nan
2025-07-26 22:24:17,289 - DEBUG - Loaded collision time for BConcave+AConvex+3700 at IoU 0.15: nan
2025-07-26 22:24:17,289 - DEBUG - Loaded collision time for BConcave+AConvex+3700 at IoU 0.2: nan
2025-07-26 22:24:17,290 - DEBUG - Loaded collision time for BConcave+AConvex+3700 at IoU 0.25: nan
2025-07-26 22:24:17,291 - DEBUG - Loaded collision time for BConcave+AConvex+3700 at IoU 0.3: nan
2025-07-26 22:24:17,292 - DEBUG - Loaded collision time for BConcave+AConvex+3700 at IoU 0.35: nan
2025-07-26 22:24:17,293 - DEBUG - Loaded collision time for BConcave+AConvex+3700 at IoU 0.4: nan
2025-07-26 22:24:17,294 - DEBUG - Loaded collision time for BConcave+AConvex+3700 at IoU 0.45: nan
2025-07-26 22:24:17,294 - DEBUG - Loaded collision time for BConcave+AConvex+3700 at IoU 0.5: nan
2025-07-26 22:24:17,295 - DEBUG - Loaded collision time for BConcave+AConvex+3700 at IoU 0.55: nan
2025-07-26 22:24:17,296 - DEBUG - Loaded collision time for BConcave+AConvex+3700 at IoU 0.6: nan
2025-07-26 22:24:17,297 - DEBUG - Loaded collision time for BConcave+AConvex+3700 at IoU 0.65: nan
2025-07-26 22:24:17,298 - DEBUG - Loaded collision time for BConcave+AConvex+3700 at IoU 0.7: nan
2025-07-26 22:24:17,298 - DEBUG - Loaded collision time for BConcave+AConvex+3700 at IoU 0.75: nan
2025-07-26 22:24:17,299 - DEBUG - Loaded collision time for BConcave+AConvex+3700 at IoU 0.8: nan
2025-07-26 22:24:17,300 - DEBUG - Loaded collision time for BConcave+AConvex+3700 at IoU 0.85: nan
2025-07-26 22:24:17,301 - DEBUG - Loaded collision time for BConcave+AConvex+3700 at IoU 0.9: nan
2025-07-26 22:24:17,302 - DEBUG - Loaded collision time for BConcave+AConvex+3700 at IoU 0.95: nan
2025-07-26 22:24:17,302 - INFO - Processing video: BConcave+AConvex+3900_flipped
2025-07-26 22:24:17,303 - INFO - Video BConcave+AConvex+3900_flipped already processed (found segformer_model-BConcave+AConvex+3900_flipped.mp4), skipping video processing...
2025-07-26 22:24:17,311 - INFO - VanillaSegmentationSaver initialized with output dir: /home/projects/bagon/andreyg/Projects/Object_reps_neural/Programming/hugging_face/model_experiments/segformer/exp2TTC_segformer-b1-finetuned-ade-512-512/processed_videos/segformer_model-BConcave+AConvex+3900_flipped/org_segmentation
2025-07-26 22:24:17,315 - INFO - All collision results already exist for BConcave+AConvex+3900_flipped
2025-07-26 22:24:17,316 - DEBUG - Loaded collision time for BConcave+AConvex+3900_flipped at IoU 0.05: nan
2025-07-26 22:24:17,317 - DEBUG - Loaded collision time for BConcave+AConvex+3900_flipped at IoU 0.1: nan
2025-07-26 22:24:17,318 - DEBUG - Loaded collision time for BConcave+AConvex+3900_flipped at IoU 0.15: nan
2025-07-26 22:24:17,318 - DEBUG - Loaded collision time for BConcave+AConvex+3900_flipped at IoU 0.2: nan
2025-07-26 22:24:17,319 - DEBUG - Loaded collision time for BConcave+AConvex+3900_flipped at IoU 0.25: nan
2025-07-26 22:24:17,320 - DEBUG - Loaded collision time for BConcave+AConvex+3900_flipped at IoU 0.3: nan
2025-07-26 22:24:17,321 - DEBUG - Loaded collision time for BConcave+AConvex+3900_flipped at IoU 0.35: nan
2025-07-26 22:24:17,321 - DEBUG - Loaded collision time for BConcave+AConvex+3900_flipped at IoU 0.4: nan
2025-07-26 22:24:17,322 - DEBUG - Loaded collision time for BConcave+AConvex+3900_flipped at IoU 0.45: nan
2025-07-26 22:24:17,323 - DEBUG - Loaded collision time for BConcave+AConvex+3900_flipped at IoU 0.5: nan
2025-07-26 22:24:17,324 - DEBUG - Loaded collision time for BConcave+AConvex+3900_flipped at IoU 0.55: nan
2025-07-26 22:24:17,325 - DEBUG - Loaded collision time for BConcave+AConvex+3900_flipped at IoU 0.6: nan
2025-07-26 22:24:17,325 - DEBUG - Loaded collision time for BConcave+AConvex+3900_flipped at IoU 0.65: nan
2025-07-26 22:24:17,326 - DEBUG - Loaded collision time for BConcave+AConvex+3900_flipped at IoU 0.7: nan
2025-07-26 22:24:17,327 - DEBUG - Loaded collision time for BConcave+AConvex+3900_flipped at IoU 0.75: nan
2025-07-26 22:24:17,328 - DEBUG - Loaded collision time for BConcave+AConvex+3900_flipped at IoU 0.8: nan
2025-07-26 22:24:17,328 - DEBUG - Loaded collision time for BConcave+AConvex+3900_flipped at IoU 0.85: nan
2025-07-26 22:24:17,329 - DEBUG - Loaded collision time for BConcave+AConvex+3900_flipped at IoU 0.9: nan
2025-07-26 22:24:17,330 - DEBUG - Loaded collision time for BConcave+AConvex+3900_flipped at IoU 0.95: nan
2025-07-26 22:24:17,330 - INFO - Processing video: BConcave+AConvex+4100
2025-07-26 22:24:17,332 - INFO - Video BConcave+AConvex+4100 already processed (found segformer_model-BConcave+AConvex+4100.mp4), skipping video processing...
2025-07-26 22:24:17,340 - INFO - VanillaSegmentationSaver initialized with output dir: /home/projects/bagon/andreyg/Projects/Object_reps_neural/Programming/hugging_face/model_experiments/segformer/exp2TTC_segformer-b1-finetuned-ade-512-512/processed_videos/segformer_model-BConcave+AConvex+4100/org_segmentation
2025-07-26 22:24:17,344 - INFO - All collision results already exist for BConcave+AConvex+4100
2025-07-26 22:24:17,345 - DEBUG - Loaded collision time for BConcave+AConvex+4100 at IoU 0.05: nan
2025-07-26 22:24:17,346 - DEBUG - Loaded collision time for BConcave+AConvex+4100 at IoU 0.1: nan
2025-07-26 22:24:17,347 - DEBUG - Loaded collision time for BConcave+AConvex+4100 at IoU 0.15: nan
2025-07-26 22:24:17,348 - DEBUG - Loaded collision time for BConcave+AConvex+4100 at IoU 0.2: nan
2025-07-26 22:24:17,349 - DEBUG - Loaded collision time for BConcave+AConvex+4100 at IoU 0.25: nan
2025-07-26 22:24:17,349 - DEBUG - Loaded collision time for BConcave+AConvex+4100 at IoU 0.3: nan
2025-07-26 22:24:17,350 - DEBUG - Loaded collision time for BConcave+AConvex+4100 at IoU 0.35: nan
2025-07-26 22:24:17,351 - DEBUG - Loaded collision time for BConcave+AConvex+4100 at IoU 0.4: nan
2025-07-26 22:24:17,352 - DEBUG - Loaded collision time for BConcave+AConvex+4100 at IoU 0.45: nan
2025-07-26 22:24:17,353 - DEBUG - Loaded collision time for BConcave+AConvex+4100 at IoU 0.5: nan
2025-07-26 22:24:17,353 - DEBUG - Loaded collision time for BConcave+AConvex+4100 at IoU 0.55: nan
2025-07-26 22:24:17,354 - DEBUG - Loaded collision time for BConcave+AConvex+4100 at IoU 0.6: nan
2025-07-26 22:24:17,355 - DEBUG - Loaded collision time for BConcave+AConvex+4100 at IoU 0.65: nan
2025-07-26 22:24:17,356 - DEBUG - Loaded collision time for BConcave+AConvex+4100 at IoU 0.7: nan
2025-07-26 22:24:17,357 - DEBUG - Loaded collision time for BConcave+AConvex+4100 at IoU 0.75: nan
2025-07-26 22:24:17,357 - DEBUG - Loaded collision time for BConcave+AConvex+4100 at IoU 0.8: nan
2025-07-26 22:24:17,358 - DEBUG - Loaded collision time for BConcave+AConvex+4100 at IoU 0.85: nan
2025-07-26 22:24:17,359 - DEBUG - Loaded collision time for BConcave+AConvex+4100 at IoU 0.9: nan
2025-07-26 22:24:17,360 - DEBUG - Loaded collision time for BConcave+AConvex+4100 at IoU 0.95: nan
2025-07-26 22:24:17,360 - INFO - Processing video: BConcave+AConvex+4300_flipped
2025-07-26 22:24:17,362 - INFO - Video BConcave+AConvex+4300_flipped already processed (found segformer_model-BConcave+AConvex+4300_flipped.mp4), skipping video processing...
2025-07-26 22:24:17,370 - INFO - VanillaSegmentationSaver initialized with output dir: /home/projects/bagon/andreyg/Projects/Object_reps_neural/Programming/hugging_face/model_experiments/segformer/exp2TTC_segformer-b1-finetuned-ade-512-512/processed_videos/segformer_model-BConcave+AConvex+4300_flipped/org_segmentation
2025-07-26 22:24:17,375 - INFO - All collision results already exist for BConcave+AConvex+4300_flipped
2025-07-26 22:24:17,375 - DEBUG - Loaded collision time for BConcave+AConvex+4300_flipped at IoU 0.05: nan
2025-07-26 22:24:17,376 - DEBUG - Loaded collision time for BConcave+AConvex+4300_flipped at IoU 0.1: nan
2025-07-26 22:24:17,377 - DEBUG - Loaded collision time for BConcave+AConvex+4300_flipped at IoU 0.15: nan
2025-07-26 22:24:17,378 - DEBUG - Loaded collision time for BConcave+AConvex+4300_flipped at IoU 0.2: nan
2025-07-26 22:24:17,379 - DEBUG - Loaded collision time for BConcave+AConvex+4300_flipped at IoU 0.25: nan
2025-07-26 22:24:17,379 - DEBUG - Loaded collision time for BConcave+AConvex+4300_flipped at IoU 0.3: nan
2025-07-26 22:24:17,380 - DEBUG - Loaded collision time for BConcave+AConvex+4300_flipped at IoU 0.35: nan
2025-07-26 22:24:17,381 - DEBUG - Loaded collision time for BConcave+AConvex+4300_flipped at IoU 0.4: nan
2025-07-26 22:24:17,382 - DEBUG - Loaded collision time for BConcave+AConvex+4300_flipped at IoU 0.45: nan
2025-07-26 22:24:17,383 - DEBUG - Loaded collision time for BConcave+AConvex+4300_flipped at IoU 0.5: nan
2025-07-26 22:24:17,384 - DEBUG - Loaded collision time for BConcave+AConvex+4300_flipped at IoU 0.55: nan
2025-07-26 22:24:17,385 - DEBUG - Loaded collision time for BConcave+AConvex+4300_flipped at IoU 0.6: nan
2025-07-26 22:24:17,385 - DEBUG - Loaded collision time for BConcave+AConvex+4300_flipped at IoU 0.65: nan
2025-07-26 22:24:17,386 - DEBUG - Loaded collision time for BConcave+AConvex+4300_flipped at IoU 0.7: nan
2025-07-26 22:24:17,387 - DEBUG - Loaded collision time for BConcave+AConvex+4300_flipped at IoU 0.75: nan
2025-07-26 22:24:17,388 - DEBUG - Loaded collision time for BConcave+AConvex+4300_flipped at IoU 0.8: nan
2025-07-26 22:24:17,389 - DEBUG - Loaded collision time for BConcave+AConvex+4300_flipped at IoU 0.85: nan
2025-07-26 22:24:17,390 - DEBUG - Loaded collision time for BConcave+AConvex+4300_flipped at IoU 0.9: nan
2025-07-26 22:24:17,390 - DEBUG - Loaded collision time for BConcave+AConvex+4300_flipped at IoU 0.95: nan
2025-07-26 22:24:17,390 - INFO - Processing video: BConcave+AConvex+4500
2025-07-26 22:24:17,392 - INFO - Video BConcave+AConvex+4500 already processed (found segformer_model-BConcave+AConvex+4500.mp4), skipping video processing...
2025-07-26 22:24:17,400 - INFO - VanillaSegmentationSaver initialized with output dir: /home/projects/bagon/andreyg/Projects/Object_reps_neural/Programming/hugging_face/model_experiments/segformer/exp2TTC_segformer-b1-finetuned-ade-512-512/processed_videos/segformer_model-BConcave+AConvex+4500/org_segmentation
2025-07-26 22:24:17,405 - INFO - All collision results already exist for BConcave+AConvex+4500
2025-07-26 22:24:17,405 - DEBUG - Loaded collision time for BConcave+AConvex+4500 at IoU 0.05: nan
2025-07-26 22:24:17,406 - DEBUG - Loaded collision time for BConcave+AConvex+4500 at IoU 0.1: nan
2025-07-26 22:24:17,407 - DEBUG - Loaded collision time for BConcave+AConvex+4500 at IoU 0.15: nan
2025-07-26 22:24:17,408 - DEBUG - Loaded collision time for BConcave+AConvex+4500 at IoU 0.2: nan
2025-07-26 22:24:17,409 - DEBUG - Loaded collision time for BConcave+AConvex+4500 at IoU 0.25: nan
2025-07-26 22:24:17,410 - DEBUG - Loaded collision time for BConcave+AConvex+4500 at IoU 0.3: nan
2025-07-26 22:24:17,411 - DEBUG - Loaded collision time for BConcave+AConvex+4500 at IoU 0.35: nan
2025-07-26 22:24:17,412 - DEBUG - Loaded collision time for BConcave+AConvex+4500 at IoU 0.4: nan
2025-07-26 22:24:17,412 - DEBUG - Loaded collision time for BConcave+AConvex+4500 at IoU 0.45: nan
2025-07-26 22:24:17,413 - DEBUG - Loaded collision time for BConcave+AConvex+4500 at IoU 0.5: nan
2025-07-26 22:24:17,414 - DEBUG - Loaded collision time for BConcave+AConvex+4500 at IoU 0.55: nan
2025-07-26 22:24:17,415 - DEBUG - Loaded collision time for BConcave+AConvex+4500 at IoU 0.6: nan
2025-07-26 22:24:17,416 - DEBUG - Loaded collision time for BConcave+AConvex+4500 at IoU 0.65: nan
2025-07-26 22:24:17,417 - DEBUG - Loaded collision time for BConcave+AConvex+4500 at IoU 0.7: nan
2025-07-26 22:24:17,418 - DEBUG - Loaded collision time for BConcave+AConvex+4500 at IoU 0.75: nan
2025-07-26 22:24:17,418 - DEBUG - Loaded collision time for BConcave+AConvex+4500 at IoU 0.8: nan
2025-07-26 22:24:17,419 - DEBUG - Loaded collision time for BConcave+AConvex+4500 at IoU 0.85: nan
2025-07-26 22:24:17,420 - DEBUG - Loaded collision time for BConcave+AConvex+4500 at IoU 0.9: nan
2025-07-26 22:24:17,421 - DEBUG - Loaded collision time for BConcave+AConvex+4500 at IoU 0.95: nan
2025-07-26 22:24:17,421 - INFO - Processing video: BConcave+BConcavePatient+3500
2025-07-26 22:24:17,423 - INFO - Video BConcave+BConcavePatient+3500 already processed (found segformer_model-BConcave+BConcavePatient+3500.mp4), skipping video processing...
2025-07-26 22:24:17,432 - INFO - VanillaSegmentationSaver initialized with output dir: /home/projects/bagon/andreyg/Projects/Object_reps_neural/Programming/hugging_face/model_experiments/segformer/exp2TTC_segformer-b1-finetuned-ade-512-512/processed_videos/segformer_model-BConcave+BConcavePatient+3500/org_segmentation
2025-07-26 22:24:17,436 - INFO - All collision results already exist for BConcave+BConcavePatient+3500
2025-07-26 22:24:17,437 - DEBUG - Loaded collision time for BConcave+BConcavePatient+3500 at IoU 0.05: 1683.3333333333333
2025-07-26 22:24:17,438 - DEBUG - Loaded collision time for BConcave+BConcavePatient+3500 at IoU 0.1: 1700.0
2025-07-26 22:24:17,439 - DEBUG - Loaded collision time for BConcave+BConcavePatient+3500 at IoU 0.15: nan
2025-07-26 22:24:17,440 - DEBUG - Loaded collision time for BConcave+BConcavePatient+3500 at IoU 0.2: nan
2025-07-26 22:24:17,440 - DEBUG - Loaded collision time for BConcave+BConcavePatient+3500 at IoU 0.25: nan
2025-07-26 22:24:17,441 - DEBUG - Loaded collision time for BConcave+BConcavePatient+3500 at IoU 0.3: nan
2025-07-26 22:24:17,442 - DEBUG - Loaded collision time for BConcave+BConcavePatient+3500 at IoU 0.35: nan
2025-07-26 22:24:17,443 - DEBUG - Loaded collision time for BConcave+BConcavePatient+3500 at IoU 0.4: nan
2025-07-26 22:24:17,444 - DEBUG - Loaded collision time for BConcave+BConcavePatient+3500 at IoU 0.45: nan
2025-07-26 22:24:17,445 - DEBUG - Loaded collision time for BConcave+BConcavePatient+3500 at IoU 0.5: nan
2025-07-26 22:24:17,446 - DEBUG - Loaded collision time for BConcave+BConcavePatient+3500 at IoU 0.55: nan
2025-07-26 22:24:17,446 - DEBUG - Loaded collision time for BConcave+BConcavePatient+3500 at IoU 0.6: nan
2025-07-26 22:24:17,447 - DEBUG - Loaded collision time for BConcave+BConcavePatient+3500 at IoU 0.65: nan
2025-07-26 22:24:17,448 - DEBUG - Loaded collision time for BConcave+BConcavePatient+3500 at IoU 0.7: nan
2025-07-26 22:24:17,449 - DEBUG - Loaded collision time for BConcave+BConcavePatient+3500 at IoU 0.75: nan
2025-07-26 22:24:17,450 - DEBUG - Loaded collision time for BConcave+BConcavePatient+3500 at IoU 0.8: nan
2025-07-26 22:24:17,451 - DEBUG - Loaded collision time for BConcave+BConcavePatient+3500 at IoU 0.85: nan
2025-07-26 22:24:17,451 - DEBUG - Loaded collision time for BConcave+BConcavePatient+3500 at IoU 0.9: nan
2025-07-26 22:24:17,452 - DEBUG - Loaded collision time for BConcave+BConcavePatient+3500 at IoU 0.95: nan
2025-07-26 22:24:17,452 - INFO - Processing video: BConcave+BConcavePatient+3700_flipped
2025-07-26 22:24:17,454 - INFO - Video BConcave+BConcavePatient+3700_flipped already processed (found segformer_model-BConcave+BConcavePatient+3700_flipped.mp4), skipping video processing...
2025-07-26 22:24:17,462 - INFO - VanillaSegmentationSaver initialized with output dir: /home/projects/bagon/andreyg/Projects/Object_reps_neural/Programming/hugging_face/model_experiments/segformer/exp2TTC_segformer-b1-finetuned-ade-512-512/processed_videos/segformer_model-BConcave+BConcavePatient+3700_flipped/org_segmentation
2025-07-26 22:24:17,466 - INFO - All collision results already exist for BConcave+BConcavePatient+3700_flipped
2025-07-26 22:24:17,467 - DEBUG - Loaded collision time for BConcave+BConcavePatient+3700_flipped at IoU 0.05: nan
2025-07-26 22:24:17,468 - DEBUG - Loaded collision time for BConcave+BConcavePatient+3700_flipped at IoU 0.1: nan
2025-07-26 22:24:17,469 - DEBUG - Loaded collision time for BConcave+BConcavePatient+3700_flipped at IoU 0.15: nan
2025-07-26 22:24:17,470 - DEBUG - Loaded collision time for BConcave+BConcavePatient+3700_flipped at IoU 0.2: nan
2025-07-26 22:24:17,470 - DEBUG - Loaded collision time for BConcave+BConcavePatient+3700_flipped at IoU 0.25: nan
2025-07-26 22:24:17,471 - DEBUG - Loaded collision time for BConcave+BConcavePatient+3700_flipped at IoU 0.3: nan
2025-07-26 22:24:17,472 - DEBUG - Loaded collision time for BConcave+BConcavePatient+3700_flipped at IoU 0.35: nan
2025-07-26 22:24:17,473 - DEBUG - Loaded collision time for BConcave+BConcavePatient+3700_flipped at IoU 0.4: nan
2025-07-26 22:24:17,474 - DEBUG - Loaded collision time for BConcave+BConcavePatient+3700_flipped at IoU 0.45: nan
2025-07-26 22:24:17,474 - DEBUG - Loaded collision time for BConcave+BConcavePatient+3700_flipped at IoU 0.5: nan
2025-07-26 22:24:17,475 - DEBUG - Loaded collision time for BConcave+BConcavePatient+3700_flipped at IoU 0.55: nan
2025-07-26 22:24:17,476 - DEBUG - Loaded collision time for BConcave+BConcavePatient+3700_flipped at IoU 0.6: nan
2025-07-26 22:24:17,477 - DEBUG - Loaded collision time for BConcave+BConcavePatient+3700_flipped at IoU 0.65: nan
2025-07-26 22:24:17,478 - DEBUG - Loaded collision time for BConcave+BConcavePatient+3700_flipped at IoU 0.7: nan
2025-07-26 22:24:17,479 - DEBUG - Loaded collision time for BConcave+BConcavePatient+3700_flipped at IoU 0.75: nan
2025-07-26 22:24:17,479 - DEBUG - Loaded collision time for BConcave+BConcavePatient+3700_flipped at IoU 0.8: nan
2025-07-26 22:24:17,480 - DEBUG - Loaded collision time for BConcave+BConcavePatient+3700_flipped at IoU 0.85: nan
2025-07-26 22:24:17,481 - DEBUG - Loaded collision time for BConcave+BConcavePatient+3700_flipped at IoU 0.9: nan
2025-07-26 22:24:17,482 - DEBUG - Loaded collision time for BConcave+BConcavePatient+3700_flipped at IoU 0.95: nan
2025-07-26 22:24:17,482 - INFO - Processing video: BConcave+BConcavePatient+3900
2025-07-26 22:24:17,483 - INFO - Video BConcave+BConcavePatient+3900 already processed (found segformer_model-BConcave+BConcavePatient+3900.mp4), skipping video processing...
2025-07-26 22:24:17,492 - INFO - VanillaSegmentationSaver initialized with output dir: /home/projects/bagon/andreyg/Projects/Object_reps_neural/Programming/hugging_face/model_experiments/segformer/exp2TTC_segformer-b1-finetuned-ade-512-512/processed_videos/segformer_model-BConcave+BConcavePatient+3900/org_segmentation
2025-07-26 22:24:17,496 - INFO - All collision results already exist for BConcave+BConcavePatient+3900
2025-07-26 22:24:17,497 - DEBUG - Loaded collision time for BConcave+BConcavePatient+3900 at IoU 0.05: nan
2025-07-26 22:24:17,498 - DEBUG - Loaded collision time for BConcave+BConcavePatient+3900 at IoU 0.1: nan
2025-07-26 22:24:17,499 - DEBUG - Loaded collision time for BConcave+BConcavePatient+3900 at IoU 0.15: nan
2025-07-26 22:24:17,500 - DEBUG - Loaded collision time for BConcave+BConcavePatient+3900 at IoU 0.2: nan
2025-07-26 22:24:17,501 - DEBUG - Loaded collision time for BConcave+BConcavePatient+3900 at IoU 0.25: nan
2025-07-26 22:24:17,501 - DEBUG - Loaded collision time for BConcave+BConcavePatient+3900 at IoU 0.3: nan
2025-07-26 22:24:17,502 - DEBUG - Loaded collision time for BConcave+BConcavePatient+3900 at IoU 0.35: nan
2025-07-26 22:24:17,503 - DEBUG - Loaded collision time for BConcave+BConcavePatient+3900 at IoU 0.4: nan
2025-07-26 22:24:17,504 - DEBUG - Loaded collision time for BConcave+BConcavePatient+3900 at IoU 0.45: nan
2025-07-26 22:24:17,505 - DEBUG - Loaded collision time for BConcave+BConcavePatient+3900 at IoU 0.5: nan
2025-07-26 22:24:17,506 - DEBUG - Loaded collision time for BConcave+BConcavePatient+3900 at IoU 0.55: nan
2025-07-26 22:24:17,507 - DEBUG - Loaded collision time for BConcave+BConcavePatient+3900 at IoU 0.6: nan
2025-07-26 22:24:17,507 - DEBUG - Loaded collision time for BConcave+BConcavePatient+3900 at IoU 0.65: nan
2025-07-26 22:24:17,508 - DEBUG - Loaded collision time for BConcave+BConcavePatient+3900 at IoU 0.7: nan
2025-07-26 22:24:17,509 - DEBUG - Loaded collision time for BConcave+BConcavePatient+3900 at IoU 0.75: nan
2025-07-26 22:24:17,510 - DEBUG - Loaded collision time for BConcave+BConcavePatient+3900 at IoU 0.8: nan
2025-07-26 22:24:17,511 - DEBUG - Loaded collision time for BConcave+BConcavePatient+3900 at IoU 0.85: nan
2025-07-26 22:24:17,512 - DEBUG - Loaded collision time for BConcave+BConcavePatient+3900 at IoU 0.9: nan
2025-07-26 22:24:17,513 - DEBUG - Loaded collision time for BConcave+BConcavePatient+3900 at IoU 0.95: nan
2025-07-26 22:24:17,513 - INFO - Processing video: BConcave+BConcavePatient+4100_flipped
2025-07-26 22:24:17,514 - INFO - Video BConcave+BConcavePatient+4100_flipped already processed (found segformer_model-BConcave+BConcavePatient+4100_flipped.mp4), skipping video processing...
2025-07-26 22:24:17,522 - INFO - VanillaSegmentationSaver initialized with output dir: /home/projects/bagon/andreyg/Projects/Object_reps_neural/Programming/hugging_face/model_experiments/segformer/exp2TTC_segformer-b1-finetuned-ade-512-512/processed_videos/segformer_model-BConcave+BConcavePatient+4100_flipped/org_segmentation
2025-07-26 22:24:17,527 - INFO - All collision results already exist for BConcave+BConcavePatient+4100_flipped
2025-07-26 22:24:17,528 - DEBUG - Loaded collision time for BConcave+BConcavePatient+4100_flipped at IoU 0.05: nan
2025-07-26 22:24:17,529 - DEBUG - Loaded collision time for BConcave+BConcavePatient+4100_flipped at IoU 0.1: nan
2025-07-26 22:24:17,529 - DEBUG - Loaded collision time for BConcave+BConcavePatient+4100_flipped at IoU 0.15: nan
2025-07-26 22:24:17,530 - DEBUG - Loaded collision time for BConcave+BConcavePatient+4100_flipped at IoU 0.2: nan
2025-07-26 22:24:17,531 - DEBUG - Loaded collision time for BConcave+BConcavePatient+4100_flipped at IoU 0.25: nan
2025-07-26 22:24:17,532 - DEBUG - Loaded collision time for BConcave+BConcavePatient+4100_flipped at IoU 0.3: nan
2025-07-26 22:24:17,533 - DEBUG - Loaded collision time for BConcave+BConcavePatient+4100_flipped at IoU 0.35: nan
2025-07-26 22:24:17,533 - DEBUG - Loaded collision time for BConcave+BConcavePatient+4100_flipped at IoU 0.4: nan
2025-07-26 22:24:17,534 - DEBUG - Loaded collision time for BConcave+BConcavePatient+4100_flipped at IoU 0.45: nan
2025-07-26 22:24:17,535 - DEBUG - Loaded collision time for BConcave+BConcavePatient+4100_flipped at IoU 0.5: nan
2025-07-26 22:24:17,536 - DEBUG - Loaded collision time for BConcave+BConcavePatient+4100_flipped at IoU 0.55: nan
2025-07-26 22:24:17,537 - DEBUG - Loaded collision time for BConcave+BConcavePatient+4100_flipped at IoU 0.6: nan
2025-07-26 22:24:17,538 - DEBUG - Loaded collision time for BConcave+BConcavePatient+4100_flipped at IoU 0.65: nan
2025-07-26 22:24:17,539 - DEBUG - Loaded collision time for BConcave+BConcavePatient+4100_flipped at IoU 0.7: nan
2025-07-26 22:24:17,539 - DEBUG - Loaded collision time for BConcave+BConcavePatient+4100_flipped at IoU 0.75: nan
2025-07-26 22:24:17,540 - DEBUG - Loaded collision time for BConcave+BConcavePatient+4100_flipped at IoU 0.8: nan
2025-07-26 22:24:17,541 - DEBUG - Loaded collision time for BConcave+BConcavePatient+4100_flipped at IoU 0.85: nan
2025-07-26 22:24:17,542 - DEBUG - Loaded collision time for BConcave+BConcavePatient+4100_flipped at IoU 0.9: nan
2025-07-26 22:24:17,542 - DEBUG - Loaded collision time for BConcave+BConcavePatient+4100_flipped at IoU 0.95: nan
2025-07-26 22:24:17,542 - INFO - Processing video: BConcave+BConcavePatient+4300
2025-07-26 22:24:17,544 - INFO - Video BConcave+BConcavePatient+4300 already processed (found segformer_model-BConcave+BConcavePatient+4300.mp4), skipping video processing...
2025-07-26 22:24:17,553 - INFO - VanillaSegmentationSaver initialized with output dir: /home/projects/bagon/andreyg/Projects/Object_reps_neural/Programming/hugging_face/model_experiments/segformer/exp2TTC_segformer-b1-finetuned-ade-512-512/processed_videos/segformer_model-BConcave+BConcavePatient+4300/org_segmentation
2025-07-26 22:24:17,557 - INFO - All collision results already exist for BConcave+BConcavePatient+4300
2025-07-26 22:24:17,558 - DEBUG - Loaded collision time for BConcave+BConcavePatient+4300 at IoU 0.05: nan
2025-07-26 22:24:17,559 - DEBUG - Loaded collision time for BConcave+BConcavePatient+4300 at IoU 0.1: nan
2025-07-26 22:24:17,559 - DEBUG - Loaded collision time for BConcave+BConcavePatient+4300 at IoU 0.15: nan
2025-07-26 22:24:17,560 - DEBUG - Loaded collision time for BConcave+BConcavePatient+4300 at IoU 0.2: nan
2025-07-26 22:24:17,561 - DEBUG - Loaded collision time for BConcave+BConcavePatient+4300 at IoU 0.25: nan
2025-07-26 22:24:17,562 - DEBUG - Loaded collision time for BConcave+BConcavePatient+4300 at IoU 0.3: nan
2025-07-26 22:24:17,563 - DEBUG - Loaded collision time for BConcave+BConcavePatient+4300 at IoU 0.35: nan
2025-07-26 22:24:17,564 - DEBUG - Loaded collision time for BConcave+BConcavePatient+4300 at IoU 0.4: nan
2025-07-26 22:24:17,564 - DEBUG - Loaded collision time for BConcave+BConcavePatient+4300 at IoU 0.45: nan
2025-07-26 22:24:17,565 - DEBUG - Loaded collision time for BConcave+BConcavePatient+4300 at IoU 0.5: nan
2025-07-26 22:24:17,566 - DEBUG - Loaded collision time for BConcave+BConcavePatient+4300 at IoU 0.55: nan
2025-07-26 22:24:17,567 - DEBUG - Loaded collision time for BConcave+BConcavePatient+4300 at IoU 0.6: nan
2025-07-26 22:24:17,568 - DEBUG - Loaded collision time for BConcave+BConcavePatient+4300 at IoU 0.65: nan
2025-07-26 22:24:17,569 - DEBUG - Loaded collision time for BConcave+BConcavePatient+4300 at IoU 0.7: nan
2025-07-26 22:24:17,569 - DEBUG - Loaded collision time for BConcave+BConcavePatient+4300 at IoU 0.75: nan
2025-07-26 22:24:17,570 - DEBUG - Loaded collision time for BConcave+BConcavePatient+4300 at IoU 0.8: nan
2025-07-26 22:24:17,571 - DEBUG - Loaded collision time for BConcave+BConcavePatient+4300 at IoU 0.85: nan
2025-07-26 22:24:17,572 - DEBUG - Loaded collision time for BConcave+BConcavePatient+4300 at IoU 0.9: nan
2025-07-26 22:24:17,573 - DEBUG - Loaded collision time for BConcave+BConcavePatient+4300 at IoU 0.95: nan
2025-07-26 22:24:17,573 - INFO - Processing video: BConcave+BConcavePatient+4500_flipped
2025-07-26 22:24:17,575 - INFO - Video BConcave+BConcavePatient+4500_flipped already processed (found segformer_model-BConcave+BConcavePatient+4500_flipped.mp4), skipping video processing...
2025-07-26 22:24:17,583 - INFO - VanillaSegmentationSaver initialized with output dir: /home/projects/bagon/andreyg/Projects/Object_reps_neural/Programming/hugging_face/model_experiments/segformer/exp2TTC_segformer-b1-finetuned-ade-512-512/processed_videos/segformer_model-BConcave+BConcavePatient+4500_flipped/org_segmentation
2025-07-26 22:24:17,587 - INFO - All collision results already exist for BConcave+BConcavePatient+4500_flipped
2025-07-26 22:24:17,588 - DEBUG - Loaded collision time for BConcave+BConcavePatient+4500_flipped at IoU 0.05: nan
2025-07-26 22:24:17,589 - DEBUG - Loaded collision time for BConcave+BConcavePatient+4500_flipped at IoU 0.1: nan
2025-07-26 22:24:17,590 - DEBUG - Loaded collision time for BConcave+BConcavePatient+4500_flipped at IoU 0.15: nan
2025-07-26 22:24:17,591 - DEBUG - Loaded collision time for BConcave+BConcavePatient+4500_flipped at IoU 0.2: nan
2025-07-26 22:24:17,591 - DEBUG - Loaded collision time for BConcave+BConcavePatient+4500_flipped at IoU 0.25: nan
2025-07-26 22:24:17,592 - DEBUG - Loaded collision time for BConcave+BConcavePatient+4500_flipped at IoU 0.3: nan
2025-07-26 22:24:17,593 - DEBUG - Loaded collision time for BConcave+BConcavePatient+4500_flipped at IoU 0.35: nan
2025-07-26 22:24:17,594 - DEBUG - Loaded collision time for BConcave+BConcavePatient+4500_flipped at IoU 0.4: nan
2025-07-26 22:24:17,595 - DEBUG - Loaded collision time for BConcave+BConcavePatient+4500_flipped at IoU 0.45: nan
2025-07-26 22:24:17,596 - DEBUG - Loaded collision time for BConcave+BConcavePatient+4500_flipped at IoU 0.5: nan
2025-07-26 22:24:17,596 - DEBUG - Loaded collision time for BConcave+BConcavePatient+4500_flipped at IoU 0.55: nan
2025-07-26 22:24:17,597 - DEBUG - Loaded collision time for BConcave+BConcavePatient+4500_flipped at IoU 0.6: nan
2025-07-26 22:24:17,598 - DEBUG - Loaded collision time for BConcave+BConcavePatient+4500_flipped at IoU 0.65: nan
2025-07-26 22:24:17,599 - DEBUG - Loaded collision time for BConcave+BConcavePatient+4500_flipped at IoU 0.7: nan
2025-07-26 22:24:17,600 - DEBUG - Loaded collision time for BConcave+BConcavePatient+4500_flipped at IoU 0.75: nan
2025-07-26 22:24:17,601 - DEBUG - Loaded collision time for BConcave+BConcavePatient+4500_flipped at IoU 0.8: nan
2025-07-26 22:24:17,602 - DEBUG - Loaded collision time for BConcave+BConcavePatient+4500_flipped at IoU 0.85: nan
2025-07-26 22:24:17,603 - DEBUG - Loaded collision time for BConcave+BConcavePatient+4500_flipped at IoU 0.9: nan
2025-07-26 22:24:17,603 - DEBUG - Loaded collision time for BConcave+BConcavePatient+4500_flipped at IoU 0.95: nan
2025-07-26 22:24:17,604 - INFO - Processing video: BConcave+BConvex+3500_flipped
2025-07-26 22:24:17,605 - INFO - Video BConcave+BConvex+3500_flipped already processed (found segformer_model-BConcave+BConvex+3500_flipped.mp4), skipping video processing...
2025-07-26 22:24:17,615 - INFO - VanillaSegmentationSaver initialized with output dir: /home/projects/bagon/andreyg/Projects/Object_reps_neural/Programming/hugging_face/model_experiments/segformer/exp2TTC_segformer-b1-finetuned-ade-512-512/processed_videos/segformer_model-BConcave+BConvex+3500_flipped/org_segmentation
2025-07-26 22:24:17,619 - INFO - All collision results already exist for BConcave+BConvex+3500_flipped
2025-07-26 22:24:17,620 - DEBUG - Loaded collision time for BConcave+BConvex+3500_flipped at IoU 0.05: nan
2025-07-26 22:24:17,621 - DEBUG - Loaded collision time for BConcave+BConvex+3500_flipped at IoU 0.1: nan
2025-07-26 22:24:17,621 - DEBUG - Loaded collision time for BConcave+BConvex+3500_flipped at IoU 0.15: nan
2025-07-26 22:24:17,622 - DEBUG - Loaded collision time for BConcave+BConvex+3500_flipped at IoU 0.2: nan
2025-07-26 22:24:17,623 - DEBUG - Loaded collision time for BConcave+BConvex+3500_flipped at IoU 0.25: nan
2025-07-26 22:24:17,624 - DEBUG - Loaded collision time for BConcave+BConvex+3500_flipped at IoU 0.3: nan
2025-07-26 22:24:17,625 - DEBUG - Loaded collision time for BConcave+BConvex+3500_flipped at IoU 0.35: nan
2025-07-26 22:24:17,626 - DEBUG - Loaded collision time for BConcave+BConvex+3500_flipped at IoU 0.4: nan
2025-07-26 22:24:17,626 - DEBUG - Loaded collision time for BConcave+BConvex+3500_flipped at IoU 0.45: nan
2025-07-26 22:24:17,627 - DEBUG - Loaded collision time for BConcave+BConvex+3500_flipped at IoU 0.5: nan
2025-07-26 22:24:17,628 - DEBUG - Loaded collision time for BConcave+BConvex+3500_flipped at IoU 0.55: nan
2025-07-26 22:24:17,629 - DEBUG - Loaded collision time for BConcave+BConvex+3500_flipped at IoU 0.6: nan
2025-07-26 22:24:17,630 - DEBUG - Loaded collision time for BConcave+BConvex+3500_flipped at IoU 0.65: nan
2025-07-26 22:24:17,631 - DEBUG - Loaded collision time for BConcave+BConvex+3500_flipped at IoU 0.7: nan
2025-07-26 22:24:17,631 - DEBUG - Loaded collision time for BConcave+BConvex+3500_flipped at IoU 0.75: nan
2025-07-26 22:24:17,632 - DEBUG - Loaded collision time for BConcave+BConvex+3500_flipped at IoU 0.8: nan
2025-07-26 22:24:17,633 - DEBUG - Loaded collision time for BConcave+BConvex+3500_flipped at IoU 0.85: nan
2025-07-26 22:24:17,634 - DEBUG - Loaded collision time for BConcave+BConvex+3500_flipped at IoU 0.9: nan
2025-07-26 22:24:17,635 - DEBUG - Loaded collision time for BConcave+BConvex+3500_flipped at IoU 0.95: nan
2025-07-26 22:24:17,635 - INFO - Processing video: BConcave+BConvex+3700
2025-07-26 22:24:17,636 - INFO - Video BConcave+BConvex+3700 already processed (found segformer_model-BConcave+BConvex+3700.mp4), skipping video processing...
2025-07-26 22:24:17,644 - INFO - VanillaSegmentationSaver initialized with output dir: /home/projects/bagon/andreyg/Projects/Object_reps_neural/Programming/hugging_face/model_experiments/segformer/exp2TTC_segformer-b1-finetuned-ade-512-512/processed_videos/segformer_model-BConcave+BConvex+3700/org_segmentation
2025-07-26 22:24:17,649 - INFO - All collision results already exist for BConcave+BConvex+3700
2025-07-26 22:24:17,650 - DEBUG - Loaded collision time for BConcave+BConvex+3700 at IoU 0.05: nan
2025-07-26 22:24:17,650 - DEBUG - Loaded collision time for BConcave+BConvex+3700 at IoU 0.1: nan
2025-07-26 22:24:17,651 - DEBUG - Loaded collision time for BConcave+BConvex+3700 at IoU 0.15: nan
2025-07-26 22:24:17,652 - DEBUG - Loaded collision time for BConcave+BConvex+3700 at IoU 0.2: nan
2025-07-26 22:24:17,653 - DEBUG - Loaded collision time for BConcave+BConvex+3700 at IoU 0.25: nan
2025-07-26 22:24:17,654 - DEBUG - Loaded collision time for BConcave+BConvex+3700 at IoU 0.3: nan
2025-07-26 22:24:17,654 - DEBUG - Loaded collision time for BConcave+BConvex+3700 at IoU 0.35: nan
2025-07-26 22:24:17,655 - DEBUG - Loaded collision time for BConcave+BConvex+3700 at IoU 0.4: nan
2025-07-26 22:24:17,656 - DEBUG - Loaded collision time for BConcave+BConvex+3700 at IoU 0.45: nan
2025-07-26 22:24:17,657 - DEBUG - Loaded collision time for BConcave+BConvex+3700 at IoU 0.5: nan
2025-07-26 22:24:17,658 - DEBUG - Loaded collision time for BConcave+BConvex+3700 at IoU 0.55: nan
2025-07-26 22:24:17,658 - DEBUG - Loaded collision time for BConcave+BConvex+3700 at IoU 0.6: nan
2025-07-26 22:24:17,659 - DEBUG - Loaded collision time for BConcave+BConvex+3700 at IoU 0.65: nan
2025-07-26 22:24:17,660 - DEBUG - Loaded collision time for BConcave+BConvex+3700 at IoU 0.7: nan
2025-07-26 22:24:17,661 - DEBUG - Loaded collision time for BConcave+BConvex+3700 at IoU 0.75: nan
2025-07-26 22:24:17,662 - DEBUG - Loaded collision time for BConcave+BConvex+3700 at IoU 0.8: nan
2025-07-26 22:24:17,663 - DEBUG - Loaded collision time for BConcave+BConvex+3700 at IoU 0.85: nan
2025-07-26 22:24:17,663 - DEBUG - Loaded collision time for BConcave+BConvex+3700 at IoU 0.9: nan
2025-07-26 22:24:17,664 - DEBUG - Loaded collision time for BConcave+BConvex+3700 at IoU 0.95: nan
2025-07-26 22:24:17,664 - INFO - Processing video: BConcave+BConvex+3900_flipped
2025-07-26 22:24:17,666 - INFO - Video BConcave+BConvex+3900_flipped already processed (found segformer_model-BConcave+BConvex+3900_flipped.mp4), skipping video processing...
2025-07-26 22:24:17,673 - INFO - VanillaSegmentationSaver initialized with output dir: /home/projects/bagon/andreyg/Projects/Object_reps_neural/Programming/hugging_face/model_experiments/segformer/exp2TTC_segformer-b1-finetuned-ade-512-512/processed_videos/segformer_model-BConcave+BConvex+3900_flipped/org_segmentation
2025-07-26 22:24:17,678 - INFO - All collision results already exist for BConcave+BConvex+3900_flipped
2025-07-26 22:24:17,679 - DEBUG - Loaded collision time for BConcave+BConvex+3900_flipped at IoU 0.05: 4466.666666666667
2025-07-26 22:24:17,679 - DEBUG - Loaded collision time for BConcave+BConvex+3900_flipped at IoU 0.1: nan
2025-07-26 22:24:17,680 - DEBUG - Loaded collision time for BConcave+BConvex+3900_flipped at IoU 0.15: nan
2025-07-26 22:24:17,681 - DEBUG - Loaded collision time for BConcave+BConvex+3900_flipped at IoU 0.2: nan
2025-07-26 22:24:17,682 - DEBUG - Loaded collision time for BConcave+BConvex+3900_flipped at IoU 0.25: nan
2025-07-26 22:24:17,683 - DEBUG - Loaded collision time for BConcave+BConvex+3900_flipped at IoU 0.3: nan
2025-07-26 22:24:17,684 - DEBUG - Loaded collision time for BConcave+BConvex+3900_flipped at IoU 0.35: nan
2025-07-26 22:24:17,685 - DEBUG - Loaded collision time for BConcave+BConvex+3900_flipped at IoU 0.4: nan
2025-07-26 22:24:17,686 - DEBUG - Loaded collision time for BConcave+BConvex+3900_flipped at IoU 0.45: nan
2025-07-26 22:24:17,686 - DEBUG - Loaded collision time for BConcave+BConvex+3900_flipped at IoU 0.5: nan
2025-07-26 22:24:17,687 - DEBUG - Loaded collision time for BConcave+BConvex+3900_flipped at IoU 0.55: nan
2025-07-26 22:24:17,688 - DEBUG - Loaded collision time for BConcave+BConvex+3900_flipped at IoU 0.6: nan
2025-07-26 22:24:17,689 - DEBUG - Loaded collision time for BConcave+BConvex+3900_flipped at IoU 0.65: nan
2025-07-26 22:24:17,690 - DEBUG - Loaded collision time for BConcave+BConvex+3900_flipped at IoU 0.7: nan
2025-07-26 22:24:17,691 - DEBUG - Loaded collision time for BConcave+BConvex+3900_flipped at IoU 0.75: nan
2025-07-26 22:24:17,692 - DEBUG - Loaded collision time for BConcave+BConvex+3900_flipped at IoU 0.8: nan
2025-07-26 22:24:17,692 - DEBUG - Loaded collision time for BConcave+BConvex+3900_flipped at IoU 0.85: nan
2025-07-26 22:24:17,693 - DEBUG - Loaded collision time for BConcave+BConvex+3900_flipped at IoU 0.9: nan
2025-07-26 22:24:17,694 - DEBUG - Loaded collision time for BConcave+BConvex+3900_flipped at IoU 0.95: nan
2025-07-26 22:24:17,694 - INFO - Processing video: BConcave+BConvex+4100
2025-07-26 22:24:17,695 - INFO - Video BConcave+BConvex+4100 already processed (found segformer_model-BConcave+BConvex+4100.mp4), skipping video processing...
2025-07-26 22:24:17,704 - INFO - VanillaSegmentationSaver initialized with output dir: /home/projects/bagon/andreyg/Projects/Object_reps_neural/Programming/hugging_face/model_experiments/segformer/exp2TTC_segformer-b1-finetuned-ade-512-512/processed_videos/segformer_model-BConcave+BConvex+4100/org_segmentation
2025-07-26 22:24:17,708 - INFO - All collision results already exist for BConcave+BConvex+4100
2025-07-26 22:24:17,708 - DEBUG - Loaded collision time for BConcave+BConvex+4100 at IoU 0.05: nan
2025-07-26 22:24:17,709 - DEBUG - Loaded collision time for BConcave+BConvex+4100 at IoU 0.1: nan
2025-07-26 22:24:17,710 - DEBUG - Loaded collision time for BConcave+BConvex+4100 at IoU 0.15: nan
2025-07-26 22:24:17,711 - DEBUG - Loaded collision time for BConcave+BConvex+4100 at IoU 0.2: nan
2025-07-26 22:24:17,712 - DEBUG - Loaded collision time for BConcave+BConvex+4100 at IoU 0.25: nan
2025-07-26 22:24:17,713 - DEBUG - Loaded collision time for BConcave+BConvex+4100 at IoU 0.3: nan
2025-07-26 22:24:17,714 - DEBUG - Loaded collision time for BConcave+BConvex+4100 at IoU 0.35: nan
2025-07-26 22:24:17,715 - DEBUG - Loaded collision time for BConcave+BConvex+4100 at IoU 0.4: nan
2025-07-26 22:24:17,715 - DEBUG - Loaded collision time for BConcave+BConvex+4100 at IoU 0.45: nan
2025-07-26 22:24:17,716 - DEBUG - Loaded collision time for BConcave+BConvex+4100 at IoU 0.5: nan
2025-07-26 22:24:17,717 - DEBUG - Loaded collision time for BConcave+BConvex+4100 at IoU 0.55: nan
2025-07-26 22:24:17,718 - DEBUG - Loaded collision time for BConcave+BConvex+4100 at IoU 0.6: nan
2025-07-26 22:24:17,719 - DEBUG - Loaded collision time for BConcave+BConvex+4100 at IoU 0.65: nan
2025-07-26 22:24:17,720 - DEBUG - Loaded collision time for BConcave+BConvex+4100 at IoU 0.7: nan
2025-07-26 22:24:17,720 - DEBUG - Loaded collision time for BConcave+BConvex+4100 at IoU 0.75: nan
2025-07-26 22:24:17,721 - DEBUG - Loaded collision time for BConcave+BConvex+4100 at IoU 0.8: nan
2025-07-26 22:24:17,722 - DEBUG - Loaded collision time for BConcave+BConvex+4100 at IoU 0.85: nan
2025-07-26 22:24:17,723 - DEBUG - Loaded collision time for BConcave+BConvex+4100 at IoU 0.9: nan
2025-07-26 22:24:17,724 - DEBUG - Loaded collision time for BConcave+BConvex+4100 at IoU 0.95: nan
2025-07-26 22:24:17,724 - INFO - Processing video: BConcave+BConvex+4300_flipped
2025-07-26 22:24:17,726 - INFO - Video BConcave+BConvex+4300_flipped already processed (found segformer_model-BConcave+BConvex+4300_flipped.mp4), skipping video processing...
2025-07-26 22:24:17,743 - INFO - VanillaSegmentationSaver initialized with output dir: /home/projects/bagon/andreyg/Projects/Object_reps_neural/Programming/hugging_face/model_experiments/segformer/exp2TTC_segformer-b1-finetuned-ade-512-512/processed_videos/segformer_model-BConcave+BConvex+4300_flipped/org_segmentation
2025-07-26 22:24:17,748 - INFO - All collision results already exist for BConcave+BConvex+4300_flipped
2025-07-26 22:24:17,749 - DEBUG - Loaded collision time for BConcave+BConvex+4300_flipped at IoU 0.05: nan
2025-07-26 22:24:17,750 - DEBUG - Loaded collision time for BConcave+BConvex+4300_flipped at IoU 0.1: nan
2025-07-26 22:24:17,751 - DEBUG - Loaded collision time for BConcave+BConvex+4300_flipped at IoU 0.15: nan
2025-07-26 22:24:17,751 - DEBUG - Loaded collision time for BConcave+BConvex+4300_flipped at IoU 0.2: nan
2025-07-26 22:24:17,752 - DEBUG - Loaded collision time for BConcave+BConvex+4300_flipped at IoU 0.25: nan
2025-07-26 22:24:17,753 - DEBUG - Loaded collision time for BConcave+BConvex+4300_flipped at IoU 0.3: nan
2025-07-26 22:24:17,754 - DEBUG - Loaded collision time for BConcave+BConvex+4300_flipped at IoU 0.35: nan
2025-07-26 22:24:17,755 - DEBUG - Loaded collision time for BConcave+BConvex+4300_flipped at IoU 0.4: nan
2025-07-26 22:24:17,756 - DEBUG - Loaded collision time for BConcave+BConvex+4300_flipped at IoU 0.45: nan
2025-07-26 22:24:17,757 - DEBUG - Loaded collision time for BConcave+BConvex+4300_flipped at IoU 0.5: nan
2025-07-26 22:24:17,757 - DEBUG - Loaded collision time for BConcave+BConvex+4300_flipped at IoU 0.55: nan
2025-07-26 22:24:17,758 - DEBUG - Loaded collision time for BConcave+BConvex+4300_flipped at IoU 0.6: nan
2025-07-26 22:24:17,759 - DEBUG - Loaded collision time for BConcave+BConvex+4300_flipped at IoU 0.65: nan
2025-07-26 22:24:17,760 - DEBUG - Loaded collision time for BConcave+BConvex+4300_flipped at IoU 0.7: nan
2025-07-26 22:24:17,761 - DEBUG - Loaded collision time for BConcave+BConvex+4300_flipped at IoU 0.75: nan
2025-07-26 22:24:17,762 - DEBUG - Loaded collision time for BConcave+BConvex+4300_flipped at IoU 0.8: nan
2025-07-26 22:24:17,763 - DEBUG - Loaded collision time for BConcave+BConvex+4300_flipped at IoU 0.85: nan
2025-07-26 22:24:17,763 - DEBUG - Loaded collision time for BConcave+BConvex+4300_flipped at IoU 0.9: nan
2025-07-26 22:24:17,764 - DEBUG - Loaded collision time for BConcave+BConvex+4300_flipped at IoU 0.95: nan
2025-07-26 22:24:17,764 - INFO - Processing video: BConcave+BConvex+4500
2025-07-26 22:24:17,766 - INFO - Video BConcave+BConvex+4500 already processed (found segformer_model-BConcave+BConvex+4500.mp4), skipping video processing...
2025-07-26 22:24:17,775 - INFO - VanillaSegmentationSaver initialized with output dir: /home/projects/bagon/andreyg/Projects/Object_reps_neural/Programming/hugging_face/model_experiments/segformer/exp2TTC_segformer-b1-finetuned-ade-512-512/processed_videos/segformer_model-BConcave+BConvex+4500/org_segmentation
2025-07-26 22:24:17,779 - INFO - All collision results already exist for BConcave+BConvex+4500
2025-07-26 22:24:17,780 - DEBUG - Loaded collision time for BConcave+BConvex+4500 at IoU 0.05: nan
2025-07-26 22:24:17,781 - DEBUG - Loaded collision time for BConcave+BConvex+4500 at IoU 0.1: nan
2025-07-26 22:24:17,782 - DEBUG - Loaded collision time for BConcave+BConvex+4500 at IoU 0.15: nan
2025-07-26 22:24:17,782 - DEBUG - Loaded collision time for BConcave+BConvex+4500 at IoU 0.2: nan
2025-07-26 22:24:17,783 - DEBUG - Loaded collision time for BConcave+BConvex+4500 at IoU 0.25: nan
2025-07-26 22:24:17,784 - DEBUG - Loaded collision time for BConcave+BConvex+4500 at IoU 0.3: nan
2025-07-26 22:24:17,785 - DEBUG - Loaded collision time for BConcave+BConvex+4500 at IoU 0.35: nan
2025-07-26 22:24:17,786 - DEBUG - Loaded collision time for BConcave+BConvex+4500 at IoU 0.4: nan
2025-07-26 22:24:17,786 - DEBUG - Loaded collision time for BConcave+BConvex+4500 at IoU 0.45: nan
2025-07-26 22:24:17,787 - DEBUG - Loaded collision time for BConcave+BConvex+4500 at IoU 0.5: nan
2025-07-26 22:24:17,788 - DEBUG - Loaded collision time for BConcave+BConvex+4500 at IoU 0.55: nan
2025-07-26 22:24:17,789 - DEBUG - Loaded collision time for BConcave+BConvex+4500 at IoU 0.6: nan
2025-07-26 22:24:17,790 - DEBUG - Loaded collision time for BConcave+BConvex+4500 at IoU 0.65: nan
2025-07-26 22:24:17,791 - DEBUG - Loaded collision time for BConcave+BConvex+4500 at IoU 0.7: nan
2025-07-26 22:24:17,791 - DEBUG - Loaded collision time for BConcave+BConvex+4500 at IoU 0.75: nan
2025-07-26 22:24:17,792 - DEBUG - Loaded collision time for BConcave+BConvex+4500 at IoU 0.8: nan
2025-07-26 22:24:17,793 - DEBUG - Loaded collision time for BConcave+BConvex+4500 at IoU 0.85: nan
2025-07-26 22:24:17,794 - DEBUG - Loaded collision time for BConcave+BConvex+4500 at IoU 0.9: nan
2025-07-26 22:24:17,795 - DEBUG - Loaded collision time for BConcave+BConvex+4500 at IoU 0.95: nan
2025-07-26 22:24:17,795 - INFO - Processing video: BConcave+CConcave+3500
2025-07-26 22:24:17,797 - INFO - Video BConcave+CConcave+3500 already processed (found segformer_model-BConcave+CConcave+3500.mp4), skipping video processing...
2025-07-26 22:24:17,805 - INFO - VanillaSegmentationSaver initialized with output dir: /home/projects/bagon/andreyg/Projects/Object_reps_neural/Programming/hugging_face/model_experiments/segformer/exp2TTC_segformer-b1-finetuned-ade-512-512/processed_videos/segformer_model-BConcave+CConcave+3500/org_segmentation
2025-07-26 22:24:17,810 - INFO - All collision results already exist for BConcave+CConcave+3500
2025-07-26 22:24:17,810 - DEBUG - Loaded collision time for BConcave+CConcave+3500 at IoU 0.05: 3816.666666666667
2025-07-26 22:24:17,811 - DEBUG - Loaded collision time for BConcave+CConcave+3500 at IoU 0.1: 3950.0
2025-07-26 22:24:17,812 - DEBUG - Loaded collision time for BConcave+CConcave+3500 at IoU 0.15: 4083.333333333333
2025-07-26 22:24:17,813 - DEBUG - Loaded collision time for BConcave+CConcave+3500 at IoU 0.2: 4183.333333333334
2025-07-26 22:24:17,814 - DEBUG - Loaded collision time for BConcave+CConcave+3500 at IoU 0.25: 4300.0
2025-07-26 22:24:17,814 - DEBUG - Loaded collision time for BConcave+CConcave+3500 at IoU 0.3: 4400.0
2025-07-26 22:24:17,815 - DEBUG - Loaded collision time for BConcave+CConcave+3500 at IoU 0.35: 4566.666666666666
2025-07-26 22:24:17,816 - DEBUG - Loaded collision time for BConcave+CConcave+3500 at IoU 0.4: nan
2025-07-26 22:24:17,817 - DEBUG - Loaded collision time for BConcave+CConcave+3500 at IoU 0.45: nan
2025-07-26 22:24:17,818 - DEBUG - Loaded collision time for BConcave+CConcave+3500 at IoU 0.5: nan
2025-07-26 22:24:17,818 - DEBUG - Loaded collision time for BConcave+CConcave+3500 at IoU 0.55: nan
2025-07-26 22:24:17,819 - DEBUG - Loaded collision time for BConcave+CConcave+3500 at IoU 0.6: nan
2025-07-26 22:24:17,820 - DEBUG - Loaded collision time for BConcave+CConcave+3500 at IoU 0.65: nan
2025-07-26 22:24:17,821 - DEBUG - Loaded collision time for BConcave+CConcave+3500 at IoU 0.7: nan
2025-07-26 22:24:17,822 - DEBUG - Loaded collision time for BConcave+CConcave+3500 at IoU 0.75: nan
2025-07-26 22:24:17,823 - DEBUG - Loaded collision time for BConcave+CConcave+3500 at IoU 0.8: nan
2025-07-26 22:24:17,823 - DEBUG - Loaded collision time for BConcave+CConcave+3500 at IoU 0.85: nan
2025-07-26 22:24:17,824 - DEBUG - Loaded collision time for BConcave+CConcave+3500 at IoU 0.9: nan
2025-07-26 22:24:17,825 - DEBUG - Loaded collision time for BConcave+CConcave+3500 at IoU 0.95: nan
2025-07-26 22:24:17,825 - INFO - Processing video: BConcave+CConcave+3700_flipped
2025-07-26 22:24:17,826 - INFO - Video BConcave+CConcave+3700_flipped already processed (found segformer_model-BConcave+CConcave+3700_flipped.mp4), skipping video processing...
2025-07-26 22:24:17,834 - INFO - VanillaSegmentationSaver initialized with output dir: /home/projects/bagon/andreyg/Projects/Object_reps_neural/Programming/hugging_face/model_experiments/segformer/exp2TTC_segformer-b1-finetuned-ade-512-512/processed_videos/segformer_model-BConcave+CConcave+3700_flipped/org_segmentation
2025-07-26 22:24:17,839 - INFO - All collision results already exist for BConcave+CConcave+3700_flipped
2025-07-26 22:24:17,839 - DEBUG - Loaded collision time for BConcave+CConcave+3700_flipped at IoU 0.05: nan
2025-07-26 22:24:17,840 - DEBUG - Loaded collision time for BConcave+CConcave+3700_flipped at IoU 0.1: nan
2025-07-26 22:24:17,841 - DEBUG - Loaded collision time for BConcave+CConcave+3700_flipped at IoU 0.15: nan
2025-07-26 22:24:17,842 - DEBUG - Loaded collision time for BConcave+CConcave+3700_flipped at IoU 0.2: nan
2025-07-26 22:24:17,843 - DEBUG - Loaded collision time for BConcave+CConcave+3700_flipped at IoU 0.25: nan
2025-07-26 22:24:17,843 - DEBUG - Loaded collision time for BConcave+CConcave+3700_flipped at IoU 0.3: nan
2025-07-26 22:24:17,844 - DEBUG - Loaded collision time for BConcave+CConcave+3700_flipped at IoU 0.35: nan
2025-07-26 22:24:17,845 - DEBUG - Loaded collision time for BConcave+CConcave+3700_flipped at IoU 0.4: nan
2025-07-26 22:24:17,846 - DEBUG - Loaded collision time for BConcave+CConcave+3700_flipped at IoU 0.45: nan
2025-07-26 22:24:17,847 - DEBUG - Loaded collision time for BConcave+CConcave+3700_flipped at IoU 0.5: nan
2025-07-26 22:24:17,847 - DEBUG - Loaded collision time for BConcave+CConcave+3700_flipped at IoU 0.55: nan
2025-07-26 22:24:17,848 - DEBUG - Loaded collision time for BConcave+CConcave+3700_flipped at IoU 0.6: nan
2025-07-26 22:24:17,849 - DEBUG - Loaded collision time for BConcave+CConcave+3700_flipped at IoU 0.65: nan
2025-07-26 22:24:17,850 - DEBUG - Loaded collision time for BConcave+CConcave+3700_flipped at IoU 0.7: nan
2025-07-26 22:24:17,851 - DEBUG - Loaded collision time for BConcave+CConcave+3700_flipped at IoU 0.75: nan
2025-07-26 22:24:17,851 - DEBUG - Loaded collision time for BConcave+CConcave+3700_flipped at IoU 0.8: nan
2025-07-26 22:24:17,852 - DEBUG - Loaded collision time for BConcave+CConcave+3700_flipped at IoU 0.85: nan
2025-07-26 22:24:17,853 - DEBUG - Loaded collision time for BConcave+CConcave+3700_flipped at IoU 0.9: nan
2025-07-26 22:24:17,854 - DEBUG - Loaded collision time for BConcave+CConcave+3700_flipped at IoU 0.95: nan
2025-07-26 22:24:17,854 - INFO - Processing video: BConcave+CConcave+3900
2025-07-26 22:24:17,855 - INFO - Video BConcave+CConcave+3900 already processed (found segformer_model-BConcave+CConcave+3900.mp4), skipping video processing...
2025-07-26 22:24:17,864 - INFO - VanillaSegmentationSaver initialized with output dir: /home/projects/bagon/andreyg/Projects/Object_reps_neural/Programming/hugging_face/model_experiments/segformer/exp2TTC_segformer-b1-finetuned-ade-512-512/processed_videos/segformer_model-BConcave+CConcave+3900/org_segmentation
2025-07-26 22:24:17,868 - INFO - All collision results already exist for BConcave+CConcave+3900
2025-07-26 22:24:17,869 - DEBUG - Loaded collision time for BConcave+CConcave+3900 at IoU 0.05: nan
2025-07-26 22:24:17,870 - DEBUG - Loaded collision time for BConcave+CConcave+3900 at IoU 0.1: nan
2025-07-26 22:24:17,871 - DEBUG - Loaded collision time for BConcave+CConcave+3900 at IoU 0.15: nan
2025-07-26 22:24:17,871 - DEBUG - Loaded collision time for BConcave+CConcave+3900 at IoU 0.2: nan
2025-07-26 22:24:17,872 - DEBUG - Loaded collision time for BConcave+CConcave+3900 at IoU 0.25: nan
2025-07-26 22:24:17,873 - DEBUG - Loaded collision time for BConcave+CConcave+3900 at IoU 0.3: nan
2025-07-26 22:24:17,874 - DEBUG - Loaded collision time for BConcave+CConcave+3900 at IoU 0.35: nan
2025-07-26 22:24:17,875 - DEBUG - Loaded collision time for BConcave+CConcave+3900 at IoU 0.4: nan
2025-07-26 22:24:17,875 - DEBUG - Loaded collision time for BConcave+CConcave+3900 at IoU 0.45: nan
2025-07-26 22:24:17,876 - DEBUG - Loaded collision time for BConcave+CConcave+3900 at IoU 0.5: nan
2025-07-26 22:24:17,877 - DEBUG - Loaded collision time for BConcave+CConcave+3900 at IoU 0.55: nan
2025-07-26 22:24:17,878 - DEBUG - Loaded collision time for BConcave+CConcave+3900 at IoU 0.6: nan
2025-07-26 22:24:17,879 - DEBUG - Loaded collision time for BConcave+CConcave+3900 at IoU 0.65: nan
2025-07-26 22:24:17,879 - DEBUG - Loaded collision time for BConcave+CConcave+3900 at IoU 0.7: nan
2025-07-26 22:24:17,880 - DEBUG - Loaded collision time for BConcave+CConcave+3900 at IoU 0.75: nan
2025-07-26 22:24:17,881 - DEBUG - Loaded collision time for BConcave+CConcave+3900 at IoU 0.8: nan
2025-07-26 22:24:17,882 - DEBUG - Loaded collision time for BConcave+CConcave+3900 at IoU 0.85: nan
2025-07-26 22:24:17,883 - DEBUG - Loaded collision time for BConcave+CConcave+3900 at IoU 0.9: nan
2025-07-26 22:24:17,883 - DEBUG - Loaded collision time for BConcave+CConcave+3900 at IoU 0.95: nan
2025-07-26 22:24:17,883 - INFO - Processing video: BConcave+CConcave+4100_flipped
2025-07-26 22:24:17,885 - INFO - Video BConcave+CConcave+4100_flipped already processed (found segformer_model-BConcave+CConcave+4100_flipped.mp4), skipping video processing...
2025-07-26 22:24:17,893 - INFO - VanillaSegmentationSaver initialized with output dir: /home/projects/bagon/andreyg/Projects/Object_reps_neural/Programming/hugging_face/model_experiments/segformer/exp2TTC_segformer-b1-finetuned-ade-512-512/processed_videos/segformer_model-BConcave+CConcave+4100_flipped/org_segmentation
2025-07-26 22:24:17,897 - INFO - All collision results already exist for BConcave+CConcave+4100_flipped
2025-07-26 22:24:17,898 - DEBUG - Loaded collision time for BConcave+CConcave+4100_flipped at IoU 0.05: 1433.3333333333333
2025-07-26 22:24:17,899 - DEBUG - Loaded collision time for BConcave+CConcave+4100_flipped at IoU 0.1: 1450.0
2025-07-26 22:24:17,899 - DEBUG - Loaded collision time for BConcave+CConcave+4100_flipped at IoU 0.15: nan
2025-07-26 22:24:17,900 - DEBUG - Loaded collision time for BConcave+CConcave+4100_flipped at IoU 0.2: nan
2025-07-26 22:24:17,901 - DEBUG - Loaded collision time for BConcave+CConcave+4100_flipped at IoU 0.25: nan
2025-07-26 22:24:17,902 - DEBUG - Loaded collision time for BConcave+CConcave+4100_flipped at IoU 0.3: nan
2025-07-26 22:24:17,902 - DEBUG - Loaded collision time for BConcave+CConcave+4100_flipped at IoU 0.35: nan
2025-07-26 22:24:17,903 - DEBUG - Loaded collision time for BConcave+CConcave+4100_flipped at IoU 0.4: nan
2025-07-26 22:24:17,904 - DEBUG - Loaded collision time for BConcave+CConcave+4100_flipped at IoU 0.45: nan
2025-07-26 22:24:17,905 - DEBUG - Loaded collision time for BConcave+CConcave+4100_flipped at IoU 0.5: nan
2025-07-26 22:24:17,906 - DEBUG - Loaded collision time for BConcave+CConcave+4100_flipped at IoU 0.55: nan
2025-07-26 22:24:17,907 - DEBUG - Loaded collision time for BConcave+CConcave+4100_flipped at IoU 0.6: nan
2025-07-26 22:24:17,908 - DEBUG - Loaded collision time for BConcave+CConcave+4100_flipped at IoU 0.65: nan
2025-07-26 22:24:17,909 - DEBUG - Loaded collision time for BConcave+CConcave+4100_flipped at IoU 0.7: nan
2025-07-26 22:24:17,910 - DEBUG - Loaded collision time for BConcave+CConcave+4100_flipped at IoU 0.75: nan
2025-07-26 22:24:17,911 - DEBUG - Loaded collision time for BConcave+CConcave+4100_flipped at IoU 0.8: nan
2025-07-26 22:24:17,911 - DEBUG - Loaded collision time for BConcave+CConcave+4100_flipped at IoU 0.85: nan
2025-07-26 22:24:17,912 - DEBUG - Loaded collision time for BConcave+CConcave+4100_flipped at IoU 0.9: nan
2025-07-26 22:24:17,913 - DEBUG - Loaded collision time for BConcave+CConcave+4100_flipped at IoU 0.95: nan
2025-07-26 22:24:17,913 - INFO - Processing video: BConcave+CConcave+4300
2025-07-26 22:24:17,915 - INFO - Video BConcave+CConcave+4300 already processed (found segformer_model-BConcave+CConcave+4300.mp4), skipping video processing...
2025-07-26 22:24:17,923 - INFO - VanillaSegmentationSaver initialized with output dir: /home/projects/bagon/andreyg/Projects/Object_reps_neural/Programming/hugging_face/model_experiments/segformer/exp2TTC_segformer-b1-finetuned-ade-512-512/processed_videos/segformer_model-BConcave+CConcave+4300/org_segmentation
2025-07-26 22:24:17,927 - INFO - All collision results already exist for BConcave+CConcave+4300
2025-07-26 22:24:17,928 - DEBUG - Loaded collision time for BConcave+CConcave+4300 at IoU 0.05: 4600.0
2025-07-26 22:24:17,929 - DEBUG - Loaded collision time for BConcave+CConcave+4300 at IoU 0.1: 4766.666666666667
2025-07-26 22:24:17,930 - DEBUG - Loaded collision time for BConcave+CConcave+4300 at IoU 0.15: 4900.0
2025-07-26 22:24:17,931 - DEBUG - Loaded collision time for BConcave+CConcave+4300 at IoU 0.2: 5016.666666666667
2025-07-26 22:24:17,931 - DEBUG - Loaded collision time for BConcave+CConcave+4300 at IoU 0.25: 5133.333333333334
2025-07-26 22:24:17,932 - DEBUG - Loaded collision time for BConcave+CConcave+4300 at IoU 0.3: 5316.666666666666
2025-07-26 22:24:17,933 - DEBUG - Loaded collision time for BConcave+CConcave+4300 at IoU 0.35: nan
2025-07-26 22:24:17,934 - DEBUG - Loaded collision time for BConcave+CConcave+4300 at IoU 0.4: nan
2025-07-26 22:24:17,935 - DEBUG - Loaded collision time for BConcave+CConcave+4300 at IoU 0.45: nan
2025-07-26 22:24:17,936 - DEBUG - Loaded collision time for BConcave+CConcave+4300 at IoU 0.5: nan
2025-07-26 22:24:17,937 - DEBUG - Loaded collision time for BConcave+CConcave+4300 at IoU 0.55: nan
2025-07-26 22:24:17,937 - DEBUG - Loaded collision time for BConcave+CConcave+4300 at IoU 0.6: nan
2025-07-26 22:24:17,938 - DEBUG - Loaded collision time for BConcave+CConcave+4300 at IoU 0.65: nan
2025-07-26 22:24:17,939 - DEBUG - Loaded collision time for BConcave+CConcave+4300 at IoU 0.7: nan
2025-07-26 22:24:17,940 - DEBUG - Loaded collision time for BConcave+CConcave+4300 at IoU 0.75: nan
2025-07-26 22:24:17,940 - DEBUG - Loaded collision time for BConcave+CConcave+4300 at IoU 0.8: nan
2025-07-26 22:24:17,941 - DEBUG - Loaded collision time for BConcave+CConcave+4300 at IoU 0.85: nan
2025-07-26 22:24:17,942 - DEBUG - Loaded collision time for BConcave+CConcave+4300 at IoU 0.9: nan
2025-07-26 22:24:17,943 - DEBUG - Loaded collision time for BConcave+CConcave+4300 at IoU 0.95: nan
2025-07-26 22:24:17,943 - INFO - Processing video: BConcave+CConcave+4500_flipped
2025-07-26 22:24:17,945 - INFO - Video BConcave+CConcave+4500_flipped already processed (found segformer_model-BConcave+CConcave+4500_flipped.mp4), skipping video processing...
2025-07-26 22:24:17,953 - INFO - VanillaSegmentationSaver initialized with output dir: /home/projects/bagon/andreyg/Projects/Object_reps_neural/Programming/hugging_face/model_experiments/segformer/exp2TTC_segformer-b1-finetuned-ade-512-512/processed_videos/segformer_model-BConcave+CConcave+4500_flipped/org_segmentation
2025-07-26 22:24:17,958 - INFO - All collision results already exist for BConcave+CConcave+4500_flipped
2025-07-26 22:24:17,959 - DEBUG - Loaded collision time for BConcave+CConcave+4500_flipped at IoU 0.05: 4983.333333333333
2025-07-26 22:24:17,960 - DEBUG - Loaded collision time for BConcave+CConcave+4500_flipped at IoU 0.1: 5016.666666666667
2025-07-26 22:24:17,961 - DEBUG - Loaded collision time for BConcave+CConcave+4500_flipped at IoU 0.15: 5233.333333333333
2025-07-26 22:24:17,962 - DEBUG - Loaded collision time for BConcave+CConcave+4500_flipped at IoU 0.2: 5233.333333333333
2025-07-26 22:24:17,962 - DEBUG - Loaded collision time for BConcave+CConcave+4500_flipped at IoU 0.25: 5316.666666666666
2025-07-26 22:24:17,963 - DEBUG - Loaded collision time for BConcave+CConcave+4500_flipped at IoU 0.3: nan
2025-07-26 22:24:17,964 - DEBUG - Loaded collision time for BConcave+CConcave+4500_flipped at IoU 0.35: nan
2025-07-26 22:24:17,965 - DEBUG - Loaded collision time for BConcave+CConcave+4500_flipped at IoU 0.4: nan
2025-07-26 22:24:17,966 - DEBUG - Loaded collision time for BConcave+CConcave+4500_flipped at IoU 0.45: nan
2025-07-26 22:24:17,966 - DEBUG - Loaded collision time for BConcave+CConcave+4500_flipped at IoU 0.5: nan
2025-07-26 22:24:17,967 - DEBUG - Loaded collision time for BConcave+CConcave+4500_flipped at IoU 0.55: nan
2025-07-26 22:24:17,968 - DEBUG - Loaded collision time for BConcave+CConcave+4500_flipped at IoU 0.6: nan
2025-07-26 22:24:17,969 - DEBUG - Loaded collision time for BConcave+CConcave+4500_flipped at IoU 0.65: nan
2025-07-26 22:24:17,970 - DEBUG - Loaded collision time for BConcave+CConcave+4500_flipped at IoU 0.7: nan
2025-07-26 22:24:17,970 - DEBUG - Loaded collision time for BConcave+CConcave+4500_flipped at IoU 0.75: nan
2025-07-26 22:24:17,971 - DEBUG - Loaded collision time for BConcave+CConcave+4500_flipped at IoU 0.8: nan
2025-07-26 22:24:17,972 - DEBUG - Loaded collision time for BConcave+CConcave+4500_flipped at IoU 0.85: nan
2025-07-26 22:24:17,973 - DEBUG - Loaded collision time for BConcave+CConcave+4500_flipped at IoU 0.9: nan
2025-07-26 22:24:17,973 - DEBUG - Loaded collision time for BConcave+CConcave+4500_flipped at IoU 0.95: nan
2025-07-26 22:24:17,973 - INFO - Processing video: BConcave+CConvex+3500_flipped
2025-07-26 22:24:17,975 - INFO - Video BConcave+CConvex+3500_flipped already processed (found segformer_model-BConcave+CConvex+3500_flipped.mp4), skipping video processing...
2025-07-26 22:24:17,983 - INFO - VanillaSegmentationSaver initialized with output dir: /home/projects/bagon/andreyg/Projects/Object_reps_neural/Programming/hugging_face/model_experiments/segformer/exp2TTC_segformer-b1-finetuned-ade-512-512/processed_videos/segformer_model-BConcave+CConvex+3500_flipped/org_segmentation
2025-07-26 22:24:17,988 - INFO - All collision results already exist for BConcave+CConvex+3500_flipped
2025-07-26 22:24:17,989 - DEBUG - Loaded collision time for BConcave+CConvex+3500_flipped at IoU 0.05: nan
2025-07-26 22:24:17,990 - DEBUG - Loaded collision time for BConcave+CConvex+3500_flipped at IoU 0.1: nan
2025-07-26 22:24:17,990 - DEBUG - Loaded collision time for BConcave+CConvex+3500_flipped at IoU 0.15: nan
2025-07-26 22:24:17,991 - DEBUG - Loaded collision time for BConcave+CConvex+3500_flipped at IoU 0.2: nan
2025-07-26 22:24:17,992 - DEBUG - Loaded collision time for BConcave+CConvex+3500_flipped at IoU 0.25: nan
2025-07-26 22:24:17,993 - DEBUG - Loaded collision time for BConcave+CConvex+3500_flipped at IoU 0.3: nan
2025-07-26 22:24:17,994 - DEBUG - Loaded collision time for BConcave+CConvex+3500_flipped at IoU 0.35: nan
2025-07-26 22:24:17,994 - DEBUG - Loaded collision time for BConcave+CConvex+3500_flipped at IoU 0.4: nan
2025-07-26 22:24:17,995 - DEBUG - Loaded collision time for BConcave+CConvex+3500_flipped at IoU 0.45: nan
2025-07-26 22:24:17,996 - DEBUG - Loaded collision time for BConcave+CConvex+3500_flipped at IoU 0.5: nan
2025-07-26 22:24:17,997 - DEBUG - Loaded collision time for BConcave+CConvex+3500_flipped at IoU 0.55: nan
2025-07-26 22:24:17,997 - DEBUG - Loaded collision time for BConcave+CConvex+3500_flipped at IoU 0.6: nan
2025-07-26 22:24:17,998 - DEBUG - Loaded collision time for BConcave+CConvex+3500_flipped at IoU 0.65: nan
2025-07-26 22:24:17,999 - DEBUG - Loaded collision time for BConcave+CConvex+3500_flipped at IoU 0.7: nan
2025-07-26 22:24:18,000 - DEBUG - Loaded collision time for BConcave+CConvex+3500_flipped at IoU 0.75: nan
2025-07-26 22:24:18,001 - DEBUG - Loaded collision time for BConcave+CConvex+3500_flipped at IoU 0.8: nan
2025-07-26 22:24:18,002 - DEBUG - Loaded collision time for BConcave+CConvex+3500_flipped at IoU 0.85: nan
2025-07-26 22:24:18,003 - DEBUG - Loaded collision time for BConcave+CConvex+3500_flipped at IoU 0.9: nan
2025-07-26 22:24:18,004 - DEBUG - Loaded collision time for BConcave+CConvex+3500_flipped at IoU 0.95: nan
2025-07-26 22:24:18,004 - INFO - Processing video: BConcave+CConvex+3700
2025-07-26 22:24:18,006 - INFO - Video BConcave+CConvex+3700 already processed (found segformer_model-BConcave+CConvex+3700.mp4), skipping video processing...
2025-07-26 22:24:18,013 - INFO - VanillaSegmentationSaver initialized with output dir: /home/projects/bagon/andreyg/Projects/Object_reps_neural/Programming/hugging_face/model_experiments/segformer/exp2TTC_segformer-b1-finetuned-ade-512-512/processed_videos/segformer_model-BConcave+CConvex+3700/org_segmentation
2025-07-26 22:24:18,018 - INFO - All collision results already exist for BConcave+CConvex+3700
2025-07-26 22:24:18,019 - DEBUG - Loaded collision time for BConcave+CConvex+3700 at IoU 0.05: 4333.333333333333
2025-07-26 22:24:18,019 - DEBUG - Loaded collision time for BConcave+CConvex+3700 at IoU 0.1: 4466.666666666667
2025-07-26 22:24:18,020 - DEBUG - Loaded collision time for BConcave+CConvex+3700 at IoU 0.15: nan
2025-07-26 22:24:18,021 - DEBUG - Loaded collision time for BConcave+CConvex+3700 at IoU 0.2: nan
2025-07-26 22:24:18,022 - DEBUG - Loaded collision time for BConcave+CConvex+3700 at IoU 0.25: nan
2025-07-26 22:24:18,023 - DEBUG - Loaded collision time for BConcave+CConvex+3700 at IoU 0.3: nan
2025-07-26 22:24:18,023 - DEBUG - Loaded collision time for BConcave+CConvex+3700 at IoU 0.35: nan
2025-07-26 22:24:18,024 - DEBUG - Loaded collision time for BConcave+CConvex+3700 at IoU 0.4: nan
2025-07-26 22:24:18,025 - DEBUG - Loaded collision time for BConcave+CConvex+3700 at IoU 0.45: nan
2025-07-26 22:24:18,026 - DEBUG - Loaded collision time for BConcave+CConvex+3700 at IoU 0.5: nan
2025-07-26 22:24:18,027 - DEBUG - Loaded collision time for BConcave+CConvex+3700 at IoU 0.55: nan
2025-07-26 22:24:18,028 - DEBUG - Loaded collision time for BConcave+CConvex+3700 at IoU 0.6: nan
2025-07-26 22:24:18,028 - DEBUG - Loaded collision time for BConcave+CConvex+3700 at IoU 0.65: nan
2025-07-26 22:24:18,029 - DEBUG - Loaded collision time for BConcave+CConvex+3700 at IoU 0.7: nan
2025-07-26 22:24:18,030 - DEBUG - Loaded collision time for BConcave+CConvex+3700 at IoU 0.75: nan
2025-07-26 22:24:18,031 - DEBUG - Loaded collision time for BConcave+CConvex+3700 at IoU 0.8: nan
2025-07-26 22:24:18,032 - DEBUG - Loaded collision time for BConcave+CConvex+3700 at IoU 0.85: nan
2025-07-26 22:24:18,033 - DEBUG - Loaded collision time for BConcave+CConvex+3700 at IoU 0.9: nan
2025-07-26 22:24:18,033 - DEBUG - Loaded collision time for BConcave+CConvex+3700 at IoU 0.95: nan
2025-07-26 22:24:18,034 - INFO - Processing video: BConcave+CConvex+3900_flipped
2025-07-26 22:24:18,035 - INFO - Video BConcave+CConvex+3900_flipped already processed (found segformer_model-BConcave+CConvex+3900_flipped.mp4), skipping video processing...
2025-07-26 22:24:18,043 - INFO - VanillaSegmentationSaver initialized with output dir: /home/projects/bagon/andreyg/Projects/Object_reps_neural/Programming/hugging_face/model_experiments/segformer/exp2TTC_segformer-b1-finetuned-ade-512-512/processed_videos/segformer_model-BConcave+CConvex+3900_flipped/org_segmentation
2025-07-26 22:24:18,048 - INFO - All collision results already exist for BConcave+CConvex+3900_flipped
2025-07-26 22:24:18,048 - DEBUG - Loaded collision time for BConcave+CConvex+3900_flipped at IoU 0.05: 4233.333333333333
2025-07-26 22:24:18,049 - DEBUG - Loaded collision time for BConcave+CConvex+3900_flipped at IoU 0.1: 4333.333333333333
2025-07-26 22:24:18,050 - DEBUG - Loaded collision time for BConcave+CConvex+3900_flipped at IoU 0.15: 4466.666666666667
2025-07-26 22:24:18,051 - DEBUG - Loaded collision time for BConcave+CConvex+3900_flipped at IoU 0.2: 4600.0
2025-07-26 22:24:18,052 - DEBUG - Loaded collision time for BConcave+CConvex+3900_flipped at IoU 0.25: nan
2025-07-26 22:24:18,053 - DEBUG - Loaded collision time for BConcave+CConvex+3900_flipped at IoU 0.3: nan
2025-07-26 22:24:18,054 - DEBUG - Loaded collision time for BConcave+CConvex+3900_flipped at IoU 0.35: nan
2025-07-26 22:24:18,054 - DEBUG - Loaded collision time for BConcave+CConvex+3900_flipped at IoU 0.4: nan
2025-07-26 22:24:18,055 - DEBUG - Loaded collision time for BConcave+CConvex+3900_flipped at IoU 0.45: nan
2025-07-26 22:24:18,056 - DEBUG - Loaded collision time for BConcave+CConvex+3900_flipped at IoU 0.5: nan
2025-07-26 22:24:18,057 - DEBUG - Loaded collision time for BConcave+CConvex+3900_flipped at IoU 0.55: nan
2025-07-26 22:24:18,058 - DEBUG - Loaded collision time for BConcave+CConvex+3900_flipped at IoU 0.6: nan
2025-07-26 22:24:18,058 - DEBUG - Loaded collision time for BConcave+CConvex+3900_flipped at IoU 0.65: nan
2025-07-26 22:24:18,059 - DEBUG - Loaded collision time for BConcave+CConvex+3900_flipped at IoU 0.7: nan
2025-07-26 22:24:18,060 - DEBUG - Loaded collision time for BConcave+CConvex+3900_flipped at IoU 0.75: nan
2025-07-26 22:24:18,061 - DEBUG - Loaded collision time for BConcave+CConvex+3900_flipped at IoU 0.8: nan
2025-07-26 22:24:18,062 - DEBUG - Loaded collision time for BConcave+CConvex+3900_flipped at IoU 0.85: nan
2025-07-26 22:24:18,063 - DEBUG - Loaded collision time for BConcave+CConvex+3900_flipped at IoU 0.9: nan
2025-07-26 22:24:18,064 - DEBUG - Loaded collision time for BConcave+CConvex+3900_flipped at IoU 0.95: nan
2025-07-26 22:24:18,064 - INFO - Processing video: BConcave+CConvex+4100
2025-07-26 22:24:18,066 - INFO - Video BConcave+CConvex+4100 already processed (found segformer_model-BConcave+CConvex+4100.mp4), skipping video processing...
2025-07-26 22:24:18,074 - INFO - VanillaSegmentationSaver initialized with output dir: /home/projects/bagon/andreyg/Projects/Object_reps_neural/Programming/hugging_face/model_experiments/segformer/exp2TTC_segformer-b1-finetuned-ade-512-512/processed_videos/segformer_model-BConcave+CConvex+4100/org_segmentation
2025-07-26 22:24:18,078 - INFO - All collision results already exist for BConcave+CConvex+4100
2025-07-26 22:24:18,079 - DEBUG - Loaded collision time for BConcave+CConvex+4100 at IoU 0.05: nan
2025-07-26 22:24:18,080 - DEBUG - Loaded collision time for BConcave+CConvex+4100 at IoU 0.1: nan
2025-07-26 22:24:18,081 - DEBUG - Loaded collision time for BConcave+CConvex+4100 at IoU 0.15: nan
2025-07-26 22:24:18,082 - DEBUG - Loaded collision time for BConcave+CConvex+4100 at IoU 0.2: nan
2025-07-26 22:24:18,082 - DEBUG - Loaded collision time for BConcave+CConvex+4100 at IoU 0.25: nan
2025-07-26 22:24:18,083 - DEBUG - Loaded collision time for BConcave+CConvex+4100 at IoU 0.3: nan
2025-07-26 22:24:18,084 - DEBUG - Loaded collision time for BConcave+CConvex+4100 at IoU 0.35: nan
2025-07-26 22:24:18,085 - DEBUG - Loaded collision time for BConcave+CConvex+4100 at IoU 0.4: nan
2025-07-26 22:24:18,086 - DEBUG - Loaded collision time for BConcave+CConvex+4100 at IoU 0.45: nan
2025-07-26 22:24:18,087 - DEBUG - Loaded collision time for BConcave+CConvex+4100 at IoU 0.5: nan
2025-07-26 22:24:18,088 - DEBUG - Loaded collision time for BConcave+CConvex+4100 at IoU 0.55: nan
2025-07-26 22:24:18,088 - DEBUG - Loaded collision time for BConcave+CConvex+4100 at IoU 0.6: nan
2025-07-26 22:24:18,089 - DEBUG - Loaded collision time for BConcave+CConvex+4100 at IoU 0.65: nan
2025-07-26 22:24:18,090 - DEBUG - Loaded collision time for BConcave+CConvex+4100 at IoU 0.7: nan
2025-07-26 22:24:18,091 - DEBUG - Loaded collision time for BConcave+CConvex+4100 at IoU 0.75: nan
2025-07-26 22:24:18,092 - DEBUG - Loaded collision time for BConcave+CConvex+4100 at IoU 0.8: nan
2025-07-26 22:24:18,093 - DEBUG - Loaded collision time for BConcave+CConvex+4100 at IoU 0.85: nan
2025-07-26 22:24:18,093 - DEBUG - Loaded collision time for BConcave+CConvex+4100 at IoU 0.9: nan
2025-07-26 22:24:18,094 - DEBUG - Loaded collision time for BConcave+CConvex+4100 at IoU 0.95: nan
2025-07-26 22:24:18,094 - INFO - Processing video: BConcave+CConvex+4300_flipped
2025-07-26 22:24:18,096 - INFO - Video BConcave+CConvex+4300_flipped already processed (found segformer_model-BConcave+CConvex+4300_flipped.mp4), skipping video processing...
2025-07-26 22:24:18,104 - INFO - VanillaSegmentationSaver initialized with output dir: /home/projects/bagon/andreyg/Projects/Object_reps_neural/Programming/hugging_face/model_experiments/segformer/exp2TTC_segformer-b1-finetuned-ade-512-512/processed_videos/segformer_model-BConcave+CConvex+4300_flipped/org_segmentation
2025-07-26 22:24:18,108 - INFO - All collision results already exist for BConcave+CConvex+4300_flipped
2025-07-26 22:24:18,109 - DEBUG - Loaded collision time for BConcave+CConvex+4300_flipped at IoU 0.05: nan
2025-07-26 22:24:18,110 - DEBUG - Loaded collision time for BConcave+CConvex+4300_flipped at IoU 0.1: nan
2025-07-26 22:24:18,111 - DEBUG - Loaded collision time for BConcave+CConvex+4300_flipped at IoU 0.15: nan
2025-07-26 22:24:18,112 - DEBUG - Loaded collision time for BConcave+CConvex+4300_flipped at IoU 0.2: nan
2025-07-26 22:24:18,112 - DEBUG - Loaded collision time for BConcave+CConvex+4300_flipped at IoU 0.25: nan
2025-07-26 22:24:18,113 - DEBUG - Loaded collision time for BConcave+CConvex+4300_flipped at IoU 0.3: nan
2025-07-26 22:24:18,114 - DEBUG - Loaded collision time for BConcave+CConvex+4300_flipped at IoU 0.35: nan
2025-07-26 22:24:18,115 - DEBUG - Loaded collision time for BConcave+CConvex+4300_flipped at IoU 0.4: nan
2025-07-26 22:24:18,116 - DEBUG - Loaded collision time for BConcave+CConvex+4300_flipped at IoU 0.45: nan
2025-07-26 22:24:18,116 - DEBUG - Loaded collision time for BConcave+CConvex+4300_flipped at IoU 0.5: nan
2025-07-26 22:24:18,117 - DEBUG - Loaded collision time for BConcave+CConvex+4300_flipped at IoU 0.55: nan
2025-07-26 22:24:18,118 - DEBUG - Loaded collision time for BConcave+CConvex+4300_flipped at IoU 0.6: nan
2025-07-26 22:24:18,119 - DEBUG - Loaded collision time for BConcave+CConvex+4300_flipped at IoU 0.65: nan
2025-07-26 22:24:18,119 - DEBUG - Loaded collision time for BConcave+CConvex+4300_flipped at IoU 0.7: nan
2025-07-26 22:24:18,120 - DEBUG - Loaded collision time for BConcave+CConvex+4300_flipped at IoU 0.75: nan
2025-07-26 22:24:18,121 - DEBUG - Loaded collision time for BConcave+CConvex+4300_flipped at IoU 0.8: nan
2025-07-26 22:24:18,122 - DEBUG - Loaded collision time for BConcave+CConvex+4300_flipped at IoU 0.85: nan
2025-07-26 22:24:18,123 - DEBUG - Loaded collision time for BConcave+CConvex+4300_flipped at IoU 0.9: nan
2025-07-26 22:24:18,123 - DEBUG - Loaded collision time for BConcave+CConvex+4300_flipped at IoU 0.95: nan
2025-07-26 22:24:18,124 - INFO - Processing video: BConcave+CConvex+4500
2025-07-26 22:24:18,125 - INFO - Video BConcave+CConvex+4500 already processed (found segformer_model-BConcave+CConvex+4500.mp4), skipping video processing...
2025-07-26 22:24:18,134 - INFO - VanillaSegmentationSaver initialized with output dir: /home/projects/bagon/andreyg/Projects/Object_reps_neural/Programming/hugging_face/model_experiments/segformer/exp2TTC_segformer-b1-finetuned-ade-512-512/processed_videos/segformer_model-BConcave+CConvex+4500/org_segmentation
2025-07-26 22:24:18,138 - INFO - All collision results already exist for BConcave+CConvex+4500
2025-07-26 22:24:18,139 - DEBUG - Loaded collision time for BConcave+CConvex+4500 at IoU 0.05: nan
2025-07-26 22:24:18,140 - DEBUG - Loaded collision time for BConcave+CConvex+4500 at IoU 0.1: nan
2025-07-26 22:24:18,140 - DEBUG - Loaded collision time for BConcave+CConvex+4500 at IoU 0.15: nan
2025-07-26 22:24:18,141 - DEBUG - Loaded collision time for BConcave+CConvex+4500 at IoU 0.2: nan
2025-07-26 22:24:18,142 - DEBUG - Loaded collision time for BConcave+CConvex+4500 at IoU 0.25: nan
2025-07-26 22:24:18,143 - DEBUG - Loaded collision time for BConcave+CConvex+4500 at IoU 0.3: nan
2025-07-26 22:24:18,144 - DEBUG - Loaded collision time for BConcave+CConvex+4500 at IoU 0.35: nan
2025-07-26 22:24:18,145 - DEBUG - Loaded collision time for BConcave+CConvex+4500 at IoU 0.4: nan
2025-07-26 22:24:18,146 - DEBUG - Loaded collision time for BConcave+CConvex+4500 at IoU 0.45: nan
2025-07-26 22:24:18,147 - DEBUG - Loaded collision time for BConcave+CConvex+4500 at IoU 0.5: nan
2025-07-26 22:24:18,148 - DEBUG - Loaded collision time for BConcave+CConvex+4500 at IoU 0.55: nan
2025-07-26 22:24:18,149 - DEBUG - Loaded collision time for BConcave+CConvex+4500 at IoU 0.6: nan
2025-07-26 22:24:18,149 - DEBUG - Loaded collision time for BConcave+CConvex+4500 at IoU 0.65: nan
2025-07-26 22:24:18,150 - DEBUG - Loaded collision time for BConcave+CConvex+4500 at IoU 0.7: nan
2025-07-26 22:24:18,151 - DEBUG - Loaded collision time for BConcave+CConvex+4500 at IoU 0.75: nan
2025-07-26 22:24:18,152 - DEBUG - Loaded collision time for BConcave+CConvex+4500 at IoU 0.8: nan
2025-07-26 22:24:18,152 - DEBUG - Loaded collision time for BConcave+CConvex+4500 at IoU 0.85: nan
2025-07-26 22:24:18,153 - DEBUG - Loaded collision time for BConcave+CConvex+4500 at IoU 0.9: nan
2025-07-26 22:24:18,154 - DEBUG - Loaded collision time for BConcave+CConvex+4500 at IoU 0.95: nan
2025-07-26 22:24:18,154 - INFO - Processing video: BConcave+DConcave+3500
2025-07-26 22:24:18,156 - INFO - Video BConcave+DConcave+3500 already processed (found segformer_model-BConcave+DConcave+3500.mp4), skipping video processing...
2025-07-26 22:24:18,164 - INFO - VanillaSegmentationSaver initialized with output dir: /home/projects/bagon/andreyg/Projects/Object_reps_neural/Programming/hugging_face/model_experiments/segformer/exp2TTC_segformer-b1-finetuned-ade-512-512/processed_videos/segformer_model-BConcave+DConcave+3500/org_segmentation
2025-07-26 22:24:18,168 - INFO - All collision results already exist for BConcave+DConcave+3500
2025-07-26 22:24:18,169 - DEBUG - Loaded collision time for BConcave+DConcave+3500 at IoU 0.05: 3683.333333333333
2025-07-26 22:24:18,170 - DEBUG - Loaded collision time for BConcave+DConcave+3500 at IoU 0.1: 3750.0
2025-07-26 22:24:18,171 - DEBUG - Loaded collision time for BConcave+DConcave+3500 at IoU 0.15: 3816.666666666667
2025-07-26 22:24:18,172 - DEBUG - Loaded collision time for BConcave+DConcave+3500 at IoU 0.2: 3883.3333333333335
2025-07-26 22:24:18,172 - DEBUG - Loaded collision time for BConcave+DConcave+3500 at IoU 0.25: 3933.333333333333
2025-07-26 22:24:18,173 - DEBUG - Loaded collision time for BConcave+DConcave+3500 at IoU 0.3: 4000.0
2025-07-26 22:24:18,174 - DEBUG - Loaded collision time for BConcave+DConcave+3500 at IoU 0.35: 4050.0
2025-07-26 22:24:18,175 - DEBUG - Loaded collision time for BConcave+DConcave+3500 at IoU 0.4: 4150.0
2025-07-26 22:24:18,176 - DEBUG - Loaded collision time for BConcave+DConcave+3500 at IoU 0.45: nan
2025-07-26 22:24:18,176 - DEBUG - Loaded collision time for BConcave+DConcave+3500 at IoU 0.5: nan
2025-07-26 22:24:18,177 - DEBUG - Loaded collision time for BConcave+DConcave+3500 at IoU 0.55: nan
2025-07-26 22:24:18,178 - DEBUG - Loaded collision time for BConcave+DConcave+3500 at IoU 0.6: nan
2025-07-26 22:24:18,179 - DEBUG - Loaded collision time for BConcave+DConcave+3500 at IoU 0.65: nan
2025-07-26 22:24:18,180 - DEBUG - Loaded collision time for BConcave+DConcave+3500 at IoU 0.7: nan
2025-07-26 22:24:18,181 - DEBUG - Loaded collision time for BConcave+DConcave+3500 at IoU 0.75: nan
2025-07-26 22:24:18,181 - DEBUG - Loaded collision time for BConcave+DConcave+3500 at IoU 0.8: nan
2025-07-26 22:24:18,182 - DEBUG - Loaded collision time for BConcave+DConcave+3500 at IoU 0.85: nan
2025-07-26 22:24:18,183 - DEBUG - Loaded collision time for BConcave+DConcave+3500 at IoU 0.9: nan
2025-07-26 22:24:18,184 - DEBUG - Loaded collision time for BConcave+DConcave+3500 at IoU 0.95: nan
2025-07-26 22:24:18,184 - INFO - Processing video: BConcave+DConcave+3700_flipped
2025-07-26 22:24:18,185 - INFO - Video BConcave+DConcave+3700_flipped already processed (found segformer_model-BConcave+DConcave+3700_flipped.mp4), skipping video processing...
2025-07-26 22:24:18,193 - INFO - VanillaSegmentationSaver initialized with output dir: /home/projects/bagon/andreyg/Projects/Object_reps_neural/Programming/hugging_face/model_experiments/segformer/exp2TTC_segformer-b1-finetuned-ade-512-512/processed_videos/segformer_model-BConcave+DConcave+3700_flipped/org_segmentation
2025-07-26 22:24:18,198 - INFO - All collision results already exist for BConcave+DConcave+3700_flipped
2025-07-26 22:24:18,199 - DEBUG - Loaded collision time for BConcave+DConcave+3700_flipped at IoU 0.05: 4033.333333333333
2025-07-26 22:24:18,200 - DEBUG - Loaded collision time for BConcave+DConcave+3700_flipped at IoU 0.1: 4100.0
2025-07-26 22:24:18,201 - DEBUG - Loaded collision time for BConcave+DConcave+3700_flipped at IoU 0.15: 4200.0
2025-07-26 22:24:18,202 - DEBUG - Loaded collision time for BConcave+DConcave+3700_flipped at IoU 0.2: 4283.333333333333
2025-07-26 22:24:18,203 - DEBUG - Loaded collision time for BConcave+DConcave+3700_flipped at IoU 0.25: nan
2025-07-26 22:24:18,203 - DEBUG - Loaded collision time for BConcave+DConcave+3700_flipped at IoU 0.3: nan
2025-07-26 22:24:18,204 - DEBUG - Loaded collision time for BConcave+DConcave+3700_flipped at IoU 0.35: nan
2025-07-26 22:24:18,205 - DEBUG - Loaded collision time for BConcave+DConcave+3700_flipped at IoU 0.4: nan
2025-07-26 22:24:18,206 - DEBUG - Loaded collision time for BConcave+DConcave+3700_flipped at IoU 0.45: nan
2025-07-26 22:24:18,207 - DEBUG - Loaded collision time for BConcave+DConcave+3700_flipped at IoU 0.5: nan
2025-07-26 22:24:18,208 - DEBUG - Loaded collision time for BConcave+DConcave+3700_flipped at IoU 0.55: nan
2025-07-26 22:24:18,208 - DEBUG - Loaded collision time for BConcave+DConcave+3700_flipped at IoU 0.6: nan
2025-07-26 22:24:18,209 - DEBUG - Loaded collision time for BConcave+DConcave+3700_flipped at IoU 0.65: nan
2025-07-26 22:24:18,210 - DEBUG - Loaded collision time for BConcave+DConcave+3700_flipped at IoU 0.7: nan
2025-07-26 22:24:18,211 - DEBUG - Loaded collision time for BConcave+DConcave+3700_flipped at IoU 0.75: nan
2025-07-26 22:24:18,211 - DEBUG - Loaded collision time for BConcave+DConcave+3700_flipped at IoU 0.8: nan
2025-07-26 22:24:18,212 - DEBUG - Loaded collision time for BConcave+DConcave+3700_flipped at IoU 0.85: nan
2025-07-26 22:24:18,213 - DEBUG - Loaded collision time for BConcave+DConcave+3700_flipped at IoU 0.9: nan
2025-07-26 22:24:18,214 - DEBUG - Loaded collision time for BConcave+DConcave+3700_flipped at IoU 0.95: nan
2025-07-26 22:24:18,214 - INFO - Processing video: BConcave+DConcave+3900
2025-07-26 22:24:18,215 - INFO - Video BConcave+DConcave+3900 already processed (found segformer_model-BConcave+DConcave+3900.mp4), skipping video processing...
2025-07-26 22:24:18,223 - INFO - VanillaSegmentationSaver initialized with output dir: /home/projects/bagon/andreyg/Projects/Object_reps_neural/Programming/hugging_face/model_experiments/segformer/exp2TTC_segformer-b1-finetuned-ade-512-512/processed_videos/segformer_model-BConcave+DConcave+3900/org_segmentation
2025-07-26 22:24:18,228 - INFO - All collision results already exist for BConcave+DConcave+3900
2025-07-26 22:24:18,229 - DEBUG - Loaded collision time for BConcave+DConcave+3900 at IoU 0.05: 4050.0
2025-07-26 22:24:18,230 - DEBUG - Loaded collision time for BConcave+DConcave+3900 at IoU 0.1: 4116.666666666666
2025-07-26 22:24:18,231 - DEBUG - Loaded collision time for BConcave+DConcave+3900 at IoU 0.15: 4183.333333333334
2025-07-26 22:24:18,232 - DEBUG - Loaded collision time for BConcave+DConcave+3900 at IoU 0.2: 4283.333333333333
2025-07-26 22:24:18,233 - DEBUG - Loaded collision time for BConcave+DConcave+3900 at IoU 0.25: 4383.333333333334
2025-07-26 22:24:18,233 - DEBUG - Loaded collision time for BConcave+DConcave+3900 at IoU 0.3: nan
2025-07-26 22:24:18,234 - DEBUG - Loaded collision time for BConcave+DConcave+3900 at IoU 0.35: nan
2025-07-26 22:24:18,235 - DEBUG - Loaded collision time for BConcave+DConcave+3900 at IoU 0.4: nan
2025-07-26 22:24:18,236 - DEBUG - Loaded collision time for BConcave+DConcave+3900 at IoU 0.45: nan
2025-07-26 22:24:18,237 - DEBUG - Loaded collision time for BConcave+DConcave+3900 at IoU 0.5: nan
2025-07-26 22:24:18,237 - DEBUG - Loaded collision time for BConcave+DConcave+3900 at IoU 0.55: nan
2025-07-26 22:24:18,238 - DEBUG - Loaded collision time for BConcave+DConcave+3900 at IoU 0.6: nan
2025-07-26 22:24:18,239 - DEBUG - Loaded collision time for BConcave+DConcave+3900 at IoU 0.65: nan
2025-07-26 22:24:18,240 - DEBUG - Loaded collision time for BConcave+DConcave+3900 at IoU 0.7: nan
2025-07-26 22:24:18,241 - DEBUG - Loaded collision time for BConcave+DConcave+3900 at IoU 0.75: nan
2025-07-26 22:24:18,242 - DEBUG - Loaded collision time for BConcave+DConcave+3900 at IoU 0.8: nan
2025-07-26 22:24:18,242 - DEBUG - Loaded collision time for BConcave+DConcave+3900 at IoU 0.85: nan
2025-07-26 22:24:18,243 - DEBUG - Loaded collision time for BConcave+DConcave+3900 at IoU 0.9: nan
2025-07-26 22:24:18,244 - DEBUG - Loaded collision time for BConcave+DConcave+3900 at IoU 0.95: nan
2025-07-26 22:24:18,244 - INFO - Processing video: BConcave+DConcave+4100_flipped
2025-07-26 22:24:18,246 - INFO - Video BConcave+DConcave+4100_flipped already processed (found segformer_model-BConcave+DConcave+4100_flipped.mp4), skipping video processing...
2025-07-26 22:24:18,254 - INFO - VanillaSegmentationSaver initialized with output dir: /home/projects/bagon/andreyg/Projects/Object_reps_neural/Programming/hugging_face/model_experiments/segformer/exp2TTC_segformer-b1-finetuned-ade-512-512/processed_videos/segformer_model-BConcave+DConcave+4100_flipped/org_segmentation
2025-07-26 22:24:18,258 - INFO - All collision results already exist for BConcave+DConcave+4100_flipped
2025-07-26 22:24:18,259 - DEBUG - Loaded collision time for BConcave+DConcave+4100_flipped at IoU 0.05: 4383.333333333334
2025-07-26 22:24:18,260 - DEBUG - Loaded collision time for BConcave+DConcave+4100_flipped at IoU 0.1: 4466.666666666667
2025-07-26 22:24:18,261 - DEBUG - Loaded collision time for BConcave+DConcave+4100_flipped at IoU 0.15: 4500.0
2025-07-26 22:24:18,261 - DEBUG - Loaded collision time for BConcave+DConcave+4100_flipped at IoU 0.2: 4566.666666666666
2025-07-26 22:24:18,262 - DEBUG - Loaded collision time for BConcave+DConcave+4100_flipped at IoU 0.25: 4633.333333333334
2025-07-26 22:24:18,263 - DEBUG - Loaded collision time for BConcave+DConcave+4100_flipped at IoU 0.3: 4783.333333333333
2025-07-26 22:24:18,264 - DEBUG - Loaded collision time for BConcave+DConcave+4100_flipped at IoU 0.35: nan
2025-07-26 22:24:18,265 - DEBUG - Loaded collision time for BConcave+DConcave+4100_flipped at IoU 0.4: nan
2025-07-26 22:24:18,265 - DEBUG - Loaded collision time for BConcave+DConcave+4100_flipped at IoU 0.45: nan
2025-07-26 22:24:18,266 - DEBUG - Loaded collision time for BConcave+DConcave+4100_flipped at IoU 0.5: nan
2025-07-26 22:24:18,267 - DEBUG - Loaded collision time for BConcave+DConcave+4100_flipped at IoU 0.55: nan
2025-07-26 22:24:18,268 - DEBUG - Loaded collision time for BConcave+DConcave+4100_flipped at IoU 0.6: nan
2025-07-26 22:24:18,269 - DEBUG - Loaded collision time for BConcave+DConcave+4100_flipped at IoU 0.65: nan
2025-07-26 22:24:18,270 - DEBUG - Loaded collision time for BConcave+DConcave+4100_flipped at IoU 0.7: nan
2025-07-26 22:24:18,270 - DEBUG - Loaded collision time for BConcave+DConcave+4100_flipped at IoU 0.75: nan
2025-07-26 22:24:18,271 - DEBUG - Loaded collision time for BConcave+DConcave+4100_flipped at IoU 0.8: nan
2025-07-26 22:24:18,272 - DEBUG - Loaded collision time for BConcave+DConcave+4100_flipped at IoU 0.85: nan
2025-07-26 22:24:18,273 - DEBUG - Loaded collision time for BConcave+DConcave+4100_flipped at IoU 0.9: nan
2025-07-26 22:24:18,274 - DEBUG - Loaded collision time for BConcave+DConcave+4100_flipped at IoU 0.95: nan
2025-07-26 22:24:18,274 - INFO - Processing video: BConcave+DConcave+4300
2025-07-26 22:24:18,276 - INFO - Video BConcave+DConcave+4300 already processed (found segformer_model-BConcave+DConcave+4300.mp4), skipping video processing...
2025-07-26 22:24:18,284 - INFO - VanillaSegmentationSaver initialized with output dir: /home/projects/bagon/andreyg/Projects/Object_reps_neural/Programming/hugging_face/model_experiments/segformer/exp2TTC_segformer-b1-finetuned-ade-512-512/processed_videos/segformer_model-BConcave+DConcave+4300/org_segmentation
2025-07-26 22:24:18,289 - INFO - All collision results already exist for BConcave+DConcave+4300
2025-07-26 22:24:18,290 - DEBUG - Loaded collision time for BConcave+DConcave+4300 at IoU 0.05: 4833.333333333333
2025-07-26 22:24:18,291 - DEBUG - Loaded collision time for BConcave+DConcave+4300 at IoU 0.1: 4900.0
2025-07-26 22:24:18,292 - DEBUG - Loaded collision time for BConcave+DConcave+4300 at IoU 0.15: 4950.0
2025-07-26 22:24:18,293 - DEBUG - Loaded collision time for BConcave+DConcave+4300 at IoU 0.2: 4983.333333333333
2025-07-26 22:24:18,294 - DEBUG - Loaded collision time for BConcave+DConcave+4300 at IoU 0.25: 5050.0
2025-07-26 22:24:18,295 - DEBUG - Loaded collision time for BConcave+DConcave+4300 at IoU 0.3: 5100.0
2025-07-26 22:24:18,295 - DEBUG - Loaded collision time for BConcave+DConcave+4300 at IoU 0.35: 5133.333333333334
2025-07-26 22:24:18,296 - DEBUG - Loaded collision time for BConcave+DConcave+4300 at IoU 0.4: nan
2025-07-26 22:24:18,297 - DEBUG - Loaded collision time for BConcave+DConcave+4300 at IoU 0.45: nan
2025-07-26 22:24:18,298 - DEBUG - Loaded collision time for BConcave+DConcave+4300 at IoU 0.5: nan
2025-07-26 22:24:18,299 - DEBUG - Loaded collision time for BConcave+DConcave+4300 at IoU 0.55: nan
2025-07-26 22:24:18,300 - DEBUG - Loaded collision time for BConcave+DConcave+4300 at IoU 0.6: nan
2025-07-26 22:24:18,301 - DEBUG - Loaded collision time for BConcave+DConcave+4300 at IoU 0.65: nan
2025-07-26 22:24:18,301 - DEBUG - Loaded collision time for BConcave+DConcave+4300 at IoU 0.7: nan
2025-07-26 22:24:18,302 - DEBUG - Loaded collision time for BConcave+DConcave+4300 at IoU 0.75: nan
2025-07-26 22:24:18,303 - DEBUG - Loaded collision time for BConcave+DConcave+4300 at IoU 0.8: nan
2025-07-26 22:24:18,304 - DEBUG - Loaded collision time for BConcave+DConcave+4300 at IoU 0.85: nan
2025-07-26 22:24:18,305 - DEBUG - Loaded collision time for BConcave+DConcave+4300 at IoU 0.9: nan
2025-07-26 22:24:18,305 - DEBUG - Loaded collision time for BConcave+DConcave+4300 at IoU 0.95: nan
2025-07-26 22:24:18,305 - INFO - Processing video: BConcave+DConcave+4500_flipped
2025-07-26 22:24:18,307 - INFO - Video BConcave+DConcave+4500_flipped already processed (found segformer_model-BConcave+DConcave+4500_flipped.mp4), skipping video processing...
2025-07-26 22:24:18,316 - INFO - VanillaSegmentationSaver initialized with output dir: /home/projects/bagon/andreyg/Projects/Object_reps_neural/Programming/hugging_face/model_experiments/segformer/exp2TTC_segformer-b1-finetuned-ade-512-512/processed_videos/segformer_model-BConcave+DConcave+4500_flipped/org_segmentation
2025-07-26 22:24:18,320 - INFO - All collision results already exist for BConcave+DConcave+4500_flipped
2025-07-26 22:24:18,321 - DEBUG - Loaded collision time for BConcave+DConcave+4500_flipped at IoU 0.05: 4933.333333333334
2025-07-26 22:24:18,322 - DEBUG - Loaded collision time for BConcave+DConcave+4500_flipped at IoU 0.1: 5066.666666666666
2025-07-26 22:24:18,323 - DEBUG - Loaded collision time for BConcave+DConcave+4500_flipped at IoU 0.15: 5083.333333333333
2025-07-26 22:24:18,324 - DEBUG - Loaded collision time for BConcave+DConcave+4500_flipped at IoU 0.2: 5150.0
2025-07-26 22:24:18,324 - DEBUG - Loaded collision time for BConcave+DConcave+4500_flipped at IoU 0.25: nan
2025-07-26 22:24:18,325 - DEBUG - Loaded collision time for BConcave+DConcave+4500_flipped at IoU 0.3: nan
2025-07-26 22:24:18,326 - DEBUG - Loaded collision time for BConcave+DConcave+4500_flipped at IoU 0.35: nan
2025-07-26 22:24:18,327 - DEBUG - Loaded collision time for BConcave+DConcave+4500_flipped at IoU 0.4: nan
2025-07-26 22:24:18,328 - DEBUG - Loaded collision time for BConcave+DConcave+4500_flipped at IoU 0.45: nan
2025-07-26 22:24:18,329 - DEBUG - Loaded collision time for BConcave+DConcave+4500_flipped at IoU 0.5: nan
2025-07-26 22:24:18,329 - DEBUG - Loaded collision time for BConcave+DConcave+4500_flipped at IoU 0.55: nan
2025-07-26 22:24:18,330 - DEBUG - Loaded collision time for BConcave+DConcave+4500_flipped at IoU 0.6: nan
2025-07-26 22:24:18,331 - DEBUG - Loaded collision time for BConcave+DConcave+4500_flipped at IoU 0.65: nan
2025-07-26 22:24:18,332 - DEBUG - Loaded collision time for BConcave+DConcave+4500_flipped at IoU 0.7: nan
2025-07-26 22:24:18,333 - DEBUG - Loaded collision time for BConcave+DConcave+4500_flipped at IoU 0.75: nan
2025-07-26 22:24:18,334 - DEBUG - Loaded collision time for BConcave+DConcave+4500_flipped at IoU 0.8: nan
2025-07-26 22:24:18,335 - DEBUG - Loaded collision time for BConcave+DConcave+4500_flipped at IoU 0.85: nan
2025-07-26 22:24:18,335 - DEBUG - Loaded collision time for BConcave+DConcave+4500_flipped at IoU 0.9: nan
2025-07-26 22:24:18,336 - DEBUG - Loaded collision time for BConcave+DConcave+4500_flipped at IoU 0.95: nan
2025-07-26 22:24:18,336 - INFO - Processing video: BConcave+DConvex+3500_flipped
2025-07-26 22:24:18,338 - INFO - Video BConcave+DConvex+3500_flipped already processed (found segformer_model-BConcave+DConvex+3500_flipped.mp4), skipping video processing...
2025-07-26 22:24:18,346 - INFO - VanillaSegmentationSaver initialized with output dir: /home/projects/bagon/andreyg/Projects/Object_reps_neural/Programming/hugging_face/model_experiments/segformer/exp2TTC_segformer-b1-finetuned-ade-512-512/processed_videos/segformer_model-BConcave+DConvex+3500_flipped/org_segmentation
2025-07-26 22:24:18,350 - INFO - All collision results already exist for BConcave+DConvex+3500_flipped
2025-07-26 22:24:18,351 - DEBUG - Loaded collision time for BConcave+DConvex+3500_flipped at IoU 0.05: nan
2025-07-26 22:24:18,352 - DEBUG - Loaded collision time for BConcave+DConvex+3500_flipped at IoU 0.1: nan
2025-07-26 22:24:18,352 - DEBUG - Loaded collision time for BConcave+DConvex+3500_flipped at IoU 0.15: nan
2025-07-26 22:24:18,353 - DEBUG - Loaded collision time for BConcave+DConvex+3500_flipped at IoU 0.2: nan
2025-07-26 22:24:18,354 - DEBUG - Loaded collision time for BConcave+DConvex+3500_flipped at IoU 0.25: nan
2025-07-26 22:24:18,355 - DEBUG - Loaded collision time for BConcave+DConvex+3500_flipped at IoU 0.3: nan
2025-07-26 22:24:18,356 - DEBUG - Loaded collision time for BConcave+DConvex+3500_flipped at IoU 0.35: nan
2025-07-26 22:24:18,356 - DEBUG - Loaded collision time for BConcave+DConvex+3500_flipped at IoU 0.4: nan
2025-07-26 22:24:18,357 - DEBUG - Loaded collision time for BConcave+DConvex+3500_flipped at IoU 0.45: nan
2025-07-26 22:24:18,358 - DEBUG - Loaded collision time for BConcave+DConvex+3500_flipped at IoU 0.5: nan
2025-07-26 22:24:18,359 - DEBUG - Loaded collision time for BConcave+DConvex+3500_flipped at IoU 0.55: nan
2025-07-26 22:24:18,359 - DEBUG - Loaded collision time for BConcave+DConvex+3500_flipped at IoU 0.6: nan
2025-07-26 22:24:18,360 - DEBUG - Loaded collision time for BConcave+DConvex+3500_flipped at IoU 0.65: nan
2025-07-26 22:24:18,361 - DEBUG - Loaded collision time for BConcave+DConvex+3500_flipped at IoU 0.7: nan
2025-07-26 22:24:18,362 - DEBUG - Loaded collision time for BConcave+DConvex+3500_flipped at IoU 0.75: nan
2025-07-26 22:24:18,362 - DEBUG - Loaded collision time for BConcave+DConvex+3500_flipped at IoU 0.8: nan
2025-07-26 22:24:18,363 - DEBUG - Loaded collision time for BConcave+DConvex+3500_flipped at IoU 0.85: nan
2025-07-26 22:24:18,364 - DEBUG - Loaded collision time for BConcave+DConvex+3500_flipped at IoU 0.9: nan
2025-07-26 22:24:18,365 - DEBUG - Loaded collision time for BConcave+DConvex+3500_flipped at IoU 0.95: nan
2025-07-26 22:24:18,365 - INFO - Processing video: BConcave+DConvex+3700
2025-07-26 22:24:18,367 - INFO - Video BConcave+DConvex+3700 already processed (found segformer_model-BConcave+DConvex+3700.mp4), skipping video processing...
2025-07-26 22:24:18,375 - INFO - VanillaSegmentationSaver initialized with output dir: /home/projects/bagon/andreyg/Projects/Object_reps_neural/Programming/hugging_face/model_experiments/segformer/exp2TTC_segformer-b1-finetuned-ade-512-512/processed_videos/segformer_model-BConcave+DConvex+3700/org_segmentation
2025-07-26 22:24:18,380 - INFO - All collision results already exist for BConcave+DConvex+3700
2025-07-26 22:24:18,381 - DEBUG - Loaded collision time for BConcave+DConvex+3700 at IoU 0.05: nan
2025-07-26 22:24:18,381 - DEBUG - Loaded collision time for BConcave+DConvex+3700 at IoU 0.1: nan
2025-07-26 22:24:18,382 - DEBUG - Loaded collision time for BConcave+DConvex+3700 at IoU 0.15: nan
2025-07-26 22:24:18,383 - DEBUG - Loaded collision time for BConcave+DConvex+3700 at IoU 0.2: nan
2025-07-26 22:24:18,384 - DEBUG - Loaded collision time for BConcave+DConvex+3700 at IoU 0.25: nan
2025-07-26 22:24:18,385 - DEBUG - Loaded collision time for BConcave+DConvex+3700 at IoU 0.3: nan
2025-07-26 22:24:18,386 - DEBUG - Loaded collision time for BConcave+DConvex+3700 at IoU 0.35: nan
2025-07-26 22:24:18,386 - DEBUG - Loaded collision time for BConcave+DConvex+3700 at IoU 0.4: nan
2025-07-26 22:24:18,387 - DEBUG - Loaded collision time for BConcave+DConvex+3700 at IoU 0.45: nan
2025-07-26 22:24:18,388 - DEBUG - Loaded collision time for BConcave+DConvex+3700 at IoU 0.5: nan
2025-07-26 22:24:18,389 - DEBUG - Loaded collision time for BConcave+DConvex+3700 at IoU 0.55: nan
2025-07-26 22:24:18,390 - DEBUG - Loaded collision time for BConcave+DConvex+3700 at IoU 0.6: nan
2025-07-26 22:24:18,391 - DEBUG - Loaded collision time for BConcave+DConvex+3700 at IoU 0.65: nan
2025-07-26 22:24:18,391 - DEBUG - Loaded collision time for BConcave+DConvex+3700 at IoU 0.7: nan
2025-07-26 22:24:18,392 - DEBUG - Loaded collision time for BConcave+DConvex+3700 at IoU 0.75: nan
2025-07-26 22:24:18,393 - DEBUG - Loaded collision time for BConcave+DConvex+3700 at IoU 0.8: nan
2025-07-26 22:24:18,394 - DEBUG - Loaded collision time for BConcave+DConvex+3700 at IoU 0.85: nan
2025-07-26 22:24:18,395 - DEBUG - Loaded collision time for BConcave+DConvex+3700 at IoU 0.9: nan
2025-07-26 22:24:18,395 - DEBUG - Loaded collision time for BConcave+DConvex+3700 at IoU 0.95: nan
2025-07-26 22:24:18,396 - INFO - Processing video: BConcave+DConvex+3900_flipped
2025-07-26 22:24:18,397 - INFO - Video BConcave+DConvex+3900_flipped already processed (found segformer_model-BConcave+DConvex+3900_flipped.mp4), skipping video processing...
2025-07-26 22:24:18,405 - INFO - VanillaSegmentationSaver initialized with output dir: /home/projects/bagon/andreyg/Projects/Object_reps_neural/Programming/hugging_face/model_experiments/segformer/exp2TTC_segformer-b1-finetuned-ade-512-512/processed_videos/segformer_model-BConcave+DConvex+3900_flipped/org_segmentation
2025-07-26 22:24:18,410 - INFO - All collision results already exist for BConcave+DConvex+3900_flipped
2025-07-26 22:24:18,410 - DEBUG - Loaded collision time for BConcave+DConvex+3900_flipped at IoU 0.05: 4483.333333333333
2025-07-26 22:24:18,411 - DEBUG - Loaded collision time for BConcave+DConvex+3900_flipped at IoU 0.1: 4766.666666666667
2025-07-26 22:24:18,412 - DEBUG - Loaded collision time for BConcave+DConvex+3900_flipped at IoU 0.15: 4866.666666666666
2025-07-26 22:24:18,413 - DEBUG - Loaded collision time for BConcave+DConvex+3900_flipped at IoU 0.2: 4866.666666666666
2025-07-26 22:24:18,414 - DEBUG - Loaded collision time for BConcave+DConvex+3900_flipped at IoU 0.25: 5033.333333333333
2025-07-26 22:24:18,415 - DEBUG - Loaded collision time for BConcave+DConvex+3900_flipped at IoU 0.3: 5033.333333333333
2025-07-26 22:24:18,415 - DEBUG - Loaded collision time for BConcave+DConvex+3900_flipped at IoU 0.35: 5050.0
2025-07-26 22:24:18,416 - DEBUG - Loaded collision time for BConcave+DConvex+3900_flipped at IoU 0.4: 5050.0
2025-07-26 22:24:18,417 - DEBUG - Loaded collision time for BConcave+DConvex+3900_flipped at IoU 0.45: nan
2025-07-26 22:24:18,418 - DEBUG - Loaded collision time for BConcave+DConvex+3900_flipped at IoU 0.5: nan
2025-07-26 22:24:18,419 - DEBUG - Loaded collision time for BConcave+DConvex+3900_flipped at IoU 0.55: nan
2025-07-26 22:24:18,419 - DEBUG - Loaded collision time for BConcave+DConvex+3900_flipped at IoU 0.6: nan
2025-07-26 22:24:18,420 - DEBUG - Loaded collision time for BConcave+DConvex+3900_flipped at IoU 0.65: nan
2025-07-26 22:24:18,421 - DEBUG - Loaded collision time for BConcave+DConvex+3900_flipped at IoU 0.7: nan
2025-07-26 22:24:18,422 - DEBUG - Loaded collision time for BConcave+DConvex+3900_flipped at IoU 0.75: nan
2025-07-26 22:24:18,422 - DEBUG - Loaded collision time for BConcave+DConvex+3900_flipped at IoU 0.8: nan
2025-07-26 22:24:18,423 - DEBUG - Loaded collision time for BConcave+DConvex+3900_flipped at IoU 0.85: nan
2025-07-26 22:24:18,424 - DEBUG - Loaded collision time for BConcave+DConvex+3900_flipped at IoU 0.9: nan
2025-07-26 22:24:18,425 - DEBUG - Loaded collision time for BConcave+DConvex+3900_flipped at IoU 0.95: nan
2025-07-26 22:24:18,425 - INFO - Processing video: BConcave+DConvex+4100
2025-07-26 22:24:18,427 - INFO - Video BConcave+DConvex+4100 already processed (found segformer_model-BConcave+DConvex+4100.mp4), skipping video processing...
2025-07-26 22:24:18,435 - INFO - VanillaSegmentationSaver initialized with output dir: /home/projects/bagon/andreyg/Projects/Object_reps_neural/Programming/hugging_face/model_experiments/segformer/exp2TTC_segformer-b1-finetuned-ade-512-512/processed_videos/segformer_model-BConcave+DConvex+4100/org_segmentation
2025-07-26 22:24:18,440 - INFO - All collision results already exist for BConcave+DConvex+4100
2025-07-26 22:24:18,440 - DEBUG - Loaded collision time for BConcave+DConvex+4100 at IoU 0.05: nan
2025-07-26 22:24:18,441 - DEBUG - Loaded collision time for BConcave+DConvex+4100 at IoU 0.1: nan
2025-07-26 22:24:18,442 - DEBUG - Loaded collision time for BConcave+DConvex+4100 at IoU 0.15: nan
2025-07-26 22:24:18,443 - DEBUG - Loaded collision time for BConcave+DConvex+4100 at IoU 0.2: nan
2025-07-26 22:24:18,444 - DEBUG - Loaded collision time for BConcave+DConvex+4100 at IoU 0.25: nan
2025-07-26 22:24:18,445 - DEBUG - Loaded collision time for BConcave+DConvex+4100 at IoU 0.3: nan
2025-07-26 22:24:18,445 - DEBUG - Loaded collision time for BConcave+DConvex+4100 at IoU 0.35: nan
2025-07-26 22:24:18,446 - DEBUG - Loaded collision time for BConcave+DConvex+4100 at IoU 0.4: nan
2025-07-26 22:24:18,447 - DEBUG - Loaded collision time for BConcave+DConvex+4100 at IoU 0.45: nan
2025-07-26 22:24:18,448 - DEBUG - Loaded collision time for BConcave+DConvex+4100 at IoU 0.5: nan
2025-07-26 22:24:18,449 - DEBUG - Loaded collision time for BConcave+DConvex+4100 at IoU 0.55: nan
2025-07-26 22:24:18,450 - DEBUG - Loaded collision time for BConcave+DConvex+4100 at IoU 0.6: nan
2025-07-26 22:24:18,451 - DEBUG - Loaded collision time for BConcave+DConvex+4100 at IoU 0.65: nan
2025-07-26 22:24:18,452 - DEBUG - Loaded collision time for BConcave+DConvex+4100 at IoU 0.7: nan
2025-07-26 22:24:18,452 - DEBUG - Loaded collision time for BConcave+DConvex+4100 at IoU 0.75: nan
2025-07-26 22:24:18,453 - DEBUG - Loaded collision time for BConcave+DConvex+4100 at IoU 0.8: nan
2025-07-26 22:24:18,454 - DEBUG - Loaded collision time for BConcave+DConvex+4100 at IoU 0.85: nan
2025-07-26 22:24:18,455 - DEBUG - Loaded collision time for BConcave+DConvex+4100 at IoU 0.9: nan
2025-07-26 22:24:18,456 - DEBUG - Loaded collision time for BConcave+DConvex+4100 at IoU 0.95: nan
2025-07-26 22:24:18,456 - INFO - Processing video: BConcave+DConvex+4300_flipped
2025-07-26 22:24:18,457 - INFO - Video BConcave+DConvex+4300_flipped already processed (found segformer_model-BConcave+DConvex+4300_flipped.mp4), skipping video processing...
2025-07-26 22:24:18,465 - INFO - VanillaSegmentationSaver initialized with output dir: /home/projects/bagon/andreyg/Projects/Object_reps_neural/Programming/hugging_face/model_experiments/segformer/exp2TTC_segformer-b1-finetuned-ade-512-512/processed_videos/segformer_model-BConcave+DConvex+4300_flipped/org_segmentation
2025-07-26 22:24:18,469 - INFO - All collision results already exist for BConcave+DConvex+4300_flipped
2025-07-26 22:24:18,470 - DEBUG - Loaded collision time for BConcave+DConvex+4300_flipped at IoU 0.05: 5233.333333333333
2025-07-26 22:24:18,470 - DEBUG - Loaded collision time for BConcave+DConvex+4300_flipped at IoU 0.1: 5250.0
2025-07-26 22:24:18,471 - DEBUG - Loaded collision time for BConcave+DConvex+4300_flipped at IoU 0.15: 5333.333333333333
2025-07-26 22:24:18,472 - DEBUG - Loaded collision time for BConcave+DConvex+4300_flipped at IoU 0.2: 5416.666666666667
2025-07-26 22:24:18,473 - DEBUG - Loaded collision time for BConcave+DConvex+4300_flipped at IoU 0.25: 5450.0
2025-07-26 22:24:18,474 - DEBUG - Loaded collision time for BConcave+DConvex+4300_flipped at IoU 0.3: nan
2025-07-26 22:24:18,475 - DEBUG - Loaded collision time for BConcave+DConvex+4300_flipped at IoU 0.35: nan
2025-07-26 22:24:18,475 - DEBUG - Loaded collision time for BConcave+DConvex+4300_flipped at IoU 0.4: nan
2025-07-26 22:24:18,476 - DEBUG - Loaded collision time for BConcave+DConvex+4300_flipped at IoU 0.45: nan
2025-07-26 22:24:18,477 - DEBUG - Loaded collision time for BConcave+DConvex+4300_flipped at IoU 0.5: nan
2025-07-26 22:24:18,478 - DEBUG - Loaded collision time for BConcave+DConvex+4300_flipped at IoU 0.55: nan
2025-07-26 22:24:18,478 - DEBUG - Loaded collision time for BConcave+DConvex+4300_flipped at IoU 0.6: nan
2025-07-26 22:24:18,479 - DEBUG - Loaded collision time for BConcave+DConvex+4300_flipped at IoU 0.65: nan
2025-07-26 22:24:18,480 - DEBUG - Loaded collision time for BConcave+DConvex+4300_flipped at IoU 0.7: nan
2025-07-26 22:24:18,481 - DEBUG - Loaded collision time for BConcave+DConvex+4300_flipped at IoU 0.75: nan
2025-07-26 22:24:18,481 - DEBUG - Loaded collision time for BConcave+DConvex+4300_flipped at IoU 0.8: nan
2025-07-26 22:24:18,482 - DEBUG - Loaded collision time for BConcave+DConvex+4300_flipped at IoU 0.85: nan
2025-07-26 22:24:18,483 - DEBUG - Loaded collision time for BConcave+DConvex+4300_flipped at IoU 0.9: nan
2025-07-26 22:24:18,484 - DEBUG - Loaded collision time for BConcave+DConvex+4300_flipped at IoU 0.95: nan
2025-07-26 22:24:18,484 - INFO - Processing video: BConcave+DConvex+4500
2025-07-26 22:24:18,485 - INFO - Video BConcave+DConvex+4500 already processed (found segformer_model-BConcave+DConvex+4500.mp4), skipping video processing...
2025-07-26 22:24:18,493 - INFO - VanillaSegmentationSaver initialized with output dir: /home/projects/bagon/andreyg/Projects/Object_reps_neural/Programming/hugging_face/model_experiments/segformer/exp2TTC_segformer-b1-finetuned-ade-512-512/processed_videos/segformer_model-BConcave+DConvex+4500/org_segmentation
2025-07-26 22:24:18,497 - INFO - All collision results already exist for BConcave+DConvex+4500
2025-07-26 22:24:18,498 - DEBUG - Loaded collision time for BConcave+DConvex+4500 at IoU 0.05: 5166.666666666667
2025-07-26 22:24:18,499 - DEBUG - Loaded collision time for BConcave+DConvex+4500 at IoU 0.1: 5350.0
2025-07-26 22:24:18,499 - DEBUG - Loaded collision time for BConcave+DConvex+4500 at IoU 0.15: nan
2025-07-26 22:24:18,500 - DEBUG - Loaded collision time for BConcave+DConvex+4500 at IoU 0.2: nan
2025-07-26 22:24:18,501 - DEBUG - Loaded collision time for BConcave+DConvex+4500 at IoU 0.25: nan
2025-07-26 22:24:18,502 - DEBUG - Loaded collision time for BConcave+DConvex+4500 at IoU 0.3: nan
2025-07-26 22:24:18,503 - DEBUG - Loaded collision time for BConcave+DConvex+4500 at IoU 0.35: nan
2025-07-26 22:24:18,504 - DEBUG - Loaded collision time for BConcave+DConvex+4500 at IoU 0.4: nan
2025-07-26 22:24:18,505 - DEBUG - Loaded collision time for BConcave+DConvex+4500 at IoU 0.45: nan
2025-07-26 22:24:18,505 - DEBUG - Loaded collision time for BConcave+DConvex+4500 at IoU 0.5: nan
2025-07-26 22:24:18,506 - DEBUG - Loaded collision time for BConcave+DConvex+4500 at IoU 0.55: nan
2025-07-26 22:24:18,507 - DEBUG - Loaded collision time for BConcave+DConvex+4500 at IoU 0.6: nan
2025-07-26 22:24:18,508 - DEBUG - Loaded collision time for BConcave+DConvex+4500 at IoU 0.65: nan
2025-07-26 22:24:18,509 - DEBUG - Loaded collision time for BConcave+DConvex+4500 at IoU 0.7: nan
2025-07-26 22:24:18,510 - DEBUG - Loaded collision time for BConcave+DConvex+4500 at IoU 0.75: nan
2025-07-26 22:24:18,510 - DEBUG - Loaded collision time for BConcave+DConvex+4500 at IoU 0.8: nan
2025-07-26 22:24:18,511 - DEBUG - Loaded collision time for BConcave+DConvex+4500 at IoU 0.85: nan
2025-07-26 22:24:18,512 - DEBUG - Loaded collision time for BConcave+DConvex+4500 at IoU 0.9: nan
2025-07-26 22:24:18,513 - DEBUG - Loaded collision time for BConcave+DConvex+4500 at IoU 0.95: nan
2025-07-26 22:24:18,513 - INFO - Processing video: BConcave+EConcave+3500_flipped
2025-07-26 22:24:18,515 - INFO - Video BConcave+EConcave+3500_flipped already processed (found segformer_model-BConcave+EConcave+3500_flipped.mp4), skipping video processing...
2025-07-26 22:24:18,523 - INFO - VanillaSegmentationSaver initialized with output dir: /home/projects/bagon/andreyg/Projects/Object_reps_neural/Programming/hugging_face/model_experiments/segformer/exp2TTC_segformer-b1-finetuned-ade-512-512/processed_videos/segformer_model-BConcave+EConcave+3500_flipped/org_segmentation
2025-07-26 22:24:18,528 - INFO - All collision results already exist for BConcave+EConcave+3500_flipped
2025-07-26 22:24:18,529 - DEBUG - Loaded collision time for BConcave+EConcave+3500_flipped at IoU 0.05: 3750.0
2025-07-26 22:24:18,530 - DEBUG - Loaded collision time for BConcave+EConcave+3500_flipped at IoU 0.1: 3883.3333333333335
2025-07-26 22:24:18,531 - DEBUG - Loaded collision time for BConcave+EConcave+3500_flipped at IoU 0.15: 3983.3333333333335
2025-07-26 22:24:18,531 - DEBUG - Loaded collision time for BConcave+EConcave+3500_flipped at IoU 0.2: nan
2025-07-26 22:24:18,532 - DEBUG - Loaded collision time for BConcave+EConcave+3500_flipped at IoU 0.25: nan
2025-07-26 22:24:18,533 - DEBUG - Loaded collision time for BConcave+EConcave+3500_flipped at IoU 0.3: nan
2025-07-26 22:24:18,534 - DEBUG - Loaded collision time for BConcave+EConcave+3500_flipped at IoU 0.35: nan
2025-07-26 22:24:18,535 - DEBUG - Loaded collision time for BConcave+EConcave+3500_flipped at IoU 0.4: nan
2025-07-26 22:24:18,536 - DEBUG - Loaded collision time for BConcave+EConcave+3500_flipped at IoU 0.45: nan
2025-07-26 22:24:18,537 - DEBUG - Loaded collision time for BConcave+EConcave+3500_flipped at IoU 0.5: nan
2025-07-26 22:24:18,538 - DEBUG - Loaded collision time for BConcave+EConcave+3500_flipped at IoU 0.55: nan
2025-07-26 22:24:18,538 - DEBUG - Loaded collision time for BConcave+EConcave+3500_flipped at IoU 0.6: nan
2025-07-26 22:24:18,539 - DEBUG - Loaded collision time for BConcave+EConcave+3500_flipped at IoU 0.65: nan
2025-07-26 22:24:18,540 - DEBUG - Loaded collision time for BConcave+EConcave+3500_flipped at IoU 0.7: nan
2025-07-26 22:24:18,541 - DEBUG - Loaded collision time for BConcave+EConcave+3500_flipped at IoU 0.75: nan
2025-07-26 22:24:18,542 - DEBUG - Loaded collision time for BConcave+EConcave+3500_flipped at IoU 0.8: nan
2025-07-26 22:24:18,542 - DEBUG - Loaded collision time for BConcave+EConcave+3500_flipped at IoU 0.85: nan
2025-07-26 22:24:18,543 - DEBUG - Loaded collision time for BConcave+EConcave+3500_flipped at IoU 0.9: nan
2025-07-26 22:24:18,544 - DEBUG - Loaded collision time for BConcave+EConcave+3500_flipped at IoU 0.95: nan
2025-07-26 22:24:18,544 - INFO - Processing video: BConcave+EConcave+3700
2025-07-26 22:24:18,546 - INFO - Video BConcave+EConcave+3700 already processed (found segformer_model-BConcave+EConcave+3700.mp4), skipping video processing...
2025-07-26 22:24:18,554 - INFO - VanillaSegmentationSaver initialized with output dir: /home/projects/bagon/andreyg/Projects/Object_reps_neural/Programming/hugging_face/model_experiments/segformer/exp2TTC_segformer-b1-finetuned-ade-512-512/processed_videos/segformer_model-BConcave+EConcave+3700/org_segmentation
2025-07-26 22:24:18,558 - INFO - All collision results already exist for BConcave+EConcave+3700
2025-07-26 22:24:18,559 - DEBUG - Loaded collision time for BConcave+EConcave+3700 at IoU 0.05: 3950.0
2025-07-26 22:24:18,560 - DEBUG - Loaded collision time for BConcave+EConcave+3700 at IoU 0.1: 4050.0
2025-07-26 22:24:18,560 - DEBUG - Loaded collision time for BConcave+EConcave+3700 at IoU 0.15: 4150.0
2025-07-26 22:24:18,561 - DEBUG - Loaded collision time for BConcave+EConcave+3700 at IoU 0.2: nan
2025-07-26 22:24:18,562 - DEBUG - Loaded collision time for BConcave+EConcave+3700 at IoU 0.25: nan
2025-07-26 22:24:18,563 - DEBUG - Loaded collision time for BConcave+EConcave+3700 at IoU 0.3: nan
2025-07-26 22:24:18,564 - DEBUG - Loaded collision time for BConcave+EConcave+3700 at IoU 0.35: nan
2025-07-26 22:24:18,564 - DEBUG - Loaded collision time for BConcave+EConcave+3700 at IoU 0.4: nan
2025-07-26 22:24:18,565 - DEBUG - Loaded collision time for BConcave+EConcave+3700 at IoU 0.45: nan
2025-07-26 22:24:18,566 - DEBUG - Loaded collision time for BConcave+EConcave+3700 at IoU 0.5: nan
2025-07-26 22:24:18,567 - DEBUG - Loaded collision time for BConcave+EConcave+3700 at IoU 0.55: nan
2025-07-26 22:24:18,568 - DEBUG - Loaded collision time for BConcave+EConcave+3700 at IoU 0.6: nan
2025-07-26 22:24:18,569 - DEBUG - Loaded collision time for BConcave+EConcave+3700 at IoU 0.65: nan
2025-07-26 22:24:18,569 - DEBUG - Loaded collision time for BConcave+EConcave+3700 at IoU 0.7: nan
2025-07-26 22:24:18,570 - DEBUG - Loaded collision time for BConcave+EConcave+3700 at IoU 0.75: nan
2025-07-26 22:24:18,571 - DEBUG - Loaded collision time for BConcave+EConcave+3700 at IoU 0.8: nan
2025-07-26 22:24:18,572 - DEBUG - Loaded collision time for BConcave+EConcave+3700 at IoU 0.85: nan
2025-07-26 22:24:18,573 - DEBUG - Loaded collision time for BConcave+EConcave+3700 at IoU 0.9: nan
2025-07-26 22:24:18,574 - DEBUG - Loaded collision time for BConcave+EConcave+3700 at IoU 0.95: nan
2025-07-26 22:24:18,574 - INFO - Processing video: BConcave+EConcave+3900_flipped
2025-07-26 22:24:18,576 - INFO - Video BConcave+EConcave+3900_flipped already processed (found segformer_model-BConcave+EConcave+3900_flipped.mp4), skipping video processing...
2025-07-26 22:24:18,584 - INFO - VanillaSegmentationSaver initialized with output dir: /home/projects/bagon/andreyg/Projects/Object_reps_neural/Programming/hugging_face/model_experiments/segformer/exp2TTC_segformer-b1-finetuned-ade-512-512/processed_videos/segformer_model-BConcave+EConcave+3900_flipped/org_segmentation
2025-07-26 22:24:18,589 - INFO - All collision results already exist for BConcave+EConcave+3900_flipped
2025-07-26 22:24:18,590 - DEBUG - Loaded collision time for BConcave+EConcave+3900_flipped at IoU 0.05: 4366.666666666666
2025-07-26 22:24:18,590 - DEBUG - Loaded collision time for BConcave+EConcave+3900_flipped at IoU 0.1: nan
2025-07-26 22:24:18,591 - DEBUG - Loaded collision time for BConcave+EConcave+3900_flipped at IoU 0.15: nan
2025-07-26 22:24:18,592 - DEBUG - Loaded collision time for BConcave+EConcave+3900_flipped at IoU 0.2: nan
2025-07-26 22:24:18,593 - DEBUG - Loaded collision time for BConcave+EConcave+3900_flipped at IoU 0.25: nan
2025-07-26 22:24:18,594 - DEBUG - Loaded collision time for BConcave+EConcave+3900_flipped at IoU 0.3: nan
2025-07-26 22:24:18,595 - DEBUG - Loaded collision time for BConcave+EConcave+3900_flipped at IoU 0.35: nan
2025-07-26 22:24:18,595 - DEBUG - Loaded collision time for BConcave+EConcave+3900_flipped at IoU 0.4: nan
2025-07-26 22:24:18,596 - DEBUG - Loaded collision time for BConcave+EConcave+3900_flipped at IoU 0.45: nan
2025-07-26 22:24:18,597 - DEBUG - Loaded collision time for BConcave+EConcave+3900_flipped at IoU 0.5: nan
2025-07-26 22:24:18,598 - DEBUG - Loaded collision time for BConcave+EConcave+3900_flipped at IoU 0.55: nan
2025-07-26 22:24:18,599 - DEBUG - Loaded collision time for BConcave+EConcave+3900_flipped at IoU 0.6: nan
2025-07-26 22:24:18,599 - DEBUG - Loaded collision time for BConcave+EConcave+3900_flipped at IoU 0.65: nan
2025-07-26 22:24:18,600 - DEBUG - Loaded collision time for BConcave+EConcave+3900_flipped at IoU 0.7: nan
2025-07-26 22:24:18,601 - DEBUG - Loaded collision time for BConcave+EConcave+3900_flipped at IoU 0.75: nan
2025-07-26 22:24:18,602 - DEBUG - Loaded collision time for BConcave+EConcave+3900_flipped at IoU 0.8: nan
2025-07-26 22:24:18,602 - DEBUG - Loaded collision time for BConcave+EConcave+3900_flipped at IoU 0.85: nan
2025-07-26 22:24:18,603 - DEBUG - Loaded collision time for BConcave+EConcave+3900_flipped at IoU 0.9: nan
2025-07-26 22:24:18,604 - DEBUG - Loaded collision time for BConcave+EConcave+3900_flipped at IoU 0.95: nan
2025-07-26 22:24:18,604 - INFO - Processing video: BConcave+EConcave+4100
2025-07-26 22:24:18,606 - INFO - Video BConcave+EConcave+4100 already processed (found segformer_model-BConcave+EConcave+4100.mp4), skipping video processing...
2025-07-26 22:24:18,614 - INFO - VanillaSegmentationSaver initialized with output dir: /home/projects/bagon/andreyg/Projects/Object_reps_neural/Programming/hugging_face/model_experiments/segformer/exp2TTC_segformer-b1-finetuned-ade-512-512/processed_videos/segformer_model-BConcave+EConcave+4100/org_segmentation
2025-07-26 22:24:18,618 - INFO - All collision results already exist for BConcave+EConcave+4100
2025-07-26 22:24:18,619 - DEBUG - Loaded collision time for BConcave+EConcave+4100 at IoU 0.05: 4316.666666666666
2025-07-26 22:24:18,620 - DEBUG - Loaded collision time for BConcave+EConcave+4100 at IoU 0.1: 4400.0
2025-07-26 22:24:18,621 - DEBUG - Loaded collision time for BConcave+EConcave+4100 at IoU 0.15: nan
2025-07-26 22:24:18,622 - DEBUG - Loaded collision time for BConcave+EConcave+4100 at IoU 0.2: nan
2025-07-26 22:24:18,623 - DEBUG - Loaded collision time for BConcave+EConcave+4100 at IoU 0.25: nan
2025-07-26 22:24:18,623 - DEBUG - Loaded collision time for BConcave+EConcave+4100 at IoU 0.3: nan
2025-07-26 22:24:18,624 - DEBUG - Loaded collision time for BConcave+EConcave+4100 at IoU 0.35: nan
2025-07-26 22:24:18,625 - DEBUG - Loaded collision time for BConcave+EConcave+4100 at IoU 0.4: nan
2025-07-26 22:24:18,626 - DEBUG - Loaded collision time for BConcave+EConcave+4100 at IoU 0.45: nan
2025-07-26 22:24:18,626 - DEBUG - Loaded collision time for BConcave+EConcave+4100 at IoU 0.5: nan
2025-07-26 22:24:18,627 - DEBUG - Loaded collision time for BConcave+EConcave+4100 at IoU 0.55: nan
2025-07-26 22:24:18,628 - DEBUG - Loaded collision time for BConcave+EConcave+4100 at IoU 0.6: nan
2025-07-26 22:24:18,629 - DEBUG - Loaded collision time for BConcave+EConcave+4100 at IoU 0.65: nan
2025-07-26 22:24:18,630 - DEBUG - Loaded collision time for BConcave+EConcave+4100 at IoU 0.7: nan
2025-07-26 22:24:18,630 - DEBUG - Loaded collision time for BConcave+EConcave+4100 at IoU 0.75: nan
2025-07-26 22:24:18,631 - DEBUG - Loaded collision time for BConcave+EConcave+4100 at IoU 0.8: nan
2025-07-26 22:24:18,632 - DEBUG - Loaded collision time for BConcave+EConcave+4100 at IoU 0.85: nan
2025-07-26 22:24:18,633 - DEBUG - Loaded collision time for BConcave+EConcave+4100 at IoU 0.9: nan
2025-07-26 22:24:18,634 - DEBUG - Loaded collision time for BConcave+EConcave+4100 at IoU 0.95: nan
2025-07-26 22:24:18,634 - INFO - Processing video: BConcave+EConcave+4300_flipped
2025-07-26 22:24:18,635 - INFO - Video BConcave+EConcave+4300_flipped already processed (found segformer_model-BConcave+EConcave+4300_flipped.mp4), skipping video processing...
2025-07-26 22:24:18,643 - INFO - VanillaSegmentationSaver initialized with output dir: /home/projects/bagon/andreyg/Projects/Object_reps_neural/Programming/hugging_face/model_experiments/segformer/exp2TTC_segformer-b1-finetuned-ade-512-512/processed_videos/segformer_model-BConcave+EConcave+4300_flipped/org_segmentation
2025-07-26 22:24:18,648 - INFO - All collision results already exist for BConcave+EConcave+4300_flipped
2025-07-26 22:24:18,649 - DEBUG - Loaded collision time for BConcave+EConcave+4300_flipped at IoU 0.05: nan
2025-07-26 22:24:18,650 - DEBUG - Loaded collision time for BConcave+EConcave+4300_flipped at IoU 0.1: nan
2025-07-26 22:24:18,650 - DEBUG - Loaded collision time for BConcave+EConcave+4300_flipped at IoU 0.15: nan
2025-07-26 22:24:18,651 - DEBUG - Loaded collision time for BConcave+EConcave+4300_flipped at IoU 0.2: nan
2025-07-26 22:24:18,652 - DEBUG - Loaded collision time for BConcave+EConcave+4300_flipped at IoU 0.25: nan
2025-07-26 22:24:18,653 - DEBUG - Loaded collision time for BConcave+EConcave+4300_flipped at IoU 0.3: nan
2025-07-26 22:24:18,654 - DEBUG - Loaded collision time for BConcave+EConcave+4300_flipped at IoU 0.35: nan
2025-07-26 22:24:18,654 - DEBUG - Loaded collision time for BConcave+EConcave+4300_flipped at IoU 0.4: nan
2025-07-26 22:24:18,655 - DEBUG - Loaded collision time for BConcave+EConcave+4300_flipped at IoU 0.45: nan
2025-07-26 22:24:18,656 - DEBUG - Loaded collision time for BConcave+EConcave+4300_flipped at IoU 0.5: nan
2025-07-26 22:24:18,657 - DEBUG - Loaded collision time for BConcave+EConcave+4300_flipped at IoU 0.55: nan
2025-07-26 22:24:18,658 - DEBUG - Loaded collision time for BConcave+EConcave+4300_flipped at IoU 0.6: nan
2025-07-26 22:24:18,658 - DEBUG - Loaded collision time for BConcave+EConcave+4300_flipped at IoU 0.65: nan
2025-07-26 22:24:18,659 - DEBUG - Loaded collision time for BConcave+EConcave+4300_flipped at IoU 0.7: nan
2025-07-26 22:24:18,660 - DEBUG - Loaded collision time for BConcave+EConcave+4300_flipped at IoU 0.75: nan
2025-07-26 22:24:18,661 - DEBUG - Loaded collision time for BConcave+EConcave+4300_flipped at IoU 0.8: nan
2025-07-26 22:24:18,662 - DEBUG - Loaded collision time for BConcave+EConcave+4300_flipped at IoU 0.85: nan
2025-07-26 22:24:18,663 - DEBUG - Loaded collision time for BConcave+EConcave+4300_flipped at IoU 0.9: nan
2025-07-26 22:24:18,663 - DEBUG - Loaded collision time for BConcave+EConcave+4300_flipped at IoU 0.95: nan
2025-07-26 22:24:18,663 - INFO - Processing video: BConcave+EConcave+4500
2025-07-26 22:24:18,665 - INFO - Video BConcave+EConcave+4500 already processed (found segformer_model-BConcave+EConcave+4500.mp4), skipping video processing...
2025-07-26 22:24:18,673 - INFO - VanillaSegmentationSaver initialized with output dir: /home/projects/bagon/andreyg/Projects/Object_reps_neural/Programming/hugging_face/model_experiments/segformer/exp2TTC_segformer-b1-finetuned-ade-512-512/processed_videos/segformer_model-BConcave+EConcave+4500/org_segmentation
2025-07-26 22:24:18,677 - INFO - All collision results already exist for BConcave+EConcave+4500
2025-07-26 22:24:18,678 - DEBUG - Loaded collision time for BConcave+EConcave+4500 at IoU 0.05: 4716.666666666667
2025-07-26 22:24:18,679 - DEBUG - Loaded collision time for BConcave+EConcave+4500 at IoU 0.1: 4816.666666666666
2025-07-26 22:24:18,679 - DEBUG - Loaded collision time for BConcave+EConcave+4500 at IoU 0.15: 4933.333333333334
2025-07-26 22:24:18,680 - DEBUG - Loaded collision time for BConcave+EConcave+4500 at IoU 0.2: nan
2025-07-26 22:24:18,681 - DEBUG - Loaded collision time for BConcave+EConcave+4500 at IoU 0.25: nan
2025-07-26 22:24:18,682 - DEBUG - Loaded collision time for BConcave+EConcave+4500 at IoU 0.3: nan
2025-07-26 22:24:18,683 - DEBUG - Loaded collision time for BConcave+EConcave+4500 at IoU 0.35: nan
2025-07-26 22:24:18,684 - DEBUG - Loaded collision time for BConcave+EConcave+4500 at IoU 0.4: nan
2025-07-26 22:24:18,685 - DEBUG - Loaded collision time for BConcave+EConcave+4500 at IoU 0.45: nan
2025-07-26 22:24:18,685 - DEBUG - Loaded collision time for BConcave+EConcave+4500 at IoU 0.5: nan
2025-07-26 22:24:18,686 - DEBUG - Loaded collision time for BConcave+EConcave+4500 at IoU 0.55: nan
2025-07-26 22:24:18,687 - DEBUG - Loaded collision time for BConcave+EConcave+4500 at IoU 0.6: nan
2025-07-26 22:24:18,688 - DEBUG - Loaded collision time for BConcave+EConcave+4500 at IoU 0.65: nan
2025-07-26 22:24:18,689 - DEBUG - Loaded collision time for BConcave+EConcave+4500 at IoU 0.7: nan
2025-07-26 22:24:18,689 - DEBUG - Loaded collision time for BConcave+EConcave+4500 at IoU 0.75: nan
2025-07-26 22:24:18,690 - DEBUG - Loaded collision time for BConcave+EConcave+4500 at IoU 0.8: nan
2025-07-26 22:24:18,691 - DEBUG - Loaded collision time for BConcave+EConcave+4500 at IoU 0.85: nan
2025-07-26 22:24:18,692 - DEBUG - Loaded collision time for BConcave+EConcave+4500 at IoU 0.9: nan
2025-07-26 22:24:18,693 - DEBUG - Loaded collision time for BConcave+EConcave+4500 at IoU 0.95: nan
2025-07-26 22:24:18,693 - INFO - Processing video: BConcave+EConvex+3500
2025-07-26 22:24:18,694 - INFO - Video BConcave+EConvex+3500 already processed (found segformer_model-BConcave+EConvex+3500.mp4), skipping video processing...
2025-07-26 22:24:18,703 - INFO - VanillaSegmentationSaver initialized with output dir: /home/projects/bagon/andreyg/Projects/Object_reps_neural/Programming/hugging_face/model_experiments/segformer/exp2TTC_segformer-b1-finetuned-ade-512-512/processed_videos/segformer_model-BConcave+EConvex+3500/org_segmentation
2025-07-26 22:24:18,707 - INFO - All collision results already exist for BConcave+EConvex+3500
2025-07-26 22:24:18,708 - DEBUG - Loaded collision time for BConcave+EConvex+3500 at IoU 0.05: 3783.333333333333
2025-07-26 22:24:18,708 - DEBUG - Loaded collision time for BConcave+EConvex+3500 at IoU 0.1: 3883.3333333333335
2025-07-26 22:24:18,709 - DEBUG - Loaded collision time for BConcave+EConvex+3500 at IoU 0.15: 3966.666666666667
2025-07-26 22:24:18,710 - DEBUG - Loaded collision time for BConcave+EConvex+3500 at IoU 0.2: 4050.0
2025-07-26 22:24:18,711 - DEBUG - Loaded collision time for BConcave+EConvex+3500 at IoU 0.25: 4133.333333333334
2025-07-26 22:24:18,712 - DEBUG - Loaded collision time for BConcave+EConvex+3500 at IoU 0.3: nan
2025-07-26 22:24:18,713 - DEBUG - Loaded collision time for BConcave+EConvex+3500 at IoU 0.35: nan
2025-07-26 22:24:18,713 - DEBUG - Loaded collision time for BConcave+EConvex+3500 at IoU 0.4: nan
2025-07-26 22:24:18,714 - DEBUG - Loaded collision time for BConcave+EConvex+3500 at IoU 0.45: nan
2025-07-26 22:24:18,715 - DEBUG - Loaded collision time for BConcave+EConvex+3500 at IoU 0.5: nan
2025-07-26 22:24:18,716 - DEBUG - Loaded collision time for BConcave+EConvex+3500 at IoU 0.55: nan
2025-07-26 22:24:18,717 - DEBUG - Loaded collision time for BConcave+EConvex+3500 at IoU 0.6: nan
2025-07-26 22:24:18,718 - DEBUG - Loaded collision time for BConcave+EConvex+3500 at IoU 0.65: nan
2025-07-26 22:24:18,718 - DEBUG - Loaded collision time for BConcave+EConvex+3500 at IoU 0.7: nan
2025-07-26 22:24:18,719 - DEBUG - Loaded collision time for BConcave+EConvex+3500 at IoU 0.75: nan
2025-07-26 22:24:18,720 - DEBUG - Loaded collision time for BConcave+EConvex+3500 at IoU 0.8: nan
2025-07-26 22:24:18,721 - DEBUG - Loaded collision time for BConcave+EConvex+3500 at IoU 0.85: nan
2025-07-26 22:24:18,721 - DEBUG - Loaded collision time for BConcave+EConvex+3500 at IoU 0.9: nan
2025-07-26 22:24:18,722 - DEBUG - Loaded collision time for BConcave+EConvex+3500 at IoU 0.95: nan
2025-07-26 22:24:18,722 - INFO - Processing video: BConcave+EConvex+3700_flipped
2025-07-26 22:24:18,724 - INFO - Video BConcave+EConvex+3700_flipped already processed (found segformer_model-BConcave+EConvex+3700_flipped.mp4), skipping video processing...
2025-07-26 22:24:18,738 - INFO - VanillaSegmentationSaver initialized with output dir: /home/projects/bagon/andreyg/Projects/Object_reps_neural/Programming/hugging_face/model_experiments/segformer/exp2TTC_segformer-b1-finetuned-ade-512-512/processed_videos/segformer_model-BConcave+EConvex+3700_flipped/org_segmentation
2025-07-26 22:24:18,743 - INFO - All collision results already exist for BConcave+EConvex+3700_flipped
2025-07-26 22:24:18,743 - DEBUG - Loaded collision time for BConcave+EConvex+3700_flipped at IoU 0.05: 4283.333333333333
2025-07-26 22:24:18,744 - DEBUG - Loaded collision time for BConcave+EConvex+3700_flipped at IoU 0.1: nan
2025-07-26 22:24:18,745 - DEBUG - Loaded collision time for BConcave+EConvex+3700_flipped at IoU 0.15: nan
2025-07-26 22:24:18,746 - DEBUG - Loaded collision time for BConcave+EConvex+3700_flipped at IoU 0.2: nan
2025-07-26 22:24:18,747 - DEBUG - Loaded collision time for BConcave+EConvex+3700_flipped at IoU 0.25: nan
2025-07-26 22:24:18,748 - DEBUG - Loaded collision time for BConcave+EConvex+3700_flipped at IoU 0.3: nan
2025-07-26 22:24:18,748 - DEBUG - Loaded collision time for BConcave+EConvex+3700_flipped at IoU 0.35: nan
2025-07-26 22:24:18,749 - DEBUG - Loaded collision time for BConcave+EConvex+3700_flipped at IoU 0.4: nan
2025-07-26 22:24:18,750 - DEBUG - Loaded collision time for BConcave+EConvex+3700_flipped at IoU 0.45: nan
2025-07-26 22:24:18,751 - DEBUG - Loaded collision time for BConcave+EConvex+3700_flipped at IoU 0.5: nan
2025-07-26 22:24:18,752 - DEBUG - Loaded collision time for BConcave+EConvex+3700_flipped at IoU 0.55: nan
2025-07-26 22:24:18,752 - DEBUG - Loaded collision time for BConcave+EConvex+3700_flipped at IoU 0.6: nan
2025-07-26 22:24:18,753 - DEBUG - Loaded collision time for BConcave+EConvex+3700_flipped at IoU 0.65: nan
2025-07-26 22:24:18,754 - DEBUG - Loaded collision time for BConcave+EConvex+3700_flipped at IoU 0.7: nan
2025-07-26 22:24:18,755 - DEBUG - Loaded collision time for BConcave+EConvex+3700_flipped at IoU 0.75: nan
2025-07-26 22:24:18,756 - DEBUG - Loaded collision time for BConcave+EConvex+3700_flipped at IoU 0.8: nan
2025-07-26 22:24:18,756 - DEBUG - Loaded collision time for BConcave+EConvex+3700_flipped at IoU 0.85: nan
2025-07-26 22:24:18,757 - DEBUG - Loaded collision time for BConcave+EConvex+3700_flipped at IoU 0.9: nan
2025-07-26 22:24:18,758 - DEBUG - Loaded collision time for BConcave+EConvex+3700_flipped at IoU 0.95: nan
2025-07-26 22:24:18,758 - INFO - Processing video: BConcave+EConvex+3900
2025-07-26 22:24:18,760 - INFO - Video BConcave+EConvex+3900 already processed (found segformer_model-BConcave+EConvex+3900.mp4), skipping video processing...
2025-07-26 22:24:18,768 - INFO - VanillaSegmentationSaver initialized with output dir: /home/projects/bagon/andreyg/Projects/Object_reps_neural/Programming/hugging_face/model_experiments/segformer/exp2TTC_segformer-b1-finetuned-ade-512-512/processed_videos/segformer_model-BConcave+EConvex+3900/org_segmentation
2025-07-26 22:24:18,774 - INFO - All collision results already exist for BConcave+EConvex+3900
2025-07-26 22:24:18,775 - DEBUG - Loaded collision time for BConcave+EConvex+3900 at IoU 0.05: 4116.666666666666
2025-07-26 22:24:18,775 - DEBUG - Loaded collision time for BConcave+EConvex+3900 at IoU 0.1: 4250.0
2025-07-26 22:24:18,776 - DEBUG - Loaded collision time for BConcave+EConvex+3900 at IoU 0.15: 4350.0
2025-07-26 22:24:18,777 - DEBUG - Loaded collision time for BConcave+EConvex+3900 at IoU 0.2: 4483.333333333333
2025-07-26 22:24:18,778 - DEBUG - Loaded collision time for BConcave+EConvex+3900 at IoU 0.25: 4666.666666666667
2025-07-26 22:24:18,779 - DEBUG - Loaded collision time for BConcave+EConvex+3900 at IoU 0.3: nan
2025-07-26 22:24:18,780 - DEBUG - Loaded collision time for BConcave+EConvex+3900 at IoU 0.35: nan
2025-07-26 22:24:18,781 - DEBUG - Loaded collision time for BConcave+EConvex+3900 at IoU 0.4: nan
2025-07-26 22:24:18,782 - DEBUG - Loaded collision time for BConcave+EConvex+3900 at IoU 0.45: nan
2025-07-26 22:24:18,783 - DEBUG - Loaded collision time for BConcave+EConvex+3900 at IoU 0.5: nan
2025-07-26 22:24:18,784 - DEBUG - Loaded collision time for BConcave+EConvex+3900 at IoU 0.55: nan
2025-07-26 22:24:18,785 - DEBUG - Loaded collision time for BConcave+EConvex+3900 at IoU 0.6: nan
2025-07-26 22:24:18,785 - DEBUG - Loaded collision time for BConcave+EConvex+3900 at IoU 0.65: nan
2025-07-26 22:24:18,786 - DEBUG - Loaded collision time for BConcave+EConvex+3900 at IoU 0.7: nan
2025-07-26 22:24:18,787 - DEBUG - Loaded collision time for BConcave+EConvex+3900 at IoU 0.75: nan
2025-07-26 22:24:18,788 - DEBUG - Loaded collision time for BConcave+EConvex+3900 at IoU 0.8: nan
2025-07-26 22:24:18,789 - DEBUG - Loaded collision time for BConcave+EConvex+3900 at IoU 0.85: nan
2025-07-26 22:24:18,789 - DEBUG - Loaded collision time for BConcave+EConvex+3900 at IoU 0.9: nan
2025-07-26 22:24:18,790 - DEBUG - Loaded collision time for BConcave+EConvex+3900 at IoU 0.95: nan
2025-07-26 22:24:18,790 - INFO - Processing video: BConcave+EConvex+4100_flipped
2025-07-26 22:24:18,791 - INFO - Video BConcave+EConvex+4100_flipped already processed (found segformer_model-BConcave+EConvex+4100_flipped.mp4), skipping video processing...
2025-07-26 22:24:18,800 - INFO - VanillaSegmentationSaver initialized with output dir: /home/projects/bagon/andreyg/Projects/Object_reps_neural/Programming/hugging_face/model_experiments/segformer/exp2TTC_segformer-b1-finetuned-ade-512-512/processed_videos/segformer_model-BConcave+EConvex+4100_flipped/org_segmentation
2025-07-26 22:24:18,804 - INFO - All collision results already exist for BConcave+EConvex+4100_flipped
2025-07-26 22:24:18,805 - DEBUG - Loaded collision time for BConcave+EConvex+4100_flipped at IoU 0.05: 4366.666666666666
2025-07-26 22:24:18,806 - DEBUG - Loaded collision time for BConcave+EConvex+4100_flipped at IoU 0.1: 4466.666666666667
2025-07-26 22:24:18,807 - DEBUG - Loaded collision time for BConcave+EConvex+4100_flipped at IoU 0.15: 4550.0
2025-07-26 22:24:18,808 - DEBUG - Loaded collision time for BConcave+EConvex+4100_flipped at IoU 0.2: 4650.0
2025-07-26 22:24:18,809 - DEBUG - Loaded collision time for BConcave+EConvex+4100_flipped at IoU 0.25: 4683.333333333334
2025-07-26 22:24:18,809 - DEBUG - Loaded collision time for BConcave+EConvex+4100_flipped at IoU 0.3: 4816.666666666666
2025-07-26 22:24:18,810 - DEBUG - Loaded collision time for BConcave+EConvex+4100_flipped at IoU 0.35: nan
2025-07-26 22:24:18,811 - DEBUG - Loaded collision time for BConcave+EConvex+4100_flipped at IoU 0.4: nan
2025-07-26 22:24:18,812 - DEBUG - Loaded collision time for BConcave+EConvex+4100_flipped at IoU 0.45: nan
2025-07-26 22:24:18,813 - DEBUG - Loaded collision time for BConcave+EConvex+4100_flipped at IoU 0.5: nan
2025-07-26 22:24:18,814 - DEBUG - Loaded collision time for BConcave+EConvex+4100_flipped at IoU 0.55: nan
2025-07-26 22:24:18,814 - DEBUG - Loaded collision time for BConcave+EConvex+4100_flipped at IoU 0.6: nan
2025-07-26 22:24:18,815 - DEBUG - Loaded collision time for BConcave+EConvex+4100_flipped at IoU 0.65: nan
2025-07-26 22:24:18,816 - DEBUG - Loaded collision time for BConcave+EConvex+4100_flipped at IoU 0.7: nan
2025-07-26 22:24:18,817 - DEBUG - Loaded collision time for BConcave+EConvex+4100_flipped at IoU 0.75: nan
2025-07-26 22:24:18,818 - DEBUG - Loaded collision time for BConcave+EConvex+4100_flipped at IoU 0.8: nan
2025-07-26 22:24:18,819 - DEBUG - Loaded collision time for BConcave+EConvex+4100_flipped at IoU 0.85: nan
2025-07-26 22:24:18,820 - DEBUG - Loaded collision time for BConcave+EConvex+4100_flipped at IoU 0.9: nan
2025-07-26 22:24:18,820 - DEBUG - Loaded collision time for BConcave+EConvex+4100_flipped at IoU 0.95: nan
2025-07-26 22:24:18,820 - INFO - Processing video: BConcave+EConvex+4300
2025-07-26 22:24:18,822 - INFO - Video BConcave+EConvex+4300 already processed (found segformer_model-BConcave+EConvex+4300.mp4), skipping video processing...
2025-07-26 22:24:18,830 - INFO - VanillaSegmentationSaver initialized with output dir: /home/projects/bagon/andreyg/Projects/Object_reps_neural/Programming/hugging_face/model_experiments/segformer/exp2TTC_segformer-b1-finetuned-ade-512-512/processed_videos/segformer_model-BConcave+EConvex+4300/org_segmentation
2025-07-26 22:24:18,834 - INFO - All collision results already exist for BConcave+EConvex+4300
2025-07-26 22:24:18,835 - DEBUG - Loaded collision time for BConcave+EConvex+4300 at IoU 0.05: 4783.333333333333
2025-07-26 22:24:18,836 - DEBUG - Loaded collision time for BConcave+EConvex+4300 at IoU 0.1: 4950.0
2025-07-26 22:24:18,837 - DEBUG - Loaded collision time for BConcave+EConvex+4300 at IoU 0.15: 4983.333333333333
2025-07-26 22:24:18,838 - DEBUG - Loaded collision time for BConcave+EConvex+4300 at IoU 0.2: 5100.0
2025-07-26 22:24:18,839 - DEBUG - Loaded collision time for BConcave+EConvex+4300 at IoU 0.25: 5133.333333333334
2025-07-26 22:24:18,840 - DEBUG - Loaded collision time for BConcave+EConvex+4300 at IoU 0.3: 5216.666666666667
2025-07-26 22:24:18,840 - DEBUG - Loaded collision time for BConcave+EConvex+4300 at IoU 0.35: 5316.666666666666
2025-07-26 22:24:18,841 - DEBUG - Loaded collision time for BConcave+EConvex+4300 at IoU 0.4: nan
2025-07-26 22:24:18,842 - DEBUG - Loaded collision time for BConcave+EConvex+4300 at IoU 0.45: nan
2025-07-26 22:24:18,843 - DEBUG - Loaded collision time for BConcave+EConvex+4300 at IoU 0.5: nan
2025-07-26 22:24:18,844 - DEBUG - Loaded collision time for BConcave+EConvex+4300 at IoU 0.55: nan
2025-07-26 22:24:18,845 - DEBUG - Loaded collision time for BConcave+EConvex+4300 at IoU 0.6: nan
2025-07-26 22:24:18,845 - DEBUG - Loaded collision time for BConcave+EConvex+4300 at IoU 0.65: nan
2025-07-26 22:24:18,846 - DEBUG - Loaded collision time for BConcave+EConvex+4300 at IoU 0.7: nan
2025-07-26 22:24:18,847 - DEBUG - Loaded collision time for BConcave+EConvex+4300 at IoU 0.75: nan
2025-07-26 22:24:18,848 - DEBUG - Loaded collision time for BConcave+EConvex+4300 at IoU 0.8: nan
2025-07-26 22:24:18,849 - DEBUG - Loaded collision time for BConcave+EConvex+4300 at IoU 0.85: nan
2025-07-26 22:24:18,850 - DEBUG - Loaded collision time for BConcave+EConvex+4300 at IoU 0.9: nan
2025-07-26 22:24:18,850 - DEBUG - Loaded collision time for BConcave+EConvex+4300 at IoU 0.95: nan
2025-07-26 22:24:18,850 - INFO - Processing video: BConcave+EConvex+4500_flipped
2025-07-26 22:24:18,852 - INFO - Video BConcave+EConvex+4500_flipped already processed (found segformer_model-BConcave+EConvex+4500_flipped.mp4), skipping video processing...
2025-07-26 22:24:18,861 - INFO - VanillaSegmentationSaver initialized with output dir: /home/projects/bagon/andreyg/Projects/Object_reps_neural/Programming/hugging_face/model_experiments/segformer/exp2TTC_segformer-b1-finetuned-ade-512-512/processed_videos/segformer_model-BConcave+EConvex+4500_flipped/org_segmentation
2025-07-26 22:24:18,865 - INFO - All collision results already exist for BConcave+EConvex+4500_flipped
2025-07-26 22:24:18,866 - DEBUG - Loaded collision time for BConcave+EConvex+4500_flipped at IoU 0.05: 5266.666666666667
2025-07-26 22:24:18,867 - DEBUG - Loaded collision time for BConcave+EConvex+4500_flipped at IoU 0.1: 5266.666666666667
2025-07-26 22:24:18,867 - DEBUG - Loaded collision time for BConcave+EConvex+4500_flipped at IoU 0.15: nan
2025-07-26 22:24:18,868 - DEBUG - Loaded collision time for BConcave+EConvex+4500_flipped at IoU 0.2: nan
2025-07-26 22:24:18,869 - DEBUG - Loaded collision time for BConcave+EConvex+4500_flipped at IoU 0.25: nan
2025-07-26 22:24:18,870 - DEBUG - Loaded collision time for BConcave+EConvex+4500_flipped at IoU 0.3: nan
2025-07-26 22:24:18,871 - DEBUG - Loaded collision time for BConcave+EConvex+4500_flipped at IoU 0.35: nan
2025-07-26 22:24:18,872 - DEBUG - Loaded collision time for BConcave+EConvex+4500_flipped at IoU 0.4: nan
2025-07-26 22:24:18,872 - DEBUG - Loaded collision time for BConcave+EConvex+4500_flipped at IoU 0.45: nan
2025-07-26 22:24:18,873 - DEBUG - Loaded collision time for BConcave+EConvex+4500_flipped at IoU 0.5: nan
2025-07-26 22:24:18,874 - DEBUG - Loaded collision time for BConcave+EConvex+4500_flipped at IoU 0.55: nan
2025-07-26 22:24:18,875 - DEBUG - Loaded collision time for BConcave+EConvex+4500_flipped at IoU 0.6: nan
2025-07-26 22:24:18,876 - DEBUG - Loaded collision time for BConcave+EConvex+4500_flipped at IoU 0.65: nan
2025-07-26 22:24:18,877 - DEBUG - Loaded collision time for BConcave+EConvex+4500_flipped at IoU 0.7: nan
2025-07-26 22:24:18,877 - DEBUG - Loaded collision time for BConcave+EConvex+4500_flipped at IoU 0.75: nan
2025-07-26 22:24:18,878 - DEBUG - Loaded collision time for BConcave+EConvex+4500_flipped at IoU 0.8: nan
2025-07-26 22:24:18,879 - DEBUG - Loaded collision time for BConcave+EConvex+4500_flipped at IoU 0.85: nan
2025-07-26 22:24:18,880 - DEBUG - Loaded collision time for BConcave+EConvex+4500_flipped at IoU 0.9: nan
2025-07-26 22:24:18,881 - DEBUG - Loaded collision time for BConcave+EConvex+4500_flipped at IoU 0.95: nan
2025-07-26 22:24:18,881 - INFO - Processing video: BConcave+FConcave+3500_flipped
2025-07-26 22:24:18,883 - INFO - Video BConcave+FConcave+3500_flipped already processed (found segformer_model-BConcave+FConcave+3500_flipped.mp4), skipping video processing...
2025-07-26 22:24:18,891 - INFO - VanillaSegmentationSaver initialized with output dir: /home/projects/bagon/andreyg/Projects/Object_reps_neural/Programming/hugging_face/model_experiments/segformer/exp2TTC_segformer-b1-finetuned-ade-512-512/processed_videos/segformer_model-BConcave+FConcave+3500_flipped/org_segmentation
2025-07-26 22:24:18,895 - INFO - All collision results already exist for BConcave+FConcave+3500_flipped
2025-07-26 22:24:18,896 - DEBUG - Loaded collision time for BConcave+FConcave+3500_flipped at IoU 0.05: nan
2025-07-26 22:24:18,897 - DEBUG - Loaded collision time for BConcave+FConcave+3500_flipped at IoU 0.1: nan
2025-07-26 22:24:18,898 - DEBUG - Loaded collision time for BConcave+FConcave+3500_flipped at IoU 0.15: nan
2025-07-26 22:24:18,898 - DEBUG - Loaded collision time for BConcave+FConcave+3500_flipped at IoU 0.2: nan
2025-07-26 22:24:18,899 - DEBUG - Loaded collision time for BConcave+FConcave+3500_flipped at IoU 0.25: nan
2025-07-26 22:24:18,900 - DEBUG - Loaded collision time for BConcave+FConcave+3500_flipped at IoU 0.3: nan
2025-07-26 22:24:18,901 - DEBUG - Loaded collision time for BConcave+FConcave+3500_flipped at IoU 0.35: nan
2025-07-26 22:24:18,901 - DEBUG - Loaded collision time for BConcave+FConcave+3500_flipped at IoU 0.4: nan
2025-07-26 22:24:18,902 - DEBUG - Loaded collision time for BConcave+FConcave+3500_flipped at IoU 0.45: nan
2025-07-26 22:24:18,903 - DEBUG - Loaded collision time for BConcave+FConcave+3500_flipped at IoU 0.5: nan
2025-07-26 22:24:18,904 - DEBUG - Loaded collision time for BConcave+FConcave+3500_flipped at IoU 0.55: nan
2025-07-26 22:24:18,905 - DEBUG - Loaded collision time for BConcave+FConcave+3500_flipped at IoU 0.6: nan
2025-07-26 22:24:18,906 - DEBUG - Loaded collision time for BConcave+FConcave+3500_flipped at IoU 0.65: nan
2025-07-26 22:24:18,907 - DEBUG - Loaded collision time for BConcave+FConcave+3500_flipped at IoU 0.7: nan
2025-07-26 22:24:18,908 - DEBUG - Loaded collision time for BConcave+FConcave+3500_flipped at IoU 0.75: nan
2025-07-26 22:24:18,909 - DEBUG - Loaded collision time for BConcave+FConcave+3500_flipped at IoU 0.8: nan
2025-07-26 22:24:18,910 - DEBUG - Loaded collision time for BConcave+FConcave+3500_flipped at IoU 0.85: nan
2025-07-26 22:24:18,911 - DEBUG - Loaded collision time for BConcave+FConcave+3500_flipped at IoU 0.9: nan
2025-07-26 22:24:18,912 - DEBUG - Loaded collision time for BConcave+FConcave+3500_flipped at IoU 0.95: nan
2025-07-26 22:24:18,912 - INFO - Processing video: BConcave+FConcave+3700
2025-07-26 22:24:18,914 - INFO - Video BConcave+FConcave+3700 already processed (found segformer_model-BConcave+FConcave+3700.mp4), skipping video processing...
2025-07-26 22:24:18,923 - INFO - VanillaSegmentationSaver initialized with output dir: /home/projects/bagon/andreyg/Projects/Object_reps_neural/Programming/hugging_face/model_experiments/segformer/exp2TTC_segformer-b1-finetuned-ade-512-512/processed_videos/segformer_model-BConcave+FConcave+3700/org_segmentation
2025-07-26 22:24:18,928 - INFO - All collision results already exist for BConcave+FConcave+3700
2025-07-26 22:24:18,929 - DEBUG - Loaded collision time for BConcave+FConcave+3700 at IoU 0.05: 4016.6666666666665
2025-07-26 22:24:18,929 - DEBUG - Loaded collision time for BConcave+FConcave+3700 at IoU 0.1: 4183.333333333334
2025-07-26 22:24:18,931 - DEBUG - Loaded collision time for BConcave+FConcave+3700 at IoU 0.15: 4300.0
2025-07-26 22:24:18,932 - DEBUG - Loaded collision time for BConcave+FConcave+3700 at IoU 0.2: 4400.0
2025-07-26 22:24:18,932 - DEBUG - Loaded collision time for BConcave+FConcave+3700 at IoU 0.25: 4516.666666666667
2025-07-26 22:24:18,933 - DEBUG - Loaded collision time for BConcave+FConcave+3700 at IoU 0.3: 4633.333333333334
2025-07-26 22:24:18,934 - DEBUG - Loaded collision time for BConcave+FConcave+3700 at IoU 0.35: 4716.666666666667
2025-07-26 22:24:18,935 - DEBUG - Loaded collision time for BConcave+FConcave+3700 at IoU 0.4: nan
2025-07-26 22:24:18,936 - DEBUG - Loaded collision time for BConcave+FConcave+3700 at IoU 0.45: nan
2025-07-26 22:24:18,937 - DEBUG - Loaded collision time for BConcave+FConcave+3700 at IoU 0.5: nan
2025-07-26 22:24:18,938 - DEBUG - Loaded collision time for BConcave+FConcave+3700 at IoU 0.55: nan
2025-07-26 22:24:18,939 - DEBUG - Loaded collision time for BConcave+FConcave+3700 at IoU 0.6: nan
2025-07-26 22:24:18,940 - DEBUG - Loaded collision time for BConcave+FConcave+3700 at IoU 0.65: nan
2025-07-26 22:24:18,941 - DEBUG - Loaded collision time for BConcave+FConcave+3700 at IoU 0.7: nan
2025-07-26 22:24:18,942 - DEBUG - Loaded collision time for BConcave+FConcave+3700 at IoU 0.75: nan
2025-07-26 22:24:18,943 - DEBUG - Loaded collision time for BConcave+FConcave+3700 at IoU 0.8: nan
2025-07-26 22:24:18,944 - DEBUG - Loaded collision time for BConcave+FConcave+3700 at IoU 0.85: nan
2025-07-26 22:24:18,945 - DEBUG - Loaded collision time for BConcave+FConcave+3700 at IoU 0.9: nan
2025-07-26 22:24:18,946 - DEBUG - Loaded collision time for BConcave+FConcave+3700 at IoU 0.95: nan
2025-07-26 22:24:18,946 - INFO - Processing video: BConcave+FConcave+3900_flipped
2025-07-26 22:24:18,947 - INFO - Video BConcave+FConcave+3900_flipped already processed (found segformer_model-BConcave+FConcave+3900_flipped.mp4), skipping video processing...
2025-07-26 22:24:18,956 - INFO - VanillaSegmentationSaver initialized with output dir: /home/projects/bagon/andreyg/Projects/Object_reps_neural/Programming/hugging_face/model_experiments/segformer/exp2TTC_segformer-b1-finetuned-ade-512-512/processed_videos/segformer_model-BConcave+FConcave+3900_flipped/org_segmentation
2025-07-26 22:24:18,961 - INFO - All collision results already exist for BConcave+FConcave+3900_flipped
2025-07-26 22:24:18,962 - DEBUG - Loaded collision time for BConcave+FConcave+3900_flipped at IoU 0.05: nan
2025-07-26 22:24:18,963 - DEBUG - Loaded collision time for BConcave+FConcave+3900_flipped at IoU 0.1: nan
2025-07-26 22:24:18,964 - DEBUG - Loaded collision time for BConcave+FConcave+3900_flipped at IoU 0.15: nan
2025-07-26 22:24:18,965 - DEBUG - Loaded collision time for BConcave+FConcave+3900_flipped at IoU 0.2: nan
2025-07-26 22:24:18,966 - DEBUG - Loaded collision time for BConcave+FConcave+3900_flipped at IoU 0.25: nan
2025-07-26 22:24:18,967 - DEBUG - Loaded collision time for BConcave+FConcave+3900_flipped at IoU 0.3: nan
2025-07-26 22:24:18,968 - DEBUG - Loaded collision time for BConcave+FConcave+3900_flipped at IoU 0.35: nan
2025-07-26 22:24:18,969 - DEBUG - Loaded collision time for BConcave+FConcave+3900_flipped at IoU 0.4: nan
2025-07-26 22:24:18,970 - DEBUG - Loaded collision time for BConcave+FConcave+3900_flipped at IoU 0.45: nan
2025-07-26 22:24:18,971 - DEBUG - Loaded collision time for BConcave+FConcave+3900_flipped at IoU 0.5: nan
2025-07-26 22:24:18,972 - DEBUG - Loaded collision time for BConcave+FConcave+3900_flipped at IoU 0.55: nan
2025-07-26 22:24:18,973 - DEBUG - Loaded collision time for BConcave+FConcave+3900_flipped at IoU 0.6: nan
2025-07-26 22:24:18,974 - DEBUG - Loaded collision time for BConcave+FConcave+3900_flipped at IoU 0.65: nan
2025-07-26 22:24:18,975 - DEBUG - Loaded collision time for BConcave+FConcave+3900_flipped at IoU 0.7: nan
2025-07-26 22:24:18,976 - DEBUG - Loaded collision time for BConcave+FConcave+3900_flipped at IoU 0.75: nan
2025-07-26 22:24:18,977 - DEBUG - Loaded collision time for BConcave+FConcave+3900_flipped at IoU 0.8: nan
2025-07-26 22:24:18,978 - DEBUG - Loaded collision time for BConcave+FConcave+3900_flipped at IoU 0.85: nan
2025-07-26 22:24:18,979 - DEBUG - Loaded collision time for BConcave+FConcave+3900_flipped at IoU 0.9: nan
2025-07-26 22:24:18,980 - DEBUG - Loaded collision time for BConcave+FConcave+3900_flipped at IoU 0.95: nan
2025-07-26 22:24:18,980 - INFO - Processing video: BConcave+FConcave+4100
2025-07-26 22:24:18,981 - INFO - Video BConcave+FConcave+4100 already processed (found segformer_model-BConcave+FConcave+4100.mp4), skipping video processing...
2025-07-26 22:24:18,990 - INFO - VanillaSegmentationSaver initialized with output dir: /home/projects/bagon/andreyg/Projects/Object_reps_neural/Programming/hugging_face/model_experiments/segformer/exp2TTC_segformer-b1-finetuned-ade-512-512/processed_videos/segformer_model-BConcave+FConcave+4100/org_segmentation
2025-07-26 22:24:18,995 - INFO - All collision results already exist for BConcave+FConcave+4100
2025-07-26 22:24:18,996 - DEBUG - Loaded collision time for BConcave+FConcave+4100 at IoU 0.05: 4783.333333333333
2025-07-26 22:24:18,997 - DEBUG - Loaded collision time for BConcave+FConcave+4100 at IoU 0.1: nan
2025-07-26 22:24:18,998 - DEBUG - Loaded collision time for BConcave+FConcave+4100 at IoU 0.15: nan
2025-07-26 22:24:18,999 - DEBUG - Loaded collision time for BConcave+FConcave+4100 at IoU 0.2: nan
2025-07-26 22:24:19,000 - DEBUG - Loaded collision time for BConcave+FConcave+4100 at IoU 0.25: nan
2025-07-26 22:24:19,001 - DEBUG - Loaded collision time for BConcave+FConcave+4100 at IoU 0.3: nan
2025-07-26 22:24:19,002 - DEBUG - Loaded collision time for BConcave+FConcave+4100 at IoU 0.35: nan
2025-07-26 22:24:19,003 - DEBUG - Loaded collision time for BConcave+FConcave+4100 at IoU 0.4: nan
2025-07-26 22:24:19,003 - DEBUG - Loaded collision time for BConcave+FConcave+4100 at IoU 0.45: nan
2025-07-26 22:24:19,004 - DEBUG - Loaded collision time for BConcave+FConcave+4100 at IoU 0.5: nan
2025-07-26 22:24:19,005 - DEBUG - Loaded collision time for BConcave+FConcave+4100 at IoU 0.55: nan
2025-07-26 22:24:19,006 - DEBUG - Loaded collision time for BConcave+FConcave+4100 at IoU 0.6: nan
2025-07-26 22:24:19,007 - DEBUG - Loaded collision time for BConcave+FConcave+4100 at IoU 0.65: nan
2025-07-26 22:24:19,007 - DEBUG - Loaded collision time for BConcave+FConcave+4100 at IoU 0.7: nan
2025-07-26 22:24:19,008 - DEBUG - Loaded collision time for BConcave+FConcave+4100 at IoU 0.75: nan
2025-07-26 22:24:19,009 - DEBUG - Loaded collision time for BConcave+FConcave+4100 at IoU 0.8: nan
2025-07-26 22:24:19,010 - DEBUG - Loaded collision time for BConcave+FConcave+4100 at IoU 0.85: nan
2025-07-26 22:24:19,011 - DEBUG - Loaded collision time for BConcave+FConcave+4100 at IoU 0.9: nan
2025-07-26 22:24:19,012 - DEBUG - Loaded collision time for BConcave+FConcave+4100 at IoU 0.95: nan
2025-07-26 22:24:19,012 - INFO - Processing video: BConcave+FConcave+4300_flipped
2025-07-26 22:24:19,013 - INFO - Video BConcave+FConcave+4300_flipped already processed (found segformer_model-BConcave+FConcave+4300_flipped.mp4), skipping video processing...
2025-07-26 22:24:19,022 - INFO - VanillaSegmentationSaver initialized with output dir: /home/projects/bagon/andreyg/Projects/Object_reps_neural/Programming/hugging_face/model_experiments/segformer/exp2TTC_segformer-b1-finetuned-ade-512-512/processed_videos/segformer_model-BConcave+FConcave+4300_flipped/org_segmentation
2025-07-26 22:24:19,027 - INFO - All collision results already exist for BConcave+FConcave+4300_flipped
2025-07-26 22:24:19,027 - DEBUG - Loaded collision time for BConcave+FConcave+4300_flipped at IoU 0.05: 4700.0
2025-07-26 22:24:19,028 - DEBUG - Loaded collision time for BConcave+FConcave+4300_flipped at IoU 0.1: 4833.333333333333
2025-07-26 22:24:19,029 - DEBUG - Loaded collision time for BConcave+FConcave+4300_flipped at IoU 0.15: 4966.666666666667
2025-07-26 22:24:19,030 - DEBUG - Loaded collision time for BConcave+FConcave+4300_flipped at IoU 0.2: nan
2025-07-26 22:24:19,031 - DEBUG - Loaded collision time for BConcave+FConcave+4300_flipped at IoU 0.25: nan
2025-07-26 22:24:19,032 - DEBUG - Loaded collision time for BConcave+FConcave+4300_flipped at IoU 0.3: nan
2025-07-26 22:24:19,033 - DEBUG - Loaded collision time for BConcave+FConcave+4300_flipped at IoU 0.35: nan
2025-07-26 22:24:19,034 - DEBUG - Loaded collision time for BConcave+FConcave+4300_flipped at IoU 0.4: nan
2025-07-26 22:24:19,034 - DEBUG - Loaded collision time for BConcave+FConcave+4300_flipped at IoU 0.45: nan
2025-07-26 22:24:19,035 - DEBUG - Loaded collision time for BConcave+FConcave+4300_flipped at IoU 0.5: nan
2025-07-26 22:24:19,036 - DEBUG - Loaded collision time for BConcave+FConcave+4300_flipped at IoU 0.55: nan
2025-07-26 22:24:19,037 - DEBUG - Loaded collision time for BConcave+FConcave+4300_flipped at IoU 0.6: nan
2025-07-26 22:24:19,038 - DEBUG - Loaded collision time for BConcave+FConcave+4300_flipped at IoU 0.65: nan
2025-07-26 22:24:19,039 - DEBUG - Loaded collision time for BConcave+FConcave+4300_flipped at IoU 0.7: nan
2025-07-26 22:24:19,040 - DEBUG - Loaded collision time for BConcave+FConcave+4300_flipped at IoU 0.75: nan
2025-07-26 22:24:19,040 - DEBUG - Loaded collision time for BConcave+FConcave+4300_flipped at IoU 0.8: nan
2025-07-26 22:24:19,041 - DEBUG - Loaded collision time for BConcave+FConcave+4300_flipped at IoU 0.85: nan
2025-07-26 22:24:19,042 - DEBUG - Loaded collision time for BConcave+FConcave+4300_flipped at IoU 0.9: nan
2025-07-26 22:24:19,043 - DEBUG - Loaded collision time for BConcave+FConcave+4300_flipped at IoU 0.95: nan
2025-07-26 22:24:19,043 - INFO - Processing video: BConcave+FConcave+4500
2025-07-26 22:24:19,045 - INFO - Video BConcave+FConcave+4500 already processed (found segformer_model-BConcave+FConcave+4500.mp4), skipping video processing...
2025-07-26 22:24:19,053 - INFO - VanillaSegmentationSaver initialized with output dir: /home/projects/bagon/andreyg/Projects/Object_reps_neural/Programming/hugging_face/model_experiments/segformer/exp2TTC_segformer-b1-finetuned-ade-512-512/processed_videos/segformer_model-BConcave+FConcave+4500/org_segmentation
2025-07-26 22:24:19,058 - INFO - All collision results already exist for BConcave+FConcave+4500
2025-07-26 22:24:19,058 - DEBUG - Loaded collision time for BConcave+FConcave+4500 at IoU 0.05: 5166.666666666667
2025-07-26 22:24:19,059 - DEBUG - Loaded collision time for BConcave+FConcave+4500 at IoU 0.1: nan
2025-07-26 22:24:19,060 - DEBUG - Loaded collision time for BConcave+FConcave+4500 at IoU 0.15: nan
2025-07-26 22:24:19,061 - DEBUG - Loaded collision time for BConcave+FConcave+4500 at IoU 0.2: nan
2025-07-26 22:24:19,062 - DEBUG - Loaded collision time for BConcave+FConcave+4500 at IoU 0.25: nan
2025-07-26 22:24:19,063 - DEBUG - Loaded collision time for BConcave+FConcave+4500 at IoU 0.3: nan
2025-07-26 22:24:19,064 - DEBUG - Loaded collision time for BConcave+FConcave+4500 at IoU 0.35: nan
2025-07-26 22:24:19,064 - DEBUG - Loaded collision time for BConcave+FConcave+4500 at IoU 0.4: nan
2025-07-26 22:24:19,065 - DEBUG - Loaded collision time for BConcave+FConcave+4500 at IoU 0.45: nan
2025-07-26 22:24:19,066 - DEBUG - Loaded collision time for BConcave+FConcave+4500 at IoU 0.5: nan
2025-07-26 22:24:19,067 - DEBUG - Loaded collision time for BConcave+FConcave+4500 at IoU 0.55: nan
2025-07-26 22:24:19,068 - DEBUG - Loaded collision time for BConcave+FConcave+4500 at IoU 0.6: nan
2025-07-26 22:24:19,069 - DEBUG - Loaded collision time for BConcave+FConcave+4500 at IoU 0.65: nan
2025-07-26 22:24:19,070 - DEBUG - Loaded collision time for BConcave+FConcave+4500 at IoU 0.7: nan
2025-07-26 22:24:19,071 - DEBUG - Loaded collision time for BConcave+FConcave+4500 at IoU 0.75: nan
2025-07-26 22:24:19,071 - DEBUG - Loaded collision time for BConcave+FConcave+4500 at IoU 0.8: nan
2025-07-26 22:24:19,072 - DEBUG - Loaded collision time for BConcave+FConcave+4500 at IoU 0.85: nan
2025-07-26 22:24:19,073 - DEBUG - Loaded collision time for BConcave+FConcave+4500 at IoU 0.9: nan
2025-07-26 22:24:19,074 - DEBUG - Loaded collision time for BConcave+FConcave+4500 at IoU 0.95: nan
2025-07-26 22:24:19,074 - INFO - Processing video: BConcave+FConvex+3500
2025-07-26 22:24:19,076 - INFO - Video BConcave+FConvex+3500 already processed (found segformer_model-BConcave+FConvex+3500.mp4), skipping video processing...
2025-07-26 22:24:19,084 - INFO - VanillaSegmentationSaver initialized with output dir: /home/projects/bagon/andreyg/Projects/Object_reps_neural/Programming/hugging_face/model_experiments/segformer/exp2TTC_segformer-b1-finetuned-ade-512-512/processed_videos/segformer_model-BConcave+FConvex+3500/org_segmentation
2025-07-26 22:24:19,089 - INFO - All collision results already exist for BConcave+FConvex+3500
2025-07-26 22:24:19,090 - DEBUG - Loaded collision time for BConcave+FConvex+3500 at IoU 0.05: nan
2025-07-26 22:24:19,090 - DEBUG - Loaded collision time for BConcave+FConvex+3500 at IoU 0.1: nan
2025-07-26 22:24:19,091 - DEBUG - Loaded collision time for BConcave+FConvex+3500 at IoU 0.15: nan
2025-07-26 22:24:19,092 - DEBUG - Loaded collision time for BConcave+FConvex+3500 at IoU 0.2: nan
2025-07-26 22:24:19,093 - DEBUG - Loaded collision time for BConcave+FConvex+3500 at IoU 0.25: nan
2025-07-26 22:24:19,093 - DEBUG - Loaded collision time for BConcave+FConvex+3500 at IoU 0.3: nan
2025-07-26 22:24:19,094 - DEBUG - Loaded collision time for BConcave+FConvex+3500 at IoU 0.35: nan
2025-07-26 22:24:19,095 - DEBUG - Loaded collision time for BConcave+FConvex+3500 at IoU 0.4: nan
2025-07-26 22:24:19,096 - DEBUG - Loaded collision time for BConcave+FConvex+3500 at IoU 0.45: nan
2025-07-26 22:24:19,097 - DEBUG - Loaded collision time for BConcave+FConvex+3500 at IoU 0.5: nan
2025-07-26 22:24:19,098 - DEBUG - Loaded collision time for BConcave+FConvex+3500 at IoU 0.55: nan
2025-07-26 22:24:19,098 - DEBUG - Loaded collision time for BConcave+FConvex+3500 at IoU 0.6: nan
2025-07-26 22:24:19,099 - DEBUG - Loaded collision time for BConcave+FConvex+3500 at IoU 0.65: nan
2025-07-26 22:24:19,100 - DEBUG - Loaded collision time for BConcave+FConvex+3500 at IoU 0.7: nan
2025-07-26 22:24:19,101 - DEBUG - Loaded collision time for BConcave+FConvex+3500 at IoU 0.75: nan
2025-07-26 22:24:19,101 - DEBUG - Loaded collision time for BConcave+FConvex+3500 at IoU 0.8: nan
2025-07-26 22:24:19,102 - DEBUG - Loaded collision time for BConcave+FConvex+3500 at IoU 0.85: nan
2025-07-26 22:24:19,103 - DEBUG - Loaded collision time for BConcave+FConvex+3500 at IoU 0.9: nan
2025-07-26 22:24:19,104 - DEBUG - Loaded collision time for BConcave+FConvex+3500 at IoU 0.95: nan
2025-07-26 22:24:19,104 - INFO - Processing video: BConcave+FConvex+3700_flipped
2025-07-26 22:24:19,106 - INFO - Video BConcave+FConvex+3700_flipped already processed (found segformer_model-BConcave+FConvex+3700_flipped.mp4), skipping video processing...
2025-07-26 22:24:19,114 - INFO - VanillaSegmentationSaver initialized with output dir: /home/projects/bagon/andreyg/Projects/Object_reps_neural/Programming/hugging_face/model_experiments/segformer/exp2TTC_segformer-b1-finetuned-ade-512-512/processed_videos/segformer_model-BConcave+FConvex+3700_flipped/org_segmentation
2025-07-26 22:24:19,118 - INFO - All collision results already exist for BConcave+FConvex+3700_flipped
2025-07-26 22:24:19,119 - DEBUG - Loaded collision time for BConcave+FConvex+3700_flipped at IoU 0.05: 4133.333333333334
2025-07-26 22:24:19,120 - DEBUG - Loaded collision time for BConcave+FConvex+3700_flipped at IoU 0.1: 4283.333333333333
2025-07-26 22:24:19,121 - DEBUG - Loaded collision time for BConcave+FConvex+3700_flipped at IoU 0.15: 4366.666666666666
2025-07-26 22:24:19,122 - DEBUG - Loaded collision time for BConcave+FConvex+3700_flipped at IoU 0.2: 4466.666666666667
2025-07-26 22:24:19,123 - DEBUG - Loaded collision time for BConcave+FConvex+3700_flipped at IoU 0.25: 4483.333333333333
2025-07-26 22:24:19,124 - DEBUG - Loaded collision time for BConcave+FConvex+3700_flipped at IoU 0.3: 4566.666666666666
2025-07-26 22:24:19,124 - DEBUG - Loaded collision time for BConcave+FConvex+3700_flipped at IoU 0.35: 4650.0
2025-07-26 22:24:19,125 - DEBUG - Loaded collision time for BConcave+FConvex+3700_flipped at IoU 0.4: 4716.666666666667
2025-07-26 22:24:19,126 - DEBUG - Loaded collision time for BConcave+FConvex+3700_flipped at IoU 0.45: 4866.666666666666
2025-07-26 22:24:19,127 - DEBUG - Loaded collision time for BConcave+FConvex+3700_flipped at IoU 0.5: nan
2025-07-26 22:24:19,128 - DEBUG - Loaded collision time for BConcave+FConvex+3700_flipped at IoU 0.55: nan
2025-07-26 22:24:19,129 - DEBUG - Loaded collision time for BConcave+FConvex+3700_flipped at IoU 0.6: nan
2025-07-26 22:24:19,130 - DEBUG - Loaded collision time for BConcave+FConvex+3700_flipped at IoU 0.65: nan
2025-07-26 22:24:19,131 - DEBUG - Loaded collision time for BConcave+FConvex+3700_flipped at IoU 0.7: nan
2025-07-26 22:24:19,132 - DEBUG - Loaded collision time for BConcave+FConvex+3700_flipped at IoU 0.75: nan
2025-07-26 22:24:19,132 - DEBUG - Loaded collision time for BConcave+FConvex+3700_flipped at IoU 0.8: nan
2025-07-26 22:24:19,133 - DEBUG - Loaded collision time for BConcave+FConvex+3700_flipped at IoU 0.85: nan
2025-07-26 22:24:19,134 - DEBUG - Loaded collision time for BConcave+FConvex+3700_flipped at IoU 0.9: nan
2025-07-26 22:24:19,135 - DEBUG - Loaded collision time for BConcave+FConvex+3700_flipped at IoU 0.95: nan
2025-07-26 22:24:19,135 - INFO - Processing video: BConcave+FConvex+3900
2025-07-26 22:24:19,137 - INFO - Video BConcave+FConvex+3900 already processed (found segformer_model-BConcave+FConvex+3900.mp4), skipping video processing...
2025-07-26 22:24:19,145 - INFO - VanillaSegmentationSaver initialized with output dir: /home/projects/bagon/andreyg/Projects/Object_reps_neural/Programming/hugging_face/model_experiments/segformer/exp2TTC_segformer-b1-finetuned-ade-512-512/processed_videos/segformer_model-BConcave+FConvex+3900/org_segmentation
2025-07-26 22:24:19,150 - INFO - All collision results already exist for BConcave+FConvex+3900
2025-07-26 22:24:19,151 - DEBUG - Loaded collision time for BConcave+FConvex+3900 at IoU 0.05: nan
2025-07-26 22:24:19,152 - DEBUG - Loaded collision time for BConcave+FConvex+3900 at IoU 0.1: nan
2025-07-26 22:24:19,153 - DEBUG - Loaded collision time for BConcave+FConvex+3900 at IoU 0.15: nan
2025-07-26 22:24:19,153 - DEBUG - Loaded collision time for BConcave+FConvex+3900 at IoU 0.2: nan
2025-07-26 22:24:19,154 - DEBUG - Loaded collision time for BConcave+FConvex+3900 at IoU 0.25: nan
2025-07-26 22:24:19,155 - DEBUG - Loaded collision time for BConcave+FConvex+3900 at IoU 0.3: nan
2025-07-26 22:24:19,156 - DEBUG - Loaded collision time for BConcave+FConvex+3900 at IoU 0.35: nan
2025-07-26 22:24:19,157 - DEBUG - Loaded collision time for BConcave+FConvex+3900 at IoU 0.4: nan
2025-07-26 22:24:19,158 - DEBUG - Loaded collision time for BConcave+FConvex+3900 at IoU 0.45: nan
2025-07-26 22:24:19,159 - DEBUG - Loaded collision time for BConcave+FConvex+3900 at IoU 0.5: nan
2025-07-26 22:24:19,159 - DEBUG - Loaded collision time for BConcave+FConvex+3900 at IoU 0.55: nan
2025-07-26 22:24:19,160 - DEBUG - Loaded collision time for BConcave+FConvex+3900 at IoU 0.6: nan
2025-07-26 22:24:19,161 - DEBUG - Loaded collision time for BConcave+FConvex+3900 at IoU 0.65: nan
2025-07-26 22:24:19,162 - DEBUG - Loaded collision time for BConcave+FConvex+3900 at IoU 0.7: nan
2025-07-26 22:24:19,163 - DEBUG - Loaded collision time for BConcave+FConvex+3900 at IoU 0.75: nan
2025-07-26 22:24:19,163 - DEBUG - Loaded collision time for BConcave+FConvex+3900 at IoU 0.8: nan
2025-07-26 22:24:19,164 - DEBUG - Loaded collision time for BConcave+FConvex+3900 at IoU 0.85: nan
2025-07-26 22:24:19,165 - DEBUG - Loaded collision time for BConcave+FConvex+3900 at IoU 0.9: nan
2025-07-26 22:24:19,166 - DEBUG - Loaded collision time for BConcave+FConvex+3900 at IoU 0.95: nan
2025-07-26 22:24:19,166 - INFO - Processing video: BConcave+FConvex+4100_flipped
2025-07-26 22:24:19,167 - INFO - Video BConcave+FConvex+4100_flipped already processed (found segformer_model-BConcave+FConvex+4100_flipped.mp4), skipping video processing...
2025-07-26 22:24:19,176 - INFO - VanillaSegmentationSaver initialized with output dir: /home/projects/bagon/andreyg/Projects/Object_reps_neural/Programming/hugging_face/model_experiments/segformer/exp2TTC_segformer-b1-finetuned-ade-512-512/processed_videos/segformer_model-BConcave+FConvex+4100_flipped/org_segmentation
2025-07-26 22:24:19,181 - INFO - All collision results already exist for BConcave+FConvex+4100_flipped
2025-07-26 22:24:19,182 - DEBUG - Loaded collision time for BConcave+FConvex+4100_flipped at IoU 0.05: nan
2025-07-26 22:24:19,182 - DEBUG - Loaded collision time for BConcave+FConvex+4100_flipped at IoU 0.1: nan
2025-07-26 22:24:19,183 - DEBUG - Loaded collision time for BConcave+FConvex+4100_flipped at IoU 0.15: nan
2025-07-26 22:24:19,184 - DEBUG - Loaded collision time for BConcave+FConvex+4100_flipped at IoU 0.2: nan
2025-07-26 22:24:19,185 - DEBUG - Loaded collision time for BConcave+FConvex+4100_flipped at IoU 0.25: nan
2025-07-26 22:24:19,186 - DEBUG - Loaded collision time for BConcave+FConvex+4100_flipped at IoU 0.3: nan
2025-07-26 22:24:19,187 - DEBUG - Loaded collision time for BConcave+FConvex+4100_flipped at IoU 0.35: nan
2025-07-26 22:24:19,188 - DEBUG - Loaded collision time for BConcave+FConvex+4100_flipped at IoU 0.4: nan
2025-07-26 22:24:19,189 - DEBUG - Loaded collision time for BConcave+FConvex+4100_flipped at IoU 0.45: nan
2025-07-26 22:24:19,189 - DEBUG - Loaded collision time for BConcave+FConvex+4100_flipped at IoU 0.5: nan
2025-07-26 22:24:19,190 - DEBUG - Loaded collision time for BConcave+FConvex+4100_flipped at IoU 0.55: nan
2025-07-26 22:24:19,191 - DEBUG - Loaded collision time for BConcave+FConvex+4100_flipped at IoU 0.6: nan
2025-07-26 22:24:19,192 - DEBUG - Loaded collision time for BConcave+FConvex+4100_flipped at IoU 0.65: nan
2025-07-26 22:24:19,193 - DEBUG - Loaded collision time for BConcave+FConvex+4100_flipped at IoU 0.7: nan
2025-07-26 22:24:19,193 - DEBUG - Loaded collision time for BConcave+FConvex+4100_flipped at IoU 0.75: nan
2025-07-26 22:24:19,194 - DEBUG - Loaded collision time for BConcave+FConvex+4100_flipped at IoU 0.8: nan
2025-07-26 22:24:19,195 - DEBUG - Loaded collision time for BConcave+FConvex+4100_flipped at IoU 0.85: nan
2025-07-26 22:24:19,196 - DEBUG - Loaded collision time for BConcave+FConvex+4100_flipped at IoU 0.9: nan
2025-07-26 22:24:19,196 - DEBUG - Loaded collision time for BConcave+FConvex+4100_flipped at IoU 0.95: nan
2025-07-26 22:24:19,197 - INFO - Processing video: BConcave+FConvex+4300
2025-07-26 22:24:19,198 - INFO - Video BConcave+FConvex+4300 already processed (found segformer_model-BConcave+FConvex+4300.mp4), skipping video processing...
2025-07-26 22:24:19,207 - INFO - VanillaSegmentationSaver initialized with output dir: /home/projects/bagon/andreyg/Projects/Object_reps_neural/Programming/hugging_face/model_experiments/segformer/exp2TTC_segformer-b1-finetuned-ade-512-512/processed_videos/segformer_model-BConcave+FConvex+4300/org_segmentation
2025-07-26 22:24:19,212 - INFO - All collision results already exist for BConcave+FConvex+4300
2025-07-26 22:24:19,213 - DEBUG - Loaded collision time for BConcave+FConvex+4300 at IoU 0.05: 4700.0
2025-07-26 22:24:19,213 - DEBUG - Loaded collision time for BConcave+FConvex+4300 at IoU 0.1: nan
2025-07-26 22:24:19,214 - DEBUG - Loaded collision time for BConcave+FConvex+4300 at IoU 0.15: nan
2025-07-26 22:24:19,215 - DEBUG - Loaded collision time for BConcave+FConvex+4300 at IoU 0.2: nan
2025-07-26 22:24:19,216 - DEBUG - Loaded collision time for BConcave+FConvex+4300 at IoU 0.25: nan
2025-07-26 22:24:19,216 - DEBUG - Loaded collision time for BConcave+FConvex+4300 at IoU 0.3: nan
2025-07-26 22:24:19,217 - DEBUG - Loaded collision time for BConcave+FConvex+4300 at IoU 0.35: nan
2025-07-26 22:24:19,218 - DEBUG - Loaded collision time for BConcave+FConvex+4300 at IoU 0.4: nan
2025-07-26 22:24:19,218 - DEBUG - Loaded collision time for BConcave+FConvex+4300 at IoU 0.45: nan
2025-07-26 22:24:19,219 - DEBUG - Loaded collision time for BConcave+FConvex+4300 at IoU 0.5: nan
2025-07-26 22:24:19,220 - DEBUG - Loaded collision time for BConcave+FConvex+4300 at IoU 0.55: nan
2025-07-26 22:24:19,221 - DEBUG - Loaded collision time for BConcave+FConvex+4300 at IoU 0.6: nan
2025-07-26 22:24:19,221 - DEBUG - Loaded collision time for BConcave+FConvex+4300 at IoU 0.65: nan
2025-07-26 22:24:19,222 - DEBUG - Loaded collision time for BConcave+FConvex+4300 at IoU 0.7: nan
2025-07-26 22:24:19,223 - DEBUG - Loaded collision time for BConcave+FConvex+4300 at IoU 0.75: nan
2025-07-26 22:24:19,224 - DEBUG - Loaded collision time for BConcave+FConvex+4300 at IoU 0.8: nan
2025-07-26 22:24:19,224 - DEBUG - Loaded collision time for BConcave+FConvex+4300 at IoU 0.85: nan
2025-07-26 22:24:19,225 - DEBUG - Loaded collision time for BConcave+FConvex+4300 at IoU 0.9: nan
2025-07-26 22:24:19,226 - DEBUG - Loaded collision time for BConcave+FConvex+4300 at IoU 0.95: nan
2025-07-26 22:24:19,226 - INFO - Processing video: BConcave+FConvex+4500_flipped
2025-07-26 22:24:19,228 - INFO - Video BConcave+FConvex+4500_flipped already processed (found segformer_model-BConcave+FConvex+4500_flipped.mp4), skipping video processing...
2025-07-26 22:24:19,237 - INFO - VanillaSegmentationSaver initialized with output dir: /home/projects/bagon/andreyg/Projects/Object_reps_neural/Programming/hugging_face/model_experiments/segformer/exp2TTC_segformer-b1-finetuned-ade-512-512/processed_videos/segformer_model-BConcave+FConvex+4500_flipped/org_segmentation
2025-07-26 22:24:19,241 - INFO - All collision results already exist for BConcave+FConvex+4500_flipped
2025-07-26 22:24:19,242 - DEBUG - Loaded collision time for BConcave+FConvex+4500_flipped at IoU 0.05: nan
2025-07-26 22:24:19,243 - DEBUG - Loaded collision time for BConcave+FConvex+4500_flipped at IoU 0.1: nan
2025-07-26 22:24:19,244 - DEBUG - Loaded collision time for BConcave+FConvex+4500_flipped at IoU 0.15: nan
2025-07-26 22:24:19,245 - DEBUG - Loaded collision time for BConcave+FConvex+4500_flipped at IoU 0.2: nan
2025-07-26 22:24:19,245 - DEBUG - Loaded collision time for BConcave+FConvex+4500_flipped at IoU 0.25: nan
2025-07-26 22:24:19,246 - DEBUG - Loaded collision time for BConcave+FConvex+4500_flipped at IoU 0.3: nan
2025-07-26 22:24:19,247 - DEBUG - Loaded collision time for BConcave+FConvex+4500_flipped at IoU 0.35: nan
2025-07-26 22:24:19,248 - DEBUG - Loaded collision time for BConcave+FConvex+4500_flipped at IoU 0.4: nan
2025-07-26 22:24:19,249 - DEBUG - Loaded collision time for BConcave+FConvex+4500_flipped at IoU 0.45: nan
2025-07-26 22:24:19,250 - DEBUG - Loaded collision time for BConcave+FConvex+4500_flipped at IoU 0.5: nan
2025-07-26 22:24:19,251 - DEBUG - Loaded collision time for BConcave+FConvex+4500_flipped at IoU 0.55: nan
2025-07-26 22:24:19,251 - DEBUG - Loaded collision time for BConcave+FConvex+4500_flipped at IoU 0.6: nan
2025-07-26 22:24:19,252 - DEBUG - Loaded collision time for BConcave+FConvex+4500_flipped at IoU 0.65: nan
2025-07-26 22:24:19,253 - DEBUG - Loaded collision time for BConcave+FConvex+4500_flipped at IoU 0.7: nan
2025-07-26 22:24:19,254 - DEBUG - Loaded collision time for BConcave+FConvex+4500_flipped at IoU 0.75: nan
2025-07-26 22:24:19,255 - DEBUG - Loaded collision time for BConcave+FConvex+4500_flipped at IoU 0.8: nan
2025-07-26 22:24:19,256 - DEBUG - Loaded collision time for BConcave+FConvex+4500_flipped at IoU 0.85: nan
2025-07-26 22:24:19,257 - DEBUG - Loaded collision time for BConcave+FConvex+4500_flipped at IoU 0.9: nan
2025-07-26 22:24:19,257 - DEBUG - Loaded collision time for BConcave+FConvex+4500_flipped at IoU 0.95: nan
2025-07-26 22:24:19,258 - INFO - Processing video: BConcave+gConcave+3500_flipped
2025-07-26 22:24:19,259 - INFO - Video BConcave+gConcave+3500_flipped already processed (found segformer_model-BConcave+gConcave+3500_flipped.mp4), skipping video processing...
2025-07-26 22:24:19,268 - INFO - VanillaSegmentationSaver initialized with output dir: /home/projects/bagon/andreyg/Projects/Object_reps_neural/Programming/hugging_face/model_experiments/segformer/exp2TTC_segformer-b1-finetuned-ade-512-512/processed_videos/segformer_model-BConcave+gConcave+3500_flipped/org_segmentation
2025-07-26 22:24:19,274 - INFO - All collision results already exist for BConcave+gConcave+3500_flipped
2025-07-26 22:24:19,275 - DEBUG - Loaded collision time for BConcave+gConcave+3500_flipped at IoU 0.05: 3933.333333333333
2025-07-26 22:24:19,275 - DEBUG - Loaded collision time for BConcave+gConcave+3500_flipped at IoU 0.1: 4016.6666666666665
2025-07-26 22:24:19,276 - DEBUG - Loaded collision time for BConcave+gConcave+3500_flipped at IoU 0.15: 4100.0
2025-07-26 22:24:19,277 - DEBUG - Loaded collision time for BConcave+gConcave+3500_flipped at IoU 0.2: 4133.333333333334
2025-07-26 22:24:19,278 - DEBUG - Loaded collision time for BConcave+gConcave+3500_flipped at IoU 0.25: 4200.0
2025-07-26 22:24:19,279 - DEBUG - Loaded collision time for BConcave+gConcave+3500_flipped at IoU 0.3: 4300.0
2025-07-26 22:24:19,280 - DEBUG - Loaded collision time for BConcave+gConcave+3500_flipped at IoU 0.35: nan
2025-07-26 22:24:19,281 - DEBUG - Loaded collision time for BConcave+gConcave+3500_flipped at IoU 0.4: nan
2025-07-26 22:24:19,282 - DEBUG - Loaded collision time for BConcave+gConcave+3500_flipped at IoU 0.45: nan
2025-07-26 22:24:19,283 - DEBUG - Loaded collision time for BConcave+gConcave+3500_flipped at IoU 0.5: nan
2025-07-26 22:24:19,284 - DEBUG - Loaded collision time for BConcave+gConcave+3500_flipped at IoU 0.55: nan
2025-07-26 22:24:19,285 - DEBUG - Loaded collision time for BConcave+gConcave+3500_flipped at IoU 0.6: nan
2025-07-26 22:24:19,285 - DEBUG - Loaded collision time for BConcave+gConcave+3500_flipped at IoU 0.65: nan
2025-07-26 22:24:19,286 - DEBUG - Loaded collision time for BConcave+gConcave+3500_flipped at IoU 0.7: nan
2025-07-26 22:24:19,287 - DEBUG - Loaded collision time for BConcave+gConcave+3500_flipped at IoU 0.75: nan
2025-07-26 22:24:19,288 - DEBUG - Loaded collision time for BConcave+gConcave+3500_flipped at IoU 0.8: nan
2025-07-26 22:24:19,289 - DEBUG - Loaded collision time for BConcave+gConcave+3500_flipped at IoU 0.85: nan
2025-07-26 22:24:19,290 - DEBUG - Loaded collision time for BConcave+gConcave+3500_flipped at IoU 0.9: nan
2025-07-26 22:24:19,291 - DEBUG - Loaded collision time for BConcave+gConcave+3500_flipped at IoU 0.95: nan
2025-07-26 22:24:19,291 - INFO - Processing video: BConcave+gConcave+3700
2025-07-26 22:24:19,293 - INFO - Video BConcave+gConcave+3700 already processed (found segformer_model-BConcave+gConcave+3700.mp4), skipping video processing...
2025-07-26 22:24:19,301 - INFO - VanillaSegmentationSaver initialized with output dir: /home/projects/bagon/andreyg/Projects/Object_reps_neural/Programming/hugging_face/model_experiments/segformer/exp2TTC_segformer-b1-finetuned-ade-512-512/processed_videos/segformer_model-BConcave+gConcave+3700/org_segmentation
2025-07-26 22:24:19,306 - INFO - All collision results already exist for BConcave+gConcave+3700
2025-07-26 22:24:19,307 - DEBUG - Loaded collision time for BConcave+gConcave+3700 at IoU 0.05: 3816.666666666667
2025-07-26 22:24:19,308 - DEBUG - Loaded collision time for BConcave+gConcave+3700 at IoU 0.1: 4000.0
2025-07-26 22:24:19,309 - DEBUG - Loaded collision time for BConcave+gConcave+3700 at IoU 0.15: 4133.333333333334
2025-07-26 22:24:19,310 - DEBUG - Loaded collision time for BConcave+gConcave+3700 at IoU 0.2: 4650.0
2025-07-26 22:24:19,310 - DEBUG - Loaded collision time for BConcave+gConcave+3700 at IoU 0.25: 4650.0
2025-07-26 22:24:19,311 - DEBUG - Loaded collision time for BConcave+gConcave+3700 at IoU 0.3: 4650.0
2025-07-26 22:24:19,312 - DEBUG - Loaded collision time for BConcave+gConcave+3700 at IoU 0.35: nan
2025-07-26 22:24:19,313 - DEBUG - Loaded collision time for BConcave+gConcave+3700 at IoU 0.4: nan
2025-07-26 22:24:19,314 - DEBUG - Loaded collision time for BConcave+gConcave+3700 at IoU 0.45: nan
2025-07-26 22:24:19,315 - DEBUG - Loaded collision time for BConcave+gConcave+3700 at IoU 0.5: nan
2025-07-26 22:24:19,316 - DEBUG - Loaded collision time for BConcave+gConcave+3700 at IoU 0.55: nan
2025-07-26 22:24:19,317 - DEBUG - Loaded collision time for BConcave+gConcave+3700 at IoU 0.6: nan
2025-07-26 22:24:19,318 - DEBUG - Loaded collision time for BConcave+gConcave+3700 at IoU 0.65: nan
2025-07-26 22:24:19,319 - DEBUG - Loaded collision time for BConcave+gConcave+3700 at IoU 0.7: nan
2025-07-26 22:24:19,319 - DEBUG - Loaded collision time for BConcave+gConcave+3700 at IoU 0.75: nan
2025-07-26 22:24:19,320 - DEBUG - Loaded collision time for BConcave+gConcave+3700 at IoU 0.8: nan
2025-07-26 22:24:19,321 - DEBUG - Loaded collision time for BConcave+gConcave+3700 at IoU 0.85: nan
2025-07-26 22:24:19,322 - DEBUG - Loaded collision time for BConcave+gConcave+3700 at IoU 0.9: nan
2025-07-26 22:24:19,323 - DEBUG - Loaded collision time for BConcave+gConcave+3700 at IoU 0.95: nan
2025-07-26 22:24:19,323 - INFO - Processing video: BConcave+gConcave+3900_flipped
2025-07-26 22:24:19,324 - INFO - Video BConcave+gConcave+3900_flipped already processed (found segformer_model-BConcave+gConcave+3900_flipped.mp4), skipping video processing...
2025-07-26 22:24:19,335 - INFO - VanillaSegmentationSaver initialized with output dir: /home/projects/bagon/andreyg/Projects/Object_reps_neural/Programming/hugging_face/model_experiments/segformer/exp2TTC_segformer-b1-finetuned-ade-512-512/processed_videos/segformer_model-BConcave+gConcave+3900_flipped/org_segmentation
2025-07-26 22:24:19,339 - INFO - All collision results already exist for BConcave+gConcave+3900_flipped
2025-07-26 22:24:19,340 - DEBUG - Loaded collision time for BConcave+gConcave+3900_flipped at IoU 0.05: nan
2025-07-26 22:24:19,341 - DEBUG - Loaded collision time for BConcave+gConcave+3900_flipped at IoU 0.1: nan
2025-07-26 22:24:19,342 - DEBUG - Loaded collision time for BConcave+gConcave+3900_flipped at IoU 0.15: nan
2025-07-26 22:24:19,342 - DEBUG - Loaded collision time for BConcave+gConcave+3900_flipped at IoU 0.2: nan
2025-07-26 22:24:19,343 - DEBUG - Loaded collision time for BConcave+gConcave+3900_flipped at IoU 0.25: nan
2025-07-26 22:24:19,344 - DEBUG - Loaded collision time for BConcave+gConcave+3900_flipped at IoU 0.3: nan
2025-07-26 22:24:19,345 - DEBUG - Loaded collision time for BConcave+gConcave+3900_flipped at IoU 0.35: nan
2025-07-26 22:24:19,346 - DEBUG - Loaded collision time for BConcave+gConcave+3900_flipped at IoU 0.4: nan
2025-07-26 22:24:19,347 - DEBUG - Loaded collision time for BConcave+gConcave+3900_flipped at IoU 0.45: nan
2025-07-26 22:24:19,347 - DEBUG - Loaded collision time for BConcave+gConcave+3900_flipped at IoU 0.5: nan
2025-07-26 22:24:19,348 - DEBUG - Loaded collision time for BConcave+gConcave+3900_flipped at IoU 0.55: nan
2025-07-26 22:24:19,349 - DEBUG - Loaded collision time for BConcave+gConcave+3900_flipped at IoU 0.6: nan
2025-07-26 22:24:19,350 - DEBUG - Loaded collision time for BConcave+gConcave+3900_flipped at IoU 0.65: nan
2025-07-26 22:24:19,351 - DEBUG - Loaded collision time for BConcave+gConcave+3900_flipped at IoU 0.7: nan
2025-07-26 22:24:19,351 - DEBUG - Loaded collision time for BConcave+gConcave+3900_flipped at IoU 0.75: nan
2025-07-26 22:24:19,352 - DEBUG - Loaded collision time for BConcave+gConcave+3900_flipped at IoU 0.8: nan
2025-07-26 22:24:19,353 - DEBUG - Loaded collision time for BConcave+gConcave+3900_flipped at IoU 0.85: nan
2025-07-26 22:24:19,354 - DEBUG - Loaded collision time for BConcave+gConcave+3900_flipped at IoU 0.9: nan
2025-07-26 22:24:19,355 - DEBUG - Loaded collision time for BConcave+gConcave+3900_flipped at IoU 0.95: nan
2025-07-26 22:24:19,355 - INFO - Processing video: BConcave+gConcave+4100
2025-07-26 22:24:19,356 - INFO - Video BConcave+gConcave+4100 already processed (found segformer_model-BConcave+gConcave+4100.mp4), skipping video processing...
2025-07-26 22:24:19,365 - INFO - VanillaSegmentationSaver initialized with output dir: /home/projects/bagon/andreyg/Projects/Object_reps_neural/Programming/hugging_face/model_experiments/segformer/exp2TTC_segformer-b1-finetuned-ade-512-512/processed_videos/segformer_model-BConcave+gConcave+4100/org_segmentation
2025-07-26 22:24:19,369 - INFO - All collision results already exist for BConcave+gConcave+4100
2025-07-26 22:24:19,370 - DEBUG - Loaded collision time for BConcave+gConcave+4100 at IoU 0.05: 4516.666666666667
2025-07-26 22:24:19,371 - DEBUG - Loaded collision time for BConcave+gConcave+4100 at IoU 0.1: 4633.333333333334
2025-07-26 22:24:19,372 - DEBUG - Loaded collision time for BConcave+gConcave+4100 at IoU 0.15: 4800.0
2025-07-26 22:24:19,373 - DEBUG - Loaded collision time for BConcave+gConcave+4100 at IoU 0.2: nan
2025-07-26 22:24:19,374 - DEBUG - Loaded collision time for BConcave+gConcave+4100 at IoU 0.25: nan
2025-07-26 22:24:19,374 - DEBUG - Loaded collision time for BConcave+gConcave+4100 at IoU 0.3: nan
2025-07-26 22:24:19,375 - DEBUG - Loaded collision time for BConcave+gConcave+4100 at IoU 0.35: nan
2025-07-26 22:24:19,376 - DEBUG - Loaded collision time for BConcave+gConcave+4100 at IoU 0.4: nan
2025-07-26 22:24:19,377 - DEBUG - Loaded collision time for BConcave+gConcave+4100 at IoU 0.45: nan
2025-07-26 22:24:19,378 - DEBUG - Loaded collision time for BConcave+gConcave+4100 at IoU 0.5: nan
2025-07-26 22:24:19,378 - DEBUG - Loaded collision time for BConcave+gConcave+4100 at IoU 0.55: nan
2025-07-26 22:24:19,379 - DEBUG - Loaded collision time for BConcave+gConcave+4100 at IoU 0.6: nan
2025-07-26 22:24:19,380 - DEBUG - Loaded collision time for BConcave+gConcave+4100 at IoU 0.65: nan
2025-07-26 22:24:19,381 - DEBUG - Loaded collision time for BConcave+gConcave+4100 at IoU 0.7: nan
2025-07-26 22:24:19,382 - DEBUG - Loaded collision time for BConcave+gConcave+4100 at IoU 0.75: nan
2025-07-26 22:24:19,383 - DEBUG - Loaded collision time for BConcave+gConcave+4100 at IoU 0.8: nan
2025-07-26 22:24:19,384 - DEBUG - Loaded collision time for BConcave+gConcave+4100 at IoU 0.85: nan
2025-07-26 22:24:19,385 - DEBUG - Loaded collision time for BConcave+gConcave+4100 at IoU 0.9: nan
2025-07-26 22:24:19,386 - DEBUG - Loaded collision time for BConcave+gConcave+4100 at IoU 0.95: nan
2025-07-26 22:24:19,386 - INFO - Processing video: BConcave+gConcave+4300_flipped
2025-07-26 22:24:19,388 - INFO - Video BConcave+gConcave+4300_flipped already processed (found segformer_model-BConcave+gConcave+4300_flipped.mp4), skipping video processing...
2025-07-26 22:24:19,398 - INFO - VanillaSegmentationSaver initialized with output dir: /home/projects/bagon/andreyg/Projects/Object_reps_neural/Programming/hugging_face/model_experiments/segformer/exp2TTC_segformer-b1-finetuned-ade-512-512/processed_videos/segformer_model-BConcave+gConcave+4300_flipped/org_segmentation
2025-07-26 22:24:19,405 - INFO - All collision results already exist for BConcave+gConcave+4300_flipped
2025-07-26 22:24:19,406 - DEBUG - Loaded collision time for BConcave+gConcave+4300_flipped at IoU 0.05: nan
2025-07-26 22:24:19,407 - DEBUG - Loaded collision time for BConcave+gConcave+4300_flipped at IoU 0.1: nan
2025-07-26 22:24:19,407 - DEBUG - Loaded collision time for BConcave+gConcave+4300_flipped at IoU 0.15: nan
2025-07-26 22:24:19,408 - DEBUG - Loaded collision time for BConcave+gConcave+4300_flipped at IoU 0.2: nan
2025-07-26 22:24:19,409 - DEBUG - Loaded collision time for BConcave+gConcave+4300_flipped at IoU 0.25: nan
2025-07-26 22:24:19,410 - DEBUG - Loaded collision time for BConcave+gConcave+4300_flipped at IoU 0.3: nan
2025-07-26 22:24:19,411 - DEBUG - Loaded collision time for BConcave+gConcave+4300_flipped at IoU 0.35: nan
2025-07-26 22:24:19,412 - DEBUG - Loaded collision time for BConcave+gConcave+4300_flipped at IoU 0.4: nan
2025-07-26 22:24:19,412 - DEBUG - Loaded collision time for BConcave+gConcave+4300_flipped at IoU 0.45: nan
2025-07-26 22:24:19,413 - DEBUG - Loaded collision time for BConcave+gConcave+4300_flipped at IoU 0.5: nan
2025-07-26 22:24:19,414 - DEBUG - Loaded collision time for BConcave+gConcave+4300_flipped at IoU 0.55: nan
2025-07-26 22:24:19,415 - DEBUG - Loaded collision time for BConcave+gConcave+4300_flipped at IoU 0.6: nan
2025-07-26 22:24:19,416 - DEBUG - Loaded collision time for BConcave+gConcave+4300_flipped at IoU 0.65: nan
2025-07-26 22:24:19,417 - DEBUG - Loaded collision time for BConcave+gConcave+4300_flipped at IoU 0.7: nan
2025-07-26 22:24:19,418 - DEBUG - Loaded collision time for BConcave+gConcave+4300_flipped at IoU 0.75: nan
2025-07-26 22:24:19,418 - DEBUG - Loaded collision time for BConcave+gConcave+4300_flipped at IoU 0.8: nan
2025-07-26 22:24:19,419 - DEBUG - Loaded collision time for BConcave+gConcave+4300_flipped at IoU 0.85: nan
2025-07-26 22:24:19,420 - DEBUG - Loaded collision time for BConcave+gConcave+4300_flipped at IoU 0.9: nan
2025-07-26 22:24:19,421 - DEBUG - Loaded collision time for BConcave+gConcave+4300_flipped at IoU 0.95: nan
2025-07-26 22:24:19,421 - INFO - Processing video: BConcave+gConcave+4500
2025-07-26 22:24:19,423 - INFO - Video BConcave+gConcave+4500 already processed (found segformer_model-BConcave+gConcave+4500.mp4), skipping video processing...
2025-07-26 22:24:19,433 - INFO - VanillaSegmentationSaver initialized with output dir: /home/projects/bagon/andreyg/Projects/Object_reps_neural/Programming/hugging_face/model_experiments/segformer/exp2TTC_segformer-b1-finetuned-ade-512-512/processed_videos/segformer_model-BConcave+gConcave+4500/org_segmentation
2025-07-26 22:24:19,437 - INFO - All collision results already exist for BConcave+gConcave+4500
2025-07-26 22:24:19,438 - DEBUG - Loaded collision time for BConcave+gConcave+4500 at IoU 0.05: nan
2025-07-26 22:24:19,439 - DEBUG - Loaded collision time for BConcave+gConcave+4500 at IoU 0.1: nan
2025-07-26 22:24:19,440 - DEBUG - Loaded collision time for BConcave+gConcave+4500 at IoU 0.15: nan
2025-07-26 22:24:19,441 - DEBUG - Loaded collision time for BConcave+gConcave+4500 at IoU 0.2: nan
2025-07-26 22:24:19,442 - DEBUG - Loaded collision time for BConcave+gConcave+4500 at IoU 0.25: nan
2025-07-26 22:24:19,442 - DEBUG - Loaded collision time for BConcave+gConcave+4500 at IoU 0.3: nan
2025-07-26 22:24:19,443 - DEBUG - Loaded collision time for BConcave+gConcave+4500 at IoU 0.35: nan
2025-07-26 22:24:19,444 - DEBUG - Loaded collision time for BConcave+gConcave+4500 at IoU 0.4: nan
2025-07-26 22:24:19,445 - DEBUG - Loaded collision time for BConcave+gConcave+4500 at IoU 0.45: nan
2025-07-26 22:24:19,446 - DEBUG - Loaded collision time for BConcave+gConcave+4500 at IoU 0.5: nan
2025-07-26 22:24:19,447 - DEBUG - Loaded collision time for BConcave+gConcave+4500 at IoU 0.55: nan
2025-07-26 22:24:19,448 - DEBUG - Loaded collision time for BConcave+gConcave+4500 at IoU 0.6: nan
2025-07-26 22:24:19,449 - DEBUG - Loaded collision time for BConcave+gConcave+4500 at IoU 0.65: nan
2025-07-26 22:24:19,450 - DEBUG - Loaded collision time for BConcave+gConcave+4500 at IoU 0.7: nan
2025-07-26 22:24:19,450 - DEBUG - Loaded collision time for BConcave+gConcave+4500 at IoU 0.75: nan
2025-07-26 22:24:19,451 - DEBUG - Loaded collision time for BConcave+gConcave+4500 at IoU 0.8: nan
2025-07-26 22:24:19,452 - DEBUG - Loaded collision time for BConcave+gConcave+4500 at IoU 0.85: nan
2025-07-26 22:24:19,453 - DEBUG - Loaded collision time for BConcave+gConcave+4500 at IoU 0.9: nan
2025-07-26 22:24:19,454 - DEBUG - Loaded collision time for BConcave+gConcave+4500 at IoU 0.95: nan
2025-07-26 22:24:19,454 - INFO - Processing video: BConcave+gConvex+3500
2025-07-26 22:24:19,456 - INFO - Video BConcave+gConvex+3500 already processed (found segformer_model-BConcave+gConvex+3500.mp4), skipping video processing...
2025-07-26 22:24:19,464 - INFO - VanillaSegmentationSaver initialized with output dir: /home/projects/bagon/andreyg/Projects/Object_reps_neural/Programming/hugging_face/model_experiments/segformer/exp2TTC_segformer-b1-finetuned-ade-512-512/processed_videos/segformer_model-BConcave+gConvex+3500/org_segmentation
2025-07-26 22:24:19,472 - INFO - All collision results already exist for BConcave+gConvex+3500
2025-07-26 22:24:19,473 - DEBUG - Loaded collision time for BConcave+gConvex+3500 at IoU 0.05: nan
2025-07-26 22:24:19,474 - DEBUG - Loaded collision time for BConcave+gConvex+3500 at IoU 0.1: nan
2025-07-26 22:24:19,475 - DEBUG - Loaded collision time for BConcave+gConvex+3500 at IoU 0.15: nan
2025-07-26 22:24:19,476 - DEBUG - Loaded collision time for BConcave+gConvex+3500 at IoU 0.2: nan
2025-07-26 22:24:19,477 - DEBUG - Loaded collision time for BConcave+gConvex+3500 at IoU 0.25: nan
2025-07-26 22:24:19,478 - DEBUG - Loaded collision time for BConcave+gConvex+3500 at IoU 0.3: nan
2025-07-26 22:24:19,479 - DEBUG - Loaded collision time for BConcave+gConvex+3500 at IoU 0.35: nan
2025-07-26 22:24:19,480 - DEBUG - Loaded collision time for BConcave+gConvex+3500 at IoU 0.4: nan
2025-07-26 22:24:19,481 - DEBUG - Loaded collision time for BConcave+gConvex+3500 at IoU 0.45: nan
2025-07-26 22:24:19,482 - DEBUG - Loaded collision time for BConcave+gConvex+3500 at IoU 0.5: nan
2025-07-26 22:24:19,483 - DEBUG - Loaded collision time for BConcave+gConvex+3500 at IoU 0.55: nan
2025-07-26 22:24:19,484 - DEBUG - Loaded collision time for BConcave+gConvex+3500 at IoU 0.6: nan
2025-07-26 22:24:19,485 - DEBUG - Loaded collision time for BConcave+gConvex+3500 at IoU 0.65: nan
2025-07-26 22:24:19,486 - DEBUG - Loaded collision time for BConcave+gConvex+3500 at IoU 0.7: nan
2025-07-26 22:24:19,488 - DEBUG - Loaded collision time for BConcave+gConvex+3500 at IoU 0.75: nan
2025-07-26 22:24:19,489 - DEBUG - Loaded collision time for BConcave+gConvex+3500 at IoU 0.8: nan
2025-07-26 22:24:19,491 - DEBUG - Loaded collision time for BConcave+gConvex+3500 at IoU 0.85: nan
2025-07-26 22:24:19,492 - DEBUG - Loaded collision time for BConcave+gConvex+3500 at IoU 0.9: nan
2025-07-26 22:24:19,493 - DEBUG - Loaded collision time for BConcave+gConvex+3500 at IoU 0.95: nan
2025-07-26 22:24:19,493 - INFO - Processing video: BConcave+gConvex+3700_flipped
2025-07-26 22:24:19,495 - INFO - Video BConcave+gConvex+3700_flipped already processed (found segformer_model-BConcave+gConvex+3700_flipped.mp4), skipping video processing...
2025-07-26 22:24:19,503 - INFO - VanillaSegmentationSaver initialized with output dir: /home/projects/bagon/andreyg/Projects/Object_reps_neural/Programming/hugging_face/model_experiments/segformer/exp2TTC_segformer-b1-finetuned-ade-512-512/processed_videos/segformer_model-BConcave+gConvex+3700_flipped/org_segmentation
2025-07-26 22:24:19,508 - INFO - All collision results already exist for BConcave+gConvex+3700_flipped
2025-07-26 22:24:19,509 - DEBUG - Loaded collision time for BConcave+gConvex+3700_flipped at IoU 0.05: nan
2025-07-26 22:24:19,511 - DEBUG - Loaded collision time for BConcave+gConvex+3700_flipped at IoU 0.1: nan
2025-07-26 22:24:19,513 - DEBUG - Loaded collision time for BConcave+gConvex+3700_flipped at IoU 0.15: nan
2025-07-26 22:24:19,513 - DEBUG - Loaded collision time for BConcave+gConvex+3700_flipped at IoU 0.2: nan
2025-07-26 22:24:19,514 - DEBUG - Loaded collision time for BConcave+gConvex+3700_flipped at IoU 0.25: nan
2025-07-26 22:24:19,515 - DEBUG - Loaded collision time for BConcave+gConvex+3700_flipped at IoU 0.3: nan
2025-07-26 22:24:19,516 - DEBUG - Loaded collision time for BConcave+gConvex+3700_flipped at IoU 0.35: nan
2025-07-26 22:24:19,517 - DEBUG - Loaded collision time for BConcave+gConvex+3700_flipped at IoU 0.4: nan
2025-07-26 22:24:19,518 - DEBUG - Loaded collision time for BConcave+gConvex+3700_flipped at IoU 0.45: nan
2025-07-26 22:24:19,519 - DEBUG - Loaded collision time for BConcave+gConvex+3700_flipped at IoU 0.5: nan
2025-07-26 22:24:19,520 - DEBUG - Loaded collision time for BConcave+gConvex+3700_flipped at IoU 0.55: nan
2025-07-26 22:24:19,521 - DEBUG - Loaded collision time for BConcave+gConvex+3700_flipped at IoU 0.6: nan
2025-07-26 22:24:19,522 - DEBUG - Loaded collision time for BConcave+gConvex+3700_flipped at IoU 0.65: nan
2025-07-26 22:24:19,523 - DEBUG - Loaded collision time for BConcave+gConvex+3700_flipped at IoU 0.7: nan
2025-07-26 22:24:19,524 - DEBUG - Loaded collision time for BConcave+gConvex+3700_flipped at IoU 0.75: nan
2025-07-26 22:24:19,524 - DEBUG - Loaded collision time for BConcave+gConvex+3700_flipped at IoU 0.8: nan
2025-07-26 22:24:19,525 - DEBUG - Loaded collision time for BConcave+gConvex+3700_flipped at IoU 0.85: nan
2025-07-26 22:24:19,526 - DEBUG - Loaded collision time for BConcave+gConvex+3700_flipped at IoU 0.9: nan
2025-07-26 22:24:19,527 - DEBUG - Loaded collision time for BConcave+gConvex+3700_flipped at IoU 0.95: nan
2025-07-26 22:24:19,527 - INFO - Processing video: BConcave+gConvex+3900
2025-07-26 22:24:19,529 - INFO - Video BConcave+gConvex+3900 already processed (found segformer_model-BConcave+gConvex+3900.mp4), skipping video processing...
2025-07-26 22:24:19,538 - INFO - VanillaSegmentationSaver initialized with output dir: /home/projects/bagon/andreyg/Projects/Object_reps_neural/Programming/hugging_face/model_experiments/segformer/exp2TTC_segformer-b1-finetuned-ade-512-512/processed_videos/segformer_model-BConcave+gConvex+3900/org_segmentation
2025-07-26 22:24:19,543 - INFO - All collision results already exist for BConcave+gConvex+3900
2025-07-26 22:24:19,544 - DEBUG - Loaded collision time for BConcave+gConvex+3900 at IoU 0.05: 1616.6666666666667
2025-07-26 22:24:19,545 - DEBUG - Loaded collision time for BConcave+gConvex+3900 at IoU 0.1: 1616.6666666666667
2025-07-26 22:24:19,547 - DEBUG - Loaded collision time for BConcave+gConvex+3900 at IoU 0.15: 1616.6666666666667
2025-07-26 22:24:19,548 - DEBUG - Loaded collision time for BConcave+gConvex+3900 at IoU 0.2: 1616.6666666666667
2025-07-26 22:24:19,549 - DEBUG - Loaded collision time for BConcave+gConvex+3900 at IoU 0.25: 1616.6666666666667
2025-07-26 22:24:19,550 - DEBUG - Loaded collision time for BConcave+gConvex+3900 at IoU 0.3: 1616.6666666666667
2025-07-26 22:24:19,551 - DEBUG - Loaded collision time for BConcave+gConvex+3900 at IoU 0.35: nan
2025-07-26 22:24:19,552 - DEBUG - Loaded collision time for BConcave+gConvex+3900 at IoU 0.4: nan
2025-07-26 22:24:19,552 - DEBUG - Loaded collision time for BConcave+gConvex+3900 at IoU 0.45: nan
2025-07-26 22:24:19,553 - DEBUG - Loaded collision time for BConcave+gConvex+3900 at IoU 0.5: nan
2025-07-26 22:24:19,555 - DEBUG - Loaded collision time for BConcave+gConvex+3900 at IoU 0.55: nan
2025-07-26 22:24:19,556 - DEBUG - Loaded collision time for BConcave+gConvex+3900 at IoU 0.6: nan
2025-07-26 22:24:19,557 - DEBUG - Loaded collision time for BConcave+gConvex+3900 at IoU 0.65: nan
2025-07-26 22:24:19,558 - DEBUG - Loaded collision time for BConcave+gConvex+3900 at IoU 0.7: nan
2025-07-26 22:24:19,558 - DEBUG - Loaded collision time for BConcave+gConvex+3900 at IoU 0.75: nan
2025-07-26 22:24:19,560 - DEBUG - Loaded collision time for BConcave+gConvex+3900 at IoU 0.8: nan
2025-07-26 22:24:19,561 - DEBUG - Loaded collision time for BConcave+gConvex+3900 at IoU 0.85: nan
2025-07-26 22:24:19,562 - DEBUG - Loaded collision time for BConcave+gConvex+3900 at IoU 0.9: nan
2025-07-26 22:24:19,563 - DEBUG - Loaded collision time for BConcave+gConvex+3900 at IoU 0.95: nan
2025-07-26 22:24:19,563 - INFO - Processing video: BConcave+gConvex+4100_flipped
2025-07-26 22:24:19,565 - INFO - Video BConcave+gConvex+4100_flipped already processed (found segformer_model-BConcave+gConvex+4100_flipped.mp4), skipping video processing...
2025-07-26 22:24:19,577 - INFO - VanillaSegmentationSaver initialized with output dir: /home/projects/bagon/andreyg/Projects/Object_reps_neural/Programming/hugging_face/model_experiments/segformer/exp2TTC_segformer-b1-finetuned-ade-512-512/processed_videos/segformer_model-BConcave+gConvex+4100_flipped/org_segmentation
2025-07-26 22:24:19,581 - INFO - All collision results already exist for BConcave+gConvex+4100_flipped
2025-07-26 22:24:19,582 - DEBUG - Loaded collision time for BConcave+gConvex+4100_flipped at IoU 0.05: 4450.0
2025-07-26 22:24:19,583 - DEBUG - Loaded collision time for BConcave+gConvex+4100_flipped at IoU 0.1: 4583.333333333333
2025-07-26 22:24:19,584 - DEBUG - Loaded collision time for BConcave+gConvex+4100_flipped at IoU 0.15: 4733.333333333333
2025-07-26 22:24:19,585 - DEBUG - Loaded collision time for BConcave+gConvex+4100_flipped at IoU 0.2: nan
2025-07-26 22:24:19,586 - DEBUG - Loaded collision time for BConcave+gConvex+4100_flipped at IoU 0.25: nan
2025-07-26 22:24:19,586 - DEBUG - Loaded collision time for BConcave+gConvex+4100_flipped at IoU 0.3: nan
2025-07-26 22:24:19,587 - DEBUG - Loaded collision time for BConcave+gConvex+4100_flipped at IoU 0.35: nan
2025-07-26 22:24:19,588 - DEBUG - Loaded collision time for BConcave+gConvex+4100_flipped at IoU 0.4: nan
2025-07-26 22:24:19,589 - DEBUG - Loaded collision time for BConcave+gConvex+4100_flipped at IoU 0.45: nan
2025-07-26 22:24:19,590 - DEBUG - Loaded collision time for BConcave+gConvex+4100_flipped at IoU 0.5: nan
2025-07-26 22:24:19,591 - DEBUG - Loaded collision time for BConcave+gConvex+4100_flipped at IoU 0.55: nan
2025-07-26 22:24:19,592 - DEBUG - Loaded collision time for BConcave+gConvex+4100_flipped at IoU 0.6: nan
2025-07-26 22:24:19,593 - DEBUG - Loaded collision time for BConcave+gConvex+4100_flipped at IoU 0.65: nan
2025-07-26 22:24:19,594 - DEBUG - Loaded collision time for BConcave+gConvex+4100_flipped at IoU 0.7: nan
2025-07-26 22:24:19,594 - DEBUG - Loaded collision time for BConcave+gConvex+4100_flipped at IoU 0.75: nan
2025-07-26 22:24:19,595 - DEBUG - Loaded collision time for BConcave+gConvex+4100_flipped at IoU 0.8: nan
2025-07-26 22:24:19,596 - DEBUG - Loaded collision time for BConcave+gConvex+4100_flipped at IoU 0.85: nan
2025-07-26 22:24:19,597 - DEBUG - Loaded collision time for BConcave+gConvex+4100_flipped at IoU 0.9: nan
2025-07-26 22:24:19,598 - DEBUG - Loaded collision time for BConcave+gConvex+4100_flipped at IoU 0.95: nan
2025-07-26 22:24:19,598 - INFO - Processing video: BConcave+gConvex+4300
2025-07-26 22:24:19,600 - INFO - Video BConcave+gConvex+4300 already processed (found segformer_model-BConcave+gConvex+4300.mp4), skipping video processing...
2025-07-26 22:24:19,609 - INFO - VanillaSegmentationSaver initialized with output dir: /home/projects/bagon/andreyg/Projects/Object_reps_neural/Programming/hugging_face/model_experiments/segformer/exp2TTC_segformer-b1-finetuned-ade-512-512/processed_videos/segformer_model-BConcave+gConvex+4300/org_segmentation
2025-07-26 22:24:19,614 - INFO - All collision results already exist for BConcave+gConvex+4300
2025-07-26 22:24:19,615 - DEBUG - Loaded collision time for BConcave+gConvex+4300 at IoU 0.05: nan
2025-07-26 22:24:19,615 - DEBUG - Loaded collision time for BConcave+gConvex+4300 at IoU 0.1: nan
2025-07-26 22:24:19,616 - DEBUG - Loaded collision time for BConcave+gConvex+4300 at IoU 0.15: nan
2025-07-26 22:24:19,617 - DEBUG - Loaded collision time for BConcave+gConvex+4300 at IoU 0.2: nan
2025-07-26 22:24:19,618 - DEBUG - Loaded collision time for BConcave+gConvex+4300 at IoU 0.25: nan
2025-07-26 22:24:19,619 - DEBUG - Loaded collision time for BConcave+gConvex+4300 at IoU 0.3: nan
2025-07-26 22:24:19,620 - DEBUG - Loaded collision time for BConcave+gConvex+4300 at IoU 0.35: nan
2025-07-26 22:24:19,621 - DEBUG - Loaded collision time for BConcave+gConvex+4300 at IoU 0.4: nan
2025-07-26 22:24:19,622 - DEBUG - Loaded collision time for BConcave+gConvex+4300 at IoU 0.45: nan
2025-07-26 22:24:19,623 - DEBUG - Loaded collision time for BConcave+gConvex+4300 at IoU 0.5: nan
2025-07-26 22:24:19,624 - DEBUG - Loaded collision time for BConcave+gConvex+4300 at IoU 0.55: nan
2025-07-26 22:24:19,624 - DEBUG - Loaded collision time for BConcave+gConvex+4300 at IoU 0.6: nan
2025-07-26 22:24:19,625 - DEBUG - Loaded collision time for BConcave+gConvex+4300 at IoU 0.65: nan
2025-07-26 22:24:19,626 - DEBUG - Loaded collision time for BConcave+gConvex+4300 at IoU 0.7: nan
2025-07-26 22:24:19,627 - DEBUG - Loaded collision time for BConcave+gConvex+4300 at IoU 0.75: nan
2025-07-26 22:24:19,628 - DEBUG - Loaded collision time for BConcave+gConvex+4300 at IoU 0.8: nan
2025-07-26 22:24:19,629 - DEBUG - Loaded collision time for BConcave+gConvex+4300 at IoU 0.85: nan
2025-07-26 22:24:19,629 - DEBUG - Loaded collision time for BConcave+gConvex+4300 at IoU 0.9: nan
2025-07-26 22:24:19,630 - DEBUG - Loaded collision time for BConcave+gConvex+4300 at IoU 0.95: nan
2025-07-26 22:24:19,630 - INFO - Processing video: BConcave+gConvex+4500_flipped
2025-07-26 22:24:19,632 - INFO - Video BConcave+gConvex+4500_flipped already processed (found segformer_model-BConcave+gConvex+4500_flipped.mp4), skipping video processing...
2025-07-26 22:24:19,640 - INFO - VanillaSegmentationSaver initialized with output dir: /home/projects/bagon/andreyg/Projects/Object_reps_neural/Programming/hugging_face/model_experiments/segformer/exp2TTC_segformer-b1-finetuned-ade-512-512/processed_videos/segformer_model-BConcave+gConvex+4500_flipped/org_segmentation
2025-07-26 22:24:19,645 - INFO - All collision results already exist for BConcave+gConvex+4500_flipped
2025-07-26 22:24:19,646 - DEBUG - Loaded collision time for BConcave+gConvex+4500_flipped at IoU 0.05: nan
2025-07-26 22:24:19,647 - DEBUG - Loaded collision time for BConcave+gConvex+4500_flipped at IoU 0.1: nan
2025-07-26 22:24:19,648 - DEBUG - Loaded collision time for BConcave+gConvex+4500_flipped at IoU 0.15: nan
2025-07-26 22:24:19,648 - DEBUG - Loaded collision time for BConcave+gConvex+4500_flipped at IoU 0.2: nan
2025-07-26 22:24:19,649 - DEBUG - Loaded collision time for BConcave+gConvex+4500_flipped at IoU 0.25: nan
2025-07-26 22:24:19,650 - DEBUG - Loaded collision time for BConcave+gConvex+4500_flipped at IoU 0.3: nan
2025-07-26 22:24:19,651 - DEBUG - Loaded collision time for BConcave+gConvex+4500_flipped at IoU 0.35: nan
2025-07-26 22:24:19,652 - DEBUG - Loaded collision time for BConcave+gConvex+4500_flipped at IoU 0.4: nan
2025-07-26 22:24:19,653 - DEBUG - Loaded collision time for BConcave+gConvex+4500_flipped at IoU 0.45: nan
2025-07-26 22:24:19,653 - DEBUG - Loaded collision time for BConcave+gConvex+4500_flipped at IoU 0.5: nan
2025-07-26 22:24:19,654 - DEBUG - Loaded collision time for BConcave+gConvex+4500_flipped at IoU 0.55: nan
2025-07-26 22:24:19,655 - DEBUG - Loaded collision time for BConcave+gConvex+4500_flipped at IoU 0.6: nan
2025-07-26 22:24:19,656 - DEBUG - Loaded collision time for BConcave+gConvex+4500_flipped at IoU 0.65: nan
2025-07-26 22:24:19,657 - DEBUG - Loaded collision time for BConcave+gConvex+4500_flipped at IoU 0.7: nan
2025-07-26 22:24:19,657 - DEBUG - Loaded collision time for BConcave+gConvex+4500_flipped at IoU 0.75: nan
2025-07-26 22:24:19,658 - DEBUG - Loaded collision time for BConcave+gConvex+4500_flipped at IoU 0.8: nan
2025-07-26 22:24:19,659 - DEBUG - Loaded collision time for BConcave+gConvex+4500_flipped at IoU 0.85: nan
2025-07-26 22:24:19,660 - DEBUG - Loaded collision time for BConcave+gConvex+4500_flipped at IoU 0.9: nan
2025-07-26 22:24:19,660 - DEBUG - Loaded collision time for BConcave+gConvex+4500_flipped at IoU 0.95: nan
2025-07-26 22:24:19,661 - INFO - Processing video: BConcave+hConcave+3500_flipped
2025-07-26 22:24:19,662 - INFO - Video BConcave+hConcave+3500_flipped already processed (found segformer_model-BConcave+hConcave+3500_flipped.mp4), skipping video processing...
2025-07-26 22:24:19,671 - INFO - VanillaSegmentationSaver initialized with output dir: /home/projects/bagon/andreyg/Projects/Object_reps_neural/Programming/hugging_face/model_experiments/segformer/exp2TTC_segformer-b1-finetuned-ade-512-512/processed_videos/segformer_model-BConcave+hConcave+3500_flipped/org_segmentation
2025-07-26 22:24:19,675 - INFO - All collision results already exist for BConcave+hConcave+3500_flipped
2025-07-26 22:24:19,676 - DEBUG - Loaded collision time for BConcave+hConcave+3500_flipped at IoU 0.05: 4100.0
2025-07-26 22:24:19,677 - DEBUG - Loaded collision time for BConcave+hConcave+3500_flipped at IoU 0.1: 4266.666666666667
2025-07-26 22:24:19,678 - DEBUG - Loaded collision time for BConcave+hConcave+3500_flipped at IoU 0.15: 4283.333333333333
2025-07-26 22:24:19,679 - DEBUG - Loaded collision time for BConcave+hConcave+3500_flipped at IoU 0.2: 4333.333333333333
2025-07-26 22:24:19,679 - DEBUG - Loaded collision time for BConcave+hConcave+3500_flipped at IoU 0.25: 4466.666666666667
2025-07-26 22:24:19,680 - DEBUG - Loaded collision time for BConcave+hConcave+3500_flipped at IoU 0.3: 4483.333333333333
2025-07-26 22:24:19,681 - DEBUG - Loaded collision time for BConcave+hConcave+3500_flipped at IoU 0.35: nan
2025-07-26 22:24:19,682 - DEBUG - Loaded collision time for BConcave+hConcave+3500_flipped at IoU 0.4: nan
2025-07-26 22:24:19,683 - DEBUG - Loaded collision time for BConcave+hConcave+3500_flipped at IoU 0.45: nan
2025-07-26 22:24:19,684 - DEBUG - Loaded collision time for BConcave+hConcave+3500_flipped at IoU 0.5: nan
2025-07-26 22:24:19,685 - DEBUG - Loaded collision time for BConcave+hConcave+3500_flipped at IoU 0.55: nan
2025-07-26 22:24:19,686 - DEBUG - Loaded collision time for BConcave+hConcave+3500_flipped at IoU 0.6: nan
2025-07-26 22:24:19,686 - DEBUG - Loaded collision time for BConcave+hConcave+3500_flipped at IoU 0.65: nan
2025-07-26 22:24:19,687 - DEBUG - Loaded collision time for BConcave+hConcave+3500_flipped at IoU 0.7: nan
2025-07-26 22:24:19,688 - DEBUG - Loaded collision time for BConcave+hConcave+3500_flipped at IoU 0.75: nan
2025-07-26 22:24:19,689 - DEBUG - Loaded collision time for BConcave+hConcave+3500_flipped at IoU 0.8: nan
2025-07-26 22:24:19,691 - DEBUG - Loaded collision time for BConcave+hConcave+3500_flipped at IoU 0.85: nan
2025-07-26 22:24:19,692 - DEBUG - Loaded collision time for BConcave+hConcave+3500_flipped at IoU 0.9: nan
2025-07-26 22:24:19,692 - DEBUG - Loaded collision time for BConcave+hConcave+3500_flipped at IoU 0.95: nan
2025-07-26 22:24:19,693 - INFO - Processing video: BConcave+hConcave+3700
2025-07-26 22:24:19,694 - INFO - Video BConcave+hConcave+3700 already processed (found segformer_model-BConcave+hConcave+3700.mp4), skipping video processing...
2025-07-26 22:24:19,703 - INFO - VanillaSegmentationSaver initialized with output dir: /home/projects/bagon/andreyg/Projects/Object_reps_neural/Programming/hugging_face/model_experiments/segformer/exp2TTC_segformer-b1-finetuned-ade-512-512/processed_videos/segformer_model-BConcave+hConcave+3700/org_segmentation
2025-07-26 22:24:19,707 - INFO - All collision results already exist for BConcave+hConcave+3700
2025-07-26 22:24:19,708 - DEBUG - Loaded collision time for BConcave+hConcave+3700 at IoU 0.05: nan
2025-07-26 22:24:19,709 - DEBUG - Loaded collision time for BConcave+hConcave+3700 at IoU 0.1: nan
2025-07-26 22:24:19,710 - DEBUG - Loaded collision time for BConcave+hConcave+3700 at IoU 0.15: nan
2025-07-26 22:24:19,711 - DEBUG - Loaded collision time for BConcave+hConcave+3700 at IoU 0.2: nan
2025-07-26 22:24:19,712 - DEBUG - Loaded collision time for BConcave+hConcave+3700 at IoU 0.25: nan
2025-07-26 22:24:19,712 - DEBUG - Loaded collision time for BConcave+hConcave+3700 at IoU 0.3: nan
2025-07-26 22:24:19,713 - DEBUG - Loaded collision time for BConcave+hConcave+3700 at IoU 0.35: nan
2025-07-26 22:24:19,714 - DEBUG - Loaded collision time for BConcave+hConcave+3700 at IoU 0.4: nan
2025-07-26 22:24:19,715 - DEBUG - Loaded collision time for BConcave+hConcave+3700 at IoU 0.45: nan
2025-07-26 22:24:19,716 - DEBUG - Loaded collision time for BConcave+hConcave+3700 at IoU 0.5: nan
2025-07-26 22:24:19,717 - DEBUG - Loaded collision time for BConcave+hConcave+3700 at IoU 0.55: nan
2025-07-26 22:24:19,718 - DEBUG - Loaded collision time for BConcave+hConcave+3700 at IoU 0.6: nan
2025-07-26 22:24:19,718 - DEBUG - Loaded collision time for BConcave+hConcave+3700 at IoU 0.65: nan
2025-07-26 22:24:19,719 - DEBUG - Loaded collision time for BConcave+hConcave+3700 at IoU 0.7: nan
2025-07-26 22:24:19,720 - DEBUG - Loaded collision time for BConcave+hConcave+3700 at IoU 0.75: nan
2025-07-26 22:24:19,721 - DEBUG - Loaded collision time for BConcave+hConcave+3700 at IoU 0.8: nan
2025-07-26 22:24:19,722 - DEBUG - Loaded collision time for BConcave+hConcave+3700 at IoU 0.85: nan
2025-07-26 22:24:19,722 - DEBUG - Loaded collision time for BConcave+hConcave+3700 at IoU 0.9: nan
2025-07-26 22:24:19,723 - DEBUG - Loaded collision time for BConcave+hConcave+3700 at IoU 0.95: nan
2025-07-26 22:24:19,723 - INFO - Processing video: BConcave+hConcave+3900_flipped
2025-07-26 22:24:19,725 - INFO - Video BConcave+hConcave+3900_flipped already processed (found segformer_model-BConcave+hConcave+3900_flipped.mp4), skipping video processing...
2025-07-26 22:24:19,737 - INFO - VanillaSegmentationSaver initialized with output dir: /home/projects/bagon/andreyg/Projects/Object_reps_neural/Programming/hugging_face/model_experiments/segformer/exp2TTC_segformer-b1-finetuned-ade-512-512/processed_videos/segformer_model-BConcave+hConcave+3900_flipped/org_segmentation
2025-07-26 22:24:19,742 - INFO - All collision results already exist for BConcave+hConcave+3900_flipped
2025-07-26 22:24:19,743 - DEBUG - Loaded collision time for BConcave+hConcave+3900_flipped at IoU 0.05: 4166.666666666667
2025-07-26 22:24:19,744 - DEBUG - Loaded collision time for BConcave+hConcave+3900_flipped at IoU 0.1: 4316.666666666666
2025-07-26 22:24:19,745 - DEBUG - Loaded collision time for BConcave+hConcave+3900_flipped at IoU 0.15: 4450.0
2025-07-26 22:24:19,745 - DEBUG - Loaded collision time for BConcave+hConcave+3900_flipped at IoU 0.2: 4550.0
2025-07-26 22:24:19,746 - DEBUG - Loaded collision time for BConcave+hConcave+3900_flipped at IoU 0.25: 4650.0
2025-07-26 22:24:19,747 - DEBUG - Loaded collision time for BConcave+hConcave+3900_flipped at IoU 0.3: 4750.0
2025-07-26 22:24:19,748 - DEBUG - Loaded collision time for BConcave+hConcave+3900_flipped at IoU 0.35: 4866.666666666666
2025-07-26 22:24:19,749 - DEBUG - Loaded collision time for BConcave+hConcave+3900_flipped at IoU 0.4: nan
2025-07-26 22:24:19,750 - DEBUG - Loaded collision time for BConcave+hConcave+3900_flipped at IoU 0.45: nan
2025-07-26 22:24:19,750 - DEBUG - Loaded collision time for BConcave+hConcave+3900_flipped at IoU 0.5: nan
2025-07-26 22:24:19,751 - DEBUG - Loaded collision time for BConcave+hConcave+3900_flipped at IoU 0.55: nan
2025-07-26 22:24:19,752 - DEBUG - Loaded collision time for BConcave+hConcave+3900_flipped at IoU 0.6: nan
2025-07-26 22:24:19,753 - DEBUG - Loaded collision time for BConcave+hConcave+3900_flipped at IoU 0.65: nan
2025-07-26 22:24:19,754 - DEBUG - Loaded collision time for BConcave+hConcave+3900_flipped at IoU 0.7: nan
2025-07-26 22:24:19,755 - DEBUG - Loaded collision time for BConcave+hConcave+3900_flipped at IoU 0.75: nan
2025-07-26 22:24:19,756 - DEBUG - Loaded collision time for BConcave+hConcave+3900_flipped at IoU 0.8: nan
2025-07-26 22:24:19,757 - DEBUG - Loaded collision time for BConcave+hConcave+3900_flipped at IoU 0.85: nan
2025-07-26 22:24:19,758 - DEBUG - Loaded collision time for BConcave+hConcave+3900_flipped at IoU 0.9: nan
2025-07-26 22:24:19,759 - DEBUG - Loaded collision time for BConcave+hConcave+3900_flipped at IoU 0.95: nan
2025-07-26 22:24:19,759 - INFO - Processing video: BConcave+hConcave+4100
2025-07-26 22:24:19,760 - INFO - Video BConcave+hConcave+4100 already processed (found segformer_model-BConcave+hConcave+4100.mp4), skipping video processing...
2025-07-26 22:24:19,769 - INFO - VanillaSegmentationSaver initialized with output dir: /home/projects/bagon/andreyg/Projects/Object_reps_neural/Programming/hugging_face/model_experiments/segformer/exp2TTC_segformer-b1-finetuned-ade-512-512/processed_videos/segformer_model-BConcave+hConcave+4100/org_segmentation
2025-07-26 22:24:19,774 - INFO - All collision results already exist for BConcave+hConcave+4100
2025-07-26 22:24:19,774 - DEBUG - Loaded collision time for BConcave+hConcave+4100 at IoU 0.05: 4433.333333333334
2025-07-26 22:24:19,775 - DEBUG - Loaded collision time for BConcave+hConcave+4100 at IoU 0.1: 4600.0
2025-07-26 22:24:19,776 - DEBUG - Loaded collision time for BConcave+hConcave+4100 at IoU 0.15: 4700.0
2025-07-26 22:24:19,777 - DEBUG - Loaded collision time for BConcave+hConcave+4100 at IoU 0.2: 4833.333333333333
2025-07-26 22:24:19,778 - DEBUG - Loaded collision time for BConcave+hConcave+4100 at IoU 0.25: 4916.666666666667
2025-07-26 22:24:19,779 - DEBUG - Loaded collision time for BConcave+hConcave+4100 at IoU 0.3: 5100.0
2025-07-26 22:24:19,780 - DEBUG - Loaded collision time for BConcave+hConcave+4100 at IoU 0.35: nan
2025-07-26 22:24:19,781 - DEBUG - Loaded collision time for BConcave+hConcave+4100 at IoU 0.4: nan
2025-07-26 22:24:19,782 - DEBUG - Loaded collision time for BConcave+hConcave+4100 at IoU 0.45: nan
2025-07-26 22:24:19,782 - DEBUG - Loaded collision time for BConcave+hConcave+4100 at IoU 0.5: nan
2025-07-26 22:24:19,783 - DEBUG - Loaded collision time for BConcave+hConcave+4100 at IoU 0.55: nan
2025-07-26 22:24:19,784 - DEBUG - Loaded collision time for BConcave+hConcave+4100 at IoU 0.6: nan
2025-07-26 22:24:19,785 - DEBUG - Loaded collision time for BConcave+hConcave+4100 at IoU 0.65: nan
2025-07-26 22:24:19,786 - DEBUG - Loaded collision time for BConcave+hConcave+4100 at IoU 0.7: nan
2025-07-26 22:24:19,787 - DEBUG - Loaded collision time for BConcave+hConcave+4100 at IoU 0.75: nan
2025-07-26 22:24:19,787 - DEBUG - Loaded collision time for BConcave+hConcave+4100 at IoU 0.8: nan
2025-07-26 22:24:19,788 - DEBUG - Loaded collision time for BConcave+hConcave+4100 at IoU 0.85: nan
2025-07-26 22:24:19,789 - DEBUG - Loaded collision time for BConcave+hConcave+4100 at IoU 0.9: nan
2025-07-26 22:24:19,790 - DEBUG - Loaded collision time for BConcave+hConcave+4100 at IoU 0.95: nan
2025-07-26 22:24:19,790 - INFO - Processing video: BConcave+hConcave+4300_flipped
2025-07-26 22:24:19,792 - INFO - Video BConcave+hConcave+4300_flipped already processed (found segformer_model-BConcave+hConcave+4300_flipped.mp4), skipping video processing...
2025-07-26 22:24:19,801 - INFO - VanillaSegmentationSaver initialized with output dir: /home/projects/bagon/andreyg/Projects/Object_reps_neural/Programming/hugging_face/model_experiments/segformer/exp2TTC_segformer-b1-finetuned-ade-512-512/processed_videos/segformer_model-BConcave+hConcave+4300_flipped/org_segmentation
2025-07-26 22:24:19,805 - INFO - All collision results already exist for BConcave+hConcave+4300_flipped
2025-07-26 22:24:19,806 - DEBUG - Loaded collision time for BConcave+hConcave+4300_flipped at IoU 0.05: 4750.0
2025-07-26 22:24:19,807 - DEBUG - Loaded collision time for BConcave+hConcave+4300_flipped at IoU 0.1: 4950.0
2025-07-26 22:24:19,808 - DEBUG - Loaded collision time for BConcave+hConcave+4300_flipped at IoU 0.15: 5050.0
2025-07-26 22:24:19,809 - DEBUG - Loaded collision time for BConcave+hConcave+4300_flipped at IoU 0.2: 5233.333333333333
2025-07-26 22:24:19,810 - DEBUG - Loaded collision time for BConcave+hConcave+4300_flipped at IoU 0.25: nan
2025-07-26 22:24:19,811 - DEBUG - Loaded collision time for BConcave+hConcave+4300_flipped at IoU 0.3: nan
2025-07-26 22:24:19,811 - DEBUG - Loaded collision time for BConcave+hConcave+4300_flipped at IoU 0.35: nan
2025-07-26 22:24:19,812 - DEBUG - Loaded collision time for BConcave+hConcave+4300_flipped at IoU 0.4: nan
2025-07-26 22:24:19,813 - DEBUG - Loaded collision time for BConcave+hConcave+4300_flipped at IoU 0.45: nan
2025-07-26 22:24:19,814 - DEBUG - Loaded collision time for BConcave+hConcave+4300_flipped at IoU 0.5: nan
2025-07-26 22:24:19,815 - DEBUG - Loaded collision time for BConcave+hConcave+4300_flipped at IoU 0.55: nan
2025-07-26 22:24:19,816 - DEBUG - Loaded collision time for BConcave+hConcave+4300_flipped at IoU 0.6: nan
2025-07-26 22:24:19,816 - DEBUG - Loaded collision time for BConcave+hConcave+4300_flipped at IoU 0.65: nan
2025-07-26 22:24:19,817 - DEBUG - Loaded collision time for BConcave+hConcave+4300_flipped at IoU 0.7: nan
2025-07-26 22:24:19,818 - DEBUG - Loaded collision time for BConcave+hConcave+4300_flipped at IoU 0.75: nan
2025-07-26 22:24:19,819 - DEBUG - Loaded collision time for BConcave+hConcave+4300_flipped at IoU 0.8: nan
2025-07-26 22:24:19,820 - DEBUG - Loaded collision time for BConcave+hConcave+4300_flipped at IoU 0.85: nan
2025-07-26 22:24:19,821 - DEBUG - Loaded collision time for BConcave+hConcave+4300_flipped at IoU 0.9: nan
2025-07-26 22:24:19,821 - DEBUG - Loaded collision time for BConcave+hConcave+4300_flipped at IoU 0.95: nan
2025-07-26 22:24:19,821 - INFO - Processing video: BConcave+hConcave+4500
2025-07-26 22:24:19,823 - INFO - Video BConcave+hConcave+4500 already processed (found segformer_model-BConcave+hConcave+4500.mp4), skipping video processing...
2025-07-26 22:24:19,831 - INFO - VanillaSegmentationSaver initialized with output dir: /home/projects/bagon/andreyg/Projects/Object_reps_neural/Programming/hugging_face/model_experiments/segformer/exp2TTC_segformer-b1-finetuned-ade-512-512/processed_videos/segformer_model-BConcave+hConcave+4500/org_segmentation
2025-07-26 22:24:19,836 - INFO - All collision results already exist for BConcave+hConcave+4500
2025-07-26 22:24:19,837 - DEBUG - Loaded collision time for BConcave+hConcave+4500 at IoU 0.05: 5000.0
2025-07-26 22:24:19,838 - DEBUG - Loaded collision time for BConcave+hConcave+4500 at IoU 0.1: 5150.0
2025-07-26 22:24:19,839 - DEBUG - Loaded collision time for BConcave+hConcave+4500 at IoU 0.15: 5350.0
2025-07-26 22:24:19,839 - DEBUG - Loaded collision time for BConcave+hConcave+4500 at IoU 0.2: nan
2025-07-26 22:24:19,840 - DEBUG - Loaded collision time for BConcave+hConcave+4500 at IoU 0.25: nan
2025-07-26 22:24:19,841 - DEBUG - Loaded collision time for BConcave+hConcave+4500 at IoU 0.3: nan
2025-07-26 22:24:19,842 - DEBUG - Loaded collision time for BConcave+hConcave+4500 at IoU 0.35: nan
2025-07-26 22:24:19,843 - DEBUG - Loaded collision time for BConcave+hConcave+4500 at IoU 0.4: nan
2025-07-26 22:24:19,844 - DEBUG - Loaded collision time for BConcave+hConcave+4500 at IoU 0.45: nan
2025-07-26 22:24:19,845 - DEBUG - Loaded collision time for BConcave+hConcave+4500 at IoU 0.5: nan
2025-07-26 22:24:19,845 - DEBUG - Loaded collision time for BConcave+hConcave+4500 at IoU 0.55: nan
2025-07-26 22:24:19,846 - DEBUG - Loaded collision time for BConcave+hConcave+4500 at IoU 0.6: nan
2025-07-26 22:24:19,847 - DEBUG - Loaded collision time for BConcave+hConcave+4500 at IoU 0.65: nan
2025-07-26 22:24:19,848 - DEBUG - Loaded collision time for BConcave+hConcave+4500 at IoU 0.7: nan
2025-07-26 22:24:19,848 - DEBUG - Loaded collision time for BConcave+hConcave+4500 at IoU 0.75: nan
2025-07-26 22:24:19,849 - DEBUG - Loaded collision time for BConcave+hConcave+4500 at IoU 0.8: nan
2025-07-26 22:24:19,850 - DEBUG - Loaded collision time for BConcave+hConcave+4500 at IoU 0.85: nan
2025-07-26 22:24:19,851 - DEBUG - Loaded collision time for BConcave+hConcave+4500 at IoU 0.9: nan
2025-07-26 22:24:19,852 - DEBUG - Loaded collision time for BConcave+hConcave+4500 at IoU 0.95: nan
2025-07-26 22:24:19,852 - INFO - Processing video: BConcave+hConvex+3500
2025-07-26 22:24:19,853 - INFO - Video BConcave+hConvex+3500 already processed (found segformer_model-BConcave+hConvex+3500.mp4), skipping video processing...
2025-07-26 22:24:19,862 - INFO - VanillaSegmentationSaver initialized with output dir: /home/projects/bagon/andreyg/Projects/Object_reps_neural/Programming/hugging_face/model_experiments/segformer/exp2TTC_segformer-b1-finetuned-ade-512-512/processed_videos/segformer_model-BConcave+hConvex+3500/org_segmentation
2025-07-26 22:24:19,866 - INFO - All collision results already exist for BConcave+hConvex+3500
2025-07-26 22:24:19,867 - DEBUG - Loaded collision time for BConcave+hConvex+3500 at IoU 0.05: nan
2025-07-26 22:24:19,867 - DEBUG - Loaded collision time for BConcave+hConvex+3500 at IoU 0.1: nan
2025-07-26 22:24:19,868 - DEBUG - Loaded collision time for BConcave+hConvex+3500 at IoU 0.15: nan
2025-07-26 22:24:19,869 - DEBUG - Loaded collision time for BConcave+hConvex+3500 at IoU 0.2: nan
2025-07-26 22:24:19,870 - DEBUG - Loaded collision time for BConcave+hConvex+3500 at IoU 0.25: nan
2025-07-26 22:24:19,871 - DEBUG - Loaded collision time for BConcave+hConvex+3500 at IoU 0.3: nan
2025-07-26 22:24:19,872 - DEBUG - Loaded collision time for BConcave+hConvex+3500 at IoU 0.35: nan
2025-07-26 22:24:19,873 - DEBUG - Loaded collision time for BConcave+hConvex+3500 at IoU 0.4: nan
2025-07-26 22:24:19,873 - DEBUG - Loaded collision time for BConcave+hConvex+3500 at IoU 0.45: nan
2025-07-26 22:24:19,874 - DEBUG - Loaded collision time for BConcave+hConvex+3500 at IoU 0.5: nan
2025-07-26 22:24:19,875 - DEBUG - Loaded collision time for BConcave+hConvex+3500 at IoU 0.55: nan
2025-07-26 22:24:19,876 - DEBUG - Loaded collision time for BConcave+hConvex+3500 at IoU 0.6: nan
2025-07-26 22:24:19,876 - DEBUG - Loaded collision time for BConcave+hConvex+3500 at IoU 0.65: nan
2025-07-26 22:24:19,877 - DEBUG - Loaded collision time for BConcave+hConvex+3500 at IoU 0.7: nan
2025-07-26 22:24:19,878 - DEBUG - Loaded collision time for BConcave+hConvex+3500 at IoU 0.75: nan
2025-07-26 22:24:19,879 - DEBUG - Loaded collision time for BConcave+hConvex+3500 at IoU 0.8: nan
2025-07-26 22:24:19,880 - DEBUG - Loaded collision time for BConcave+hConvex+3500 at IoU 0.85: nan
2025-07-26 22:24:19,881 - DEBUG - Loaded collision time for BConcave+hConvex+3500 at IoU 0.9: nan
2025-07-26 22:24:19,881 - DEBUG - Loaded collision time for BConcave+hConvex+3500 at IoU 0.95: nan
2025-07-26 22:24:19,881 - INFO - Processing video: BConcave+hConvex+3700_flipped
2025-07-26 22:24:19,883 - INFO - Video BConcave+hConvex+3700_flipped already processed (found segformer_model-BConcave+hConvex+3700_flipped.mp4), skipping video processing...
2025-07-26 22:24:19,891 - INFO - VanillaSegmentationSaver initialized with output dir: /home/projects/bagon/andreyg/Projects/Object_reps_neural/Programming/hugging_face/model_experiments/segformer/exp2TTC_segformer-b1-finetuned-ade-512-512/processed_videos/segformer_model-BConcave+hConvex+3700_flipped/org_segmentation
2025-07-26 22:24:19,896 - INFO - All collision results already exist for BConcave+hConvex+3700_flipped
2025-07-26 22:24:19,897 - DEBUG - Loaded collision time for BConcave+hConvex+3700_flipped at IoU 0.05: 5300.0
2025-07-26 22:24:19,897 - DEBUG - Loaded collision time for BConcave+hConvex+3700_flipped at IoU 0.1: nan
2025-07-26 22:24:19,898 - DEBUG - Loaded collision time for BConcave+hConvex+3700_flipped at IoU 0.15: nan
2025-07-26 22:24:19,899 - DEBUG - Loaded collision time for BConcave+hConvex+3700_flipped at IoU 0.2: nan
2025-07-26 22:24:19,900 - DEBUG - Loaded collision time for BConcave+hConvex+3700_flipped at IoU 0.25: nan
2025-07-26 22:24:19,900 - DEBUG - Loaded collision time for BConcave+hConvex+3700_flipped at IoU 0.3: nan
2025-07-26 22:24:19,901 - DEBUG - Loaded collision time for BConcave+hConvex+3700_flipped at IoU 0.35: nan
2025-07-26 22:24:19,902 - DEBUG - Loaded collision time for BConcave+hConvex+3700_flipped at IoU 0.4: nan
2025-07-26 22:24:19,903 - DEBUG - Loaded collision time for BConcave+hConvex+3700_flipped at IoU 0.45: nan
2025-07-26 22:24:19,904 - DEBUG - Loaded collision time for BConcave+hConvex+3700_flipped at IoU 0.5: nan
2025-07-26 22:24:19,905 - DEBUG - Loaded collision time for BConcave+hConvex+3700_flipped at IoU 0.55: nan
2025-07-26 22:24:19,906 - DEBUG - Loaded collision time for BConcave+hConvex+3700_flipped at IoU 0.6: nan
2025-07-26 22:24:19,906 - DEBUG - Loaded collision time for BConcave+hConvex+3700_flipped at IoU 0.65: nan
2025-07-26 22:24:19,907 - DEBUG - Loaded collision time for BConcave+hConvex+3700_flipped at IoU 0.7: nan
2025-07-26 22:24:19,908 - DEBUG - Loaded collision time for BConcave+hConvex+3700_flipped at IoU 0.75: nan
2025-07-26 22:24:19,909 - DEBUG - Loaded collision time for BConcave+hConvex+3700_flipped at IoU 0.8: nan
2025-07-26 22:24:19,910 - DEBUG - Loaded collision time for BConcave+hConvex+3700_flipped at IoU 0.85: nan
2025-07-26 22:24:19,911 - DEBUG - Loaded collision time for BConcave+hConvex+3700_flipped at IoU 0.9: nan
2025-07-26 22:24:19,911 - DEBUG - Loaded collision time for BConcave+hConvex+3700_flipped at IoU 0.95: nan
2025-07-26 22:24:19,911 - INFO - Processing video: BConcave+hConvex+3900
2025-07-26 22:24:19,913 - INFO - Video BConcave+hConvex+3900 already processed (found segformer_model-BConcave+hConvex+3900.mp4), skipping video processing...
2025-07-26 22:24:19,922 - INFO - VanillaSegmentationSaver initialized with output dir: /home/projects/bagon/andreyg/Projects/Object_reps_neural/Programming/hugging_face/model_experiments/segformer/exp2TTC_segformer-b1-finetuned-ade-512-512/processed_videos/segformer_model-BConcave+hConvex+3900/org_segmentation
2025-07-26 22:24:19,927 - INFO - All collision results already exist for BConcave+hConvex+3900
2025-07-26 22:24:19,927 - DEBUG - Loaded collision time for BConcave+hConvex+3900 at IoU 0.05: nan
2025-07-26 22:24:19,928 - DEBUG - Loaded collision time for BConcave+hConvex+3900 at IoU 0.1: nan
2025-07-26 22:24:19,929 - DEBUG - Loaded collision time for BConcave+hConvex+3900 at IoU 0.15: nan
2025-07-26 22:24:19,930 - DEBUG - Loaded collision time for BConcave+hConvex+3900 at IoU 0.2: nan
2025-07-26 22:24:19,931 - DEBUG - Loaded collision time for BConcave+hConvex+3900 at IoU 0.25: nan
2025-07-26 22:24:19,931 - DEBUG - Loaded collision time for BConcave+hConvex+3900 at IoU 0.3: nan
2025-07-26 22:24:19,932 - DEBUG - Loaded collision time for BConcave+hConvex+3900 at IoU 0.35: nan
2025-07-26 22:24:19,933 - DEBUG - Loaded collision time for BConcave+hConvex+3900 at IoU 0.4: nan
2025-07-26 22:24:19,934 - DEBUG - Loaded collision time for BConcave+hConvex+3900 at IoU 0.45: nan
2025-07-26 22:24:19,935 - DEBUG - Loaded collision time for BConcave+hConvex+3900 at IoU 0.5: nan
2025-07-26 22:24:19,936 - DEBUG - Loaded collision time for BConcave+hConvex+3900 at IoU 0.55: nan
2025-07-26 22:24:19,937 - DEBUG - Loaded collision time for BConcave+hConvex+3900 at IoU 0.6: nan
2025-07-26 22:24:19,937 - DEBUG - Loaded collision time for BConcave+hConvex+3900 at IoU 0.65: nan
2025-07-26 22:24:19,938 - DEBUG - Loaded collision time for BConcave+hConvex+3900 at IoU 0.7: nan
2025-07-26 22:24:19,939 - DEBUG - Loaded collision time for BConcave+hConvex+3900 at IoU 0.75: nan
2025-07-26 22:24:19,940 - DEBUG - Loaded collision time for BConcave+hConvex+3900 at IoU 0.8: nan
2025-07-26 22:24:19,941 - DEBUG - Loaded collision time for BConcave+hConvex+3900 at IoU 0.85: nan
2025-07-26 22:24:19,941 - DEBUG - Loaded collision time for BConcave+hConvex+3900 at IoU 0.9: nan
2025-07-26 22:24:19,942 - DEBUG - Loaded collision time for BConcave+hConvex+3900 at IoU 0.95: nan
2025-07-26 22:24:19,942 - INFO - Processing video: BConcave+hConvex+4100_flipped
2025-07-26 22:24:19,944 - INFO - Video BConcave+hConvex+4100_flipped already processed (found segformer_model-BConcave+hConvex+4100_flipped.mp4), skipping video processing...
2025-07-26 22:24:19,953 - INFO - VanillaSegmentationSaver initialized with output dir: /home/projects/bagon/andreyg/Projects/Object_reps_neural/Programming/hugging_face/model_experiments/segformer/exp2TTC_segformer-b1-finetuned-ade-512-512/processed_videos/segformer_model-BConcave+hConvex+4100_flipped/org_segmentation
2025-07-26 22:24:19,957 - INFO - All collision results already exist for BConcave+hConvex+4100_flipped
2025-07-26 22:24:19,958 - DEBUG - Loaded collision time for BConcave+hConvex+4100_flipped at IoU 0.05: 5233.333333333333
2025-07-26 22:24:19,959 - DEBUG - Loaded collision time for BConcave+hConvex+4100_flipped at IoU 0.1: 5466.666666666667
2025-07-26 22:24:19,960 - DEBUG - Loaded collision time for BConcave+hConvex+4100_flipped at IoU 0.15: nan
2025-07-26 22:24:19,960 - DEBUG - Loaded collision time for BConcave+hConvex+4100_flipped at IoU 0.2: nan
2025-07-26 22:24:19,961 - DEBUG - Loaded collision time for BConcave+hConvex+4100_flipped at IoU 0.25: nan
2025-07-26 22:24:19,962 - DEBUG - Loaded collision time for BConcave+hConvex+4100_flipped at IoU 0.3: nan
2025-07-26 22:24:19,963 - DEBUG - Loaded collision time for BConcave+hConvex+4100_flipped at IoU 0.35: nan
2025-07-26 22:24:19,964 - DEBUG - Loaded collision time for BConcave+hConvex+4100_flipped at IoU 0.4: nan
2025-07-26 22:24:19,965 - DEBUG - Loaded collision time for BConcave+hConvex+4100_flipped at IoU 0.45: nan
2025-07-26 22:24:19,966 - DEBUG - Loaded collision time for BConcave+hConvex+4100_flipped at IoU 0.5: nan
2025-07-26 22:24:19,967 - DEBUG - Loaded collision time for BConcave+hConvex+4100_flipped at IoU 0.55: nan
2025-07-26 22:24:19,967 - DEBUG - Loaded collision time for BConcave+hConvex+4100_flipped at IoU 0.6: nan
2025-07-26 22:24:19,968 - DEBUG - Loaded collision time for BConcave+hConvex+4100_flipped at IoU 0.65: nan
2025-07-26 22:24:19,969 - DEBUG - Loaded collision time for BConcave+hConvex+4100_flipped at IoU 0.7: nan
2025-07-26 22:24:19,970 - DEBUG - Loaded collision time for BConcave+hConvex+4100_flipped at IoU 0.75: nan
2025-07-26 22:24:19,971 - DEBUG - Loaded collision time for BConcave+hConvex+4100_flipped at IoU 0.8: nan
2025-07-26 22:24:19,971 - DEBUG - Loaded collision time for BConcave+hConvex+4100_flipped at IoU 0.85: nan
2025-07-26 22:24:19,972 - DEBUG - Loaded collision time for BConcave+hConvex+4100_flipped at IoU 0.9: nan
2025-07-26 22:24:19,973 - DEBUG - Loaded collision time for BConcave+hConvex+4100_flipped at IoU 0.95: nan
2025-07-26 22:24:19,973 - INFO - Processing video: BConcave+hConvex+4300
2025-07-26 22:24:19,975 - INFO - Video BConcave+hConvex+4300 already processed (found segformer_model-BConcave+hConvex+4300.mp4), skipping video processing...
2025-07-26 22:24:19,983 - INFO - VanillaSegmentationSaver initialized with output dir: /home/projects/bagon/andreyg/Projects/Object_reps_neural/Programming/hugging_face/model_experiments/segformer/exp2TTC_segformer-b1-finetuned-ade-512-512/processed_videos/segformer_model-BConcave+hConvex+4300/org_segmentation
2025-07-26 22:24:19,987 - INFO - All collision results already exist for BConcave+hConvex+4300
2025-07-26 22:24:19,988 - DEBUG - Loaded collision time for BConcave+hConvex+4300 at IoU 0.05: nan
2025-07-26 22:24:19,989 - DEBUG - Loaded collision time for BConcave+hConvex+4300 at IoU 0.1: nan
2025-07-26 22:24:19,990 - DEBUG - Loaded collision time for BConcave+hConvex+4300 at IoU 0.15: nan
2025-07-26 22:24:19,991 - DEBUG - Loaded collision time for BConcave+hConvex+4300 at IoU 0.2: nan
2025-07-26 22:24:19,991 - DEBUG - Loaded collision time for BConcave+hConvex+4300 at IoU 0.25: nan
2025-07-26 22:24:19,992 - DEBUG - Loaded collision time for BConcave+hConvex+4300 at IoU 0.3: nan
2025-07-26 22:24:19,993 - DEBUG - Loaded collision time for BConcave+hConvex+4300 at IoU 0.35: nan
2025-07-26 22:24:19,994 - DEBUG - Loaded collision time for BConcave+hConvex+4300 at IoU 0.4: nan
2025-07-26 22:24:19,995 - DEBUG - Loaded collision time for BConcave+hConvex+4300 at IoU 0.45: nan
2025-07-26 22:24:19,996 - DEBUG - Loaded collision time for BConcave+hConvex+4300 at IoU 0.5: nan
2025-07-26 22:24:19,997 - DEBUG - Loaded collision time for BConcave+hConvex+4300 at IoU 0.55: nan
2025-07-26 22:24:19,998 - DEBUG - Loaded collision time for BConcave+hConvex+4300 at IoU 0.6: nan
2025-07-26 22:24:19,999 - DEBUG - Loaded collision time for BConcave+hConvex+4300 at IoU 0.65: nan
2025-07-26 22:24:19,999 - DEBUG - Loaded collision time for BConcave+hConvex+4300 at IoU 0.7: nan
2025-07-26 22:24:20,000 - DEBUG - Loaded collision time for BConcave+hConvex+4300 at IoU 0.75: nan
2025-07-26 22:24:20,001 - DEBUG - Loaded collision time for BConcave+hConvex+4300 at IoU 0.8: nan
2025-07-26 22:24:20,002 - DEBUG - Loaded collision time for BConcave+hConvex+4300 at IoU 0.85: nan
2025-07-26 22:24:20,003 - DEBUG - Loaded collision time for BConcave+hConvex+4300 at IoU 0.9: nan
2025-07-26 22:24:20,003 - DEBUG - Loaded collision time for BConcave+hConvex+4300 at IoU 0.95: nan
2025-07-26 22:24:20,004 - INFO - Processing video: BConcave+hConvex+4500_flipped
2025-07-26 22:24:20,005 - INFO - Video BConcave+hConvex+4500_flipped already processed (found segformer_model-BConcave+hConvex+4500_flipped.mp4), skipping video processing...
2025-07-26 22:24:20,014 - INFO - VanillaSegmentationSaver initialized with output dir: /home/projects/bagon/andreyg/Projects/Object_reps_neural/Programming/hugging_face/model_experiments/segformer/exp2TTC_segformer-b1-finetuned-ade-512-512/processed_videos/segformer_model-BConcave+hConvex+4500_flipped/org_segmentation
2025-07-26 22:24:20,018 - INFO - All collision results already exist for BConcave+hConvex+4500_flipped
2025-07-26 22:24:20,019 - DEBUG - Loaded collision time for BConcave+hConvex+4500_flipped at IoU 0.05: 5250.0
2025-07-26 22:24:20,020 - DEBUG - Loaded collision time for BConcave+hConvex+4500_flipped at IoU 0.1: nan
2025-07-26 22:24:20,021 - DEBUG - Loaded collision time for BConcave+hConvex+4500_flipped at IoU 0.15: nan
2025-07-26 22:24:20,022 - DEBUG - Loaded collision time for BConcave+hConvex+4500_flipped at IoU 0.2: nan
2025-07-26 22:24:20,022 - DEBUG - Loaded collision time for BConcave+hConvex+4500_flipped at IoU 0.25: nan
2025-07-26 22:24:20,023 - DEBUG - Loaded collision time for BConcave+hConvex+4500_flipped at IoU 0.3: nan
2025-07-26 22:24:20,024 - DEBUG - Loaded collision time for BConcave+hConvex+4500_flipped at IoU 0.35: nan
2025-07-26 22:24:20,025 - DEBUG - Loaded collision time for BConcave+hConvex+4500_flipped at IoU 0.4: nan
2025-07-26 22:24:20,026 - DEBUG - Loaded collision time for BConcave+hConvex+4500_flipped at IoU 0.45: nan
2025-07-26 22:24:20,027 - DEBUG - Loaded collision time for BConcave+hConvex+4500_flipped at IoU 0.5: nan
2025-07-26 22:24:20,027 - DEBUG - Loaded collision time for BConcave+hConvex+4500_flipped at IoU 0.55: nan
2025-07-26 22:24:20,028 - DEBUG - Loaded collision time for BConcave+hConvex+4500_flipped at IoU 0.6: nan
2025-07-26 22:24:20,029 - DEBUG - Loaded collision time for BConcave+hConvex+4500_flipped at IoU 0.65: nan
2025-07-26 22:24:20,030 - DEBUG - Loaded collision time for BConcave+hConvex+4500_flipped at IoU 0.7: nan
2025-07-26 22:24:20,031 - DEBUG - Loaded collision time for BConcave+hConvex+4500_flipped at IoU 0.75: nan
2025-07-26 22:24:20,031 - DEBUG - Loaded collision time for BConcave+hConvex+4500_flipped at IoU 0.8: nan
2025-07-26 22:24:20,032 - DEBUG - Loaded collision time for BConcave+hConvex+4500_flipped at IoU 0.85: nan
2025-07-26 22:24:20,033 - DEBUG - Loaded collision time for BConcave+hConvex+4500_flipped at IoU 0.9: nan
2025-07-26 22:24:20,034 - DEBUG - Loaded collision time for BConcave+hConvex+4500_flipped at IoU 0.95: nan
2025-07-26 22:24:20,034 - INFO - Processing video: squareA+squareP+4433+L
2025-07-26 22:24:20,036 - INFO - Video squareA+squareP+4433+L already processed (found segformer_model-squareA+squareP+4433+L.mp4), skipping video processing...
2025-07-26 22:24:20,044 - INFO - VanillaSegmentationSaver initialized with output dir: /home/projects/bagon/andreyg/Projects/Object_reps_neural/Programming/hugging_face/model_experiments/segformer/exp2TTC_segformer-b1-finetuned-ade-512-512/processed_videos/segformer_model-squareA+squareP+4433+L/org_segmentation
2025-07-26 22:24:20,049 - INFO - All collision results already exist for squareA+squareP+4433+L
2025-07-26 22:24:20,050 - DEBUG - Loaded collision time for squareA+squareP+4433+L at IoU 0.05: 4583.333333333333
2025-07-26 22:24:20,051 - DEBUG - Loaded collision time for squareA+squareP+4433+L at IoU 0.1: 4666.666666666667
2025-07-26 22:24:20,052 - DEBUG - Loaded collision time for squareA+squareP+4433+L at IoU 0.15: 4733.333333333333
2025-07-26 22:24:20,053 - DEBUG - Loaded collision time for squareA+squareP+4433+L at IoU 0.2: 4783.333333333333
2025-07-26 22:24:20,054 - DEBUG - Loaded collision time for squareA+squareP+4433+L at IoU 0.25: 4850.0
2025-07-26 22:24:20,054 - DEBUG - Loaded collision time for squareA+squareP+4433+L at IoU 0.3: 4916.666666666667
2025-07-26 22:24:20,055 - DEBUG - Loaded collision time for squareA+squareP+4433+L at IoU 0.35: 4950.0
2025-07-26 22:24:20,056 - DEBUG - Loaded collision time for squareA+squareP+4433+L at IoU 0.4: 5000.0
2025-07-26 22:24:20,057 - DEBUG - Loaded collision time for squareA+squareP+4433+L at IoU 0.45: 5050.0
2025-07-26 22:24:20,057 - DEBUG - Loaded collision time for squareA+squareP+4433+L at IoU 0.5: 5100.0
2025-07-26 22:24:20,058 - DEBUG - Loaded collision time for squareA+squareP+4433+L at IoU 0.55: 5116.666666666666
2025-07-26 22:24:20,059 - DEBUG - Loaded collision time for squareA+squareP+4433+L at IoU 0.6: 5150.0
2025-07-26 22:24:20,060 - DEBUG - Loaded collision time for squareA+squareP+4433+L at IoU 0.65: 5183.333333333334
2025-07-26 22:24:20,061 - DEBUG - Loaded collision time for squareA+squareP+4433+L at IoU 0.7: 5216.666666666667
2025-07-26 22:24:20,061 - DEBUG - Loaded collision time for squareA+squareP+4433+L at IoU 0.75: 5300.0
2025-07-26 22:24:20,062 - DEBUG - Loaded collision time for squareA+squareP+4433+L at IoU 0.8: 5316.666666666666
2025-07-26 22:24:20,063 - DEBUG - Loaded collision time for squareA+squareP+4433+L at IoU 0.85: 5316.666666666666
2025-07-26 22:24:20,064 - DEBUG - Loaded collision time for squareA+squareP+4433+L at IoU 0.9: nan
2025-07-26 22:24:20,065 - DEBUG - Loaded collision time for squareA+squareP+4433+L at IoU 0.95: nan
2025-07-26 22:24:20,065 - INFO - Processing video: squareA+squareP+4433+R_flipped
2025-07-26 22:24:20,067 - INFO - Video squareA+squareP+4433+R_flipped already processed (found segformer_model-squareA+squareP+4433+R_flipped.mp4), skipping video processing...
2025-07-26 22:24:20,075 - INFO - VanillaSegmentationSaver initialized with output dir: /home/projects/bagon/andreyg/Projects/Object_reps_neural/Programming/hugging_face/model_experiments/segformer/exp2TTC_segformer-b1-finetuned-ade-512-512/processed_videos/segformer_model-squareA+squareP+4433+R_flipped/org_segmentation
2025-07-26 22:24:20,080 - INFO - All collision results already exist for squareA+squareP+4433+R_flipped
2025-07-26 22:24:20,081 - DEBUG - Loaded collision time for squareA+squareP+4433+R_flipped at IoU 0.05: 4600.0
2025-07-26 22:24:20,082 - DEBUG - Loaded collision time for squareA+squareP+4433+R_flipped at IoU 0.1: 4700.0
2025-07-26 22:24:20,083 - DEBUG - Loaded collision time for squareA+squareP+4433+R_flipped at IoU 0.15: 4733.333333333333
2025-07-26 22:24:20,084 - DEBUG - Loaded collision time for squareA+squareP+4433+R_flipped at IoU 0.2: 4833.333333333333
2025-07-26 22:24:20,085 - DEBUG - Loaded collision time for squareA+squareP+4433+R_flipped at IoU 0.25: 4900.0
2025-07-26 22:24:20,086 - DEBUG - Loaded collision time for squareA+squareP+4433+R_flipped at IoU 0.3: 4916.666666666667
2025-07-26 22:24:20,086 - DEBUG - Loaded collision time for squareA+squareP+4433+R_flipped at IoU 0.35: 4916.666666666667
2025-07-26 22:24:20,087 - DEBUG - Loaded collision time for squareA+squareP+4433+R_flipped at IoU 0.4: 5033.333333333333
2025-07-26 22:24:20,088 - DEBUG - Loaded collision time for squareA+squareP+4433+R_flipped at IoU 0.45: 5083.333333333333
2025-07-26 22:24:20,089 - DEBUG - Loaded collision time for squareA+squareP+4433+R_flipped at IoU 0.5: 5116.666666666666
2025-07-26 22:24:20,090 - DEBUG - Loaded collision time for squareA+squareP+4433+R_flipped at IoU 0.55: 5116.666666666666
2025-07-26 22:24:20,091 - DEBUG - Loaded collision time for squareA+squareP+4433+R_flipped at IoU 0.6: 5200.0
2025-07-26 22:24:20,091 - DEBUG - Loaded collision time for squareA+squareP+4433+R_flipped at IoU 0.65: 5216.666666666667
2025-07-26 22:24:20,092 - DEBUG - Loaded collision time for squareA+squareP+4433+R_flipped at IoU 0.7: 5266.666666666667
2025-07-26 22:24:20,093 - DEBUG - Loaded collision time for squareA+squareP+4433+R_flipped at IoU 0.75: 5283.333333333333
2025-07-26 22:24:20,094 - DEBUG - Loaded collision time for squareA+squareP+4433+R_flipped at IoU 0.8: 5283.333333333333
2025-07-26 22:24:20,095 - DEBUG - Loaded collision time for squareA+squareP+4433+R_flipped at IoU 0.85: 5300.0
2025-07-26 22:24:20,096 - DEBUG - Loaded collision time for squareA+squareP+4433+R_flipped at IoU 0.9: nan
2025-07-26 22:24:20,096 - DEBUG - Loaded collision time for squareA+squareP+4433+R_flipped at IoU 0.95: nan
2025-07-26 22:24:20,097 - INFO - Collecting collision data from all videos for analysis...
2025-07-26 22:24:20,097 - DEBUG - Collected collision time for AConcave_FConcave at IoU 0.05: 4383.333333333334
2025-07-26 22:24:20,098 - DEBUG - Collected collision time for AConcave_FConcave at IoU 0.1: nan
2025-07-26 22:24:20,098 - DEBUG - Collected collision time for AConcave_FConcave at IoU 0.15: nan
2025-07-26 22:24:20,098 - DEBUG - Collected collision time for AConcave_FConcave at IoU 0.2: nan
2025-07-26 22:24:20,099 - DEBUG - Collected collision time for AConcave_FConcave at IoU 0.25: nan
2025-07-26 22:24:20,099 - DEBUG - Collected collision time for AConcave_FConcave at IoU 0.3: nan
2025-07-26 22:24:20,099 - DEBUG - Collected collision time for AConcave_FConcave at IoU 0.35: nan
2025-07-26 22:24:20,099 - DEBUG - Collected collision time for AConcave_FConcave at IoU 0.4: nan
2025-07-26 22:24:20,100 - DEBUG - Collected collision time for AConcave_FConcave at IoU 0.45: nan
2025-07-26 22:24:20,100 - DEBUG - Collected collision time for AConcave_FConcave at IoU 0.5: nan
2025-07-26 22:24:20,100 - DEBUG - Collected collision time for AConcave_FConcave at IoU 0.55: nan
2025-07-26 22:24:20,101 - DEBUG - Collected collision time for AConcave_FConcave at IoU 0.6: nan
2025-07-26 22:24:20,101 - DEBUG - Collected collision time for AConcave_FConcave at IoU 0.65: nan
2025-07-26 22:24:20,101 - DEBUG - Collected collision time for AConcave_FConcave at IoU 0.7: nan
2025-07-26 22:24:20,102 - DEBUG - Collected collision time for AConcave_FConcave at IoU 0.75: nan
2025-07-26 22:24:20,102 - DEBUG - Collected collision time for AConcave_FConcave at IoU 0.8: nan
2025-07-26 22:24:20,102 - DEBUG - Collected collision time for AConcave_FConcave at IoU 0.85: nan
2025-07-26 22:24:20,102 - DEBUG - Collected collision time for AConcave_FConcave at IoU 0.9: nan
2025-07-26 22:24:20,103 - DEBUG - Collected collision time for AConcave_FConcave at IoU 0.95: nan
2025-07-26 22:24:20,103 - DEBUG - Collected collision time for BConcave+AConcave+3500 at IoU 0.05: 4100.0
2025-07-26 22:24:20,103 - DEBUG - Collected collision time for BConcave+AConcave+3500 at IoU 0.1: 4183.333333333334
2025-07-26 22:24:20,103 - DEBUG - Collected collision time for BConcave+AConcave+3500 at IoU 0.15: 4250.0
2025-07-26 22:24:20,104 - DEBUG - Collected collision time for BConcave+AConcave+3500 at IoU 0.2: 4316.666666666666
2025-07-26 22:24:20,104 - DEBUG - Collected collision time for BConcave+AConcave+3500 at IoU 0.25: 4383.333333333334
2025-07-26 22:24:20,105 - DEBUG - Collected collision time for BConcave+AConcave+3500 at IoU 0.3: 4433.333333333334
2025-07-26 22:24:20,106 - DEBUG - Collected collision time for BConcave+AConcave+3500 at IoU 0.35: 4483.333333333333
2025-07-26 22:24:20,107 - DEBUG - Collected collision time for BConcave+AConcave+3500 at IoU 0.4: 4533.333333333333
2025-07-26 22:24:20,107 - DEBUG - Collected collision time for BConcave+AConcave+3500 at IoU 0.45: nan
2025-07-26 22:24:20,108 - DEBUG - Collected collision time for BConcave+AConcave+3500 at IoU 0.5: nan
2025-07-26 22:24:20,108 - DEBUG - Collected collision time for BConcave+AConcave+3500 at IoU 0.55: nan
2025-07-26 22:24:20,108 - DEBUG - Collected collision time for BConcave+AConcave+3500 at IoU 0.6: nan
2025-07-26 22:24:20,109 - DEBUG - Collected collision time for BConcave+AConcave+3500 at IoU 0.65: nan
2025-07-26 22:24:20,109 - DEBUG - Collected collision time for BConcave+AConcave+3500 at IoU 0.7: nan
2025-07-26 22:24:20,109 - DEBUG - Collected collision time for BConcave+AConcave+3500 at IoU 0.75: nan
2025-07-26 22:24:20,109 - DEBUG - Collected collision time for BConcave+AConcave+3500 at IoU 0.8: nan
2025-07-26 22:24:20,110 - DEBUG - Collected collision time for BConcave+AConcave+3500 at IoU 0.85: nan
2025-07-26 22:24:20,110 - DEBUG - Collected collision time for BConcave+AConcave+3500 at IoU 0.9: nan
2025-07-26 22:24:20,110 - DEBUG - Collected collision time for BConcave+AConcave+3500 at IoU 0.95: nan
2025-07-26 22:24:20,111 - DEBUG - Collected collision time for BConcave+AConcave+3700_flipped at IoU 0.05: nan
2025-07-26 22:24:20,111 - DEBUG - Collected collision time for BConcave+AConcave+3700_flipped at IoU 0.1: nan
2025-07-26 22:24:20,111 - DEBUG - Collected collision time for BConcave+AConcave+3700_flipped at IoU 0.15: nan
2025-07-26 22:24:20,112 - DEBUG - Collected collision time for BConcave+AConcave+3700_flipped at IoU 0.2: nan
2025-07-26 22:24:20,112 - DEBUG - Collected collision time for BConcave+AConcave+3700_flipped at IoU 0.25: nan
2025-07-26 22:24:20,112 - DEBUG - Collected collision time for BConcave+AConcave+3700_flipped at IoU 0.3: nan
2025-07-26 22:24:20,113 - DEBUG - Collected collision time for BConcave+AConcave+3700_flipped at IoU 0.35: nan
2025-07-26 22:24:20,113 - DEBUG - Collected collision time for BConcave+AConcave+3700_flipped at IoU 0.4: nan
2025-07-26 22:24:20,113 - DEBUG - Collected collision time for BConcave+AConcave+3700_flipped at IoU 0.45: nan
2025-07-26 22:24:20,113 - DEBUG - Collected collision time for BConcave+AConcave+3700_flipped at IoU 0.5: nan
2025-07-26 22:24:20,114 - DEBUG - Collected collision time for BConcave+AConcave+3700_flipped at IoU 0.55: nan
2025-07-26 22:24:20,114 - DEBUG - Collected collision time for BConcave+AConcave+3700_flipped at IoU 0.6: nan
2025-07-26 22:24:20,114 - DEBUG - Collected collision time for BConcave+AConcave+3700_flipped at IoU 0.65: nan
2025-07-26 22:24:20,114 - DEBUG - Collected collision time for BConcave+AConcave+3700_flipped at IoU 0.7: nan
2025-07-26 22:24:20,115 - DEBUG - Collected collision time for BConcave+AConcave+3700_flipped at IoU 0.75: nan
2025-07-26 22:24:20,115 - DEBUG - Collected collision time for BConcave+AConcave+3700_flipped at IoU 0.8: nan
2025-07-26 22:24:20,115 - DEBUG - Collected collision time for BConcave+AConcave+3700_flipped at IoU 0.85: nan
2025-07-26 22:24:20,116 - DEBUG - Collected collision time for BConcave+AConcave+3700_flipped at IoU 0.9: nan
2025-07-26 22:24:20,116 - DEBUG - Collected collision time for BConcave+AConcave+3700_flipped at IoU 0.95: nan
2025-07-26 22:24:20,116 - DEBUG - Collected collision time for BConcave+AConcave+3900 at IoU 0.05: nan
2025-07-26 22:24:20,116 - DEBUG - Collected collision time for BConcave+AConcave+3900 at IoU 0.1: nan
2025-07-26 22:24:20,117 - DEBUG - Collected collision time for BConcave+AConcave+3900 at IoU 0.15: nan
2025-07-26 22:24:20,117 - DEBUG - Collected collision time for BConcave+AConcave+3900 at IoU 0.2: nan
2025-07-26 22:24:20,117 - DEBUG - Collected collision time for BConcave+AConcave+3900 at IoU 0.25: nan
2025-07-26 22:24:20,118 - DEBUG - Collected collision time for BConcave+AConcave+3900 at IoU 0.3: nan
2025-07-26 22:24:20,118 - DEBUG - Collected collision time for BConcave+AConcave+3900 at IoU 0.35: nan
2025-07-26 22:24:20,118 - DEBUG - Collected collision time for BConcave+AConcave+3900 at IoU 0.4: nan
2025-07-26 22:24:20,118 - DEBUG - Collected collision time for BConcave+AConcave+3900 at IoU 0.45: nan
2025-07-26 22:24:20,119 - DEBUG - Collected collision time for BConcave+AConcave+3900 at IoU 0.5: nan
2025-07-26 22:24:20,119 - DEBUG - Collected collision time for BConcave+AConcave+3900 at IoU 0.55: nan
2025-07-26 22:24:20,119 - DEBUG - Collected collision time for BConcave+AConcave+3900 at IoU 0.6: nan
2025-07-26 22:24:20,120 - DEBUG - Collected collision time for BConcave+AConcave+3900 at IoU 0.65: nan
2025-07-26 22:24:20,120 - DEBUG - Collected collision time for BConcave+AConcave+3900 at IoU 0.7: nan
2025-07-26 22:24:20,120 - DEBUG - Collected collision time for BConcave+AConcave+3900 at IoU 0.75: nan
2025-07-26 22:24:20,120 - DEBUG - Collected collision time for BConcave+AConcave+3900 at IoU 0.8: nan
2025-07-26 22:24:20,121 - DEBUG - Collected collision time for BConcave+AConcave+3900 at IoU 0.85: nan
2025-07-26 22:24:20,121 - DEBUG - Collected collision time for BConcave+AConcave+3900 at IoU 0.9: nan
2025-07-26 22:24:20,121 - DEBUG - Collected collision time for BConcave+AConcave+3900 at IoU 0.95: nan
2025-07-26 22:24:20,121 - DEBUG - Collected collision time for BConcave+AConcave+4100_flipped at IoU 0.05: 4466.666666666667
2025-07-26 22:24:20,122 - DEBUG - Collected collision time for BConcave+AConcave+4100_flipped at IoU 0.1: 4566.666666666666
2025-07-26 22:24:20,122 - DEBUG - Collected collision time for BConcave+AConcave+4100_flipped at IoU 0.15: nan
2025-07-26 22:24:20,122 - DEBUG - Collected collision time for BConcave+AConcave+4100_flipped at IoU 0.2: nan
2025-07-26 22:24:20,122 - DEBUG - Collected collision time for BConcave+AConcave+4100_flipped at IoU 0.25: nan
2025-07-26 22:24:20,123 - DEBUG - Collected collision time for BConcave+AConcave+4100_flipped at IoU 0.3: nan
2025-07-26 22:24:20,123 - DEBUG - Collected collision time for BConcave+AConcave+4100_flipped at IoU 0.35: nan
2025-07-26 22:24:20,123 - DEBUG - Collected collision time for BConcave+AConcave+4100_flipped at IoU 0.4: nan
2025-07-26 22:24:20,123 - DEBUG - Collected collision time for BConcave+AConcave+4100_flipped at IoU 0.45: nan
2025-07-26 22:24:20,124 - DEBUG - Collected collision time for BConcave+AConcave+4100_flipped at IoU 0.5: nan
2025-07-26 22:24:20,124 - DEBUG - Collected collision time for BConcave+AConcave+4100_flipped at IoU 0.55: nan
2025-07-26 22:24:20,124 - DEBUG - Collected collision time for BConcave+AConcave+4100_flipped at IoU 0.6: nan
2025-07-26 22:24:20,125 - DEBUG - Collected collision time for BConcave+AConcave+4100_flipped at IoU 0.65: nan
2025-07-26 22:24:20,125 - DEBUG - Collected collision time for BConcave+AConcave+4100_flipped at IoU 0.7: nan
2025-07-26 22:24:20,125 - DEBUG - Collected collision time for BConcave+AConcave+4100_flipped at IoU 0.75: nan
2025-07-26 22:24:20,125 - DEBUG - Collected collision time for BConcave+AConcave+4100_flipped at IoU 0.8: nan
2025-07-26 22:24:20,126 - DEBUG - Collected collision time for BConcave+AConcave+4100_flipped at IoU 0.85: nan
2025-07-26 22:24:20,126 - DEBUG - Collected collision time for BConcave+AConcave+4100_flipped at IoU 0.9: nan
2025-07-26 22:24:20,126 - DEBUG - Collected collision time for BConcave+AConcave+4100_flipped at IoU 0.95: nan
2025-07-26 22:24:20,126 - DEBUG - Collected collision time for BConcave+AConcave+4300 at IoU 0.05: nan
2025-07-26 22:24:20,126 - DEBUG - Collected collision time for BConcave+AConcave+4300 at IoU 0.1: nan
2025-07-26 22:24:20,127 - DEBUG - Collected collision time for BConcave+AConcave+4300 at IoU 0.15: nan
2025-07-26 22:24:20,127 - DEBUG - Collected collision time for BConcave+AConcave+4300 at IoU 0.2: nan
2025-07-26 22:24:20,127 - DEBUG - Collected collision time for BConcave+AConcave+4300 at IoU 0.25: nan
2025-07-26 22:24:20,128 - DEBUG - Collected collision time for BConcave+AConcave+4300 at IoU 0.3: nan
2025-07-26 22:24:20,128 - DEBUG - Collected collision time for BConcave+AConcave+4300 at IoU 0.35: nan
2025-07-26 22:24:20,128 - DEBUG - Collected collision time for BConcave+AConcave+4300 at IoU 0.4: nan
2025-07-26 22:24:20,128 - DEBUG - Collected collision time for BConcave+AConcave+4300 at IoU 0.45: nan
2025-07-26 22:24:20,129 - DEBUG - Collected collision time for BConcave+AConcave+4300 at IoU 0.5: nan
2025-07-26 22:24:20,129 - DEBUG - Collected collision time for BConcave+AConcave+4300 at IoU 0.55: nan
2025-07-26 22:24:20,129 - DEBUG - Collected collision time for BConcave+AConcave+4300 at IoU 0.6: nan
2025-07-26 22:24:20,129 - DEBUG - Collected collision time for BConcave+AConcave+4300 at IoU 0.65: nan
2025-07-26 22:24:20,130 - DEBUG - Collected collision time for BConcave+AConcave+4300 at IoU 0.7: nan
2025-07-26 22:24:20,130 - DEBUG - Collected collision time for BConcave+AConcave+4300 at IoU 0.75: nan
2025-07-26 22:24:20,130 - DEBUG - Collected collision time for BConcave+AConcave+4300 at IoU 0.8: nan
2025-07-26 22:24:20,130 - DEBUG - Collected collision time for BConcave+AConcave+4300 at IoU 0.85: nan
2025-07-26 22:24:20,131 - DEBUG - Collected collision time for BConcave+AConcave+4300 at IoU 0.9: nan
2025-07-26 22:24:20,131 - DEBUG - Collected collision time for BConcave+AConcave+4300 at IoU 0.95: nan
2025-07-26 22:24:20,131 - DEBUG - Collected collision time for BConcave+AConcave+4500_flipped at IoU 0.05: nan
2025-07-26 22:24:20,132 - DEBUG - Collected collision time for BConcave+AConcave+4500_flipped at IoU 0.1: nan
2025-07-26 22:24:20,132 - DEBUG - Collected collision time for BConcave+AConcave+4500_flipped at IoU 0.15: nan
2025-07-26 22:24:20,132 - DEBUG - Collected collision time for BConcave+AConcave+4500_flipped at IoU 0.2: nan
2025-07-26 22:24:20,132 - DEBUG - Collected collision time for BConcave+AConcave+4500_flipped at IoU 0.25: nan
2025-07-26 22:24:20,133 - DEBUG - Collected collision time for BConcave+AConcave+4500_flipped at IoU 0.3: nan
2025-07-26 22:24:20,133 - DEBUG - Collected collision time for BConcave+AConcave+4500_flipped at IoU 0.35: nan
2025-07-26 22:24:20,133 - DEBUG - Collected collision time for BConcave+AConcave+4500_flipped at IoU 0.4: nan
2025-07-26 22:24:20,134 - DEBUG - Collected collision time for BConcave+AConcave+4500_flipped at IoU 0.45: nan
2025-07-26 22:24:20,134 - DEBUG - Collected collision time for BConcave+AConcave+4500_flipped at IoU 0.5: nan
2025-07-26 22:24:20,134 - DEBUG - Collected collision time for BConcave+AConcave+4500_flipped at IoU 0.55: nan
2025-07-26 22:24:20,134 - DEBUG - Collected collision time for BConcave+AConcave+4500_flipped at IoU 0.6: nan
2025-07-26 22:24:20,135 - DEBUG - Collected collision time for BConcave+AConcave+4500_flipped at IoU 0.65: nan
2025-07-26 22:24:20,135 - DEBUG - Collected collision time for BConcave+AConcave+4500_flipped at IoU 0.7: nan
2025-07-26 22:24:20,135 - DEBUG - Collected collision time for BConcave+AConcave+4500_flipped at IoU 0.75: nan
2025-07-26 22:24:20,135 - DEBUG - Collected collision time for BConcave+AConcave+4500_flipped at IoU 0.8: nan
2025-07-26 22:24:20,136 - DEBUG - Collected collision time for BConcave+AConcave+4500_flipped at IoU 0.85: nan
2025-07-26 22:24:20,136 - DEBUG - Collected collision time for BConcave+AConcave+4500_flipped at IoU 0.9: nan
2025-07-26 22:24:20,136 - DEBUG - Collected collision time for BConcave+AConcave+4500_flipped at IoU 0.95: nan
2025-07-26 22:24:20,136 - DEBUG - Collected collision time for BConcave+AConvex+3500_flipped at IoU 0.05: nan
2025-07-26 22:24:20,137 - DEBUG - Collected collision time for BConcave+AConvex+3500_flipped at IoU 0.1: nan
2025-07-26 22:24:20,137 - DEBUG - Collected collision time for BConcave+AConvex+3500_flipped at IoU 0.15: nan
2025-07-26 22:24:20,137 - DEBUG - Collected collision time for BConcave+AConvex+3500_flipped at IoU 0.2: nan
2025-07-26 22:24:20,137 - DEBUG - Collected collision time for BConcave+AConvex+3500_flipped at IoU 0.25: nan
2025-07-26 22:24:20,138 - DEBUG - Collected collision time for BConcave+AConvex+3500_flipped at IoU 0.3: nan
2025-07-26 22:24:20,138 - DEBUG - Collected collision time for BConcave+AConvex+3500_flipped at IoU 0.35: nan
2025-07-26 22:24:20,138 - DEBUG - Collected collision time for BConcave+AConvex+3500_flipped at IoU 0.4: nan
2025-07-26 22:24:20,139 - DEBUG - Collected collision time for BConcave+AConvex+3500_flipped at IoU 0.45: nan
2025-07-26 22:24:20,139 - DEBUG - Collected collision time for BConcave+AConvex+3500_flipped at IoU 0.5: nan
2025-07-26 22:24:20,139 - DEBUG - Collected collision time for BConcave+AConvex+3500_flipped at IoU 0.55: nan
2025-07-26 22:24:20,139 - DEBUG - Collected collision time for BConcave+AConvex+3500_flipped at IoU 0.6: nan
2025-07-26 22:24:20,140 - DEBUG - Collected collision time for BConcave+AConvex+3500_flipped at IoU 0.65: nan
2025-07-26 22:24:20,140 - DEBUG - Collected collision time for BConcave+AConvex+3500_flipped at IoU 0.7: nan
2025-07-26 22:24:20,140 - DEBUG - Collected collision time for BConcave+AConvex+3500_flipped at IoU 0.75: nan
2025-07-26 22:24:20,140 - DEBUG - Collected collision time for BConcave+AConvex+3500_flipped at IoU 0.8: nan
2025-07-26 22:24:20,141 - DEBUG - Collected collision time for BConcave+AConvex+3500_flipped at IoU 0.85: nan
2025-07-26 22:24:20,141 - DEBUG - Collected collision time for BConcave+AConvex+3500_flipped at IoU 0.9: nan
2025-07-26 22:24:20,141 - DEBUG - Collected collision time for BConcave+AConvex+3500_flipped at IoU 0.95: nan
2025-07-26 22:24:20,142 - DEBUG - Collected collision time for BConcave+AConvex+3700 at IoU 0.05: nan
2025-07-26 22:24:20,142 - DEBUG - Collected collision time for BConcave+AConvex+3700 at IoU 0.1: nan
2025-07-26 22:24:20,142 - DEBUG - Collected collision time for BConcave+AConvex+3700 at IoU 0.15: nan
2025-07-26 22:24:20,142 - DEBUG - Collected collision time for BConcave+AConvex+3700 at IoU 0.2: nan
2025-07-26 22:24:20,143 - DEBUG - Collected collision time for BConcave+AConvex+3700 at IoU 0.25: nan
2025-07-26 22:24:20,143 - DEBUG - Collected collision time for BConcave+AConvex+3700 at IoU 0.3: nan
2025-07-26 22:24:20,143 - DEBUG - Collected collision time for BConcave+AConvex+3700 at IoU 0.35: nan
2025-07-26 22:24:20,143 - DEBUG - Collected collision time for BConcave+AConvex+3700 at IoU 0.4: nan
2025-07-26 22:24:20,144 - DEBUG - Collected collision time for BConcave+AConvex+3700 at IoU 0.45: nan
2025-07-26 22:24:20,144 - DEBUG - Collected collision time for BConcave+AConvex+3700 at IoU 0.5: nan
2025-07-26 22:24:20,144 - DEBUG - Collected collision time for BConcave+AConvex+3700 at IoU 0.55: nan
2025-07-26 22:24:20,145 - DEBUG - Collected collision time for BConcave+AConvex+3700 at IoU 0.6: nan
2025-07-26 22:24:20,145 - DEBUG - Collected collision time for BConcave+AConvex+3700 at IoU 0.65: nan
2025-07-26 22:24:20,145 - DEBUG - Collected collision time for BConcave+AConvex+3700 at IoU 0.7: nan
2025-07-26 22:24:20,145 - DEBUG - Collected collision time for BConcave+AConvex+3700 at IoU 0.75: nan
2025-07-26 22:24:20,146 - DEBUG - Collected collision time for BConcave+AConvex+3700 at IoU 0.8: nan
2025-07-26 22:24:20,146 - DEBUG - Collected collision time for BConcave+AConvex+3700 at IoU 0.85: nan
2025-07-26 22:24:20,146 - DEBUG - Collected collision time for BConcave+AConvex+3700 at IoU 0.9: nan
2025-07-26 22:24:20,146 - DEBUG - Collected collision time for BConcave+AConvex+3700 at IoU 0.95: nan
2025-07-26 22:24:20,147 - DEBUG - Collected collision time for BConcave+AConvex+3900_flipped at IoU 0.05: nan
2025-07-26 22:24:20,147 - DEBUG - Collected collision time for BConcave+AConvex+3900_flipped at IoU 0.1: nan
2025-07-26 22:24:20,147 - DEBUG - Collected collision time for BConcave+AConvex+3900_flipped at IoU 0.15: nan
2025-07-26 22:24:20,148 - DEBUG - Collected collision time for BConcave+AConvex+3900_flipped at IoU 0.2: nan
2025-07-26 22:24:20,148 - DEBUG - Collected collision time for BConcave+AConvex+3900_flipped at IoU 0.25: nan
2025-07-26 22:24:20,148 - DEBUG - Collected collision time for BConcave+AConvex+3900_flipped at IoU 0.3: nan
2025-07-26 22:24:20,148 - DEBUG - Collected collision time for BConcave+AConvex+3900_flipped at IoU 0.35: nan
2025-07-26 22:24:20,149 - DEBUG - Collected collision time for BConcave+AConvex+3900_flipped at IoU 0.4: nan
2025-07-26 22:24:20,149 - DEBUG - Collected collision time for BConcave+AConvex+3900_flipped at IoU 0.45: nan
2025-07-26 22:24:20,149 - DEBUG - Collected collision time for BConcave+AConvex+3900_flipped at IoU 0.5: nan
2025-07-26 22:24:20,149 - DEBUG - Collected collision time for BConcave+AConvex+3900_flipped at IoU 0.55: nan
2025-07-26 22:24:20,150 - DEBUG - Collected collision time for BConcave+AConvex+3900_flipped at IoU 0.6: nan
2025-07-26 22:24:20,150 - DEBUG - Collected collision time for BConcave+AConvex+3900_flipped at IoU 0.65: nan
2025-07-26 22:24:20,150 - DEBUG - Collected collision time for BConcave+AConvex+3900_flipped at IoU 0.7: nan
2025-07-26 22:24:20,150 - DEBUG - Collected collision time for BConcave+AConvex+3900_flipped at IoU 0.75: nan
2025-07-26 22:24:20,151 - DEBUG - Collected collision time for BConcave+AConvex+3900_flipped at IoU 0.8: nan
2025-07-26 22:24:20,151 - DEBUG - Collected collision time for BConcave+AConvex+3900_flipped at IoU 0.85: nan
2025-07-26 22:24:20,151 - DEBUG - Collected collision time for BConcave+AConvex+3900_flipped at IoU 0.9: nan
2025-07-26 22:24:20,152 - DEBUG - Collected collision time for BConcave+AConvex+3900_flipped at IoU 0.95: nan
2025-07-26 22:24:20,152 - DEBUG - Collected collision time for BConcave+AConvex+4100 at IoU 0.05: nan
2025-07-26 22:24:20,152 - DEBUG - Collected collision time for BConcave+AConvex+4100 at IoU 0.1: nan
2025-07-26 22:24:20,152 - DEBUG - Collected collision time for BConcave+AConvex+4100 at IoU 0.15: nan
2025-07-26 22:24:20,153 - DEBUG - Collected collision time for BConcave+AConvex+4100 at IoU 0.2: nan
2025-07-26 22:24:20,153 - DEBUG - Collected collision time for BConcave+AConvex+4100 at IoU 0.25: nan
2025-07-26 22:24:20,153 - DEBUG - Collected collision time for BConcave+AConvex+4100 at IoU 0.3: nan
2025-07-26 22:24:20,154 - DEBUG - Collected collision time for BConcave+AConvex+4100 at IoU 0.35: nan
2025-07-26 22:24:20,154 - DEBUG - Collected collision time for BConcave+AConvex+4100 at IoU 0.4: nan
2025-07-26 22:24:20,154 - DEBUG - Collected collision time for BConcave+AConvex+4100 at IoU 0.45: nan
2025-07-26 22:24:20,154 - DEBUG - Collected collision time for BConcave+AConvex+4100 at IoU 0.5: nan
2025-07-26 22:24:20,155 - DEBUG - Collected collision time for BConcave+AConvex+4100 at IoU 0.55: nan
2025-07-26 22:24:20,155 - DEBUG - Collected collision time for BConcave+AConvex+4100 at IoU 0.6: nan
2025-07-26 22:24:20,155 - DEBUG - Collected collision time for BConcave+AConvex+4100 at IoU 0.65: nan
2025-07-26 22:24:20,155 - DEBUG - Collected collision time for BConcave+AConvex+4100 at IoU 0.7: nan
2025-07-26 22:24:20,156 - DEBUG - Collected collision time for BConcave+AConvex+4100 at IoU 0.75: nan
2025-07-26 22:24:20,156 - DEBUG - Collected collision time for BConcave+AConvex+4100 at IoU 0.8: nan
2025-07-26 22:24:20,156 - DEBUG - Collected collision time for BConcave+AConvex+4100 at IoU 0.85: nan
2025-07-26 22:24:20,157 - DEBUG - Collected collision time for BConcave+AConvex+4100 at IoU 0.9: nan
2025-07-26 22:24:20,157 - DEBUG - Collected collision time for BConcave+AConvex+4100 at IoU 0.95: nan
2025-07-26 22:24:20,157 - DEBUG - Collected collision time for BConcave+AConvex+4300_flipped at IoU 0.05: nan
2025-07-26 22:24:20,157 - DEBUG - Collected collision time for BConcave+AConvex+4300_flipped at IoU 0.1: nan
2025-07-26 22:24:20,158 - DEBUG - Collected collision time for BConcave+AConvex+4300_flipped at IoU 0.15: nan
2025-07-26 22:24:20,158 - DEBUG - Collected collision time for BConcave+AConvex+4300_flipped at IoU 0.2: nan
2025-07-26 22:24:20,158 - DEBUG - Collected collision time for BConcave+AConvex+4300_flipped at IoU 0.25: nan
2025-07-26 22:24:20,158 - DEBUG - Collected collision time for BConcave+AConvex+4300_flipped at IoU 0.3: nan
2025-07-26 22:24:20,159 - DEBUG - Collected collision time for BConcave+AConvex+4300_flipped at IoU 0.35: nan
2025-07-26 22:24:20,159 - DEBUG - Collected collision time for BConcave+AConvex+4300_flipped at IoU 0.4: nan
2025-07-26 22:24:20,159 - DEBUG - Collected collision time for BConcave+AConvex+4300_flipped at IoU 0.45: nan
2025-07-26 22:24:20,160 - DEBUG - Collected collision time for BConcave+AConvex+4300_flipped at IoU 0.5: nan
2025-07-26 22:24:20,160 - DEBUG - Collected collision time for BConcave+AConvex+4300_flipped at IoU 0.55: nan
2025-07-26 22:24:20,160 - DEBUG - Collected collision time for BConcave+AConvex+4300_flipped at IoU 0.6: nan
2025-07-26 22:24:20,160 - DEBUG - Collected collision time for BConcave+AConvex+4300_flipped at IoU 0.65: nan
2025-07-26 22:24:20,161 - DEBUG - Collected collision time for BConcave+AConvex+4300_flipped at IoU 0.7: nan
2025-07-26 22:24:20,161 - DEBUG - Collected collision time for BConcave+AConvex+4300_flipped at IoU 0.75: nan
2025-07-26 22:24:20,161 - DEBUG - Collected collision time for BConcave+AConvex+4300_flipped at IoU 0.8: nan
2025-07-26 22:24:20,162 - DEBUG - Collected collision time for BConcave+AConvex+4300_flipped at IoU 0.85: nan
2025-07-26 22:24:20,162 - DEBUG - Collected collision time for BConcave+AConvex+4300_flipped at IoU 0.9: nan
2025-07-26 22:24:20,162 - DEBUG - Collected collision time for BConcave+AConvex+4300_flipped at IoU 0.95: nan
2025-07-26 22:24:20,162 - DEBUG - Collected collision time for BConcave+AConvex+4500 at IoU 0.05: nan
2025-07-26 22:24:20,163 - DEBUG - Collected collision time for BConcave+AConvex+4500 at IoU 0.1: nan
2025-07-26 22:24:20,163 - DEBUG - Collected collision time for BConcave+AConvex+4500 at IoU 0.15: nan
2025-07-26 22:24:20,163 - DEBUG - Collected collision time for BConcave+AConvex+4500 at IoU 0.2: nan
2025-07-26 22:24:20,164 - DEBUG - Collected collision time for BConcave+AConvex+4500 at IoU 0.25: nan
2025-07-26 22:24:20,164 - DEBUG - Collected collision time for BConcave+AConvex+4500 at IoU 0.3: nan
2025-07-26 22:24:20,164 - DEBUG - Collected collision time for BConcave+AConvex+4500 at IoU 0.35: nan
2025-07-26 22:24:20,164 - DEBUG - Collected collision time for BConcave+AConvex+4500 at IoU 0.4: nan
2025-07-26 22:24:20,165 - DEBUG - Collected collision time for BConcave+AConvex+4500 at IoU 0.45: nan
2025-07-26 22:24:20,165 - DEBUG - Collected collision time for BConcave+AConvex+4500 at IoU 0.5: nan
2025-07-26 22:24:20,165 - DEBUG - Collected collision time for BConcave+AConvex+4500 at IoU 0.55: nan
2025-07-26 22:24:20,166 - DEBUG - Collected collision time for BConcave+AConvex+4500 at IoU 0.6: nan
2025-07-26 22:24:20,166 - DEBUG - Collected collision time for BConcave+AConvex+4500 at IoU 0.65: nan
2025-07-26 22:24:20,166 - DEBUG - Collected collision time for BConcave+AConvex+4500 at IoU 0.7: nan
2025-07-26 22:24:20,166 - DEBUG - Collected collision time for BConcave+AConvex+4500 at IoU 0.75: nan
2025-07-26 22:24:20,167 - DEBUG - Collected collision time for BConcave+AConvex+4500 at IoU 0.8: nan
2025-07-26 22:24:20,167 - DEBUG - Collected collision time for BConcave+AConvex+4500 at IoU 0.85: nan
2025-07-26 22:24:20,167 - DEBUG - Collected collision time for BConcave+AConvex+4500 at IoU 0.9: nan
2025-07-26 22:24:20,168 - DEBUG - Collected collision time for BConcave+AConvex+4500 at IoU 0.95: nan
2025-07-26 22:24:20,168 - DEBUG - Collected collision time for BConcave+BConcavePatient+3500 at IoU 0.05: 1683.3333333333333
2025-07-26 22:24:20,168 - DEBUG - Collected collision time for BConcave+BConcavePatient+3500 at IoU 0.1: 1700.0
2025-07-26 22:24:20,168 - DEBUG - Collected collision time for BConcave+BConcavePatient+3500 at IoU 0.15: nan
2025-07-26 22:24:20,169 - DEBUG - Collected collision time for BConcave+BConcavePatient+3500 at IoU 0.2: nan
2025-07-26 22:24:20,169 - DEBUG - Collected collision time for BConcave+BConcavePatient+3500 at IoU 0.25: nan
2025-07-26 22:24:20,169 - DEBUG - Collected collision time for BConcave+BConcavePatient+3500 at IoU 0.3: nan
2025-07-26 22:24:20,170 - DEBUG - Collected collision time for BConcave+BConcavePatient+3500 at IoU 0.35: nan
2025-07-26 22:24:20,170 - DEBUG - Collected collision time for BConcave+BConcavePatient+3500 at IoU 0.4: nan
2025-07-26 22:24:20,170 - DEBUG - Collected collision time for BConcave+BConcavePatient+3500 at IoU 0.45: nan
2025-07-26 22:24:20,170 - DEBUG - Collected collision time for BConcave+BConcavePatient+3500 at IoU 0.5: nan
2025-07-26 22:24:20,171 - DEBUG - Collected collision time for BConcave+BConcavePatient+3500 at IoU 0.55: nan
2025-07-26 22:24:20,171 - DEBUG - Collected collision time for BConcave+BConcavePatient+3500 at IoU 0.6: nan
2025-07-26 22:24:20,171 - DEBUG - Collected collision time for BConcave+BConcavePatient+3500 at IoU 0.65: nan
2025-07-26 22:24:20,172 - DEBUG - Collected collision time for BConcave+BConcavePatient+3500 at IoU 0.7: nan
2025-07-26 22:24:20,172 - DEBUG - Collected collision time for BConcave+BConcavePatient+3500 at IoU 0.75: nan
2025-07-26 22:24:20,172 - DEBUG - Collected collision time for BConcave+BConcavePatient+3500 at IoU 0.8: nan
2025-07-26 22:24:20,172 - DEBUG - Collected collision time for BConcave+BConcavePatient+3500 at IoU 0.85: nan
2025-07-26 22:24:20,173 - DEBUG - Collected collision time for BConcave+BConcavePatient+3500 at IoU 0.9: nan
2025-07-26 22:24:20,173 - DEBUG - Collected collision time for BConcave+BConcavePatient+3500 at IoU 0.95: nan
2025-07-26 22:24:20,173 - DEBUG - Collected collision time for BConcave+BConcavePatient+3700_flipped at IoU 0.05: nan
2025-07-26 22:24:20,174 - DEBUG - Collected collision time for BConcave+BConcavePatient+3700_flipped at IoU 0.1: nan
2025-07-26 22:24:20,174 - DEBUG - Collected collision time for BConcave+BConcavePatient+3700_flipped at IoU 0.15: nan
2025-07-26 22:24:20,174 - DEBUG - Collected collision time for BConcave+BConcavePatient+3700_flipped at IoU 0.2: nan
2025-07-26 22:24:20,175 - DEBUG - Collected collision time for BConcave+BConcavePatient+3700_flipped at IoU 0.25: nan
2025-07-26 22:24:20,175 - DEBUG - Collected collision time for BConcave+BConcavePatient+3700_flipped at IoU 0.3: nan
2025-07-26 22:24:20,175 - DEBUG - Collected collision time for BConcave+BConcavePatient+3700_flipped at IoU 0.35: nan
2025-07-26 22:24:20,175 - DEBUG - Collected collision time for BConcave+BConcavePatient+3700_flipped at IoU 0.4: nan
2025-07-26 22:24:20,176 - DEBUG - Collected collision time for BConcave+BConcavePatient+3700_flipped at IoU 0.45: nan
2025-07-26 22:24:20,176 - DEBUG - Collected collision time for BConcave+BConcavePatient+3700_flipped at IoU 0.5: nan
2025-07-26 22:24:20,176 - DEBUG - Collected collision time for BConcave+BConcavePatient+3700_flipped at IoU 0.55: nan
2025-07-26 22:24:20,176 - DEBUG - Collected collision time for BConcave+BConcavePatient+3700_flipped at IoU 0.6: nan
2025-07-26 22:24:20,177 - DEBUG - Collected collision time for BConcave+BConcavePatient+3700_flipped at IoU 0.65: nan
2025-07-26 22:24:20,177 - DEBUG - Collected collision time for BConcave+BConcavePatient+3700_flipped at IoU 0.7: nan
2025-07-26 22:24:20,177 - DEBUG - Collected collision time for BConcave+BConcavePatient+3700_flipped at IoU 0.75: nan
2025-07-26 22:24:20,177 - DEBUG - Collected collision time for BConcave+BConcavePatient+3700_flipped at IoU 0.8: nan
2025-07-26 22:24:20,178 - DEBUG - Collected collision time for BConcave+BConcavePatient+3700_flipped at IoU 0.85: nan
2025-07-26 22:24:20,178 - DEBUG - Collected collision time for BConcave+BConcavePatient+3700_flipped at IoU 0.9: nan
2025-07-26 22:24:20,178 - DEBUG - Collected collision time for BConcave+BConcavePatient+3700_flipped at IoU 0.95: nan
2025-07-26 22:24:20,178 - DEBUG - Collected collision time for BConcave+BConcavePatient+3900 at IoU 0.05: nan
2025-07-26 22:24:20,179 - DEBUG - Collected collision time for BConcave+BConcavePatient+3900 at IoU 0.1: nan
2025-07-26 22:24:20,179 - DEBUG - Collected collision time for BConcave+BConcavePatient+3900 at IoU 0.15: nan
2025-07-26 22:24:20,179 - DEBUG - Collected collision time for BConcave+BConcavePatient+3900 at IoU 0.2: nan
2025-07-26 22:24:20,180 - DEBUG - Collected collision time for BConcave+BConcavePatient+3900 at IoU 0.25: nan
2025-07-26 22:24:20,180 - DEBUG - Collected collision time for BConcave+BConcavePatient+3900 at IoU 0.3: nan
2025-07-26 22:24:20,180 - DEBUG - Collected collision time for BConcave+BConcavePatient+3900 at IoU 0.35: nan
2025-07-26 22:24:20,180 - DEBUG - Collected collision time for BConcave+BConcavePatient+3900 at IoU 0.4: nan
2025-07-26 22:24:20,181 - DEBUG - Collected collision time for BConcave+BConcavePatient+3900 at IoU 0.45: nan
2025-07-26 22:24:20,181 - DEBUG - Collected collision time for BConcave+BConcavePatient+3900 at IoU 0.5: nan
2025-07-26 22:24:20,181 - DEBUG - Collected collision time for BConcave+BConcavePatient+3900 at IoU 0.55: nan
2025-07-26 22:24:20,182 - DEBUG - Collected collision time for BConcave+BConcavePatient+3900 at IoU 0.6: nan
2025-07-26 22:24:20,182 - DEBUG - Collected collision time for BConcave+BConcavePatient+3900 at IoU 0.65: nan
2025-07-26 22:24:20,182 - DEBUG - Collected collision time for BConcave+BConcavePatient+3900 at IoU 0.7: nan
2025-07-26 22:24:20,182 - DEBUG - Collected collision time for BConcave+BConcavePatient+3900 at IoU 0.75: nan
2025-07-26 22:24:20,183 - DEBUG - Collected collision time for BConcave+BConcavePatient+3900 at IoU 0.8: nan
2025-07-26 22:24:20,183 - DEBUG - Collected collision time for BConcave+BConcavePatient+3900 at IoU 0.85: nan
2025-07-26 22:24:20,183 - DEBUG - Collected collision time for BConcave+BConcavePatient+3900 at IoU 0.9: nan
2025-07-26 22:24:20,183 - DEBUG - Collected collision time for BConcave+BConcavePatient+3900 at IoU 0.95: nan
2025-07-26 22:24:20,184 - DEBUG - Collected collision time for BConcave+BConcavePatient+4100_flipped at IoU 0.05: nan
2025-07-26 22:24:20,184 - DEBUG - Collected collision time for BConcave+BConcavePatient+4100_flipped at IoU 0.1: nan
2025-07-26 22:24:20,184 - DEBUG - Collected collision time for BConcave+BConcavePatient+4100_flipped at IoU 0.15: nan
2025-07-26 22:24:20,185 - DEBUG - Collected collision time for BConcave+BConcavePatient+4100_flipped at IoU 0.2: nan
2025-07-26 22:24:20,185 - DEBUG - Collected collision time for BConcave+BConcavePatient+4100_flipped at IoU 0.25: nan
2025-07-26 22:24:20,185 - DEBUG - Collected collision time for BConcave+BConcavePatient+4100_flipped at IoU 0.3: nan
2025-07-26 22:24:20,186 - DEBUG - Collected collision time for BConcave+BConcavePatient+4100_flipped at IoU 0.35: nan
2025-07-26 22:24:20,186 - DEBUG - Collected collision time for BConcave+BConcavePatient+4100_flipped at IoU 0.4: nan
2025-07-26 22:24:20,186 - DEBUG - Collected collision time for BConcave+BConcavePatient+4100_flipped at IoU 0.45: nan
2025-07-26 22:24:20,186 - DEBUG - Collected collision time for BConcave+BConcavePatient+4100_flipped at IoU 0.5: nan
2025-07-26 22:24:20,187 - DEBUG - Collected collision time for BConcave+BConcavePatient+4100_flipped at IoU 0.55: nan
2025-07-26 22:24:20,187 - DEBUG - Collected collision time for BConcave+BConcavePatient+4100_flipped at IoU 0.6: nan
2025-07-26 22:24:20,187 - DEBUG - Collected collision time for BConcave+BConcavePatient+4100_flipped at IoU 0.65: nan
2025-07-26 22:24:20,188 - DEBUG - Collected collision time for BConcave+BConcavePatient+4100_flipped at IoU 0.7: nan
2025-07-26 22:24:20,188 - DEBUG - Collected collision time for BConcave+BConcavePatient+4100_flipped at IoU 0.75: nan
2025-07-26 22:24:20,188 - DEBUG - Collected collision time for BConcave+BConcavePatient+4100_flipped at IoU 0.8: nan
2025-07-26 22:24:20,189 - DEBUG - Collected collision time for BConcave+BConcavePatient+4100_flipped at IoU 0.85: nan
2025-07-26 22:24:20,189 - DEBUG - Collected collision time for BConcave+BConcavePatient+4100_flipped at IoU 0.9: nan
2025-07-26 22:24:20,189 - DEBUG - Collected collision time for BConcave+BConcavePatient+4100_flipped at IoU 0.95: nan
2025-07-26 22:24:20,189 - DEBUG - Collected collision time for BConcave+BConcavePatient+4300 at IoU 0.05: nan
2025-07-26 22:24:20,190 - DEBUG - Collected collision time for BConcave+BConcavePatient+4300 at IoU 0.1: nan
2025-07-26 22:24:20,190 - DEBUG - Collected collision time for BConcave+BConcavePatient+4300 at IoU 0.15: nan
2025-07-26 22:24:20,190 - DEBUG - Collected collision time for BConcave+BConcavePatient+4300 at IoU 0.2: nan
2025-07-26 22:24:20,190 - DEBUG - Collected collision time for BConcave+BConcavePatient+4300 at IoU 0.25: nan
2025-07-26 22:24:20,191 - DEBUG - Collected collision time for BConcave+BConcavePatient+4300 at IoU 0.3: nan
2025-07-26 22:24:20,191 - DEBUG - Collected collision time for BConcave+BConcavePatient+4300 at IoU 0.35: nan
2025-07-26 22:24:20,191 - DEBUG - Collected collision time for BConcave+BConcavePatient+4300 at IoU 0.4: nan
2025-07-26 22:24:20,192 - DEBUG - Collected collision time for BConcave+BConcavePatient+4300 at IoU 0.45: nan
2025-07-26 22:24:20,192 - DEBUG - Collected collision time for BConcave+BConcavePatient+4300 at IoU 0.5: nan
2025-07-26 22:24:20,192 - DEBUG - Collected collision time for BConcave+BConcavePatient+4300 at IoU 0.55: nan
2025-07-26 22:24:20,192 - DEBUG - Collected collision time for BConcave+BConcavePatient+4300 at IoU 0.6: nan
2025-07-26 22:24:20,193 - DEBUG - Collected collision time for BConcave+BConcavePatient+4300 at IoU 0.65: nan
2025-07-26 22:24:20,193 - DEBUG - Collected collision time for BConcave+BConcavePatient+4300 at IoU 0.7: nan
2025-07-26 22:24:20,193 - DEBUG - Collected collision time for BConcave+BConcavePatient+4300 at IoU 0.75: nan
2025-07-26 22:24:20,193 - DEBUG - Collected collision time for BConcave+BConcavePatient+4300 at IoU 0.8: nan
2025-07-26 22:24:20,194 - DEBUG - Collected collision time for BConcave+BConcavePatient+4300 at IoU 0.85: nan
2025-07-26 22:24:20,194 - DEBUG - Collected collision time for BConcave+BConcavePatient+4300 at IoU 0.9: nan
2025-07-26 22:24:20,194 - DEBUG - Collected collision time for BConcave+BConcavePatient+4300 at IoU 0.95: nan
2025-07-26 22:24:20,195 - DEBUG - Collected collision time for BConcave+BConcavePatient+4500_flipped at IoU 0.05: nan
2025-07-26 22:24:20,195 - DEBUG - Collected collision time for BConcave+BConcavePatient+4500_flipped at IoU 0.1: nan
2025-07-26 22:24:20,195 - DEBUG - Collected collision time for BConcave+BConcavePatient+4500_flipped at IoU 0.15: nan
2025-07-26 22:24:20,195 - DEBUG - Collected collision time for BConcave+BConcavePatient+4500_flipped at IoU 0.2: nan
2025-07-26 22:24:20,196 - DEBUG - Collected collision time for BConcave+BConcavePatient+4500_flipped at IoU 0.25: nan
2025-07-26 22:24:20,196 - DEBUG - Collected collision time for BConcave+BConcavePatient+4500_flipped at IoU 0.3: nan
2025-07-26 22:24:20,196 - DEBUG - Collected collision time for BConcave+BConcavePatient+4500_flipped at IoU 0.35: nan
2025-07-26 22:24:20,197 - DEBUG - Collected collision time for BConcave+BConcavePatient+4500_flipped at IoU 0.4: nan
2025-07-26 22:24:20,197 - DEBUG - Collected collision time for BConcave+BConcavePatient+4500_flipped at IoU 0.45: nan
2025-07-26 22:24:20,197 - DEBUG - Collected collision time for BConcave+BConcavePatient+4500_flipped at IoU 0.5: nan
2025-07-26 22:24:20,197 - DEBUG - Collected collision time for BConcave+BConcavePatient+4500_flipped at IoU 0.55: nan
2025-07-26 22:24:20,198 - DEBUG - Collected collision time for BConcave+BConcavePatient+4500_flipped at IoU 0.6: nan
2025-07-26 22:24:20,198 - DEBUG - Collected collision time for BConcave+BConcavePatient+4500_flipped at IoU 0.65: nan
2025-07-26 22:24:20,198 - DEBUG - Collected collision time for BConcave+BConcavePatient+4500_flipped at IoU 0.7: nan
2025-07-26 22:24:20,199 - DEBUG - Collected collision time for BConcave+BConcavePatient+4500_flipped at IoU 0.75: nan
2025-07-26 22:24:20,199 - DEBUG - Collected collision time for BConcave+BConcavePatient+4500_flipped at IoU 0.8: nan
2025-07-26 22:24:20,199 - DEBUG - Collected collision time for BConcave+BConcavePatient+4500_flipped at IoU 0.85: nan
2025-07-26 22:24:20,199 - DEBUG - Collected collision time for BConcave+BConcavePatient+4500_flipped at IoU 0.9: nan
2025-07-26 22:24:20,200 - DEBUG - Collected collision time for BConcave+BConcavePatient+4500_flipped at IoU 0.95: nan
2025-07-26 22:24:20,200 - DEBUG - Collected collision time for BConcave+BConvex+3500_flipped at IoU 0.05: nan
2025-07-26 22:24:20,200 - DEBUG - Collected collision time for BConcave+BConvex+3500_flipped at IoU 0.1: nan
2025-07-26 22:24:20,201 - DEBUG - Collected collision time for BConcave+BConvex+3500_flipped at IoU 0.15: nan
2025-07-26 22:24:20,201 - DEBUG - Collected collision time for BConcave+BConvex+3500_flipped at IoU 0.2: nan
2025-07-26 22:24:20,201 - DEBUG - Collected collision time for BConcave+BConvex+3500_flipped at IoU 0.25: nan
2025-07-26 22:24:20,201 - DEBUG - Collected collision time for BConcave+BConvex+3500_flipped at IoU 0.3: nan
2025-07-26 22:24:20,202 - DEBUG - Collected collision time for BConcave+BConvex+3500_flipped at IoU 0.35: nan
2025-07-26 22:24:20,202 - DEBUG - Collected collision time for BConcave+BConvex+3500_flipped at IoU 0.4: nan
2025-07-26 22:24:20,202 - DEBUG - Collected collision time for BConcave+BConvex+3500_flipped at IoU 0.45: nan
2025-07-26 22:24:20,203 - DEBUG - Collected collision time for BConcave+BConvex+3500_flipped at IoU 0.5: nan
2025-07-26 22:24:20,203 - DEBUG - Collected collision time for BConcave+BConvex+3500_flipped at IoU 0.55: nan
2025-07-26 22:24:20,203 - DEBUG - Collected collision time for BConcave+BConvex+3500_flipped at IoU 0.6: nan
2025-07-26 22:24:20,203 - DEBUG - Collected collision time for BConcave+BConvex+3500_flipped at IoU 0.65: nan
2025-07-26 22:24:20,204 - DEBUG - Collected collision time for BConcave+BConvex+3500_flipped at IoU 0.7: nan
2025-07-26 22:24:20,204 - DEBUG - Collected collision time for BConcave+BConvex+3500_flipped at IoU 0.75: nan
2025-07-26 22:24:20,204 - DEBUG - Collected collision time for BConcave+BConvex+3500_flipped at IoU 0.8: nan
2025-07-26 22:24:20,204 - DEBUG - Collected collision time for BConcave+BConvex+3500_flipped at IoU 0.85: nan
2025-07-26 22:24:20,205 - DEBUG - Collected collision time for BConcave+BConvex+3500_flipped at IoU 0.9: nan
2025-07-26 22:24:20,205 - DEBUG - Collected collision time for BConcave+BConvex+3500_flipped at IoU 0.95: nan
2025-07-26 22:24:20,205 - DEBUG - Collected collision time for BConcave+BConvex+3700 at IoU 0.05: nan
2025-07-26 22:24:20,206 - DEBUG - Collected collision time for BConcave+BConvex+3700 at IoU 0.1: nan
2025-07-26 22:24:20,206 - DEBUG - Collected collision time for BConcave+BConvex+3700 at IoU 0.15: nan
2025-07-26 22:24:20,206 - DEBUG - Collected collision time for BConcave+BConvex+3700 at IoU 0.2: nan
2025-07-26 22:24:20,206 - DEBUG - Collected collision time for BConcave+BConvex+3700 at IoU 0.25: nan
2025-07-26 22:24:20,207 - DEBUG - Collected collision time for BConcave+BConvex+3700 at IoU 0.3: nan
2025-07-26 22:24:20,207 - DEBUG - Collected collision time for BConcave+BConvex+3700 at IoU 0.35: nan
2025-07-26 22:24:20,207 - DEBUG - Collected collision time for BConcave+BConvex+3700 at IoU 0.4: nan
2025-07-26 22:24:20,207 - DEBUG - Collected collision time for BConcave+BConvex+3700 at IoU 0.45: nan
2025-07-26 22:24:20,208 - DEBUG - Collected collision time for BConcave+BConvex+3700 at IoU 0.5: nan
2025-07-26 22:24:20,208 - DEBUG - Collected collision time for BConcave+BConvex+3700 at IoU 0.55: nan
2025-07-26 22:24:20,208 - DEBUG - Collected collision time for BConcave+BConvex+3700 at IoU 0.6: nan
2025-07-26 22:24:20,208 - DEBUG - Collected collision time for BConcave+BConvex+3700 at IoU 0.65: nan
2025-07-26 22:24:20,209 - DEBUG - Collected collision time for BConcave+BConvex+3700 at IoU 0.7: nan
2025-07-26 22:24:20,209 - DEBUG - Collected collision time for BConcave+BConvex+3700 at IoU 0.75: nan
2025-07-26 22:24:20,209 - DEBUG - Collected collision time for BConcave+BConvex+3700 at IoU 0.8: nan
2025-07-26 22:24:20,210 - DEBUG - Collected collision time for BConcave+BConvex+3700 at IoU 0.85: nan
2025-07-26 22:24:20,210 - DEBUG - Collected collision time for BConcave+BConvex+3700 at IoU 0.9: nan
2025-07-26 22:24:20,210 - DEBUG - Collected collision time for BConcave+BConvex+3700 at IoU 0.95: nan
2025-07-26 22:24:20,211 - DEBUG - Collected collision time for BConcave+BConvex+3900_flipped at IoU 0.05: 4466.666666666667
2025-07-26 22:24:20,211 - DEBUG - Collected collision time for BConcave+BConvex+3900_flipped at IoU 0.1: nan
2025-07-26 22:24:20,211 - DEBUG - Collected collision time for BConcave+BConvex+3900_flipped at IoU 0.15: nan
2025-07-26 22:24:20,211 - DEBUG - Collected collision time for BConcave+BConvex+3900_flipped at IoU 0.2: nan
2025-07-26 22:24:20,212 - DEBUG - Collected collision time for BConcave+BConvex+3900_flipped at IoU 0.25: nan
2025-07-26 22:24:20,212 - DEBUG - Collected collision time for BConcave+BConvex+3900_flipped at IoU 0.3: nan
2025-07-26 22:24:20,212 - DEBUG - Collected collision time for BConcave+BConvex+3900_flipped at IoU 0.35: nan
2025-07-26 22:24:20,212 - DEBUG - Collected collision time for BConcave+BConvex+3900_flipped at IoU 0.4: nan
2025-07-26 22:24:20,213 - DEBUG - Collected collision time for BConcave+BConvex+3900_flipped at IoU 0.45: nan
2025-07-26 22:24:20,213 - DEBUG - Collected collision time for BConcave+BConvex+3900_flipped at IoU 0.5: nan
2025-07-26 22:24:20,213 - DEBUG - Collected collision time for BConcave+BConvex+3900_flipped at IoU 0.55: nan
2025-07-26 22:24:20,214 - DEBUG - Collected collision time for BConcave+BConvex+3900_flipped at IoU 0.6: nan
2025-07-26 22:24:20,214 - DEBUG - Collected collision time for BConcave+BConvex+3900_flipped at IoU 0.65: nan
2025-07-26 22:24:20,214 - DEBUG - Collected collision time for BConcave+BConvex+3900_flipped at IoU 0.7: nan
2025-07-26 22:24:20,214 - DEBUG - Collected collision time for BConcave+BConvex+3900_flipped at IoU 0.75: nan
2025-07-26 22:24:20,215 - DEBUG - Collected collision time for BConcave+BConvex+3900_flipped at IoU 0.8: nan
2025-07-26 22:24:20,215 - DEBUG - Collected collision time for BConcave+BConvex+3900_flipped at IoU 0.85: nan
2025-07-26 22:24:20,215 - DEBUG - Collected collision time for BConcave+BConvex+3900_flipped at IoU 0.9: nan
2025-07-26 22:24:20,215 - DEBUG - Collected collision time for BConcave+BConvex+3900_flipped at IoU 0.95: nan
2025-07-26 22:24:20,216 - DEBUG - Collected collision time for BConcave+BConvex+4100 at IoU 0.05: nan
2025-07-26 22:24:20,216 - DEBUG - Collected collision time for BConcave+BConvex+4100 at IoU 0.1: nan
2025-07-26 22:24:20,216 - DEBUG - Collected collision time for BConcave+BConvex+4100 at IoU 0.15: nan
2025-07-26 22:24:20,216 - DEBUG - Collected collision time for BConcave+BConvex+4100 at IoU 0.2: nan
2025-07-26 22:24:20,217 - DEBUG - Collected collision time for BConcave+BConvex+4100 at IoU 0.25: nan
2025-07-26 22:24:20,217 - DEBUG - Collected collision time for BConcave+BConvex+4100 at IoU 0.3: nan
2025-07-26 22:24:20,217 - DEBUG - Collected collision time for BConcave+BConvex+4100 at IoU 0.35: nan
2025-07-26 22:24:20,218 - DEBUG - Collected collision time for BConcave+BConvex+4100 at IoU 0.4: nan
2025-07-26 22:24:20,218 - DEBUG - Collected collision time for BConcave+BConvex+4100 at IoU 0.45: nan
2025-07-26 22:24:20,218 - DEBUG - Collected collision time for BConcave+BConvex+4100 at IoU 0.5: nan
2025-07-26 22:24:20,218 - DEBUG - Collected collision time for BConcave+BConvex+4100 at IoU 0.55: nan
2025-07-26 22:24:20,219 - DEBUG - Collected collision time for BConcave+BConvex+4100 at IoU 0.6: nan
2025-07-26 22:24:20,219 - DEBUG - Collected collision time for BConcave+BConvex+4100 at IoU 0.65: nan
2025-07-26 22:24:20,219 - DEBUG - Collected collision time for BConcave+BConvex+4100 at IoU 0.7: nan
2025-07-26 22:24:20,219 - DEBUG - Collected collision time for BConcave+BConvex+4100 at IoU 0.75: nan
2025-07-26 22:24:20,220 - DEBUG - Collected collision time for BConcave+BConvex+4100 at IoU 0.8: nan
2025-07-26 22:24:20,220 - DEBUG - Collected collision time for BConcave+BConvex+4100 at IoU 0.85: nan
2025-07-26 22:24:20,220 - DEBUG - Collected collision time for BConcave+BConvex+4100 at IoU 0.9: nan
2025-07-26 22:24:20,221 - DEBUG - Collected collision time for BConcave+BConvex+4100 at IoU 0.95: nan
2025-07-26 22:24:20,221 - DEBUG - Collected collision time for BConcave+BConvex+4300_flipped at IoU 0.05: nan
2025-07-26 22:24:20,221 - DEBUG - Collected collision time for BConcave+BConvex+4300_flipped at IoU 0.1: nan
2025-07-26 22:24:20,221 - DEBUG - Collected collision time for BConcave+BConvex+4300_flipped at IoU 0.15: nan
2025-07-26 22:24:20,222 - DEBUG - Collected collision time for BConcave+BConvex+4300_flipped at IoU 0.2: nan
2025-07-26 22:24:20,222 - DEBUG - Collected collision time for BConcave+BConvex+4300_flipped at IoU 0.25: nan
2025-07-26 22:24:20,222 - DEBUG - Collected collision time for BConcave+BConvex+4300_flipped at IoU 0.3: nan
2025-07-26 22:24:20,223 - DEBUG - Collected collision time for BConcave+BConvex+4300_flipped at IoU 0.35: nan
2025-07-26 22:24:20,223 - DEBUG - Collected collision time for BConcave+BConvex+4300_flipped at IoU 0.4: nan
2025-07-26 22:24:20,223 - DEBUG - Collected collision time for BConcave+BConvex+4300_flipped at IoU 0.45: nan
2025-07-26 22:24:20,223 - DEBUG - Collected collision time for BConcave+BConvex+4300_flipped at IoU 0.5: nan
2025-07-26 22:24:20,224 - DEBUG - Collected collision time for BConcave+BConvex+4300_flipped at IoU 0.55: nan
2025-07-26 22:24:20,224 - DEBUG - Collected collision time for BConcave+BConvex+4300_flipped at IoU 0.6: nan
2025-07-26 22:24:20,224 - DEBUG - Collected collision time for BConcave+BConvex+4300_flipped at IoU 0.65: nan
2025-07-26 22:24:20,225 - DEBUG - Collected collision time for BConcave+BConvex+4300_flipped at IoU 0.7: nan
2025-07-26 22:24:20,225 - DEBUG - Collected collision time for BConcave+BConvex+4300_flipped at IoU 0.75: nan
2025-07-26 22:24:20,225 - DEBUG - Collected collision time for BConcave+BConvex+4300_flipped at IoU 0.8: nan
2025-07-26 22:24:20,225 - DEBUG - Collected collision time for BConcave+BConvex+4300_flipped at IoU 0.85: nan
2025-07-26 22:24:20,226 - DEBUG - Collected collision time for BConcave+BConvex+4300_flipped at IoU 0.9: nan
2025-07-26 22:24:20,226 - DEBUG - Collected collision time for BConcave+BConvex+4300_flipped at IoU 0.95: nan
2025-07-26 22:24:20,226 - DEBUG - Collected collision time for BConcave+BConvex+4500 at IoU 0.05: nan
2025-07-26 22:24:20,226 - DEBUG - Collected collision time for BConcave+BConvex+4500 at IoU 0.1: nan
2025-07-26 22:24:20,227 - DEBUG - Collected collision time for BConcave+BConvex+4500 at IoU 0.15: nan
2025-07-26 22:24:20,227 - DEBUG - Collected collision time for BConcave+BConvex+4500 at IoU 0.2: nan
2025-07-26 22:24:20,227 - DEBUG - Collected collision time for BConcave+BConvex+4500 at IoU 0.25: nan
2025-07-26 22:24:20,227 - DEBUG - Collected collision time for BConcave+BConvex+4500 at IoU 0.3: nan
2025-07-26 22:24:20,228 - DEBUG - Collected collision time for BConcave+BConvex+4500 at IoU 0.35: nan
2025-07-26 22:24:20,228 - DEBUG - Collected collision time for BConcave+BConvex+4500 at IoU 0.4: nan
2025-07-26 22:24:20,228 - DEBUG - Collected collision time for BConcave+BConvex+4500 at IoU 0.45: nan
2025-07-26 22:24:20,228 - DEBUG - Collected collision time for BConcave+BConvex+4500 at IoU 0.5: nan
2025-07-26 22:24:20,229 - DEBUG - Collected collision time for BConcave+BConvex+4500 at IoU 0.55: nan
2025-07-26 22:24:20,229 - DEBUG - Collected collision time for BConcave+BConvex+4500 at IoU 0.6: nan
2025-07-26 22:24:20,229 - DEBUG - Collected collision time for BConcave+BConvex+4500 at IoU 0.65: nan
2025-07-26 22:24:20,229 - DEBUG - Collected collision time for BConcave+BConvex+4500 at IoU 0.7: nan
2025-07-26 22:24:20,230 - DEBUG - Collected collision time for BConcave+BConvex+4500 at IoU 0.75: nan
2025-07-26 22:24:20,230 - DEBUG - Collected collision time for BConcave+BConvex+4500 at IoU 0.8: nan
2025-07-26 22:24:20,230 - DEBUG - Collected collision time for BConcave+BConvex+4500 at IoU 0.85: nan
2025-07-26 22:24:20,230 - DEBUG - Collected collision time for BConcave+BConvex+4500 at IoU 0.9: nan
2025-07-26 22:24:20,231 - DEBUG - Collected collision time for BConcave+BConvex+4500 at IoU 0.95: nan
2025-07-26 22:24:20,231 - DEBUG - Collected collision time for BConcave+CConcave+3500 at IoU 0.05: 3816.666666666667
2025-07-26 22:24:20,231 - DEBUG - Collected collision time for BConcave+CConcave+3500 at IoU 0.1: 3950.0
2025-07-26 22:24:20,232 - DEBUG - Collected collision time for BConcave+CConcave+3500 at IoU 0.15: 4083.333333333333
2025-07-26 22:24:20,232 - DEBUG - Collected collision time for BConcave+CConcave+3500 at IoU 0.2: 4183.333333333334
2025-07-26 22:24:20,232 - DEBUG - Collected collision time for BConcave+CConcave+3500 at IoU 0.25: 4300.0
2025-07-26 22:24:20,232 - DEBUG - Collected collision time for BConcave+CConcave+3500 at IoU 0.3: 4400.0
2025-07-26 22:24:20,233 - DEBUG - Collected collision time for BConcave+CConcave+3500 at IoU 0.35: 4566.666666666666
2025-07-26 22:24:20,233 - DEBUG - Collected collision time for BConcave+CConcave+3500 at IoU 0.4: nan
2025-07-26 22:24:20,233 - DEBUG - Collected collision time for BConcave+CConcave+3500 at IoU 0.45: nan
2025-07-26 22:24:20,233 - DEBUG - Collected collision time for BConcave+CConcave+3500 at IoU 0.5: nan
2025-07-26 22:24:20,234 - DEBUG - Collected collision time for BConcave+CConcave+3500 at IoU 0.55: nan
2025-07-26 22:24:20,234 - DEBUG - Collected collision time for BConcave+CConcave+3500 at IoU 0.6: nan
2025-07-26 22:24:20,234 - DEBUG - Collected collision time for BConcave+CConcave+3500 at IoU 0.65: nan
2025-07-26 22:24:20,235 - DEBUG - Collected collision time for BConcave+CConcave+3500 at IoU 0.7: nan
2025-07-26 22:24:20,235 - DEBUG - Collected collision time for BConcave+CConcave+3500 at IoU 0.75: nan
2025-07-26 22:24:20,235 - DEBUG - Collected collision time for BConcave+CConcave+3500 at IoU 0.8: nan
2025-07-26 22:24:20,235 - DEBUG - Collected collision time for BConcave+CConcave+3500 at IoU 0.85: nan
2025-07-26 22:24:20,236 - DEBUG - Collected collision time for BConcave+CConcave+3500 at IoU 0.9: nan
2025-07-26 22:24:20,236 - DEBUG - Collected collision time for BConcave+CConcave+3500 at IoU 0.95: nan
2025-07-26 22:24:20,236 - DEBUG - Collected collision time for BConcave+CConcave+3700_flipped at IoU 0.05: nan
2025-07-26 22:24:20,236 - DEBUG - Collected collision time for BConcave+CConcave+3700_flipped at IoU 0.1: nan
2025-07-26 22:24:20,237 - DEBUG - Collected collision time for BConcave+CConcave+3700_flipped at IoU 0.15: nan
2025-07-26 22:24:20,237 - DEBUG - Collected collision time for BConcave+CConcave+3700_flipped at IoU 0.2: nan
2025-07-26 22:24:20,237 - DEBUG - Collected collision time for BConcave+CConcave+3700_flipped at IoU 0.25: nan
2025-07-26 22:24:20,237 - DEBUG - Collected collision time for BConcave+CConcave+3700_flipped at IoU 0.3: nan
2025-07-26 22:24:20,238 - DEBUG - Collected collision time for BConcave+CConcave+3700_flipped at IoU 0.35: nan
2025-07-26 22:24:20,238 - DEBUG - Collected collision time for BConcave+CConcave+3700_flipped at IoU 0.4: nan
2025-07-26 22:24:20,238 - DEBUG - Collected collision time for BConcave+CConcave+3700_flipped at IoU 0.45: nan
2025-07-26 22:24:20,239 - DEBUG - Collected collision time for BConcave+CConcave+3700_flipped at IoU 0.5: nan
2025-07-26 22:24:20,239 - DEBUG - Collected collision time for BConcave+CConcave+3700_flipped at IoU 0.55: nan
2025-07-26 22:24:20,239 - DEBUG - Collected collision time for BConcave+CConcave+3700_flipped at IoU 0.6: nan
2025-07-26 22:24:20,239 - DEBUG - Collected collision time for BConcave+CConcave+3700_flipped at IoU 0.65: nan
2025-07-26 22:24:20,240 - DEBUG - Collected collision time for BConcave+CConcave+3700_flipped at IoU 0.7: nan
2025-07-26 22:24:20,240 - DEBUG - Collected collision time for BConcave+CConcave+3700_flipped at IoU 0.75: nan
2025-07-26 22:24:20,240 - DEBUG - Collected collision time for BConcave+CConcave+3700_flipped at IoU 0.8: nan
2025-07-26 22:24:20,240 - DEBUG - Collected collision time for BConcave+CConcave+3700_flipped at IoU 0.85: nan
2025-07-26 22:24:20,241 - DEBUG - Collected collision time for BConcave+CConcave+3700_flipped at IoU 0.9: nan
2025-07-26 22:24:20,241 - DEBUG - Collected collision time for BConcave+CConcave+3700_flipped at IoU 0.95: nan
2025-07-26 22:24:20,241 - DEBUG - Collected collision time for BConcave+CConcave+3900 at IoU 0.05: nan
2025-07-26 22:24:20,241 - DEBUG - Collected collision time for BConcave+CConcave+3900 at IoU 0.1: nan
2025-07-26 22:24:20,242 - DEBUG - Collected collision time for BConcave+CConcave+3900 at IoU 0.15: nan
2025-07-26 22:24:20,242 - DEBUG - Collected collision time for BConcave+CConcave+3900 at IoU 0.2: nan
2025-07-26 22:24:20,242 - DEBUG - Collected collision time for BConcave+CConcave+3900 at IoU 0.25: nan
2025-07-26 22:24:20,243 - DEBUG - Collected collision time for BConcave+CConcave+3900 at IoU 0.3: nan
2025-07-26 22:24:20,243 - DEBUG - Collected collision time for BConcave+CConcave+3900 at IoU 0.35: nan
2025-07-26 22:24:20,243 - DEBUG - Collected collision time for BConcave+CConcave+3900 at IoU 0.4: nan
2025-07-26 22:24:20,243 - DEBUG - Collected collision time for BConcave+CConcave+3900 at IoU 0.45: nan
2025-07-26 22:24:20,244 - DEBUG - Collected collision time for BConcave+CConcave+3900 at IoU 0.5: nan
2025-07-26 22:24:20,244 - DEBUG - Collected collision time for BConcave+CConcave+3900 at IoU 0.55: nan
2025-07-26 22:24:20,244 - DEBUG - Collected collision time for BConcave+CConcave+3900 at IoU 0.6: nan
2025-07-26 22:24:20,244 - DEBUG - Collected collision time for BConcave+CConcave+3900 at IoU 0.65: nan
2025-07-26 22:24:20,245 - DEBUG - Collected collision time for BConcave+CConcave+3900 at IoU 0.7: nan
2025-07-26 22:24:20,245 - DEBUG - Collected collision time for BConcave+CConcave+3900 at IoU 0.75: nan
2025-07-26 22:24:20,245 - DEBUG - Collected collision time for BConcave+CConcave+3900 at IoU 0.8: nan
2025-07-26 22:24:20,246 - DEBUG - Collected collision time for BConcave+CConcave+3900 at IoU 0.85: nan
2025-07-26 22:24:20,246 - DEBUG - Collected collision time for BConcave+CConcave+3900 at IoU 0.9: nan
2025-07-26 22:24:20,246 - DEBUG - Collected collision time for BConcave+CConcave+3900 at IoU 0.95: nan
2025-07-26 22:24:20,246 - DEBUG - Collected collision time for BConcave+CConcave+4100_flipped at IoU 0.05: 1433.3333333333333
2025-07-26 22:24:20,247 - DEBUG - Collected collision time for BConcave+CConcave+4100_flipped at IoU 0.1: 1450.0
2025-07-26 22:24:20,247 - DEBUG - Collected collision time for BConcave+CConcave+4100_flipped at IoU 0.15: nan
2025-07-26 22:24:20,247 - DEBUG - Collected collision time for BConcave+CConcave+4100_flipped at IoU 0.2: nan
2025-07-26 22:24:20,248 - DEBUG - Collected collision time for BConcave+CConcave+4100_flipped at IoU 0.25: nan
2025-07-26 22:24:20,248 - DEBUG - Collected collision time for BConcave+CConcave+4100_flipped at IoU 0.3: nan
2025-07-26 22:24:20,248 - DEBUG - Collected collision time for BConcave+CConcave+4100_flipped at IoU 0.35: nan
2025-07-26 22:24:20,248 - DEBUG - Collected collision time for BConcave+CConcave+4100_flipped at IoU 0.4: nan
2025-07-26 22:24:20,249 - DEBUG - Collected collision time for BConcave+CConcave+4100_flipped at IoU 0.45: nan
2025-07-26 22:24:20,249 - DEBUG - Collected collision time for BConcave+CConcave+4100_flipped at IoU 0.5: nan
2025-07-26 22:24:20,249 - DEBUG - Collected collision time for BConcave+CConcave+4100_flipped at IoU 0.55: nan
2025-07-26 22:24:20,250 - DEBUG - Collected collision time for BConcave+CConcave+4100_flipped at IoU 0.6: nan
2025-07-26 22:24:20,250 - DEBUG - Collected collision time for BConcave+CConcave+4100_flipped at IoU 0.65: nan
2025-07-26 22:24:20,250 - DEBUG - Collected collision time for BConcave+CConcave+4100_flipped at IoU 0.7: nan
2025-07-26 22:24:20,250 - DEBUG - Collected collision time for BConcave+CConcave+4100_flipped at IoU 0.75: nan
2025-07-26 22:24:20,251 - DEBUG - Collected collision time for BConcave+CConcave+4100_flipped at IoU 0.8: nan
2025-07-26 22:24:20,251 - DEBUG - Collected collision time for BConcave+CConcave+4100_flipped at IoU 0.85: nan
2025-07-26 22:24:20,251 - DEBUG - Collected collision time for BConcave+CConcave+4100_flipped at IoU 0.9: nan
2025-07-26 22:24:20,251 - DEBUG - Collected collision time for BConcave+CConcave+4100_flipped at IoU 0.95: nan
2025-07-26 22:24:20,252 - DEBUG - Collected collision time for BConcave+CConcave+4300 at IoU 0.05: 4600.0
2025-07-26 22:24:20,252 - DEBUG - Collected collision time for BConcave+CConcave+4300 at IoU 0.1: 4766.666666666667
2025-07-26 22:24:20,252 - DEBUG - Collected collision time for BConcave+CConcave+4300 at IoU 0.15: 4900.0
2025-07-26 22:24:20,252 - DEBUG - Collected collision time for BConcave+CConcave+4300 at IoU 0.2: 5016.666666666667
2025-07-26 22:24:20,253 - DEBUG - Collected collision time for BConcave+CConcave+4300 at IoU 0.25: 5133.333333333334
2025-07-26 22:24:20,253 - DEBUG - Collected collision time for BConcave+CConcave+4300 at IoU 0.3: 5316.666666666666
2025-07-26 22:24:20,253 - DEBUG - Collected collision time for BConcave+CConcave+4300 at IoU 0.35: nan
2025-07-26 22:24:20,254 - DEBUG - Collected collision time for BConcave+CConcave+4300 at IoU 0.4: nan
2025-07-26 22:24:20,254 - DEBUG - Collected collision time for BConcave+CConcave+4300 at IoU 0.45: nan
2025-07-26 22:24:20,254 - DEBUG - Collected collision time for BConcave+CConcave+4300 at IoU 0.5: nan
2025-07-26 22:24:20,255 - DEBUG - Collected collision time for BConcave+CConcave+4300 at IoU 0.55: nan
2025-07-26 22:24:20,255 - DEBUG - Collected collision time for BConcave+CConcave+4300 at IoU 0.6: nan
2025-07-26 22:24:20,255 - DEBUG - Collected collision time for BConcave+CConcave+4300 at IoU 0.65: nan
2025-07-26 22:24:20,255 - DEBUG - Collected collision time for BConcave+CConcave+4300 at IoU 0.7: nan
2025-07-26 22:24:20,256 - DEBUG - Collected collision time for BConcave+CConcave+4300 at IoU 0.75: nan
2025-07-26 22:24:20,256 - DEBUG - Collected collision time for BConcave+CConcave+4300 at IoU 0.8: nan
2025-07-26 22:24:20,256 - DEBUG - Collected collision time for BConcave+CConcave+4300 at IoU 0.85: nan
2025-07-26 22:24:20,257 - DEBUG - Collected collision time for BConcave+CConcave+4300 at IoU 0.9: nan
2025-07-26 22:24:20,257 - DEBUG - Collected collision time for BConcave+CConcave+4300 at IoU 0.95: nan
2025-07-26 22:24:20,257 - DEBUG - Collected collision time for BConcave+CConcave+4500_flipped at IoU 0.05: 4983.333333333333
2025-07-26 22:24:20,257 - DEBUG - Collected collision time for BConcave+CConcave+4500_flipped at IoU 0.1: 5016.666666666667
2025-07-26 22:24:20,258 - DEBUG - Collected collision time for BConcave+CConcave+4500_flipped at IoU 0.15: 5233.333333333333
2025-07-26 22:24:20,258 - DEBUG - Collected collision time for BConcave+CConcave+4500_flipped at IoU 0.2: 5233.333333333333
2025-07-26 22:24:20,258 - DEBUG - Collected collision time for BConcave+CConcave+4500_flipped at IoU 0.25: 5316.666666666666
2025-07-26 22:24:20,259 - DEBUG - Collected collision time for BConcave+CConcave+4500_flipped at IoU 0.3: nan
2025-07-26 22:24:20,259 - DEBUG - Collected collision time for BConcave+CConcave+4500_flipped at IoU 0.35: nan
2025-07-26 22:24:20,259 - DEBUG - Collected collision time for BConcave+CConcave+4500_flipped at IoU 0.4: nan
2025-07-26 22:24:20,259 - DEBUG - Collected collision time for BConcave+CConcave+4500_flipped at IoU 0.45: nan
2025-07-26 22:24:20,260 - DEBUG - Collected collision time for BConcave+CConcave+4500_flipped at IoU 0.5: nan
2025-07-26 22:24:20,260 - DEBUG - Collected collision time for BConcave+CConcave+4500_flipped at IoU 0.55: nan
2025-07-26 22:24:20,260 - DEBUG - Collected collision time for BConcave+CConcave+4500_flipped at IoU 0.6: nan
2025-07-26 22:24:20,260 - DEBUG - Collected collision time for BConcave+CConcave+4500_flipped at IoU 0.65: nan
2025-07-26 22:24:20,261 - DEBUG - Collected collision time for BConcave+CConcave+4500_flipped at IoU 0.7: nan
2025-07-26 22:24:20,261 - DEBUG - Collected collision time for BConcave+CConcave+4500_flipped at IoU 0.75: nan
2025-07-26 22:24:20,261 - DEBUG - Collected collision time for BConcave+CConcave+4500_flipped at IoU 0.8: nan
2025-07-26 22:24:20,262 - DEBUG - Collected collision time for BConcave+CConcave+4500_flipped at IoU 0.85: nan
2025-07-26 22:24:20,262 - DEBUG - Collected collision time for BConcave+CConcave+4500_flipped at IoU 0.9: nan
2025-07-26 22:24:20,262 - DEBUG - Collected collision time for BConcave+CConcave+4500_flipped at IoU 0.95: nan
2025-07-26 22:24:20,262 - DEBUG - Collected collision time for BConcave+CConvex+3500_flipped at IoU 0.05: nan
2025-07-26 22:24:20,263 - DEBUG - Collected collision time for BConcave+CConvex+3500_flipped at IoU 0.1: nan
2025-07-26 22:24:20,263 - DEBUG - Collected collision time for BConcave+CConvex+3500_flipped at IoU 0.15: nan
2025-07-26 22:24:20,263 - DEBUG - Collected collision time for BConcave+CConvex+3500_flipped at IoU 0.2: nan
2025-07-26 22:24:20,263 - DEBUG - Collected collision time for BConcave+CConvex+3500_flipped at IoU 0.25: nan
2025-07-26 22:24:20,264 - DEBUG - Collected collision time for BConcave+CConvex+3500_flipped at IoU 0.3: nan
2025-07-26 22:24:20,264 - DEBUG - Collected collision time for BConcave+CConvex+3500_flipped at IoU 0.35: nan
2025-07-26 22:24:20,264 - DEBUG - Collected collision time for BConcave+CConvex+3500_flipped at IoU 0.4: nan
2025-07-26 22:24:20,265 - DEBUG - Collected collision time for BConcave+CConvex+3500_flipped at IoU 0.45: nan
2025-07-26 22:24:20,265 - DEBUG - Collected collision time for BConcave+CConvex+3500_flipped at IoU 0.5: nan
2025-07-26 22:24:20,265 - DEBUG - Collected collision time for BConcave+CConvex+3500_flipped at IoU 0.55: nan
2025-07-26 22:24:20,265 - DEBUG - Collected collision time for BConcave+CConvex+3500_flipped at IoU 0.6: nan
2025-07-26 22:24:20,266 - DEBUG - Collected collision time for BConcave+CConvex+3500_flipped at IoU 0.65: nan
2025-07-26 22:24:20,266 - DEBUG - Collected collision time for BConcave+CConvex+3500_flipped at IoU 0.7: nan
2025-07-26 22:24:20,266 - DEBUG - Collected collision time for BConcave+CConvex+3500_flipped at IoU 0.75: nan
2025-07-26 22:24:20,266 - DEBUG - Collected collision time for BConcave+CConvex+3500_flipped at IoU 0.8: nan
2025-07-26 22:24:20,267 - DEBUG - Collected collision time for BConcave+CConvex+3500_flipped at IoU 0.85: nan
2025-07-26 22:24:20,267 - DEBUG - Collected collision time for BConcave+CConvex+3500_flipped at IoU 0.9: nan
2025-07-26 22:24:20,267 - DEBUG - Collected collision time for BConcave+CConvex+3500_flipped at IoU 0.95: nan
2025-07-26 22:24:20,268 - DEBUG - Collected collision time for BConcave+CConvex+3700 at IoU 0.05: 4333.333333333333
2025-07-26 22:24:20,268 - DEBUG - Collected collision time for BConcave+CConvex+3700 at IoU 0.1: 4466.666666666667
2025-07-26 22:24:20,268 - DEBUG - Collected collision time for BConcave+CConvex+3700 at IoU 0.15: nan
2025-07-26 22:24:20,268 - DEBUG - Collected collision time for BConcave+CConvex+3700 at IoU 0.2: nan
2025-07-26 22:24:20,269 - DEBUG - Collected collision time for BConcave+CConvex+3700 at IoU 0.25: nan
2025-07-26 22:24:20,269 - DEBUG - Collected collision time for BConcave+CConvex+3700 at IoU 0.3: nan
2025-07-26 22:24:20,269 - DEBUG - Collected collision time for BConcave+CConvex+3700 at IoU 0.35: nan
2025-07-26 22:24:20,269 - DEBUG - Collected collision time for BConcave+CConvex+3700 at IoU 0.4: nan
2025-07-26 22:24:20,270 - DEBUG - Collected collision time for BConcave+CConvex+3700 at IoU 0.45: nan
2025-07-26 22:24:20,270 - DEBUG - Collected collision time for BConcave+CConvex+3700 at IoU 0.5: nan
2025-07-26 22:24:20,270 - DEBUG - Collected collision time for BConcave+CConvex+3700 at IoU 0.55: nan
2025-07-26 22:24:20,271 - DEBUG - Collected collision time for BConcave+CConvex+3700 at IoU 0.6: nan
2025-07-26 22:24:20,271 - DEBUG - Collected collision time for BConcave+CConvex+3700 at IoU 0.65: nan
2025-07-26 22:24:20,271 - DEBUG - Collected collision time for BConcave+CConvex+3700 at IoU 0.7: nan
2025-07-26 22:24:20,271 - DEBUG - Collected collision time for BConcave+CConvex+3700 at IoU 0.75: nan
2025-07-26 22:24:20,272 - DEBUG - Collected collision time for BConcave+CConvex+3700 at IoU 0.8: nan
2025-07-26 22:24:20,272 - DEBUG - Collected collision time for BConcave+CConvex+3700 at IoU 0.85: nan
2025-07-26 22:24:20,272 - DEBUG - Collected collision time for BConcave+CConvex+3700 at IoU 0.9: nan
2025-07-26 22:24:20,273 - DEBUG - Collected collision time for BConcave+CConvex+3700 at IoU 0.95: nan
2025-07-26 22:24:20,273 - DEBUG - Collected collision time for BConcave+CConvex+3900_flipped at IoU 0.05: 4233.333333333333
2025-07-26 22:24:20,274 - DEBUG - Collected collision time for BConcave+CConvex+3900_flipped at IoU 0.1: 4333.333333333333
2025-07-26 22:24:20,275 - DEBUG - Collected collision time for BConcave+CConvex+3900_flipped at IoU 0.15: 4466.666666666667
2025-07-26 22:24:20,275 - DEBUG - Collected collision time for BConcave+CConvex+3900_flipped at IoU 0.2: 4600.0
2025-07-26 22:24:20,275 - DEBUG - Collected collision time for BConcave+CConvex+3900_flipped at IoU 0.25: nan
2025-07-26 22:24:20,276 - DEBUG - Collected collision time for BConcave+CConvex+3900_flipped at IoU 0.3: nan
2025-07-26 22:24:20,276 - DEBUG - Collected collision time for BConcave+CConvex+3900_flipped at IoU 0.35: nan
2025-07-26 22:24:20,276 - DEBUG - Collected collision time for BConcave+CConvex+3900_flipped at IoU 0.4: nan
2025-07-26 22:24:20,276 - DEBUG - Collected collision time for BConcave+CConvex+3900_flipped at IoU 0.45: nan
2025-07-26 22:24:20,277 - DEBUG - Collected collision time for BConcave+CConvex+3900_flipped at IoU 0.5: nan
2025-07-26 22:24:20,277 - DEBUG - Collected collision time for BConcave+CConvex+3900_flipped at IoU 0.55: nan
2025-07-26 22:24:20,277 - DEBUG - Collected collision time for BConcave+CConvex+3900_flipped at IoU 0.6: nan
2025-07-26 22:24:20,278 - DEBUG - Collected collision time for BConcave+CConvex+3900_flipped at IoU 0.65: nan
2025-07-26 22:24:20,278 - DEBUG - Collected collision time for BConcave+CConvex+3900_flipped at IoU 0.7: nan
2025-07-26 22:24:20,278 - DEBUG - Collected collision time for BConcave+CConvex+3900_flipped at IoU 0.75: nan
2025-07-26 22:24:20,279 - DEBUG - Collected collision time for BConcave+CConvex+3900_flipped at IoU 0.8: nan
2025-07-26 22:24:20,279 - DEBUG - Collected collision time for BConcave+CConvex+3900_flipped at IoU 0.85: nan
2025-07-26 22:24:20,279 - DEBUG - Collected collision time for BConcave+CConvex+3900_flipped at IoU 0.9: nan
2025-07-26 22:24:20,280 - DEBUG - Collected collision time for BConcave+CConvex+3900_flipped at IoU 0.95: nan
2025-07-26 22:24:20,280 - DEBUG - Collected collision time for BConcave+CConvex+4100 at IoU 0.05: nan
2025-07-26 22:24:20,280 - DEBUG - Collected collision time for BConcave+CConvex+4100 at IoU 0.1: nan
2025-07-26 22:24:20,281 - DEBUG - Collected collision time for BConcave+CConvex+4100 at IoU 0.15: nan
2025-07-26 22:24:20,281 - DEBUG - Collected collision time for BConcave+CConvex+4100 at IoU 0.2: nan
2025-07-26 22:24:20,281 - DEBUG - Collected collision time for BConcave+CConvex+4100 at IoU 0.25: nan
2025-07-26 22:24:20,281 - DEBUG - Collected collision time for BConcave+CConvex+4100 at IoU 0.3: nan
2025-07-26 22:24:20,282 - DEBUG - Collected collision time for BConcave+CConvex+4100 at IoU 0.35: nan
2025-07-26 22:24:20,282 - DEBUG - Collected collision time for BConcave+CConvex+4100 at IoU 0.4: nan
2025-07-26 22:24:20,282 - DEBUG - Collected collision time for BConcave+CConvex+4100 at IoU 0.45: nan
2025-07-26 22:24:20,283 - DEBUG - Collected collision time for BConcave+CConvex+4100 at IoU 0.5: nan
2025-07-26 22:24:20,283 - DEBUG - Collected collision time for BConcave+CConvex+4100 at IoU 0.55: nan
2025-07-26 22:24:20,283 - DEBUG - Collected collision time for BConcave+CConvex+4100 at IoU 0.6: nan
2025-07-26 22:24:20,283 - DEBUG - Collected collision time for BConcave+CConvex+4100 at IoU 0.65: nan
2025-07-26 22:24:20,284 - DEBUG - Collected collision time for BConcave+CConvex+4100 at IoU 0.7: nan
2025-07-26 22:24:20,284 - DEBUG - Collected collision time for BConcave+CConvex+4100 at IoU 0.75: nan
2025-07-26 22:24:20,284 - DEBUG - Collected collision time for BConcave+CConvex+4100 at IoU 0.8: nan
2025-07-26 22:24:20,285 - DEBUG - Collected collision time for BConcave+CConvex+4100 at IoU 0.85: nan
2025-07-26 22:24:20,285 - DEBUG - Collected collision time for BConcave+CConvex+4100 at IoU 0.9: nan
2025-07-26 22:24:20,285 - DEBUG - Collected collision time for BConcave+CConvex+4100 at IoU 0.95: nan
2025-07-26 22:24:20,285 - DEBUG - Collected collision time for BConcave+CConvex+4300_flipped at IoU 0.05: nan
2025-07-26 22:24:20,286 - DEBUG - Collected collision time for BConcave+CConvex+4300_flipped at IoU 0.1: nan
2025-07-26 22:24:20,286 - DEBUG - Collected collision time for BConcave+CConvex+4300_flipped at IoU 0.15: nan
2025-07-26 22:24:20,286 - DEBUG - Collected collision time for BConcave+CConvex+4300_flipped at IoU 0.2: nan
2025-07-26 22:24:20,287 - DEBUG - Collected collision time for BConcave+CConvex+4300_flipped at IoU 0.25: nan
2025-07-26 22:24:20,287 - DEBUG - Collected collision time for BConcave+CConvex+4300_flipped at IoU 0.3: nan
2025-07-26 22:24:20,287 - DEBUG - Collected collision time for BConcave+CConvex+4300_flipped at IoU 0.35: nan
2025-07-26 22:24:20,287 - DEBUG - Collected collision time for BConcave+CConvex+4300_flipped at IoU 0.4: nan
2025-07-26 22:24:20,288 - DEBUG - Collected collision time for BConcave+CConvex+4300_flipped at IoU 0.45: nan
2025-07-26 22:24:20,288 - DEBUG - Collected collision time for BConcave+CConvex+4300_flipped at IoU 0.5: nan
2025-07-26 22:24:20,288 - DEBUG - Collected collision time for BConcave+CConvex+4300_flipped at IoU 0.55: nan
2025-07-26 22:24:20,289 - DEBUG - Collected collision time for BConcave+CConvex+4300_flipped at IoU 0.6: nan
2025-07-26 22:24:20,289 - DEBUG - Collected collision time for BConcave+CConvex+4300_flipped at IoU 0.65: nan
2025-07-26 22:24:20,289 - DEBUG - Collected collision time for BConcave+CConvex+4300_flipped at IoU 0.7: nan
2025-07-26 22:24:20,289 - DEBUG - Collected collision time for BConcave+CConvex+4300_flipped at IoU 0.75: nan
2025-07-26 22:24:20,290 - DEBUG - Collected collision time for BConcave+CConvex+4300_flipped at IoU 0.8: nan
2025-07-26 22:24:20,290 - DEBUG - Collected collision time for BConcave+CConvex+4300_flipped at IoU 0.85: nan
2025-07-26 22:24:20,290 - DEBUG - Collected collision time for BConcave+CConvex+4300_flipped at IoU 0.9: nan
2025-07-26 22:24:20,291 - DEBUG - Collected collision time for BConcave+CConvex+4300_flipped at IoU 0.95: nan
2025-07-26 22:24:20,291 - DEBUG - Collected collision time for BConcave+CConvex+4500 at IoU 0.05: nan
2025-07-26 22:24:20,291 - DEBUG - Collected collision time for BConcave+CConvex+4500 at IoU 0.1: nan
2025-07-26 22:24:20,291 - DEBUG - Collected collision time for BConcave+CConvex+4500 at IoU 0.15: nan
2025-07-26 22:24:20,292 - DEBUG - Collected collision time for BConcave+CConvex+4500 at IoU 0.2: nan
2025-07-26 22:24:20,292 - DEBUG - Collected collision time for BConcave+CConvex+4500 at IoU 0.25: nan
2025-07-26 22:24:20,292 - DEBUG - Collected collision time for BConcave+CConvex+4500 at IoU 0.3: nan
2025-07-26 22:24:20,293 - DEBUG - Collected collision time for BConcave+CConvex+4500 at IoU 0.35: nan
2025-07-26 22:24:20,293 - DEBUG - Collected collision time for BConcave+CConvex+4500 at IoU 0.4: nan
2025-07-26 22:24:20,293 - DEBUG - Collected collision time for BConcave+CConvex+4500 at IoU 0.45: nan
2025-07-26 22:24:20,293 - DEBUG - Collected collision time for BConcave+CConvex+4500 at IoU 0.5: nan
2025-07-26 22:24:20,294 - DEBUG - Collected collision time for BConcave+CConvex+4500 at IoU 0.55: nan
2025-07-26 22:24:20,294 - DEBUG - Collected collision time for BConcave+CConvex+4500 at IoU 0.6: nan
2025-07-26 22:24:20,294 - DEBUG - Collected collision time for BConcave+CConvex+4500 at IoU 0.65: nan
2025-07-26 22:24:20,295 - DEBUG - Collected collision time for BConcave+CConvex+4500 at IoU 0.7: nan
2025-07-26 22:24:20,295 - DEBUG - Collected collision time for BConcave+CConvex+4500 at IoU 0.75: nan
2025-07-26 22:24:20,295 - DEBUG - Collected collision time for BConcave+CConvex+4500 at IoU 0.8: nan
2025-07-26 22:24:20,296 - DEBUG - Collected collision time for BConcave+CConvex+4500 at IoU 0.85: nan
2025-07-26 22:24:20,296 - DEBUG - Collected collision time for BConcave+CConvex+4500 at IoU 0.9: nan
2025-07-26 22:24:20,296 - DEBUG - Collected collision time for BConcave+CConvex+4500 at IoU 0.95: nan
2025-07-26 22:24:20,297 - DEBUG - Collected collision time for BConcave+DConcave+3500 at IoU 0.05: 3683.333333333333
2025-07-26 22:24:20,297 - DEBUG - Collected collision time for BConcave+DConcave+3500 at IoU 0.1: 3750.0
2025-07-26 22:24:20,297 - DEBUG - Collected collision time for BConcave+DConcave+3500 at IoU 0.15: 3816.666666666667
2025-07-26 22:24:20,297 - DEBUG - Collected collision time for BConcave+DConcave+3500 at IoU 0.2: 3883.3333333333335
2025-07-26 22:24:20,298 - DEBUG - Collected collision time for BConcave+DConcave+3500 at IoU 0.25: 3933.333333333333
2025-07-26 22:24:20,298 - DEBUG - Collected collision time for BConcave+DConcave+3500 at IoU 0.3: 4000.0
2025-07-26 22:24:20,298 - DEBUG - Collected collision time for BConcave+DConcave+3500 at IoU 0.35: 4050.0
2025-07-26 22:24:20,298 - DEBUG - Collected collision time for BConcave+DConcave+3500 at IoU 0.4: 4150.0
2025-07-26 22:24:20,299 - DEBUG - Collected collision time for BConcave+DConcave+3500 at IoU 0.45: nan
2025-07-26 22:24:20,299 - DEBUG - Collected collision time for BConcave+DConcave+3500 at IoU 0.5: nan
2025-07-26 22:24:20,299 - DEBUG - Collected collision time for BConcave+DConcave+3500 at IoU 0.55: nan
2025-07-26 22:24:20,300 - DEBUG - Collected collision time for BConcave+DConcave+3500 at IoU 0.6: nan
2025-07-26 22:24:20,300 - DEBUG - Collected collision time for BConcave+DConcave+3500 at IoU 0.65: nan
2025-07-26 22:24:20,300 - DEBUG - Collected collision time for BConcave+DConcave+3500 at IoU 0.7: nan
2025-07-26 22:24:20,300 - DEBUG - Collected collision time for BConcave+DConcave+3500 at IoU 0.75: nan
2025-07-26 22:24:20,301 - DEBUG - Collected collision time for BConcave+DConcave+3500 at IoU 0.8: nan
2025-07-26 22:24:20,301 - DEBUG - Collected collision time for BConcave+DConcave+3500 at IoU 0.85: nan
2025-07-26 22:24:20,301 - DEBUG - Collected collision time for BConcave+DConcave+3500 at IoU 0.9: nan
2025-07-26 22:24:20,301 - DEBUG - Collected collision time for BConcave+DConcave+3500 at IoU 0.95: nan
2025-07-26 22:24:20,302 - DEBUG - Collected collision time for BConcave+DConcave+3700_flipped at IoU 0.05: 4033.333333333333
2025-07-26 22:24:20,302 - DEBUG - Collected collision time for BConcave+DConcave+3700_flipped at IoU 0.1: 4100.0
2025-07-26 22:24:20,302 - DEBUG - Collected collision time for BConcave+DConcave+3700_flipped at IoU 0.15: 4200.0
2025-07-26 22:24:20,303 - DEBUG - Collected collision time for BConcave+DConcave+3700_flipped at IoU 0.2: 4283.333333333333
2025-07-26 22:24:20,303 - DEBUG - Collected collision time for BConcave+DConcave+3700_flipped at IoU 0.25: nan
2025-07-26 22:24:20,303 - DEBUG - Collected collision time for BConcave+DConcave+3700_flipped at IoU 0.3: nan
2025-07-26 22:24:20,303 - DEBUG - Collected collision time for BConcave+DConcave+3700_flipped at IoU 0.35: nan
2025-07-26 22:24:20,304 - DEBUG - Collected collision time for BConcave+DConcave+3700_flipped at IoU 0.4: nan
2025-07-26 22:24:20,304 - DEBUG - Collected collision time for BConcave+DConcave+3700_flipped at IoU 0.45: nan
2025-07-26 22:24:20,304 - DEBUG - Collected collision time for BConcave+DConcave+3700_flipped at IoU 0.5: nan
2025-07-26 22:24:20,304 - DEBUG - Collected collision time for BConcave+DConcave+3700_flipped at IoU 0.55: nan
2025-07-26 22:24:20,305 - DEBUG - Collected collision time for BConcave+DConcave+3700_flipped at IoU 0.6: nan
2025-07-26 22:24:20,305 - DEBUG - Collected collision time for BConcave+DConcave+3700_flipped at IoU 0.65: nan
2025-07-26 22:24:20,305 - DEBUG - Collected collision time for BConcave+DConcave+3700_flipped at IoU 0.7: nan
2025-07-26 22:24:20,306 - DEBUG - Collected collision time for BConcave+DConcave+3700_flipped at IoU 0.75: nan
2025-07-26 22:24:20,306 - DEBUG - Collected collision time for BConcave+DConcave+3700_flipped at IoU 0.8: nan
2025-07-26 22:24:20,306 - DEBUG - Collected collision time for BConcave+DConcave+3700_flipped at IoU 0.85: nan
2025-07-26 22:24:20,306 - DEBUG - Collected collision time for BConcave+DConcave+3700_flipped at IoU 0.9: nan
2025-07-26 22:24:20,307 - DEBUG - Collected collision time for BConcave+DConcave+3700_flipped at IoU 0.95: nan
2025-07-26 22:24:20,307 - DEBUG - Collected collision time for BConcave+DConcave+3900 at IoU 0.05: 4050.0
2025-07-26 22:24:20,307 - DEBUG - Collected collision time for BConcave+DConcave+3900 at IoU 0.1: 4116.666666666666
2025-07-26 22:24:20,307 - DEBUG - Collected collision time for BConcave+DConcave+3900 at IoU 0.15: 4183.333333333334
2025-07-26 22:24:20,308 - DEBUG - Collected collision time for BConcave+DConcave+3900 at IoU 0.2: 4283.333333333333
2025-07-26 22:24:20,308 - DEBUG - Collected collision time for BConcave+DConcave+3900 at IoU 0.25: 4383.333333333334
2025-07-26 22:24:20,308 - DEBUG - Collected collision time for BConcave+DConcave+3900 at IoU 0.3: nan
2025-07-26 22:24:20,309 - DEBUG - Collected collision time for BConcave+DConcave+3900 at IoU 0.35: nan
2025-07-26 22:24:20,309 - DEBUG - Collected collision time for BConcave+DConcave+3900 at IoU 0.4: nan
2025-07-26 22:24:20,309 - DEBUG - Collected collision time for BConcave+DConcave+3900 at IoU 0.45: nan
2025-07-26 22:24:20,309 - DEBUG - Collected collision time for BConcave+DConcave+3900 at IoU 0.5: nan
2025-07-26 22:24:20,310 - DEBUG - Collected collision time for BConcave+DConcave+3900 at IoU 0.55: nan
2025-07-26 22:24:20,310 - DEBUG - Collected collision time for BConcave+DConcave+3900 at IoU 0.6: nan
2025-07-26 22:24:20,310 - DEBUG - Collected collision time for BConcave+DConcave+3900 at IoU 0.65: nan
2025-07-26 22:24:20,310 - DEBUG - Collected collision time for BConcave+DConcave+3900 at IoU 0.7: nan
2025-07-26 22:24:20,311 - DEBUG - Collected collision time for BConcave+DConcave+3900 at IoU 0.75: nan
2025-07-26 22:24:20,311 - DEBUG - Collected collision time for BConcave+DConcave+3900 at IoU 0.8: nan
2025-07-26 22:24:20,311 - DEBUG - Collected collision time for BConcave+DConcave+3900 at IoU 0.85: nan
2025-07-26 22:24:20,312 - DEBUG - Collected collision time for BConcave+DConcave+3900 at IoU 0.9: nan
2025-07-26 22:24:20,312 - DEBUG - Collected collision time for BConcave+DConcave+3900 at IoU 0.95: nan
2025-07-26 22:24:20,312 - DEBUG - Collected collision time for BConcave+DConcave+4100_flipped at IoU 0.05: 4383.333333333334
2025-07-26 22:24:20,312 - DEBUG - Collected collision time for BConcave+DConcave+4100_flipped at IoU 0.1: 4466.666666666667
2025-07-26 22:24:20,313 - DEBUG - Collected collision time for BConcave+DConcave+4100_flipped at IoU 0.15: 4500.0
2025-07-26 22:24:20,313 - DEBUG - Collected collision time for BConcave+DConcave+4100_flipped at IoU 0.2: 4566.666666666666
2025-07-26 22:24:20,313 - DEBUG - Collected collision time for BConcave+DConcave+4100_flipped at IoU 0.25: 4633.333333333334
2025-07-26 22:24:20,314 - DEBUG - Collected collision time for BConcave+DConcave+4100_flipped at IoU 0.3: 4783.333333333333
2025-07-26 22:24:20,314 - DEBUG - Collected collision time for BConcave+DConcave+4100_flipped at IoU 0.35: nan
2025-07-26 22:24:20,314 - DEBUG - Collected collision time for BConcave+DConcave+4100_flipped at IoU 0.4: nan
2025-07-26 22:24:20,315 - DEBUG - Collected collision time for BConcave+DConcave+4100_flipped at IoU 0.45: nan
2025-07-26 22:24:20,315 - DEBUG - Collected collision time for BConcave+DConcave+4100_flipped at IoU 0.5: nan
2025-07-26 22:24:20,315 - DEBUG - Collected collision time for BConcave+DConcave+4100_flipped at IoU 0.55: nan
2025-07-26 22:24:20,315 - DEBUG - Collected collision time for BConcave+DConcave+4100_flipped at IoU 0.6: nan
2025-07-26 22:24:20,316 - DEBUG - Collected collision time for BConcave+DConcave+4100_flipped at IoU 0.65: nan
2025-07-26 22:24:20,316 - DEBUG - Collected collision time for BConcave+DConcave+4100_flipped at IoU 0.7: nan
2025-07-26 22:24:20,316 - DEBUG - Collected collision time for BConcave+DConcave+4100_flipped at IoU 0.75: nan
2025-07-26 22:24:20,316 - DEBUG - Collected collision time for BConcave+DConcave+4100_flipped at IoU 0.8: nan
2025-07-26 22:24:20,317 - DEBUG - Collected collision time for BConcave+DConcave+4100_flipped at IoU 0.85: nan
2025-07-26 22:24:20,317 - DEBUG - Collected collision time for BConcave+DConcave+4100_flipped at IoU 0.9: nan
2025-07-26 22:24:20,317 - DEBUG - Collected collision time for BConcave+DConcave+4100_flipped at IoU 0.95: nan
2025-07-26 22:24:20,317 - DEBUG - Collected collision time for BConcave+DConcave+4300 at IoU 0.05: 4833.333333333333
2025-07-26 22:24:20,318 - DEBUG - Collected collision time for BConcave+DConcave+4300 at IoU 0.1: 4900.0
2025-07-26 22:24:20,318 - DEBUG - Collected collision time for BConcave+DConcave+4300 at IoU 0.15: 4950.0
2025-07-26 22:24:20,318 - DEBUG - Collected collision time for BConcave+DConcave+4300 at IoU 0.2: 4983.333333333333
2025-07-26 22:24:20,319 - DEBUG - Collected collision time for BConcave+DConcave+4300 at IoU 0.25: 5050.0
2025-07-26 22:24:20,319 - DEBUG - Collected collision time for BConcave+DConcave+4300 at IoU 0.3: 5100.0
2025-07-26 22:24:20,319 - DEBUG - Collected collision time for BConcave+DConcave+4300 at IoU 0.35: 5133.333333333334
2025-07-26 22:24:20,319 - DEBUG - Collected collision time for BConcave+DConcave+4300 at IoU 0.4: nan
2025-07-26 22:24:20,320 - DEBUG - Collected collision time for BConcave+DConcave+4300 at IoU 0.45: nan
2025-07-26 22:24:20,320 - DEBUG - Collected collision time for BConcave+DConcave+4300 at IoU 0.5: nan
2025-07-26 22:24:20,320 - DEBUG - Collected collision time for BConcave+DConcave+4300 at IoU 0.55: nan
2025-07-26 22:24:20,321 - DEBUG - Collected collision time for BConcave+DConcave+4300 at IoU 0.6: nan
2025-07-26 22:24:20,321 - DEBUG - Collected collision time for BConcave+DConcave+4300 at IoU 0.65: nan
2025-07-26 22:24:20,321 - DEBUG - Collected collision time for BConcave+DConcave+4300 at IoU 0.7: nan
2025-07-26 22:24:20,321 - DEBUG - Collected collision time for BConcave+DConcave+4300 at IoU 0.75: nan
2025-07-26 22:24:20,322 - DEBUG - Collected collision time for BConcave+DConcave+4300 at IoU 0.8: nan
2025-07-26 22:24:20,322 - DEBUG - Collected collision time for BConcave+DConcave+4300 at IoU 0.85: nan
2025-07-26 22:24:20,322 - DEBUG - Collected collision time for BConcave+DConcave+4300 at IoU 0.9: nan
2025-07-26 22:24:20,323 - DEBUG - Collected collision time for BConcave+DConcave+4300 at IoU 0.95: nan
2025-07-26 22:24:20,323 - DEBUG - Collected collision time for BConcave+DConcave+4500_flipped at IoU 0.05: 4933.333333333334
2025-07-26 22:24:20,323 - DEBUG - Collected collision time for BConcave+DConcave+4500_flipped at IoU 0.1: 5066.666666666666
2025-07-26 22:24:20,323 - DEBUG - Collected collision time for BConcave+DConcave+4500_flipped at IoU 0.15: 5083.333333333333
2025-07-26 22:24:20,324 - DEBUG - Collected collision time for BConcave+DConcave+4500_flipped at IoU 0.2: 5150.0
2025-07-26 22:24:20,324 - DEBUG - Collected collision time for BConcave+DConcave+4500_flipped at IoU 0.25: nan
2025-07-26 22:24:20,324 - DEBUG - Collected collision time for BConcave+DConcave+4500_flipped at IoU 0.3: nan
2025-07-26 22:24:20,325 - DEBUG - Collected collision time for BConcave+DConcave+4500_flipped at IoU 0.35: nan
2025-07-26 22:24:20,325 - DEBUG - Collected collision time for BConcave+DConcave+4500_flipped at IoU 0.4: nan
2025-07-26 22:24:20,325 - DEBUG - Collected collision time for BConcave+DConcave+4500_flipped at IoU 0.45: nan
2025-07-26 22:24:20,325 - DEBUG - Collected collision time for BConcave+DConcave+4500_flipped at IoU 0.5: nan
2025-07-26 22:24:20,326 - DEBUG - Collected collision time for BConcave+DConcave+4500_flipped at IoU 0.55: nan
2025-07-26 22:24:20,326 - DEBUG - Collected collision time for BConcave+DConcave+4500_flipped at IoU 0.6: nan
2025-07-26 22:24:20,326 - DEBUG - Collected collision time for BConcave+DConcave+4500_flipped at IoU 0.65: nan
2025-07-26 22:24:20,326 - DEBUG - Collected collision time for BConcave+DConcave+4500_flipped at IoU 0.7: nan
2025-07-26 22:24:20,327 - DEBUG - Collected collision time for BConcave+DConcave+4500_flipped at IoU 0.75: nan
2025-07-26 22:24:20,327 - DEBUG - Collected collision time for BConcave+DConcave+4500_flipped at IoU 0.8: nan
2025-07-26 22:24:20,327 - DEBUG - Collected collision time for BConcave+DConcave+4500_flipped at IoU 0.85: nan
2025-07-26 22:24:20,328 - DEBUG - Collected collision time for BConcave+DConcave+4500_flipped at IoU 0.9: nan
2025-07-26 22:24:20,328 - DEBUG - Collected collision time for BConcave+DConcave+4500_flipped at IoU 0.95: nan
2025-07-26 22:24:20,328 - DEBUG - Collected collision time for BConcave+DConvex+3500_flipped at IoU 0.05: nan
2025-07-26 22:24:20,328 - DEBUG - Collected collision time for BConcave+DConvex+3500_flipped at IoU 0.1: nan
2025-07-26 22:24:20,329 - DEBUG - Collected collision time for BConcave+DConvex+3500_flipped at IoU 0.15: nan
2025-07-26 22:24:20,329 - DEBUG - Collected collision time for BConcave+DConvex+3500_flipped at IoU 0.2: nan
2025-07-26 22:24:20,329 - DEBUG - Collected collision time for BConcave+DConvex+3500_flipped at IoU 0.25: nan
2025-07-26 22:24:20,329 - DEBUG - Collected collision time for BConcave+DConvex+3500_flipped at IoU 0.3: nan
2025-07-26 22:24:20,330 - DEBUG - Collected collision time for BConcave+DConvex+3500_flipped at IoU 0.35: nan
2025-07-26 22:24:20,330 - DEBUG - Collected collision time for BConcave+DConvex+3500_flipped at IoU 0.4: nan
2025-07-26 22:24:20,330 - DEBUG - Collected collision time for BConcave+DConvex+3500_flipped at IoU 0.45: nan
2025-07-26 22:24:20,331 - DEBUG - Collected collision time for BConcave+DConvex+3500_flipped at IoU 0.5: nan
2025-07-26 22:24:20,331 - DEBUG - Collected collision time for BConcave+DConvex+3500_flipped at IoU 0.55: nan
2025-07-26 22:24:20,331 - DEBUG - Collected collision time for BConcave+DConvex+3500_flipped at IoU 0.6: nan
2025-07-26 22:24:20,331 - DEBUG - Collected collision time for BConcave+DConvex+3500_flipped at IoU 0.65: nan
2025-07-26 22:24:20,332 - DEBUG - Collected collision time for BConcave+DConvex+3500_flipped at IoU 0.7: nan
2025-07-26 22:24:20,332 - DEBUG - Collected collision time for BConcave+DConvex+3500_flipped at IoU 0.75: nan
2025-07-26 22:24:20,332 - DEBUG - Collected collision time for BConcave+DConvex+3500_flipped at IoU 0.8: nan
2025-07-26 22:24:20,333 - DEBUG - Collected collision time for BConcave+DConvex+3500_flipped at IoU 0.85: nan
2025-07-26 22:24:20,333 - DEBUG - Collected collision time for BConcave+DConvex+3500_flipped at IoU 0.9: nan
2025-07-26 22:24:20,333 - DEBUG - Collected collision time for BConcave+DConvex+3500_flipped at IoU 0.95: nan
2025-07-26 22:24:20,333 - DEBUG - Collected collision time for BConcave+DConvex+3700 at IoU 0.05: nan
2025-07-26 22:24:20,334 - DEBUG - Collected collision time for BConcave+DConvex+3700 at IoU 0.1: nan
2025-07-26 22:24:20,334 - DEBUG - Collected collision time for BConcave+DConvex+3700 at IoU 0.15: nan
2025-07-26 22:24:20,334 - DEBUG - Collected collision time for BConcave+DConvex+3700 at IoU 0.2: nan
2025-07-26 22:24:20,334 - DEBUG - Collected collision time for BConcave+DConvex+3700 at IoU 0.25: nan
2025-07-26 22:24:20,335 - DEBUG - Collected collision time for BConcave+DConvex+3700 at IoU 0.3: nan
2025-07-26 22:24:20,335 - DEBUG - Collected collision time for BConcave+DConvex+3700 at IoU 0.35: nan
2025-07-26 22:24:20,335 - DEBUG - Collected collision time for BConcave+DConvex+3700 at IoU 0.4: nan
2025-07-26 22:24:20,336 - DEBUG - Collected collision time for BConcave+DConvex+3700 at IoU 0.45: nan
2025-07-26 22:24:20,336 - DEBUG - Collected collision time for BConcave+DConvex+3700 at IoU 0.5: nan
2025-07-26 22:24:20,336 - DEBUG - Collected collision time for BConcave+DConvex+3700 at IoU 0.55: nan
2025-07-26 22:24:20,336 - DEBUG - Collected collision time for BConcave+DConvex+3700 at IoU 0.6: nan
2025-07-26 22:24:20,337 - DEBUG - Collected collision time for BConcave+DConvex+3700 at IoU 0.65: nan
2025-07-26 22:24:20,337 - DEBUG - Collected collision time for BConcave+DConvex+3700 at IoU 0.7: nan
2025-07-26 22:24:20,337 - DEBUG - Collected collision time for BConcave+DConvex+3700 at IoU 0.75: nan
2025-07-26 22:24:20,337 - DEBUG - Collected collision time for BConcave+DConvex+3700 at IoU 0.8: nan
2025-07-26 22:24:20,338 - DEBUG - Collected collision time for BConcave+DConvex+3700 at IoU 0.85: nan
2025-07-26 22:24:20,338 - DEBUG - Collected collision time for BConcave+DConvex+3700 at IoU 0.9: nan
2025-07-26 22:24:20,338 - DEBUG - Collected collision time for BConcave+DConvex+3700 at IoU 0.95: nan
2025-07-26 22:24:20,339 - DEBUG - Collected collision time for BConcave+DConvex+3900_flipped at IoU 0.05: 4483.333333333333
2025-07-26 22:24:20,339 - DEBUG - Collected collision time for BConcave+DConvex+3900_flipped at IoU 0.1: 4766.666666666667
2025-07-26 22:24:20,339 - DEBUG - Collected collision time for BConcave+DConvex+3900_flipped at IoU 0.15: 4866.666666666666
2025-07-26 22:24:20,340 - DEBUG - Collected collision time for BConcave+DConvex+3900_flipped at IoU 0.2: 4866.666666666666
2025-07-26 22:24:20,340 - DEBUG - Collected collision time for BConcave+DConvex+3900_flipped at IoU 0.25: 5033.333333333333
2025-07-26 22:24:20,340 - DEBUG - Collected collision time for BConcave+DConvex+3900_flipped at IoU 0.3: 5033.333333333333
2025-07-26 22:24:20,340 - DEBUG - Collected collision time for BConcave+DConvex+3900_flipped at IoU 0.35: 5050.0
2025-07-26 22:24:20,341 - DEBUG - Collected collision time for BConcave+DConvex+3900_flipped at IoU 0.4: 5050.0
2025-07-26 22:24:20,341 - DEBUG - Collected collision time for BConcave+DConvex+3900_flipped at IoU 0.45: nan
2025-07-26 22:24:20,341 - DEBUG - Collected collision time for BConcave+DConvex+3900_flipped at IoU 0.5: nan
2025-07-26 22:24:20,341 - DEBUG - Collected collision time for BConcave+DConvex+3900_flipped at IoU 0.55: nan
2025-07-26 22:24:20,342 - DEBUG - Collected collision time for BConcave+DConvex+3900_flipped at IoU 0.6: nan
2025-07-26 22:24:20,342 - DEBUG - Collected collision time for BConcave+DConvex+3900_flipped at IoU 0.65: nan
2025-07-26 22:24:20,342 - DEBUG - Collected collision time for BConcave+DConvex+3900_flipped at IoU 0.7: nan
2025-07-26 22:24:20,343 - DEBUG - Collected collision time for BConcave+DConvex+3900_flipped at IoU 0.75: nan
2025-07-26 22:24:20,343 - DEBUG - Collected collision time for BConcave+DConvex+3900_flipped at IoU 0.8: nan
2025-07-26 22:24:20,343 - DEBUG - Collected collision time for BConcave+DConvex+3900_flipped at IoU 0.85: nan
2025-07-26 22:24:20,343 - DEBUG - Collected collision time for BConcave+DConvex+3900_flipped at IoU 0.9: nan
2025-07-26 22:24:20,344 - DEBUG - Collected collision time for BConcave+DConvex+3900_flipped at IoU 0.95: nan
2025-07-26 22:24:20,344 - DEBUG - Collected collision time for BConcave+DConvex+4100 at IoU 0.05: nan
2025-07-26 22:24:20,344 - DEBUG - Collected collision time for BConcave+DConvex+4100 at IoU 0.1: nan
2025-07-26 22:24:20,345 - DEBUG - Collected collision time for BConcave+DConvex+4100 at IoU 0.15: nan
2025-07-26 22:24:20,345 - DEBUG - Collected collision time for BConcave+DConvex+4100 at IoU 0.2: nan
2025-07-26 22:24:20,345 - DEBUG - Collected collision time for BConcave+DConvex+4100 at IoU 0.25: nan
2025-07-26 22:24:20,345 - DEBUG - Collected collision time for BConcave+DConvex+4100 at IoU 0.3: nan
2025-07-26 22:24:20,346 - DEBUG - Collected collision time for BConcave+DConvex+4100 at IoU 0.35: nan
2025-07-26 22:24:20,346 - DEBUG - Collected collision time for BConcave+DConvex+4100 at IoU 0.4: nan
2025-07-26 22:24:20,346 - DEBUG - Collected collision time for BConcave+DConvex+4100 at IoU 0.45: nan
2025-07-26 22:24:20,346 - DEBUG - Collected collision time for BConcave+DConvex+4100 at IoU 0.5: nan
2025-07-26 22:24:20,347 - DEBUG - Collected collision time for BConcave+DConvex+4100 at IoU 0.55: nan
2025-07-26 22:24:20,347 - DEBUG - Collected collision time for BConcave+DConvex+4100 at IoU 0.6: nan
2025-07-26 22:24:20,347 - DEBUG - Collected collision time for BConcave+DConvex+4100 at IoU 0.65: nan
2025-07-26 22:24:20,347 - DEBUG - Collected collision time for BConcave+DConvex+4100 at IoU 0.7: nan
2025-07-26 22:24:20,348 - DEBUG - Collected collision time for BConcave+DConvex+4100 at IoU 0.75: nan
2025-07-26 22:24:20,348 - DEBUG - Collected collision time for BConcave+DConvex+4100 at IoU 0.8: nan
2025-07-26 22:24:20,348 - DEBUG - Collected collision time for BConcave+DConvex+4100 at IoU 0.85: nan
2025-07-26 22:24:20,348 - DEBUG - Collected collision time for BConcave+DConvex+4100 at IoU 0.9: nan
2025-07-26 22:24:20,349 - DEBUG - Collected collision time for BConcave+DConvex+4100 at IoU 0.95: nan
2025-07-26 22:24:20,349 - DEBUG - Collected collision time for BConcave+DConvex+4300_flipped at IoU 0.05: 5233.333333333333
2025-07-26 22:24:20,349 - DEBUG - Collected collision time for BConcave+DConvex+4300_flipped at IoU 0.1: 5250.0
2025-07-26 22:24:20,350 - DEBUG - Collected collision time for BConcave+DConvex+4300_flipped at IoU 0.15: 5333.333333333333
2025-07-26 22:24:20,350 - DEBUG - Collected collision time for BConcave+DConvex+4300_flipped at IoU 0.2: 5416.666666666667
2025-07-26 22:24:20,350 - DEBUG - Collected collision time for BConcave+DConvex+4300_flipped at IoU 0.25: 5450.0
2025-07-26 22:24:20,350 - DEBUG - Collected collision time for BConcave+DConvex+4300_flipped at IoU 0.3: nan
2025-07-26 22:24:20,351 - DEBUG - Collected collision time for BConcave+DConvex+4300_flipped at IoU 0.35: nan
2025-07-26 22:24:20,351 - DEBUG - Collected collision time for BConcave+DConvex+4300_flipped at IoU 0.4: nan
2025-07-26 22:24:20,351 - DEBUG - Collected collision time for BConcave+DConvex+4300_flipped at IoU 0.45: nan
2025-07-26 22:24:20,352 - DEBUG - Collected collision time for BConcave+DConvex+4300_flipped at IoU 0.5: nan
2025-07-26 22:24:20,352 - DEBUG - Collected collision time for BConcave+DConvex+4300_flipped at IoU 0.55: nan
2025-07-26 22:24:20,352 - DEBUG - Collected collision time for BConcave+DConvex+4300_flipped at IoU 0.6: nan
2025-07-26 22:24:20,352 - DEBUG - Collected collision time for BConcave+DConvex+4300_flipped at IoU 0.65: nan
2025-07-26 22:24:20,352 - DEBUG - Collected collision time for BConcave+DConvex+4300_flipped at IoU 0.7: nan
2025-07-26 22:24:20,353 - DEBUG - Collected collision time for BConcave+DConvex+4300_flipped at IoU 0.75: nan
2025-07-26 22:24:20,353 - DEBUG - Collected collision time for BConcave+DConvex+4300_flipped at IoU 0.8: nan
2025-07-26 22:24:20,353 - DEBUG - Collected collision time for BConcave+DConvex+4300_flipped at IoU 0.85: nan
2025-07-26 22:24:20,354 - DEBUG - Collected collision time for BConcave+DConvex+4300_flipped at IoU 0.9: nan
2025-07-26 22:24:20,354 - DEBUG - Collected collision time for BConcave+DConvex+4300_flipped at IoU 0.95: nan
2025-07-26 22:24:20,354 - DEBUG - Collected collision time for BConcave+DConvex+4500 at IoU 0.05: 5166.666666666667
2025-07-26 22:24:20,354 - DEBUG - Collected collision time for BConcave+DConvex+4500 at IoU 0.1: 5350.0
2025-07-26 22:24:20,355 - DEBUG - Collected collision time for BConcave+DConvex+4500 at IoU 0.15: nan
2025-07-26 22:24:20,355 - DEBUG - Collected collision time for BConcave+DConvex+4500 at IoU 0.2: nan
2025-07-26 22:24:20,355 - DEBUG - Collected collision time for BConcave+DConvex+4500 at IoU 0.25: nan
2025-07-26 22:24:20,355 - DEBUG - Collected collision time for BConcave+DConvex+4500 at IoU 0.3: nan
2025-07-26 22:24:20,356 - DEBUG - Collected collision time for BConcave+DConvex+4500 at IoU 0.35: nan
2025-07-26 22:24:20,356 - DEBUG - Collected collision time for BConcave+DConvex+4500 at IoU 0.4: nan
2025-07-26 22:24:20,356 - DEBUG - Collected collision time for BConcave+DConvex+4500 at IoU 0.45: nan
2025-07-26 22:24:20,356 - DEBUG - Collected collision time for BConcave+DConvex+4500 at IoU 0.5: nan
2025-07-26 22:24:20,357 - DEBUG - Collected collision time for BConcave+DConvex+4500 at IoU 0.55: nan
2025-07-26 22:24:20,357 - DEBUG - Collected collision time for BConcave+DConvex+4500 at IoU 0.6: nan
2025-07-26 22:24:20,357 - DEBUG - Collected collision time for BConcave+DConvex+4500 at IoU 0.65: nan
2025-07-26 22:24:20,358 - DEBUG - Collected collision time for BConcave+DConvex+4500 at IoU 0.7: nan
2025-07-26 22:24:20,358 - DEBUG - Collected collision time for BConcave+DConvex+4500 at IoU 0.75: nan
2025-07-26 22:24:20,358 - DEBUG - Collected collision time for BConcave+DConvex+4500 at IoU 0.8: nan
2025-07-26 22:24:20,358 - DEBUG - Collected collision time for BConcave+DConvex+4500 at IoU 0.85: nan
2025-07-26 22:24:20,358 - DEBUG - Collected collision time for BConcave+DConvex+4500 at IoU 0.9: nan
2025-07-26 22:24:20,359 - DEBUG - Collected collision time for BConcave+DConvex+4500 at IoU 0.95: nan
2025-07-26 22:24:20,359 - DEBUG - Collected collision time for BConcave+EConcave+3500_flipped at IoU 0.05: 3750.0
2025-07-26 22:24:20,359 - DEBUG - Collected collision time for BConcave+EConcave+3500_flipped at IoU 0.1: 3883.3333333333335
2025-07-26 22:24:20,360 - DEBUG - Collected collision time for BConcave+EConcave+3500_flipped at IoU 0.15: 3983.3333333333335
2025-07-26 22:24:20,360 - DEBUG - Collected collision time for BConcave+EConcave+3500_flipped at IoU 0.2: nan
2025-07-26 22:24:20,360 - DEBUG - Collected collision time for BConcave+EConcave+3500_flipped at IoU 0.25: nan
2025-07-26 22:24:20,360 - DEBUG - Collected collision time for BConcave+EConcave+3500_flipped at IoU 0.3: nan
2025-07-26 22:24:20,361 - DEBUG - Collected collision time for BConcave+EConcave+3500_flipped at IoU 0.35: nan
2025-07-26 22:24:20,361 - DEBUG - Collected collision time for BConcave+EConcave+3500_flipped at IoU 0.4: nan
2025-07-26 22:24:20,361 - DEBUG - Collected collision time for BConcave+EConcave+3500_flipped at IoU 0.45: nan
2025-07-26 22:24:20,361 - DEBUG - Collected collision time for BConcave+EConcave+3500_flipped at IoU 0.5: nan
2025-07-26 22:24:20,362 - DEBUG - Collected collision time for BConcave+EConcave+3500_flipped at IoU 0.55: nan
2025-07-26 22:24:20,362 - DEBUG - Collected collision time for BConcave+EConcave+3500_flipped at IoU 0.6: nan
2025-07-26 22:24:20,362 - DEBUG - Collected collision time for BConcave+EConcave+3500_flipped at IoU 0.65: nan
2025-07-26 22:24:20,362 - DEBUG - Collected collision time for BConcave+EConcave+3500_flipped at IoU 0.7: nan
2025-07-26 22:24:20,363 - DEBUG - Collected collision time for BConcave+EConcave+3500_flipped at IoU 0.75: nan
2025-07-26 22:24:20,363 - DEBUG - Collected collision time for BConcave+EConcave+3500_flipped at IoU 0.8: nan
2025-07-26 22:24:20,363 - DEBUG - Collected collision time for BConcave+EConcave+3500_flipped at IoU 0.85: nan
2025-07-26 22:24:20,364 - DEBUG - Collected collision time for BConcave+EConcave+3500_flipped at IoU 0.9: nan
2025-07-26 22:24:20,364 - DEBUG - Collected collision time for BConcave+EConcave+3500_flipped at IoU 0.95: nan
2025-07-26 22:24:20,364 - DEBUG - Collected collision time for BConcave+EConcave+3700 at IoU 0.05: 3950.0
2025-07-26 22:24:20,364 - DEBUG - Collected collision time for BConcave+EConcave+3700 at IoU 0.1: 4050.0
2025-07-26 22:24:20,365 - DEBUG - Collected collision time for BConcave+EConcave+3700 at IoU 0.15: 4150.0
2025-07-26 22:24:20,365 - DEBUG - Collected collision time for BConcave+EConcave+3700 at IoU 0.2: nan
2025-07-26 22:24:20,365 - DEBUG - Collected collision time for BConcave+EConcave+3700 at IoU 0.25: nan
2025-07-26 22:24:20,365 - DEBUG - Collected collision time for BConcave+EConcave+3700 at IoU 0.3: nan
2025-07-26 22:24:20,366 - DEBUG - Collected collision time for BConcave+EConcave+3700 at IoU 0.35: nan
2025-07-26 22:24:20,366 - DEBUG - Collected collision time for BConcave+EConcave+3700 at IoU 0.4: nan
2025-07-26 22:24:20,366 - DEBUG - Collected collision time for BConcave+EConcave+3700 at IoU 0.45: nan
2025-07-26 22:24:20,367 - DEBUG - Collected collision time for BConcave+EConcave+3700 at IoU 0.5: nan
2025-07-26 22:24:20,367 - DEBUG - Collected collision time for BConcave+EConcave+3700 at IoU 0.55: nan
2025-07-26 22:24:20,367 - DEBUG - Collected collision time for BConcave+EConcave+3700 at IoU 0.6: nan
2025-07-26 22:24:20,367 - DEBUG - Collected collision time for BConcave+EConcave+3700 at IoU 0.65: nan
2025-07-26 22:24:20,368 - DEBUG - Collected collision time for BConcave+EConcave+3700 at IoU 0.7: nan
2025-07-26 22:24:20,368 - DEBUG - Collected collision time for BConcave+EConcave+3700 at IoU 0.75: nan
2025-07-26 22:24:20,368 - DEBUG - Collected collision time for BConcave+EConcave+3700 at IoU 0.8: nan
2025-07-26 22:24:20,368 - DEBUG - Collected collision time for BConcave+EConcave+3700 at IoU 0.85: nan
2025-07-26 22:24:20,369 - DEBUG - Collected collision time for BConcave+EConcave+3700 at IoU 0.9: nan
2025-07-26 22:24:20,369 - DEBUG - Collected collision time for BConcave+EConcave+3700 at IoU 0.95: nan
2025-07-26 22:24:20,369 - DEBUG - Collected collision time for BConcave+EConcave+3900_flipped at IoU 0.05: 4366.666666666666
2025-07-26 22:24:20,370 - DEBUG - Collected collision time for BConcave+EConcave+3900_flipped at IoU 0.1: nan
2025-07-26 22:24:20,370 - DEBUG - Collected collision time for BConcave+EConcave+3900_flipped at IoU 0.15: nan
2025-07-26 22:24:20,370 - DEBUG - Collected collision time for BConcave+EConcave+3900_flipped at IoU 0.2: nan
2025-07-26 22:24:20,371 - DEBUG - Collected collision time for BConcave+EConcave+3900_flipped at IoU 0.25: nan
2025-07-26 22:24:20,371 - DEBUG - Collected collision time for BConcave+EConcave+3900_flipped at IoU 0.3: nan
2025-07-26 22:24:20,371 - DEBUG - Collected collision time for BConcave+EConcave+3900_flipped at IoU 0.35: nan
2025-07-26 22:24:20,371 - DEBUG - Collected collision time for BConcave+EConcave+3900_flipped at IoU 0.4: nan
2025-07-26 22:24:20,372 - DEBUG - Collected collision time for BConcave+EConcave+3900_flipped at IoU 0.45: nan
2025-07-26 22:24:20,372 - DEBUG - Collected collision time for BConcave+EConcave+3900_flipped at IoU 0.5: nan
2025-07-26 22:24:20,372 - DEBUG - Collected collision time for BConcave+EConcave+3900_flipped at IoU 0.55: nan
2025-07-26 22:24:20,372 - DEBUG - Collected collision time for BConcave+EConcave+3900_flipped at IoU 0.6: nan
2025-07-26 22:24:20,373 - DEBUG - Collected collision time for BConcave+EConcave+3900_flipped at IoU 0.65: nan
2025-07-26 22:24:20,373 - DEBUG - Collected collision time for BConcave+EConcave+3900_flipped at IoU 0.7: nan
2025-07-26 22:24:20,373 - DEBUG - Collected collision time for BConcave+EConcave+3900_flipped at IoU 0.75: nan
2025-07-26 22:24:20,373 - DEBUG - Collected collision time for BConcave+EConcave+3900_flipped at IoU 0.8: nan
2025-07-26 22:24:20,374 - DEBUG - Collected collision time for BConcave+EConcave+3900_flipped at IoU 0.85: nan
2025-07-26 22:24:20,374 - DEBUG - Collected collision time for BConcave+EConcave+3900_flipped at IoU 0.9: nan
2025-07-26 22:24:20,374 - DEBUG - Collected collision time for BConcave+EConcave+3900_flipped at IoU 0.95: nan
2025-07-26 22:24:20,374 - DEBUG - Collected collision time for BConcave+EConcave+4100 at IoU 0.05: 4316.666666666666
2025-07-26 22:24:20,375 - DEBUG - Collected collision time for BConcave+EConcave+4100 at IoU 0.1: 4400.0
2025-07-26 22:24:20,375 - DEBUG - Collected collision time for BConcave+EConcave+4100 at IoU 0.15: nan
2025-07-26 22:24:20,375 - DEBUG - Collected collision time for BConcave+EConcave+4100 at IoU 0.2: nan
2025-07-26 22:24:20,376 - DEBUG - Collected collision time for BConcave+EConcave+4100 at IoU 0.25: nan
2025-07-26 22:24:20,376 - DEBUG - Collected collision time for BConcave+EConcave+4100 at IoU 0.3: nan
2025-07-26 22:24:20,376 - DEBUG - Collected collision time for BConcave+EConcave+4100 at IoU 0.35: nan
2025-07-26 22:24:20,377 - DEBUG - Collected collision time for BConcave+EConcave+4100 at IoU 0.4: nan
2025-07-26 22:24:20,377 - DEBUG - Collected collision time for BConcave+EConcave+4100 at IoU 0.45: nan
2025-07-26 22:24:20,377 - DEBUG - Collected collision time for BConcave+EConcave+4100 at IoU 0.5: nan
2025-07-26 22:24:20,377 - DEBUG - Collected collision time for BConcave+EConcave+4100 at IoU 0.55: nan
2025-07-26 22:24:20,378 - DEBUG - Collected collision time for BConcave+EConcave+4100 at IoU 0.6: nan
2025-07-26 22:24:20,378 - DEBUG - Collected collision time for BConcave+EConcave+4100 at IoU 0.65: nan
2025-07-26 22:24:20,378 - DEBUG - Collected collision time for BConcave+EConcave+4100 at IoU 0.7: nan
2025-07-26 22:24:20,378 - DEBUG - Collected collision time for BConcave+EConcave+4100 at IoU 0.75: nan
2025-07-26 22:24:20,379 - DEBUG - Collected collision time for BConcave+EConcave+4100 at IoU 0.8: nan
2025-07-26 22:24:20,379 - DEBUG - Collected collision time for BConcave+EConcave+4100 at IoU 0.85: nan
2025-07-26 22:24:20,379 - DEBUG - Collected collision time for BConcave+EConcave+4100 at IoU 0.9: nan
2025-07-26 22:24:20,380 - DEBUG - Collected collision time for BConcave+EConcave+4100 at IoU 0.95: nan
2025-07-26 22:24:20,380 - DEBUG - Collected collision time for BConcave+EConcave+4300_flipped at IoU 0.05: nan
2025-07-26 22:24:20,380 - DEBUG - Collected collision time for BConcave+EConcave+4300_flipped at IoU 0.1: nan
2025-07-26 22:24:20,380 - DEBUG - Collected collision time for BConcave+EConcave+4300_flipped at IoU 0.15: nan
2025-07-26 22:24:20,381 - DEBUG - Collected collision time for BConcave+EConcave+4300_flipped at IoU 0.2: nan
2025-07-26 22:24:20,381 - DEBUG - Collected collision time for BConcave+EConcave+4300_flipped at IoU 0.25: nan
2025-07-26 22:24:20,381 - DEBUG - Collected collision time for BConcave+EConcave+4300_flipped at IoU 0.3: nan
2025-07-26 22:24:20,382 - DEBUG - Collected collision time for BConcave+EConcave+4300_flipped at IoU 0.35: nan
2025-07-26 22:24:20,382 - DEBUG - Collected collision time for BConcave+EConcave+4300_flipped at IoU 0.4: nan
2025-07-26 22:24:20,382 - DEBUG - Collected collision time for BConcave+EConcave+4300_flipped at IoU 0.45: nan
2025-07-26 22:24:20,382 - DEBUG - Collected collision time for BConcave+EConcave+4300_flipped at IoU 0.5: nan
2025-07-26 22:24:20,383 - DEBUG - Collected collision time for BConcave+EConcave+4300_flipped at IoU 0.55: nan
2025-07-26 22:24:20,383 - DEBUG - Collected collision time for BConcave+EConcave+4300_flipped at IoU 0.6: nan
2025-07-26 22:24:20,383 - DEBUG - Collected collision time for BConcave+EConcave+4300_flipped at IoU 0.65: nan
2025-07-26 22:24:20,383 - DEBUG - Collected collision time for BConcave+EConcave+4300_flipped at IoU 0.7: nan
2025-07-26 22:24:20,384 - DEBUG - Collected collision time for BConcave+EConcave+4300_flipped at IoU 0.75: nan
2025-07-26 22:24:20,384 - DEBUG - Collected collision time for BConcave+EConcave+4300_flipped at IoU 0.8: nan
2025-07-26 22:24:20,384 - DEBUG - Collected collision time for BConcave+EConcave+4300_flipped at IoU 0.85: nan
2025-07-26 22:24:20,385 - DEBUG - Collected collision time for BConcave+EConcave+4300_flipped at IoU 0.9: nan
2025-07-26 22:24:20,385 - DEBUG - Collected collision time for BConcave+EConcave+4300_flipped at IoU 0.95: nan
2025-07-26 22:24:20,385 - DEBUG - Collected collision time for BConcave+EConcave+4500 at IoU 0.05: 4716.666666666667
2025-07-26 22:24:20,385 - DEBUG - Collected collision time for BConcave+EConcave+4500 at IoU 0.1: 4816.666666666666
2025-07-26 22:24:20,386 - DEBUG - Collected collision time for BConcave+EConcave+4500 at IoU 0.15: 4933.333333333334
2025-07-26 22:24:20,386 - DEBUG - Collected collision time for BConcave+EConcave+4500 at IoU 0.2: nan
2025-07-26 22:24:20,386 - DEBUG - Collected collision time for BConcave+EConcave+4500 at IoU 0.25: nan
2025-07-26 22:24:20,387 - DEBUG - Collected collision time for BConcave+EConcave+4500 at IoU 0.3: nan
2025-07-26 22:24:20,387 - DEBUG - Collected collision time for BConcave+EConcave+4500 at IoU 0.35: nan
2025-07-26 22:24:20,387 - DEBUG - Collected collision time for BConcave+EConcave+4500 at IoU 0.4: nan
2025-07-26 22:24:20,388 - DEBUG - Collected collision time for BConcave+EConcave+4500 at IoU 0.45: nan
2025-07-26 22:24:20,388 - DEBUG - Collected collision time for BConcave+EConcave+4500 at IoU 0.5: nan
2025-07-26 22:24:20,388 - DEBUG - Collected collision time for BConcave+EConcave+4500 at IoU 0.55: nan
2025-07-26 22:24:20,388 - DEBUG - Collected collision time for BConcave+EConcave+4500 at IoU 0.6: nan
2025-07-26 22:24:20,389 - DEBUG - Collected collision time for BConcave+EConcave+4500 at IoU 0.65: nan
2025-07-26 22:24:20,389 - DEBUG - Collected collision time for BConcave+EConcave+4500 at IoU 0.7: nan
2025-07-26 22:24:20,389 - DEBUG - Collected collision time for BConcave+EConcave+4500 at IoU 0.75: nan
2025-07-26 22:24:20,389 - DEBUG - Collected collision time for BConcave+EConcave+4500 at IoU 0.8: nan
2025-07-26 22:24:20,390 - DEBUG - Collected collision time for BConcave+EConcave+4500 at IoU 0.85: nan
2025-07-26 22:24:20,390 - DEBUG - Collected collision time for BConcave+EConcave+4500 at IoU 0.9: nan
2025-07-26 22:24:20,390 - DEBUG - Collected collision time for BConcave+EConcave+4500 at IoU 0.95: nan
2025-07-26 22:24:20,391 - DEBUG - Collected collision time for BConcave+EConvex+3500 at IoU 0.05: 3783.333333333333
2025-07-26 22:24:20,391 - DEBUG - Collected collision time for BConcave+EConvex+3500 at IoU 0.1: 3883.3333333333335
2025-07-26 22:24:20,391 - DEBUG - Collected collision time for BConcave+EConvex+3500 at IoU 0.15: 3966.666666666667
2025-07-26 22:24:20,391 - DEBUG - Collected collision time for BConcave+EConvex+3500 at IoU 0.2: 4050.0
2025-07-26 22:24:20,392 - DEBUG - Collected collision time for BConcave+EConvex+3500 at IoU 0.25: 4133.333333333334
2025-07-26 22:24:20,392 - DEBUG - Collected collision time for BConcave+EConvex+3500 at IoU 0.3: nan
2025-07-26 22:24:20,392 - DEBUG - Collected collision time for BConcave+EConvex+3500 at IoU 0.35: nan
2025-07-26 22:24:20,393 - DEBUG - Collected collision time for BConcave+EConvex+3500 at IoU 0.4: nan
2025-07-26 22:24:20,393 - DEBUG - Collected collision time for BConcave+EConvex+3500 at IoU 0.45: nan
2025-07-26 22:24:20,393 - DEBUG - Collected collision time for BConcave+EConvex+3500 at IoU 0.5: nan
2025-07-26 22:24:20,393 - DEBUG - Collected collision time for BConcave+EConvex+3500 at IoU 0.55: nan
2025-07-26 22:24:20,394 - DEBUG - Collected collision time for BConcave+EConvex+3500 at IoU 0.6: nan
2025-07-26 22:24:20,394 - DEBUG - Collected collision time for BConcave+EConvex+3500 at IoU 0.65: nan
2025-07-26 22:24:20,394 - DEBUG - Collected collision time for BConcave+EConvex+3500 at IoU 0.7: nan
2025-07-26 22:24:20,394 - DEBUG - Collected collision time for BConcave+EConvex+3500 at IoU 0.75: nan
2025-07-26 22:24:20,395 - DEBUG - Collected collision time for BConcave+EConvex+3500 at IoU 0.8: nan
2025-07-26 22:24:20,395 - DEBUG - Collected collision time for BConcave+EConvex+3500 at IoU 0.85: nan
2025-07-26 22:24:20,395 - DEBUG - Collected collision time for BConcave+EConvex+3500 at IoU 0.9: nan
2025-07-26 22:24:20,396 - DEBUG - Collected collision time for BConcave+EConvex+3500 at IoU 0.95: nan
2025-07-26 22:24:20,396 - DEBUG - Collected collision time for BConcave+EConvex+3700_flipped at IoU 0.05: 4283.333333333333
2025-07-26 22:24:20,396 - DEBUG - Collected collision time for BConcave+EConvex+3700_flipped at IoU 0.1: nan
2025-07-26 22:24:20,396 - DEBUG - Collected collision time for BConcave+EConvex+3700_flipped at IoU 0.15: nan
2025-07-26 22:24:20,397 - DEBUG - Collected collision time for BConcave+EConvex+3700_flipped at IoU 0.2: nan
2025-07-26 22:24:20,397 - DEBUG - Collected collision time for BConcave+EConvex+3700_flipped at IoU 0.25: nan
2025-07-26 22:24:20,397 - DEBUG - Collected collision time for BConcave+EConvex+3700_flipped at IoU 0.3: nan
2025-07-26 22:24:20,398 - DEBUG - Collected collision time for BConcave+EConvex+3700_flipped at IoU 0.35: nan
2025-07-26 22:24:20,398 - DEBUG - Collected collision time for BConcave+EConvex+3700_flipped at IoU 0.4: nan
2025-07-26 22:24:20,398 - DEBUG - Collected collision time for BConcave+EConvex+3700_flipped at IoU 0.45: nan
2025-07-26 22:24:20,398 - DEBUG - Collected collision time for BConcave+EConvex+3700_flipped at IoU 0.5: nan
2025-07-26 22:24:20,399 - DEBUG - Collected collision time for BConcave+EConvex+3700_flipped at IoU 0.55: nan
2025-07-26 22:24:20,399 - DEBUG - Collected collision time for BConcave+EConvex+3700_flipped at IoU 0.6: nan
2025-07-26 22:24:20,399 - DEBUG - Collected collision time for BConcave+EConvex+3700_flipped at IoU 0.65: nan
2025-07-26 22:24:20,399 - DEBUG - Collected collision time for BConcave+EConvex+3700_flipped at IoU 0.7: nan
2025-07-26 22:24:20,400 - DEBUG - Collected collision time for BConcave+EConvex+3700_flipped at IoU 0.75: nan
2025-07-26 22:24:20,400 - DEBUG - Collected collision time for BConcave+EConvex+3700_flipped at IoU 0.8: nan
2025-07-26 22:24:20,400 - DEBUG - Collected collision time for BConcave+EConvex+3700_flipped at IoU 0.85: nan
2025-07-26 22:24:20,401 - DEBUG - Collected collision time for BConcave+EConvex+3700_flipped at IoU 0.9: nan
2025-07-26 22:24:20,401 - DEBUG - Collected collision time for BConcave+EConvex+3700_flipped at IoU 0.95: nan
2025-07-26 22:24:20,401 - DEBUG - Collected collision time for BConcave+EConvex+3900 at IoU 0.05: 4116.666666666666
2025-07-26 22:24:20,401 - DEBUG - Collected collision time for BConcave+EConvex+3900 at IoU 0.1: 4250.0
2025-07-26 22:24:20,402 - DEBUG - Collected collision time for BConcave+EConvex+3900 at IoU 0.15: 4350.0
2025-07-26 22:24:20,402 - DEBUG - Collected collision time for BConcave+EConvex+3900 at IoU 0.2: 4483.333333333333
2025-07-26 22:24:20,402 - DEBUG - Collected collision time for BConcave+EConvex+3900 at IoU 0.25: 4666.666666666667
2025-07-26 22:24:20,402 - DEBUG - Collected collision time for BConcave+EConvex+3900 at IoU 0.3: nan
2025-07-26 22:24:20,403 - DEBUG - Collected collision time for BConcave+EConvex+3900 at IoU 0.35: nan
2025-07-26 22:24:20,403 - DEBUG - Collected collision time for BConcave+EConvex+3900 at IoU 0.4: nan
2025-07-26 22:24:20,403 - DEBUG - Collected collision time for BConcave+EConvex+3900 at IoU 0.45: nan
2025-07-26 22:24:20,404 - DEBUG - Collected collision time for BConcave+EConvex+3900 at IoU 0.5: nan
2025-07-26 22:24:20,404 - DEBUG - Collected collision time for BConcave+EConvex+3900 at IoU 0.55: nan
2025-07-26 22:24:20,404 - DEBUG - Collected collision time for BConcave+EConvex+3900 at IoU 0.6: nan
2025-07-26 22:24:20,404 - DEBUG - Collected collision time for BConcave+EConvex+3900 at IoU 0.65: nan
2025-07-26 22:24:20,405 - DEBUG - Collected collision time for BConcave+EConvex+3900 at IoU 0.7: nan
2025-07-26 22:24:20,405 - DEBUG - Collected collision time for BConcave+EConvex+3900 at IoU 0.75: nan
2025-07-26 22:24:20,405 - DEBUG - Collected collision time for BConcave+EConvex+3900 at IoU 0.8: nan
2025-07-26 22:24:20,405 - DEBUG - Collected collision time for BConcave+EConvex+3900 at IoU 0.85: nan
2025-07-26 22:24:20,405 - DEBUG - Collected collision time for BConcave+EConvex+3900 at IoU 0.9: nan
2025-07-26 22:24:20,406 - DEBUG - Collected collision time for BConcave+EConvex+3900 at IoU 0.95: nan
2025-07-26 22:24:20,406 - DEBUG - Collected collision time for BConcave+EConvex+4100_flipped at IoU 0.05: 4366.666666666666
2025-07-26 22:24:20,406 - DEBUG - Collected collision time for BConcave+EConvex+4100_flipped at IoU 0.1: 4466.666666666667
2025-07-26 22:24:20,407 - DEBUG - Collected collision time for BConcave+EConvex+4100_flipped at IoU 0.15: 4550.0
2025-07-26 22:24:20,407 - DEBUG - Collected collision time for BConcave+EConvex+4100_flipped at IoU 0.2: 4650.0
2025-07-26 22:24:20,407 - DEBUG - Collected collision time for BConcave+EConvex+4100_flipped at IoU 0.25: 4683.333333333334
2025-07-26 22:24:20,407 - DEBUG - Collected collision time for BConcave+EConvex+4100_flipped at IoU 0.3: 4816.666666666666
2025-07-26 22:24:20,408 - DEBUG - Collected collision time for BConcave+EConvex+4100_flipped at IoU 0.35: nan
2025-07-26 22:24:20,408 - DEBUG - Collected collision time for BConcave+EConvex+4100_flipped at IoU 0.4: nan
2025-07-26 22:24:20,408 - DEBUG - Collected collision time for BConcave+EConvex+4100_flipped at IoU 0.45: nan
2025-07-26 22:24:20,408 - DEBUG - Collected collision time for BConcave+EConvex+4100_flipped at IoU 0.5: nan
2025-07-26 22:24:20,409 - DEBUG - Collected collision time for BConcave+EConvex+4100_flipped at IoU 0.55: nan
2025-07-26 22:24:20,409 - DEBUG - Collected collision time for BConcave+EConvex+4100_flipped at IoU 0.6: nan
2025-07-26 22:24:20,409 - DEBUG - Collected collision time for BConcave+EConvex+4100_flipped at IoU 0.65: nan
2025-07-26 22:24:20,410 - DEBUG - Collected collision time for BConcave+EConvex+4100_flipped at IoU 0.7: nan
2025-07-26 22:24:20,410 - DEBUG - Collected collision time for BConcave+EConvex+4100_flipped at IoU 0.75: nan
2025-07-26 22:24:20,410 - DEBUG - Collected collision time for BConcave+EConvex+4100_flipped at IoU 0.8: nan
2025-07-26 22:24:20,410 - DEBUG - Collected collision time for BConcave+EConvex+4100_flipped at IoU 0.85: nan
2025-07-26 22:24:20,411 - DEBUG - Collected collision time for BConcave+EConvex+4100_flipped at IoU 0.9: nan
2025-07-26 22:24:20,411 - DEBUG - Collected collision time for BConcave+EConvex+4100_flipped at IoU 0.95: nan
2025-07-26 22:24:20,411 - DEBUG - Collected collision time for BConcave+EConvex+4300 at IoU 0.05: 4783.333333333333
2025-07-26 22:24:20,412 - DEBUG - Collected collision time for BConcave+EConvex+4300 at IoU 0.1: 4950.0
2025-07-26 22:24:20,412 - DEBUG - Collected collision time for BConcave+EConvex+4300 at IoU 0.15: 4983.333333333333
2025-07-26 22:24:20,412 - DEBUG - Collected collision time for BConcave+EConvex+4300 at IoU 0.2: 5100.0
2025-07-26 22:24:20,412 - DEBUG - Collected collision time for BConcave+EConvex+4300 at IoU 0.25: 5133.333333333334
2025-07-26 22:24:20,413 - DEBUG - Collected collision time for BConcave+EConvex+4300 at IoU 0.3: 5216.666666666667
2025-07-26 22:24:20,413 - DEBUG - Collected collision time for BConcave+EConvex+4300 at IoU 0.35: 5316.666666666666
2025-07-26 22:24:20,413 - DEBUG - Collected collision time for BConcave+EConvex+4300 at IoU 0.4: nan
2025-07-26 22:24:20,414 - DEBUG - Collected collision time for BConcave+EConvex+4300 at IoU 0.45: nan
2025-07-26 22:24:20,414 - DEBUG - Collected collision time for BConcave+EConvex+4300 at IoU 0.5: nan
2025-07-26 22:24:20,414 - DEBUG - Collected collision time for BConcave+EConvex+4300 at IoU 0.55: nan
2025-07-26 22:24:20,414 - DEBUG - Collected collision time for BConcave+EConvex+4300 at IoU 0.6: nan
2025-07-26 22:24:20,415 - DEBUG - Collected collision time for BConcave+EConvex+4300 at IoU 0.65: nan
2025-07-26 22:24:20,415 - DEBUG - Collected collision time for BConcave+EConvex+4300 at IoU 0.7: nan
2025-07-26 22:24:20,415 - DEBUG - Collected collision time for BConcave+EConvex+4300 at IoU 0.75: nan
2025-07-26 22:24:20,415 - DEBUG - Collected collision time for BConcave+EConvex+4300 at IoU 0.8: nan
2025-07-26 22:24:20,416 - DEBUG - Collected collision time for BConcave+EConvex+4300 at IoU 0.85: nan
2025-07-26 22:24:20,416 - DEBUG - Collected collision time for BConcave+EConvex+4300 at IoU 0.9: nan
2025-07-26 22:24:20,416 - DEBUG - Collected collision time for BConcave+EConvex+4300 at IoU 0.95: nan
2025-07-26 22:24:20,417 - DEBUG - Collected collision time for BConcave+EConvex+4500_flipped at IoU 0.05: 5266.666666666667
2025-07-26 22:24:20,417 - DEBUG - Collected collision time for BConcave+EConvex+4500_flipped at IoU 0.1: 5266.666666666667
2025-07-26 22:24:20,417 - DEBUG - Collected collision time for BConcave+EConvex+4500_flipped at IoU 0.15: nan
2025-07-26 22:24:20,417 - DEBUG - Collected collision time for BConcave+EConvex+4500_flipped at IoU 0.2: nan
2025-07-26 22:24:20,418 - DEBUG - Collected collision time for BConcave+EConvex+4500_flipped at IoU 0.25: nan
2025-07-26 22:24:20,418 - DEBUG - Collected collision time for BConcave+EConvex+4500_flipped at IoU 0.3: nan
2025-07-26 22:24:20,418 - DEBUG - Collected collision time for BConcave+EConvex+4500_flipped at IoU 0.35: nan
2025-07-26 22:24:20,418 - DEBUG - Collected collision time for BConcave+EConvex+4500_flipped at IoU 0.4: nan
2025-07-26 22:24:20,419 - DEBUG - Collected collision time for BConcave+EConvex+4500_flipped at IoU 0.45: nan
2025-07-26 22:24:20,419 - DEBUG - Collected collision time for BConcave+EConvex+4500_flipped at IoU 0.5: nan
2025-07-26 22:24:20,419 - DEBUG - Collected collision time for BConcave+EConvex+4500_flipped at IoU 0.55: nan
2025-07-26 22:24:20,420 - DEBUG - Collected collision time for BConcave+EConvex+4500_flipped at IoU 0.6: nan
2025-07-26 22:24:20,420 - DEBUG - Collected collision time for BConcave+EConvex+4500_flipped at IoU 0.65: nan
2025-07-26 22:24:20,420 - DEBUG - Collected collision time for BConcave+EConvex+4500_flipped at IoU 0.7: nan
2025-07-26 22:24:20,420 - DEBUG - Collected collision time for BConcave+EConvex+4500_flipped at IoU 0.75: nan
2025-07-26 22:24:20,421 - DEBUG - Collected collision time for BConcave+EConvex+4500_flipped at IoU 0.8: nan
2025-07-26 22:24:20,421 - DEBUG - Collected collision time for BConcave+EConvex+4500_flipped at IoU 0.85: nan
2025-07-26 22:24:20,421 - DEBUG - Collected collision time for BConcave+EConvex+4500_flipped at IoU 0.9: nan
2025-07-26 22:24:20,421 - DEBUG - Collected collision time for BConcave+EConvex+4500_flipped at IoU 0.95: nan
2025-07-26 22:24:20,422 - DEBUG - Collected collision time for BConcave+FConcave+3500_flipped at IoU 0.05: nan
2025-07-26 22:24:20,422 - DEBUG - Collected collision time for BConcave+FConcave+3500_flipped at IoU 0.1: nan
2025-07-26 22:24:20,422 - DEBUG - Collected collision time for BConcave+FConcave+3500_flipped at IoU 0.15: nan
2025-07-26 22:24:20,422 - DEBUG - Collected collision time for BConcave+FConcave+3500_flipped at IoU 0.2: nan
2025-07-26 22:24:20,423 - DEBUG - Collected collision time for BConcave+FConcave+3500_flipped at IoU 0.25: nan
2025-07-26 22:24:20,423 - DEBUG - Collected collision time for BConcave+FConcave+3500_flipped at IoU 0.3: nan
2025-07-26 22:24:20,423 - DEBUG - Collected collision time for BConcave+FConcave+3500_flipped at IoU 0.35: nan
2025-07-26 22:24:20,423 - DEBUG - Collected collision time for BConcave+FConcave+3500_flipped at IoU 0.4: nan
2025-07-26 22:24:20,424 - DEBUG - Collected collision time for BConcave+FConcave+3500_flipped at IoU 0.45: nan
2025-07-26 22:24:20,424 - DEBUG - Collected collision time for BConcave+FConcave+3500_flipped at IoU 0.5: nan
2025-07-26 22:24:20,424 - DEBUG - Collected collision time for BConcave+FConcave+3500_flipped at IoU 0.55: nan
2025-07-26 22:24:20,424 - DEBUG - Collected collision time for BConcave+FConcave+3500_flipped at IoU 0.6: nan
2025-07-26 22:24:20,425 - DEBUG - Collected collision time for BConcave+FConcave+3500_flipped at IoU 0.65: nan
2025-07-26 22:24:20,425 - DEBUG - Collected collision time for BConcave+FConcave+3500_flipped at IoU 0.7: nan
2025-07-26 22:24:20,425 - DEBUG - Collected collision time for BConcave+FConcave+3500_flipped at IoU 0.75: nan
2025-07-26 22:24:20,425 - DEBUG - Collected collision time for BConcave+FConcave+3500_flipped at IoU 0.8: nan
2025-07-26 22:24:20,426 - DEBUG - Collected collision time for BConcave+FConcave+3500_flipped at IoU 0.85: nan
2025-07-26 22:24:20,426 - DEBUG - Collected collision time for BConcave+FConcave+3500_flipped at IoU 0.9: nan
2025-07-26 22:24:20,426 - DEBUG - Collected collision time for BConcave+FConcave+3500_flipped at IoU 0.95: nan
2025-07-26 22:24:20,427 - DEBUG - Collected collision time for BConcave+FConcave+3700 at IoU 0.05: 4016.6666666666665
2025-07-26 22:24:20,427 - DEBUG - Collected collision time for BConcave+FConcave+3700 at IoU 0.1: 4183.333333333334
2025-07-26 22:24:20,427 - DEBUG - Collected collision time for BConcave+FConcave+3700 at IoU 0.15: 4300.0
2025-07-26 22:24:20,427 - DEBUG - Collected collision time for BConcave+FConcave+3700 at IoU 0.2: 4400.0
2025-07-26 22:24:20,428 - DEBUG - Collected collision time for BConcave+FConcave+3700 at IoU 0.25: 4516.666666666667
2025-07-26 22:24:20,428 - DEBUG - Collected collision time for BConcave+FConcave+3700 at IoU 0.3: 4633.333333333334
2025-07-26 22:24:20,428 - DEBUG - Collected collision time for BConcave+FConcave+3700 at IoU 0.35: 4716.666666666667
2025-07-26 22:24:20,428 - DEBUG - Collected collision time for BConcave+FConcave+3700 at IoU 0.4: nan
2025-07-26 22:24:20,429 - DEBUG - Collected collision time for BConcave+FConcave+3700 at IoU 0.45: nan
2025-07-26 22:24:20,429 - DEBUG - Collected collision time for BConcave+FConcave+3700 at IoU 0.5: nan
2025-07-26 22:24:20,429 - DEBUG - Collected collision time for BConcave+FConcave+3700 at IoU 0.55: nan
2025-07-26 22:24:20,429 - DEBUG - Collected collision time for BConcave+FConcave+3700 at IoU 0.6: nan
2025-07-26 22:24:20,430 - DEBUG - Collected collision time for BConcave+FConcave+3700 at IoU 0.65: nan
2025-07-26 22:24:20,430 - DEBUG - Collected collision time for BConcave+FConcave+3700 at IoU 0.7: nan
2025-07-26 22:24:20,430 - DEBUG - Collected collision time for BConcave+FConcave+3700 at IoU 0.75: nan
2025-07-26 22:24:20,430 - DEBUG - Collected collision time for BConcave+FConcave+3700 at IoU 0.8: nan
2025-07-26 22:24:20,431 - DEBUG - Collected collision time for BConcave+FConcave+3700 at IoU 0.85: nan
2025-07-26 22:24:20,431 - DEBUG - Collected collision time for BConcave+FConcave+3700 at IoU 0.9: nan
2025-07-26 22:24:20,431 - DEBUG - Collected collision time for BConcave+FConcave+3700 at IoU 0.95: nan
2025-07-26 22:24:20,432 - DEBUG - Collected collision time for BConcave+FConcave+3900_flipped at IoU 0.05: nan
2025-07-26 22:24:20,432 - DEBUG - Collected collision time for BConcave+FConcave+3900_flipped at IoU 0.1: nan
2025-07-26 22:24:20,432 - DEBUG - Collected collision time for BConcave+FConcave+3900_flipped at IoU 0.15: nan
2025-07-26 22:24:20,432 - DEBUG - Collected collision time for BConcave+FConcave+3900_flipped at IoU 0.2: nan
2025-07-26 22:24:20,433 - DEBUG - Collected collision time for BConcave+FConcave+3900_flipped at IoU 0.25: nan
2025-07-26 22:24:20,433 - DEBUG - Collected collision time for BConcave+FConcave+3900_flipped at IoU 0.3: nan
2025-07-26 22:24:20,433 - DEBUG - Collected collision time for BConcave+FConcave+3900_flipped at IoU 0.35: nan
2025-07-26 22:24:20,433 - DEBUG - Collected collision time for BConcave+FConcave+3900_flipped at IoU 0.4: nan
2025-07-26 22:24:20,434 - DEBUG - Collected collision time for BConcave+FConcave+3900_flipped at IoU 0.45: nan
2025-07-26 22:24:20,434 - DEBUG - Collected collision time for BConcave+FConcave+3900_flipped at IoU 0.5: nan
2025-07-26 22:24:20,434 - DEBUG - Collected collision time for BConcave+FConcave+3900_flipped at IoU 0.55: nan
2025-07-26 22:24:20,435 - DEBUG - Collected collision time for BConcave+FConcave+3900_flipped at IoU 0.6: nan
2025-07-26 22:24:20,435 - DEBUG - Collected collision time for BConcave+FConcave+3900_flipped at IoU 0.65: nan
2025-07-26 22:24:20,435 - DEBUG - Collected collision time for BConcave+FConcave+3900_flipped at IoU 0.7: nan
2025-07-26 22:24:20,435 - DEBUG - Collected collision time for BConcave+FConcave+3900_flipped at IoU 0.75: nan
2025-07-26 22:24:20,436 - DEBUG - Collected collision time for BConcave+FConcave+3900_flipped at IoU 0.8: nan
2025-07-26 22:24:20,436 - DEBUG - Collected collision time for BConcave+FConcave+3900_flipped at IoU 0.85: nan
2025-07-26 22:24:20,436 - DEBUG - Collected collision time for BConcave+FConcave+3900_flipped at IoU 0.9: nan
2025-07-26 22:24:20,436 - DEBUG - Collected collision time for BConcave+FConcave+3900_flipped at IoU 0.95: nan
2025-07-26 22:24:20,437 - DEBUG - Collected collision time for BConcave+FConcave+4100 at IoU 0.05: 4783.333333333333
2025-07-26 22:24:20,437 - DEBUG - Collected collision time for BConcave+FConcave+4100 at IoU 0.1: nan
2025-07-26 22:24:20,437 - DEBUG - Collected collision time for BConcave+FConcave+4100 at IoU 0.15: nan
2025-07-26 22:24:20,438 - DEBUG - Collected collision time for BConcave+FConcave+4100 at IoU 0.2: nan
2025-07-26 22:24:20,438 - DEBUG - Collected collision time for BConcave+FConcave+4100 at IoU 0.25: nan
2025-07-26 22:24:20,438 - DEBUG - Collected collision time for BConcave+FConcave+4100 at IoU 0.3: nan
2025-07-26 22:24:20,439 - DEBUG - Collected collision time for BConcave+FConcave+4100 at IoU 0.35: nan
2025-07-26 22:24:20,439 - DEBUG - Collected collision time for BConcave+FConcave+4100 at IoU 0.4: nan
2025-07-26 22:24:20,439 - DEBUG - Collected collision time for BConcave+FConcave+4100 at IoU 0.45: nan
2025-07-26 22:24:20,440 - DEBUG - Collected collision time for BConcave+FConcave+4100 at IoU 0.5: nan
2025-07-26 22:24:20,440 - DEBUG - Collected collision time for BConcave+FConcave+4100 at IoU 0.55: nan
2025-07-26 22:24:20,440 - DEBUG - Collected collision time for BConcave+FConcave+4100 at IoU 0.6: nan
2025-07-26 22:24:20,440 - DEBUG - Collected collision time for BConcave+FConcave+4100 at IoU 0.65: nan
2025-07-26 22:24:20,441 - DEBUG - Collected collision time for BConcave+FConcave+4100 at IoU 0.7: nan
2025-07-26 22:24:20,441 - DEBUG - Collected collision time for BConcave+FConcave+4100 at IoU 0.75: nan
2025-07-26 22:24:20,441 - DEBUG - Collected collision time for BConcave+FConcave+4100 at IoU 0.8: nan
2025-07-26 22:24:20,442 - DEBUG - Collected collision time for BConcave+FConcave+4100 at IoU 0.85: nan
2025-07-26 22:24:20,442 - DEBUG - Collected collision time for BConcave+FConcave+4100 at IoU 0.9: nan
2025-07-26 22:24:20,442 - DEBUG - Collected collision time for BConcave+FConcave+4100 at IoU 0.95: nan
2025-07-26 22:24:20,442 - DEBUG - Collected collision time for BConcave+FConcave+4300_flipped at IoU 0.05: 4700.0
2025-07-26 22:24:20,443 - DEBUG - Collected collision time for BConcave+FConcave+4300_flipped at IoU 0.1: 4833.333333333333
2025-07-26 22:24:20,443 - DEBUG - Collected collision time for BConcave+FConcave+4300_flipped at IoU 0.15: 4966.666666666667
2025-07-26 22:24:20,443 - DEBUG - Collected collision time for BConcave+FConcave+4300_flipped at IoU 0.2: nan
2025-07-26 22:24:20,443 - DEBUG - Collected collision time for BConcave+FConcave+4300_flipped at IoU 0.25: nan
2025-07-26 22:24:20,444 - DEBUG - Collected collision time for BConcave+FConcave+4300_flipped at IoU 0.3: nan
2025-07-26 22:24:20,444 - DEBUG - Collected collision time for BConcave+FConcave+4300_flipped at IoU 0.35: nan
2025-07-26 22:24:20,444 - DEBUG - Collected collision time for BConcave+FConcave+4300_flipped at IoU 0.4: nan
2025-07-26 22:24:20,445 - DEBUG - Collected collision time for BConcave+FConcave+4300_flipped at IoU 0.45: nan
2025-07-26 22:24:20,445 - DEBUG - Collected collision time for BConcave+FConcave+4300_flipped at IoU 0.5: nan
2025-07-26 22:24:20,445 - DEBUG - Collected collision time for BConcave+FConcave+4300_flipped at IoU 0.55: nan
2025-07-26 22:24:20,445 - DEBUG - Collected collision time for BConcave+FConcave+4300_flipped at IoU 0.6: nan
2025-07-26 22:24:20,446 - DEBUG - Collected collision time for BConcave+FConcave+4300_flipped at IoU 0.65: nan
2025-07-26 22:24:20,446 - DEBUG - Collected collision time for BConcave+FConcave+4300_flipped at IoU 0.7: nan
2025-07-26 22:24:20,446 - DEBUG - Collected collision time for BConcave+FConcave+4300_flipped at IoU 0.75: nan
2025-07-26 22:24:20,446 - DEBUG - Collected collision time for BConcave+FConcave+4300_flipped at IoU 0.8: nan
2025-07-26 22:24:20,447 - DEBUG - Collected collision time for BConcave+FConcave+4300_flipped at IoU 0.85: nan
2025-07-26 22:24:20,447 - DEBUG - Collected collision time for BConcave+FConcave+4300_flipped at IoU 0.9: nan
2025-07-26 22:24:20,447 - DEBUG - Collected collision time for BConcave+FConcave+4300_flipped at IoU 0.95: nan
2025-07-26 22:24:20,448 - DEBUG - Collected collision time for BConcave+FConcave+4500 at IoU 0.05: 5166.666666666667
2025-07-26 22:24:20,448 - DEBUG - Collected collision time for BConcave+FConcave+4500 at IoU 0.1: nan
2025-07-26 22:24:20,448 - DEBUG - Collected collision time for BConcave+FConcave+4500 at IoU 0.15: nan
2025-07-26 22:24:20,448 - DEBUG - Collected collision time for BConcave+FConcave+4500 at IoU 0.2: nan
2025-07-26 22:24:20,449 - DEBUG - Collected collision time for BConcave+FConcave+4500 at IoU 0.25: nan
2025-07-26 22:24:20,449 - DEBUG - Collected collision time for BConcave+FConcave+4500 at IoU 0.3: nan
2025-07-26 22:24:20,449 - DEBUG - Collected collision time for BConcave+FConcave+4500 at IoU 0.35: nan
2025-07-26 22:24:20,449 - DEBUG - Collected collision time for BConcave+FConcave+4500 at IoU 0.4: nan
2025-07-26 22:24:20,450 - DEBUG - Collected collision time for BConcave+FConcave+4500 at IoU 0.45: nan
2025-07-26 22:24:20,450 - DEBUG - Collected collision time for BConcave+FConcave+4500 at IoU 0.5: nan
2025-07-26 22:24:20,450 - DEBUG - Collected collision time for BConcave+FConcave+4500 at IoU 0.55: nan
2025-07-26 22:24:20,451 - DEBUG - Collected collision time for BConcave+FConcave+4500 at IoU 0.6: nan
2025-07-26 22:24:20,451 - DEBUG - Collected collision time for BConcave+FConcave+4500 at IoU 0.65: nan
2025-07-26 22:24:20,451 - DEBUG - Collected collision time for BConcave+FConcave+4500 at IoU 0.7: nan
2025-07-26 22:24:20,451 - DEBUG - Collected collision time for BConcave+FConcave+4500 at IoU 0.75: nan
2025-07-26 22:24:20,452 - DEBUG - Collected collision time for BConcave+FConcave+4500 at IoU 0.8: nan
2025-07-26 22:24:20,452 - DEBUG - Collected collision time for BConcave+FConcave+4500 at IoU 0.85: nan
2025-07-26 22:24:20,452 - DEBUG - Collected collision time for BConcave+FConcave+4500 at IoU 0.9: nan
2025-07-26 22:24:20,452 - DEBUG - Collected collision time for BConcave+FConcave+4500 at IoU 0.95: nan
2025-07-26 22:24:20,453 - DEBUG - Collected collision time for BConcave+FConvex+3500 at IoU 0.05: nan
2025-07-26 22:24:20,453 - DEBUG - Collected collision time for BConcave+FConvex+3500 at IoU 0.1: nan
2025-07-26 22:24:20,453 - DEBUG - Collected collision time for BConcave+FConvex+3500 at IoU 0.15: nan
2025-07-26 22:24:20,454 - DEBUG - Collected collision time for BConcave+FConvex+3500 at IoU 0.2: nan
2025-07-26 22:24:20,454 - DEBUG - Collected collision time for BConcave+FConvex+3500 at IoU 0.25: nan
2025-07-26 22:24:20,454 - DEBUG - Collected collision time for BConcave+FConvex+3500 at IoU 0.3: nan
2025-07-26 22:24:20,454 - DEBUG - Collected collision time for BConcave+FConvex+3500 at IoU 0.35: nan
2025-07-26 22:24:20,455 - DEBUG - Collected collision time for BConcave+FConvex+3500 at IoU 0.4: nan
2025-07-26 22:24:20,455 - DEBUG - Collected collision time for BConcave+FConvex+3500 at IoU 0.45: nan
2025-07-26 22:24:20,455 - DEBUG - Collected collision time for BConcave+FConvex+3500 at IoU 0.5: nan
2025-07-26 22:24:20,456 - DEBUG - Collected collision time for BConcave+FConvex+3500 at IoU 0.55: nan
2025-07-26 22:24:20,456 - DEBUG - Collected collision time for BConcave+FConvex+3500 at IoU 0.6: nan
2025-07-26 22:24:20,456 - DEBUG - Collected collision time for BConcave+FConvex+3500 at IoU 0.65: nan
2025-07-26 22:24:20,456 - DEBUG - Collected collision time for BConcave+FConvex+3500 at IoU 0.7: nan
2025-07-26 22:24:20,457 - DEBUG - Collected collision time for BConcave+FConvex+3500 at IoU 0.75: nan
2025-07-26 22:24:20,457 - DEBUG - Collected collision time for BConcave+FConvex+3500 at IoU 0.8: nan
2025-07-26 22:24:20,457 - DEBUG - Collected collision time for BConcave+FConvex+3500 at IoU 0.85: nan
2025-07-26 22:24:20,457 - DEBUG - Collected collision time for BConcave+FConvex+3500 at IoU 0.9: nan
2025-07-26 22:24:20,458 - DEBUG - Collected collision time for BConcave+FConvex+3500 at IoU 0.95: nan
2025-07-26 22:24:20,458 - DEBUG - Collected collision time for BConcave+FConvex+3700_flipped at IoU 0.05: 4133.333333333334
2025-07-26 22:24:20,458 - DEBUG - Collected collision time for BConcave+FConvex+3700_flipped at IoU 0.1: 4283.333333333333
2025-07-26 22:24:20,459 - DEBUG - Collected collision time for BConcave+FConvex+3700_flipped at IoU 0.15: 4366.666666666666
2025-07-26 22:24:20,459 - DEBUG - Collected collision time for BConcave+FConvex+3700_flipped at IoU 0.2: 4466.666666666667
2025-07-26 22:24:20,459 - DEBUG - Collected collision time for BConcave+FConvex+3700_flipped at IoU 0.25: 4483.333333333333
2025-07-26 22:24:20,459 - DEBUG - Collected collision time for BConcave+FConvex+3700_flipped at IoU 0.3: 4566.666666666666
2025-07-26 22:24:20,460 - DEBUG - Collected collision time for BConcave+FConvex+3700_flipped at IoU 0.35: 4650.0
2025-07-26 22:24:20,460 - DEBUG - Collected collision time for BConcave+FConvex+3700_flipped at IoU 0.4: 4716.666666666667
2025-07-26 22:24:20,460 - DEBUG - Collected collision time for BConcave+FConvex+3700_flipped at IoU 0.45: 4866.666666666666
2025-07-26 22:24:20,461 - DEBUG - Collected collision time for BConcave+FConvex+3700_flipped at IoU 0.5: nan
2025-07-26 22:24:20,461 - DEBUG - Collected collision time for BConcave+FConvex+3700_flipped at IoU 0.55: nan
2025-07-26 22:24:20,461 - DEBUG - Collected collision time for BConcave+FConvex+3700_flipped at IoU 0.6: nan
2025-07-26 22:24:20,461 - DEBUG - Collected collision time for BConcave+FConvex+3700_flipped at IoU 0.65: nan
2025-07-26 22:24:20,462 - DEBUG - Collected collision time for BConcave+FConvex+3700_flipped at IoU 0.7: nan
2025-07-26 22:24:20,462 - DEBUG - Collected collision time for BConcave+FConvex+3700_flipped at IoU 0.75: nan
2025-07-26 22:24:20,462 - DEBUG - Collected collision time for BConcave+FConvex+3700_flipped at IoU 0.8: nan
2025-07-26 22:24:20,463 - DEBUG - Collected collision time for BConcave+FConvex+3700_flipped at IoU 0.85: nan
2025-07-26 22:24:20,463 - DEBUG - Collected collision time for BConcave+FConvex+3700_flipped at IoU 0.9: nan
2025-07-26 22:24:20,463 - DEBUG - Collected collision time for BConcave+FConvex+3700_flipped at IoU 0.95: nan
2025-07-26 22:24:20,463 - DEBUG - Collected collision time for BConcave+FConvex+3900 at IoU 0.05: nan
2025-07-26 22:24:20,464 - DEBUG - Collected collision time for BConcave+FConvex+3900 at IoU 0.1: nan
2025-07-26 22:24:20,464 - DEBUG - Collected collision time for BConcave+FConvex+3900 at IoU 0.15: nan
2025-07-26 22:24:20,464 - DEBUG - Collected collision time for BConcave+FConvex+3900 at IoU 0.2: nan
2025-07-26 22:24:20,464 - DEBUG - Collected collision time for BConcave+FConvex+3900 at IoU 0.25: nan
2025-07-26 22:24:20,465 - DEBUG - Collected collision time for BConcave+FConvex+3900 at IoU 0.3: nan
2025-07-26 22:24:20,465 - DEBUG - Collected collision time for BConcave+FConvex+3900 at IoU 0.35: nan
2025-07-26 22:24:20,465 - DEBUG - Collected collision time for BConcave+FConvex+3900 at IoU 0.4: nan
2025-07-26 22:24:20,465 - DEBUG - Collected collision time for BConcave+FConvex+3900 at IoU 0.45: nan
2025-07-26 22:24:20,466 - DEBUG - Collected collision time for BConcave+FConvex+3900 at IoU 0.5: nan
2025-07-26 22:24:20,466 - DEBUG - Collected collision time for BConcave+FConvex+3900 at IoU 0.55: nan
2025-07-26 22:24:20,466 - DEBUG - Collected collision time for BConcave+FConvex+3900 at IoU 0.6: nan
2025-07-26 22:24:20,466 - DEBUG - Collected collision time for BConcave+FConvex+3900 at IoU 0.65: nan
2025-07-26 22:24:20,467 - DEBUG - Collected collision time for BConcave+FConvex+3900 at IoU 0.7: nan
2025-07-26 22:24:20,467 - DEBUG - Collected collision time for BConcave+FConvex+3900 at IoU 0.75: nan
2025-07-26 22:24:20,467 - DEBUG - Collected collision time for BConcave+FConvex+3900 at IoU 0.8: nan
2025-07-26 22:24:20,468 - DEBUG - Collected collision time for BConcave+FConvex+3900 at IoU 0.85: nan
2025-07-26 22:24:20,468 - DEBUG - Collected collision time for BConcave+FConvex+3900 at IoU 0.9: nan
2025-07-26 22:24:20,468 - DEBUG - Collected collision time for BConcave+FConvex+3900 at IoU 0.95: nan
2025-07-26 22:24:20,468 - DEBUG - Collected collision time for BConcave+FConvex+4100_flipped at IoU 0.05: nan
2025-07-26 22:24:20,469 - DEBUG - Collected collision time for BConcave+FConvex+4100_flipped at IoU 0.1: nan
2025-07-26 22:24:20,469 - DEBUG - Collected collision time for BConcave+FConvex+4100_flipped at IoU 0.15: nan
2025-07-26 22:24:20,469 - DEBUG - Collected collision time for BConcave+FConvex+4100_flipped at IoU 0.2: nan
2025-07-26 22:24:20,470 - DEBUG - Collected collision time for BConcave+FConvex+4100_flipped at IoU 0.25: nan
2025-07-26 22:24:20,470 - DEBUG - Collected collision time for BConcave+FConvex+4100_flipped at IoU 0.3: nan
2025-07-26 22:24:20,470 - DEBUG - Collected collision time for BConcave+FConvex+4100_flipped at IoU 0.35: nan
2025-07-26 22:24:20,470 - DEBUG - Collected collision time for BConcave+FConvex+4100_flipped at IoU 0.4: nan
2025-07-26 22:24:20,471 - DEBUG - Collected collision time for BConcave+FConvex+4100_flipped at IoU 0.45: nan
2025-07-26 22:24:20,471 - DEBUG - Collected collision time for BConcave+FConvex+4100_flipped at IoU 0.5: nan
2025-07-26 22:24:20,471 - DEBUG - Collected collision time for BConcave+FConvex+4100_flipped at IoU 0.55: nan
2025-07-26 22:24:20,471 - DEBUG - Collected collision time for BConcave+FConvex+4100_flipped at IoU 0.6: nan
2025-07-26 22:24:20,472 - DEBUG - Collected collision time for BConcave+FConvex+4100_flipped at IoU 0.65: nan
2025-07-26 22:24:20,472 - DEBUG - Collected collision time for BConcave+FConvex+4100_flipped at IoU 0.7: nan
2025-07-26 22:24:20,472 - DEBUG - Collected collision time for BConcave+FConvex+4100_flipped at IoU 0.75: nan
2025-07-26 22:24:20,473 - DEBUG - Collected collision time for BConcave+FConvex+4100_flipped at IoU 0.8: nan
2025-07-26 22:24:20,473 - DEBUG - Collected collision time for BConcave+FConvex+4100_flipped at IoU 0.85: nan
2025-07-26 22:24:20,473 - DEBUG - Collected collision time for BConcave+FConvex+4100_flipped at IoU 0.9: nan
2025-07-26 22:24:20,473 - DEBUG - Collected collision time for BConcave+FConvex+4100_flipped at IoU 0.95: nan
2025-07-26 22:24:20,474 - DEBUG - Collected collision time for BConcave+FConvex+4300 at IoU 0.05: 4700.0
2025-07-26 22:24:20,474 - DEBUG - Collected collision time for BConcave+FConvex+4300 at IoU 0.1: nan
2025-07-26 22:24:20,474 - DEBUG - Collected collision time for BConcave+FConvex+4300 at IoU 0.15: nan
2025-07-26 22:24:20,475 - DEBUG - Collected collision time for BConcave+FConvex+4300 at IoU 0.2: nan
2025-07-26 22:24:20,475 - DEBUG - Collected collision time for BConcave+FConvex+4300 at IoU 0.25: nan
2025-07-26 22:24:20,475 - DEBUG - Collected collision time for BConcave+FConvex+4300 at IoU 0.3: nan
2025-07-26 22:24:20,475 - DEBUG - Collected collision time for BConcave+FConvex+4300 at IoU 0.35: nan
2025-07-26 22:24:20,476 - DEBUG - Collected collision time for BConcave+FConvex+4300 at IoU 0.4: nan
2025-07-26 22:24:20,476 - DEBUG - Collected collision time for BConcave+FConvex+4300 at IoU 0.45: nan
2025-07-26 22:24:20,476 - DEBUG - Collected collision time for BConcave+FConvex+4300 at IoU 0.5: nan
2025-07-26 22:24:20,476 - DEBUG - Collected collision time for BConcave+FConvex+4300 at IoU 0.55: nan
2025-07-26 22:24:20,477 - DEBUG - Collected collision time for BConcave+FConvex+4300 at IoU 0.6: nan
2025-07-26 22:24:20,477 - DEBUG - Collected collision time for BConcave+FConvex+4300 at IoU 0.65: nan
2025-07-26 22:24:20,477 - DEBUG - Collected collision time for BConcave+FConvex+4300 at IoU 0.7: nan
2025-07-26 22:24:20,477 - DEBUG - Collected collision time for BConcave+FConvex+4300 at IoU 0.75: nan
2025-07-26 22:24:20,478 - DEBUG - Collected collision time for BConcave+FConvex+4300 at IoU 0.8: nan
2025-07-26 22:24:20,478 - DEBUG - Collected collision time for BConcave+FConvex+4300 at IoU 0.85: nan
2025-07-26 22:24:20,478 - DEBUG - Collected collision time for BConcave+FConvex+4300 at IoU 0.9: nan
2025-07-26 22:24:20,479 - DEBUG - Collected collision time for BConcave+FConvex+4300 at IoU 0.95: nan
2025-07-26 22:24:20,479 - DEBUG - Collected collision time for BConcave+FConvex+4500_flipped at IoU 0.05: nan
2025-07-26 22:24:20,479 - DEBUG - Collected collision time for BConcave+FConvex+4500_flipped at IoU 0.1: nan
2025-07-26 22:24:20,479 - DEBUG - Collected collision time for BConcave+FConvex+4500_flipped at IoU 0.15: nan
2025-07-26 22:24:20,480 - DEBUG - Collected collision time for BConcave+FConvex+4500_flipped at IoU 0.2: nan
2025-07-26 22:24:20,480 - DEBUG - Collected collision time for BConcave+FConvex+4500_flipped at IoU 0.25: nan
2025-07-26 22:24:20,480 - DEBUG - Collected collision time for BConcave+FConvex+4500_flipped at IoU 0.3: nan
2025-07-26 22:24:20,481 - DEBUG - Collected collision time for BConcave+FConvex+4500_flipped at IoU 0.35: nan
2025-07-26 22:24:20,481 - DEBUG - Collected collision time for BConcave+FConvex+4500_flipped at IoU 0.4: nan
2025-07-26 22:24:20,481 - DEBUG - Collected collision time for BConcave+FConvex+4500_flipped at IoU 0.45: nan
2025-07-26 22:24:20,481 - DEBUG - Collected collision time for BConcave+FConvex+4500_flipped at IoU 0.5: nan
2025-07-26 22:24:20,482 - DEBUG - Collected collision time for BConcave+FConvex+4500_flipped at IoU 0.55: nan
2025-07-26 22:24:20,482 - DEBUG - Collected collision time for BConcave+FConvex+4500_flipped at IoU 0.6: nan
2025-07-26 22:24:20,482 - DEBUG - Collected collision time for BConcave+FConvex+4500_flipped at IoU 0.65: nan
2025-07-26 22:24:20,482 - DEBUG - Collected collision time for BConcave+FConvex+4500_flipped at IoU 0.7: nan
2025-07-26 22:24:20,483 - DEBUG - Collected collision time for BConcave+FConvex+4500_flipped at IoU 0.75: nan
2025-07-26 22:24:20,483 - DEBUG - Collected collision time for BConcave+FConvex+4500_flipped at IoU 0.8: nan
2025-07-26 22:24:20,483 - DEBUG - Collected collision time for BConcave+FConvex+4500_flipped at IoU 0.85: nan
2025-07-26 22:24:20,483 - DEBUG - Collected collision time for BConcave+FConvex+4500_flipped at IoU 0.9: nan
2025-07-26 22:24:20,484 - DEBUG - Collected collision time for BConcave+FConvex+4500_flipped at IoU 0.95: nan
2025-07-26 22:24:20,484 - DEBUG - Collected collision time for BConcave+gConcave+3500_flipped at IoU 0.05: 3933.333333333333
2025-07-26 22:24:20,484 - DEBUG - Collected collision time for BConcave+gConcave+3500_flipped at IoU 0.1: 4016.6666666666665
2025-07-26 22:24:20,484 - DEBUG - Collected collision time for BConcave+gConcave+3500_flipped at IoU 0.15: 4100.0
2025-07-26 22:24:20,485 - DEBUG - Collected collision time for BConcave+gConcave+3500_flipped at IoU 0.2: 4133.333333333334
2025-07-26 22:24:20,485 - DEBUG - Collected collision time for BConcave+gConcave+3500_flipped at IoU 0.25: 4200.0
2025-07-26 22:24:20,485 - DEBUG - Collected collision time for BConcave+gConcave+3500_flipped at IoU 0.3: 4300.0
2025-07-26 22:24:20,485 - DEBUG - Collected collision time for BConcave+gConcave+3500_flipped at IoU 0.35: nan
2025-07-26 22:24:20,486 - DEBUG - Collected collision time for BConcave+gConcave+3500_flipped at IoU 0.4: nan
2025-07-26 22:24:20,486 - DEBUG - Collected collision time for BConcave+gConcave+3500_flipped at IoU 0.45: nan
2025-07-26 22:24:20,486 - DEBUG - Collected collision time for BConcave+gConcave+3500_flipped at IoU 0.5: nan
2025-07-26 22:24:20,486 - DEBUG - Collected collision time for BConcave+gConcave+3500_flipped at IoU 0.55: nan
2025-07-26 22:24:20,487 - DEBUG - Collected collision time for BConcave+gConcave+3500_flipped at IoU 0.6: nan
2025-07-26 22:24:20,487 - DEBUG - Collected collision time for BConcave+gConcave+3500_flipped at IoU 0.65: nan
2025-07-26 22:24:20,487 - DEBUG - Collected collision time for BConcave+gConcave+3500_flipped at IoU 0.7: nan
2025-07-26 22:24:20,488 - DEBUG - Collected collision time for BConcave+gConcave+3500_flipped at IoU 0.75: nan
2025-07-26 22:24:20,488 - DEBUG - Collected collision time for BConcave+gConcave+3500_flipped at IoU 0.8: nan
2025-07-26 22:24:20,488 - DEBUG - Collected collision time for BConcave+gConcave+3500_flipped at IoU 0.85: nan
2025-07-26 22:24:20,488 - DEBUG - Collected collision time for BConcave+gConcave+3500_flipped at IoU 0.9: nan
2025-07-26 22:24:20,489 - DEBUG - Collected collision time for BConcave+gConcave+3500_flipped at IoU 0.95: nan
2025-07-26 22:24:20,489 - DEBUG - Collected collision time for BConcave+gConcave+3700 at IoU 0.05: 3816.666666666667
2025-07-26 22:24:20,489 - DEBUG - Collected collision time for BConcave+gConcave+3700 at IoU 0.1: 4000.0
2025-07-26 22:24:20,489 - DEBUG - Collected collision time for BConcave+gConcave+3700 at IoU 0.15: 4133.333333333334
2025-07-26 22:24:20,490 - DEBUG - Collected collision time for BConcave+gConcave+3700 at IoU 0.2: 4650.0
2025-07-26 22:24:20,490 - DEBUG - Collected collision time for BConcave+gConcave+3700 at IoU 0.25: 4650.0
2025-07-26 22:24:20,490 - DEBUG - Collected collision time for BConcave+gConcave+3700 at IoU 0.3: 4650.0
2025-07-26 22:24:20,490 - DEBUG - Collected collision time for BConcave+gConcave+3700 at IoU 0.35: nan
2025-07-26 22:24:20,491 - DEBUG - Collected collision time for BConcave+gConcave+3700 at IoU 0.4: nan
2025-07-26 22:24:20,491 - DEBUG - Collected collision time for BConcave+gConcave+3700 at IoU 0.45: nan
2025-07-26 22:24:20,491 - DEBUG - Collected collision time for BConcave+gConcave+3700 at IoU 0.5: nan
2025-07-26 22:24:20,492 - DEBUG - Collected collision time for BConcave+gConcave+3700 at IoU 0.55: nan
2025-07-26 22:24:20,492 - DEBUG - Collected collision time for BConcave+gConcave+3700 at IoU 0.6: nan
2025-07-26 22:24:20,492 - DEBUG - Collected collision time for BConcave+gConcave+3700 at IoU 0.65: nan
2025-07-26 22:24:20,493 - DEBUG - Collected collision time for BConcave+gConcave+3700 at IoU 0.7: nan
2025-07-26 22:24:20,493 - DEBUG - Collected collision time for BConcave+gConcave+3700 at IoU 0.75: nan
2025-07-26 22:24:20,493 - DEBUG - Collected collision time for BConcave+gConcave+3700 at IoU 0.8: nan
2025-07-26 22:24:20,493 - DEBUG - Collected collision time for BConcave+gConcave+3700 at IoU 0.85: nan
2025-07-26 22:24:20,494 - DEBUG - Collected collision time for BConcave+gConcave+3700 at IoU 0.9: nan
2025-07-26 22:24:20,494 - DEBUG - Collected collision time for BConcave+gConcave+3700 at IoU 0.95: nan
2025-07-26 22:24:20,494 - DEBUG - Collected collision time for BConcave+gConcave+3900_flipped at IoU 0.05: nan
2025-07-26 22:24:20,495 - DEBUG - Collected collision time for BConcave+gConcave+3900_flipped at IoU 0.1: nan
2025-07-26 22:24:20,495 - DEBUG - Collected collision time for BConcave+gConcave+3900_flipped at IoU 0.15: nan
2025-07-26 22:24:20,495 - DEBUG - Collected collision time for BConcave+gConcave+3900_flipped at IoU 0.2: nan
2025-07-26 22:24:20,495 - DEBUG - Collected collision time for BConcave+gConcave+3900_flipped at IoU 0.25: nan
2025-07-26 22:24:20,496 - DEBUG - Collected collision time for BConcave+gConcave+3900_flipped at IoU 0.3: nan
2025-07-26 22:24:20,496 - DEBUG - Collected collision time for BConcave+gConcave+3900_flipped at IoU 0.35: nan
2025-07-26 22:24:20,496 - DEBUG - Collected collision time for BConcave+gConcave+3900_flipped at IoU 0.4: nan
2025-07-26 22:24:20,496 - DEBUG - Collected collision time for BConcave+gConcave+3900_flipped at IoU 0.45: nan
2025-07-26 22:24:20,497 - DEBUG - Collected collision time for BConcave+gConcave+3900_flipped at IoU 0.5: nan
2025-07-26 22:24:20,497 - DEBUG - Collected collision time for BConcave+gConcave+3900_flipped at IoU 0.55: nan
2025-07-26 22:24:20,497 - DEBUG - Collected collision time for BConcave+gConcave+3900_flipped at IoU 0.6: nan
2025-07-26 22:24:20,498 - DEBUG - Collected collision time for BConcave+gConcave+3900_flipped at IoU 0.65: nan
2025-07-26 22:24:20,498 - DEBUG - Collected collision time for BConcave+gConcave+3900_flipped at IoU 0.7: nan
2025-07-26 22:24:20,498 - DEBUG - Collected collision time for BConcave+gConcave+3900_flipped at IoU 0.75: nan
2025-07-26 22:24:20,498 - DEBUG - Collected collision time for BConcave+gConcave+3900_flipped at IoU 0.8: nan
2025-07-26 22:24:20,499 - DEBUG - Collected collision time for BConcave+gConcave+3900_flipped at IoU 0.85: nan
2025-07-26 22:24:20,499 - DEBUG - Collected collision time for BConcave+gConcave+3900_flipped at IoU 0.9: nan
2025-07-26 22:24:20,499 - DEBUG - Collected collision time for BConcave+gConcave+3900_flipped at IoU 0.95: nan
2025-07-26 22:24:20,500 - DEBUG - Collected collision time for BConcave+gConcave+4100 at IoU 0.05: 4516.666666666667
2025-07-26 22:24:20,500 - DEBUG - Collected collision time for BConcave+gConcave+4100 at IoU 0.1: 4633.333333333334
2025-07-26 22:24:20,500 - DEBUG - Collected collision time for BConcave+gConcave+4100 at IoU 0.15: 4800.0
2025-07-26 22:24:20,500 - DEBUG - Collected collision time for BConcave+gConcave+4100 at IoU 0.2: nan
2025-07-26 22:24:20,501 - DEBUG - Collected collision time for BConcave+gConcave+4100 at IoU 0.25: nan
2025-07-26 22:24:20,501 - DEBUG - Collected collision time for BConcave+gConcave+4100 at IoU 0.3: nan
2025-07-26 22:24:20,501 - DEBUG - Collected collision time for BConcave+gConcave+4100 at IoU 0.35: nan
2025-07-26 22:24:20,502 - DEBUG - Collected collision time for BConcave+gConcave+4100 at IoU 0.4: nan
2025-07-26 22:24:20,502 - DEBUG - Collected collision time for BConcave+gConcave+4100 at IoU 0.45: nan
2025-07-26 22:24:20,502 - DEBUG - Collected collision time for BConcave+gConcave+4100 at IoU 0.5: nan
2025-07-26 22:24:20,502 - DEBUG - Collected collision time for BConcave+gConcave+4100 at IoU 0.55: nan
2025-07-26 22:24:20,503 - DEBUG - Collected collision time for BConcave+gConcave+4100 at IoU 0.6: nan
2025-07-26 22:24:20,503 - DEBUG - Collected collision time for BConcave+gConcave+4100 at IoU 0.65: nan
2025-07-26 22:24:20,503 - DEBUG - Collected collision time for BConcave+gConcave+4100 at IoU 0.7: nan
2025-07-26 22:24:20,504 - DEBUG - Collected collision time for BConcave+gConcave+4100 at IoU 0.75: nan
2025-07-26 22:24:20,504 - DEBUG - Collected collision time for BConcave+gConcave+4100 at IoU 0.8: nan
2025-07-26 22:24:20,504 - DEBUG - Collected collision time for BConcave+gConcave+4100 at IoU 0.85: nan
2025-07-26 22:24:20,504 - DEBUG - Collected collision time for BConcave+gConcave+4100 at IoU 0.9: nan
2025-07-26 22:24:20,505 - DEBUG - Collected collision time for BConcave+gConcave+4100 at IoU 0.95: nan
2025-07-26 22:24:20,505 - DEBUG - Collected collision time for BConcave+gConcave+4300_flipped at IoU 0.05: nan
2025-07-26 22:24:20,505 - DEBUG - Collected collision time for BConcave+gConcave+4300_flipped at IoU 0.1: nan
2025-07-26 22:24:20,506 - DEBUG - Collected collision time for BConcave+gConcave+4300_flipped at IoU 0.15: nan
2025-07-26 22:24:20,506 - DEBUG - Collected collision time for BConcave+gConcave+4300_flipped at IoU 0.2: nan
2025-07-26 22:24:20,506 - DEBUG - Collected collision time for BConcave+gConcave+4300_flipped at IoU 0.25: nan
2025-07-26 22:24:20,506 - DEBUG - Collected collision time for BConcave+gConcave+4300_flipped at IoU 0.3: nan
2025-07-26 22:24:20,507 - DEBUG - Collected collision time for BConcave+gConcave+4300_flipped at IoU 0.35: nan
2025-07-26 22:24:20,507 - DEBUG - Collected collision time for BConcave+gConcave+4300_flipped at IoU 0.4: nan
2025-07-26 22:24:20,507 - DEBUG - Collected collision time for BConcave+gConcave+4300_flipped at IoU 0.45: nan
2025-07-26 22:24:20,508 - DEBUG - Collected collision time for BConcave+gConcave+4300_flipped at IoU 0.5: nan
2025-07-26 22:24:20,508 - DEBUG - Collected collision time for BConcave+gConcave+4300_flipped at IoU 0.55: nan
2025-07-26 22:24:20,508 - DEBUG - Collected collision time for BConcave+gConcave+4300_flipped at IoU 0.6: nan
2025-07-26 22:24:20,508 - DEBUG - Collected collision time for BConcave+gConcave+4300_flipped at IoU 0.65: nan
2025-07-26 22:24:20,509 - DEBUG - Collected collision time for BConcave+gConcave+4300_flipped at IoU 0.7: nan
2025-07-26 22:24:20,509 - DEBUG - Collected collision time for BConcave+gConcave+4300_flipped at IoU 0.75: nan
2025-07-26 22:24:20,509 - DEBUG - Collected collision time for BConcave+gConcave+4300_flipped at IoU 0.8: nan
2025-07-26 22:24:20,509 - DEBUG - Collected collision time for BConcave+gConcave+4300_flipped at IoU 0.85: nan
2025-07-26 22:24:20,510 - DEBUG - Collected collision time for BConcave+gConcave+4300_flipped at IoU 0.9: nan
2025-07-26 22:24:20,510 - DEBUG - Collected collision time for BConcave+gConcave+4300_flipped at IoU 0.95: nan
2025-07-26 22:24:20,510 - DEBUG - Collected collision time for BConcave+gConcave+4500 at IoU 0.05: nan
2025-07-26 22:24:20,511 - DEBUG - Collected collision time for BConcave+gConcave+4500 at IoU 0.1: nan
2025-07-26 22:24:20,511 - DEBUG - Collected collision time for BConcave+gConcave+4500 at IoU 0.15: nan
2025-07-26 22:24:20,511 - DEBUG - Collected collision time for BConcave+gConcave+4500 at IoU 0.2: nan
2025-07-26 22:24:20,512 - DEBUG - Collected collision time for BConcave+gConcave+4500 at IoU 0.25: nan
2025-07-26 22:24:20,512 - DEBUG - Collected collision time for BConcave+gConcave+4500 at IoU 0.3: nan
2025-07-26 22:24:20,512 - DEBUG - Collected collision time for BConcave+gConcave+4500 at IoU 0.35: nan
2025-07-26 22:24:20,512 - DEBUG - Collected collision time for BConcave+gConcave+4500 at IoU 0.4: nan
2025-07-26 22:24:20,513 - DEBUG - Collected collision time for BConcave+gConcave+4500 at IoU 0.45: nan
2025-07-26 22:24:20,513 - DEBUG - Collected collision time for BConcave+gConcave+4500 at IoU 0.5: nan
2025-07-26 22:24:20,513 - DEBUG - Collected collision time for BConcave+gConcave+4500 at IoU 0.55: nan
2025-07-26 22:24:20,513 - DEBUG - Collected collision time for BConcave+gConcave+4500 at IoU 0.6: nan
2025-07-26 22:24:20,514 - DEBUG - Collected collision time for BConcave+gConcave+4500 at IoU 0.65: nan
2025-07-26 22:24:20,514 - DEBUG - Collected collision time for BConcave+gConcave+4500 at IoU 0.7: nan
2025-07-26 22:24:20,514 - DEBUG - Collected collision time for BConcave+gConcave+4500 at IoU 0.75: nan
2025-07-26 22:24:20,515 - DEBUG - Collected collision time for BConcave+gConcave+4500 at IoU 0.8: nan
2025-07-26 22:24:20,515 - DEBUG - Collected collision time for BConcave+gConcave+4500 at IoU 0.85: nan
2025-07-26 22:24:20,515 - DEBUG - Collected collision time for BConcave+gConcave+4500 at IoU 0.9: nan
2025-07-26 22:24:20,515 - DEBUG - Collected collision time for BConcave+gConcave+4500 at IoU 0.95: nan
2025-07-26 22:24:20,516 - DEBUG - Collected collision time for BConcave+gConvex+3500 at IoU 0.05: nan
2025-07-26 22:24:20,516 - DEBUG - Collected collision time for BConcave+gConvex+3500 at IoU 0.1: nan
2025-07-26 22:24:20,516 - DEBUG - Collected collision time for BConcave+gConvex+3500 at IoU 0.15: nan
2025-07-26 22:24:20,517 - DEBUG - Collected collision time for BConcave+gConvex+3500 at IoU 0.2: nan
2025-07-26 22:24:20,517 - DEBUG - Collected collision time for BConcave+gConvex+3500 at IoU 0.25: nan
2025-07-26 22:24:20,517 - DEBUG - Collected collision time for BConcave+gConvex+3500 at IoU 0.3: nan
2025-07-26 22:24:20,517 - DEBUG - Collected collision time for BConcave+gConvex+3500 at IoU 0.35: nan
2025-07-26 22:24:20,518 - DEBUG - Collected collision time for BConcave+gConvex+3500 at IoU 0.4: nan
2025-07-26 22:24:20,518 - DEBUG - Collected collision time for BConcave+gConvex+3500 at IoU 0.45: nan
2025-07-26 22:24:20,518 - DEBUG - Collected collision time for BConcave+gConvex+3500 at IoU 0.5: nan
2025-07-26 22:24:20,519 - DEBUG - Collected collision time for BConcave+gConvex+3500 at IoU 0.55: nan
2025-07-26 22:24:20,519 - DEBUG - Collected collision time for BConcave+gConvex+3500 at IoU 0.6: nan
2025-07-26 22:24:20,519 - DEBUG - Collected collision time for BConcave+gConvex+3500 at IoU 0.65: nan
2025-07-26 22:24:20,519 - DEBUG - Collected collision time for BConcave+gConvex+3500 at IoU 0.7: nan
2025-07-26 22:24:20,520 - DEBUG - Collected collision time for BConcave+gConvex+3500 at IoU 0.75: nan
2025-07-26 22:24:20,520 - DEBUG - Collected collision time for BConcave+gConvex+3500 at IoU 0.8: nan
2025-07-26 22:24:20,520 - DEBUG - Collected collision time for BConcave+gConvex+3500 at IoU 0.85: nan
2025-07-26 22:24:20,520 - DEBUG - Collected collision time for BConcave+gConvex+3500 at IoU 0.9: nan
2025-07-26 22:24:20,521 - DEBUG - Collected collision time for BConcave+gConvex+3500 at IoU 0.95: nan
2025-07-26 22:24:20,521 - DEBUG - Collected collision time for BConcave+gConvex+3700_flipped at IoU 0.05: nan
2025-07-26 22:24:20,521 - DEBUG - Collected collision time for BConcave+gConvex+3700_flipped at IoU 0.1: nan
2025-07-26 22:24:20,522 - DEBUG - Collected collision time for BConcave+gConvex+3700_flipped at IoU 0.15: nan
2025-07-26 22:24:20,522 - DEBUG - Collected collision time for BConcave+gConvex+3700_flipped at IoU 0.2: nan
2025-07-26 22:24:20,522 - DEBUG - Collected collision time for BConcave+gConvex+3700_flipped at IoU 0.25: nan
2025-07-26 22:24:20,522 - DEBUG - Collected collision time for BConcave+gConvex+3700_flipped at IoU 0.3: nan
2025-07-26 22:24:20,523 - DEBUG - Collected collision time for BConcave+gConvex+3700_flipped at IoU 0.35: nan
2025-07-26 22:24:20,523 - DEBUG - Collected collision time for BConcave+gConvex+3700_flipped at IoU 0.4: nan
2025-07-26 22:24:20,523 - DEBUG - Collected collision time for BConcave+gConvex+3700_flipped at IoU 0.45: nan
2025-07-26 22:24:20,524 - DEBUG - Collected collision time for BConcave+gConvex+3700_flipped at IoU 0.5: nan
2025-07-26 22:24:20,524 - DEBUG - Collected collision time for BConcave+gConvex+3700_flipped at IoU 0.55: nan
2025-07-26 22:24:20,524 - DEBUG - Collected collision time for BConcave+gConvex+3700_flipped at IoU 0.6: nan
2025-07-26 22:24:20,524 - DEBUG - Collected collision time for BConcave+gConvex+3700_flipped at IoU 0.65: nan
2025-07-26 22:24:20,525 - DEBUG - Collected collision time for BConcave+gConvex+3700_flipped at IoU 0.7: nan
2025-07-26 22:24:20,525 - DEBUG - Collected collision time for BConcave+gConvex+3700_flipped at IoU 0.75: nan
2025-07-26 22:24:20,525 - DEBUG - Collected collision time for BConcave+gConvex+3700_flipped at IoU 0.8: nan
2025-07-26 22:24:20,526 - DEBUG - Collected collision time for BConcave+gConvex+3700_flipped at IoU 0.85: nan
2025-07-26 22:24:20,526 - DEBUG - Collected collision time for BConcave+gConvex+3700_flipped at IoU 0.9: nan
2025-07-26 22:24:20,526 - DEBUG - Collected collision time for BConcave+gConvex+3700_flipped at IoU 0.95: nan
2025-07-26 22:24:20,526 - DEBUG - Collected collision time for BConcave+gConvex+3900 at IoU 0.05: 1616.6666666666667
2025-07-26 22:24:20,526 - DEBUG - Collected collision time for BConcave+gConvex+3900 at IoU 0.1: 1616.6666666666667
2025-07-26 22:24:20,527 - DEBUG - Collected collision time for BConcave+gConvex+3900 at IoU 0.15: 1616.6666666666667
2025-07-26 22:24:20,527 - DEBUG - Collected collision time for BConcave+gConvex+3900 at IoU 0.2: 1616.6666666666667
2025-07-26 22:24:20,527 - DEBUG - Collected collision time for BConcave+gConvex+3900 at IoU 0.25: 1616.6666666666667
2025-07-26 22:24:20,528 - DEBUG - Collected collision time for BConcave+gConvex+3900 at IoU 0.3: 1616.6666666666667
2025-07-26 22:24:20,528 - DEBUG - Collected collision time for BConcave+gConvex+3900 at IoU 0.35: nan
2025-07-26 22:24:20,528 - DEBUG - Collected collision time for BConcave+gConvex+3900 at IoU 0.4: nan
2025-07-26 22:24:20,528 - DEBUG - Collected collision time for BConcave+gConvex+3900 at IoU 0.45: nan
2025-07-26 22:24:20,529 - DEBUG - Collected collision time for BConcave+gConvex+3900 at IoU 0.5: nan
2025-07-26 22:24:20,529 - DEBUG - Collected collision time for BConcave+gConvex+3900 at IoU 0.55: nan
2025-07-26 22:24:20,529 - DEBUG - Collected collision time for BConcave+gConvex+3900 at IoU 0.6: nan
2025-07-26 22:24:20,529 - DEBUG - Collected collision time for BConcave+gConvex+3900 at IoU 0.65: nan
2025-07-26 22:24:20,530 - DEBUG - Collected collision time for BConcave+gConvex+3900 at IoU 0.7: nan
2025-07-26 22:24:20,530 - DEBUG - Collected collision time for BConcave+gConvex+3900 at IoU 0.75: nan
2025-07-26 22:24:20,530 - DEBUG - Collected collision time for BConcave+gConvex+3900 at IoU 0.8: nan
2025-07-26 22:24:20,531 - DEBUG - Collected collision time for BConcave+gConvex+3900 at IoU 0.85: nan
2025-07-26 22:24:20,531 - DEBUG - Collected collision time for BConcave+gConvex+3900 at IoU 0.9: nan
2025-07-26 22:24:20,531 - DEBUG - Collected collision time for BConcave+gConvex+3900 at IoU 0.95: nan
2025-07-26 22:24:20,531 - DEBUG - Collected collision time for BConcave+gConvex+4100_flipped at IoU 0.05: 4450.0
2025-07-26 22:24:20,532 - DEBUG - Collected collision time for BConcave+gConvex+4100_flipped at IoU 0.1: 4583.333333333333
2025-07-26 22:24:20,532 - DEBUG - Collected collision time for BConcave+gConvex+4100_flipped at IoU 0.15: 4733.333333333333
2025-07-26 22:24:20,532 - DEBUG - Collected collision time for BConcave+gConvex+4100_flipped at IoU 0.2: nan
2025-07-26 22:24:20,533 - DEBUG - Collected collision time for BConcave+gConvex+4100_flipped at IoU 0.25: nan
2025-07-26 22:24:20,533 - DEBUG - Collected collision time for BConcave+gConvex+4100_flipped at IoU 0.3: nan
2025-07-26 22:24:20,533 - DEBUG - Collected collision time for BConcave+gConvex+4100_flipped at IoU 0.35: nan
2025-07-26 22:24:20,533 - DEBUG - Collected collision time for BConcave+gConvex+4100_flipped at IoU 0.4: nan
2025-07-26 22:24:20,534 - DEBUG - Collected collision time for BConcave+gConvex+4100_flipped at IoU 0.45: nan
2025-07-26 22:24:20,534 - DEBUG - Collected collision time for BConcave+gConvex+4100_flipped at IoU 0.5: nan
2025-07-26 22:24:20,534 - DEBUG - Collected collision time for BConcave+gConvex+4100_flipped at IoU 0.55: nan
2025-07-26 22:24:20,534 - DEBUG - Collected collision time for BConcave+gConvex+4100_flipped at IoU 0.6: nan
2025-07-26 22:24:20,535 - DEBUG - Collected collision time for BConcave+gConvex+4100_flipped at IoU 0.65: nan
2025-07-26 22:24:20,535 - DEBUG - Collected collision time for BConcave+gConvex+4100_flipped at IoU 0.7: nan
2025-07-26 22:24:20,535 - DEBUG - Collected collision time for BConcave+gConvex+4100_flipped at IoU 0.75: nan
2025-07-26 22:24:20,535 - DEBUG - Collected collision time for BConcave+gConvex+4100_flipped at IoU 0.8: nan
2025-07-26 22:24:20,536 - DEBUG - Collected collision time for BConcave+gConvex+4100_flipped at IoU 0.85: nan
2025-07-26 22:24:20,536 - DEBUG - Collected collision time for BConcave+gConvex+4100_flipped at IoU 0.9: nan
2025-07-26 22:24:20,536 - DEBUG - Collected collision time for BConcave+gConvex+4100_flipped at IoU 0.95: nan
2025-07-26 22:24:20,537 - DEBUG - Collected collision time for BConcave+gConvex+4300 at IoU 0.05: nan
2025-07-26 22:24:20,537 - DEBUG - Collected collision time for BConcave+gConvex+4300 at IoU 0.1: nan
2025-07-26 22:24:20,537 - DEBUG - Collected collision time for BConcave+gConvex+4300 at IoU 0.15: nan
2025-07-26 22:24:20,537 - DEBUG - Collected collision time for BConcave+gConvex+4300 at IoU 0.2: nan
2025-07-26 22:24:20,538 - DEBUG - Collected collision time for BConcave+gConvex+4300 at IoU 0.25: nan
2025-07-26 22:24:20,538 - DEBUG - Collected collision time for BConcave+gConvex+4300 at IoU 0.3: nan
2025-07-26 22:24:20,538 - DEBUG - Collected collision time for BConcave+gConvex+4300 at IoU 0.35: nan
2025-07-26 22:24:20,538 - DEBUG - Collected collision time for BConcave+gConvex+4300 at IoU 0.4: nan
2025-07-26 22:24:20,539 - DEBUG - Collected collision time for BConcave+gConvex+4300 at IoU 0.45: nan
2025-07-26 22:24:20,539 - DEBUG - Collected collision time for BConcave+gConvex+4300 at IoU 0.5: nan
2025-07-26 22:24:20,539 - DEBUG - Collected collision time for BConcave+gConvex+4300 at IoU 0.55: nan
2025-07-26 22:24:20,539 - DEBUG - Collected collision time for BConcave+gConvex+4300 at IoU 0.6: nan
2025-07-26 22:24:20,540 - DEBUG - Collected collision time for BConcave+gConvex+4300 at IoU 0.65: nan
2025-07-26 22:24:20,540 - DEBUG - Collected collision time for BConcave+gConvex+4300 at IoU 0.7: nan
2025-07-26 22:24:20,540 - DEBUG - Collected collision time for BConcave+gConvex+4300 at IoU 0.75: nan
2025-07-26 22:24:20,541 - DEBUG - Collected collision time for BConcave+gConvex+4300 at IoU 0.8: nan
2025-07-26 22:24:20,541 - DEBUG - Collected collision time for BConcave+gConvex+4300 at IoU 0.85: nan
2025-07-26 22:24:20,541 - DEBUG - Collected collision time for BConcave+gConvex+4300 at IoU 0.9: nan
2025-07-26 22:24:20,542 - DEBUG - Collected collision time for BConcave+gConvex+4300 at IoU 0.95: nan
2025-07-26 22:24:20,542 - DEBUG - Collected collision time for BConcave+gConvex+4500_flipped at IoU 0.05: nan
2025-07-26 22:24:20,542 - DEBUG - Collected collision time for BConcave+gConvex+4500_flipped at IoU 0.1: nan
2025-07-26 22:24:20,542 - DEBUG - Collected collision time for BConcave+gConvex+4500_flipped at IoU 0.15: nan
2025-07-26 22:24:20,543 - DEBUG - Collected collision time for BConcave+gConvex+4500_flipped at IoU 0.2: nan
2025-07-26 22:24:20,543 - DEBUG - Collected collision time for BConcave+gConvex+4500_flipped at IoU 0.25: nan
2025-07-26 22:24:20,543 - DEBUG - Collected collision time for BConcave+gConvex+4500_flipped at IoU 0.3: nan
2025-07-26 22:24:20,543 - DEBUG - Collected collision time for BConcave+gConvex+4500_flipped at IoU 0.35: nan
2025-07-26 22:24:20,544 - DEBUG - Collected collision time for BConcave+gConvex+4500_flipped at IoU 0.4: nan
2025-07-26 22:24:20,544 - DEBUG - Collected collision time for BConcave+gConvex+4500_flipped at IoU 0.45: nan
2025-07-26 22:24:20,544 - DEBUG - Collected collision time for BConcave+gConvex+4500_flipped at IoU 0.5: nan
2025-07-26 22:24:20,544 - DEBUG - Collected collision time for BConcave+gConvex+4500_flipped at IoU 0.55: nan
2025-07-26 22:24:20,545 - DEBUG - Collected collision time for BConcave+gConvex+4500_flipped at IoU 0.6: nan
2025-07-26 22:24:20,545 - DEBUG - Collected collision time for BConcave+gConvex+4500_flipped at IoU 0.65: nan
2025-07-26 22:24:20,545 - DEBUG - Collected collision time for BConcave+gConvex+4500_flipped at IoU 0.7: nan
2025-07-26 22:24:20,545 - DEBUG - Collected collision time for BConcave+gConvex+4500_flipped at IoU 0.75: nan
2025-07-26 22:24:20,546 - DEBUG - Collected collision time for BConcave+gConvex+4500_flipped at IoU 0.8: nan
2025-07-26 22:24:20,546 - DEBUG - Collected collision time for BConcave+gConvex+4500_flipped at IoU 0.85: nan
2025-07-26 22:24:20,546 - DEBUG - Collected collision time for BConcave+gConvex+4500_flipped at IoU 0.9: nan
2025-07-26 22:24:20,546 - DEBUG - Collected collision time for BConcave+gConvex+4500_flipped at IoU 0.95: nan
2025-07-26 22:24:20,547 - DEBUG - Collected collision time for BConcave+hConcave+3500_flipped at IoU 0.05: 4100.0
2025-07-26 22:24:20,547 - DEBUG - Collected collision time for BConcave+hConcave+3500_flipped at IoU 0.1: 4266.666666666667
2025-07-26 22:24:20,547 - DEBUG - Collected collision time for BConcave+hConcave+3500_flipped at IoU 0.15: 4283.333333333333
2025-07-26 22:24:20,547 - DEBUG - Collected collision time for BConcave+hConcave+3500_flipped at IoU 0.2: 4333.333333333333
2025-07-26 22:24:20,548 - DEBUG - Collected collision time for BConcave+hConcave+3500_flipped at IoU 0.25: 4466.666666666667
2025-07-26 22:24:20,548 - DEBUG - Collected collision time for BConcave+hConcave+3500_flipped at IoU 0.3: 4483.333333333333
2025-07-26 22:24:20,548 - DEBUG - Collected collision time for BConcave+hConcave+3500_flipped at IoU 0.35: nan
2025-07-26 22:24:20,549 - DEBUG - Collected collision time for BConcave+hConcave+3500_flipped at IoU 0.4: nan
2025-07-26 22:24:20,549 - DEBUG - Collected collision time for BConcave+hConcave+3500_flipped at IoU 0.45: nan
2025-07-26 22:24:20,549 - DEBUG - Collected collision time for BConcave+hConcave+3500_flipped at IoU 0.5: nan
2025-07-26 22:24:20,549 - DEBUG - Collected collision time for BConcave+hConcave+3500_flipped at IoU 0.55: nan
2025-07-26 22:24:20,550 - DEBUG - Collected collision time for BConcave+hConcave+3500_flipped at IoU 0.6: nan
2025-07-26 22:24:20,550 - DEBUG - Collected collision time for BConcave+hConcave+3500_flipped at IoU 0.65: nan
2025-07-26 22:24:20,550 - DEBUG - Collected collision time for BConcave+hConcave+3500_flipped at IoU 0.7: nan
2025-07-26 22:24:20,551 - DEBUG - Collected collision time for BConcave+hConcave+3500_flipped at IoU 0.75: nan
2025-07-26 22:24:20,551 - DEBUG - Collected collision time for BConcave+hConcave+3500_flipped at IoU 0.8: nan
2025-07-26 22:24:20,551 - DEBUG - Collected collision time for BConcave+hConcave+3500_flipped at IoU 0.85: nan
2025-07-26 22:24:20,551 - DEBUG - Collected collision time for BConcave+hConcave+3500_flipped at IoU 0.9: nan
2025-07-26 22:24:20,552 - DEBUG - Collected collision time for BConcave+hConcave+3500_flipped at IoU 0.95: nan
2025-07-26 22:24:20,552 - DEBUG - Collected collision time for BConcave+hConcave+3700 at IoU 0.05: nan
2025-07-26 22:24:20,552 - DEBUG - Collected collision time for BConcave+hConcave+3700 at IoU 0.1: nan
2025-07-26 22:24:20,552 - DEBUG - Collected collision time for BConcave+hConcave+3700 at IoU 0.15: nan
2025-07-26 22:24:20,553 - DEBUG - Collected collision time for BConcave+hConcave+3700 at IoU 0.2: nan
2025-07-26 22:24:20,553 - DEBUG - Collected collision time for BConcave+hConcave+3700 at IoU 0.25: nan
2025-07-26 22:24:20,553 - DEBUG - Collected collision time for BConcave+hConcave+3700 at IoU 0.3: nan
2025-07-26 22:24:20,554 - DEBUG - Collected collision time for BConcave+hConcave+3700 at IoU 0.35: nan
2025-07-26 22:24:20,554 - DEBUG - Collected collision time for BConcave+hConcave+3700 at IoU 0.4: nan
2025-07-26 22:24:20,554 - DEBUG - Collected collision time for BConcave+hConcave+3700 at IoU 0.45: nan
2025-07-26 22:24:20,554 - DEBUG - Collected collision time for BConcave+hConcave+3700 at IoU 0.5: nan
2025-07-26 22:24:20,555 - DEBUG - Collected collision time for BConcave+hConcave+3700 at IoU 0.55: nan
2025-07-26 22:24:20,555 - DEBUG - Collected collision time for BConcave+hConcave+3700 at IoU 0.6: nan
2025-07-26 22:24:20,555 - DEBUG - Collected collision time for BConcave+hConcave+3700 at IoU 0.65: nan
2025-07-26 22:24:20,555 - DEBUG - Collected collision time for BConcave+hConcave+3700 at IoU 0.7: nan
2025-07-26 22:24:20,556 - DEBUG - Collected collision time for BConcave+hConcave+3700 at IoU 0.75: nan
2025-07-26 22:24:20,556 - DEBUG - Collected collision time for BConcave+hConcave+3700 at IoU 0.8: nan
2025-07-26 22:24:20,556 - DEBUG - Collected collision time for BConcave+hConcave+3700 at IoU 0.85: nan
2025-07-26 22:24:20,557 - DEBUG - Collected collision time for BConcave+hConcave+3700 at IoU 0.9: nan
2025-07-26 22:24:20,557 - DEBUG - Collected collision time for BConcave+hConcave+3700 at IoU 0.95: nan
2025-07-26 22:24:20,557 - DEBUG - Collected collision time for BConcave+hConcave+3900_flipped at IoU 0.05: 4166.666666666667
2025-07-26 22:24:20,558 - DEBUG - Collected collision time for BConcave+hConcave+3900_flipped at IoU 0.1: 4316.666666666666
2025-07-26 22:24:20,558 - DEBUG - Collected collision time for BConcave+hConcave+3900_flipped at IoU 0.15: 4450.0
2025-07-26 22:24:20,558 - DEBUG - Collected collision time for BConcave+hConcave+3900_flipped at IoU 0.2: 4550.0
2025-07-26 22:24:20,558 - DEBUG - Collected collision time for BConcave+hConcave+3900_flipped at IoU 0.25: 4650.0
2025-07-26 22:24:20,559 - DEBUG - Collected collision time for BConcave+hConcave+3900_flipped at IoU 0.3: 4750.0
2025-07-26 22:24:20,559 - DEBUG - Collected collision time for BConcave+hConcave+3900_flipped at IoU 0.35: 4866.666666666666
2025-07-26 22:24:20,559 - DEBUG - Collected collision time for BConcave+hConcave+3900_flipped at IoU 0.4: nan
2025-07-26 22:24:20,560 - DEBUG - Collected collision time for BConcave+hConcave+3900_flipped at IoU 0.45: nan
2025-07-26 22:24:20,560 - DEBUG - Collected collision time for BConcave+hConcave+3900_flipped at IoU 0.5: nan
2025-07-26 22:24:20,560 - DEBUG - Collected collision time for BConcave+hConcave+3900_flipped at IoU 0.55: nan
2025-07-26 22:24:20,561 - DEBUG - Collected collision time for BConcave+hConcave+3900_flipped at IoU 0.6: nan
2025-07-26 22:24:20,561 - DEBUG - Collected collision time for BConcave+hConcave+3900_flipped at IoU 0.65: nan
2025-07-26 22:24:20,561 - DEBUG - Collected collision time for BConcave+hConcave+3900_flipped at IoU 0.7: nan
2025-07-26 22:24:20,561 - DEBUG - Collected collision time for BConcave+hConcave+3900_flipped at IoU 0.75: nan
2025-07-26 22:24:20,562 - DEBUG - Collected collision time for BConcave+hConcave+3900_flipped at IoU 0.8: nan
2025-07-26 22:24:20,562 - DEBUG - Collected collision time for BConcave+hConcave+3900_flipped at IoU 0.85: nan
2025-07-26 22:24:20,562 - DEBUG - Collected collision time for BConcave+hConcave+3900_flipped at IoU 0.9: nan
2025-07-26 22:24:20,562 - DEBUG - Collected collision time for BConcave+hConcave+3900_flipped at IoU 0.95: nan
2025-07-26 22:24:20,563 - DEBUG - Collected collision time for BConcave+hConcave+4100 at IoU 0.05: 4433.333333333334
2025-07-26 22:24:20,563 - DEBUG - Collected collision time for BConcave+hConcave+4100 at IoU 0.1: 4600.0
2025-07-26 22:24:20,563 - DEBUG - Collected collision time for BConcave+hConcave+4100 at IoU 0.15: 4700.0
2025-07-26 22:24:20,564 - DEBUG - Collected collision time for BConcave+hConcave+4100 at IoU 0.2: 4833.333333333333
2025-07-26 22:24:20,564 - DEBUG - Collected collision time for BConcave+hConcave+4100 at IoU 0.25: 4916.666666666667
2025-07-26 22:24:20,564 - DEBUG - Collected collision time for BConcave+hConcave+4100 at IoU 0.3: 5100.0
2025-07-26 22:24:20,564 - DEBUG - Collected collision time for BConcave+hConcave+4100 at IoU 0.35: nan
2025-07-26 22:24:20,565 - DEBUG - Collected collision time for BConcave+hConcave+4100 at IoU 0.4: nan
2025-07-26 22:24:20,565 - DEBUG - Collected collision time for BConcave+hConcave+4100 at IoU 0.45: nan
2025-07-26 22:24:20,565 - DEBUG - Collected collision time for BConcave+hConcave+4100 at IoU 0.5: nan
2025-07-26 22:24:20,566 - DEBUG - Collected collision time for BConcave+hConcave+4100 at IoU 0.55: nan
2025-07-26 22:24:20,566 - DEBUG - Collected collision time for BConcave+hConcave+4100 at IoU 0.6: nan
2025-07-26 22:24:20,566 - DEBUG - Collected collision time for BConcave+hConcave+4100 at IoU 0.65: nan
2025-07-26 22:24:20,567 - DEBUG - Collected collision time for BConcave+hConcave+4100 at IoU 0.7: nan
2025-07-26 22:24:20,567 - DEBUG - Collected collision time for BConcave+hConcave+4100 at IoU 0.75: nan
2025-07-26 22:24:20,567 - DEBUG - Collected collision time for BConcave+hConcave+4100 at IoU 0.8: nan
2025-07-26 22:24:20,567 - DEBUG - Collected collision time for BConcave+hConcave+4100 at IoU 0.85: nan
2025-07-26 22:24:20,568 - DEBUG - Collected collision time for BConcave+hConcave+4100 at IoU 0.9: nan
2025-07-26 22:24:20,568 - DEBUG - Collected collision time for BConcave+hConcave+4100 at IoU 0.95: nan
2025-07-26 22:24:20,568 - DEBUG - Collected collision time for BConcave+hConcave+4300_flipped at IoU 0.05: 4750.0
2025-07-26 22:24:20,569 - DEBUG - Collected collision time for BConcave+hConcave+4300_flipped at IoU 0.1: 4950.0
2025-07-26 22:24:20,569 - DEBUG - Collected collision time for BConcave+hConcave+4300_flipped at IoU 0.15: 5050.0
2025-07-26 22:24:20,569 - DEBUG - Collected collision time for BConcave+hConcave+4300_flipped at IoU 0.2: 5233.333333333333
2025-07-26 22:24:20,569 - DEBUG - Collected collision time for BConcave+hConcave+4300_flipped at IoU 0.25: nan
2025-07-26 22:24:20,569 - DEBUG - Collected collision time for BConcave+hConcave+4300_flipped at IoU 0.3: nan
2025-07-26 22:24:20,570 - DEBUG - Collected collision time for BConcave+hConcave+4300_flipped at IoU 0.35: nan
2025-07-26 22:24:20,570 - DEBUG - Collected collision time for BConcave+hConcave+4300_flipped at IoU 0.4: nan
2025-07-26 22:24:20,570 - DEBUG - Collected collision time for BConcave+hConcave+4300_flipped at IoU 0.45: nan
2025-07-26 22:24:20,571 - DEBUG - Collected collision time for BConcave+hConcave+4300_flipped at IoU 0.5: nan
2025-07-26 22:24:20,571 - DEBUG - Collected collision time for BConcave+hConcave+4300_flipped at IoU 0.55: nan
2025-07-26 22:24:20,571 - DEBUG - Collected collision time for BConcave+hConcave+4300_flipped at IoU 0.6: nan
2025-07-26 22:24:20,571 - DEBUG - Collected collision time for BConcave+hConcave+4300_flipped at IoU 0.65: nan
2025-07-26 22:24:20,572 - DEBUG - Collected collision time for BConcave+hConcave+4300_flipped at IoU 0.7: nan
2025-07-26 22:24:20,572 - DEBUG - Collected collision time for BConcave+hConcave+4300_flipped at IoU 0.75: nan
2025-07-26 22:24:20,572 - DEBUG - Collected collision time for BConcave+hConcave+4300_flipped at IoU 0.8: nan
2025-07-26 22:24:20,573 - DEBUG - Collected collision time for BConcave+hConcave+4300_flipped at IoU 0.85: nan
2025-07-26 22:24:20,573 - DEBUG - Collected collision time for BConcave+hConcave+4300_flipped at IoU 0.9: nan
2025-07-26 22:24:20,573 - DEBUG - Collected collision time for BConcave+hConcave+4300_flipped at IoU 0.95: nan
2025-07-26 22:24:20,573 - DEBUG - Collected collision time for BConcave+hConcave+4500 at IoU 0.05: 5000.0
2025-07-26 22:24:20,574 - DEBUG - Collected collision time for BConcave+hConcave+4500 at IoU 0.1: 5150.0
2025-07-26 22:24:20,574 - DEBUG - Collected collision time for BConcave+hConcave+4500 at IoU 0.15: 5350.0
2025-07-26 22:24:20,574 - DEBUG - Collected collision time for BConcave+hConcave+4500 at IoU 0.2: nan
2025-07-26 22:24:20,575 - DEBUG - Collected collision time for BConcave+hConcave+4500 at IoU 0.25: nan
2025-07-26 22:24:20,575 - DEBUG - Collected collision time for BConcave+hConcave+4500 at IoU 0.3: nan
2025-07-26 22:24:20,575 - DEBUG - Collected collision time for BConcave+hConcave+4500 at IoU 0.35: nan
2025-07-26 22:24:20,575 - DEBUG - Collected collision time for BConcave+hConcave+4500 at IoU 0.4: nan
2025-07-26 22:24:20,576 - DEBUG - Collected collision time for BConcave+hConcave+4500 at IoU 0.45: nan
2025-07-26 22:24:20,576 - DEBUG - Collected collision time for BConcave+hConcave+4500 at IoU 0.5: nan
2025-07-26 22:24:20,576 - DEBUG - Collected collision time for BConcave+hConcave+4500 at IoU 0.55: nan
2025-07-26 22:24:20,576 - DEBUG - Collected collision time for BConcave+hConcave+4500 at IoU 0.6: nan
2025-07-26 22:24:20,577 - DEBUG - Collected collision time for BConcave+hConcave+4500 at IoU 0.65: nan
2025-07-26 22:24:20,577 - DEBUG - Collected collision time for BConcave+hConcave+4500 at IoU 0.7: nan
2025-07-26 22:24:20,577 - DEBUG - Collected collision time for BConcave+hConcave+4500 at IoU 0.75: nan
2025-07-26 22:24:20,578 - DEBUG - Collected collision time for BConcave+hConcave+4500 at IoU 0.8: nan
2025-07-26 22:24:20,578 - DEBUG - Collected collision time for BConcave+hConcave+4500 at IoU 0.85: nan
2025-07-26 22:24:20,578 - DEBUG - Collected collision time for BConcave+hConcave+4500 at IoU 0.9: nan
2025-07-26 22:24:20,578 - DEBUG - Collected collision time for BConcave+hConcave+4500 at IoU 0.95: nan
2025-07-26 22:24:20,579 - DEBUG - Collected collision time for BConcave+hConvex+3500 at IoU 0.05: nan
2025-07-26 22:24:20,579 - DEBUG - Collected collision time for BConcave+hConvex+3500 at IoU 0.1: nan
2025-07-26 22:24:20,579 - DEBUG - Collected collision time for BConcave+hConvex+3500 at IoU 0.15: nan
2025-07-26 22:24:20,579 - DEBUG - Collected collision time for BConcave+hConvex+3500 at IoU 0.2: nan
2025-07-26 22:24:20,580 - DEBUG - Collected collision time for BConcave+hConvex+3500 at IoU 0.25: nan
2025-07-26 22:24:20,580 - DEBUG - Collected collision time for BConcave+hConvex+3500 at IoU 0.3: nan
2025-07-26 22:24:20,580 - DEBUG - Collected collision time for BConcave+hConvex+3500 at IoU 0.35: nan
2025-07-26 22:24:20,580 - DEBUG - Collected collision time for BConcave+hConvex+3500 at IoU 0.4: nan
2025-07-26 22:24:20,581 - DEBUG - Collected collision time for BConcave+hConvex+3500 at IoU 0.45: nan
2025-07-26 22:24:20,581 - DEBUG - Collected collision time for BConcave+hConvex+3500 at IoU 0.5: nan
2025-07-26 22:24:20,581 - DEBUG - Collected collision time for BConcave+hConvex+3500 at IoU 0.55: nan
2025-07-26 22:24:20,581 - DEBUG - Collected collision time for BConcave+hConvex+3500 at IoU 0.6: nan
2025-07-26 22:24:20,582 - DEBUG - Collected collision time for BConcave+hConvex+3500 at IoU 0.65: nan
2025-07-26 22:24:20,582 - DEBUG - Collected collision time for BConcave+hConvex+3500 at IoU 0.7: nan
2025-07-26 22:24:20,582 - DEBUG - Collected collision time for BConcave+hConvex+3500 at IoU 0.75: nan
2025-07-26 22:24:20,583 - DEBUG - Collected collision time for BConcave+hConvex+3500 at IoU 0.8: nan
2025-07-26 22:24:20,583 - DEBUG - Collected collision time for BConcave+hConvex+3500 at IoU 0.85: nan
2025-07-26 22:24:20,583 - DEBUG - Collected collision time for BConcave+hConvex+3500 at IoU 0.9: nan
2025-07-26 22:24:20,583 - DEBUG - Collected collision time for BConcave+hConvex+3500 at IoU 0.95: nan
2025-07-26 22:24:20,584 - DEBUG - Collected collision time for BConcave+hConvex+3700_flipped at IoU 0.05: 5300.0
2025-07-26 22:24:20,584 - DEBUG - Collected collision time for BConcave+hConvex+3700_flipped at IoU 0.1: nan
2025-07-26 22:24:20,584 - DEBUG - Collected collision time for BConcave+hConvex+3700_flipped at IoU 0.15: nan
2025-07-26 22:24:20,584 - DEBUG - Collected collision time for BConcave+hConvex+3700_flipped at IoU 0.2: nan
2025-07-26 22:24:20,585 - DEBUG - Collected collision time for BConcave+hConvex+3700_flipped at IoU 0.25: nan
2025-07-26 22:24:20,585 - DEBUG - Collected collision time for BConcave+hConvex+3700_flipped at IoU 0.3: nan
2025-07-26 22:24:20,585 - DEBUG - Collected collision time for BConcave+hConvex+3700_flipped at IoU 0.35: nan
2025-07-26 22:24:20,586 - DEBUG - Collected collision time for BConcave+hConvex+3700_flipped at IoU 0.4: nan
2025-07-26 22:24:20,586 - DEBUG - Collected collision time for BConcave+hConvex+3700_flipped at IoU 0.45: nan
2025-07-26 22:24:20,586 - DEBUG - Collected collision time for BConcave+hConvex+3700_flipped at IoU 0.5: nan
2025-07-26 22:24:20,586 - DEBUG - Collected collision time for BConcave+hConvex+3700_flipped at IoU 0.55: nan
2025-07-26 22:24:20,587 - DEBUG - Collected collision time for BConcave+hConvex+3700_flipped at IoU 0.6: nan
2025-07-26 22:24:20,587 - DEBUG - Collected collision time for BConcave+hConvex+3700_flipped at IoU 0.65: nan
2025-07-26 22:24:20,587 - DEBUG - Collected collision time for BConcave+hConvex+3700_flipped at IoU 0.7: nan
2025-07-26 22:24:20,587 - DEBUG - Collected collision time for BConcave+hConvex+3700_flipped at IoU 0.75: nan
2025-07-26 22:24:20,588 - DEBUG - Collected collision time for BConcave+hConvex+3700_flipped at IoU 0.8: nan
2025-07-26 22:24:20,588 - DEBUG - Collected collision time for BConcave+hConvex+3700_flipped at IoU 0.85: nan
2025-07-26 22:24:20,588 - DEBUG - Collected collision time for BConcave+hConvex+3700_flipped at IoU 0.9: nan
2025-07-26 22:24:20,589 - DEBUG - Collected collision time for BConcave+hConvex+3700_flipped at IoU 0.95: nan
2025-07-26 22:24:20,589 - DEBUG - Collected collision time for BConcave+hConvex+3900 at IoU 0.05: nan
2025-07-26 22:24:20,589 - DEBUG - Collected collision time for BConcave+hConvex+3900 at IoU 0.1: nan
2025-07-26 22:24:20,590 - DEBUG - Collected collision time for BConcave+hConvex+3900 at IoU 0.15: nan
2025-07-26 22:24:20,590 - DEBUG - Collected collision time for BConcave+hConvex+3900 at IoU 0.2: nan
2025-07-26 22:24:20,590 - DEBUG - Collected collision time for BConcave+hConvex+3900 at IoU 0.25: nan
2025-07-26 22:24:20,590 - DEBUG - Collected collision time for BConcave+hConvex+3900 at IoU 0.3: nan
2025-07-26 22:24:20,590 - DEBUG - Collected collision time for BConcave+hConvex+3900 at IoU 0.35: nan
2025-07-26 22:24:20,591 - DEBUG - Collected collision time for BConcave+hConvex+3900 at IoU 0.4: nan
2025-07-26 22:24:20,591 - DEBUG - Collected collision time for BConcave+hConvex+3900 at IoU 0.45: nan
2025-07-26 22:24:20,591 - DEBUG - Collected collision time for BConcave+hConvex+3900 at IoU 0.5: nan
2025-07-26 22:24:20,592 - DEBUG - Collected collision time for BConcave+hConvex+3900 at IoU 0.55: nan
2025-07-26 22:24:20,592 - DEBUG - Collected collision time for BConcave+hConvex+3900 at IoU 0.6: nan
2025-07-26 22:24:20,592 - DEBUG - Collected collision time for BConcave+hConvex+3900 at IoU 0.65: nan
2025-07-26 22:24:20,592 - DEBUG - Collected collision time for BConcave+hConvex+3900 at IoU 0.7: nan
2025-07-26 22:24:20,593 - DEBUG - Collected collision time for BConcave+hConvex+3900 at IoU 0.75: nan
2025-07-26 22:24:20,593 - DEBUG - Collected collision time for BConcave+hConvex+3900 at IoU 0.8: nan
2025-07-26 22:24:20,593 - DEBUG - Collected collision time for BConcave+hConvex+3900 at IoU 0.85: nan
2025-07-26 22:24:20,593 - DEBUG - Collected collision time for BConcave+hConvex+3900 at IoU 0.9: nan
2025-07-26 22:24:20,594 - DEBUG - Collected collision time for BConcave+hConvex+3900 at IoU 0.95: nan
2025-07-26 22:24:20,594 - DEBUG - Collected collision time for BConcave+hConvex+4100_flipped at IoU 0.05: 5233.333333333333
2025-07-26 22:24:20,594 - DEBUG - Collected collision time for BConcave+hConvex+4100_flipped at IoU 0.1: 5466.666666666667
2025-07-26 22:24:20,595 - DEBUG - Collected collision time for BConcave+hConvex+4100_flipped at IoU 0.15: nan
2025-07-26 22:24:20,595 - DEBUG - Collected collision time for BConcave+hConvex+4100_flipped at IoU 0.2: nan
2025-07-26 22:24:20,595 - DEBUG - Collected collision time for BConcave+hConvex+4100_flipped at IoU 0.25: nan
2025-07-26 22:24:20,595 - DEBUG - Collected collision time for BConcave+hConvex+4100_flipped at IoU 0.3: nan
2025-07-26 22:24:20,596 - DEBUG - Collected collision time for BConcave+hConvex+4100_flipped at IoU 0.35: nan
2025-07-26 22:24:20,596 - DEBUG - Collected collision time for BConcave+hConvex+4100_flipped at IoU 0.4: nan
2025-07-26 22:24:20,596 - DEBUG - Collected collision time for BConcave+hConvex+4100_flipped at IoU 0.45: nan
2025-07-26 22:24:20,596 - DEBUG - Collected collision time for BConcave+hConvex+4100_flipped at IoU 0.5: nan
2025-07-26 22:24:20,597 - DEBUG - Collected collision time for BConcave+hConvex+4100_flipped at IoU 0.55: nan
2025-07-26 22:24:20,597 - DEBUG - Collected collision time for BConcave+hConvex+4100_flipped at IoU 0.6: nan
2025-07-26 22:24:20,597 - DEBUG - Collected collision time for BConcave+hConvex+4100_flipped at IoU 0.65: nan
2025-07-26 22:24:20,598 - DEBUG - Collected collision time for BConcave+hConvex+4100_flipped at IoU 0.7: nan
2025-07-26 22:24:20,598 - DEBUG - Collected collision time for BConcave+hConvex+4100_flipped at IoU 0.75: nan
2025-07-26 22:24:20,598 - DEBUG - Collected collision time for BConcave+hConvex+4100_flipped at IoU 0.8: nan
2025-07-26 22:24:20,598 - DEBUG - Collected collision time for BConcave+hConvex+4100_flipped at IoU 0.85: nan
2025-07-26 22:24:20,599 - DEBUG - Collected collision time for BConcave+hConvex+4100_flipped at IoU 0.9: nan
2025-07-26 22:24:20,599 - DEBUG - Collected collision time for BConcave+hConvex+4100_flipped at IoU 0.95: nan
2025-07-26 22:24:20,599 - DEBUG - Collected collision time for BConcave+hConvex+4300 at IoU 0.05: nan
2025-07-26 22:24:20,600 - DEBUG - Collected collision time for BConcave+hConvex+4300 at IoU 0.1: nan
2025-07-26 22:24:20,600 - DEBUG - Collected collision time for BConcave+hConvex+4300 at IoU 0.15: nan
2025-07-26 22:24:20,600 - DEBUG - Collected collision time for BConcave+hConvex+4300 at IoU 0.2: nan
2025-07-26 22:24:20,600 - DEBUG - Collected collision time for BConcave+hConvex+4300 at IoU 0.25: nan
2025-07-26 22:24:20,601 - DEBUG - Collected collision time for BConcave+hConvex+4300 at IoU 0.3: nan
2025-07-26 22:24:20,601 - DEBUG - Collected collision time for BConcave+hConvex+4300 at IoU 0.35: nan
2025-07-26 22:24:20,601 - DEBUG - Collected collision time for BConcave+hConvex+4300 at IoU 0.4: nan
2025-07-26 22:24:20,601 - DEBUG - Collected collision time for BConcave+hConvex+4300 at IoU 0.45: nan
2025-07-26 22:24:20,602 - DEBUG - Collected collision time for BConcave+hConvex+4300 at IoU 0.5: nan
2025-07-26 22:24:20,602 - DEBUG - Collected collision time for BConcave+hConvex+4300 at IoU 0.55: nan
2025-07-26 22:24:20,602 - DEBUG - Collected collision time for BConcave+hConvex+4300 at IoU 0.6: nan
2025-07-26 22:24:20,603 - DEBUG - Collected collision time for BConcave+hConvex+4300 at IoU 0.65: nan
2025-07-26 22:24:20,603 - DEBUG - Collected collision time for BConcave+hConvex+4300 at IoU 0.7: nan
2025-07-26 22:24:20,603 - DEBUG - Collected collision time for BConcave+hConvex+4300 at IoU 0.75: nan
2025-07-26 22:24:20,603 - DEBUG - Collected collision time for BConcave+hConvex+4300 at IoU 0.8: nan
2025-07-26 22:24:20,604 - DEBUG - Collected collision time for BConcave+hConvex+4300 at IoU 0.85: nan
2025-07-26 22:24:20,604 - DEBUG - Collected collision time for BConcave+hConvex+4300 at IoU 0.9: nan
2025-07-26 22:24:20,604 - DEBUG - Collected collision time for BConcave+hConvex+4300 at IoU 0.95: nan
2025-07-26 22:24:20,605 - DEBUG - Collected collision time for BConcave+hConvex+4500_flipped at IoU 0.05: 5250.0
2025-07-26 22:24:20,605 - DEBUG - Collected collision time for BConcave+hConvex+4500_flipped at IoU 0.1: nan
2025-07-26 22:24:20,605 - DEBUG - Collected collision time for BConcave+hConvex+4500_flipped at IoU 0.15: nan
2025-07-26 22:24:20,605 - DEBUG - Collected collision time for BConcave+hConvex+4500_flipped at IoU 0.2: nan
2025-07-26 22:24:20,606 - DEBUG - Collected collision time for BConcave+hConvex+4500_flipped at IoU 0.25: nan
2025-07-26 22:24:20,606 - DEBUG - Collected collision time for BConcave+hConvex+4500_flipped at IoU 0.3: nan
2025-07-26 22:24:20,606 - DEBUG - Collected collision time for BConcave+hConvex+4500_flipped at IoU 0.35: nan
2025-07-26 22:24:20,606 - DEBUG - Collected collision time for BConcave+hConvex+4500_flipped at IoU 0.4: nan
2025-07-26 22:24:20,607 - DEBUG - Collected collision time for BConcave+hConvex+4500_flipped at IoU 0.45: nan
2025-07-26 22:24:20,607 - DEBUG - Collected collision time for BConcave+hConvex+4500_flipped at IoU 0.5: nan
2025-07-26 22:24:20,607 - DEBUG - Collected collision time for BConcave+hConvex+4500_flipped at IoU 0.55: nan
2025-07-26 22:24:20,608 - DEBUG - Collected collision time for BConcave+hConvex+4500_flipped at IoU 0.6: nan
2025-07-26 22:24:20,608 - DEBUG - Collected collision time for BConcave+hConvex+4500_flipped at IoU 0.65: nan
2025-07-26 22:24:20,608 - DEBUG - Collected collision time for BConcave+hConvex+4500_flipped at IoU 0.7: nan
2025-07-26 22:24:20,608 - DEBUG - Collected collision time for BConcave+hConvex+4500_flipped at IoU 0.75: nan
2025-07-26 22:24:20,609 - DEBUG - Collected collision time for BConcave+hConvex+4500_flipped at IoU 0.8: nan
2025-07-26 22:24:20,609 - DEBUG - Collected collision time for BConcave+hConvex+4500_flipped at IoU 0.85: nan
2025-07-26 22:24:20,609 - DEBUG - Collected collision time for BConcave+hConvex+4500_flipped at IoU 0.9: nan
2025-07-26 22:24:20,610 - DEBUG - Collected collision time for BConcave+hConvex+4500_flipped at IoU 0.95: nan
2025-07-26 22:24:20,610 - DEBUG - Collected collision time for squareA+squareP+4433+L at IoU 0.05: 4583.333333333333
2025-07-26 22:24:20,610 - DEBUG - Collected collision time for squareA+squareP+4433+L at IoU 0.1: 4666.666666666667
2025-07-26 22:24:20,610 - DEBUG - Collected collision time for squareA+squareP+4433+L at IoU 0.15: 4733.333333333333
2025-07-26 22:24:20,611 - DEBUG - Collected collision time for squareA+squareP+4433+L at IoU 0.2: 4783.333333333333
2025-07-26 22:24:20,611 - DEBUG - Collected collision time for squareA+squareP+4433+L at IoU 0.25: 4850.0
2025-07-26 22:24:20,611 - DEBUG - Collected collision time for squareA+squareP+4433+L at IoU 0.3: 4916.666666666667
2025-07-26 22:24:20,611 - DEBUG - Collected collision time for squareA+squareP+4433+L at IoU 0.35: 4950.0
2025-07-26 22:24:20,612 - DEBUG - Collected collision time for squareA+squareP+4433+L at IoU 0.4: 5000.0
2025-07-26 22:24:20,612 - DEBUG - Collected collision time for squareA+squareP+4433+L at IoU 0.45: 5050.0
2025-07-26 22:24:20,612 - DEBUG - Collected collision time for squareA+squareP+4433+L at IoU 0.5: 5100.0
2025-07-26 22:24:20,613 - DEBUG - Collected collision time for squareA+squareP+4433+L at IoU 0.55: 5116.666666666666
2025-07-26 22:24:20,613 - DEBUG - Collected collision time for squareA+squareP+4433+L at IoU 0.6: 5150.0
2025-07-26 22:24:20,613 - DEBUG - Collected collision time for squareA+squareP+4433+L at IoU 0.65: 5183.333333333334
2025-07-26 22:24:20,613 - DEBUG - Collected collision time for squareA+squareP+4433+L at IoU 0.7: 5216.666666666667
2025-07-26 22:24:20,614 - DEBUG - Collected collision time for squareA+squareP+4433+L at IoU 0.75: 5300.0
2025-07-26 22:24:20,614 - DEBUG - Collected collision time for squareA+squareP+4433+L at IoU 0.8: 5316.666666666666
2025-07-26 22:24:20,614 - DEBUG - Collected collision time for squareA+squareP+4433+L at IoU 0.85: 5316.666666666666
2025-07-26 22:24:20,615 - DEBUG - Collected collision time for squareA+squareP+4433+L at IoU 0.9: nan
2025-07-26 22:24:20,615 - DEBUG - Collected collision time for squareA+squareP+4433+L at IoU 0.95: nan
2025-07-26 22:24:20,615 - DEBUG - Collected collision time for squareA+squareP+4433+R_flipped at IoU 0.05: 4600.0
2025-07-26 22:24:20,615 - DEBUG - Collected collision time for squareA+squareP+4433+R_flipped at IoU 0.1: 4700.0
2025-07-26 22:24:20,616 - DEBUG - Collected collision time for squareA+squareP+4433+R_flipped at IoU 0.15: 4733.333333333333
2025-07-26 22:24:20,616 - DEBUG - Collected collision time for squareA+squareP+4433+R_flipped at IoU 0.2: 4833.333333333333
2025-07-26 22:24:20,616 - DEBUG - Collected collision time for squareA+squareP+4433+R_flipped at IoU 0.25: 4900.0
2025-07-26 22:24:20,616 - DEBUG - Collected collision time for squareA+squareP+4433+R_flipped at IoU 0.3: 4916.666666666667
2025-07-26 22:24:20,617 - DEBUG - Collected collision time for squareA+squareP+4433+R_flipped at IoU 0.35: 4916.666666666667
2025-07-26 22:24:20,617 - DEBUG - Collected collision time for squareA+squareP+4433+R_flipped at IoU 0.4: 5033.333333333333
2025-07-26 22:24:20,617 - DEBUG - Collected collision time for squareA+squareP+4433+R_flipped at IoU 0.45: 5083.333333333333
2025-07-26 22:24:20,618 - DEBUG - Collected collision time for squareA+squareP+4433+R_flipped at IoU 0.5: 5116.666666666666
2025-07-26 22:24:20,618 - DEBUG - Collected collision time for squareA+squareP+4433+R_flipped at IoU 0.55: 5116.666666666666
2025-07-26 22:24:20,618 - DEBUG - Collected collision time for squareA+squareP+4433+R_flipped at IoU 0.6: 5200.0
2025-07-26 22:24:20,618 - DEBUG - Collected collision time for squareA+squareP+4433+R_flipped at IoU 0.65: 5216.666666666667
2025-07-26 22:24:20,618 - DEBUG - Collected collision time for squareA+squareP+4433+R_flipped at IoU 0.7: 5266.666666666667
2025-07-26 22:24:20,619 - DEBUG - Collected collision time for squareA+squareP+4433+R_flipped at IoU 0.75: 5283.333333333333
2025-07-26 22:24:20,619 - DEBUG - Collected collision time for squareA+squareP+4433+R_flipped at IoU 0.8: 5283.333333333333
2025-07-26 22:24:20,619 - DEBUG - Collected collision time for squareA+squareP+4433+R_flipped at IoU 0.85: 5300.0
2025-07-26 22:24:20,619 - DEBUG - Collected collision time for squareA+squareP+4433+R_flipped at IoU 0.9: nan
2025-07-26 22:24:20,620 - DEBUG - Collected collision time for squareA+squareP+4433+R_flipped at IoU 0.95: nan
2025-07-26 22:24:20,620 - INFO - Collected collision data for 99 videos
2025-07-26 22:24:20,620 - INFO - Analyzing participant correlations with proper name mapping...
2025-07-26 22:24:43,586 - INFO - Convex vs Concave analysis completed for IoU 0.05
2025-07-26 22:25:06,991 - INFO - Convex vs Concave analysis completed for IoU 0.1
2025-07-26 22:25:29,771 - INFO - Convex vs Concave analysis completed for IoU 0.15
2025-07-26 22:25:52,030 - INFO - Convex vs Concave analysis completed for IoU 0.2
2025-07-26 22:26:14,272 - INFO - Convex vs Concave analysis completed for IoU 0.25
2025-07-26 22:26:36,327 - INFO - Convex vs Concave analysis completed for IoU 0.3
2025-07-26 22:26:57,032 - INFO - Convex vs Concave analysis completed for IoU 0.35
2025-07-26 22:27:16,820 - INFO - Convex vs Concave analysis completed for IoU 0.4
2025-07-26 22:27:37,198 - INFO - Convex vs Concave analysis completed for IoU 0.45
2025-07-26 22:27:54,948 - INFO - Convex vs Concave analysis completed for IoU 0.5
2025-07-26 22:28:12,592 - INFO - Convex vs Concave analysis completed for IoU 0.55
2025-07-26 22:28:30,024 - INFO - Convex vs Concave analysis completed for IoU 0.6
2025-07-26 22:28:47,546 - INFO - Convex vs Concave analysis completed for IoU 0.65
2025-07-26 22:29:05,138 - INFO - Convex vs Concave analysis completed for IoU 0.7
2025-07-26 22:29:22,666 - INFO - Convex vs Concave analysis completed for IoU 0.75
2025-07-26 22:29:40,466 - INFO - Convex vs Concave analysis completed for IoU 0.8
2025-07-26 22:29:57,984 - INFO - Convex vs Concave analysis completed for IoU 0.85
2025-07-26 22:30:15,246 - INFO - Convex vs Concave analysis completed for IoU 0.9
2025-07-26 22:30:32,334 - INFO - Convex vs Concave analysis completed for IoU 0.95
2025-07-26 22:30:32,334 - INFO - TTC experiment completed successfully
