2025-07-26 22:17:37,013 - INFO - Logger initialized. Writing detailed log to /home/projects/bagon/andreyg/Projects/Object_reps_neural/Programming/hugging_face/model_experiments/segformer/exp2TTC_segformer-b1-finetuned-ade-512-512/logs/ttc_exp_20250726_221737.log
2025-07-26 22:17:37,013 - INFO - VideoProcessor initialized with 2 blobs to detect
2025-07-26 22:17:37,013 - INFO - Blob 1 memory strategy: running_average
2025-07-26 22:17:37,013 - INFO - Blob 1 running average window: 10
2025-07-26 22:17:37,013 - INFO - Blob 1 memory will freeze after frame: 80
2025-07-26 22:17:37,013 - INFO - Vanilla segmentation enabled
2025-07-26 22:17:37,013 - INFO - Initialized TTC Experiment with output dir: /home/projects/bagon/andreyg/Projects/Object_reps_neural/Programming/hugging_face/model_experiments/segformer/exp2TTC_segformer-b1-finetuned-ade-512-512
2025-07-26 22:17:37,013 - INFO - Model prefix: segformer_model
2025-07-26 22:17:37,013 - INFO - Debug mode: False
2025-07-26 22:17:37,013 - INFO - TTC-specific configuration:
2025-07-26 22:17:37,013 - INFO -   - Blob 1 memory: running average of past 10 frames
2025-07-26 22:17:37,013 - INFO -   - Blob 1 memory updates stop after frame 80
2025-07-26 22:17:37,013 - INFO - Starting full TTC experiment
2025-07-26 22:17:37,014 - INFO - Found 99 video files to process
2025-07-26 22:17:37,014 - INFO - Reading participant CSV from /home/projects/bagon/andreyg/Projects/Object_reps_neural/Programming/hugging_face/model_experiments/exp2TTC_files/experiment2-CollisionDetection-Data.csv...
2025-07-26 22:17:37,035 - INFO - CSV loaded with 13974 rows and 10 columns.
2025-07-26 22:17:37,035 - INFO - Reading name mapping from /home/projects/bagon/andreyg/Projects/Object_reps_neural/Programming/hugging_face/model_experiments/exp2TTC_files/name_mapping.json...
2025-07-26 22:17:37,036 - INFO - Loaded name mapping with 96 entries.
2025-07-26 22:17:37,036 - INFO - Starting collision detection across videos and IoU thresholds...
2025-07-26 22:17:37,037 - INFO - Processing video: AConcave_FConcave
2025-07-26 22:17:37,039 - INFO - Video AConcave_FConcave already processed (found segformer_model-AConcave_FConcave.mp4), skipping video processing...
2025-07-26 22:17:37,046 - INFO - VanillaSegmentationSaver initialized with output dir: /home/projects/bagon/andreyg/Projects/Object_reps_neural/Programming/hugging_face/model_experiments/segformer/exp2TTC_segformer-b1-finetuned-ade-512-512/processed_videos/segformer_model-AConcave_FConcave/org_segmentation
2025-07-26 22:17:37,051 - INFO - All collision results already exist for AConcave_FConcave
2025-07-26 22:17:37,051 - DEBUG - Loaded collision time for AConcave_FConcave at IoU 0.05: 4383.333333333334
2025-07-26 22:17:37,052 - DEBUG - Loaded collision time for AConcave_FConcave at IoU 0.1: nan
2025-07-26 22:17:37,053 - DEBUG - Loaded collision time for AConcave_FConcave at IoU 0.15: nan
2025-07-26 22:17:37,054 - DEBUG - Loaded collision time for AConcave_FConcave at IoU 0.2: nan
2025-07-26 22:17:37,055 - DEBUG - Loaded collision time for AConcave_FConcave at IoU 0.25: nan
2025-07-26 22:17:37,056 - DEBUG - Loaded collision time for AConcave_FConcave at IoU 0.3: nan
2025-07-26 22:17:37,056 - DEBUG - Loaded collision time for AConcave_FConcave at IoU 0.35: nan
2025-07-26 22:17:37,057 - DEBUG - Loaded collision time for AConcave_FConcave at IoU 0.4: nan
2025-07-26 22:17:37,058 - DEBUG - Loaded collision time for AConcave_FConcave at IoU 0.45: nan
2025-07-26 22:17:37,059 - DEBUG - Loaded collision time for AConcave_FConcave at IoU 0.5: nan
2025-07-26 22:17:37,060 - DEBUG - Loaded collision time for AConcave_FConcave at IoU 0.55: nan
2025-07-26 22:17:37,060 - DEBUG - Loaded collision time for AConcave_FConcave at IoU 0.6: nan
2025-07-26 22:17:37,061 - DEBUG - Loaded collision time for AConcave_FConcave at IoU 0.65: nan
2025-07-26 22:17:37,062 - DEBUG - Loaded collision time for AConcave_FConcave at IoU 0.7: nan
2025-07-26 22:17:37,063 - DEBUG - Loaded collision time for AConcave_FConcave at IoU 0.75: nan
2025-07-26 22:17:37,064 - DEBUG - Loaded collision time for AConcave_FConcave at IoU 0.8: nan
2025-07-26 22:17:37,064 - DEBUG - Loaded collision time for AConcave_FConcave at IoU 0.85: nan
2025-07-26 22:17:37,065 - DEBUG - Loaded collision time for AConcave_FConcave at IoU 0.9: nan
2025-07-26 22:17:37,066 - DEBUG - Loaded collision time for AConcave_FConcave at IoU 0.95: nan
2025-07-26 22:17:37,066 - INFO - Processing video: BConcave+AConcave+3500
2025-07-26 22:17:37,068 - INFO - Video BConcave+AConcave+3500 already processed (found segformer_model-BConcave+AConcave+3500.mp4), skipping video processing...
2025-07-26 22:17:37,076 - INFO - VanillaSegmentationSaver initialized with output dir: /home/projects/bagon/andreyg/Projects/Object_reps_neural/Programming/hugging_face/model_experiments/segformer/exp2TTC_segformer-b1-finetuned-ade-512-512/processed_videos/segformer_model-BConcave+AConcave+3500/org_segmentation
2025-07-26 22:17:37,080 - INFO - All collision results already exist for BConcave+AConcave+3500
2025-07-26 22:17:37,081 - DEBUG - Loaded collision time for BConcave+AConcave+3500 at IoU 0.05: 4100.0
2025-07-26 22:17:37,082 - DEBUG - Loaded collision time for BConcave+AConcave+3500 at IoU 0.1: 4183.333333333334
2025-07-26 22:17:37,083 - DEBUG - Loaded collision time for BConcave+AConcave+3500 at IoU 0.15: 4250.0
2025-07-26 22:17:37,084 - DEBUG - Loaded collision time for BConcave+AConcave+3500 at IoU 0.2: 4316.666666666666
2025-07-26 22:17:37,085 - DEBUG - Loaded collision time for BConcave+AConcave+3500 at IoU 0.25: 4383.333333333334
2025-07-26 22:17:37,085 - DEBUG - Loaded collision time for BConcave+AConcave+3500 at IoU 0.3: 4433.333333333334
2025-07-26 22:17:37,086 - DEBUG - Loaded collision time for BConcave+AConcave+3500 at IoU 0.35: 4483.333333333333
2025-07-26 22:17:37,087 - DEBUG - Loaded collision time for BConcave+AConcave+3500 at IoU 0.4: 4533.333333333333
2025-07-26 22:17:37,088 - DEBUG - Loaded collision time for BConcave+AConcave+3500 at IoU 0.45: nan
2025-07-26 22:17:37,089 - DEBUG - Loaded collision time for BConcave+AConcave+3500 at IoU 0.5: nan
2025-07-26 22:17:37,089 - DEBUG - Loaded collision time for BConcave+AConcave+3500 at IoU 0.55: nan
2025-07-26 22:17:37,090 - DEBUG - Loaded collision time for BConcave+AConcave+3500 at IoU 0.6: nan
2025-07-26 22:17:37,091 - DEBUG - Loaded collision time for BConcave+AConcave+3500 at IoU 0.65: nan
2025-07-26 22:17:37,092 - DEBUG - Loaded collision time for BConcave+AConcave+3500 at IoU 0.7: nan
2025-07-26 22:17:37,092 - DEBUG - Loaded collision time for BConcave+AConcave+3500 at IoU 0.75: nan
2025-07-26 22:17:37,093 - DEBUG - Loaded collision time for BConcave+AConcave+3500 at IoU 0.8: nan
2025-07-26 22:17:37,094 - DEBUG - Loaded collision time for BConcave+AConcave+3500 at IoU 0.85: nan
2025-07-26 22:17:37,095 - DEBUG - Loaded collision time for BConcave+AConcave+3500 at IoU 0.9: nan
2025-07-26 22:17:37,096 - DEBUG - Loaded collision time for BConcave+AConcave+3500 at IoU 0.95: nan
2025-07-26 22:17:37,096 - INFO - Processing video: BConcave+AConcave+3700_flipped
2025-07-26 22:17:37,098 - INFO - Video BConcave+AConcave+3700_flipped already processed (found segformer_model-BConcave+AConcave+3700_flipped.mp4), skipping video processing...
2025-07-26 22:17:37,106 - INFO - VanillaSegmentationSaver initialized with output dir: /home/projects/bagon/andreyg/Projects/Object_reps_neural/Programming/hugging_face/model_experiments/segformer/exp2TTC_segformer-b1-finetuned-ade-512-512/processed_videos/segformer_model-BConcave+AConcave+3700_flipped/org_segmentation
2025-07-26 22:17:37,110 - INFO - All collision results already exist for BConcave+AConcave+3700_flipped
2025-07-26 22:17:37,111 - DEBUG - Loaded collision time for BConcave+AConcave+3700_flipped at IoU 0.05: nan
2025-07-26 22:17:37,111 - DEBUG - Loaded collision time for BConcave+AConcave+3700_flipped at IoU 0.1: nan
2025-07-26 22:17:37,112 - DEBUG - Loaded collision time for BConcave+AConcave+3700_flipped at IoU 0.15: nan
2025-07-26 22:17:37,113 - DEBUG - Loaded collision time for BConcave+AConcave+3700_flipped at IoU 0.2: nan
2025-07-26 22:17:37,114 - DEBUG - Loaded collision time for BConcave+AConcave+3700_flipped at IoU 0.25: nan
2025-07-26 22:17:37,115 - DEBUG - Loaded collision time for BConcave+AConcave+3700_flipped at IoU 0.3: nan
2025-07-26 22:17:37,116 - DEBUG - Loaded collision time for BConcave+AConcave+3700_flipped at IoU 0.35: nan
2025-07-26 22:17:37,117 - DEBUG - Loaded collision time for BConcave+AConcave+3700_flipped at IoU 0.4: nan
2025-07-26 22:17:37,117 - DEBUG - Loaded collision time for BConcave+AConcave+3700_flipped at IoU 0.45: nan
2025-07-26 22:17:37,118 - DEBUG - Loaded collision time for BConcave+AConcave+3700_flipped at IoU 0.5: nan
2025-07-26 22:17:37,119 - DEBUG - Loaded collision time for BConcave+AConcave+3700_flipped at IoU 0.55: nan
2025-07-26 22:17:37,120 - DEBUG - Loaded collision time for BConcave+AConcave+3700_flipped at IoU 0.6: nan
2025-07-26 22:17:37,121 - DEBUG - Loaded collision time for BConcave+AConcave+3700_flipped at IoU 0.65: nan
2025-07-26 22:17:37,121 - DEBUG - Loaded collision time for BConcave+AConcave+3700_flipped at IoU 0.7: nan
2025-07-26 22:17:37,122 - DEBUG - Loaded collision time for BConcave+AConcave+3700_flipped at IoU 0.75: nan
2025-07-26 22:17:37,123 - DEBUG - Loaded collision time for BConcave+AConcave+3700_flipped at IoU 0.8: nan
2025-07-26 22:17:37,124 - DEBUG - Loaded collision time for BConcave+AConcave+3700_flipped at IoU 0.85: nan
2025-07-26 22:17:37,125 - DEBUG - Loaded collision time for BConcave+AConcave+3700_flipped at IoU 0.9: nan
2025-07-26 22:17:37,125 - DEBUG - Loaded collision time for BConcave+AConcave+3700_flipped at IoU 0.95: nan
2025-07-26 22:17:37,125 - INFO - Processing video: BConcave+AConcave+3900
2025-07-26 22:17:37,127 - INFO - Video BConcave+AConcave+3900 already processed (found segformer_model-BConcave+AConcave+3900.mp4), skipping video processing...
2025-07-26 22:17:37,135 - INFO - VanillaSegmentationSaver initialized with output dir: /home/projects/bagon/andreyg/Projects/Object_reps_neural/Programming/hugging_face/model_experiments/segformer/exp2TTC_segformer-b1-finetuned-ade-512-512/processed_videos/segformer_model-BConcave+AConcave+3900/org_segmentation
2025-07-26 22:17:37,139 - INFO - All collision results already exist for BConcave+AConcave+3900
2025-07-26 22:17:37,140 - DEBUG - Loaded collision time for BConcave+AConcave+3900 at IoU 0.05: nan
2025-07-26 22:17:37,141 - DEBUG - Loaded collision time for BConcave+AConcave+3900 at IoU 0.1: nan
2025-07-26 22:17:37,141 - DEBUG - Loaded collision time for BConcave+AConcave+3900 at IoU 0.15: nan
2025-07-26 22:17:37,142 - DEBUG - Loaded collision time for BConcave+AConcave+3900 at IoU 0.2: nan
2025-07-26 22:17:37,143 - DEBUG - Loaded collision time for BConcave+AConcave+3900 at IoU 0.25: nan
2025-07-26 22:17:37,144 - DEBUG - Loaded collision time for BConcave+AConcave+3900 at IoU 0.3: nan
2025-07-26 22:17:37,145 - DEBUG - Loaded collision time for BConcave+AConcave+3900 at IoU 0.35: nan
2025-07-26 22:17:37,146 - DEBUG - Loaded collision time for BConcave+AConcave+3900 at IoU 0.4: nan
2025-07-26 22:17:37,146 - DEBUG - Loaded collision time for BConcave+AConcave+3900 at IoU 0.45: nan
2025-07-26 22:17:37,147 - DEBUG - Loaded collision time for BConcave+AConcave+3900 at IoU 0.5: nan
2025-07-26 22:17:37,148 - DEBUG - Loaded collision time for BConcave+AConcave+3900 at IoU 0.55: nan
2025-07-26 22:17:37,149 - DEBUG - Loaded collision time for BConcave+AConcave+3900 at IoU 0.6: nan
2025-07-26 22:17:37,150 - DEBUG - Loaded collision time for BConcave+AConcave+3900 at IoU 0.65: nan
2025-07-26 22:17:37,151 - DEBUG - Loaded collision time for BConcave+AConcave+3900 at IoU 0.7: nan
2025-07-26 22:17:37,152 - DEBUG - Loaded collision time for BConcave+AConcave+3900 at IoU 0.75: nan
2025-07-26 22:17:37,153 - DEBUG - Loaded collision time for BConcave+AConcave+3900 at IoU 0.8: nan
2025-07-26 22:17:37,154 - DEBUG - Loaded collision time for BConcave+AConcave+3900 at IoU 0.85: nan
2025-07-26 22:17:37,154 - DEBUG - Loaded collision time for BConcave+AConcave+3900 at IoU 0.9: nan
2025-07-26 22:17:37,155 - DEBUG - Loaded collision time for BConcave+AConcave+3900 at IoU 0.95: nan
2025-07-26 22:17:37,155 - INFO - Processing video: BConcave+AConcave+4100_flipped
2025-07-26 22:17:37,157 - INFO - Video BConcave+AConcave+4100_flipped already processed (found segformer_model-BConcave+AConcave+4100_flipped.mp4), skipping video processing...
2025-07-26 22:17:37,166 - INFO - VanillaSegmentationSaver initialized with output dir: /home/projects/bagon/andreyg/Projects/Object_reps_neural/Programming/hugging_face/model_experiments/segformer/exp2TTC_segformer-b1-finetuned-ade-512-512/processed_videos/segformer_model-BConcave+AConcave+4100_flipped/org_segmentation
2025-07-26 22:17:37,170 - INFO - All collision results already exist for BConcave+AConcave+4100_flipped
2025-07-26 22:17:37,171 - DEBUG - Loaded collision time for BConcave+AConcave+4100_flipped at IoU 0.05: 4466.666666666667
2025-07-26 22:17:37,172 - DEBUG - Loaded collision time for BConcave+AConcave+4100_flipped at IoU 0.1: 4566.666666666666
2025-07-26 22:17:37,172 - DEBUG - Loaded collision time for BConcave+AConcave+4100_flipped at IoU 0.15: nan
2025-07-26 22:17:37,173 - DEBUG - Loaded collision time for BConcave+AConcave+4100_flipped at IoU 0.2: nan
2025-07-26 22:17:37,174 - DEBUG - Loaded collision time for BConcave+AConcave+4100_flipped at IoU 0.25: nan
2025-07-26 22:17:37,175 - DEBUG - Loaded collision time for BConcave+AConcave+4100_flipped at IoU 0.3: nan
2025-07-26 22:17:37,176 - DEBUG - Loaded collision time for BConcave+AConcave+4100_flipped at IoU 0.35: nan
2025-07-26 22:17:37,176 - DEBUG - Loaded collision time for BConcave+AConcave+4100_flipped at IoU 0.4: nan
2025-07-26 22:17:37,177 - DEBUG - Loaded collision time for BConcave+AConcave+4100_flipped at IoU 0.45: nan
2025-07-26 22:17:37,178 - DEBUG - Loaded collision time for BConcave+AConcave+4100_flipped at IoU 0.5: nan
2025-07-26 22:17:37,179 - DEBUG - Loaded collision time for BConcave+AConcave+4100_flipped at IoU 0.55: nan
2025-07-26 22:17:37,180 - DEBUG - Loaded collision time for BConcave+AConcave+4100_flipped at IoU 0.6: nan
2025-07-26 22:17:37,181 - DEBUG - Loaded collision time for BConcave+AConcave+4100_flipped at IoU 0.65: nan
2025-07-26 22:17:37,181 - DEBUG - Loaded collision time for BConcave+AConcave+4100_flipped at IoU 0.7: nan
2025-07-26 22:17:37,182 - DEBUG - Loaded collision time for BConcave+AConcave+4100_flipped at IoU 0.75: nan
2025-07-26 22:17:37,183 - DEBUG - Loaded collision time for BConcave+AConcave+4100_flipped at IoU 0.8: nan
2025-07-26 22:17:37,184 - DEBUG - Loaded collision time for BConcave+AConcave+4100_flipped at IoU 0.85: nan
2025-07-26 22:17:37,185 - DEBUG - Loaded collision time for BConcave+AConcave+4100_flipped at IoU 0.9: nan
2025-07-26 22:17:37,185 - DEBUG - Loaded collision time for BConcave+AConcave+4100_flipped at IoU 0.95: nan
2025-07-26 22:17:37,185 - INFO - Processing video: BConcave+AConcave+4300
2025-07-26 22:17:37,187 - INFO - Video BConcave+AConcave+4300 already processed (found segformer_model-BConcave+AConcave+4300.mp4), skipping video processing...
2025-07-26 22:17:37,195 - INFO - VanillaSegmentationSaver initialized with output dir: /home/projects/bagon/andreyg/Projects/Object_reps_neural/Programming/hugging_face/model_experiments/segformer/exp2TTC_segformer-b1-finetuned-ade-512-512/processed_videos/segformer_model-BConcave+AConcave+4300/org_segmentation
2025-07-26 22:17:37,200 - INFO - All collision results already exist for BConcave+AConcave+4300
2025-07-26 22:17:37,201 - DEBUG - Loaded collision time for BConcave+AConcave+4300 at IoU 0.05: nan
2025-07-26 22:17:37,201 - DEBUG - Loaded collision time for BConcave+AConcave+4300 at IoU 0.1: nan
2025-07-26 22:17:37,202 - DEBUG - Loaded collision time for BConcave+AConcave+4300 at IoU 0.15: nan
2025-07-26 22:17:37,203 - DEBUG - Loaded collision time for BConcave+AConcave+4300 at IoU 0.2: nan
2025-07-26 22:17:37,204 - DEBUG - Loaded collision time for BConcave+AConcave+4300 at IoU 0.25: nan
2025-07-26 22:17:37,205 - DEBUG - Loaded collision time for BConcave+AConcave+4300 at IoU 0.3: nan
2025-07-26 22:17:37,206 - DEBUG - Loaded collision time for BConcave+AConcave+4300 at IoU 0.35: nan
2025-07-26 22:17:37,207 - DEBUG - Loaded collision time for BConcave+AConcave+4300 at IoU 0.4: nan
2025-07-26 22:17:37,207 - DEBUG - Loaded collision time for BConcave+AConcave+4300 at IoU 0.45: nan
2025-07-26 22:17:37,208 - DEBUG - Loaded collision time for BConcave+AConcave+4300 at IoU 0.5: nan
2025-07-26 22:17:37,209 - DEBUG - Loaded collision time for BConcave+AConcave+4300 at IoU 0.55: nan
2025-07-26 22:17:37,210 - DEBUG - Loaded collision time for BConcave+AConcave+4300 at IoU 0.6: nan
2025-07-26 22:17:37,211 - DEBUG - Loaded collision time for BConcave+AConcave+4300 at IoU 0.65: nan
2025-07-26 22:17:37,212 - DEBUG - Loaded collision time for BConcave+AConcave+4300 at IoU 0.7: nan
2025-07-26 22:17:37,212 - DEBUG - Loaded collision time for BConcave+AConcave+4300 at IoU 0.75: nan
2025-07-26 22:17:37,213 - DEBUG - Loaded collision time for BConcave+AConcave+4300 at IoU 0.8: nan
2025-07-26 22:17:37,214 - DEBUG - Loaded collision time for BConcave+AConcave+4300 at IoU 0.85: nan
2025-07-26 22:17:37,215 - DEBUG - Loaded collision time for BConcave+AConcave+4300 at IoU 0.9: nan
2025-07-26 22:17:37,216 - DEBUG - Loaded collision time for BConcave+AConcave+4300 at IoU 0.95: nan
2025-07-26 22:17:37,216 - INFO - Processing video: BConcave+AConcave+4500_flipped
2025-07-26 22:17:37,217 - INFO - Video BConcave+AConcave+4500_flipped already processed (found segformer_model-BConcave+AConcave+4500_flipped.mp4), skipping video processing...
2025-07-26 22:17:37,226 - INFO - VanillaSegmentationSaver initialized with output dir: /home/projects/bagon/andreyg/Projects/Object_reps_neural/Programming/hugging_face/model_experiments/segformer/exp2TTC_segformer-b1-finetuned-ade-512-512/processed_videos/segformer_model-BConcave+AConcave+4500_flipped/org_segmentation
2025-07-26 22:17:37,230 - INFO - All collision results already exist for BConcave+AConcave+4500_flipped
2025-07-26 22:17:37,231 - DEBUG - Loaded collision time for BConcave+AConcave+4500_flipped at IoU 0.05: nan
2025-07-26 22:17:37,232 - DEBUG - Loaded collision time for BConcave+AConcave+4500_flipped at IoU 0.1: nan
2025-07-26 22:17:37,233 - DEBUG - Loaded collision time for BConcave+AConcave+4500_flipped at IoU 0.15: nan
2025-07-26 22:17:37,234 - DEBUG - Loaded collision time for BConcave+AConcave+4500_flipped at IoU 0.2: nan
2025-07-26 22:17:37,235 - DEBUG - Loaded collision time for BConcave+AConcave+4500_flipped at IoU 0.25: nan
2025-07-26 22:17:37,235 - DEBUG - Loaded collision time for BConcave+AConcave+4500_flipped at IoU 0.3: nan
2025-07-26 22:17:37,236 - DEBUG - Loaded collision time for BConcave+AConcave+4500_flipped at IoU 0.35: nan
2025-07-26 22:17:37,237 - DEBUG - Loaded collision time for BConcave+AConcave+4500_flipped at IoU 0.4: nan
2025-07-26 22:17:37,238 - DEBUG - Loaded collision time for BConcave+AConcave+4500_flipped at IoU 0.45: nan
2025-07-26 22:17:37,239 - DEBUG - Loaded collision time for BConcave+AConcave+4500_flipped at IoU 0.5: nan
2025-07-26 22:17:37,239 - DEBUG - Loaded collision time for BConcave+AConcave+4500_flipped at IoU 0.55: nan
2025-07-26 22:17:37,240 - DEBUG - Loaded collision time for BConcave+AConcave+4500_flipped at IoU 0.6: nan
2025-07-26 22:17:37,241 - DEBUG - Loaded collision time for BConcave+AConcave+4500_flipped at IoU 0.65: nan
2025-07-26 22:17:37,242 - DEBUG - Loaded collision time for BConcave+AConcave+4500_flipped at IoU 0.7: nan
2025-07-26 22:17:37,243 - DEBUG - Loaded collision time for BConcave+AConcave+4500_flipped at IoU 0.75: nan
2025-07-26 22:17:37,244 - DEBUG - Loaded collision time for BConcave+AConcave+4500_flipped at IoU 0.8: nan
2025-07-26 22:17:37,244 - DEBUG - Loaded collision time for BConcave+AConcave+4500_flipped at IoU 0.85: nan
2025-07-26 22:17:37,245 - DEBUG - Loaded collision time for BConcave+AConcave+4500_flipped at IoU 0.9: nan
2025-07-26 22:17:37,246 - DEBUG - Loaded collision time for BConcave+AConcave+4500_flipped at IoU 0.95: nan
2025-07-26 22:17:37,246 - INFO - Processing video: BConcave+AConvex+3500_flipped
2025-07-26 22:17:37,247 - INFO - Video BConcave+AConvex+3500_flipped already processed (found segformer_model-BConcave+AConvex+3500_flipped.mp4), skipping video processing...
2025-07-26 22:17:37,256 - INFO - VanillaSegmentationSaver initialized with output dir: /home/projects/bagon/andreyg/Projects/Object_reps_neural/Programming/hugging_face/model_experiments/segformer/exp2TTC_segformer-b1-finetuned-ade-512-512/processed_videos/segformer_model-BConcave+AConvex+3500_flipped/org_segmentation
2025-07-26 22:17:37,261 - INFO - All collision results already exist for BConcave+AConvex+3500_flipped
2025-07-26 22:17:37,261 - DEBUG - Loaded collision time for BConcave+AConvex+3500_flipped at IoU 0.05: nan
2025-07-26 22:17:37,262 - DEBUG - Loaded collision time for BConcave+AConvex+3500_flipped at IoU 0.1: nan
2025-07-26 22:17:37,263 - DEBUG - Loaded collision time for BConcave+AConvex+3500_flipped at IoU 0.15: nan
2025-07-26 22:17:37,264 - DEBUG - Loaded collision time for BConcave+AConvex+3500_flipped at IoU 0.2: nan
2025-07-26 22:17:37,265 - DEBUG - Loaded collision time for BConcave+AConvex+3500_flipped at IoU 0.25: nan
2025-07-26 22:17:37,265 - DEBUG - Loaded collision time for BConcave+AConvex+3500_flipped at IoU 0.3: nan
2025-07-26 22:17:37,266 - DEBUG - Loaded collision time for BConcave+AConvex+3500_flipped at IoU 0.35: nan
2025-07-26 22:17:37,267 - DEBUG - Loaded collision time for BConcave+AConvex+3500_flipped at IoU 0.4: nan
2025-07-26 22:17:37,268 - DEBUG - Loaded collision time for BConcave+AConvex+3500_flipped at IoU 0.45: nan
2025-07-26 22:17:37,269 - DEBUG - Loaded collision time for BConcave+AConvex+3500_flipped at IoU 0.5: nan
2025-07-26 22:17:37,270 - DEBUG - Loaded collision time for BConcave+AConvex+3500_flipped at IoU 0.55: nan
2025-07-26 22:17:37,270 - DEBUG - Loaded collision time for BConcave+AConvex+3500_flipped at IoU 0.6: nan
2025-07-26 22:17:37,271 - DEBUG - Loaded collision time for BConcave+AConvex+3500_flipped at IoU 0.65: nan
2025-07-26 22:17:37,272 - DEBUG - Loaded collision time for BConcave+AConvex+3500_flipped at IoU 0.7: nan
2025-07-26 22:17:37,273 - DEBUG - Loaded collision time for BConcave+AConvex+3500_flipped at IoU 0.75: nan
2025-07-26 22:17:37,273 - DEBUG - Loaded collision time for BConcave+AConvex+3500_flipped at IoU 0.8: nan
2025-07-26 22:17:37,274 - DEBUG - Loaded collision time for BConcave+AConvex+3500_flipped at IoU 0.85: nan
2025-07-26 22:17:37,275 - DEBUG - Loaded collision time for BConcave+AConvex+3500_flipped at IoU 0.9: nan
2025-07-26 22:17:37,276 - DEBUG - Loaded collision time for BConcave+AConvex+3500_flipped at IoU 0.95: nan
2025-07-26 22:17:37,276 - INFO - Processing video: BConcave+AConvex+3700
2025-07-26 22:17:37,278 - INFO - Video BConcave+AConvex+3700 already processed (found segformer_model-BConcave+AConvex+3700.mp4), skipping video processing...
2025-07-26 22:17:37,286 - INFO - VanillaSegmentationSaver initialized with output dir: /home/projects/bagon/andreyg/Projects/Object_reps_neural/Programming/hugging_face/model_experiments/segformer/exp2TTC_segformer-b1-finetuned-ade-512-512/processed_videos/segformer_model-BConcave+AConvex+3700/org_segmentation
2025-07-26 22:17:37,290 - INFO - All collision results already exist for BConcave+AConvex+3700
2025-07-26 22:17:37,291 - DEBUG - Loaded collision time for BConcave+AConvex+3700 at IoU 0.05: nan
2025-07-26 22:17:37,292 - DEBUG - Loaded collision time for BConcave+AConvex+3700 at IoU 0.1: nan
2025-07-26 22:17:37,293 - DEBUG - Loaded collision time for BConcave+AConvex+3700 at IoU 0.15: nan
2025-07-26 22:17:37,294 - DEBUG - Loaded collision time for BConcave+AConvex+3700 at IoU 0.2: nan
2025-07-26 22:17:37,295 - DEBUG - Loaded collision time for BConcave+AConvex+3700 at IoU 0.25: nan
2025-07-26 22:17:37,296 - DEBUG - Loaded collision time for BConcave+AConvex+3700 at IoU 0.3: nan
2025-07-26 22:17:37,296 - DEBUG - Loaded collision time for BConcave+AConvex+3700 at IoU 0.35: nan
2025-07-26 22:17:37,297 - DEBUG - Loaded collision time for BConcave+AConvex+3700 at IoU 0.4: nan
2025-07-26 22:17:37,298 - DEBUG - Loaded collision time for BConcave+AConvex+3700 at IoU 0.45: nan
2025-07-26 22:17:37,299 - DEBUG - Loaded collision time for BConcave+AConvex+3700 at IoU 0.5: nan
2025-07-26 22:17:37,300 - DEBUG - Loaded collision time for BConcave+AConvex+3700 at IoU 0.55: nan
2025-07-26 22:17:37,301 - DEBUG - Loaded collision time for BConcave+AConvex+3700 at IoU 0.6: nan
2025-07-26 22:17:37,302 - DEBUG - Loaded collision time for BConcave+AConvex+3700 at IoU 0.65: nan
2025-07-26 22:17:37,302 - DEBUG - Loaded collision time for BConcave+AConvex+3700 at IoU 0.7: nan
2025-07-26 22:17:37,303 - DEBUG - Loaded collision time for BConcave+AConvex+3700 at IoU 0.75: nan
2025-07-26 22:17:37,304 - DEBUG - Loaded collision time for BConcave+AConvex+3700 at IoU 0.8: nan
2025-07-26 22:17:37,305 - DEBUG - Loaded collision time for BConcave+AConvex+3700 at IoU 0.85: nan
2025-07-26 22:17:37,306 - DEBUG - Loaded collision time for BConcave+AConvex+3700 at IoU 0.9: nan
2025-07-26 22:17:37,307 - DEBUG - Loaded collision time for BConcave+AConvex+3700 at IoU 0.95: nan
2025-07-26 22:17:37,307 - INFO - Processing video: BConcave+AConvex+3900_flipped
2025-07-26 22:17:37,308 - INFO - Video BConcave+AConvex+3900_flipped already processed (found segformer_model-BConcave+AConvex+3900_flipped.mp4), skipping video processing...
2025-07-26 22:17:37,317 - INFO - VanillaSegmentationSaver initialized with output dir: /home/projects/bagon/andreyg/Projects/Object_reps_neural/Programming/hugging_face/model_experiments/segformer/exp2TTC_segformer-b1-finetuned-ade-512-512/processed_videos/segformer_model-BConcave+AConvex+3900_flipped/org_segmentation
2025-07-26 22:17:37,322 - INFO - All collision results already exist for BConcave+AConvex+3900_flipped
2025-07-26 22:17:37,323 - DEBUG - Loaded collision time for BConcave+AConvex+3900_flipped at IoU 0.05: nan
2025-07-26 22:17:37,324 - DEBUG - Loaded collision time for BConcave+AConvex+3900_flipped at IoU 0.1: nan
2025-07-26 22:17:37,325 - DEBUG - Loaded collision time for BConcave+AConvex+3900_flipped at IoU 0.15: nan
2025-07-26 22:17:37,325 - DEBUG - Loaded collision time for BConcave+AConvex+3900_flipped at IoU 0.2: nan
2025-07-26 22:17:37,326 - DEBUG - Loaded collision time for BConcave+AConvex+3900_flipped at IoU 0.25: nan
2025-07-26 22:17:37,327 - DEBUG - Loaded collision time for BConcave+AConvex+3900_flipped at IoU 0.3: nan
2025-07-26 22:17:37,328 - DEBUG - Loaded collision time for BConcave+AConvex+3900_flipped at IoU 0.35: nan
2025-07-26 22:17:37,329 - DEBUG - Loaded collision time for BConcave+AConvex+3900_flipped at IoU 0.4: nan
2025-07-26 22:17:37,330 - DEBUG - Loaded collision time for BConcave+AConvex+3900_flipped at IoU 0.45: nan
2025-07-26 22:17:37,331 - DEBUG - Loaded collision time for BConcave+AConvex+3900_flipped at IoU 0.5: nan
2025-07-26 22:17:37,331 - DEBUG - Loaded collision time for BConcave+AConvex+3900_flipped at IoU 0.55: nan
2025-07-26 22:17:37,332 - DEBUG - Loaded collision time for BConcave+AConvex+3900_flipped at IoU 0.6: nan
2025-07-26 22:17:37,333 - DEBUG - Loaded collision time for BConcave+AConvex+3900_flipped at IoU 0.65: nan
2025-07-26 22:17:37,334 - DEBUG - Loaded collision time for BConcave+AConvex+3900_flipped at IoU 0.7: nan
2025-07-26 22:17:37,335 - DEBUG - Loaded collision time for BConcave+AConvex+3900_flipped at IoU 0.75: nan
2025-07-26 22:17:37,335 - DEBUG - Loaded collision time for BConcave+AConvex+3900_flipped at IoU 0.8: nan
2025-07-26 22:17:37,336 - DEBUG - Loaded collision time for BConcave+AConvex+3900_flipped at IoU 0.85: nan
2025-07-26 22:17:37,337 - DEBUG - Loaded collision time for BConcave+AConvex+3900_flipped at IoU 0.9: nan
2025-07-26 22:17:37,338 - DEBUG - Loaded collision time for BConcave+AConvex+3900_flipped at IoU 0.95: nan
2025-07-26 22:17:37,338 - INFO - Processing video: BConcave+AConvex+4100
2025-07-26 22:17:37,339 - INFO - Video BConcave+AConvex+4100 already processed (found segformer_model-BConcave+AConvex+4100.mp4), skipping video processing...
2025-07-26 22:17:37,348 - INFO - VanillaSegmentationSaver initialized with output dir: /home/projects/bagon/andreyg/Projects/Object_reps_neural/Programming/hugging_face/model_experiments/segformer/exp2TTC_segformer-b1-finetuned-ade-512-512/processed_videos/segformer_model-BConcave+AConvex+4100/org_segmentation
2025-07-26 22:17:37,352 - INFO - All collision results already exist for BConcave+AConvex+4100
2025-07-26 22:17:37,353 - DEBUG - Loaded collision time for BConcave+AConvex+4100 at IoU 0.05: nan
2025-07-26 22:17:37,354 - DEBUG - Loaded collision time for BConcave+AConvex+4100 at IoU 0.1: nan
2025-07-26 22:17:37,355 - DEBUG - Loaded collision time for BConcave+AConvex+4100 at IoU 0.15: nan
2025-07-26 22:17:37,356 - DEBUG - Loaded collision time for BConcave+AConvex+4100 at IoU 0.2: nan
2025-07-26 22:17:37,356 - DEBUG - Loaded collision time for BConcave+AConvex+4100 at IoU 0.25: nan
2025-07-26 22:17:37,357 - DEBUG - Loaded collision time for BConcave+AConvex+4100 at IoU 0.3: nan
2025-07-26 22:17:37,358 - DEBUG - Loaded collision time for BConcave+AConvex+4100 at IoU 0.35: nan
2025-07-26 22:17:37,359 - DEBUG - Loaded collision time for BConcave+AConvex+4100 at IoU 0.4: nan
2025-07-26 22:17:37,360 - DEBUG - Loaded collision time for BConcave+AConvex+4100 at IoU 0.45: nan
2025-07-26 22:17:37,361 - DEBUG - Loaded collision time for BConcave+AConvex+4100 at IoU 0.5: nan
2025-07-26 22:17:37,361 - DEBUG - Loaded collision time for BConcave+AConvex+4100 at IoU 0.55: nan
2025-07-26 22:17:37,362 - DEBUG - Loaded collision time for BConcave+AConvex+4100 at IoU 0.6: nan
2025-07-26 22:17:37,363 - DEBUG - Loaded collision time for BConcave+AConvex+4100 at IoU 0.65: nan
2025-07-26 22:17:37,364 - DEBUG - Loaded collision time for BConcave+AConvex+4100 at IoU 0.7: nan
2025-07-26 22:17:37,364 - DEBUG - Loaded collision time for BConcave+AConvex+4100 at IoU 0.75: nan
2025-07-26 22:17:37,365 - DEBUG - Loaded collision time for BConcave+AConvex+4100 at IoU 0.8: nan
2025-07-26 22:17:37,366 - DEBUG - Loaded collision time for BConcave+AConvex+4100 at IoU 0.85: nan
2025-07-26 22:17:37,367 - DEBUG - Loaded collision time for BConcave+AConvex+4100 at IoU 0.9: nan
2025-07-26 22:17:37,368 - DEBUG - Loaded collision time for BConcave+AConvex+4100 at IoU 0.95: nan
2025-07-26 22:17:37,368 - INFO - Processing video: BConcave+AConvex+4300_flipped
2025-07-26 22:17:37,370 - INFO - Video BConcave+AConvex+4300_flipped already processed (found segformer_model-BConcave+AConvex+4300_flipped.mp4), skipping video processing...
2025-07-26 22:17:37,378 - INFO - VanillaSegmentationSaver initialized with output dir: /home/projects/bagon/andreyg/Projects/Object_reps_neural/Programming/hugging_face/model_experiments/segformer/exp2TTC_segformer-b1-finetuned-ade-512-512/processed_videos/segformer_model-BConcave+AConvex+4300_flipped/org_segmentation
2025-07-26 22:17:37,383 - INFO - All collision results already exist for BConcave+AConvex+4300_flipped
2025-07-26 22:17:37,383 - DEBUG - Loaded collision time for BConcave+AConvex+4300_flipped at IoU 0.05: nan
2025-07-26 22:17:37,384 - DEBUG - Loaded collision time for BConcave+AConvex+4300_flipped at IoU 0.1: nan
2025-07-26 22:17:37,385 - DEBUG - Loaded collision time for BConcave+AConvex+4300_flipped at IoU 0.15: nan
2025-07-26 22:17:37,386 - DEBUG - Loaded collision time for BConcave+AConvex+4300_flipped at IoU 0.2: nan
2025-07-26 22:17:37,387 - DEBUG - Loaded collision time for BConcave+AConvex+4300_flipped at IoU 0.25: nan
2025-07-26 22:17:37,387 - DEBUG - Loaded collision time for BConcave+AConvex+4300_flipped at IoU 0.3: nan
2025-07-26 22:17:37,388 - DEBUG - Loaded collision time for BConcave+AConvex+4300_flipped at IoU 0.35: nan
2025-07-26 22:17:37,389 - DEBUG - Loaded collision time for BConcave+AConvex+4300_flipped at IoU 0.4: nan
2025-07-26 22:17:37,390 - DEBUG - Loaded collision time for BConcave+AConvex+4300_flipped at IoU 0.45: nan
2025-07-26 22:17:37,390 - DEBUG - Loaded collision time for BConcave+AConvex+4300_flipped at IoU 0.5: nan
2025-07-26 22:17:37,391 - DEBUG - Loaded collision time for BConcave+AConvex+4300_flipped at IoU 0.55: nan
2025-07-26 22:17:37,392 - DEBUG - Loaded collision time for BConcave+AConvex+4300_flipped at IoU 0.6: nan
2025-07-26 22:17:37,393 - DEBUG - Loaded collision time for BConcave+AConvex+4300_flipped at IoU 0.65: nan
2025-07-26 22:17:37,394 - DEBUG - Loaded collision time for BConcave+AConvex+4300_flipped at IoU 0.7: nan
2025-07-26 22:17:37,394 - DEBUG - Loaded collision time for BConcave+AConvex+4300_flipped at IoU 0.75: nan
2025-07-26 22:17:37,395 - DEBUG - Loaded collision time for BConcave+AConvex+4300_flipped at IoU 0.8: nan
2025-07-26 22:17:37,396 - DEBUG - Loaded collision time for BConcave+AConvex+4300_flipped at IoU 0.85: nan
2025-07-26 22:17:37,397 - DEBUG - Loaded collision time for BConcave+AConvex+4300_flipped at IoU 0.9: nan
2025-07-26 22:17:37,398 - DEBUG - Loaded collision time for BConcave+AConvex+4300_flipped at IoU 0.95: nan
2025-07-26 22:17:37,398 - INFO - Processing video: BConcave+AConvex+4500
2025-07-26 22:17:37,399 - INFO - Video BConcave+AConvex+4500 already processed (found segformer_model-BConcave+AConvex+4500.mp4), skipping video processing...
2025-07-26 22:17:37,408 - INFO - VanillaSegmentationSaver initialized with output dir: /home/projects/bagon/andreyg/Projects/Object_reps_neural/Programming/hugging_face/model_experiments/segformer/exp2TTC_segformer-b1-finetuned-ade-512-512/processed_videos/segformer_model-BConcave+AConvex+4500/org_segmentation
2025-07-26 22:17:37,412 - INFO - All collision results already exist for BConcave+AConvex+4500
2025-07-26 22:17:37,413 - DEBUG - Loaded collision time for BConcave+AConvex+4500 at IoU 0.05: nan
2025-07-26 22:17:37,413 - DEBUG - Loaded collision time for BConcave+AConvex+4500 at IoU 0.1: nan
2025-07-26 22:17:37,414 - DEBUG - Loaded collision time for BConcave+AConvex+4500 at IoU 0.15: nan
2025-07-26 22:17:37,415 - DEBUG - Loaded collision time for BConcave+AConvex+4500 at IoU 0.2: nan
2025-07-26 22:17:37,416 - DEBUG - Loaded collision time for BConcave+AConvex+4500 at IoU 0.25: nan
2025-07-26 22:17:37,417 - DEBUG - Loaded collision time for BConcave+AConvex+4500 at IoU 0.3: nan
2025-07-26 22:17:37,417 - DEBUG - Loaded collision time for BConcave+AConvex+4500 at IoU 0.35: nan
2025-07-26 22:17:37,418 - DEBUG - Loaded collision time for BConcave+AConvex+4500 at IoU 0.4: nan
2025-07-26 22:17:37,419 - DEBUG - Loaded collision time for BConcave+AConvex+4500 at IoU 0.45: nan
2025-07-26 22:17:37,420 - DEBUG - Loaded collision time for BConcave+AConvex+4500 at IoU 0.5: nan
2025-07-26 22:17:37,421 - DEBUG - Loaded collision time for BConcave+AConvex+4500 at IoU 0.55: nan
2025-07-26 22:17:37,421 - DEBUG - Loaded collision time for BConcave+AConvex+4500 at IoU 0.6: nan
2025-07-26 22:17:37,422 - DEBUG - Loaded collision time for BConcave+AConvex+4500 at IoU 0.65: nan
2025-07-26 22:17:37,423 - DEBUG - Loaded collision time for BConcave+AConvex+4500 at IoU 0.7: nan
2025-07-26 22:17:37,424 - DEBUG - Loaded collision time for BConcave+AConvex+4500 at IoU 0.75: nan
2025-07-26 22:17:37,424 - DEBUG - Loaded collision time for BConcave+AConvex+4500 at IoU 0.8: nan
2025-07-26 22:17:37,425 - DEBUG - Loaded collision time for BConcave+AConvex+4500 at IoU 0.85: nan
2025-07-26 22:17:37,426 - DEBUG - Loaded collision time for BConcave+AConvex+4500 at IoU 0.9: nan
2025-07-26 22:17:37,427 - DEBUG - Loaded collision time for BConcave+AConvex+4500 at IoU 0.95: nan
2025-07-26 22:17:37,427 - INFO - Processing video: BConcave+BConcavePatient+3500
2025-07-26 22:17:37,428 - INFO - Video BConcave+BConcavePatient+3500 already processed (found segformer_model-BConcave+BConcavePatient+3500.mp4), skipping video processing...
2025-07-26 22:17:37,436 - INFO - VanillaSegmentationSaver initialized with output dir: /home/projects/bagon/andreyg/Projects/Object_reps_neural/Programming/hugging_face/model_experiments/segformer/exp2TTC_segformer-b1-finetuned-ade-512-512/processed_videos/segformer_model-BConcave+BConcavePatient+3500/org_segmentation
2025-07-26 22:17:37,440 - INFO - All collision results already exist for BConcave+BConcavePatient+3500
2025-07-26 22:17:37,441 - DEBUG - Loaded collision time for BConcave+BConcavePatient+3500 at IoU 0.05: 1683.3333333333333
2025-07-26 22:17:37,442 - DEBUG - Loaded collision time for BConcave+BConcavePatient+3500 at IoU 0.1: 1700.0
2025-07-26 22:17:37,443 - DEBUG - Loaded collision time for BConcave+BConcavePatient+3500 at IoU 0.15: nan
2025-07-26 22:17:37,443 - DEBUG - Loaded collision time for BConcave+BConcavePatient+3500 at IoU 0.2: nan
2025-07-26 22:17:37,444 - DEBUG - Loaded collision time for BConcave+BConcavePatient+3500 at IoU 0.25: nan
2025-07-26 22:17:37,445 - DEBUG - Loaded collision time for BConcave+BConcavePatient+3500 at IoU 0.3: nan
2025-07-26 22:17:37,446 - DEBUG - Loaded collision time for BConcave+BConcavePatient+3500 at IoU 0.35: nan
2025-07-26 22:17:37,447 - DEBUG - Loaded collision time for BConcave+BConcavePatient+3500 at IoU 0.4: nan
2025-07-26 22:17:37,447 - DEBUG - Loaded collision time for BConcave+BConcavePatient+3500 at IoU 0.45: nan
2025-07-26 22:17:37,448 - DEBUG - Loaded collision time for BConcave+BConcavePatient+3500 at IoU 0.5: nan
2025-07-26 22:17:37,449 - DEBUG - Loaded collision time for BConcave+BConcavePatient+3500 at IoU 0.55: nan
2025-07-26 22:17:37,450 - DEBUG - Loaded collision time for BConcave+BConcavePatient+3500 at IoU 0.6: nan
2025-07-26 22:17:37,451 - DEBUG - Loaded collision time for BConcave+BConcavePatient+3500 at IoU 0.65: nan
2025-07-26 22:17:37,451 - DEBUG - Loaded collision time for BConcave+BConcavePatient+3500 at IoU 0.7: nan
2025-07-26 22:17:37,452 - DEBUG - Loaded collision time for BConcave+BConcavePatient+3500 at IoU 0.75: nan
2025-07-26 22:17:37,453 - DEBUG - Loaded collision time for BConcave+BConcavePatient+3500 at IoU 0.8: nan
2025-07-26 22:17:37,454 - DEBUG - Loaded collision time for BConcave+BConcavePatient+3500 at IoU 0.85: nan
2025-07-26 22:17:37,455 - DEBUG - Loaded collision time for BConcave+BConcavePatient+3500 at IoU 0.9: nan
2025-07-26 22:17:37,456 - DEBUG - Loaded collision time for BConcave+BConcavePatient+3500 at IoU 0.95: nan
2025-07-26 22:17:37,456 - INFO - Processing video: BConcave+BConcavePatient+3700_flipped
2025-07-26 22:17:37,457 - INFO - Video BConcave+BConcavePatient+3700_flipped already processed (found segformer_model-BConcave+BConcavePatient+3700_flipped.mp4), skipping video processing...
2025-07-26 22:17:37,465 - INFO - VanillaSegmentationSaver initialized with output dir: /home/projects/bagon/andreyg/Projects/Object_reps_neural/Programming/hugging_face/model_experiments/segformer/exp2TTC_segformer-b1-finetuned-ade-512-512/processed_videos/segformer_model-BConcave+BConcavePatient+3700_flipped/org_segmentation
2025-07-26 22:17:37,469 - INFO - All collision results already exist for BConcave+BConcavePatient+3700_flipped
2025-07-26 22:17:37,472 - DEBUG - Loaded collision time for BConcave+BConcavePatient+3700_flipped at IoU 0.05: nan
2025-07-26 22:17:37,473 - DEBUG - Loaded collision time for BConcave+BConcavePatient+3700_flipped at IoU 0.1: nan
2025-07-26 22:17:37,474 - DEBUG - Loaded collision time for BConcave+BConcavePatient+3700_flipped at IoU 0.15: nan
2025-07-26 22:17:37,474 - DEBUG - Loaded collision time for BConcave+BConcavePatient+3700_flipped at IoU 0.2: nan
2025-07-26 22:17:37,475 - DEBUG - Loaded collision time for BConcave+BConcavePatient+3700_flipped at IoU 0.25: nan
2025-07-26 22:17:37,476 - DEBUG - Loaded collision time for BConcave+BConcavePatient+3700_flipped at IoU 0.3: nan
2025-07-26 22:17:37,477 - DEBUG - Loaded collision time for BConcave+BConcavePatient+3700_flipped at IoU 0.35: nan
2025-07-26 22:17:37,478 - DEBUG - Loaded collision time for BConcave+BConcavePatient+3700_flipped at IoU 0.4: nan
2025-07-26 22:17:37,478 - DEBUG - Loaded collision time for BConcave+BConcavePatient+3700_flipped at IoU 0.45: nan
2025-07-26 22:17:37,479 - DEBUG - Loaded collision time for BConcave+BConcavePatient+3700_flipped at IoU 0.5: nan
2025-07-26 22:17:37,480 - DEBUG - Loaded collision time for BConcave+BConcavePatient+3700_flipped at IoU 0.55: nan
2025-07-26 22:17:37,481 - DEBUG - Loaded collision time for BConcave+BConcavePatient+3700_flipped at IoU 0.6: nan
2025-07-26 22:17:37,482 - DEBUG - Loaded collision time for BConcave+BConcavePatient+3700_flipped at IoU 0.65: nan
2025-07-26 22:17:37,482 - DEBUG - Loaded collision time for BConcave+BConcavePatient+3700_flipped at IoU 0.7: nan
2025-07-26 22:17:37,483 - DEBUG - Loaded collision time for BConcave+BConcavePatient+3700_flipped at IoU 0.75: nan
2025-07-26 22:17:37,484 - DEBUG - Loaded collision time for BConcave+BConcavePatient+3700_flipped at IoU 0.8: nan
2025-07-26 22:17:37,485 - DEBUG - Loaded collision time for BConcave+BConcavePatient+3700_flipped at IoU 0.85: nan
2025-07-26 22:17:37,486 - DEBUG - Loaded collision time for BConcave+BConcavePatient+3700_flipped at IoU 0.9: nan
2025-07-26 22:17:37,487 - DEBUG - Loaded collision time for BConcave+BConcavePatient+3700_flipped at IoU 0.95: nan
2025-07-26 22:17:37,487 - INFO - Processing video: BConcave+BConcavePatient+3900
2025-07-26 22:17:37,488 - INFO - Video BConcave+BConcavePatient+3900 already processed (found segformer_model-BConcave+BConcavePatient+3900.mp4), skipping video processing...
2025-07-26 22:17:37,496 - INFO - VanillaSegmentationSaver initialized with output dir: /home/projects/bagon/andreyg/Projects/Object_reps_neural/Programming/hugging_face/model_experiments/segformer/exp2TTC_segformer-b1-finetuned-ade-512-512/processed_videos/segformer_model-BConcave+BConcavePatient+3900/org_segmentation
2025-07-26 22:17:37,501 - INFO - All collision results already exist for BConcave+BConcavePatient+3900
2025-07-26 22:17:37,501 - DEBUG - Loaded collision time for BConcave+BConcavePatient+3900 at IoU 0.05: nan
2025-07-26 22:17:37,502 - DEBUG - Loaded collision time for BConcave+BConcavePatient+3900 at IoU 0.1: nan
2025-07-26 22:17:37,503 - DEBUG - Loaded collision time for BConcave+BConcavePatient+3900 at IoU 0.15: nan
2025-07-26 22:17:37,504 - DEBUG - Loaded collision time for BConcave+BConcavePatient+3900 at IoU 0.2: nan
2025-07-26 22:17:37,504 - DEBUG - Loaded collision time for BConcave+BConcavePatient+3900 at IoU 0.25: nan
2025-07-26 22:17:37,505 - DEBUG - Loaded collision time for BConcave+BConcavePatient+3900 at IoU 0.3: nan
2025-07-26 22:17:37,506 - DEBUG - Loaded collision time for BConcave+BConcavePatient+3900 at IoU 0.35: nan
2025-07-26 22:17:37,507 - DEBUG - Loaded collision time for BConcave+BConcavePatient+3900 at IoU 0.4: nan
2025-07-26 22:17:37,508 - DEBUG - Loaded collision time for BConcave+BConcavePatient+3900 at IoU 0.45: nan
2025-07-26 22:17:37,509 - DEBUG - Loaded collision time for BConcave+BConcavePatient+3900 at IoU 0.5: nan
2025-07-26 22:17:37,509 - DEBUG - Loaded collision time for BConcave+BConcavePatient+3900 at IoU 0.55: nan
2025-07-26 22:17:37,510 - DEBUG - Loaded collision time for BConcave+BConcavePatient+3900 at IoU 0.6: nan
2025-07-26 22:17:37,511 - DEBUG - Loaded collision time for BConcave+BConcavePatient+3900 at IoU 0.65: nan
2025-07-26 22:17:37,512 - DEBUG - Loaded collision time for BConcave+BConcavePatient+3900 at IoU 0.7: nan
2025-07-26 22:17:37,513 - DEBUG - Loaded collision time for BConcave+BConcavePatient+3900 at IoU 0.75: nan
2025-07-26 22:17:37,514 - DEBUG - Loaded collision time for BConcave+BConcavePatient+3900 at IoU 0.8: nan
2025-07-26 22:17:37,515 - DEBUG - Loaded collision time for BConcave+BConcavePatient+3900 at IoU 0.85: nan
2025-07-26 22:17:37,515 - DEBUG - Loaded collision time for BConcave+BConcavePatient+3900 at IoU 0.9: nan
2025-07-26 22:17:37,516 - DEBUG - Loaded collision time for BConcave+BConcavePatient+3900 at IoU 0.95: nan
2025-07-26 22:17:37,516 - INFO - Processing video: BConcave+BConcavePatient+4100_flipped
2025-07-26 22:17:37,518 - INFO - Video BConcave+BConcavePatient+4100_flipped already processed (found segformer_model-BConcave+BConcavePatient+4100_flipped.mp4), skipping video processing...
2025-07-26 22:17:37,526 - INFO - VanillaSegmentationSaver initialized with output dir: /home/projects/bagon/andreyg/Projects/Object_reps_neural/Programming/hugging_face/model_experiments/segformer/exp2TTC_segformer-b1-finetuned-ade-512-512/processed_videos/segformer_model-BConcave+BConcavePatient+4100_flipped/org_segmentation
2025-07-26 22:17:37,531 - INFO - All collision results already exist for BConcave+BConcavePatient+4100_flipped
2025-07-26 22:17:37,532 - DEBUG - Loaded collision time for BConcave+BConcavePatient+4100_flipped at IoU 0.05: nan
2025-07-26 22:17:37,533 - DEBUG - Loaded collision time for BConcave+BConcavePatient+4100_flipped at IoU 0.1: nan
2025-07-26 22:17:37,534 - DEBUG - Loaded collision time for BConcave+BConcavePatient+4100_flipped at IoU 0.15: nan
2025-07-26 22:17:37,534 - DEBUG - Loaded collision time for BConcave+BConcavePatient+4100_flipped at IoU 0.2: nan
2025-07-26 22:17:37,535 - DEBUG - Loaded collision time for BConcave+BConcavePatient+4100_flipped at IoU 0.25: nan
2025-07-26 22:17:37,536 - DEBUG - Loaded collision time for BConcave+BConcavePatient+4100_flipped at IoU 0.3: nan
2025-07-26 22:17:37,537 - DEBUG - Loaded collision time for BConcave+BConcavePatient+4100_flipped at IoU 0.35: nan
2025-07-26 22:17:37,537 - DEBUG - Loaded collision time for BConcave+BConcavePatient+4100_flipped at IoU 0.4: nan
2025-07-26 22:17:37,538 - DEBUG - Loaded collision time for BConcave+BConcavePatient+4100_flipped at IoU 0.45: nan
2025-07-26 22:17:37,539 - DEBUG - Loaded collision time for BConcave+BConcavePatient+4100_flipped at IoU 0.5: nan
2025-07-26 22:17:37,540 - DEBUG - Loaded collision time for BConcave+BConcavePatient+4100_flipped at IoU 0.55: nan
2025-07-26 22:17:37,540 - DEBUG - Loaded collision time for BConcave+BConcavePatient+4100_flipped at IoU 0.6: nan
2025-07-26 22:17:37,541 - DEBUG - Loaded collision time for BConcave+BConcavePatient+4100_flipped at IoU 0.65: nan
2025-07-26 22:17:37,542 - DEBUG - Loaded collision time for BConcave+BConcavePatient+4100_flipped at IoU 0.7: nan
2025-07-26 22:17:37,543 - DEBUG - Loaded collision time for BConcave+BConcavePatient+4100_flipped at IoU 0.75: nan
2025-07-26 22:17:37,544 - DEBUG - Loaded collision time for BConcave+BConcavePatient+4100_flipped at IoU 0.8: nan
2025-07-26 22:17:37,545 - DEBUG - Loaded collision time for BConcave+BConcavePatient+4100_flipped at IoU 0.85: nan
2025-07-26 22:17:37,545 - DEBUG - Loaded collision time for BConcave+BConcavePatient+4100_flipped at IoU 0.9: nan
2025-07-26 22:17:37,546 - DEBUG - Loaded collision time for BConcave+BConcavePatient+4100_flipped at IoU 0.95: nan
2025-07-26 22:17:37,546 - INFO - Processing video: BConcave+BConcavePatient+4300
2025-07-26 22:17:37,548 - INFO - Video BConcave+BConcavePatient+4300 already processed (found segformer_model-BConcave+BConcavePatient+4300.mp4), skipping video processing...
2025-07-26 22:17:37,556 - INFO - VanillaSegmentationSaver initialized with output dir: /home/projects/bagon/andreyg/Projects/Object_reps_neural/Programming/hugging_face/model_experiments/segformer/exp2TTC_segformer-b1-finetuned-ade-512-512/processed_videos/segformer_model-BConcave+BConcavePatient+4300/org_segmentation
2025-07-26 22:17:37,560 - INFO - All collision results already exist for BConcave+BConcavePatient+4300
2025-07-26 22:17:37,561 - DEBUG - Loaded collision time for BConcave+BConcavePatient+4300 at IoU 0.05: nan
2025-07-26 22:17:37,562 - DEBUG - Loaded collision time for BConcave+BConcavePatient+4300 at IoU 0.1: nan
2025-07-26 22:17:37,563 - DEBUG - Loaded collision time for BConcave+BConcavePatient+4300 at IoU 0.15: nan
2025-07-26 22:17:37,563 - DEBUG - Loaded collision time for BConcave+BConcavePatient+4300 at IoU 0.2: nan
2025-07-26 22:17:37,564 - DEBUG - Loaded collision time for BConcave+BConcavePatient+4300 at IoU 0.25: nan
2025-07-26 22:17:37,565 - DEBUG - Loaded collision time for BConcave+BConcavePatient+4300 at IoU 0.3: nan
2025-07-26 22:17:37,566 - DEBUG - Loaded collision time for BConcave+BConcavePatient+4300 at IoU 0.35: nan
2025-07-26 22:17:37,566 - DEBUG - Loaded collision time for BConcave+BConcavePatient+4300 at IoU 0.4: nan
2025-07-26 22:17:37,567 - DEBUG - Loaded collision time for BConcave+BConcavePatient+4300 at IoU 0.45: nan
2025-07-26 22:17:37,568 - DEBUG - Loaded collision time for BConcave+BConcavePatient+4300 at IoU 0.5: nan
2025-07-26 22:17:37,569 - DEBUG - Loaded collision time for BConcave+BConcavePatient+4300 at IoU 0.55: nan
2025-07-26 22:17:37,569 - DEBUG - Loaded collision time for BConcave+BConcavePatient+4300 at IoU 0.6: nan
2025-07-26 22:17:37,570 - DEBUG - Loaded collision time for BConcave+BConcavePatient+4300 at IoU 0.65: nan
2025-07-26 22:17:37,571 - DEBUG - Loaded collision time for BConcave+BConcavePatient+4300 at IoU 0.7: nan
2025-07-26 22:17:37,572 - DEBUG - Loaded collision time for BConcave+BConcavePatient+4300 at IoU 0.75: nan
2025-07-26 22:17:37,573 - DEBUG - Loaded collision time for BConcave+BConcavePatient+4300 at IoU 0.8: nan
2025-07-26 22:17:37,573 - DEBUG - Loaded collision time for BConcave+BConcavePatient+4300 at IoU 0.85: nan
2025-07-26 22:17:37,574 - DEBUG - Loaded collision time for BConcave+BConcavePatient+4300 at IoU 0.9: nan
2025-07-26 22:17:37,575 - DEBUG - Loaded collision time for BConcave+BConcavePatient+4300 at IoU 0.95: nan
2025-07-26 22:17:37,575 - INFO - Processing video: BConcave+BConcavePatient+4500_flipped
2025-07-26 22:17:37,577 - INFO - Video BConcave+BConcavePatient+4500_flipped already processed (found segformer_model-BConcave+BConcavePatient+4500_flipped.mp4), skipping video processing...
2025-07-26 22:17:37,586 - INFO - VanillaSegmentationSaver initialized with output dir: /home/projects/bagon/andreyg/Projects/Object_reps_neural/Programming/hugging_face/model_experiments/segformer/exp2TTC_segformer-b1-finetuned-ade-512-512/processed_videos/segformer_model-BConcave+BConcavePatient+4500_flipped/org_segmentation
2025-07-26 22:17:37,590 - INFO - All collision results already exist for BConcave+BConcavePatient+4500_flipped
2025-07-26 22:17:37,591 - DEBUG - Loaded collision time for BConcave+BConcavePatient+4500_flipped at IoU 0.05: nan
2025-07-26 22:17:37,591 - DEBUG - Loaded collision time for BConcave+BConcavePatient+4500_flipped at IoU 0.1: nan
2025-07-26 22:17:37,592 - DEBUG - Loaded collision time for BConcave+BConcavePatient+4500_flipped at IoU 0.15: nan
2025-07-26 22:17:37,593 - DEBUG - Loaded collision time for BConcave+BConcavePatient+4500_flipped at IoU 0.2: nan
2025-07-26 22:17:37,594 - DEBUG - Loaded collision time for BConcave+BConcavePatient+4500_flipped at IoU 0.25: nan
2025-07-26 22:17:37,595 - DEBUG - Loaded collision time for BConcave+BConcavePatient+4500_flipped at IoU 0.3: nan
2025-07-26 22:17:37,595 - DEBUG - Loaded collision time for BConcave+BConcavePatient+4500_flipped at IoU 0.35: nan
2025-07-26 22:17:37,596 - DEBUG - Loaded collision time for BConcave+BConcavePatient+4500_flipped at IoU 0.4: nan
2025-07-26 22:17:37,597 - DEBUG - Loaded collision time for BConcave+BConcavePatient+4500_flipped at IoU 0.45: nan
2025-07-26 22:17:37,598 - DEBUG - Loaded collision time for BConcave+BConcavePatient+4500_flipped at IoU 0.5: nan
2025-07-26 22:17:37,599 - DEBUG - Loaded collision time for BConcave+BConcavePatient+4500_flipped at IoU 0.55: nan
2025-07-26 22:17:37,600 - DEBUG - Loaded collision time for BConcave+BConcavePatient+4500_flipped at IoU 0.6: nan
2025-07-26 22:17:37,600 - DEBUG - Loaded collision time for BConcave+BConcavePatient+4500_flipped at IoU 0.65: nan
2025-07-26 22:17:37,601 - DEBUG - Loaded collision time for BConcave+BConcavePatient+4500_flipped at IoU 0.7: nan
2025-07-26 22:17:37,602 - DEBUG - Loaded collision time for BConcave+BConcavePatient+4500_flipped at IoU 0.75: nan
2025-07-26 22:17:37,603 - DEBUG - Loaded collision time for BConcave+BConcavePatient+4500_flipped at IoU 0.8: nan
2025-07-26 22:17:37,604 - DEBUG - Loaded collision time for BConcave+BConcavePatient+4500_flipped at IoU 0.85: nan
2025-07-26 22:17:37,605 - DEBUG - Loaded collision time for BConcave+BConcavePatient+4500_flipped at IoU 0.9: nan
2025-07-26 22:17:37,605 - DEBUG - Loaded collision time for BConcave+BConcavePatient+4500_flipped at IoU 0.95: nan
2025-07-26 22:17:37,605 - INFO - Processing video: BConcave+BConvex+3500_flipped
2025-07-26 22:17:37,607 - INFO - Video BConcave+BConvex+3500_flipped already processed (found segformer_model-BConcave+BConvex+3500_flipped.mp4), skipping video processing...
2025-07-26 22:17:37,616 - INFO - VanillaSegmentationSaver initialized with output dir: /home/projects/bagon/andreyg/Projects/Object_reps_neural/Programming/hugging_face/model_experiments/segformer/exp2TTC_segformer-b1-finetuned-ade-512-512/processed_videos/segformer_model-BConcave+BConvex+3500_flipped/org_segmentation
2025-07-26 22:17:37,621 - INFO - All collision results already exist for BConcave+BConvex+3500_flipped
2025-07-26 22:17:37,622 - DEBUG - Loaded collision time for BConcave+BConvex+3500_flipped at IoU 0.05: nan
2025-07-26 22:17:37,622 - DEBUG - Loaded collision time for BConcave+BConvex+3500_flipped at IoU 0.1: nan
2025-07-26 22:17:37,623 - DEBUG - Loaded collision time for BConcave+BConvex+3500_flipped at IoU 0.15: nan
2025-07-26 22:17:37,624 - DEBUG - Loaded collision time for BConcave+BConvex+3500_flipped at IoU 0.2: nan
2025-07-26 22:17:37,625 - DEBUG - Loaded collision time for BConcave+BConvex+3500_flipped at IoU 0.25: nan
2025-07-26 22:17:37,626 - DEBUG - Loaded collision time for BConcave+BConvex+3500_flipped at IoU 0.3: nan
2025-07-26 22:17:37,626 - DEBUG - Loaded collision time for BConcave+BConvex+3500_flipped at IoU 0.35: nan
2025-07-26 22:17:37,627 - DEBUG - Loaded collision time for BConcave+BConvex+3500_flipped at IoU 0.4: nan
2025-07-26 22:17:37,628 - DEBUG - Loaded collision time for BConcave+BConvex+3500_flipped at IoU 0.45: nan
2025-07-26 22:17:37,629 - DEBUG - Loaded collision time for BConcave+BConvex+3500_flipped at IoU 0.5: nan
2025-07-26 22:17:37,630 - DEBUG - Loaded collision time for BConcave+BConvex+3500_flipped at IoU 0.55: nan
2025-07-26 22:17:37,630 - DEBUG - Loaded collision time for BConcave+BConvex+3500_flipped at IoU 0.6: nan
2025-07-26 22:17:37,631 - DEBUG - Loaded collision time for BConcave+BConvex+3500_flipped at IoU 0.65: nan
2025-07-26 22:17:37,632 - DEBUG - Loaded collision time for BConcave+BConvex+3500_flipped at IoU 0.7: nan
2025-07-26 22:17:37,633 - DEBUG - Loaded collision time for BConcave+BConvex+3500_flipped at IoU 0.75: nan
2025-07-26 22:17:37,634 - DEBUG - Loaded collision time for BConcave+BConvex+3500_flipped at IoU 0.8: nan
2025-07-26 22:17:37,635 - DEBUG - Loaded collision time for BConcave+BConvex+3500_flipped at IoU 0.85: nan
2025-07-26 22:17:37,635 - DEBUG - Loaded collision time for BConcave+BConvex+3500_flipped at IoU 0.9: nan
2025-07-26 22:17:37,636 - DEBUG - Loaded collision time for BConcave+BConvex+3500_flipped at IoU 0.95: nan
2025-07-26 22:17:37,636 - INFO - Processing video: BConcave+BConvex+3700
2025-07-26 22:17:37,638 - INFO - Video BConcave+BConvex+3700 already processed (found segformer_model-BConcave+BConvex+3700.mp4), skipping video processing...
2025-07-26 22:17:37,646 - INFO - VanillaSegmentationSaver initialized with output dir: /home/projects/bagon/andreyg/Projects/Object_reps_neural/Programming/hugging_face/model_experiments/segformer/exp2TTC_segformer-b1-finetuned-ade-512-512/processed_videos/segformer_model-BConcave+BConvex+3700/org_segmentation
2025-07-26 22:17:37,650 - INFO - All collision results already exist for BConcave+BConvex+3700
2025-07-26 22:17:37,651 - DEBUG - Loaded collision time for BConcave+BConvex+3700 at IoU 0.05: nan
2025-07-26 22:17:37,652 - DEBUG - Loaded collision time for BConcave+BConvex+3700 at IoU 0.1: nan
2025-07-26 22:17:37,653 - DEBUG - Loaded collision time for BConcave+BConvex+3700 at IoU 0.15: nan
2025-07-26 22:17:37,653 - DEBUG - Loaded collision time for BConcave+BConvex+3700 at IoU 0.2: nan
2025-07-26 22:17:37,654 - DEBUG - Loaded collision time for BConcave+BConvex+3700 at IoU 0.25: nan
2025-07-26 22:17:37,655 - DEBUG - Loaded collision time for BConcave+BConvex+3700 at IoU 0.3: nan
2025-07-26 22:17:37,656 - DEBUG - Loaded collision time for BConcave+BConvex+3700 at IoU 0.35: nan
2025-07-26 22:17:37,657 - DEBUG - Loaded collision time for BConcave+BConvex+3700 at IoU 0.4: nan
2025-07-26 22:17:37,658 - DEBUG - Loaded collision time for BConcave+BConvex+3700 at IoU 0.45: nan
2025-07-26 22:17:37,659 - DEBUG - Loaded collision time for BConcave+BConvex+3700 at IoU 0.5: nan
2025-07-26 22:17:37,660 - DEBUG - Loaded collision time for BConcave+BConvex+3700 at IoU 0.55: nan
2025-07-26 22:17:37,660 - DEBUG - Loaded collision time for BConcave+BConvex+3700 at IoU 0.6: nan
2025-07-26 22:17:37,661 - DEBUG - Loaded collision time for BConcave+BConvex+3700 at IoU 0.65: nan
2025-07-26 22:17:37,662 - DEBUG - Loaded collision time for BConcave+BConvex+3700 at IoU 0.7: nan
2025-07-26 22:17:37,663 - DEBUG - Loaded collision time for BConcave+BConvex+3700 at IoU 0.75: nan
2025-07-26 22:17:37,664 - DEBUG - Loaded collision time for BConcave+BConvex+3700 at IoU 0.8: nan
2025-07-26 22:17:37,664 - DEBUG - Loaded collision time for BConcave+BConvex+3700 at IoU 0.85: nan
2025-07-26 22:17:37,665 - DEBUG - Loaded collision time for BConcave+BConvex+3700 at IoU 0.9: nan
2025-07-26 22:17:37,666 - DEBUG - Loaded collision time for BConcave+BConvex+3700 at IoU 0.95: nan
2025-07-26 22:17:37,666 - INFO - Processing video: BConcave+BConvex+3900_flipped
2025-07-26 22:17:37,668 - INFO - Video BConcave+BConvex+3900_flipped already processed (found segformer_model-BConcave+BConvex+3900_flipped.mp4), skipping video processing...
2025-07-26 22:17:37,676 - INFO - VanillaSegmentationSaver initialized with output dir: /home/projects/bagon/andreyg/Projects/Object_reps_neural/Programming/hugging_face/model_experiments/segformer/exp2TTC_segformer-b1-finetuned-ade-512-512/processed_videos/segformer_model-BConcave+BConvex+3900_flipped/org_segmentation
2025-07-26 22:17:37,680 - INFO - All collision results already exist for BConcave+BConvex+3900_flipped
2025-07-26 22:17:37,680 - DEBUG - Loaded collision time for BConcave+BConvex+3900_flipped at IoU 0.05: 4466.666666666667
2025-07-26 22:17:37,681 - DEBUG - Loaded collision time for BConcave+BConvex+3900_flipped at IoU 0.1: nan
2025-07-26 22:17:37,682 - DEBUG - Loaded collision time for BConcave+BConvex+3900_flipped at IoU 0.15: nan
2025-07-26 22:17:37,683 - DEBUG - Loaded collision time for BConcave+BConvex+3900_flipped at IoU 0.2: nan
2025-07-26 22:17:37,683 - DEBUG - Loaded collision time for BConcave+BConvex+3900_flipped at IoU 0.25: nan
2025-07-26 22:17:37,684 - DEBUG - Loaded collision time for BConcave+BConvex+3900_flipped at IoU 0.3: nan
2025-07-26 22:17:37,685 - DEBUG - Loaded collision time for BConcave+BConvex+3900_flipped at IoU 0.35: nan
2025-07-26 22:17:37,686 - DEBUG - Loaded collision time for BConcave+BConvex+3900_flipped at IoU 0.4: nan
2025-07-26 22:17:37,686 - DEBUG - Loaded collision time for BConcave+BConvex+3900_flipped at IoU 0.45: nan
2025-07-26 22:17:37,687 - DEBUG - Loaded collision time for BConcave+BConvex+3900_flipped at IoU 0.5: nan
2025-07-26 22:17:37,688 - DEBUG - Loaded collision time for BConcave+BConvex+3900_flipped at IoU 0.55: nan
2025-07-26 22:17:37,689 - DEBUG - Loaded collision time for BConcave+BConvex+3900_flipped at IoU 0.6: nan
2025-07-26 22:17:37,689 - DEBUG - Loaded collision time for BConcave+BConvex+3900_flipped at IoU 0.65: nan
2025-07-26 22:17:37,690 - DEBUG - Loaded collision time for BConcave+BConvex+3900_flipped at IoU 0.7: nan
2025-07-26 22:17:37,691 - DEBUG - Loaded collision time for BConcave+BConvex+3900_flipped at IoU 0.75: nan
2025-07-26 22:17:37,692 - DEBUG - Loaded collision time for BConcave+BConvex+3900_flipped at IoU 0.8: nan
2025-07-26 22:17:37,693 - DEBUG - Loaded collision time for BConcave+BConvex+3900_flipped at IoU 0.85: nan
2025-07-26 22:17:37,693 - DEBUG - Loaded collision time for BConcave+BConvex+3900_flipped at IoU 0.9: nan
2025-07-26 22:17:37,694 - DEBUG - Loaded collision time for BConcave+BConvex+3900_flipped at IoU 0.95: nan
2025-07-26 22:17:37,694 - INFO - Processing video: BConcave+BConvex+4100
2025-07-26 22:17:37,696 - INFO - Video BConcave+BConvex+4100 already processed (found segformer_model-BConcave+BConvex+4100.mp4), skipping video processing...
2025-07-26 22:17:37,704 - INFO - VanillaSegmentationSaver initialized with output dir: /home/projects/bagon/andreyg/Projects/Object_reps_neural/Programming/hugging_face/model_experiments/segformer/exp2TTC_segformer-b1-finetuned-ade-512-512/processed_videos/segformer_model-BConcave+BConvex+4100/org_segmentation
2025-07-26 22:17:37,708 - INFO - All collision results already exist for BConcave+BConvex+4100
2025-07-26 22:17:37,709 - DEBUG - Loaded collision time for BConcave+BConvex+4100 at IoU 0.05: nan
2025-07-26 22:17:37,709 - DEBUG - Loaded collision time for BConcave+BConvex+4100 at IoU 0.1: nan
2025-07-26 22:17:37,710 - DEBUG - Loaded collision time for BConcave+BConvex+4100 at IoU 0.15: nan
2025-07-26 22:17:37,711 - DEBUG - Loaded collision time for BConcave+BConvex+4100 at IoU 0.2: nan
2025-07-26 22:17:37,712 - DEBUG - Loaded collision time for BConcave+BConvex+4100 at IoU 0.25: nan
2025-07-26 22:17:37,713 - DEBUG - Loaded collision time for BConcave+BConvex+4100 at IoU 0.3: nan
2025-07-26 22:17:37,713 - DEBUG - Loaded collision time for BConcave+BConvex+4100 at IoU 0.35: nan
2025-07-26 22:17:37,714 - DEBUG - Loaded collision time for BConcave+BConvex+4100 at IoU 0.4: nan
2025-07-26 22:17:37,715 - DEBUG - Loaded collision time for BConcave+BConvex+4100 at IoU 0.45: nan
2025-07-26 22:17:37,716 - DEBUG - Loaded collision time for BConcave+BConvex+4100 at IoU 0.5: nan
2025-07-26 22:17:37,717 - DEBUG - Loaded collision time for BConcave+BConvex+4100 at IoU 0.55: nan
2025-07-26 22:17:37,717 - DEBUG - Loaded collision time for BConcave+BConvex+4100 at IoU 0.6: nan
2025-07-26 22:17:37,718 - DEBUG - Loaded collision time for BConcave+BConvex+4100 at IoU 0.65: nan
2025-07-26 22:17:37,719 - DEBUG - Loaded collision time for BConcave+BConvex+4100 at IoU 0.7: nan
2025-07-26 22:17:37,720 - DEBUG - Loaded collision time for BConcave+BConvex+4100 at IoU 0.75: nan
2025-07-26 22:17:37,721 - DEBUG - Loaded collision time for BConcave+BConvex+4100 at IoU 0.8: nan
2025-07-26 22:17:37,722 - DEBUG - Loaded collision time for BConcave+BConvex+4100 at IoU 0.85: nan
2025-07-26 22:17:37,722 - DEBUG - Loaded collision time for BConcave+BConvex+4100 at IoU 0.9: nan
2025-07-26 22:17:37,723 - DEBUG - Loaded collision time for BConcave+BConvex+4100 at IoU 0.95: nan
2025-07-26 22:17:37,723 - INFO - Processing video: BConcave+BConvex+4300_flipped
2025-07-26 22:17:37,728 - INFO - Video BConcave+BConvex+4300_flipped already processed (found segformer_model-BConcave+BConvex+4300_flipped.mp4), skipping video processing...
2025-07-26 22:17:37,738 - INFO - VanillaSegmentationSaver initialized with output dir: /home/projects/bagon/andreyg/Projects/Object_reps_neural/Programming/hugging_face/model_experiments/segformer/exp2TTC_segformer-b1-finetuned-ade-512-512/processed_videos/segformer_model-BConcave+BConvex+4300_flipped/org_segmentation
2025-07-26 22:17:37,742 - INFO - All collision results already exist for BConcave+BConvex+4300_flipped
2025-07-26 22:17:37,743 - DEBUG - Loaded collision time for BConcave+BConvex+4300_flipped at IoU 0.05: nan
2025-07-26 22:17:37,744 - DEBUG - Loaded collision time for BConcave+BConvex+4300_flipped at IoU 0.1: nan
2025-07-26 22:17:37,745 - DEBUG - Loaded collision time for BConcave+BConvex+4300_flipped at IoU 0.15: nan
2025-07-26 22:17:37,745 - DEBUG - Loaded collision time for BConcave+BConvex+4300_flipped at IoU 0.2: nan
2025-07-26 22:17:37,746 - DEBUG - Loaded collision time for BConcave+BConvex+4300_flipped at IoU 0.25: nan
2025-07-26 22:17:37,747 - DEBUG - Loaded collision time for BConcave+BConvex+4300_flipped at IoU 0.3: nan
2025-07-26 22:17:37,748 - DEBUG - Loaded collision time for BConcave+BConvex+4300_flipped at IoU 0.35: nan
2025-07-26 22:17:37,748 - DEBUG - Loaded collision time for BConcave+BConvex+4300_flipped at IoU 0.4: nan
2025-07-26 22:17:37,749 - DEBUG - Loaded collision time for BConcave+BConvex+4300_flipped at IoU 0.45: nan
2025-07-26 22:17:37,750 - DEBUG - Loaded collision time for BConcave+BConvex+4300_flipped at IoU 0.5: nan
2025-07-26 22:17:37,751 - DEBUG - Loaded collision time for BConcave+BConvex+4300_flipped at IoU 0.55: nan
2025-07-26 22:17:37,752 - DEBUG - Loaded collision time for BConcave+BConvex+4300_flipped at IoU 0.6: nan
2025-07-26 22:17:37,753 - DEBUG - Loaded collision time for BConcave+BConvex+4300_flipped at IoU 0.65: nan
2025-07-26 22:17:37,753 - DEBUG - Loaded collision time for BConcave+BConvex+4300_flipped at IoU 0.7: nan
2025-07-26 22:17:37,754 - DEBUG - Loaded collision time for BConcave+BConvex+4300_flipped at IoU 0.75: nan
2025-07-26 22:17:37,755 - DEBUG - Loaded collision time for BConcave+BConvex+4300_flipped at IoU 0.8: nan
2025-07-26 22:17:37,756 - DEBUG - Loaded collision time for BConcave+BConvex+4300_flipped at IoU 0.85: nan
2025-07-26 22:17:37,757 - DEBUG - Loaded collision time for BConcave+BConvex+4300_flipped at IoU 0.9: nan
2025-07-26 22:17:37,757 - DEBUG - Loaded collision time for BConcave+BConvex+4300_flipped at IoU 0.95: nan
2025-07-26 22:17:37,757 - INFO - Processing video: BConcave+BConvex+4500
2025-07-26 22:17:37,759 - INFO - Video BConcave+BConvex+4500 already processed (found segformer_model-BConcave+BConvex+4500.mp4), skipping video processing...
2025-07-26 22:17:37,767 - INFO - VanillaSegmentationSaver initialized with output dir: /home/projects/bagon/andreyg/Projects/Object_reps_neural/Programming/hugging_face/model_experiments/segformer/exp2TTC_segformer-b1-finetuned-ade-512-512/processed_videos/segformer_model-BConcave+BConvex+4500/org_segmentation
2025-07-26 22:17:37,771 - INFO - All collision results already exist for BConcave+BConvex+4500
2025-07-26 22:17:37,772 - DEBUG - Loaded collision time for BConcave+BConvex+4500 at IoU 0.05: nan
2025-07-26 22:17:37,773 - DEBUG - Loaded collision time for BConcave+BConvex+4500 at IoU 0.1: nan
2025-07-26 22:17:37,774 - DEBUG - Loaded collision time for BConcave+BConvex+4500 at IoU 0.15: nan
2025-07-26 22:17:37,774 - DEBUG - Loaded collision time for BConcave+BConvex+4500 at IoU 0.2: nan
2025-07-26 22:17:37,775 - DEBUG - Loaded collision time for BConcave+BConvex+4500 at IoU 0.25: nan
2025-07-26 22:17:37,776 - DEBUG - Loaded collision time for BConcave+BConvex+4500 at IoU 0.3: nan
2025-07-26 22:17:37,777 - DEBUG - Loaded collision time for BConcave+BConvex+4500 at IoU 0.35: nan
2025-07-26 22:17:37,778 - DEBUG - Loaded collision time for BConcave+BConvex+4500 at IoU 0.4: nan
2025-07-26 22:17:37,779 - DEBUG - Loaded collision time for BConcave+BConvex+4500 at IoU 0.45: nan
2025-07-26 22:17:37,779 - DEBUG - Loaded collision time for BConcave+BConvex+4500 at IoU 0.5: nan
2025-07-26 22:17:37,780 - DEBUG - Loaded collision time for BConcave+BConvex+4500 at IoU 0.55: nan
2025-07-26 22:17:37,781 - DEBUG - Loaded collision time for BConcave+BConvex+4500 at IoU 0.6: nan
2025-07-26 22:17:37,782 - DEBUG - Loaded collision time for BConcave+BConvex+4500 at IoU 0.65: nan
2025-07-26 22:17:37,783 - DEBUG - Loaded collision time for BConcave+BConvex+4500 at IoU 0.7: nan
2025-07-26 22:17:37,783 - DEBUG - Loaded collision time for BConcave+BConvex+4500 at IoU 0.75: nan
2025-07-26 22:17:37,784 - DEBUG - Loaded collision time for BConcave+BConvex+4500 at IoU 0.8: nan
2025-07-26 22:17:37,785 - DEBUG - Loaded collision time for BConcave+BConvex+4500 at IoU 0.85: nan
2025-07-26 22:17:37,786 - DEBUG - Loaded collision time for BConcave+BConvex+4500 at IoU 0.9: nan
2025-07-26 22:17:37,786 - DEBUG - Loaded collision time for BConcave+BConvex+4500 at IoU 0.95: nan
2025-07-26 22:17:37,786 - INFO - Processing video: BConcave+CConcave+3500
2025-07-26 22:17:37,788 - INFO - Video BConcave+CConcave+3500 already processed (found segformer_model-BConcave+CConcave+3500.mp4), skipping video processing...
2025-07-26 22:17:37,796 - INFO - VanillaSegmentationSaver initialized with output dir: /home/projects/bagon/andreyg/Projects/Object_reps_neural/Programming/hugging_face/model_experiments/segformer/exp2TTC_segformer-b1-finetuned-ade-512-512/processed_videos/segformer_model-BConcave+CConcave+3500/org_segmentation
2025-07-26 22:17:37,800 - INFO - All collision results already exist for BConcave+CConcave+3500
2025-07-26 22:17:37,801 - DEBUG - Loaded collision time for BConcave+CConcave+3500 at IoU 0.05: 3816.666666666667
2025-07-26 22:17:37,802 - DEBUG - Loaded collision time for BConcave+CConcave+3500 at IoU 0.1: 3950.0
2025-07-26 22:17:37,803 - DEBUG - Loaded collision time for BConcave+CConcave+3500 at IoU 0.15: 4083.333333333333
2025-07-26 22:17:37,803 - DEBUG - Loaded collision time for BConcave+CConcave+3500 at IoU 0.2: 4183.333333333334
2025-07-26 22:17:37,804 - DEBUG - Loaded collision time for BConcave+CConcave+3500 at IoU 0.25: 4300.0
2025-07-26 22:17:37,805 - DEBUG - Loaded collision time for BConcave+CConcave+3500 at IoU 0.3: 4400.0
2025-07-26 22:17:37,806 - DEBUG - Loaded collision time for BConcave+CConcave+3500 at IoU 0.35: 4566.666666666666
2025-07-26 22:17:37,807 - DEBUG - Loaded collision time for BConcave+CConcave+3500 at IoU 0.4: nan
2025-07-26 22:17:37,808 - DEBUG - Loaded collision time for BConcave+CConcave+3500 at IoU 0.45: nan
2025-07-26 22:17:37,809 - DEBUG - Loaded collision time for BConcave+CConcave+3500 at IoU 0.5: nan
2025-07-26 22:17:37,809 - DEBUG - Loaded collision time for BConcave+CConcave+3500 at IoU 0.55: nan
2025-07-26 22:17:37,810 - DEBUG - Loaded collision time for BConcave+CConcave+3500 at IoU 0.6: nan
2025-07-26 22:17:37,811 - DEBUG - Loaded collision time for BConcave+CConcave+3500 at IoU 0.65: nan
2025-07-26 22:17:37,812 - DEBUG - Loaded collision time for BConcave+CConcave+3500 at IoU 0.7: nan
2025-07-26 22:17:37,812 - DEBUG - Loaded collision time for BConcave+CConcave+3500 at IoU 0.75: nan
2025-07-26 22:17:37,813 - DEBUG - Loaded collision time for BConcave+CConcave+3500 at IoU 0.8: nan
2025-07-26 22:17:37,814 - DEBUG - Loaded collision time for BConcave+CConcave+3500 at IoU 0.85: nan
2025-07-26 22:17:37,815 - DEBUG - Loaded collision time for BConcave+CConcave+3500 at IoU 0.9: nan
2025-07-26 22:17:37,816 - DEBUG - Loaded collision time for BConcave+CConcave+3500 at IoU 0.95: nan
2025-07-26 22:17:37,816 - INFO - Processing video: BConcave+CConcave+3700_flipped
2025-07-26 22:17:37,817 - INFO - Video BConcave+CConcave+3700_flipped already processed (found segformer_model-BConcave+CConcave+3700_flipped.mp4), skipping video processing...
2025-07-26 22:17:37,826 - INFO - VanillaSegmentationSaver initialized with output dir: /home/projects/bagon/andreyg/Projects/Object_reps_neural/Programming/hugging_face/model_experiments/segformer/exp2TTC_segformer-b1-finetuned-ade-512-512/processed_videos/segformer_model-BConcave+CConcave+3700_flipped/org_segmentation
2025-07-26 22:17:37,830 - INFO - All collision results already exist for BConcave+CConcave+3700_flipped
2025-07-26 22:17:37,831 - DEBUG - Loaded collision time for BConcave+CConcave+3700_flipped at IoU 0.05: nan
2025-07-26 22:17:37,831 - DEBUG - Loaded collision time for BConcave+CConcave+3700_flipped at IoU 0.1: nan
2025-07-26 22:17:37,832 - DEBUG - Loaded collision time for BConcave+CConcave+3700_flipped at IoU 0.15: nan
2025-07-26 22:17:37,833 - DEBUG - Loaded collision time for BConcave+CConcave+3700_flipped at IoU 0.2: nan
2025-07-26 22:17:37,834 - DEBUG - Loaded collision time for BConcave+CConcave+3700_flipped at IoU 0.25: nan
2025-07-26 22:17:37,834 - DEBUG - Loaded collision time for BConcave+CConcave+3700_flipped at IoU 0.3: nan
2025-07-26 22:17:37,835 - DEBUG - Loaded collision time for BConcave+CConcave+3700_flipped at IoU 0.35: nan
2025-07-26 22:17:37,836 - DEBUG - Loaded collision time for BConcave+CConcave+3700_flipped at IoU 0.4: nan
2025-07-26 22:17:37,837 - DEBUG - Loaded collision time for BConcave+CConcave+3700_flipped at IoU 0.45: nan
2025-07-26 22:17:37,837 - DEBUG - Loaded collision time for BConcave+CConcave+3700_flipped at IoU 0.5: nan
2025-07-26 22:17:37,838 - DEBUG - Loaded collision time for BConcave+CConcave+3700_flipped at IoU 0.55: nan
2025-07-26 22:17:37,839 - DEBUG - Loaded collision time for BConcave+CConcave+3700_flipped at IoU 0.6: nan
2025-07-26 22:17:37,840 - DEBUG - Loaded collision time for BConcave+CConcave+3700_flipped at IoU 0.65: nan
2025-07-26 22:17:37,841 - DEBUG - Loaded collision time for BConcave+CConcave+3700_flipped at IoU 0.7: nan
2025-07-26 22:17:37,841 - DEBUG - Loaded collision time for BConcave+CConcave+3700_flipped at IoU 0.75: nan
2025-07-26 22:17:37,842 - DEBUG - Loaded collision time for BConcave+CConcave+3700_flipped at IoU 0.8: nan
2025-07-26 22:17:37,843 - DEBUG - Loaded collision time for BConcave+CConcave+3700_flipped at IoU 0.85: nan
2025-07-26 22:17:37,844 - DEBUG - Loaded collision time for BConcave+CConcave+3700_flipped at IoU 0.9: nan
2025-07-26 22:17:37,845 - DEBUG - Loaded collision time for BConcave+CConcave+3700_flipped at IoU 0.95: nan
2025-07-26 22:17:37,845 - INFO - Processing video: BConcave+CConcave+3900
2025-07-26 22:17:37,846 - INFO - Video BConcave+CConcave+3900 already processed (found segformer_model-BConcave+CConcave+3900.mp4), skipping video processing...
2025-07-26 22:17:37,854 - INFO - VanillaSegmentationSaver initialized with output dir: /home/projects/bagon/andreyg/Projects/Object_reps_neural/Programming/hugging_face/model_experiments/segformer/exp2TTC_segformer-b1-finetuned-ade-512-512/processed_videos/segformer_model-BConcave+CConcave+3900/org_segmentation
2025-07-26 22:17:37,859 - INFO - All collision results already exist for BConcave+CConcave+3900
2025-07-26 22:17:37,859 - DEBUG - Loaded collision time for BConcave+CConcave+3900 at IoU 0.05: nan
2025-07-26 22:17:37,860 - DEBUG - Loaded collision time for BConcave+CConcave+3900 at IoU 0.1: nan
2025-07-26 22:17:37,861 - DEBUG - Loaded collision time for BConcave+CConcave+3900 at IoU 0.15: nan
2025-07-26 22:17:37,862 - DEBUG - Loaded collision time for BConcave+CConcave+3900 at IoU 0.2: nan
2025-07-26 22:17:37,863 - DEBUG - Loaded collision time for BConcave+CConcave+3900 at IoU 0.25: nan
2025-07-26 22:17:37,863 - DEBUG - Loaded collision time for BConcave+CConcave+3900 at IoU 0.3: nan
2025-07-26 22:17:37,864 - DEBUG - Loaded collision time for BConcave+CConcave+3900 at IoU 0.35: nan
2025-07-26 22:17:37,865 - DEBUG - Loaded collision time for BConcave+CConcave+3900 at IoU 0.4: nan
2025-07-26 22:17:37,866 - DEBUG - Loaded collision time for BConcave+CConcave+3900 at IoU 0.45: nan
2025-07-26 22:17:37,867 - DEBUG - Loaded collision time for BConcave+CConcave+3900 at IoU 0.5: nan
2025-07-26 22:17:37,868 - DEBUG - Loaded collision time for BConcave+CConcave+3900 at IoU 0.55: nan
2025-07-26 22:17:37,868 - DEBUG - Loaded collision time for BConcave+CConcave+3900 at IoU 0.6: nan
2025-07-26 22:17:37,869 - DEBUG - Loaded collision time for BConcave+CConcave+3900 at IoU 0.65: nan
2025-07-26 22:17:37,870 - DEBUG - Loaded collision time for BConcave+CConcave+3900 at IoU 0.7: nan
2025-07-26 22:17:37,871 - DEBUG - Loaded collision time for BConcave+CConcave+3900 at IoU 0.75: nan
2025-07-26 22:17:37,872 - DEBUG - Loaded collision time for BConcave+CConcave+3900 at IoU 0.8: nan
2025-07-26 22:17:37,873 - DEBUG - Loaded collision time for BConcave+CConcave+3900 at IoU 0.85: nan
2025-07-26 22:17:37,873 - DEBUG - Loaded collision time for BConcave+CConcave+3900 at IoU 0.9: nan
2025-07-26 22:17:37,874 - DEBUG - Loaded collision time for BConcave+CConcave+3900 at IoU 0.95: nan
2025-07-26 22:17:37,874 - INFO - Processing video: BConcave+CConcave+4100_flipped
2025-07-26 22:17:37,876 - INFO - Video BConcave+CConcave+4100_flipped already processed (found segformer_model-BConcave+CConcave+4100_flipped.mp4), skipping video processing...
2025-07-26 22:17:37,884 - INFO - VanillaSegmentationSaver initialized with output dir: /home/projects/bagon/andreyg/Projects/Object_reps_neural/Programming/hugging_face/model_experiments/segformer/exp2TTC_segformer-b1-finetuned-ade-512-512/processed_videos/segformer_model-BConcave+CConcave+4100_flipped/org_segmentation
2025-07-26 22:17:37,888 - INFO - All collision results already exist for BConcave+CConcave+4100_flipped
2025-07-26 22:17:37,889 - DEBUG - Loaded collision time for BConcave+CConcave+4100_flipped at IoU 0.05: 1433.3333333333333
2025-07-26 22:17:37,890 - DEBUG - Loaded collision time for BConcave+CConcave+4100_flipped at IoU 0.1: 1450.0
2025-07-26 22:17:37,891 - DEBUG - Loaded collision time for BConcave+CConcave+4100_flipped at IoU 0.15: nan
2025-07-26 22:17:37,892 - DEBUG - Loaded collision time for BConcave+CConcave+4100_flipped at IoU 0.2: nan
2025-07-26 22:17:37,893 - DEBUG - Loaded collision time for BConcave+CConcave+4100_flipped at IoU 0.25: nan
2025-07-26 22:17:37,894 - DEBUG - Loaded collision time for BConcave+CConcave+4100_flipped at IoU 0.3: nan
2025-07-26 22:17:37,894 - DEBUG - Loaded collision time for BConcave+CConcave+4100_flipped at IoU 0.35: nan
2025-07-26 22:17:37,895 - DEBUG - Loaded collision time for BConcave+CConcave+4100_flipped at IoU 0.4: nan
2025-07-26 22:17:37,896 - DEBUG - Loaded collision time for BConcave+CConcave+4100_flipped at IoU 0.45: nan
2025-07-26 22:17:37,897 - DEBUG - Loaded collision time for BConcave+CConcave+4100_flipped at IoU 0.5: nan
2025-07-26 22:17:37,898 - DEBUG - Loaded collision time for BConcave+CConcave+4100_flipped at IoU 0.55: nan
2025-07-26 22:17:37,898 - DEBUG - Loaded collision time for BConcave+CConcave+4100_flipped at IoU 0.6: nan
2025-07-26 22:17:37,899 - DEBUG - Loaded collision time for BConcave+CConcave+4100_flipped at IoU 0.65: nan
2025-07-26 22:17:37,900 - DEBUG - Loaded collision time for BConcave+CConcave+4100_flipped at IoU 0.7: nan
2025-07-26 22:17:37,901 - DEBUG - Loaded collision time for BConcave+CConcave+4100_flipped at IoU 0.75: nan
2025-07-26 22:17:37,902 - DEBUG - Loaded collision time for BConcave+CConcave+4100_flipped at IoU 0.8: nan
2025-07-26 22:17:37,902 - DEBUG - Loaded collision time for BConcave+CConcave+4100_flipped at IoU 0.85: nan
2025-07-26 22:17:37,903 - DEBUG - Loaded collision time for BConcave+CConcave+4100_flipped at IoU 0.9: nan
2025-07-26 22:17:37,904 - DEBUG - Loaded collision time for BConcave+CConcave+4100_flipped at IoU 0.95: nan
2025-07-26 22:17:37,904 - INFO - Processing video: BConcave+CConcave+4300
2025-07-26 22:17:37,905 - INFO - Video BConcave+CConcave+4300 already processed (found segformer_model-BConcave+CConcave+4300.mp4), skipping video processing...
2025-07-26 22:17:37,913 - INFO - VanillaSegmentationSaver initialized with output dir: /home/projects/bagon/andreyg/Projects/Object_reps_neural/Programming/hugging_face/model_experiments/segformer/exp2TTC_segformer-b1-finetuned-ade-512-512/processed_videos/segformer_model-BConcave+CConcave+4300/org_segmentation
2025-07-26 22:17:37,918 - INFO - All collision results already exist for BConcave+CConcave+4300
2025-07-26 22:17:37,919 - DEBUG - Loaded collision time for BConcave+CConcave+4300 at IoU 0.05: 4600.0
2025-07-26 22:17:37,920 - DEBUG - Loaded collision time for BConcave+CConcave+4300 at IoU 0.1: 4766.666666666667
2025-07-26 22:17:37,921 - DEBUG - Loaded collision time for BConcave+CConcave+4300 at IoU 0.15: 4900.0
2025-07-26 22:17:37,921 - DEBUG - Loaded collision time for BConcave+CConcave+4300 at IoU 0.2: 5016.666666666667
2025-07-26 22:17:37,922 - DEBUG - Loaded collision time for BConcave+CConcave+4300 at IoU 0.25: 5133.333333333334
2025-07-26 22:17:37,923 - DEBUG - Loaded collision time for BConcave+CConcave+4300 at IoU 0.3: 5316.666666666666
2025-07-26 22:17:37,924 - DEBUG - Loaded collision time for BConcave+CConcave+4300 at IoU 0.35: nan
2025-07-26 22:17:37,925 - DEBUG - Loaded collision time for BConcave+CConcave+4300 at IoU 0.4: nan
2025-07-26 22:17:37,926 - DEBUG - Loaded collision time for BConcave+CConcave+4300 at IoU 0.45: nan
2025-07-26 22:17:37,926 - DEBUG - Loaded collision time for BConcave+CConcave+4300 at IoU 0.5: nan
2025-07-26 22:17:37,927 - DEBUG - Loaded collision time for BConcave+CConcave+4300 at IoU 0.55: nan
2025-07-26 22:17:37,928 - DEBUG - Loaded collision time for BConcave+CConcave+4300 at IoU 0.6: nan
2025-07-26 22:17:37,929 - DEBUG - Loaded collision time for BConcave+CConcave+4300 at IoU 0.65: nan
2025-07-26 22:17:37,929 - DEBUG - Loaded collision time for BConcave+CConcave+4300 at IoU 0.7: nan
2025-07-26 22:17:37,930 - DEBUG - Loaded collision time for BConcave+CConcave+4300 at IoU 0.75: nan
2025-07-26 22:17:37,931 - DEBUG - Loaded collision time for BConcave+CConcave+4300 at IoU 0.8: nan
2025-07-26 22:17:37,932 - DEBUG - Loaded collision time for BConcave+CConcave+4300 at IoU 0.85: nan
2025-07-26 22:17:37,933 - DEBUG - Loaded collision time for BConcave+CConcave+4300 at IoU 0.9: nan
2025-07-26 22:17:37,933 - DEBUG - Loaded collision time for BConcave+CConcave+4300 at IoU 0.95: nan
2025-07-26 22:17:37,934 - INFO - Processing video: BConcave+CConcave+4500_flipped
2025-07-26 22:17:37,935 - INFO - Video BConcave+CConcave+4500_flipped already processed (found segformer_model-BConcave+CConcave+4500_flipped.mp4), skipping video processing...
2025-07-26 22:17:37,944 - INFO - VanillaSegmentationSaver initialized with output dir: /home/projects/bagon/andreyg/Projects/Object_reps_neural/Programming/hugging_face/model_experiments/segformer/exp2TTC_segformer-b1-finetuned-ade-512-512/processed_videos/segformer_model-BConcave+CConcave+4500_flipped/org_segmentation
2025-07-26 22:17:37,948 - INFO - All collision results already exist for BConcave+CConcave+4500_flipped
2025-07-26 22:17:37,948 - DEBUG - Loaded collision time for BConcave+CConcave+4500_flipped at IoU 0.05: 4983.333333333333
2025-07-26 22:17:37,949 - DEBUG - Loaded collision time for BConcave+CConcave+4500_flipped at IoU 0.1: 5016.666666666667
2025-07-26 22:17:37,950 - DEBUG - Loaded collision time for BConcave+CConcave+4500_flipped at IoU 0.15: 5233.333333333333
2025-07-26 22:17:37,951 - DEBUG - Loaded collision time for BConcave+CConcave+4500_flipped at IoU 0.2: 5233.333333333333
2025-07-26 22:17:37,952 - DEBUG - Loaded collision time for BConcave+CConcave+4500_flipped at IoU 0.25: 5316.666666666666
2025-07-26 22:17:37,952 - DEBUG - Loaded collision time for BConcave+CConcave+4500_flipped at IoU 0.3: nan
2025-07-26 22:17:37,953 - DEBUG - Loaded collision time for BConcave+CConcave+4500_flipped at IoU 0.35: nan
2025-07-26 22:17:37,955 - DEBUG - Loaded collision time for BConcave+CConcave+4500_flipped at IoU 0.4: nan
2025-07-26 22:17:37,955 - DEBUG - Loaded collision time for BConcave+CConcave+4500_flipped at IoU 0.45: nan
2025-07-26 22:17:37,956 - DEBUG - Loaded collision time for BConcave+CConcave+4500_flipped at IoU 0.5: nan
2025-07-26 22:17:37,957 - DEBUG - Loaded collision time for BConcave+CConcave+4500_flipped at IoU 0.55: nan
2025-07-26 22:17:37,958 - DEBUG - Loaded collision time for BConcave+CConcave+4500_flipped at IoU 0.6: nan
2025-07-26 22:17:37,959 - DEBUG - Loaded collision time for BConcave+CConcave+4500_flipped at IoU 0.65: nan
2025-07-26 22:17:37,959 - DEBUG - Loaded collision time for BConcave+CConcave+4500_flipped at IoU 0.7: nan
2025-07-26 22:17:37,960 - DEBUG - Loaded collision time for BConcave+CConcave+4500_flipped at IoU 0.75: nan
2025-07-26 22:17:37,961 - DEBUG - Loaded collision time for BConcave+CConcave+4500_flipped at IoU 0.8: nan
2025-07-26 22:17:37,962 - DEBUG - Loaded collision time for BConcave+CConcave+4500_flipped at IoU 0.85: nan
2025-07-26 22:17:37,962 - DEBUG - Loaded collision time for BConcave+CConcave+4500_flipped at IoU 0.9: nan
2025-07-26 22:17:37,963 - DEBUG - Loaded collision time for BConcave+CConcave+4500_flipped at IoU 0.95: nan
2025-07-26 22:17:37,963 - INFO - Processing video: BConcave+CConvex+3500_flipped
2025-07-26 22:17:37,965 - INFO - Video BConcave+CConvex+3500_flipped already processed (found segformer_model-BConcave+CConvex+3500_flipped.mp4), skipping video processing...
2025-07-26 22:17:37,974 - INFO - VanillaSegmentationSaver initialized with output dir: /home/projects/bagon/andreyg/Projects/Object_reps_neural/Programming/hugging_face/model_experiments/segformer/exp2TTC_segformer-b1-finetuned-ade-512-512/processed_videos/segformer_model-BConcave+CConvex+3500_flipped/org_segmentation
2025-07-26 22:17:37,978 - INFO - All collision results already exist for BConcave+CConvex+3500_flipped
2025-07-26 22:17:37,979 - DEBUG - Loaded collision time for BConcave+CConvex+3500_flipped at IoU 0.05: nan
2025-07-26 22:17:37,980 - DEBUG - Loaded collision time for BConcave+CConvex+3500_flipped at IoU 0.1: nan
2025-07-26 22:17:37,980 - DEBUG - Loaded collision time for BConcave+CConvex+3500_flipped at IoU 0.15: nan
2025-07-26 22:17:37,981 - DEBUG - Loaded collision time for BConcave+CConvex+3500_flipped at IoU 0.2: nan
2025-07-26 22:17:37,982 - DEBUG - Loaded collision time for BConcave+CConvex+3500_flipped at IoU 0.25: nan
2025-07-26 22:17:37,983 - DEBUG - Loaded collision time for BConcave+CConvex+3500_flipped at IoU 0.3: nan
2025-07-26 22:17:37,984 - DEBUG - Loaded collision time for BConcave+CConvex+3500_flipped at IoU 0.35: nan
2025-07-26 22:17:37,984 - DEBUG - Loaded collision time for BConcave+CConvex+3500_flipped at IoU 0.4: nan
2025-07-26 22:17:37,985 - DEBUG - Loaded collision time for BConcave+CConvex+3500_flipped at IoU 0.45: nan
2025-07-26 22:17:37,986 - DEBUG - Loaded collision time for BConcave+CConvex+3500_flipped at IoU 0.5: nan
2025-07-26 22:17:37,987 - DEBUG - Loaded collision time for BConcave+CConvex+3500_flipped at IoU 0.55: nan
2025-07-26 22:17:37,988 - DEBUG - Loaded collision time for BConcave+CConvex+3500_flipped at IoU 0.6: nan
2025-07-26 22:17:37,989 - DEBUG - Loaded collision time for BConcave+CConvex+3500_flipped at IoU 0.65: nan
2025-07-26 22:17:37,990 - DEBUG - Loaded collision time for BConcave+CConvex+3500_flipped at IoU 0.7: nan
2025-07-26 22:17:37,992 - DEBUG - Loaded collision time for BConcave+CConvex+3500_flipped at IoU 0.75: nan
2025-07-26 22:17:37,992 - DEBUG - Loaded collision time for BConcave+CConvex+3500_flipped at IoU 0.8: nan
2025-07-26 22:17:37,993 - DEBUG - Loaded collision time for BConcave+CConvex+3500_flipped at IoU 0.85: nan
2025-07-26 22:17:37,994 - DEBUG - Loaded collision time for BConcave+CConvex+3500_flipped at IoU 0.9: nan
2025-07-26 22:17:37,995 - DEBUG - Loaded collision time for BConcave+CConvex+3500_flipped at IoU 0.95: nan
2025-07-26 22:17:37,995 - INFO - Processing video: BConcave+CConvex+3700
2025-07-26 22:17:37,997 - INFO - Video BConcave+CConvex+3700 already processed (found segformer_model-BConcave+CConvex+3700.mp4), skipping video processing...
2025-07-26 22:17:38,005 - INFO - VanillaSegmentationSaver initialized with output dir: /home/projects/bagon/andreyg/Projects/Object_reps_neural/Programming/hugging_face/model_experiments/segformer/exp2TTC_segformer-b1-finetuned-ade-512-512/processed_videos/segformer_model-BConcave+CConvex+3700/org_segmentation
2025-07-26 22:17:38,009 - INFO - All collision results already exist for BConcave+CConvex+3700
2025-07-26 22:17:38,010 - DEBUG - Loaded collision time for BConcave+CConvex+3700 at IoU 0.05: 4333.333333333333
2025-07-26 22:17:38,011 - DEBUG - Loaded collision time for BConcave+CConvex+3700 at IoU 0.1: 4466.666666666667
2025-07-26 22:17:38,012 - DEBUG - Loaded collision time for BConcave+CConvex+3700 at IoU 0.15: nan
2025-07-26 22:17:38,013 - DEBUG - Loaded collision time for BConcave+CConvex+3700 at IoU 0.2: nan
2025-07-26 22:17:38,013 - DEBUG - Loaded collision time for BConcave+CConvex+3700 at IoU 0.25: nan
2025-07-26 22:17:38,014 - DEBUG - Loaded collision time for BConcave+CConvex+3700 at IoU 0.3: nan
2025-07-26 22:17:38,015 - DEBUG - Loaded collision time for BConcave+CConvex+3700 at IoU 0.35: nan
2025-07-26 22:17:38,016 - DEBUG - Loaded collision time for BConcave+CConvex+3700 at IoU 0.4: nan
2025-07-26 22:17:38,016 - DEBUG - Loaded collision time for BConcave+CConvex+3700 at IoU 0.45: nan
2025-07-26 22:17:38,017 - DEBUG - Loaded collision time for BConcave+CConvex+3700 at IoU 0.5: nan
2025-07-26 22:17:38,018 - DEBUG - Loaded collision time for BConcave+CConvex+3700 at IoU 0.55: nan
2025-07-26 22:17:38,019 - DEBUG - Loaded collision time for BConcave+CConvex+3700 at IoU 0.6: nan
2025-07-26 22:17:38,019 - DEBUG - Loaded collision time for BConcave+CConvex+3700 at IoU 0.65: nan
2025-07-26 22:17:38,020 - DEBUG - Loaded collision time for BConcave+CConvex+3700 at IoU 0.7: nan
2025-07-26 22:17:38,021 - DEBUG - Loaded collision time for BConcave+CConvex+3700 at IoU 0.75: nan
2025-07-26 22:17:38,022 - DEBUG - Loaded collision time for BConcave+CConvex+3700 at IoU 0.8: nan
2025-07-26 22:17:38,022 - DEBUG - Loaded collision time for BConcave+CConvex+3700 at IoU 0.85: nan
2025-07-26 22:17:38,023 - DEBUG - Loaded collision time for BConcave+CConvex+3700 at IoU 0.9: nan
2025-07-26 22:17:38,024 - DEBUG - Loaded collision time for BConcave+CConvex+3700 at IoU 0.95: nan
2025-07-26 22:17:38,024 - INFO - Processing video: BConcave+CConvex+3900_flipped
2025-07-26 22:17:38,025 - INFO - Video BConcave+CConvex+3900_flipped already processed (found segformer_model-BConcave+CConvex+3900_flipped.mp4), skipping video processing...
2025-07-26 22:17:38,033 - INFO - VanillaSegmentationSaver initialized with output dir: /home/projects/bagon/andreyg/Projects/Object_reps_neural/Programming/hugging_face/model_experiments/segformer/exp2TTC_segformer-b1-finetuned-ade-512-512/processed_videos/segformer_model-BConcave+CConvex+3900_flipped/org_segmentation
2025-07-26 22:17:38,038 - INFO - All collision results already exist for BConcave+CConvex+3900_flipped
2025-07-26 22:17:38,039 - DEBUG - Loaded collision time for BConcave+CConvex+3900_flipped at IoU 0.05: 4233.333333333333
2025-07-26 22:17:38,040 - DEBUG - Loaded collision time for BConcave+CConvex+3900_flipped at IoU 0.1: 4333.333333333333
2025-07-26 22:17:38,041 - DEBUG - Loaded collision time for BConcave+CConvex+3900_flipped at IoU 0.15: 4466.666666666667
2025-07-26 22:17:38,042 - DEBUG - Loaded collision time for BConcave+CConvex+3900_flipped at IoU 0.2: 4600.0
2025-07-26 22:17:38,043 - DEBUG - Loaded collision time for BConcave+CConvex+3900_flipped at IoU 0.25: nan
2025-07-26 22:17:38,044 - DEBUG - Loaded collision time for BConcave+CConvex+3900_flipped at IoU 0.3: nan
2025-07-26 22:17:38,045 - DEBUG - Loaded collision time for BConcave+CConvex+3900_flipped at IoU 0.35: nan
2025-07-26 22:17:38,045 - DEBUG - Loaded collision time for BConcave+CConvex+3900_flipped at IoU 0.4: nan
2025-07-26 22:17:38,046 - DEBUG - Loaded collision time for BConcave+CConvex+3900_flipped at IoU 0.45: nan
2025-07-26 22:17:38,047 - DEBUG - Loaded collision time for BConcave+CConvex+3900_flipped at IoU 0.5: nan
2025-07-26 22:17:38,048 - DEBUG - Loaded collision time for BConcave+CConvex+3900_flipped at IoU 0.55: nan
2025-07-26 22:17:38,049 - DEBUG - Loaded collision time for BConcave+CConvex+3900_flipped at IoU 0.6: nan
2025-07-26 22:17:38,050 - DEBUG - Loaded collision time for BConcave+CConvex+3900_flipped at IoU 0.65: nan
2025-07-26 22:17:38,051 - DEBUG - Loaded collision time for BConcave+CConvex+3900_flipped at IoU 0.7: nan
2025-07-26 22:17:38,051 - DEBUG - Loaded collision time for BConcave+CConvex+3900_flipped at IoU 0.75: nan
2025-07-26 22:17:38,052 - DEBUG - Loaded collision time for BConcave+CConvex+3900_flipped at IoU 0.8: nan
2025-07-26 22:17:38,053 - DEBUG - Loaded collision time for BConcave+CConvex+3900_flipped at IoU 0.85: nan
2025-07-26 22:17:38,054 - DEBUG - Loaded collision time for BConcave+CConvex+3900_flipped at IoU 0.9: nan
2025-07-26 22:17:38,055 - DEBUG - Loaded collision time for BConcave+CConvex+3900_flipped at IoU 0.95: nan
2025-07-26 22:17:38,055 - INFO - Processing video: BConcave+CConvex+4100
2025-07-26 22:17:38,057 - INFO - Video BConcave+CConvex+4100 already processed (found segformer_model-BConcave+CConvex+4100.mp4), skipping video processing...
2025-07-26 22:17:38,065 - INFO - VanillaSegmentationSaver initialized with output dir: /home/projects/bagon/andreyg/Projects/Object_reps_neural/Programming/hugging_face/model_experiments/segformer/exp2TTC_segformer-b1-finetuned-ade-512-512/processed_videos/segformer_model-BConcave+CConvex+4100/org_segmentation
2025-07-26 22:17:38,069 - INFO - All collision results already exist for BConcave+CConvex+4100
2025-07-26 22:17:38,070 - DEBUG - Loaded collision time for BConcave+CConvex+4100 at IoU 0.05: nan
2025-07-26 22:17:38,071 - DEBUG - Loaded collision time for BConcave+CConvex+4100 at IoU 0.1: nan
2025-07-26 22:17:38,072 - DEBUG - Loaded collision time for BConcave+CConvex+4100 at IoU 0.15: nan
2025-07-26 22:17:38,072 - DEBUG - Loaded collision time for BConcave+CConvex+4100 at IoU 0.2: nan
2025-07-26 22:17:38,073 - DEBUG - Loaded collision time for BConcave+CConvex+4100 at IoU 0.25: nan
2025-07-26 22:17:38,074 - DEBUG - Loaded collision time for BConcave+CConvex+4100 at IoU 0.3: nan
2025-07-26 22:17:38,075 - DEBUG - Loaded collision time for BConcave+CConvex+4100 at IoU 0.35: nan
2025-07-26 22:17:38,076 - DEBUG - Loaded collision time for BConcave+CConvex+4100 at IoU 0.4: nan
2025-07-26 22:17:38,076 - DEBUG - Loaded collision time for BConcave+CConvex+4100 at IoU 0.45: nan
2025-07-26 22:17:38,077 - DEBUG - Loaded collision time for BConcave+CConvex+4100 at IoU 0.5: nan
2025-07-26 22:17:38,078 - DEBUG - Loaded collision time for BConcave+CConvex+4100 at IoU 0.55: nan
2025-07-26 22:17:38,079 - DEBUG - Loaded collision time for BConcave+CConvex+4100 at IoU 0.6: nan
2025-07-26 22:17:38,080 - DEBUG - Loaded collision time for BConcave+CConvex+4100 at IoU 0.65: nan
2025-07-26 22:17:38,080 - DEBUG - Loaded collision time for BConcave+CConvex+4100 at IoU 0.7: nan
2025-07-26 22:17:38,081 - DEBUG - Loaded collision time for BConcave+CConvex+4100 at IoU 0.75: nan
2025-07-26 22:17:38,082 - DEBUG - Loaded collision time for BConcave+CConvex+4100 at IoU 0.8: nan
2025-07-26 22:17:38,083 - DEBUG - Loaded collision time for BConcave+CConvex+4100 at IoU 0.85: nan
2025-07-26 22:17:38,084 - DEBUG - Loaded collision time for BConcave+CConvex+4100 at IoU 0.9: nan
2025-07-26 22:17:38,085 - DEBUG - Loaded collision time for BConcave+CConvex+4100 at IoU 0.95: nan
2025-07-26 22:17:38,085 - INFO - Processing video: BConcave+CConvex+4300_flipped
2025-07-26 22:17:38,086 - INFO - Video BConcave+CConvex+4300_flipped already processed (found segformer_model-BConcave+CConvex+4300_flipped.mp4), skipping video processing...
2025-07-26 22:17:38,095 - INFO - VanillaSegmentationSaver initialized with output dir: /home/projects/bagon/andreyg/Projects/Object_reps_neural/Programming/hugging_face/model_experiments/segformer/exp2TTC_segformer-b1-finetuned-ade-512-512/processed_videos/segformer_model-BConcave+CConvex+4300_flipped/org_segmentation
2025-07-26 22:17:38,100 - INFO - All collision results already exist for BConcave+CConvex+4300_flipped
2025-07-26 22:17:38,101 - DEBUG - Loaded collision time for BConcave+CConvex+4300_flipped at IoU 0.05: nan
2025-07-26 22:17:38,101 - DEBUG - Loaded collision time for BConcave+CConvex+4300_flipped at IoU 0.1: nan
2025-07-26 22:17:38,102 - DEBUG - Loaded collision time for BConcave+CConvex+4300_flipped at IoU 0.15: nan
2025-07-26 22:17:38,103 - DEBUG - Loaded collision time for BConcave+CConvex+4300_flipped at IoU 0.2: nan
2025-07-26 22:17:38,104 - DEBUG - Loaded collision time for BConcave+CConvex+4300_flipped at IoU 0.25: nan
2025-07-26 22:17:38,105 - DEBUG - Loaded collision time for BConcave+CConvex+4300_flipped at IoU 0.3: nan
2025-07-26 22:17:38,106 - DEBUG - Loaded collision time for BConcave+CConvex+4300_flipped at IoU 0.35: nan
2025-07-26 22:17:38,106 - DEBUG - Loaded collision time for BConcave+CConvex+4300_flipped at IoU 0.4: nan
2025-07-26 22:17:38,107 - DEBUG - Loaded collision time for BConcave+CConvex+4300_flipped at IoU 0.45: nan
2025-07-26 22:17:38,108 - DEBUG - Loaded collision time for BConcave+CConvex+4300_flipped at IoU 0.5: nan
2025-07-26 22:17:38,109 - DEBUG - Loaded collision time for BConcave+CConvex+4300_flipped at IoU 0.55: nan
2025-07-26 22:17:38,110 - DEBUG - Loaded collision time for BConcave+CConvex+4300_flipped at IoU 0.6: nan
2025-07-26 22:17:38,111 - DEBUG - Loaded collision time for BConcave+CConvex+4300_flipped at IoU 0.65: nan
2025-07-26 22:17:38,111 - DEBUG - Loaded collision time for BConcave+CConvex+4300_flipped at IoU 0.7: nan
2025-07-26 22:17:38,112 - DEBUG - Loaded collision time for BConcave+CConvex+4300_flipped at IoU 0.75: nan
2025-07-26 22:17:38,113 - DEBUG - Loaded collision time for BConcave+CConvex+4300_flipped at IoU 0.8: nan
2025-07-26 22:17:38,114 - DEBUG - Loaded collision time for BConcave+CConvex+4300_flipped at IoU 0.85: nan
2025-07-26 22:17:38,115 - DEBUG - Loaded collision time for BConcave+CConvex+4300_flipped at IoU 0.9: nan
2025-07-26 22:17:38,115 - DEBUG - Loaded collision time for BConcave+CConvex+4300_flipped at IoU 0.95: nan
2025-07-26 22:17:38,115 - INFO - Processing video: BConcave+CConvex+4500
2025-07-26 22:17:38,117 - INFO - Video BConcave+CConvex+4500 already processed (found segformer_model-BConcave+CConvex+4500.mp4), skipping video processing...
2025-07-26 22:17:38,125 - INFO - VanillaSegmentationSaver initialized with output dir: /home/projects/bagon/andreyg/Projects/Object_reps_neural/Programming/hugging_face/model_experiments/segformer/exp2TTC_segformer-b1-finetuned-ade-512-512/processed_videos/segformer_model-BConcave+CConvex+4500/org_segmentation
2025-07-26 22:17:38,130 - INFO - All collision results already exist for BConcave+CConvex+4500
2025-07-26 22:17:38,131 - DEBUG - Loaded collision time for BConcave+CConvex+4500 at IoU 0.05: nan
2025-07-26 22:17:38,131 - DEBUG - Loaded collision time for BConcave+CConvex+4500 at IoU 0.1: nan
2025-07-26 22:17:38,132 - DEBUG - Loaded collision time for BConcave+CConvex+4500 at IoU 0.15: nan
2025-07-26 22:17:38,133 - DEBUG - Loaded collision time for BConcave+CConvex+4500 at IoU 0.2: nan
2025-07-26 22:17:38,134 - DEBUG - Loaded collision time for BConcave+CConvex+4500 at IoU 0.25: nan
2025-07-26 22:17:38,135 - DEBUG - Loaded collision time for BConcave+CConvex+4500 at IoU 0.3: nan
2025-07-26 22:17:38,135 - DEBUG - Loaded collision time for BConcave+CConvex+4500 at IoU 0.35: nan
2025-07-26 22:17:38,136 - DEBUG - Loaded collision time for BConcave+CConvex+4500 at IoU 0.4: nan
2025-07-26 22:17:38,137 - DEBUG - Loaded collision time for BConcave+CConvex+4500 at IoU 0.45: nan
2025-07-26 22:17:38,138 - DEBUG - Loaded collision time for BConcave+CConvex+4500 at IoU 0.5: nan
2025-07-26 22:17:38,139 - DEBUG - Loaded collision time for BConcave+CConvex+4500 at IoU 0.55: nan
2025-07-26 22:17:38,140 - DEBUG - Loaded collision time for BConcave+CConvex+4500 at IoU 0.6: nan
2025-07-26 22:17:38,140 - DEBUG - Loaded collision time for BConcave+CConvex+4500 at IoU 0.65: nan
2025-07-26 22:17:38,141 - DEBUG - Loaded collision time for BConcave+CConvex+4500 at IoU 0.7: nan
2025-07-26 22:17:38,142 - DEBUG - Loaded collision time for BConcave+CConvex+4500 at IoU 0.75: nan
2025-07-26 22:17:38,143 - DEBUG - Loaded collision time for BConcave+CConvex+4500 at IoU 0.8: nan
2025-07-26 22:17:38,144 - DEBUG - Loaded collision time for BConcave+CConvex+4500 at IoU 0.85: nan
2025-07-26 22:17:38,145 - DEBUG - Loaded collision time for BConcave+CConvex+4500 at IoU 0.9: nan
2025-07-26 22:17:38,145 - DEBUG - Loaded collision time for BConcave+CConvex+4500 at IoU 0.95: nan
2025-07-26 22:17:38,146 - INFO - Processing video: BConcave+DConcave+3500
2025-07-26 22:17:38,147 - INFO - Video BConcave+DConcave+3500 already processed (found segformer_model-BConcave+DConcave+3500.mp4), skipping video processing...
2025-07-26 22:17:38,155 - INFO - VanillaSegmentationSaver initialized with output dir: /home/projects/bagon/andreyg/Projects/Object_reps_neural/Programming/hugging_face/model_experiments/segformer/exp2TTC_segformer-b1-finetuned-ade-512-512/processed_videos/segformer_model-BConcave+DConcave+3500/org_segmentation
2025-07-26 22:17:38,159 - INFO - All collision results already exist for BConcave+DConcave+3500
2025-07-26 22:17:38,160 - DEBUG - Loaded collision time for BConcave+DConcave+3500 at IoU 0.05: 3683.333333333333
2025-07-26 22:17:38,161 - DEBUG - Loaded collision time for BConcave+DConcave+3500 at IoU 0.1: 3750.0
2025-07-26 22:17:38,162 - DEBUG - Loaded collision time for BConcave+DConcave+3500 at IoU 0.15: 3816.666666666667
2025-07-26 22:17:38,163 - DEBUG - Loaded collision time for BConcave+DConcave+3500 at IoU 0.2: 3883.3333333333335
2025-07-26 22:17:38,163 - DEBUG - Loaded collision time for BConcave+DConcave+3500 at IoU 0.25: 3933.333333333333
2025-07-26 22:17:38,164 - DEBUG - Loaded collision time for BConcave+DConcave+3500 at IoU 0.3: 4000.0
2025-07-26 22:17:38,165 - DEBUG - Loaded collision time for BConcave+DConcave+3500 at IoU 0.35: 4050.0
2025-07-26 22:17:38,166 - DEBUG - Loaded collision time for BConcave+DConcave+3500 at IoU 0.4: 4150.0
2025-07-26 22:17:38,167 - DEBUG - Loaded collision time for BConcave+DConcave+3500 at IoU 0.45: nan
2025-07-26 22:17:38,167 - DEBUG - Loaded collision time for BConcave+DConcave+3500 at IoU 0.5: nan
2025-07-26 22:17:38,168 - DEBUG - Loaded collision time for BConcave+DConcave+3500 at IoU 0.55: nan
2025-07-26 22:17:38,169 - DEBUG - Loaded collision time for BConcave+DConcave+3500 at IoU 0.6: nan
2025-07-26 22:17:38,170 - DEBUG - Loaded collision time for BConcave+DConcave+3500 at IoU 0.65: nan
2025-07-26 22:17:38,171 - DEBUG - Loaded collision time for BConcave+DConcave+3500 at IoU 0.7: nan
2025-07-26 22:17:38,171 - DEBUG - Loaded collision time for BConcave+DConcave+3500 at IoU 0.75: nan
2025-07-26 22:17:38,172 - DEBUG - Loaded collision time for BConcave+DConcave+3500 at IoU 0.8: nan
2025-07-26 22:17:38,173 - DEBUG - Loaded collision time for BConcave+DConcave+3500 at IoU 0.85: nan
2025-07-26 22:17:38,174 - DEBUG - Loaded collision time for BConcave+DConcave+3500 at IoU 0.9: nan
2025-07-26 22:17:38,175 - DEBUG - Loaded collision time for BConcave+DConcave+3500 at IoU 0.95: nan
2025-07-26 22:17:38,175 - INFO - Processing video: BConcave+DConcave+3700_flipped
2025-07-26 22:17:38,176 - INFO - Video BConcave+DConcave+3700_flipped already processed (found segformer_model-BConcave+DConcave+3700_flipped.mp4), skipping video processing...
2025-07-26 22:17:38,185 - INFO - VanillaSegmentationSaver initialized with output dir: /home/projects/bagon/andreyg/Projects/Object_reps_neural/Programming/hugging_face/model_experiments/segformer/exp2TTC_segformer-b1-finetuned-ade-512-512/processed_videos/segformer_model-BConcave+DConcave+3700_flipped/org_segmentation
2025-07-26 22:17:38,189 - INFO - All collision results already exist for BConcave+DConcave+3700_flipped
2025-07-26 22:17:38,190 - DEBUG - Loaded collision time for BConcave+DConcave+3700_flipped at IoU 0.05: 4033.333333333333
2025-07-26 22:17:38,191 - DEBUG - Loaded collision time for BConcave+DConcave+3700_flipped at IoU 0.1: 4100.0
2025-07-26 22:17:38,192 - DEBUG - Loaded collision time for BConcave+DConcave+3700_flipped at IoU 0.15: 4200.0
2025-07-26 22:17:38,193 - DEBUG - Loaded collision time for BConcave+DConcave+3700_flipped at IoU 0.2: 4283.333333333333
2025-07-26 22:17:38,194 - DEBUG - Loaded collision time for BConcave+DConcave+3700_flipped at IoU 0.25: nan
2025-07-26 22:17:38,194 - DEBUG - Loaded collision time for BConcave+DConcave+3700_flipped at IoU 0.3: nan
2025-07-26 22:17:38,195 - DEBUG - Loaded collision time for BConcave+DConcave+3700_flipped at IoU 0.35: nan
2025-07-26 22:17:38,196 - DEBUG - Loaded collision time for BConcave+DConcave+3700_flipped at IoU 0.4: nan
2025-07-26 22:17:38,197 - DEBUG - Loaded collision time for BConcave+DConcave+3700_flipped at IoU 0.45: nan
2025-07-26 22:17:38,198 - DEBUG - Loaded collision time for BConcave+DConcave+3700_flipped at IoU 0.5: nan
2025-07-26 22:17:38,199 - DEBUG - Loaded collision time for BConcave+DConcave+3700_flipped at IoU 0.55: nan
2025-07-26 22:17:38,200 - DEBUG - Loaded collision time for BConcave+DConcave+3700_flipped at IoU 0.6: nan
2025-07-26 22:17:38,200 - DEBUG - Loaded collision time for BConcave+DConcave+3700_flipped at IoU 0.65: nan
2025-07-26 22:17:38,201 - DEBUG - Loaded collision time for BConcave+DConcave+3700_flipped at IoU 0.7: nan
2025-07-26 22:17:38,202 - DEBUG - Loaded collision time for BConcave+DConcave+3700_flipped at IoU 0.75: nan
2025-07-26 22:17:38,203 - DEBUG - Loaded collision time for BConcave+DConcave+3700_flipped at IoU 0.8: nan
2025-07-26 22:17:38,204 - DEBUG - Loaded collision time for BConcave+DConcave+3700_flipped at IoU 0.85: nan
2025-07-26 22:17:38,205 - DEBUG - Loaded collision time for BConcave+DConcave+3700_flipped at IoU 0.9: nan
2025-07-26 22:17:38,205 - DEBUG - Loaded collision time for BConcave+DConcave+3700_flipped at IoU 0.95: nan
2025-07-26 22:17:38,205 - INFO - Processing video: BConcave+DConcave+3900
2025-07-26 22:17:38,207 - INFO - Video BConcave+DConcave+3900 already processed (found segformer_model-BConcave+DConcave+3900.mp4), skipping video processing...
2025-07-26 22:17:38,215 - INFO - VanillaSegmentationSaver initialized with output dir: /home/projects/bagon/andreyg/Projects/Object_reps_neural/Programming/hugging_face/model_experiments/segformer/exp2TTC_segformer-b1-finetuned-ade-512-512/processed_videos/segformer_model-BConcave+DConcave+3900/org_segmentation
2025-07-26 22:17:38,220 - INFO - All collision results already exist for BConcave+DConcave+3900
2025-07-26 22:17:38,220 - DEBUG - Loaded collision time for BConcave+DConcave+3900 at IoU 0.05: 4050.0
2025-07-26 22:17:38,221 - DEBUG - Loaded collision time for BConcave+DConcave+3900 at IoU 0.1: 4116.666666666666
2025-07-26 22:17:38,222 - DEBUG - Loaded collision time for BConcave+DConcave+3900 at IoU 0.15: 4183.333333333334
2025-07-26 22:17:38,223 - DEBUG - Loaded collision time for BConcave+DConcave+3900 at IoU 0.2: 4283.333333333333
2025-07-26 22:17:38,224 - DEBUG - Loaded collision time for BConcave+DConcave+3900 at IoU 0.25: 4383.333333333334
2025-07-26 22:17:38,225 - DEBUG - Loaded collision time for BConcave+DConcave+3900 at IoU 0.3: nan
2025-07-26 22:17:38,225 - DEBUG - Loaded collision time for BConcave+DConcave+3900 at IoU 0.35: nan
2025-07-26 22:17:38,226 - DEBUG - Loaded collision time for BConcave+DConcave+3900 at IoU 0.4: nan
2025-07-26 22:17:38,227 - DEBUG - Loaded collision time for BConcave+DConcave+3900 at IoU 0.45: nan
2025-07-26 22:17:38,228 - DEBUG - Loaded collision time for BConcave+DConcave+3900 at IoU 0.5: nan
2025-07-26 22:17:38,229 - DEBUG - Loaded collision time for BConcave+DConcave+3900 at IoU 0.55: nan
2025-07-26 22:17:38,230 - DEBUG - Loaded collision time for BConcave+DConcave+3900 at IoU 0.6: nan
2025-07-26 22:17:38,230 - DEBUG - Loaded collision time for BConcave+DConcave+3900 at IoU 0.65: nan
2025-07-26 22:17:38,231 - DEBUG - Loaded collision time for BConcave+DConcave+3900 at IoU 0.7: nan
2025-07-26 22:17:38,232 - DEBUG - Loaded collision time for BConcave+DConcave+3900 at IoU 0.75: nan
2025-07-26 22:17:38,233 - DEBUG - Loaded collision time for BConcave+DConcave+3900 at IoU 0.8: nan
2025-07-26 22:17:38,234 - DEBUG - Loaded collision time for BConcave+DConcave+3900 at IoU 0.85: nan
2025-07-26 22:17:38,235 - DEBUG - Loaded collision time for BConcave+DConcave+3900 at IoU 0.9: nan
2025-07-26 22:17:38,235 - DEBUG - Loaded collision time for BConcave+DConcave+3900 at IoU 0.95: nan
2025-07-26 22:17:38,235 - INFO - Processing video: BConcave+DConcave+4100_flipped
2025-07-26 22:17:38,237 - INFO - Video BConcave+DConcave+4100_flipped already processed (found segformer_model-BConcave+DConcave+4100_flipped.mp4), skipping video processing...
2025-07-26 22:17:38,245 - INFO - VanillaSegmentationSaver initialized with output dir: /home/projects/bagon/andreyg/Projects/Object_reps_neural/Programming/hugging_face/model_experiments/segformer/exp2TTC_segformer-b1-finetuned-ade-512-512/processed_videos/segformer_model-BConcave+DConcave+4100_flipped/org_segmentation
2025-07-26 22:17:38,249 - INFO - All collision results already exist for BConcave+DConcave+4100_flipped
2025-07-26 22:17:38,249 - DEBUG - Loaded collision time for BConcave+DConcave+4100_flipped at IoU 0.05: 4383.333333333334
2025-07-26 22:17:38,250 - DEBUG - Loaded collision time for BConcave+DConcave+4100_flipped at IoU 0.1: 4466.666666666667
2025-07-26 22:17:38,251 - DEBUG - Loaded collision time for BConcave+DConcave+4100_flipped at IoU 0.15: 4500.0
2025-07-26 22:17:38,252 - DEBUG - Loaded collision time for BConcave+DConcave+4100_flipped at IoU 0.2: 4566.666666666666
2025-07-26 22:17:38,253 - DEBUG - Loaded collision time for BConcave+DConcave+4100_flipped at IoU 0.25: 4633.333333333334
2025-07-26 22:17:38,254 - DEBUG - Loaded collision time for BConcave+DConcave+4100_flipped at IoU 0.3: 4783.333333333333
2025-07-26 22:17:38,255 - DEBUG - Loaded collision time for BConcave+DConcave+4100_flipped at IoU 0.35: nan
2025-07-26 22:17:38,255 - DEBUG - Loaded collision time for BConcave+DConcave+4100_flipped at IoU 0.4: nan
2025-07-26 22:17:38,256 - DEBUG - Loaded collision time for BConcave+DConcave+4100_flipped at IoU 0.45: nan
2025-07-26 22:17:38,257 - DEBUG - Loaded collision time for BConcave+DConcave+4100_flipped at IoU 0.5: nan
2025-07-26 22:17:38,258 - DEBUG - Loaded collision time for BConcave+DConcave+4100_flipped at IoU 0.55: nan
2025-07-26 22:17:38,258 - DEBUG - Loaded collision time for BConcave+DConcave+4100_flipped at IoU 0.6: nan
2025-07-26 22:17:38,259 - DEBUG - Loaded collision time for BConcave+DConcave+4100_flipped at IoU 0.65: nan
2025-07-26 22:17:38,260 - DEBUG - Loaded collision time for BConcave+DConcave+4100_flipped at IoU 0.7: nan
2025-07-26 22:17:38,261 - DEBUG - Loaded collision time for BConcave+DConcave+4100_flipped at IoU 0.75: nan
2025-07-26 22:17:38,262 - DEBUG - Loaded collision time for BConcave+DConcave+4100_flipped at IoU 0.8: nan
2025-07-26 22:17:38,263 - DEBUG - Loaded collision time for BConcave+DConcave+4100_flipped at IoU 0.85: nan
2025-07-26 22:17:38,263 - DEBUG - Loaded collision time for BConcave+DConcave+4100_flipped at IoU 0.9: nan
2025-07-26 22:17:38,264 - DEBUG - Loaded collision time for BConcave+DConcave+4100_flipped at IoU 0.95: nan
2025-07-26 22:17:38,264 - INFO - Processing video: BConcave+DConcave+4300
2025-07-26 22:17:38,266 - INFO - Video BConcave+DConcave+4300 already processed (found segformer_model-BConcave+DConcave+4300.mp4), skipping video processing...
2025-07-26 22:17:38,274 - INFO - VanillaSegmentationSaver initialized with output dir: /home/projects/bagon/andreyg/Projects/Object_reps_neural/Programming/hugging_face/model_experiments/segformer/exp2TTC_segformer-b1-finetuned-ade-512-512/processed_videos/segformer_model-BConcave+DConcave+4300/org_segmentation
2025-07-26 22:17:38,278 - INFO - All collision results already exist for BConcave+DConcave+4300
2025-07-26 22:17:38,279 - DEBUG - Loaded collision time for BConcave+DConcave+4300 at IoU 0.05: 4833.333333333333
2025-07-26 22:17:38,280 - DEBUG - Loaded collision time for BConcave+DConcave+4300 at IoU 0.1: 4900.0
2025-07-26 22:17:38,281 - DEBUG - Loaded collision time for BConcave+DConcave+4300 at IoU 0.15: 4950.0
2025-07-26 22:17:38,281 - DEBUG - Loaded collision time for BConcave+DConcave+4300 at IoU 0.2: 4983.333333333333
2025-07-26 22:17:38,282 - DEBUG - Loaded collision time for BConcave+DConcave+4300 at IoU 0.25: 5050.0
2025-07-26 22:17:38,283 - DEBUG - Loaded collision time for BConcave+DConcave+4300 at IoU 0.3: 5100.0
2025-07-26 22:17:38,284 - DEBUG - Loaded collision time for BConcave+DConcave+4300 at IoU 0.35: 5133.333333333334
2025-07-26 22:17:38,285 - DEBUG - Loaded collision time for BConcave+DConcave+4300 at IoU 0.4: nan
2025-07-26 22:17:38,285 - DEBUG - Loaded collision time for BConcave+DConcave+4300 at IoU 0.45: nan
2025-07-26 22:17:38,286 - DEBUG - Loaded collision time for BConcave+DConcave+4300 at IoU 0.5: nan
2025-07-26 22:17:38,287 - DEBUG - Loaded collision time for BConcave+DConcave+4300 at IoU 0.55: nan
2025-07-26 22:17:38,288 - DEBUG - Loaded collision time for BConcave+DConcave+4300 at IoU 0.6: nan
2025-07-26 22:17:38,289 - DEBUG - Loaded collision time for BConcave+DConcave+4300 at IoU 0.65: nan
2025-07-26 22:17:38,289 - DEBUG - Loaded collision time for BConcave+DConcave+4300 at IoU 0.7: nan
2025-07-26 22:17:38,290 - DEBUG - Loaded collision time for BConcave+DConcave+4300 at IoU 0.75: nan
2025-07-26 22:17:38,291 - DEBUG - Loaded collision time for BConcave+DConcave+4300 at IoU 0.8: nan
2025-07-26 22:17:38,292 - DEBUG - Loaded collision time for BConcave+DConcave+4300 at IoU 0.85: nan
2025-07-26 22:17:38,292 - DEBUG - Loaded collision time for BConcave+DConcave+4300 at IoU 0.9: nan
2025-07-26 22:17:38,293 - DEBUG - Loaded collision time for BConcave+DConcave+4300 at IoU 0.95: nan
2025-07-26 22:17:38,293 - INFO - Processing video: BConcave+DConcave+4500_flipped
2025-07-26 22:17:38,295 - INFO - Video BConcave+DConcave+4500_flipped already processed (found segformer_model-BConcave+DConcave+4500_flipped.mp4), skipping video processing...
2025-07-26 22:17:38,303 - INFO - VanillaSegmentationSaver initialized with output dir: /home/projects/bagon/andreyg/Projects/Object_reps_neural/Programming/hugging_face/model_experiments/segformer/exp2TTC_segformer-b1-finetuned-ade-512-512/processed_videos/segformer_model-BConcave+DConcave+4500_flipped/org_segmentation
2025-07-26 22:17:38,308 - INFO - All collision results already exist for BConcave+DConcave+4500_flipped
2025-07-26 22:17:38,309 - DEBUG - Loaded collision time for BConcave+DConcave+4500_flipped at IoU 0.05: 4933.333333333334
2025-07-26 22:17:38,309 - DEBUG - Loaded collision time for BConcave+DConcave+4500_flipped at IoU 0.1: 5066.666666666666
2025-07-26 22:17:38,310 - DEBUG - Loaded collision time for BConcave+DConcave+4500_flipped at IoU 0.15: 5083.333333333333
2025-07-26 22:17:38,311 - DEBUG - Loaded collision time for BConcave+DConcave+4500_flipped at IoU 0.2: 5150.0
2025-07-26 22:17:38,312 - DEBUG - Loaded collision time for BConcave+DConcave+4500_flipped at IoU 0.25: nan
2025-07-26 22:17:38,313 - DEBUG - Loaded collision time for BConcave+DConcave+4500_flipped at IoU 0.3: nan
2025-07-26 22:17:38,314 - DEBUG - Loaded collision time for BConcave+DConcave+4500_flipped at IoU 0.35: nan
2025-07-26 22:17:38,314 - DEBUG - Loaded collision time for BConcave+DConcave+4500_flipped at IoU 0.4: nan
2025-07-26 22:17:38,315 - DEBUG - Loaded collision time for BConcave+DConcave+4500_flipped at IoU 0.45: nan
2025-07-26 22:17:38,316 - DEBUG - Loaded collision time for BConcave+DConcave+4500_flipped at IoU 0.5: nan
2025-07-26 22:17:38,317 - DEBUG - Loaded collision time for BConcave+DConcave+4500_flipped at IoU 0.55: nan
2025-07-26 22:17:38,317 - DEBUG - Loaded collision time for BConcave+DConcave+4500_flipped at IoU 0.6: nan
2025-07-26 22:17:38,318 - DEBUG - Loaded collision time for BConcave+DConcave+4500_flipped at IoU 0.65: nan
2025-07-26 22:17:38,319 - DEBUG - Loaded collision time for BConcave+DConcave+4500_flipped at IoU 0.7: nan
2025-07-26 22:17:38,320 - DEBUG - Loaded collision time for BConcave+DConcave+4500_flipped at IoU 0.75: nan
2025-07-26 22:17:38,321 - DEBUG - Loaded collision time for BConcave+DConcave+4500_flipped at IoU 0.8: nan
2025-07-26 22:17:38,322 - DEBUG - Loaded collision time for BConcave+DConcave+4500_flipped at IoU 0.85: nan
2025-07-26 22:17:38,322 - DEBUG - Loaded collision time for BConcave+DConcave+4500_flipped at IoU 0.9: nan
2025-07-26 22:17:38,323 - DEBUG - Loaded collision time for BConcave+DConcave+4500_flipped at IoU 0.95: nan
2025-07-26 22:17:38,323 - INFO - Processing video: BConcave+DConvex+3500_flipped
2025-07-26 22:17:38,325 - INFO - Video BConcave+DConvex+3500_flipped already processed (found segformer_model-BConcave+DConvex+3500_flipped.mp4), skipping video processing...
2025-07-26 22:17:38,332 - INFO - VanillaSegmentationSaver initialized with output dir: /home/projects/bagon/andreyg/Projects/Object_reps_neural/Programming/hugging_face/model_experiments/segformer/exp2TTC_segformer-b1-finetuned-ade-512-512/processed_videos/segformer_model-BConcave+DConvex+3500_flipped/org_segmentation
2025-07-26 22:17:38,336 - INFO - All collision results already exist for BConcave+DConvex+3500_flipped
2025-07-26 22:17:38,337 - DEBUG - Loaded collision time for BConcave+DConvex+3500_flipped at IoU 0.05: nan
2025-07-26 22:17:38,338 - DEBUG - Loaded collision time for BConcave+DConvex+3500_flipped at IoU 0.1: nan
2025-07-26 22:17:38,339 - DEBUG - Loaded collision time for BConcave+DConvex+3500_flipped at IoU 0.15: nan
2025-07-26 22:17:38,340 - DEBUG - Loaded collision time for BConcave+DConvex+3500_flipped at IoU 0.2: nan
2025-07-26 22:17:38,340 - DEBUG - Loaded collision time for BConcave+DConvex+3500_flipped at IoU 0.25: nan
2025-07-26 22:17:38,341 - DEBUG - Loaded collision time for BConcave+DConvex+3500_flipped at IoU 0.3: nan
2025-07-26 22:17:38,342 - DEBUG - Loaded collision time for BConcave+DConvex+3500_flipped at IoU 0.35: nan
2025-07-26 22:17:38,343 - DEBUG - Loaded collision time for BConcave+DConvex+3500_flipped at IoU 0.4: nan
2025-07-26 22:17:38,344 - DEBUG - Loaded collision time for BConcave+DConvex+3500_flipped at IoU 0.45: nan
2025-07-26 22:17:38,345 - DEBUG - Loaded collision time for BConcave+DConvex+3500_flipped at IoU 0.5: nan
2025-07-26 22:17:38,345 - DEBUG - Loaded collision time for BConcave+DConvex+3500_flipped at IoU 0.55: nan
2025-07-26 22:17:38,346 - DEBUG - Loaded collision time for BConcave+DConvex+3500_flipped at IoU 0.6: nan
2025-07-26 22:17:38,347 - DEBUG - Loaded collision time for BConcave+DConvex+3500_flipped at IoU 0.65: nan
2025-07-26 22:17:38,348 - DEBUG - Loaded collision time for BConcave+DConvex+3500_flipped at IoU 0.7: nan
2025-07-26 22:17:38,349 - DEBUG - Loaded collision time for BConcave+DConvex+3500_flipped at IoU 0.75: nan
2025-07-26 22:17:38,350 - DEBUG - Loaded collision time for BConcave+DConvex+3500_flipped at IoU 0.8: nan
2025-07-26 22:17:38,350 - DEBUG - Loaded collision time for BConcave+DConvex+3500_flipped at IoU 0.85: nan
2025-07-26 22:17:38,351 - DEBUG - Loaded collision time for BConcave+DConvex+3500_flipped at IoU 0.9: nan
2025-07-26 22:17:38,352 - DEBUG - Loaded collision time for BConcave+DConvex+3500_flipped at IoU 0.95: nan
2025-07-26 22:17:38,352 - INFO - Processing video: BConcave+DConvex+3700
2025-07-26 22:17:38,353 - INFO - Video BConcave+DConvex+3700 already processed (found segformer_model-BConcave+DConvex+3700.mp4), skipping video processing...
2025-07-26 22:17:38,362 - INFO - VanillaSegmentationSaver initialized with output dir: /home/projects/bagon/andreyg/Projects/Object_reps_neural/Programming/hugging_face/model_experiments/segformer/exp2TTC_segformer-b1-finetuned-ade-512-512/processed_videos/segformer_model-BConcave+DConvex+3700/org_segmentation
2025-07-26 22:17:38,366 - INFO - All collision results already exist for BConcave+DConvex+3700
2025-07-26 22:17:38,367 - DEBUG - Loaded collision time for BConcave+DConvex+3700 at IoU 0.05: nan
2025-07-26 22:17:38,367 - DEBUG - Loaded collision time for BConcave+DConvex+3700 at IoU 0.1: nan
2025-07-26 22:17:38,368 - DEBUG - Loaded collision time for BConcave+DConvex+3700 at IoU 0.15: nan
2025-07-26 22:17:38,369 - DEBUG - Loaded collision time for BConcave+DConvex+3700 at IoU 0.2: nan
2025-07-26 22:17:38,370 - DEBUG - Loaded collision time for BConcave+DConvex+3700 at IoU 0.25: nan
2025-07-26 22:17:38,370 - DEBUG - Loaded collision time for BConcave+DConvex+3700 at IoU 0.3: nan
2025-07-26 22:17:38,371 - DEBUG - Loaded collision time for BConcave+DConvex+3700 at IoU 0.35: nan
2025-07-26 22:17:38,372 - DEBUG - Loaded collision time for BConcave+DConvex+3700 at IoU 0.4: nan
2025-07-26 22:17:38,373 - DEBUG - Loaded collision time for BConcave+DConvex+3700 at IoU 0.45: nan
2025-07-26 22:17:38,374 - DEBUG - Loaded collision time for BConcave+DConvex+3700 at IoU 0.5: nan
2025-07-26 22:17:38,374 - DEBUG - Loaded collision time for BConcave+DConvex+3700 at IoU 0.55: nan
2025-07-26 22:17:38,375 - DEBUG - Loaded collision time for BConcave+DConvex+3700 at IoU 0.6: nan
2025-07-26 22:17:38,376 - DEBUG - Loaded collision time for BConcave+DConvex+3700 at IoU 0.65: nan
2025-07-26 22:17:38,377 - DEBUG - Loaded collision time for BConcave+DConvex+3700 at IoU 0.7: nan
2025-07-26 22:17:38,377 - DEBUG - Loaded collision time for BConcave+DConvex+3700 at IoU 0.75: nan
2025-07-26 22:17:38,378 - DEBUG - Loaded collision time for BConcave+DConvex+3700 at IoU 0.8: nan
2025-07-26 22:17:38,379 - DEBUG - Loaded collision time for BConcave+DConvex+3700 at IoU 0.85: nan
2025-07-26 22:17:38,380 - DEBUG - Loaded collision time for BConcave+DConvex+3700 at IoU 0.9: nan
2025-07-26 22:17:38,380 - DEBUG - Loaded collision time for BConcave+DConvex+3700 at IoU 0.95: nan
2025-07-26 22:17:38,380 - INFO - Processing video: BConcave+DConvex+3900_flipped
2025-07-26 22:17:38,382 - INFO - Video BConcave+DConvex+3900_flipped already processed (found segformer_model-BConcave+DConvex+3900_flipped.mp4), skipping video processing...
2025-07-26 22:17:38,390 - INFO - VanillaSegmentationSaver initialized with output dir: /home/projects/bagon/andreyg/Projects/Object_reps_neural/Programming/hugging_face/model_experiments/segformer/exp2TTC_segformer-b1-finetuned-ade-512-512/processed_videos/segformer_model-BConcave+DConvex+3900_flipped/org_segmentation
2025-07-26 22:17:38,395 - INFO - All collision results already exist for BConcave+DConvex+3900_flipped
2025-07-26 22:17:38,395 - DEBUG - Loaded collision time for BConcave+DConvex+3900_flipped at IoU 0.05: 4483.333333333333
2025-07-26 22:17:38,396 - DEBUG - Loaded collision time for BConcave+DConvex+3900_flipped at IoU 0.1: 4766.666666666667
2025-07-26 22:17:38,397 - DEBUG - Loaded collision time for BConcave+DConvex+3900_flipped at IoU 0.15: 4866.666666666666
2025-07-26 22:17:38,398 - DEBUG - Loaded collision time for BConcave+DConvex+3900_flipped at IoU 0.2: 4866.666666666666
2025-07-26 22:17:38,399 - DEBUG - Loaded collision time for BConcave+DConvex+3900_flipped at IoU 0.25: 5033.333333333333
2025-07-26 22:17:38,399 - DEBUG - Loaded collision time for BConcave+DConvex+3900_flipped at IoU 0.3: 5033.333333333333
2025-07-26 22:17:38,400 - DEBUG - Loaded collision time for BConcave+DConvex+3900_flipped at IoU 0.35: 5050.0
2025-07-26 22:17:38,401 - DEBUG - Loaded collision time for BConcave+DConvex+3900_flipped at IoU 0.4: 5050.0
2025-07-26 22:17:38,402 - DEBUG - Loaded collision time for BConcave+DConvex+3900_flipped at IoU 0.45: nan
2025-07-26 22:17:38,403 - DEBUG - Loaded collision time for BConcave+DConvex+3900_flipped at IoU 0.5: nan
2025-07-26 22:17:38,404 - DEBUG - Loaded collision time for BConcave+DConvex+3900_flipped at IoU 0.55: nan
2025-07-26 22:17:38,405 - DEBUG - Loaded collision time for BConcave+DConvex+3900_flipped at IoU 0.6: nan
2025-07-26 22:17:38,405 - DEBUG - Loaded collision time for BConcave+DConvex+3900_flipped at IoU 0.65: nan
2025-07-26 22:17:38,406 - DEBUG - Loaded collision time for BConcave+DConvex+3900_flipped at IoU 0.7: nan
2025-07-26 22:17:38,407 - DEBUG - Loaded collision time for BConcave+DConvex+3900_flipped at IoU 0.75: nan
2025-07-26 22:17:38,408 - DEBUG - Loaded collision time for BConcave+DConvex+3900_flipped at IoU 0.8: nan
2025-07-26 22:17:38,408 - DEBUG - Loaded collision time for BConcave+DConvex+3900_flipped at IoU 0.85: nan
2025-07-26 22:17:38,409 - DEBUG - Loaded collision time for BConcave+DConvex+3900_flipped at IoU 0.9: nan
2025-07-26 22:17:38,410 - DEBUG - Loaded collision time for BConcave+DConvex+3900_flipped at IoU 0.95: nan
2025-07-26 22:17:38,410 - INFO - Processing video: BConcave+DConvex+4100
2025-07-26 22:17:38,412 - INFO - Video BConcave+DConvex+4100 already processed (found segformer_model-BConcave+DConvex+4100.mp4), skipping video processing...
2025-07-26 22:17:38,419 - INFO - VanillaSegmentationSaver initialized with output dir: /home/projects/bagon/andreyg/Projects/Object_reps_neural/Programming/hugging_face/model_experiments/segformer/exp2TTC_segformer-b1-finetuned-ade-512-512/processed_videos/segformer_model-BConcave+DConvex+4100/org_segmentation
2025-07-26 22:17:38,423 - INFO - All collision results already exist for BConcave+DConvex+4100
2025-07-26 22:17:38,424 - DEBUG - Loaded collision time for BConcave+DConvex+4100 at IoU 0.05: nan
2025-07-26 22:17:38,424 - DEBUG - Loaded collision time for BConcave+DConvex+4100 at IoU 0.1: nan
2025-07-26 22:17:38,425 - DEBUG - Loaded collision time for BConcave+DConvex+4100 at IoU 0.15: nan
2025-07-26 22:17:38,426 - DEBUG - Loaded collision time for BConcave+DConvex+4100 at IoU 0.2: nan
2025-07-26 22:17:38,427 - DEBUG - Loaded collision time for BConcave+DConvex+4100 at IoU 0.25: nan
2025-07-26 22:17:38,428 - DEBUG - Loaded collision time for BConcave+DConvex+4100 at IoU 0.3: nan
2025-07-26 22:17:38,429 - DEBUG - Loaded collision time for BConcave+DConvex+4100 at IoU 0.35: nan
2025-07-26 22:17:38,429 - DEBUG - Loaded collision time for BConcave+DConvex+4100 at IoU 0.4: nan
2025-07-26 22:17:38,430 - DEBUG - Loaded collision time for BConcave+DConvex+4100 at IoU 0.45: nan
2025-07-26 22:17:38,431 - DEBUG - Loaded collision time for BConcave+DConvex+4100 at IoU 0.5: nan
2025-07-26 22:17:38,432 - DEBUG - Loaded collision time for BConcave+DConvex+4100 at IoU 0.55: nan
2025-07-26 22:17:38,433 - DEBUG - Loaded collision time for BConcave+DConvex+4100 at IoU 0.6: nan
2025-07-26 22:17:38,433 - DEBUG - Loaded collision time for BConcave+DConvex+4100 at IoU 0.65: nan
2025-07-26 22:17:38,434 - DEBUG - Loaded collision time for BConcave+DConvex+4100 at IoU 0.7: nan
2025-07-26 22:17:38,435 - DEBUG - Loaded collision time for BConcave+DConvex+4100 at IoU 0.75: nan
2025-07-26 22:17:38,435 - DEBUG - Loaded collision time for BConcave+DConvex+4100 at IoU 0.8: nan
2025-07-26 22:17:38,436 - DEBUG - Loaded collision time for BConcave+DConvex+4100 at IoU 0.85: nan
2025-07-26 22:17:38,437 - DEBUG - Loaded collision time for BConcave+DConvex+4100 at IoU 0.9: nan
2025-07-26 22:17:38,438 - DEBUG - Loaded collision time for BConcave+DConvex+4100 at IoU 0.95: nan
2025-07-26 22:17:38,438 - INFO - Processing video: BConcave+DConvex+4300_flipped
2025-07-26 22:17:38,439 - INFO - Video BConcave+DConvex+4300_flipped already processed (found segformer_model-BConcave+DConvex+4300_flipped.mp4), skipping video processing...
2025-07-26 22:17:38,447 - INFO - VanillaSegmentationSaver initialized with output dir: /home/projects/bagon/andreyg/Projects/Object_reps_neural/Programming/hugging_face/model_experiments/segformer/exp2TTC_segformer-b1-finetuned-ade-512-512/processed_videos/segformer_model-BConcave+DConvex+4300_flipped/org_segmentation
2025-07-26 22:17:38,451 - INFO - All collision results already exist for BConcave+DConvex+4300_flipped
2025-07-26 22:17:38,452 - DEBUG - Loaded collision time for BConcave+DConvex+4300_flipped at IoU 0.05: 5233.333333333333
2025-07-26 22:17:38,453 - DEBUG - Loaded collision time for BConcave+DConvex+4300_flipped at IoU 0.1: 5250.0
2025-07-26 22:17:38,454 - DEBUG - Loaded collision time for BConcave+DConvex+4300_flipped at IoU 0.15: 5333.333333333333
2025-07-26 22:17:38,455 - DEBUG - Loaded collision time for BConcave+DConvex+4300_flipped at IoU 0.2: 5416.666666666667
2025-07-26 22:17:38,455 - DEBUG - Loaded collision time for BConcave+DConvex+4300_flipped at IoU 0.25: 5450.0
2025-07-26 22:17:38,456 - DEBUG - Loaded collision time for BConcave+DConvex+4300_flipped at IoU 0.3: nan
2025-07-26 22:17:38,457 - DEBUG - Loaded collision time for BConcave+DConvex+4300_flipped at IoU 0.35: nan
2025-07-26 22:17:38,458 - DEBUG - Loaded collision time for BConcave+DConvex+4300_flipped at IoU 0.4: nan
2025-07-26 22:17:38,459 - DEBUG - Loaded collision time for BConcave+DConvex+4300_flipped at IoU 0.45: nan
2025-07-26 22:17:38,460 - DEBUG - Loaded collision time for BConcave+DConvex+4300_flipped at IoU 0.5: nan
2025-07-26 22:17:38,460 - DEBUG - Loaded collision time for BConcave+DConvex+4300_flipped at IoU 0.55: nan
2025-07-26 22:17:38,461 - DEBUG - Loaded collision time for BConcave+DConvex+4300_flipped at IoU 0.6: nan
2025-07-26 22:17:38,462 - DEBUG - Loaded collision time for BConcave+DConvex+4300_flipped at IoU 0.65: nan
2025-07-26 22:17:38,463 - DEBUG - Loaded collision time for BConcave+DConvex+4300_flipped at IoU 0.7: nan
2025-07-26 22:17:38,463 - DEBUG - Loaded collision time for BConcave+DConvex+4300_flipped at IoU 0.75: nan
2025-07-26 22:17:38,464 - DEBUG - Loaded collision time for BConcave+DConvex+4300_flipped at IoU 0.8: nan
2025-07-26 22:17:38,465 - DEBUG - Loaded collision time for BConcave+DConvex+4300_flipped at IoU 0.85: nan
2025-07-26 22:17:38,466 - DEBUG - Loaded collision time for BConcave+DConvex+4300_flipped at IoU 0.9: nan
2025-07-26 22:17:38,467 - DEBUG - Loaded collision time for BConcave+DConvex+4300_flipped at IoU 0.95: nan
2025-07-26 22:17:38,467 - INFO - Processing video: BConcave+DConvex+4500
2025-07-26 22:17:38,468 - INFO - Video BConcave+DConvex+4500 already processed (found segformer_model-BConcave+DConvex+4500.mp4), skipping video processing...
2025-07-26 22:17:38,475 - INFO - VanillaSegmentationSaver initialized with output dir: /home/projects/bagon/andreyg/Projects/Object_reps_neural/Programming/hugging_face/model_experiments/segformer/exp2TTC_segformer-b1-finetuned-ade-512-512/processed_videos/segformer_model-BConcave+DConvex+4500/org_segmentation
2025-07-26 22:17:38,479 - INFO - All collision results already exist for BConcave+DConvex+4500
2025-07-26 22:17:38,480 - DEBUG - Loaded collision time for BConcave+DConvex+4500 at IoU 0.05: 5166.666666666667
2025-07-26 22:17:38,481 - DEBUG - Loaded collision time for BConcave+DConvex+4500 at IoU 0.1: 5350.0
2025-07-26 22:17:38,482 - DEBUG - Loaded collision time for BConcave+DConvex+4500 at IoU 0.15: nan
2025-07-26 22:17:38,483 - DEBUG - Loaded collision time for BConcave+DConvex+4500 at IoU 0.2: nan
2025-07-26 22:17:38,484 - DEBUG - Loaded collision time for BConcave+DConvex+4500 at IoU 0.25: nan
2025-07-26 22:17:38,485 - DEBUG - Loaded collision time for BConcave+DConvex+4500 at IoU 0.3: nan
2025-07-26 22:17:38,485 - DEBUG - Loaded collision time for BConcave+DConvex+4500 at IoU 0.35: nan
2025-07-26 22:17:38,486 - DEBUG - Loaded collision time for BConcave+DConvex+4500 at IoU 0.4: nan
2025-07-26 22:17:38,487 - DEBUG - Loaded collision time for BConcave+DConvex+4500 at IoU 0.45: nan
2025-07-26 22:17:38,488 - DEBUG - Loaded collision time for BConcave+DConvex+4500 at IoU 0.5: nan
2025-07-26 22:17:38,488 - DEBUG - Loaded collision time for BConcave+DConvex+4500 at IoU 0.55: nan
2025-07-26 22:17:38,489 - DEBUG - Loaded collision time for BConcave+DConvex+4500 at IoU 0.6: nan
2025-07-26 22:17:38,490 - DEBUG - Loaded collision time for BConcave+DConvex+4500 at IoU 0.65: nan
2025-07-26 22:17:38,491 - DEBUG - Loaded collision time for BConcave+DConvex+4500 at IoU 0.7: nan
2025-07-26 22:17:38,491 - DEBUG - Loaded collision time for BConcave+DConvex+4500 at IoU 0.75: nan
2025-07-26 22:17:38,492 - DEBUG - Loaded collision time for BConcave+DConvex+4500 at IoU 0.8: nan
2025-07-26 22:17:38,493 - DEBUG - Loaded collision time for BConcave+DConvex+4500 at IoU 0.85: nan
2025-07-26 22:17:38,494 - DEBUG - Loaded collision time for BConcave+DConvex+4500 at IoU 0.9: nan
2025-07-26 22:17:38,494 - DEBUG - Loaded collision time for BConcave+DConvex+4500 at IoU 0.95: nan
2025-07-26 22:17:38,494 - INFO - Processing video: BConcave+EConcave+3500_flipped
2025-07-26 22:17:38,496 - INFO - Video BConcave+EConcave+3500_flipped already processed (found segformer_model-BConcave+EConcave+3500_flipped.mp4), skipping video processing...
2025-07-26 22:17:38,504 - INFO - VanillaSegmentationSaver initialized with output dir: /home/projects/bagon/andreyg/Projects/Object_reps_neural/Programming/hugging_face/model_experiments/segformer/exp2TTC_segformer-b1-finetuned-ade-512-512/processed_videos/segformer_model-BConcave+EConcave+3500_flipped/org_segmentation
2025-07-26 22:17:38,509 - INFO - All collision results already exist for BConcave+EConcave+3500_flipped
2025-07-26 22:17:38,510 - DEBUG - Loaded collision time for BConcave+EConcave+3500_flipped at IoU 0.05: 3750.0
2025-07-26 22:17:38,510 - DEBUG - Loaded collision time for BConcave+EConcave+3500_flipped at IoU 0.1: 3883.3333333333335
2025-07-26 22:17:38,511 - DEBUG - Loaded collision time for BConcave+EConcave+3500_flipped at IoU 0.15: 3983.3333333333335
2025-07-26 22:17:38,512 - DEBUG - Loaded collision time for BConcave+EConcave+3500_flipped at IoU 0.2: nan
2025-07-26 22:17:38,513 - DEBUG - Loaded collision time for BConcave+EConcave+3500_flipped at IoU 0.25: nan
2025-07-26 22:17:38,514 - DEBUG - Loaded collision time for BConcave+EConcave+3500_flipped at IoU 0.3: nan
2025-07-26 22:17:38,514 - DEBUG - Loaded collision time for BConcave+EConcave+3500_flipped at IoU 0.35: nan
2025-07-26 22:17:38,515 - DEBUG - Loaded collision time for BConcave+EConcave+3500_flipped at IoU 0.4: nan
2025-07-26 22:17:38,516 - DEBUG - Loaded collision time for BConcave+EConcave+3500_flipped at IoU 0.45: nan
2025-07-26 22:17:38,517 - DEBUG - Loaded collision time for BConcave+EConcave+3500_flipped at IoU 0.5: nan
2025-07-26 22:17:38,517 - DEBUG - Loaded collision time for BConcave+EConcave+3500_flipped at IoU 0.55: nan
2025-07-26 22:17:38,518 - DEBUG - Loaded collision time for BConcave+EConcave+3500_flipped at IoU 0.6: nan
2025-07-26 22:17:38,519 - DEBUG - Loaded collision time for BConcave+EConcave+3500_flipped at IoU 0.65: nan
2025-07-26 22:17:38,520 - DEBUG - Loaded collision time for BConcave+EConcave+3500_flipped at IoU 0.7: nan
2025-07-26 22:17:38,520 - DEBUG - Loaded collision time for BConcave+EConcave+3500_flipped at IoU 0.75: nan
2025-07-26 22:17:38,521 - DEBUG - Loaded collision time for BConcave+EConcave+3500_flipped at IoU 0.8: nan
2025-07-26 22:17:38,522 - DEBUG - Loaded collision time for BConcave+EConcave+3500_flipped at IoU 0.85: nan
2025-07-26 22:17:38,523 - DEBUG - Loaded collision time for BConcave+EConcave+3500_flipped at IoU 0.9: nan
2025-07-26 22:17:38,524 - DEBUG - Loaded collision time for BConcave+EConcave+3500_flipped at IoU 0.95: nan
2025-07-26 22:17:38,524 - INFO - Processing video: BConcave+EConcave+3700
2025-07-26 22:17:38,525 - INFO - Video BConcave+EConcave+3700 already processed (found segformer_model-BConcave+EConcave+3700.mp4), skipping video processing...
2025-07-26 22:17:38,534 - INFO - VanillaSegmentationSaver initialized with output dir: /home/projects/bagon/andreyg/Projects/Object_reps_neural/Programming/hugging_face/model_experiments/segformer/exp2TTC_segformer-b1-finetuned-ade-512-512/processed_videos/segformer_model-BConcave+EConcave+3700/org_segmentation
2025-07-26 22:17:38,539 - INFO - All collision results already exist for BConcave+EConcave+3700
2025-07-26 22:17:38,539 - DEBUG - Loaded collision time for BConcave+EConcave+3700 at IoU 0.05: 3950.0
2025-07-26 22:17:38,540 - DEBUG - Loaded collision time for BConcave+EConcave+3700 at IoU 0.1: 4050.0
2025-07-26 22:17:38,541 - DEBUG - Loaded collision time for BConcave+EConcave+3700 at IoU 0.15: 4150.0
2025-07-26 22:17:38,542 - DEBUG - Loaded collision time for BConcave+EConcave+3700 at IoU 0.2: nan
2025-07-26 22:17:38,543 - DEBUG - Loaded collision time for BConcave+EConcave+3700 at IoU 0.25: nan
2025-07-26 22:17:38,543 - DEBUG - Loaded collision time for BConcave+EConcave+3700 at IoU 0.3: nan
2025-07-26 22:17:38,544 - DEBUG - Loaded collision time for BConcave+EConcave+3700 at IoU 0.35: nan
2025-07-26 22:17:38,545 - DEBUG - Loaded collision time for BConcave+EConcave+3700 at IoU 0.4: nan
2025-07-26 22:17:38,546 - DEBUG - Loaded collision time for BConcave+EConcave+3700 at IoU 0.45: nan
2025-07-26 22:17:38,547 - DEBUG - Loaded collision time for BConcave+EConcave+3700 at IoU 0.5: nan
2025-07-26 22:17:38,548 - DEBUG - Loaded collision time for BConcave+EConcave+3700 at IoU 0.55: nan
2025-07-26 22:17:38,548 - DEBUG - Loaded collision time for BConcave+EConcave+3700 at IoU 0.6: nan
2025-07-26 22:17:38,549 - DEBUG - Loaded collision time for BConcave+EConcave+3700 at IoU 0.65: nan
2025-07-26 22:17:38,550 - DEBUG - Loaded collision time for BConcave+EConcave+3700 at IoU 0.7: nan
2025-07-26 22:17:38,551 - DEBUG - Loaded collision time for BConcave+EConcave+3700 at IoU 0.75: nan
2025-07-26 22:17:38,551 - DEBUG - Loaded collision time for BConcave+EConcave+3700 at IoU 0.8: nan
2025-07-26 22:17:38,552 - DEBUG - Loaded collision time for BConcave+EConcave+3700 at IoU 0.85: nan
2025-07-26 22:17:38,553 - DEBUG - Loaded collision time for BConcave+EConcave+3700 at IoU 0.9: nan
2025-07-26 22:17:38,554 - DEBUG - Loaded collision time for BConcave+EConcave+3700 at IoU 0.95: nan
2025-07-26 22:17:38,554 - INFO - Processing video: BConcave+EConcave+3900_flipped
2025-07-26 22:17:38,556 - INFO - Video BConcave+EConcave+3900_flipped already processed (found segformer_model-BConcave+EConcave+3900_flipped.mp4), skipping video processing...
2025-07-26 22:17:38,564 - INFO - VanillaSegmentationSaver initialized with output dir: /home/projects/bagon/andreyg/Projects/Object_reps_neural/Programming/hugging_face/model_experiments/segformer/exp2TTC_segformer-b1-finetuned-ade-512-512/processed_videos/segformer_model-BConcave+EConcave+3900_flipped/org_segmentation
2025-07-26 22:17:38,568 - INFO - All collision results already exist for BConcave+EConcave+3900_flipped
2025-07-26 22:17:38,569 - DEBUG - Loaded collision time for BConcave+EConcave+3900_flipped at IoU 0.05: 4366.666666666666
2025-07-26 22:17:38,570 - DEBUG - Loaded collision time for BConcave+EConcave+3900_flipped at IoU 0.1: nan
2025-07-26 22:17:38,570 - DEBUG - Loaded collision time for BConcave+EConcave+3900_flipped at IoU 0.15: nan
2025-07-26 22:17:38,571 - DEBUG - Loaded collision time for BConcave+EConcave+3900_flipped at IoU 0.2: nan
2025-07-26 22:17:38,572 - DEBUG - Loaded collision time for BConcave+EConcave+3900_flipped at IoU 0.25: nan
2025-07-26 22:17:38,573 - DEBUG - Loaded collision time for BConcave+EConcave+3900_flipped at IoU 0.3: nan
2025-07-26 22:17:38,574 - DEBUG - Loaded collision time for BConcave+EConcave+3900_flipped at IoU 0.35: nan
2025-07-26 22:17:38,574 - DEBUG - Loaded collision time for BConcave+EConcave+3900_flipped at IoU 0.4: nan
2025-07-26 22:17:38,575 - DEBUG - Loaded collision time for BConcave+EConcave+3900_flipped at IoU 0.45: nan
2025-07-26 22:17:38,576 - DEBUG - Loaded collision time for BConcave+EConcave+3900_flipped at IoU 0.5: nan
2025-07-26 22:17:38,577 - DEBUG - Loaded collision time for BConcave+EConcave+3900_flipped at IoU 0.55: nan
2025-07-26 22:17:38,578 - DEBUG - Loaded collision time for BConcave+EConcave+3900_flipped at IoU 0.6: nan
2025-07-26 22:17:38,579 - DEBUG - Loaded collision time for BConcave+EConcave+3900_flipped at IoU 0.65: nan
2025-07-26 22:17:38,580 - DEBUG - Loaded collision time for BConcave+EConcave+3900_flipped at IoU 0.7: nan
2025-07-26 22:17:38,581 - DEBUG - Loaded collision time for BConcave+EConcave+3900_flipped at IoU 0.75: nan
2025-07-26 22:17:38,581 - DEBUG - Loaded collision time for BConcave+EConcave+3900_flipped at IoU 0.8: nan
2025-07-26 22:17:38,582 - DEBUG - Loaded collision time for BConcave+EConcave+3900_flipped at IoU 0.85: nan
2025-07-26 22:17:38,583 - DEBUG - Loaded collision time for BConcave+EConcave+3900_flipped at IoU 0.9: nan
2025-07-26 22:17:38,584 - DEBUG - Loaded collision time for BConcave+EConcave+3900_flipped at IoU 0.95: nan
2025-07-26 22:17:38,584 - INFO - Processing video: BConcave+EConcave+4100
2025-07-26 22:17:38,586 - INFO - Video BConcave+EConcave+4100 already processed (found segformer_model-BConcave+EConcave+4100.mp4), skipping video processing...
2025-07-26 22:17:38,593 - INFO - VanillaSegmentationSaver initialized with output dir: /home/projects/bagon/andreyg/Projects/Object_reps_neural/Programming/hugging_face/model_experiments/segformer/exp2TTC_segformer-b1-finetuned-ade-512-512/processed_videos/segformer_model-BConcave+EConcave+4100/org_segmentation
2025-07-26 22:17:38,597 - INFO - All collision results already exist for BConcave+EConcave+4100
2025-07-26 22:17:38,598 - DEBUG - Loaded collision time for BConcave+EConcave+4100 at IoU 0.05: 4316.666666666666
2025-07-26 22:17:38,599 - DEBUG - Loaded collision time for BConcave+EConcave+4100 at IoU 0.1: 4400.0
2025-07-26 22:17:38,599 - DEBUG - Loaded collision time for BConcave+EConcave+4100 at IoU 0.15: nan
2025-07-26 22:17:38,600 - DEBUG - Loaded collision time for BConcave+EConcave+4100 at IoU 0.2: nan
2025-07-26 22:17:38,601 - DEBUG - Loaded collision time for BConcave+EConcave+4100 at IoU 0.25: nan
2025-07-26 22:17:38,602 - DEBUG - Loaded collision time for BConcave+EConcave+4100 at IoU 0.3: nan
2025-07-26 22:17:38,603 - DEBUG - Loaded collision time for BConcave+EConcave+4100 at IoU 0.35: nan
2025-07-26 22:17:38,603 - DEBUG - Loaded collision time for BConcave+EConcave+4100 at IoU 0.4: nan
2025-07-26 22:17:38,604 - DEBUG - Loaded collision time for BConcave+EConcave+4100 at IoU 0.45: nan
2025-07-26 22:17:38,605 - DEBUG - Loaded collision time for BConcave+EConcave+4100 at IoU 0.5: nan
2025-07-26 22:17:38,606 - DEBUG - Loaded collision time for BConcave+EConcave+4100 at IoU 0.55: nan
2025-07-26 22:17:38,606 - DEBUG - Loaded collision time for BConcave+EConcave+4100 at IoU 0.6: nan
2025-07-26 22:17:38,607 - DEBUG - Loaded collision time for BConcave+EConcave+4100 at IoU 0.65: nan
2025-07-26 22:17:38,608 - DEBUG - Loaded collision time for BConcave+EConcave+4100 at IoU 0.7: nan
2025-07-26 22:17:38,609 - DEBUG - Loaded collision time for BConcave+EConcave+4100 at IoU 0.75: nan
2025-07-26 22:17:38,610 - DEBUG - Loaded collision time for BConcave+EConcave+4100 at IoU 0.8: nan
2025-07-26 22:17:38,611 - DEBUG - Loaded collision time for BConcave+EConcave+4100 at IoU 0.85: nan
2025-07-26 22:17:38,611 - DEBUG - Loaded collision time for BConcave+EConcave+4100 at IoU 0.9: nan
2025-07-26 22:17:38,612 - DEBUG - Loaded collision time for BConcave+EConcave+4100 at IoU 0.95: nan
2025-07-26 22:17:38,612 - INFO - Processing video: BConcave+EConcave+4300_flipped
2025-07-26 22:17:38,614 - INFO - Video BConcave+EConcave+4300_flipped already processed (found segformer_model-BConcave+EConcave+4300_flipped.mp4), skipping video processing...
2025-07-26 22:17:38,623 - INFO - VanillaSegmentationSaver initialized with output dir: /home/projects/bagon/andreyg/Projects/Object_reps_neural/Programming/hugging_face/model_experiments/segformer/exp2TTC_segformer-b1-finetuned-ade-512-512/processed_videos/segformer_model-BConcave+EConcave+4300_flipped/org_segmentation
2025-07-26 22:17:38,627 - INFO - All collision results already exist for BConcave+EConcave+4300_flipped
2025-07-26 22:17:38,628 - DEBUG - Loaded collision time for BConcave+EConcave+4300_flipped at IoU 0.05: nan
2025-07-26 22:17:38,629 - DEBUG - Loaded collision time for BConcave+EConcave+4300_flipped at IoU 0.1: nan
2025-07-26 22:17:38,630 - DEBUG - Loaded collision time for BConcave+EConcave+4300_flipped at IoU 0.15: nan
2025-07-26 22:17:38,631 - DEBUG - Loaded collision time for BConcave+EConcave+4300_flipped at IoU 0.2: nan
2025-07-26 22:17:38,631 - DEBUG - Loaded collision time for BConcave+EConcave+4300_flipped at IoU 0.25: nan
2025-07-26 22:17:38,632 - DEBUG - Loaded collision time for BConcave+EConcave+4300_flipped at IoU 0.3: nan
2025-07-26 22:17:38,633 - DEBUG - Loaded collision time for BConcave+EConcave+4300_flipped at IoU 0.35: nan
2025-07-26 22:17:38,634 - DEBUG - Loaded collision time for BConcave+EConcave+4300_flipped at IoU 0.4: nan
2025-07-26 22:17:38,635 - DEBUG - Loaded collision time for BConcave+EConcave+4300_flipped at IoU 0.45: nan
2025-07-26 22:17:38,635 - DEBUG - Loaded collision time for BConcave+EConcave+4300_flipped at IoU 0.5: nan
2025-07-26 22:17:38,636 - DEBUG - Loaded collision time for BConcave+EConcave+4300_flipped at IoU 0.55: nan
2025-07-26 22:17:38,637 - DEBUG - Loaded collision time for BConcave+EConcave+4300_flipped at IoU 0.6: nan
2025-07-26 22:17:38,638 - DEBUG - Loaded collision time for BConcave+EConcave+4300_flipped at IoU 0.65: nan
2025-07-26 22:17:38,639 - DEBUG - Loaded collision time for BConcave+EConcave+4300_flipped at IoU 0.7: nan
2025-07-26 22:17:38,639 - DEBUG - Loaded collision time for BConcave+EConcave+4300_flipped at IoU 0.75: nan
2025-07-26 22:17:38,640 - DEBUG - Loaded collision time for BConcave+EConcave+4300_flipped at IoU 0.8: nan
2025-07-26 22:17:38,641 - DEBUG - Loaded collision time for BConcave+EConcave+4300_flipped at IoU 0.85: nan
2025-07-26 22:17:38,642 - DEBUG - Loaded collision time for BConcave+EConcave+4300_flipped at IoU 0.9: nan
2025-07-26 22:17:38,643 - DEBUG - Loaded collision time for BConcave+EConcave+4300_flipped at IoU 0.95: nan
2025-07-26 22:17:38,643 - INFO - Processing video: BConcave+EConcave+4500
2025-07-26 22:17:38,645 - INFO - Video BConcave+EConcave+4500 already processed (found segformer_model-BConcave+EConcave+4500.mp4), skipping video processing...
2025-07-26 22:17:38,654 - INFO - VanillaSegmentationSaver initialized with output dir: /home/projects/bagon/andreyg/Projects/Object_reps_neural/Programming/hugging_face/model_experiments/segformer/exp2TTC_segformer-b1-finetuned-ade-512-512/processed_videos/segformer_model-BConcave+EConcave+4500/org_segmentation
2025-07-26 22:17:38,658 - INFO - All collision results already exist for BConcave+EConcave+4500
2025-07-26 22:17:38,659 - DEBUG - Loaded collision time for BConcave+EConcave+4500 at IoU 0.05: 4716.666666666667
2025-07-26 22:17:38,660 - DEBUG - Loaded collision time for BConcave+EConcave+4500 at IoU 0.1: 4816.666666666666
2025-07-26 22:17:38,661 - DEBUG - Loaded collision time for BConcave+EConcave+4500 at IoU 0.15: 4933.333333333334
2025-07-26 22:17:38,662 - DEBUG - Loaded collision time for BConcave+EConcave+4500 at IoU 0.2: nan
2025-07-26 22:17:38,663 - DEBUG - Loaded collision time for BConcave+EConcave+4500 at IoU 0.25: nan
2025-07-26 22:17:38,663 - DEBUG - Loaded collision time for BConcave+EConcave+4500 at IoU 0.3: nan
2025-07-26 22:17:38,664 - DEBUG - Loaded collision time for BConcave+EConcave+4500 at IoU 0.35: nan
2025-07-26 22:17:38,665 - DEBUG - Loaded collision time for BConcave+EConcave+4500 at IoU 0.4: nan
2025-07-26 22:17:38,666 - DEBUG - Loaded collision time for BConcave+EConcave+4500 at IoU 0.45: nan
2025-07-26 22:17:38,667 - DEBUG - Loaded collision time for BConcave+EConcave+4500 at IoU 0.5: nan
2025-07-26 22:17:38,667 - DEBUG - Loaded collision time for BConcave+EConcave+4500 at IoU 0.55: nan
2025-07-26 22:17:38,668 - DEBUG - Loaded collision time for BConcave+EConcave+4500 at IoU 0.6: nan
2025-07-26 22:17:38,669 - DEBUG - Loaded collision time for BConcave+EConcave+4500 at IoU 0.65: nan
2025-07-26 22:17:38,670 - DEBUG - Loaded collision time for BConcave+EConcave+4500 at IoU 0.7: nan
2025-07-26 22:17:38,671 - DEBUG - Loaded collision time for BConcave+EConcave+4500 at IoU 0.75: nan
2025-07-26 22:17:38,672 - DEBUG - Loaded collision time for BConcave+EConcave+4500 at IoU 0.8: nan
2025-07-26 22:17:38,672 - DEBUG - Loaded collision time for BConcave+EConcave+4500 at IoU 0.85: nan
2025-07-26 22:17:38,673 - DEBUG - Loaded collision time for BConcave+EConcave+4500 at IoU 0.9: nan
2025-07-26 22:17:38,674 - DEBUG - Loaded collision time for BConcave+EConcave+4500 at IoU 0.95: nan
2025-07-26 22:17:38,674 - INFO - Processing video: BConcave+EConvex+3500
2025-07-26 22:17:38,676 - INFO - Video BConcave+EConvex+3500 already processed (found segformer_model-BConcave+EConvex+3500.mp4), skipping video processing...
2025-07-26 22:17:38,685 - INFO - VanillaSegmentationSaver initialized with output dir: /home/projects/bagon/andreyg/Projects/Object_reps_neural/Programming/hugging_face/model_experiments/segformer/exp2TTC_segformer-b1-finetuned-ade-512-512/processed_videos/segformer_model-BConcave+EConvex+3500/org_segmentation
2025-07-26 22:17:38,689 - INFO - All collision results already exist for BConcave+EConvex+3500
2025-07-26 22:17:38,689 - DEBUG - Loaded collision time for BConcave+EConvex+3500 at IoU 0.05: 3783.333333333333
2025-07-26 22:17:38,690 - DEBUG - Loaded collision time for BConcave+EConvex+3500 at IoU 0.1: 3883.3333333333335
2025-07-26 22:17:38,691 - DEBUG - Loaded collision time for BConcave+EConvex+3500 at IoU 0.15: 3966.666666666667
2025-07-26 22:17:38,692 - DEBUG - Loaded collision time for BConcave+EConvex+3500 at IoU 0.2: 4050.0
2025-07-26 22:17:38,693 - DEBUG - Loaded collision time for BConcave+EConvex+3500 at IoU 0.25: 4133.333333333334
2025-07-26 22:17:38,694 - DEBUG - Loaded collision time for BConcave+EConvex+3500 at IoU 0.3: nan
2025-07-26 22:17:38,694 - DEBUG - Loaded collision time for BConcave+EConvex+3500 at IoU 0.35: nan
2025-07-26 22:17:38,695 - DEBUG - Loaded collision time for BConcave+EConvex+3500 at IoU 0.4: nan
2025-07-26 22:17:38,696 - DEBUG - Loaded collision time for BConcave+EConvex+3500 at IoU 0.45: nan
2025-07-26 22:17:38,697 - DEBUG - Loaded collision time for BConcave+EConvex+3500 at IoU 0.5: nan
2025-07-26 22:17:38,697 - DEBUG - Loaded collision time for BConcave+EConvex+3500 at IoU 0.55: nan
2025-07-26 22:17:38,698 - DEBUG - Loaded collision time for BConcave+EConvex+3500 at IoU 0.6: nan
2025-07-26 22:17:38,699 - DEBUG - Loaded collision time for BConcave+EConvex+3500 at IoU 0.65: nan
2025-07-26 22:17:38,700 - DEBUG - Loaded collision time for BConcave+EConvex+3500 at IoU 0.7: nan
2025-07-26 22:17:38,701 - DEBUG - Loaded collision time for BConcave+EConvex+3500 at IoU 0.75: nan
2025-07-26 22:17:38,702 - DEBUG - Loaded collision time for BConcave+EConvex+3500 at IoU 0.8: nan
2025-07-26 22:17:38,703 - DEBUG - Loaded collision time for BConcave+EConvex+3500 at IoU 0.85: nan
2025-07-26 22:17:38,703 - DEBUG - Loaded collision time for BConcave+EConvex+3500 at IoU 0.9: nan
2025-07-26 22:17:38,704 - DEBUG - Loaded collision time for BConcave+EConvex+3500 at IoU 0.95: nan
2025-07-26 22:17:38,704 - INFO - Processing video: BConcave+EConvex+3700_flipped
2025-07-26 22:17:38,706 - INFO - Video BConcave+EConvex+3700_flipped already processed (found segformer_model-BConcave+EConvex+3700_flipped.mp4), skipping video processing...
2025-07-26 22:17:38,714 - INFO - VanillaSegmentationSaver initialized with output dir: /home/projects/bagon/andreyg/Projects/Object_reps_neural/Programming/hugging_face/model_experiments/segformer/exp2TTC_segformer-b1-finetuned-ade-512-512/processed_videos/segformer_model-BConcave+EConvex+3700_flipped/org_segmentation
2025-07-26 22:17:38,718 - INFO - All collision results already exist for BConcave+EConvex+3700_flipped
2025-07-26 22:17:38,719 - DEBUG - Loaded collision time for BConcave+EConvex+3700_flipped at IoU 0.05: 4283.333333333333
2025-07-26 22:17:38,720 - DEBUG - Loaded collision time for BConcave+EConvex+3700_flipped at IoU 0.1: nan
2025-07-26 22:17:38,720 - DEBUG - Loaded collision time for BConcave+EConvex+3700_flipped at IoU 0.15: nan
2025-07-26 22:17:38,721 - DEBUG - Loaded collision time for BConcave+EConvex+3700_flipped at IoU 0.2: nan
2025-07-26 22:17:38,722 - DEBUG - Loaded collision time for BConcave+EConvex+3700_flipped at IoU 0.25: nan
2025-07-26 22:17:38,723 - DEBUG - Loaded collision time for BConcave+EConvex+3700_flipped at IoU 0.3: nan
2025-07-26 22:17:38,724 - DEBUG - Loaded collision time for BConcave+EConvex+3700_flipped at IoU 0.35: nan
2025-07-26 22:17:38,724 - DEBUG - Loaded collision time for BConcave+EConvex+3700_flipped at IoU 0.4: nan
2025-07-26 22:17:38,729 - DEBUG - Loaded collision time for BConcave+EConvex+3700_flipped at IoU 0.45: nan
2025-07-26 22:17:38,730 - DEBUG - Loaded collision time for BConcave+EConvex+3700_flipped at IoU 0.5: nan
2025-07-26 22:17:38,731 - DEBUG - Loaded collision time for BConcave+EConvex+3700_flipped at IoU 0.55: nan
2025-07-26 22:17:38,732 - DEBUG - Loaded collision time for BConcave+EConvex+3700_flipped at IoU 0.6: nan
2025-07-26 22:17:38,733 - DEBUG - Loaded collision time for BConcave+EConvex+3700_flipped at IoU 0.65: nan
2025-07-26 22:17:38,733 - DEBUG - Loaded collision time for BConcave+EConvex+3700_flipped at IoU 0.7: nan
2025-07-26 22:17:38,734 - DEBUG - Loaded collision time for BConcave+EConvex+3700_flipped at IoU 0.75: nan
2025-07-26 22:17:38,735 - DEBUG - Loaded collision time for BConcave+EConvex+3700_flipped at IoU 0.8: nan
2025-07-26 22:17:38,736 - DEBUG - Loaded collision time for BConcave+EConvex+3700_flipped at IoU 0.85: nan
2025-07-26 22:17:38,737 - DEBUG - Loaded collision time for BConcave+EConvex+3700_flipped at IoU 0.9: nan
2025-07-26 22:17:38,738 - DEBUG - Loaded collision time for BConcave+EConvex+3700_flipped at IoU 0.95: nan
2025-07-26 22:17:38,738 - INFO - Processing video: BConcave+EConvex+3900
2025-07-26 22:17:38,739 - INFO - Video BConcave+EConvex+3900 already processed (found segformer_model-BConcave+EConvex+3900.mp4), skipping video processing...
2025-07-26 22:17:38,748 - INFO - VanillaSegmentationSaver initialized with output dir: /home/projects/bagon/andreyg/Projects/Object_reps_neural/Programming/hugging_face/model_experiments/segformer/exp2TTC_segformer-b1-finetuned-ade-512-512/processed_videos/segformer_model-BConcave+EConvex+3900/org_segmentation
2025-07-26 22:17:38,751 - INFO - All collision results already exist for BConcave+EConvex+3900
2025-07-26 22:17:38,753 - DEBUG - Loaded collision time for BConcave+EConvex+3900 at IoU 0.05: 4116.666666666666
2025-07-26 22:17:38,753 - DEBUG - Loaded collision time for BConcave+EConvex+3900 at IoU 0.1: 4250.0
2025-07-26 22:17:38,754 - DEBUG - Loaded collision time for BConcave+EConvex+3900 at IoU 0.15: 4350.0
2025-07-26 22:17:38,755 - DEBUG - Loaded collision time for BConcave+EConvex+3900 at IoU 0.2: 4483.333333333333
2025-07-26 22:17:38,756 - DEBUG - Loaded collision time for BConcave+EConvex+3900 at IoU 0.25: 4666.666666666667
2025-07-26 22:17:38,757 - DEBUG - Loaded collision time for BConcave+EConvex+3900 at IoU 0.3: nan
2025-07-26 22:17:38,758 - DEBUG - Loaded collision time for BConcave+EConvex+3900 at IoU 0.35: nan
2025-07-26 22:17:38,758 - DEBUG - Loaded collision time for BConcave+EConvex+3900 at IoU 0.4: nan
2025-07-26 22:17:38,759 - DEBUG - Loaded collision time for BConcave+EConvex+3900 at IoU 0.45: nan
2025-07-26 22:17:38,760 - DEBUG - Loaded collision time for BConcave+EConvex+3900 at IoU 0.5: nan
2025-07-26 22:17:38,761 - DEBUG - Loaded collision time for BConcave+EConvex+3900 at IoU 0.55: nan
2025-07-26 22:17:38,762 - DEBUG - Loaded collision time for BConcave+EConvex+3900 at IoU 0.6: nan
2025-07-26 22:17:38,763 - DEBUG - Loaded collision time for BConcave+EConvex+3900 at IoU 0.65: nan
2025-07-26 22:17:38,763 - DEBUG - Loaded collision time for BConcave+EConvex+3900 at IoU 0.7: nan
2025-07-26 22:17:38,764 - DEBUG - Loaded collision time for BConcave+EConvex+3900 at IoU 0.75: nan
2025-07-26 22:17:38,765 - DEBUG - Loaded collision time for BConcave+EConvex+3900 at IoU 0.8: nan
2025-07-26 22:17:38,766 - DEBUG - Loaded collision time for BConcave+EConvex+3900 at IoU 0.85: nan
2025-07-26 22:17:38,767 - DEBUG - Loaded collision time for BConcave+EConvex+3900 at IoU 0.9: nan
2025-07-26 22:17:38,768 - DEBUG - Loaded collision time for BConcave+EConvex+3900 at IoU 0.95: nan
2025-07-26 22:17:38,768 - INFO - Processing video: BConcave+EConvex+4100_flipped
2025-07-26 22:17:38,769 - INFO - Video BConcave+EConvex+4100_flipped already processed (found segformer_model-BConcave+EConvex+4100_flipped.mp4), skipping video processing...
2025-07-26 22:17:38,778 - INFO - VanillaSegmentationSaver initialized with output dir: /home/projects/bagon/andreyg/Projects/Object_reps_neural/Programming/hugging_face/model_experiments/segformer/exp2TTC_segformer-b1-finetuned-ade-512-512/processed_videos/segformer_model-BConcave+EConvex+4100_flipped/org_segmentation
2025-07-26 22:17:38,782 - INFO - All collision results already exist for BConcave+EConvex+4100_flipped
2025-07-26 22:17:38,783 - DEBUG - Loaded collision time for BConcave+EConvex+4100_flipped at IoU 0.05: 4366.666666666666
2025-07-26 22:17:38,784 - DEBUG - Loaded collision time for BConcave+EConvex+4100_flipped at IoU 0.1: 4466.666666666667
2025-07-26 22:17:38,785 - DEBUG - Loaded collision time for BConcave+EConvex+4100_flipped at IoU 0.15: 4550.0
2025-07-26 22:17:38,786 - DEBUG - Loaded collision time for BConcave+EConvex+4100_flipped at IoU 0.2: 4650.0
2025-07-26 22:17:38,786 - DEBUG - Loaded collision time for BConcave+EConvex+4100_flipped at IoU 0.25: 4683.333333333334
2025-07-26 22:17:38,787 - DEBUG - Loaded collision time for BConcave+EConvex+4100_flipped at IoU 0.3: 4816.666666666666
2025-07-26 22:17:38,788 - DEBUG - Loaded collision time for BConcave+EConvex+4100_flipped at IoU 0.35: nan
2025-07-26 22:17:38,789 - DEBUG - Loaded collision time for BConcave+EConvex+4100_flipped at IoU 0.4: nan
2025-07-26 22:17:38,790 - DEBUG - Loaded collision time for BConcave+EConvex+4100_flipped at IoU 0.45: nan
2025-07-26 22:17:38,790 - DEBUG - Loaded collision time for BConcave+EConvex+4100_flipped at IoU 0.5: nan
2025-07-26 22:17:38,791 - DEBUG - Loaded collision time for BConcave+EConvex+4100_flipped at IoU 0.55: nan
2025-07-26 22:17:38,792 - DEBUG - Loaded collision time for BConcave+EConvex+4100_flipped at IoU 0.6: nan
2025-07-26 22:17:38,793 - DEBUG - Loaded collision time for BConcave+EConvex+4100_flipped at IoU 0.65: nan
2025-07-26 22:17:38,793 - DEBUG - Loaded collision time for BConcave+EConvex+4100_flipped at IoU 0.7: nan
2025-07-26 22:17:38,794 - DEBUG - Loaded collision time for BConcave+EConvex+4100_flipped at IoU 0.75: nan
2025-07-26 22:17:38,795 - DEBUG - Loaded collision time for BConcave+EConvex+4100_flipped at IoU 0.8: nan
2025-07-26 22:17:38,796 - DEBUG - Loaded collision time for BConcave+EConvex+4100_flipped at IoU 0.85: nan
2025-07-26 22:17:38,796 - DEBUG - Loaded collision time for BConcave+EConvex+4100_flipped at IoU 0.9: nan
2025-07-26 22:17:38,797 - DEBUG - Loaded collision time for BConcave+EConvex+4100_flipped at IoU 0.95: nan
2025-07-26 22:17:38,797 - INFO - Processing video: BConcave+EConvex+4300
2025-07-26 22:17:38,799 - INFO - Video BConcave+EConvex+4300 already processed (found segformer_model-BConcave+EConvex+4300.mp4), skipping video processing...
2025-07-26 22:17:38,808 - INFO - VanillaSegmentationSaver initialized with output dir: /home/projects/bagon/andreyg/Projects/Object_reps_neural/Programming/hugging_face/model_experiments/segformer/exp2TTC_segformer-b1-finetuned-ade-512-512/processed_videos/segformer_model-BConcave+EConvex+4300/org_segmentation
2025-07-26 22:17:38,812 - INFO - All collision results already exist for BConcave+EConvex+4300
2025-07-26 22:17:38,813 - DEBUG - Loaded collision time for BConcave+EConvex+4300 at IoU 0.05: 4783.333333333333
2025-07-26 22:17:38,813 - DEBUG - Loaded collision time for BConcave+EConvex+4300 at IoU 0.1: 4950.0
2025-07-26 22:17:38,814 - DEBUG - Loaded collision time for BConcave+EConvex+4300 at IoU 0.15: 4983.333333333333
2025-07-26 22:17:38,815 - DEBUG - Loaded collision time for BConcave+EConvex+4300 at IoU 0.2: 5100.0
2025-07-26 22:17:38,816 - DEBUG - Loaded collision time for BConcave+EConvex+4300 at IoU 0.25: 5133.333333333334
2025-07-26 22:17:38,816 - DEBUG - Loaded collision time for BConcave+EConvex+4300 at IoU 0.3: 5216.666666666667
2025-07-26 22:17:38,817 - DEBUG - Loaded collision time for BConcave+EConvex+4300 at IoU 0.35: 5316.666666666666
2025-07-26 22:17:38,818 - DEBUG - Loaded collision time for BConcave+EConvex+4300 at IoU 0.4: nan
2025-07-26 22:17:38,819 - DEBUG - Loaded collision time for BConcave+EConvex+4300 at IoU 0.45: nan
2025-07-26 22:17:38,820 - DEBUG - Loaded collision time for BConcave+EConvex+4300 at IoU 0.5: nan
2025-07-26 22:17:38,821 - DEBUG - Loaded collision time for BConcave+EConvex+4300 at IoU 0.55: nan
2025-07-26 22:17:38,821 - DEBUG - Loaded collision time for BConcave+EConvex+4300 at IoU 0.6: nan
2025-07-26 22:17:38,822 - DEBUG - Loaded collision time for BConcave+EConvex+4300 at IoU 0.65: nan
2025-07-26 22:17:38,823 - DEBUG - Loaded collision time for BConcave+EConvex+4300 at IoU 0.7: nan
2025-07-26 22:17:38,824 - DEBUG - Loaded collision time for BConcave+EConvex+4300 at IoU 0.75: nan
2025-07-26 22:17:38,825 - DEBUG - Loaded collision time for BConcave+EConvex+4300 at IoU 0.8: nan
2025-07-26 22:17:38,826 - DEBUG - Loaded collision time for BConcave+EConvex+4300 at IoU 0.85: nan
2025-07-26 22:17:38,826 - DEBUG - Loaded collision time for BConcave+EConvex+4300 at IoU 0.9: nan
2025-07-26 22:17:38,827 - DEBUG - Loaded collision time for BConcave+EConvex+4300 at IoU 0.95: nan
2025-07-26 22:17:38,827 - INFO - Processing video: BConcave+EConvex+4500_flipped
2025-07-26 22:17:38,829 - INFO - Video BConcave+EConvex+4500_flipped already processed (found segformer_model-BConcave+EConvex+4500_flipped.mp4), skipping video processing...
2025-07-26 22:17:38,838 - INFO - VanillaSegmentationSaver initialized with output dir: /home/projects/bagon/andreyg/Projects/Object_reps_neural/Programming/hugging_face/model_experiments/segformer/exp2TTC_segformer-b1-finetuned-ade-512-512/processed_videos/segformer_model-BConcave+EConvex+4500_flipped/org_segmentation
2025-07-26 22:17:38,842 - INFO - All collision results already exist for BConcave+EConvex+4500_flipped
2025-07-26 22:17:38,843 - DEBUG - Loaded collision time for BConcave+EConvex+4500_flipped at IoU 0.05: 5266.666666666667
2025-07-26 22:17:38,844 - DEBUG - Loaded collision time for BConcave+EConvex+4500_flipped at IoU 0.1: 5266.666666666667
2025-07-26 22:17:38,845 - DEBUG - Loaded collision time for BConcave+EConvex+4500_flipped at IoU 0.15: nan
2025-07-26 22:17:38,845 - DEBUG - Loaded collision time for BConcave+EConvex+4500_flipped at IoU 0.2: nan
2025-07-26 22:17:38,846 - DEBUG - Loaded collision time for BConcave+EConvex+4500_flipped at IoU 0.25: nan
2025-07-26 22:17:38,847 - DEBUG - Loaded collision time for BConcave+EConvex+4500_flipped at IoU 0.3: nan
2025-07-26 22:17:38,848 - DEBUG - Loaded collision time for BConcave+EConvex+4500_flipped at IoU 0.35: nan
2025-07-26 22:17:38,849 - DEBUG - Loaded collision time for BConcave+EConvex+4500_flipped at IoU 0.4: nan
2025-07-26 22:17:38,850 - DEBUG - Loaded collision time for BConcave+EConvex+4500_flipped at IoU 0.45: nan
2025-07-26 22:17:38,851 - DEBUG - Loaded collision time for BConcave+EConvex+4500_flipped at IoU 0.5: nan
2025-07-26 22:17:38,852 - DEBUG - Loaded collision time for BConcave+EConvex+4500_flipped at IoU 0.55: nan
2025-07-26 22:17:38,852 - DEBUG - Loaded collision time for BConcave+EConvex+4500_flipped at IoU 0.6: nan
2025-07-26 22:17:38,853 - DEBUG - Loaded collision time for BConcave+EConvex+4500_flipped at IoU 0.65: nan
2025-07-26 22:17:38,854 - DEBUG - Loaded collision time for BConcave+EConvex+4500_flipped at IoU 0.7: nan
2025-07-26 22:17:38,855 - DEBUG - Loaded collision time for BConcave+EConvex+4500_flipped at IoU 0.75: nan
2025-07-26 22:17:38,856 - DEBUG - Loaded collision time for BConcave+EConvex+4500_flipped at IoU 0.8: nan
2025-07-26 22:17:38,857 - DEBUG - Loaded collision time for BConcave+EConvex+4500_flipped at IoU 0.85: nan
2025-07-26 22:17:38,857 - DEBUG - Loaded collision time for BConcave+EConvex+4500_flipped at IoU 0.9: nan
2025-07-26 22:17:38,858 - DEBUG - Loaded collision time for BConcave+EConvex+4500_flipped at IoU 0.95: nan
2025-07-26 22:17:38,858 - INFO - Processing video: BConcave+FConcave+3500_flipped
2025-07-26 22:17:38,860 - INFO - Video BConcave+FConcave+3500_flipped already processed (found segformer_model-BConcave+FConcave+3500_flipped.mp4), skipping video processing...
2025-07-26 22:17:38,868 - INFO - VanillaSegmentationSaver initialized with output dir: /home/projects/bagon/andreyg/Projects/Object_reps_neural/Programming/hugging_face/model_experiments/segformer/exp2TTC_segformer-b1-finetuned-ade-512-512/processed_videos/segformer_model-BConcave+FConcave+3500_flipped/org_segmentation
2025-07-26 22:17:38,873 - INFO - All collision results already exist for BConcave+FConcave+3500_flipped
2025-07-26 22:17:38,874 - DEBUG - Loaded collision time for BConcave+FConcave+3500_flipped at IoU 0.05: nan
2025-07-26 22:17:38,875 - DEBUG - Loaded collision time for BConcave+FConcave+3500_flipped at IoU 0.1: nan
2025-07-26 22:17:38,875 - DEBUG - Loaded collision time for BConcave+FConcave+3500_flipped at IoU 0.15: nan
2025-07-26 22:17:38,876 - DEBUG - Loaded collision time for BConcave+FConcave+3500_flipped at IoU 0.2: nan
2025-07-26 22:17:38,877 - DEBUG - Loaded collision time for BConcave+FConcave+3500_flipped at IoU 0.25: nan
2025-07-26 22:17:38,878 - DEBUG - Loaded collision time for BConcave+FConcave+3500_flipped at IoU 0.3: nan
2025-07-26 22:17:38,879 - DEBUG - Loaded collision time for BConcave+FConcave+3500_flipped at IoU 0.35: nan
2025-07-26 22:17:38,879 - DEBUG - Loaded collision time for BConcave+FConcave+3500_flipped at IoU 0.4: nan
2025-07-26 22:17:38,880 - DEBUG - Loaded collision time for BConcave+FConcave+3500_flipped at IoU 0.45: nan
2025-07-26 22:17:38,881 - DEBUG - Loaded collision time for BConcave+FConcave+3500_flipped at IoU 0.5: nan
2025-07-26 22:17:38,882 - DEBUG - Loaded collision time for BConcave+FConcave+3500_flipped at IoU 0.55: nan
2025-07-26 22:17:38,883 - DEBUG - Loaded collision time for BConcave+FConcave+3500_flipped at IoU 0.6: nan
2025-07-26 22:17:38,883 - DEBUG - Loaded collision time for BConcave+FConcave+3500_flipped at IoU 0.65: nan
2025-07-26 22:17:38,884 - DEBUG - Loaded collision time for BConcave+FConcave+3500_flipped at IoU 0.7: nan
2025-07-26 22:17:38,885 - DEBUG - Loaded collision time for BConcave+FConcave+3500_flipped at IoU 0.75: nan
2025-07-26 22:17:38,886 - DEBUG - Loaded collision time for BConcave+FConcave+3500_flipped at IoU 0.8: nan
2025-07-26 22:17:38,887 - DEBUG - Loaded collision time for BConcave+FConcave+3500_flipped at IoU 0.85: nan
2025-07-26 22:17:38,887 - DEBUG - Loaded collision time for BConcave+FConcave+3500_flipped at IoU 0.9: nan
2025-07-26 22:17:38,888 - DEBUG - Loaded collision time for BConcave+FConcave+3500_flipped at IoU 0.95: nan
2025-07-26 22:17:38,888 - INFO - Processing video: BConcave+FConcave+3700
2025-07-26 22:17:38,890 - INFO - Video BConcave+FConcave+3700 already processed (found segformer_model-BConcave+FConcave+3700.mp4), skipping video processing...
2025-07-26 22:17:38,898 - INFO - VanillaSegmentationSaver initialized with output dir: /home/projects/bagon/andreyg/Projects/Object_reps_neural/Programming/hugging_face/model_experiments/segformer/exp2TTC_segformer-b1-finetuned-ade-512-512/processed_videos/segformer_model-BConcave+FConcave+3700/org_segmentation
2025-07-26 22:17:38,902 - INFO - All collision results already exist for BConcave+FConcave+3700
2025-07-26 22:17:38,903 - DEBUG - Loaded collision time for BConcave+FConcave+3700 at IoU 0.05: 4016.6666666666665
2025-07-26 22:17:38,904 - DEBUG - Loaded collision time for BConcave+FConcave+3700 at IoU 0.1: 4183.333333333334
2025-07-26 22:17:38,905 - DEBUG - Loaded collision time for BConcave+FConcave+3700 at IoU 0.15: 4300.0
2025-07-26 22:17:38,906 - DEBUG - Loaded collision time for BConcave+FConcave+3700 at IoU 0.2: 4400.0
2025-07-26 22:17:38,907 - DEBUG - Loaded collision time for BConcave+FConcave+3700 at IoU 0.25: 4516.666666666667
2025-07-26 22:17:38,908 - DEBUG - Loaded collision time for BConcave+FConcave+3700 at IoU 0.3: 4633.333333333334
2025-07-26 22:17:38,908 - DEBUG - Loaded collision time for BConcave+FConcave+3700 at IoU 0.35: 4716.666666666667
2025-07-26 22:17:38,909 - DEBUG - Loaded collision time for BConcave+FConcave+3700 at IoU 0.4: nan
2025-07-26 22:17:38,910 - DEBUG - Loaded collision time for BConcave+FConcave+3700 at IoU 0.45: nan
2025-07-26 22:17:38,911 - DEBUG - Loaded collision time for BConcave+FConcave+3700 at IoU 0.5: nan
2025-07-26 22:17:38,911 - DEBUG - Loaded collision time for BConcave+FConcave+3700 at IoU 0.55: nan
2025-07-26 22:17:38,912 - DEBUG - Loaded collision time for BConcave+FConcave+3700 at IoU 0.6: nan
2025-07-26 22:17:38,913 - DEBUG - Loaded collision time for BConcave+FConcave+3700 at IoU 0.65: nan
2025-07-26 22:17:38,914 - DEBUG - Loaded collision time for BConcave+FConcave+3700 at IoU 0.7: nan
2025-07-26 22:17:38,914 - DEBUG - Loaded collision time for BConcave+FConcave+3700 at IoU 0.75: nan
2025-07-26 22:17:38,915 - DEBUG - Loaded collision time for BConcave+FConcave+3700 at IoU 0.8: nan
2025-07-26 22:17:38,916 - DEBUG - Loaded collision time for BConcave+FConcave+3700 at IoU 0.85: nan
2025-07-26 22:17:38,917 - DEBUG - Loaded collision time for BConcave+FConcave+3700 at IoU 0.9: nan
2025-07-26 22:17:38,918 - DEBUG - Loaded collision time for BConcave+FConcave+3700 at IoU 0.95: nan
2025-07-26 22:17:38,918 - INFO - Processing video: BConcave+FConcave+3900_flipped
2025-07-26 22:17:38,920 - INFO - Video BConcave+FConcave+3900_flipped already processed (found segformer_model-BConcave+FConcave+3900_flipped.mp4), skipping video processing...
2025-07-26 22:17:38,928 - INFO - VanillaSegmentationSaver initialized with output dir: /home/projects/bagon/andreyg/Projects/Object_reps_neural/Programming/hugging_face/model_experiments/segformer/exp2TTC_segformer-b1-finetuned-ade-512-512/processed_videos/segformer_model-BConcave+FConcave+3900_flipped/org_segmentation
2025-07-26 22:17:38,933 - INFO - All collision results already exist for BConcave+FConcave+3900_flipped
2025-07-26 22:17:38,934 - DEBUG - Loaded collision time for BConcave+FConcave+3900_flipped at IoU 0.05: nan
2025-07-26 22:17:38,935 - DEBUG - Loaded collision time for BConcave+FConcave+3900_flipped at IoU 0.1: nan
2025-07-26 22:17:38,936 - DEBUG - Loaded collision time for BConcave+FConcave+3900_flipped at IoU 0.15: nan
2025-07-26 22:17:38,937 - DEBUG - Loaded collision time for BConcave+FConcave+3900_flipped at IoU 0.2: nan
2025-07-26 22:17:38,937 - DEBUG - Loaded collision time for BConcave+FConcave+3900_flipped at IoU 0.25: nan
2025-07-26 22:17:38,938 - DEBUG - Loaded collision time for BConcave+FConcave+3900_flipped at IoU 0.3: nan
2025-07-26 22:17:38,939 - DEBUG - Loaded collision time for BConcave+FConcave+3900_flipped at IoU 0.35: nan
2025-07-26 22:17:38,940 - DEBUG - Loaded collision time for BConcave+FConcave+3900_flipped at IoU 0.4: nan
2025-07-26 22:17:38,941 - DEBUG - Loaded collision time for BConcave+FConcave+3900_flipped at IoU 0.45: nan
2025-07-26 22:17:38,942 - DEBUG - Loaded collision time for BConcave+FConcave+3900_flipped at IoU 0.5: nan
2025-07-26 22:17:38,943 - DEBUG - Loaded collision time for BConcave+FConcave+3900_flipped at IoU 0.55: nan
2025-07-26 22:17:38,943 - DEBUG - Loaded collision time for BConcave+FConcave+3900_flipped at IoU 0.6: nan
2025-07-26 22:17:38,944 - DEBUG - Loaded collision time for BConcave+FConcave+3900_flipped at IoU 0.65: nan
2025-07-26 22:17:38,945 - DEBUG - Loaded collision time for BConcave+FConcave+3900_flipped at IoU 0.7: nan
2025-07-26 22:17:38,946 - DEBUG - Loaded collision time for BConcave+FConcave+3900_flipped at IoU 0.75: nan
2025-07-26 22:17:38,947 - DEBUG - Loaded collision time for BConcave+FConcave+3900_flipped at IoU 0.8: nan
2025-07-26 22:17:38,948 - DEBUG - Loaded collision time for BConcave+FConcave+3900_flipped at IoU 0.85: nan
2025-07-26 22:17:38,949 - DEBUG - Loaded collision time for BConcave+FConcave+3900_flipped at IoU 0.9: nan
2025-07-26 22:17:38,950 - DEBUG - Loaded collision time for BConcave+FConcave+3900_flipped at IoU 0.95: nan
2025-07-26 22:17:38,950 - INFO - Processing video: BConcave+FConcave+4100
2025-07-26 22:17:38,951 - INFO - Video BConcave+FConcave+4100 already processed (found segformer_model-BConcave+FConcave+4100.mp4), skipping video processing...
2025-07-26 22:17:38,960 - INFO - VanillaSegmentationSaver initialized with output dir: /home/projects/bagon/andreyg/Projects/Object_reps_neural/Programming/hugging_face/model_experiments/segformer/exp2TTC_segformer-b1-finetuned-ade-512-512/processed_videos/segformer_model-BConcave+FConcave+4100/org_segmentation
2025-07-26 22:17:38,964 - INFO - All collision results already exist for BConcave+FConcave+4100
2025-07-26 22:17:38,965 - DEBUG - Loaded collision time for BConcave+FConcave+4100 at IoU 0.05: 4783.333333333333
2025-07-26 22:17:38,966 - DEBUG - Loaded collision time for BConcave+FConcave+4100 at IoU 0.1: nan
2025-07-26 22:17:38,967 - DEBUG - Loaded collision time for BConcave+FConcave+4100 at IoU 0.15: nan
2025-07-26 22:17:38,968 - DEBUG - Loaded collision time for BConcave+FConcave+4100 at IoU 0.2: nan
2025-07-26 22:17:38,969 - DEBUG - Loaded collision time for BConcave+FConcave+4100 at IoU 0.25: nan
2025-07-26 22:17:38,970 - DEBUG - Loaded collision time for BConcave+FConcave+4100 at IoU 0.3: nan
2025-07-26 22:17:38,971 - DEBUG - Loaded collision time for BConcave+FConcave+4100 at IoU 0.35: nan
2025-07-26 22:17:38,971 - DEBUG - Loaded collision time for BConcave+FConcave+4100 at IoU 0.4: nan
2025-07-26 22:17:38,972 - DEBUG - Loaded collision time for BConcave+FConcave+4100 at IoU 0.45: nan
2025-07-26 22:17:38,973 - DEBUG - Loaded collision time for BConcave+FConcave+4100 at IoU 0.5: nan
2025-07-26 22:17:38,974 - DEBUG - Loaded collision time for BConcave+FConcave+4100 at IoU 0.55: nan
2025-07-26 22:17:38,975 - DEBUG - Loaded collision time for BConcave+FConcave+4100 at IoU 0.6: nan
2025-07-26 22:17:38,976 - DEBUG - Loaded collision time for BConcave+FConcave+4100 at IoU 0.65: nan
2025-07-26 22:17:38,977 - DEBUG - Loaded collision time for BConcave+FConcave+4100 at IoU 0.7: nan
2025-07-26 22:17:38,978 - DEBUG - Loaded collision time for BConcave+FConcave+4100 at IoU 0.75: nan
2025-07-26 22:17:38,979 - DEBUG - Loaded collision time for BConcave+FConcave+4100 at IoU 0.8: nan
2025-07-26 22:17:38,980 - DEBUG - Loaded collision time for BConcave+FConcave+4100 at IoU 0.85: nan
2025-07-26 22:17:38,981 - DEBUG - Loaded collision time for BConcave+FConcave+4100 at IoU 0.9: nan
2025-07-26 22:17:38,981 - DEBUG - Loaded collision time for BConcave+FConcave+4100 at IoU 0.95: nan
2025-07-26 22:17:38,981 - INFO - Processing video: BConcave+FConcave+4300_flipped
2025-07-26 22:17:38,983 - INFO - Video BConcave+FConcave+4300_flipped already processed (found segformer_model-BConcave+FConcave+4300_flipped.mp4), skipping video processing...
2025-07-26 22:17:38,991 - INFO - VanillaSegmentationSaver initialized with output dir: /home/projects/bagon/andreyg/Projects/Object_reps_neural/Programming/hugging_face/model_experiments/segformer/exp2TTC_segformer-b1-finetuned-ade-512-512/processed_videos/segformer_model-BConcave+FConcave+4300_flipped/org_segmentation
2025-07-26 22:17:38,996 - INFO - All collision results already exist for BConcave+FConcave+4300_flipped
2025-07-26 22:17:38,997 - DEBUG - Loaded collision time for BConcave+FConcave+4300_flipped at IoU 0.05: 4700.0
2025-07-26 22:17:38,998 - DEBUG - Loaded collision time for BConcave+FConcave+4300_flipped at IoU 0.1: 4833.333333333333
2025-07-26 22:17:38,998 - DEBUG - Loaded collision time for BConcave+FConcave+4300_flipped at IoU 0.15: 4966.666666666667
2025-07-26 22:17:38,999 - DEBUG - Loaded collision time for BConcave+FConcave+4300_flipped at IoU 0.2: nan
2025-07-26 22:17:39,000 - DEBUG - Loaded collision time for BConcave+FConcave+4300_flipped at IoU 0.25: nan
2025-07-26 22:17:39,000 - DEBUG - Loaded collision time for BConcave+FConcave+4300_flipped at IoU 0.3: nan
2025-07-26 22:17:39,001 - DEBUG - Loaded collision time for BConcave+FConcave+4300_flipped at IoU 0.35: nan
2025-07-26 22:17:39,002 - DEBUG - Loaded collision time for BConcave+FConcave+4300_flipped at IoU 0.4: nan
2025-07-26 22:17:39,003 - DEBUG - Loaded collision time for BConcave+FConcave+4300_flipped at IoU 0.45: nan
2025-07-26 22:17:39,004 - DEBUG - Loaded collision time for BConcave+FConcave+4300_flipped at IoU 0.5: nan
2025-07-26 22:17:39,004 - DEBUG - Loaded collision time for BConcave+FConcave+4300_flipped at IoU 0.55: nan
2025-07-26 22:17:39,005 - DEBUG - Loaded collision time for BConcave+FConcave+4300_flipped at IoU 0.6: nan
2025-07-26 22:17:39,006 - DEBUG - Loaded collision time for BConcave+FConcave+4300_flipped at IoU 0.65: nan
2025-07-26 22:17:39,007 - DEBUG - Loaded collision time for BConcave+FConcave+4300_flipped at IoU 0.7: nan
2025-07-26 22:17:39,008 - DEBUG - Loaded collision time for BConcave+FConcave+4300_flipped at IoU 0.75: nan
2025-07-26 22:17:39,009 - DEBUG - Loaded collision time for BConcave+FConcave+4300_flipped at IoU 0.8: nan
2025-07-26 22:17:39,010 - DEBUG - Loaded collision time for BConcave+FConcave+4300_flipped at IoU 0.85: nan
2025-07-26 22:17:39,010 - DEBUG - Loaded collision time for BConcave+FConcave+4300_flipped at IoU 0.9: nan
2025-07-26 22:17:39,011 - DEBUG - Loaded collision time for BConcave+FConcave+4300_flipped at IoU 0.95: nan
2025-07-26 22:17:39,011 - INFO - Processing video: BConcave+FConcave+4500
2025-07-26 22:17:39,013 - INFO - Video BConcave+FConcave+4500 already processed (found segformer_model-BConcave+FConcave+4500.mp4), skipping video processing...
2025-07-26 22:17:39,020 - INFO - VanillaSegmentationSaver initialized with output dir: /home/projects/bagon/andreyg/Projects/Object_reps_neural/Programming/hugging_face/model_experiments/segformer/exp2TTC_segformer-b1-finetuned-ade-512-512/processed_videos/segformer_model-BConcave+FConcave+4500/org_segmentation
2025-07-26 22:17:39,024 - INFO - All collision results already exist for BConcave+FConcave+4500
2025-07-26 22:17:39,024 - DEBUG - Loaded collision time for BConcave+FConcave+4500 at IoU 0.05: 5166.666666666667
2025-07-26 22:17:39,025 - DEBUG - Loaded collision time for BConcave+FConcave+4500 at IoU 0.1: nan
2025-07-26 22:17:39,026 - DEBUG - Loaded collision time for BConcave+FConcave+4500 at IoU 0.15: nan
2025-07-26 22:17:39,027 - DEBUG - Loaded collision time for BConcave+FConcave+4500 at IoU 0.2: nan
2025-07-26 22:17:39,028 - DEBUG - Loaded collision time for BConcave+FConcave+4500 at IoU 0.25: nan
2025-07-26 22:17:39,028 - DEBUG - Loaded collision time for BConcave+FConcave+4500 at IoU 0.3: nan
2025-07-26 22:17:39,029 - DEBUG - Loaded collision time for BConcave+FConcave+4500 at IoU 0.35: nan
2025-07-26 22:17:39,030 - DEBUG - Loaded collision time for BConcave+FConcave+4500 at IoU 0.4: nan
2025-07-26 22:17:39,031 - DEBUG - Loaded collision time for BConcave+FConcave+4500 at IoU 0.45: nan
2025-07-26 22:17:39,032 - DEBUG - Loaded collision time for BConcave+FConcave+4500 at IoU 0.5: nan
2025-07-26 22:17:39,032 - DEBUG - Loaded collision time for BConcave+FConcave+4500 at IoU 0.55: nan
2025-07-26 22:17:39,033 - DEBUG - Loaded collision time for BConcave+FConcave+4500 at IoU 0.6: nan
2025-07-26 22:17:39,034 - DEBUG - Loaded collision time for BConcave+FConcave+4500 at IoU 0.65: nan
2025-07-26 22:17:39,035 - DEBUG - Loaded collision time for BConcave+FConcave+4500 at IoU 0.7: nan
2025-07-26 22:17:39,036 - DEBUG - Loaded collision time for BConcave+FConcave+4500 at IoU 0.75: nan
2025-07-26 22:17:39,036 - DEBUG - Loaded collision time for BConcave+FConcave+4500 at IoU 0.8: nan
2025-07-26 22:17:39,037 - DEBUG - Loaded collision time for BConcave+FConcave+4500 at IoU 0.85: nan
2025-07-26 22:17:39,038 - DEBUG - Loaded collision time for BConcave+FConcave+4500 at IoU 0.9: nan
2025-07-26 22:17:39,039 - DEBUG - Loaded collision time for BConcave+FConcave+4500 at IoU 0.95: nan
2025-07-26 22:17:39,039 - INFO - Processing video: BConcave+FConvex+3500
2025-07-26 22:17:39,041 - INFO - Video BConcave+FConvex+3500 already processed (found segformer_model-BConcave+FConvex+3500.mp4), skipping video processing...
2025-07-26 22:17:39,049 - INFO - VanillaSegmentationSaver initialized with output dir: /home/projects/bagon/andreyg/Projects/Object_reps_neural/Programming/hugging_face/model_experiments/segformer/exp2TTC_segformer-b1-finetuned-ade-512-512/processed_videos/segformer_model-BConcave+FConvex+3500/org_segmentation
2025-07-26 22:17:39,054 - INFO - All collision results already exist for BConcave+FConvex+3500
2025-07-26 22:17:39,054 - DEBUG - Loaded collision time for BConcave+FConvex+3500 at IoU 0.05: nan
2025-07-26 22:17:39,055 - DEBUG - Loaded collision time for BConcave+FConvex+3500 at IoU 0.1: nan
2025-07-26 22:17:39,056 - DEBUG - Loaded collision time for BConcave+FConvex+3500 at IoU 0.15: nan
2025-07-26 22:17:39,057 - DEBUG - Loaded collision time for BConcave+FConvex+3500 at IoU 0.2: nan
2025-07-26 22:17:39,058 - DEBUG - Loaded collision time for BConcave+FConvex+3500 at IoU 0.25: nan
2025-07-26 22:17:39,058 - DEBUG - Loaded collision time for BConcave+FConvex+3500 at IoU 0.3: nan
2025-07-26 22:17:39,059 - DEBUG - Loaded collision time for BConcave+FConvex+3500 at IoU 0.35: nan
2025-07-26 22:17:39,060 - DEBUG - Loaded collision time for BConcave+FConvex+3500 at IoU 0.4: nan
2025-07-26 22:17:39,061 - DEBUG - Loaded collision time for BConcave+FConvex+3500 at IoU 0.45: nan
2025-07-26 22:17:39,062 - DEBUG - Loaded collision time for BConcave+FConvex+3500 at IoU 0.5: nan
2025-07-26 22:17:39,063 - DEBUG - Loaded collision time for BConcave+FConvex+3500 at IoU 0.55: nan
2025-07-26 22:17:39,063 - DEBUG - Loaded collision time for BConcave+FConvex+3500 at IoU 0.6: nan
2025-07-26 22:17:39,064 - DEBUG - Loaded collision time for BConcave+FConvex+3500 at IoU 0.65: nan
2025-07-26 22:17:39,065 - DEBUG - Loaded collision time for BConcave+FConvex+3500 at IoU 0.7: nan
2025-07-26 22:17:39,066 - DEBUG - Loaded collision time for BConcave+FConvex+3500 at IoU 0.75: nan
2025-07-26 22:17:39,067 - DEBUG - Loaded collision time for BConcave+FConvex+3500 at IoU 0.8: nan
2025-07-26 22:17:39,067 - DEBUG - Loaded collision time for BConcave+FConvex+3500 at IoU 0.85: nan
2025-07-26 22:17:39,068 - DEBUG - Loaded collision time for BConcave+FConvex+3500 at IoU 0.9: nan
2025-07-26 22:17:39,069 - DEBUG - Loaded collision time for BConcave+FConvex+3500 at IoU 0.95: nan
2025-07-26 22:17:39,069 - INFO - Processing video: BConcave+FConvex+3700_flipped
2025-07-26 22:17:39,071 - INFO - Video BConcave+FConvex+3700_flipped already processed (found segformer_model-BConcave+FConvex+3700_flipped.mp4), skipping video processing...
2025-07-26 22:17:39,079 - INFO - VanillaSegmentationSaver initialized with output dir: /home/projects/bagon/andreyg/Projects/Object_reps_neural/Programming/hugging_face/model_experiments/segformer/exp2TTC_segformer-b1-finetuned-ade-512-512/processed_videos/segformer_model-BConcave+FConvex+3700_flipped/org_segmentation
2025-07-26 22:17:39,083 - INFO - All collision results already exist for BConcave+FConvex+3700_flipped
2025-07-26 22:17:39,084 - DEBUG - Loaded collision time for BConcave+FConvex+3700_flipped at IoU 0.05: 4133.333333333334
2025-07-26 22:17:39,085 - DEBUG - Loaded collision time for BConcave+FConvex+3700_flipped at IoU 0.1: 4283.333333333333
2025-07-26 22:17:39,086 - DEBUG - Loaded collision time for BConcave+FConvex+3700_flipped at IoU 0.15: 4366.666666666666
2025-07-26 22:17:39,086 - DEBUG - Loaded collision time for BConcave+FConvex+3700_flipped at IoU 0.2: 4466.666666666667
2025-07-26 22:17:39,087 - DEBUG - Loaded collision time for BConcave+FConvex+3700_flipped at IoU 0.25: 4483.333333333333
2025-07-26 22:17:39,088 - DEBUG - Loaded collision time for BConcave+FConvex+3700_flipped at IoU 0.3: 4566.666666666666
2025-07-26 22:17:39,089 - DEBUG - Loaded collision time for BConcave+FConvex+3700_flipped at IoU 0.35: 4650.0
2025-07-26 22:17:39,090 - DEBUG - Loaded collision time for BConcave+FConvex+3700_flipped at IoU 0.4: 4716.666666666667
2025-07-26 22:17:39,091 - DEBUG - Loaded collision time for BConcave+FConvex+3700_flipped at IoU 0.45: 4866.666666666666
2025-07-26 22:17:39,092 - DEBUG - Loaded collision time for BConcave+FConvex+3700_flipped at IoU 0.5: nan
2025-07-26 22:17:39,092 - DEBUG - Loaded collision time for BConcave+FConvex+3700_flipped at IoU 0.55: nan
2025-07-26 22:17:39,093 - DEBUG - Loaded collision time for BConcave+FConvex+3700_flipped at IoU 0.6: nan
2025-07-26 22:17:39,094 - DEBUG - Loaded collision time for BConcave+FConvex+3700_flipped at IoU 0.65: nan
2025-07-26 22:17:39,095 - DEBUG - Loaded collision time for BConcave+FConvex+3700_flipped at IoU 0.7: nan
2025-07-26 22:17:39,095 - DEBUG - Loaded collision time for BConcave+FConvex+3700_flipped at IoU 0.75: nan
2025-07-26 22:17:39,096 - DEBUG - Loaded collision time for BConcave+FConvex+3700_flipped at IoU 0.8: nan
2025-07-26 22:17:39,097 - DEBUG - Loaded collision time for BConcave+FConvex+3700_flipped at IoU 0.85: nan
2025-07-26 22:17:39,098 - DEBUG - Loaded collision time for BConcave+FConvex+3700_flipped at IoU 0.9: nan
2025-07-26 22:17:39,099 - DEBUG - Loaded collision time for BConcave+FConvex+3700_flipped at IoU 0.95: nan
2025-07-26 22:17:39,099 - INFO - Processing video: BConcave+FConvex+3900
2025-07-26 22:17:39,101 - INFO - Video BConcave+FConvex+3900 already processed (found segformer_model-BConcave+FConvex+3900.mp4), skipping video processing...
2025-07-26 22:17:39,108 - INFO - VanillaSegmentationSaver initialized with output dir: /home/projects/bagon/andreyg/Projects/Object_reps_neural/Programming/hugging_face/model_experiments/segformer/exp2TTC_segformer-b1-finetuned-ade-512-512/processed_videos/segformer_model-BConcave+FConvex+3900/org_segmentation
2025-07-26 22:17:39,112 - INFO - All collision results already exist for BConcave+FConvex+3900
2025-07-26 22:17:39,113 - DEBUG - Loaded collision time for BConcave+FConvex+3900 at IoU 0.05: nan
2025-07-26 22:17:39,114 - DEBUG - Loaded collision time for BConcave+FConvex+3900 at IoU 0.1: nan
2025-07-26 22:17:39,115 - DEBUG - Loaded collision time for BConcave+FConvex+3900 at IoU 0.15: nan
2025-07-26 22:17:39,116 - DEBUG - Loaded collision time for BConcave+FConvex+3900 at IoU 0.2: nan
2025-07-26 22:17:39,116 - DEBUG - Loaded collision time for BConcave+FConvex+3900 at IoU 0.25: nan
2025-07-26 22:17:39,117 - DEBUG - Loaded collision time for BConcave+FConvex+3900 at IoU 0.3: nan
2025-07-26 22:17:39,118 - DEBUG - Loaded collision time for BConcave+FConvex+3900 at IoU 0.35: nan
2025-07-26 22:17:39,118 - DEBUG - Loaded collision time for BConcave+FConvex+3900 at IoU 0.4: nan
2025-07-26 22:17:39,119 - DEBUG - Loaded collision time for BConcave+FConvex+3900 at IoU 0.45: nan
2025-07-26 22:17:39,120 - DEBUG - Loaded collision time for BConcave+FConvex+3900 at IoU 0.5: nan
2025-07-26 22:17:39,121 - DEBUG - Loaded collision time for BConcave+FConvex+3900 at IoU 0.55: nan
2025-07-26 22:17:39,122 - DEBUG - Loaded collision time for BConcave+FConvex+3900 at IoU 0.6: nan
2025-07-26 22:17:39,123 - DEBUG - Loaded collision time for BConcave+FConvex+3900 at IoU 0.65: nan
2025-07-26 22:17:39,123 - DEBUG - Loaded collision time for BConcave+FConvex+3900 at IoU 0.7: nan
2025-07-26 22:17:39,124 - DEBUG - Loaded collision time for BConcave+FConvex+3900 at IoU 0.75: nan
2025-07-26 22:17:39,125 - DEBUG - Loaded collision time for BConcave+FConvex+3900 at IoU 0.8: nan
2025-07-26 22:17:39,126 - DEBUG - Loaded collision time for BConcave+FConvex+3900 at IoU 0.85: nan
2025-07-26 22:17:39,126 - DEBUG - Loaded collision time for BConcave+FConvex+3900 at IoU 0.9: nan
2025-07-26 22:17:39,127 - DEBUG - Loaded collision time for BConcave+FConvex+3900 at IoU 0.95: nan
2025-07-26 22:17:39,127 - INFO - Processing video: BConcave+FConvex+4100_flipped
2025-07-26 22:17:39,128 - INFO - Video BConcave+FConvex+4100_flipped already processed (found segformer_model-BConcave+FConvex+4100_flipped.mp4), skipping video processing...
2025-07-26 22:17:39,136 - INFO - VanillaSegmentationSaver initialized with output dir: /home/projects/bagon/andreyg/Projects/Object_reps_neural/Programming/hugging_face/model_experiments/segformer/exp2TTC_segformer-b1-finetuned-ade-512-512/processed_videos/segformer_model-BConcave+FConvex+4100_flipped/org_segmentation
2025-07-26 22:17:39,140 - INFO - All collision results already exist for BConcave+FConvex+4100_flipped
2025-07-26 22:17:39,141 - DEBUG - Loaded collision time for BConcave+FConvex+4100_flipped at IoU 0.05: nan
2025-07-26 22:17:39,142 - DEBUG - Loaded collision time for BConcave+FConvex+4100_flipped at IoU 0.1: nan
2025-07-26 22:17:39,142 - DEBUG - Loaded collision time for BConcave+FConvex+4100_flipped at IoU 0.15: nan
2025-07-26 22:17:39,143 - DEBUG - Loaded collision time for BConcave+FConvex+4100_flipped at IoU 0.2: nan
2025-07-26 22:17:39,144 - DEBUG - Loaded collision time for BConcave+FConvex+4100_flipped at IoU 0.25: nan
2025-07-26 22:17:39,145 - DEBUG - Loaded collision time for BConcave+FConvex+4100_flipped at IoU 0.3: nan
2025-07-26 22:17:39,146 - DEBUG - Loaded collision time for BConcave+FConvex+4100_flipped at IoU 0.35: nan
2025-07-26 22:17:39,146 - DEBUG - Loaded collision time for BConcave+FConvex+4100_flipped at IoU 0.4: nan
2025-07-26 22:17:39,147 - DEBUG - Loaded collision time for BConcave+FConvex+4100_flipped at IoU 0.45: nan
2025-07-26 22:17:39,148 - DEBUG - Loaded collision time for BConcave+FConvex+4100_flipped at IoU 0.5: nan
2025-07-26 22:17:39,149 - DEBUG - Loaded collision time for BConcave+FConvex+4100_flipped at IoU 0.55: nan
2025-07-26 22:17:39,150 - DEBUG - Loaded collision time for BConcave+FConvex+4100_flipped at IoU 0.6: nan
2025-07-26 22:17:39,151 - DEBUG - Loaded collision time for BConcave+FConvex+4100_flipped at IoU 0.65: nan
2025-07-26 22:17:39,151 - DEBUG - Loaded collision time for BConcave+FConvex+4100_flipped at IoU 0.7: nan
2025-07-26 22:17:39,152 - DEBUG - Loaded collision time for BConcave+FConvex+4100_flipped at IoU 0.75: nan
2025-07-26 22:17:39,153 - DEBUG - Loaded collision time for BConcave+FConvex+4100_flipped at IoU 0.8: nan
2025-07-26 22:17:39,154 - DEBUG - Loaded collision time for BConcave+FConvex+4100_flipped at IoU 0.85: nan
2025-07-26 22:17:39,154 - DEBUG - Loaded collision time for BConcave+FConvex+4100_flipped at IoU 0.9: nan
2025-07-26 22:17:39,155 - DEBUG - Loaded collision time for BConcave+FConvex+4100_flipped at IoU 0.95: nan
2025-07-26 22:17:39,155 - INFO - Processing video: BConcave+FConvex+4300
2025-07-26 22:17:39,157 - INFO - Video BConcave+FConvex+4300 already processed (found segformer_model-BConcave+FConvex+4300.mp4), skipping video processing...
2025-07-26 22:17:39,166 - INFO - VanillaSegmentationSaver initialized with output dir: /home/projects/bagon/andreyg/Projects/Object_reps_neural/Programming/hugging_face/model_experiments/segformer/exp2TTC_segformer-b1-finetuned-ade-512-512/processed_videos/segformer_model-BConcave+FConvex+4300/org_segmentation
2025-07-26 22:17:39,170 - INFO - All collision results already exist for BConcave+FConvex+4300
2025-07-26 22:17:39,171 - DEBUG - Loaded collision time for BConcave+FConvex+4300 at IoU 0.05: 4700.0
2025-07-26 22:17:39,172 - DEBUG - Loaded collision time for BConcave+FConvex+4300 at IoU 0.1: nan
2025-07-26 22:17:39,173 - DEBUG - Loaded collision time for BConcave+FConvex+4300 at IoU 0.15: nan
2025-07-26 22:17:39,174 - DEBUG - Loaded collision time for BConcave+FConvex+4300 at IoU 0.2: nan
2025-07-26 22:17:39,175 - DEBUG - Loaded collision time for BConcave+FConvex+4300 at IoU 0.25: nan
2025-07-26 22:17:39,175 - DEBUG - Loaded collision time for BConcave+FConvex+4300 at IoU 0.3: nan
2025-07-26 22:17:39,176 - DEBUG - Loaded collision time for BConcave+FConvex+4300 at IoU 0.35: nan
2025-07-26 22:17:39,177 - DEBUG - Loaded collision time for BConcave+FConvex+4300 at IoU 0.4: nan
2025-07-26 22:17:39,178 - DEBUG - Loaded collision time for BConcave+FConvex+4300 at IoU 0.45: nan
2025-07-26 22:17:39,179 - DEBUG - Loaded collision time for BConcave+FConvex+4300 at IoU 0.5: nan
2025-07-26 22:17:39,180 - DEBUG - Loaded collision time for BConcave+FConvex+4300 at IoU 0.55: nan
2025-07-26 22:17:39,180 - DEBUG - Loaded collision time for BConcave+FConvex+4300 at IoU 0.6: nan
2025-07-26 22:17:39,181 - DEBUG - Loaded collision time for BConcave+FConvex+4300 at IoU 0.65: nan
2025-07-26 22:17:39,182 - DEBUG - Loaded collision time for BConcave+FConvex+4300 at IoU 0.7: nan
2025-07-26 22:17:39,183 - DEBUG - Loaded collision time for BConcave+FConvex+4300 at IoU 0.75: nan
2025-07-26 22:17:39,184 - DEBUG - Loaded collision time for BConcave+FConvex+4300 at IoU 0.8: nan
2025-07-26 22:17:39,184 - DEBUG - Loaded collision time for BConcave+FConvex+4300 at IoU 0.85: nan
2025-07-26 22:17:39,185 - DEBUG - Loaded collision time for BConcave+FConvex+4300 at IoU 0.9: nan
2025-07-26 22:17:39,186 - DEBUG - Loaded collision time for BConcave+FConvex+4300 at IoU 0.95: nan
2025-07-26 22:17:39,186 - INFO - Processing video: BConcave+FConvex+4500_flipped
2025-07-26 22:17:39,188 - INFO - Video BConcave+FConvex+4500_flipped already processed (found segformer_model-BConcave+FConvex+4500_flipped.mp4), skipping video processing...
2025-07-26 22:17:39,196 - INFO - VanillaSegmentationSaver initialized with output dir: /home/projects/bagon/andreyg/Projects/Object_reps_neural/Programming/hugging_face/model_experiments/segformer/exp2TTC_segformer-b1-finetuned-ade-512-512/processed_videos/segformer_model-BConcave+FConvex+4500_flipped/org_segmentation
2025-07-26 22:17:39,201 - INFO - All collision results already exist for BConcave+FConvex+4500_flipped
2025-07-26 22:17:39,202 - DEBUG - Loaded collision time for BConcave+FConvex+4500_flipped at IoU 0.05: nan
2025-07-26 22:17:39,203 - DEBUG - Loaded collision time for BConcave+FConvex+4500_flipped at IoU 0.1: nan
2025-07-26 22:17:39,204 - DEBUG - Loaded collision time for BConcave+FConvex+4500_flipped at IoU 0.15: nan
2025-07-26 22:17:39,205 - DEBUG - Loaded collision time for BConcave+FConvex+4500_flipped at IoU 0.2: nan
2025-07-26 22:17:39,205 - DEBUG - Loaded collision time for BConcave+FConvex+4500_flipped at IoU 0.25: nan
2025-07-26 22:17:39,206 - DEBUG - Loaded collision time for BConcave+FConvex+4500_flipped at IoU 0.3: nan
2025-07-26 22:17:39,207 - DEBUG - Loaded collision time for BConcave+FConvex+4500_flipped at IoU 0.35: nan
2025-07-26 22:17:39,208 - DEBUG - Loaded collision time for BConcave+FConvex+4500_flipped at IoU 0.4: nan
2025-07-26 22:17:39,209 - DEBUG - Loaded collision time for BConcave+FConvex+4500_flipped at IoU 0.45: nan
2025-07-26 22:17:39,210 - DEBUG - Loaded collision time for BConcave+FConvex+4500_flipped at IoU 0.5: nan
2025-07-26 22:17:39,211 - DEBUG - Loaded collision time for BConcave+FConvex+4500_flipped at IoU 0.55: nan
2025-07-26 22:17:39,212 - DEBUG - Loaded collision time for BConcave+FConvex+4500_flipped at IoU 0.6: nan
2025-07-26 22:17:39,212 - DEBUG - Loaded collision time for BConcave+FConvex+4500_flipped at IoU 0.65: nan
2025-07-26 22:17:39,213 - DEBUG - Loaded collision time for BConcave+FConvex+4500_flipped at IoU 0.7: nan
2025-07-26 22:17:39,214 - DEBUG - Loaded collision time for BConcave+FConvex+4500_flipped at IoU 0.75: nan
2025-07-26 22:17:39,215 - DEBUG - Loaded collision time for BConcave+FConvex+4500_flipped at IoU 0.8: nan
2025-07-26 22:17:39,216 - DEBUG - Loaded collision time for BConcave+FConvex+4500_flipped at IoU 0.85: nan
2025-07-26 22:17:39,217 - DEBUG - Loaded collision time for BConcave+FConvex+4500_flipped at IoU 0.9: nan
2025-07-26 22:17:39,217 - DEBUG - Loaded collision time for BConcave+FConvex+4500_flipped at IoU 0.95: nan
2025-07-26 22:17:39,217 - INFO - Processing video: BConcave+gConcave+3500_flipped
2025-07-26 22:17:39,219 - INFO - Video BConcave+gConcave+3500_flipped already processed (found segformer_model-BConcave+gConcave+3500_flipped.mp4), skipping video processing...
2025-07-26 22:17:39,228 - INFO - VanillaSegmentationSaver initialized with output dir: /home/projects/bagon/andreyg/Projects/Object_reps_neural/Programming/hugging_face/model_experiments/segformer/exp2TTC_segformer-b1-finetuned-ade-512-512/processed_videos/segformer_model-BConcave+gConcave+3500_flipped/org_segmentation
2025-07-26 22:17:39,232 - INFO - All collision results already exist for BConcave+gConcave+3500_flipped
2025-07-26 22:17:39,233 - DEBUG - Loaded collision time for BConcave+gConcave+3500_flipped at IoU 0.05: 3933.333333333333
2025-07-26 22:17:39,234 - DEBUG - Loaded collision time for BConcave+gConcave+3500_flipped at IoU 0.1: 4016.6666666666665
2025-07-26 22:17:39,235 - DEBUG - Loaded collision time for BConcave+gConcave+3500_flipped at IoU 0.15: 4100.0
2025-07-26 22:17:39,235 - DEBUG - Loaded collision time for BConcave+gConcave+3500_flipped at IoU 0.2: 4133.333333333334
2025-07-26 22:17:39,236 - DEBUG - Loaded collision time for BConcave+gConcave+3500_flipped at IoU 0.25: 4200.0
2025-07-26 22:17:39,237 - DEBUG - Loaded collision time for BConcave+gConcave+3500_flipped at IoU 0.3: 4300.0
2025-07-26 22:17:39,238 - DEBUG - Loaded collision time for BConcave+gConcave+3500_flipped at IoU 0.35: nan
2025-07-26 22:17:39,239 - DEBUG - Loaded collision time for BConcave+gConcave+3500_flipped at IoU 0.4: nan
2025-07-26 22:17:39,240 - DEBUG - Loaded collision time for BConcave+gConcave+3500_flipped at IoU 0.45: nan
2025-07-26 22:17:39,241 - DEBUG - Loaded collision time for BConcave+gConcave+3500_flipped at IoU 0.5: nan
2025-07-26 22:17:39,241 - DEBUG - Loaded collision time for BConcave+gConcave+3500_flipped at IoU 0.55: nan
2025-07-26 22:17:39,242 - DEBUG - Loaded collision time for BConcave+gConcave+3500_flipped at IoU 0.6: nan
2025-07-26 22:17:39,243 - DEBUG - Loaded collision time for BConcave+gConcave+3500_flipped at IoU 0.65: nan
2025-07-26 22:17:39,244 - DEBUG - Loaded collision time for BConcave+gConcave+3500_flipped at IoU 0.7: nan
2025-07-26 22:17:39,245 - DEBUG - Loaded collision time for BConcave+gConcave+3500_flipped at IoU 0.75: nan
2025-07-26 22:17:39,246 - DEBUG - Loaded collision time for BConcave+gConcave+3500_flipped at IoU 0.8: nan
2025-07-26 22:17:39,247 - DEBUG - Loaded collision time for BConcave+gConcave+3500_flipped at IoU 0.85: nan
2025-07-26 22:17:39,247 - DEBUG - Loaded collision time for BConcave+gConcave+3500_flipped at IoU 0.9: nan
2025-07-26 22:17:39,248 - DEBUG - Loaded collision time for BConcave+gConcave+3500_flipped at IoU 0.95: nan
2025-07-26 22:17:39,248 - INFO - Processing video: BConcave+gConcave+3700
2025-07-26 22:17:39,250 - INFO - Video BConcave+gConcave+3700 already processed (found segformer_model-BConcave+gConcave+3700.mp4), skipping video processing...
2025-07-26 22:17:39,258 - INFO - VanillaSegmentationSaver initialized with output dir: /home/projects/bagon/andreyg/Projects/Object_reps_neural/Programming/hugging_face/model_experiments/segformer/exp2TTC_segformer-b1-finetuned-ade-512-512/processed_videos/segformer_model-BConcave+gConcave+3700/org_segmentation
2025-07-26 22:17:39,263 - INFO - All collision results already exist for BConcave+gConcave+3700
2025-07-26 22:17:39,263 - DEBUG - Loaded collision time for BConcave+gConcave+3700 at IoU 0.05: 3816.666666666667
2025-07-26 22:17:39,264 - DEBUG - Loaded collision time for BConcave+gConcave+3700 at IoU 0.1: 4000.0
2025-07-26 22:17:39,265 - DEBUG - Loaded collision time for BConcave+gConcave+3700 at IoU 0.15: 4133.333333333334
2025-07-26 22:17:39,266 - DEBUG - Loaded collision time for BConcave+gConcave+3700 at IoU 0.2: 4650.0
2025-07-26 22:17:39,267 - DEBUG - Loaded collision time for BConcave+gConcave+3700 at IoU 0.25: 4650.0
2025-07-26 22:17:39,268 - DEBUG - Loaded collision time for BConcave+gConcave+3700 at IoU 0.3: 4650.0
2025-07-26 22:17:39,268 - DEBUG - Loaded collision time for BConcave+gConcave+3700 at IoU 0.35: nan
2025-07-26 22:17:39,269 - DEBUG - Loaded collision time for BConcave+gConcave+3700 at IoU 0.4: nan
2025-07-26 22:17:39,270 - DEBUG - Loaded collision time for BConcave+gConcave+3700 at IoU 0.45: nan
2025-07-26 22:17:39,271 - DEBUG - Loaded collision time for BConcave+gConcave+3700 at IoU 0.5: nan
2025-07-26 22:17:39,272 - DEBUG - Loaded collision time for BConcave+gConcave+3700 at IoU 0.55: nan
2025-07-26 22:17:39,272 - DEBUG - Loaded collision time for BConcave+gConcave+3700 at IoU 0.6: nan
2025-07-26 22:17:39,273 - DEBUG - Loaded collision time for BConcave+gConcave+3700 at IoU 0.65: nan
2025-07-26 22:17:39,274 - DEBUG - Loaded collision time for BConcave+gConcave+3700 at IoU 0.7: nan
2025-07-26 22:17:39,275 - DEBUG - Loaded collision time for BConcave+gConcave+3700 at IoU 0.75: nan
2025-07-26 22:17:39,276 - DEBUG - Loaded collision time for BConcave+gConcave+3700 at IoU 0.8: nan
2025-07-26 22:17:39,276 - DEBUG - Loaded collision time for BConcave+gConcave+3700 at IoU 0.85: nan
2025-07-26 22:17:39,277 - DEBUG - Loaded collision time for BConcave+gConcave+3700 at IoU 0.9: nan
2025-07-26 22:17:39,278 - DEBUG - Loaded collision time for BConcave+gConcave+3700 at IoU 0.95: nan
2025-07-26 22:17:39,278 - INFO - Processing video: BConcave+gConcave+3900_flipped
2025-07-26 22:17:39,280 - INFO - Video BConcave+gConcave+3900_flipped already processed (found segformer_model-BConcave+gConcave+3900_flipped.mp4), skipping video processing...
2025-07-26 22:17:39,288 - INFO - VanillaSegmentationSaver initialized with output dir: /home/projects/bagon/andreyg/Projects/Object_reps_neural/Programming/hugging_face/model_experiments/segformer/exp2TTC_segformer-b1-finetuned-ade-512-512/processed_videos/segformer_model-BConcave+gConcave+3900_flipped/org_segmentation
2025-07-26 22:17:39,293 - INFO - All collision results already exist for BConcave+gConcave+3900_flipped
2025-07-26 22:17:39,294 - DEBUG - Loaded collision time for BConcave+gConcave+3900_flipped at IoU 0.05: nan
2025-07-26 22:17:39,295 - DEBUG - Loaded collision time for BConcave+gConcave+3900_flipped at IoU 0.1: nan
2025-07-26 22:17:39,296 - DEBUG - Loaded collision time for BConcave+gConcave+3900_flipped at IoU 0.15: nan
2025-07-26 22:17:39,296 - DEBUG - Loaded collision time for BConcave+gConcave+3900_flipped at IoU 0.2: nan
2025-07-26 22:17:39,297 - DEBUG - Loaded collision time for BConcave+gConcave+3900_flipped at IoU 0.25: nan
2025-07-26 22:17:39,298 - DEBUG - Loaded collision time for BConcave+gConcave+3900_flipped at IoU 0.3: nan
2025-07-26 22:17:39,299 - DEBUG - Loaded collision time for BConcave+gConcave+3900_flipped at IoU 0.35: nan
2025-07-26 22:17:39,300 - DEBUG - Loaded collision time for BConcave+gConcave+3900_flipped at IoU 0.4: nan
2025-07-26 22:17:39,301 - DEBUG - Loaded collision time for BConcave+gConcave+3900_flipped at IoU 0.45: nan
2025-07-26 22:17:39,301 - DEBUG - Loaded collision time for BConcave+gConcave+3900_flipped at IoU 0.5: nan
2025-07-26 22:17:39,302 - DEBUG - Loaded collision time for BConcave+gConcave+3900_flipped at IoU 0.55: nan
2025-07-26 22:17:39,303 - DEBUG - Loaded collision time for BConcave+gConcave+3900_flipped at IoU 0.6: nan
2025-07-26 22:17:39,304 - DEBUG - Loaded collision time for BConcave+gConcave+3900_flipped at IoU 0.65: nan
2025-07-26 22:17:39,305 - DEBUG - Loaded collision time for BConcave+gConcave+3900_flipped at IoU 0.7: nan
2025-07-26 22:17:39,306 - DEBUG - Loaded collision time for BConcave+gConcave+3900_flipped at IoU 0.75: nan
2025-07-26 22:17:39,307 - DEBUG - Loaded collision time for BConcave+gConcave+3900_flipped at IoU 0.8: nan
2025-07-26 22:17:39,307 - DEBUG - Loaded collision time for BConcave+gConcave+3900_flipped at IoU 0.85: nan
2025-07-26 22:17:39,308 - DEBUG - Loaded collision time for BConcave+gConcave+3900_flipped at IoU 0.9: nan
2025-07-26 22:17:39,309 - DEBUG - Loaded collision time for BConcave+gConcave+3900_flipped at IoU 0.95: nan
2025-07-26 22:17:39,309 - INFO - Processing video: BConcave+gConcave+4100
2025-07-26 22:17:39,311 - INFO - Video BConcave+gConcave+4100 already processed (found segformer_model-BConcave+gConcave+4100.mp4), skipping video processing...
2025-07-26 22:17:39,319 - INFO - VanillaSegmentationSaver initialized with output dir: /home/projects/bagon/andreyg/Projects/Object_reps_neural/Programming/hugging_face/model_experiments/segformer/exp2TTC_segformer-b1-finetuned-ade-512-512/processed_videos/segformer_model-BConcave+gConcave+4100/org_segmentation
2025-07-26 22:17:39,324 - INFO - All collision results already exist for BConcave+gConcave+4100
2025-07-26 22:17:39,324 - DEBUG - Loaded collision time for BConcave+gConcave+4100 at IoU 0.05: 4516.666666666667
2025-07-26 22:17:39,325 - DEBUG - Loaded collision time for BConcave+gConcave+4100 at IoU 0.1: 4633.333333333334
2025-07-26 22:17:39,326 - DEBUG - Loaded collision time for BConcave+gConcave+4100 at IoU 0.15: 4800.0
2025-07-26 22:17:39,327 - DEBUG - Loaded collision time for BConcave+gConcave+4100 at IoU 0.2: nan
2025-07-26 22:17:39,328 - DEBUG - Loaded collision time for BConcave+gConcave+4100 at IoU 0.25: nan
2025-07-26 22:17:39,329 - DEBUG - Loaded collision time for BConcave+gConcave+4100 at IoU 0.3: nan
2025-07-26 22:17:39,329 - DEBUG - Loaded collision time for BConcave+gConcave+4100 at IoU 0.35: nan
2025-07-26 22:17:39,330 - DEBUG - Loaded collision time for BConcave+gConcave+4100 at IoU 0.4: nan
2025-07-26 22:17:39,331 - DEBUG - Loaded collision time for BConcave+gConcave+4100 at IoU 0.45: nan
2025-07-26 22:17:39,332 - DEBUG - Loaded collision time for BConcave+gConcave+4100 at IoU 0.5: nan
2025-07-26 22:17:39,333 - DEBUG - Loaded collision time for BConcave+gConcave+4100 at IoU 0.55: nan
2025-07-26 22:17:39,333 - DEBUG - Loaded collision time for BConcave+gConcave+4100 at IoU 0.6: nan
2025-07-26 22:17:39,334 - DEBUG - Loaded collision time for BConcave+gConcave+4100 at IoU 0.65: nan
2025-07-26 22:17:39,335 - DEBUG - Loaded collision time for BConcave+gConcave+4100 at IoU 0.7: nan
2025-07-26 22:17:39,336 - DEBUG - Loaded collision time for BConcave+gConcave+4100 at IoU 0.75: nan
2025-07-26 22:17:39,337 - DEBUG - Loaded collision time for BConcave+gConcave+4100 at IoU 0.8: nan
2025-07-26 22:17:39,338 - DEBUG - Loaded collision time for BConcave+gConcave+4100 at IoU 0.85: nan
2025-07-26 22:17:39,339 - DEBUG - Loaded collision time for BConcave+gConcave+4100 at IoU 0.9: nan
2025-07-26 22:17:39,339 - DEBUG - Loaded collision time for BConcave+gConcave+4100 at IoU 0.95: nan
2025-07-26 22:17:39,339 - INFO - Processing video: BConcave+gConcave+4300_flipped
2025-07-26 22:17:39,341 - INFO - Video BConcave+gConcave+4300_flipped already processed (found segformer_model-BConcave+gConcave+4300_flipped.mp4), skipping video processing...
2025-07-26 22:17:39,350 - INFO - VanillaSegmentationSaver initialized with output dir: /home/projects/bagon/andreyg/Projects/Object_reps_neural/Programming/hugging_face/model_experiments/segformer/exp2TTC_segformer-b1-finetuned-ade-512-512/processed_videos/segformer_model-BConcave+gConcave+4300_flipped/org_segmentation
2025-07-26 22:17:39,354 - INFO - All collision results already exist for BConcave+gConcave+4300_flipped
2025-07-26 22:17:39,355 - DEBUG - Loaded collision time for BConcave+gConcave+4300_flipped at IoU 0.05: nan
2025-07-26 22:17:39,356 - DEBUG - Loaded collision time for BConcave+gConcave+4300_flipped at IoU 0.1: nan
2025-07-26 22:17:39,357 - DEBUG - Loaded collision time for BConcave+gConcave+4300_flipped at IoU 0.15: nan
2025-07-26 22:17:39,358 - DEBUG - Loaded collision time for BConcave+gConcave+4300_flipped at IoU 0.2: nan
2025-07-26 22:17:39,359 - DEBUG - Loaded collision time for BConcave+gConcave+4300_flipped at IoU 0.25: nan
2025-07-26 22:17:39,360 - DEBUG - Loaded collision time for BConcave+gConcave+4300_flipped at IoU 0.3: nan
2025-07-26 22:17:39,360 - DEBUG - Loaded collision time for BConcave+gConcave+4300_flipped at IoU 0.35: nan
2025-07-26 22:17:39,361 - DEBUG - Loaded collision time for BConcave+gConcave+4300_flipped at IoU 0.4: nan
2025-07-26 22:17:39,362 - DEBUG - Loaded collision time for BConcave+gConcave+4300_flipped at IoU 0.45: nan
2025-07-26 22:17:39,363 - DEBUG - Loaded collision time for BConcave+gConcave+4300_flipped at IoU 0.5: nan
2025-07-26 22:17:39,364 - DEBUG - Loaded collision time for BConcave+gConcave+4300_flipped at IoU 0.55: nan
2025-07-26 22:17:39,365 - DEBUG - Loaded collision time for BConcave+gConcave+4300_flipped at IoU 0.6: nan
2025-07-26 22:17:39,366 - DEBUG - Loaded collision time for BConcave+gConcave+4300_flipped at IoU 0.65: nan
2025-07-26 22:17:39,366 - DEBUG - Loaded collision time for BConcave+gConcave+4300_flipped at IoU 0.7: nan
2025-07-26 22:17:39,367 - DEBUG - Loaded collision time for BConcave+gConcave+4300_flipped at IoU 0.75: nan
2025-07-26 22:17:39,368 - DEBUG - Loaded collision time for BConcave+gConcave+4300_flipped at IoU 0.8: nan
2025-07-26 22:17:39,369 - DEBUG - Loaded collision time for BConcave+gConcave+4300_flipped at IoU 0.85: nan
2025-07-26 22:17:39,370 - DEBUG - Loaded collision time for BConcave+gConcave+4300_flipped at IoU 0.9: nan
2025-07-26 22:17:39,371 - DEBUG - Loaded collision time for BConcave+gConcave+4300_flipped at IoU 0.95: nan
2025-07-26 22:17:39,371 - INFO - Processing video: BConcave+gConcave+4500
2025-07-26 22:17:39,372 - INFO - Video BConcave+gConcave+4500 already processed (found segformer_model-BConcave+gConcave+4500.mp4), skipping video processing...
2025-07-26 22:17:39,381 - INFO - VanillaSegmentationSaver initialized with output dir: /home/projects/bagon/andreyg/Projects/Object_reps_neural/Programming/hugging_face/model_experiments/segformer/exp2TTC_segformer-b1-finetuned-ade-512-512/processed_videos/segformer_model-BConcave+gConcave+4500/org_segmentation
2025-07-26 22:17:39,385 - INFO - All collision results already exist for BConcave+gConcave+4500
2025-07-26 22:17:39,386 - DEBUG - Loaded collision time for BConcave+gConcave+4500 at IoU 0.05: nan
2025-07-26 22:17:39,387 - DEBUG - Loaded collision time for BConcave+gConcave+4500 at IoU 0.1: nan
2025-07-26 22:17:39,388 - DEBUG - Loaded collision time for BConcave+gConcave+4500 at IoU 0.15: nan
2025-07-26 22:17:39,388 - DEBUG - Loaded collision time for BConcave+gConcave+4500 at IoU 0.2: nan
2025-07-26 22:17:39,389 - DEBUG - Loaded collision time for BConcave+gConcave+4500 at IoU 0.25: nan
2025-07-26 22:17:39,390 - DEBUG - Loaded collision time for BConcave+gConcave+4500 at IoU 0.3: nan
2025-07-26 22:17:39,391 - DEBUG - Loaded collision time for BConcave+gConcave+4500 at IoU 0.35: nan
2025-07-26 22:17:39,392 - DEBUG - Loaded collision time for BConcave+gConcave+4500 at IoU 0.4: nan
2025-07-26 22:17:39,393 - DEBUG - Loaded collision time for BConcave+gConcave+4500 at IoU 0.45: nan
2025-07-26 22:17:39,393 - DEBUG - Loaded collision time for BConcave+gConcave+4500 at IoU 0.5: nan
2025-07-26 22:17:39,394 - DEBUG - Loaded collision time for BConcave+gConcave+4500 at IoU 0.55: nan
2025-07-26 22:17:39,395 - DEBUG - Loaded collision time for BConcave+gConcave+4500 at IoU 0.6: nan
2025-07-26 22:17:39,396 - DEBUG - Loaded collision time for BConcave+gConcave+4500 at IoU 0.65: nan
2025-07-26 22:17:39,397 - DEBUG - Loaded collision time for BConcave+gConcave+4500 at IoU 0.7: nan
2025-07-26 22:17:39,397 - DEBUG - Loaded collision time for BConcave+gConcave+4500 at IoU 0.75: nan
2025-07-26 22:17:39,398 - DEBUG - Loaded collision time for BConcave+gConcave+4500 at IoU 0.8: nan
2025-07-26 22:17:39,399 - DEBUG - Loaded collision time for BConcave+gConcave+4500 at IoU 0.85: nan
2025-07-26 22:17:39,400 - DEBUG - Loaded collision time for BConcave+gConcave+4500 at IoU 0.9: nan
2025-07-26 22:17:39,401 - DEBUG - Loaded collision time for BConcave+gConcave+4500 at IoU 0.95: nan
2025-07-26 22:17:39,401 - INFO - Processing video: BConcave+gConvex+3500
2025-07-26 22:17:39,402 - INFO - Video BConcave+gConvex+3500 already processed (found segformer_model-BConcave+gConvex+3500.mp4), skipping video processing...
2025-07-26 22:17:39,411 - INFO - VanillaSegmentationSaver initialized with output dir: /home/projects/bagon/andreyg/Projects/Object_reps_neural/Programming/hugging_face/model_experiments/segformer/exp2TTC_segformer-b1-finetuned-ade-512-512/processed_videos/segformer_model-BConcave+gConvex+3500/org_segmentation
2025-07-26 22:17:39,416 - INFO - All collision results already exist for BConcave+gConvex+3500
2025-07-26 22:17:39,417 - DEBUG - Loaded collision time for BConcave+gConvex+3500 at IoU 0.05: nan
2025-07-26 22:17:39,417 - DEBUG - Loaded collision time for BConcave+gConvex+3500 at IoU 0.1: nan
2025-07-26 22:17:39,418 - DEBUG - Loaded collision time for BConcave+gConvex+3500 at IoU 0.15: nan
2025-07-26 22:17:39,419 - DEBUG - Loaded collision time for BConcave+gConvex+3500 at IoU 0.2: nan
2025-07-26 22:17:39,420 - DEBUG - Loaded collision time for BConcave+gConvex+3500 at IoU 0.25: nan
2025-07-26 22:17:39,421 - DEBUG - Loaded collision time for BConcave+gConvex+3500 at IoU 0.3: nan
2025-07-26 22:17:39,422 - DEBUG - Loaded collision time for BConcave+gConvex+3500 at IoU 0.35: nan
2025-07-26 22:17:39,423 - DEBUG - Loaded collision time for BConcave+gConvex+3500 at IoU 0.4: nan
2025-07-26 22:17:39,424 - DEBUG - Loaded collision time for BConcave+gConvex+3500 at IoU 0.45: nan
2025-07-26 22:17:39,424 - DEBUG - Loaded collision time for BConcave+gConvex+3500 at IoU 0.5: nan
2025-07-26 22:17:39,425 - DEBUG - Loaded collision time for BConcave+gConvex+3500 at IoU 0.55: nan
2025-07-26 22:17:39,426 - DEBUG - Loaded collision time for BConcave+gConvex+3500 at IoU 0.6: nan
2025-07-26 22:17:39,427 - DEBUG - Loaded collision time for BConcave+gConvex+3500 at IoU 0.65: nan
2025-07-26 22:17:39,428 - DEBUG - Loaded collision time for BConcave+gConvex+3500 at IoU 0.7: nan
2025-07-26 22:17:39,429 - DEBUG - Loaded collision time for BConcave+gConvex+3500 at IoU 0.75: nan
2025-07-26 22:17:39,429 - DEBUG - Loaded collision time for BConcave+gConvex+3500 at IoU 0.8: nan
2025-07-26 22:17:39,430 - DEBUG - Loaded collision time for BConcave+gConvex+3500 at IoU 0.85: nan
2025-07-26 22:17:39,431 - DEBUG - Loaded collision time for BConcave+gConvex+3500 at IoU 0.9: nan
2025-07-26 22:17:39,432 - DEBUG - Loaded collision time for BConcave+gConvex+3500 at IoU 0.95: nan
2025-07-26 22:17:39,432 - INFO - Processing video: BConcave+gConvex+3700_flipped
2025-07-26 22:17:39,434 - INFO - Video BConcave+gConvex+3700_flipped already processed (found segformer_model-BConcave+gConvex+3700_flipped.mp4), skipping video processing...
2025-07-26 22:17:39,442 - INFO - VanillaSegmentationSaver initialized with output dir: /home/projects/bagon/andreyg/Projects/Object_reps_neural/Programming/hugging_face/model_experiments/segformer/exp2TTC_segformer-b1-finetuned-ade-512-512/processed_videos/segformer_model-BConcave+gConvex+3700_flipped/org_segmentation
2025-07-26 22:17:39,446 - INFO - All collision results already exist for BConcave+gConvex+3700_flipped
2025-07-26 22:17:39,447 - DEBUG - Loaded collision time for BConcave+gConvex+3700_flipped at IoU 0.05: nan
2025-07-26 22:17:39,448 - DEBUG - Loaded collision time for BConcave+gConvex+3700_flipped at IoU 0.1: nan
2025-07-26 22:17:39,449 - DEBUG - Loaded collision time for BConcave+gConvex+3700_flipped at IoU 0.15: nan
2025-07-26 22:17:39,450 - DEBUG - Loaded collision time for BConcave+gConvex+3700_flipped at IoU 0.2: nan
2025-07-26 22:17:39,451 - DEBUG - Loaded collision time for BConcave+gConvex+3700_flipped at IoU 0.25: nan
2025-07-26 22:17:39,452 - DEBUG - Loaded collision time for BConcave+gConvex+3700_flipped at IoU 0.3: nan
2025-07-26 22:17:39,452 - DEBUG - Loaded collision time for BConcave+gConvex+3700_flipped at IoU 0.35: nan
2025-07-26 22:17:39,453 - DEBUG - Loaded collision time for BConcave+gConvex+3700_flipped at IoU 0.4: nan
2025-07-26 22:17:39,454 - DEBUG - Loaded collision time for BConcave+gConvex+3700_flipped at IoU 0.45: nan
2025-07-26 22:17:39,455 - DEBUG - Loaded collision time for BConcave+gConvex+3700_flipped at IoU 0.5: nan
2025-07-26 22:17:39,456 - DEBUG - Loaded collision time for BConcave+gConvex+3700_flipped at IoU 0.55: nan
2025-07-26 22:17:39,457 - DEBUG - Loaded collision time for BConcave+gConvex+3700_flipped at IoU 0.6: nan
2025-07-26 22:17:39,457 - DEBUG - Loaded collision time for BConcave+gConvex+3700_flipped at IoU 0.65: nan
2025-07-26 22:17:39,458 - DEBUG - Loaded collision time for BConcave+gConvex+3700_flipped at IoU 0.7: nan
2025-07-26 22:17:39,459 - DEBUG - Loaded collision time for BConcave+gConvex+3700_flipped at IoU 0.75: nan
2025-07-26 22:17:39,460 - DEBUG - Loaded collision time for BConcave+gConvex+3700_flipped at IoU 0.8: nan
2025-07-26 22:17:39,461 - DEBUG - Loaded collision time for BConcave+gConvex+3700_flipped at IoU 0.85: nan
2025-07-26 22:17:39,462 - DEBUG - Loaded collision time for BConcave+gConvex+3700_flipped at IoU 0.9: nan
2025-07-26 22:17:39,463 - DEBUG - Loaded collision time for BConcave+gConvex+3700_flipped at IoU 0.95: nan
2025-07-26 22:17:39,463 - INFO - Processing video: BConcave+gConvex+3900
2025-07-26 22:17:39,464 - INFO - Video BConcave+gConvex+3900 already processed (found segformer_model-BConcave+gConvex+3900.mp4), skipping video processing...
2025-07-26 22:17:39,474 - INFO - VanillaSegmentationSaver initialized with output dir: /home/projects/bagon/andreyg/Projects/Object_reps_neural/Programming/hugging_face/model_experiments/segformer/exp2TTC_segformer-b1-finetuned-ade-512-512/processed_videos/segformer_model-BConcave+gConvex+3900/org_segmentation
2025-07-26 22:17:39,479 - INFO - All collision results already exist for BConcave+gConvex+3900
2025-07-26 22:17:39,479 - DEBUG - Loaded collision time for BConcave+gConvex+3900 at IoU 0.05: 1616.6666666666667
2025-07-26 22:17:39,480 - DEBUG - Loaded collision time for BConcave+gConvex+3900 at IoU 0.1: 1616.6666666666667
2025-07-26 22:17:39,481 - DEBUG - Loaded collision time for BConcave+gConvex+3900 at IoU 0.15: 1616.6666666666667
2025-07-26 22:17:39,482 - DEBUG - Loaded collision time for BConcave+gConvex+3900 at IoU 0.2: 1616.6666666666667
2025-07-26 22:17:39,483 - DEBUG - Loaded collision time for BConcave+gConvex+3900 at IoU 0.25: 1616.6666666666667
2025-07-26 22:17:39,484 - DEBUG - Loaded collision time for BConcave+gConvex+3900 at IoU 0.3: 1616.6666666666667
2025-07-26 22:17:39,485 - DEBUG - Loaded collision time for BConcave+gConvex+3900 at IoU 0.35: nan
2025-07-26 22:17:39,486 - DEBUG - Loaded collision time for BConcave+gConvex+3900 at IoU 0.4: nan
2025-07-26 22:17:39,487 - DEBUG - Loaded collision time for BConcave+gConvex+3900 at IoU 0.45: nan
2025-07-26 22:17:39,487 - DEBUG - Loaded collision time for BConcave+gConvex+3900 at IoU 0.5: nan
2025-07-26 22:17:39,488 - DEBUG - Loaded collision time for BConcave+gConvex+3900 at IoU 0.55: nan
2025-07-26 22:17:39,489 - DEBUG - Loaded collision time for BConcave+gConvex+3900 at IoU 0.6: nan
2025-07-26 22:17:39,490 - DEBUG - Loaded collision time for BConcave+gConvex+3900 at IoU 0.65: nan
2025-07-26 22:17:39,491 - DEBUG - Loaded collision time for BConcave+gConvex+3900 at IoU 0.7: nan
2025-07-26 22:17:39,492 - DEBUG - Loaded collision time for BConcave+gConvex+3900 at IoU 0.75: nan
2025-07-26 22:17:39,492 - DEBUG - Loaded collision time for BConcave+gConvex+3900 at IoU 0.8: nan
2025-07-26 22:17:39,493 - DEBUG - Loaded collision time for BConcave+gConvex+3900 at IoU 0.85: nan
2025-07-26 22:17:39,494 - DEBUG - Loaded collision time for BConcave+gConvex+3900 at IoU 0.9: nan
2025-07-26 22:17:39,495 - DEBUG - Loaded collision time for BConcave+gConvex+3900 at IoU 0.95: nan
2025-07-26 22:17:39,495 - INFO - Processing video: BConcave+gConvex+4100_flipped
2025-07-26 22:17:39,497 - INFO - Video BConcave+gConvex+4100_flipped already processed (found segformer_model-BConcave+gConvex+4100_flipped.mp4), skipping video processing...
2025-07-26 22:17:39,505 - INFO - VanillaSegmentationSaver initialized with output dir: /home/projects/bagon/andreyg/Projects/Object_reps_neural/Programming/hugging_face/model_experiments/segformer/exp2TTC_segformer-b1-finetuned-ade-512-512/processed_videos/segformer_model-BConcave+gConvex+4100_flipped/org_segmentation
2025-07-26 22:17:39,509 - INFO - All collision results already exist for BConcave+gConvex+4100_flipped
2025-07-26 22:17:39,510 - DEBUG - Loaded collision time for BConcave+gConvex+4100_flipped at IoU 0.05: 4450.0
2025-07-26 22:17:39,511 - DEBUG - Loaded collision time for BConcave+gConvex+4100_flipped at IoU 0.1: 4583.333333333333
2025-07-26 22:17:39,512 - DEBUG - Loaded collision time for BConcave+gConvex+4100_flipped at IoU 0.15: 4733.333333333333
2025-07-26 22:17:39,513 - DEBUG - Loaded collision time for BConcave+gConvex+4100_flipped at IoU 0.2: nan
2025-07-26 22:17:39,513 - DEBUG - Loaded collision time for BConcave+gConvex+4100_flipped at IoU 0.25: nan
2025-07-26 22:17:39,514 - DEBUG - Loaded collision time for BConcave+gConvex+4100_flipped at IoU 0.3: nan
2025-07-26 22:17:39,515 - DEBUG - Loaded collision time for BConcave+gConvex+4100_flipped at IoU 0.35: nan
2025-07-26 22:17:39,516 - DEBUG - Loaded collision time for BConcave+gConvex+4100_flipped at IoU 0.4: nan
2025-07-26 22:17:39,517 - DEBUG - Loaded collision time for BConcave+gConvex+4100_flipped at IoU 0.45: nan
2025-07-26 22:17:39,517 - DEBUG - Loaded collision time for BConcave+gConvex+4100_flipped at IoU 0.5: nan
2025-07-26 22:17:39,518 - DEBUG - Loaded collision time for BConcave+gConvex+4100_flipped at IoU 0.55: nan
2025-07-26 22:17:39,519 - DEBUG - Loaded collision time for BConcave+gConvex+4100_flipped at IoU 0.6: nan
2025-07-26 22:17:39,520 - DEBUG - Loaded collision time for BConcave+gConvex+4100_flipped at IoU 0.65: nan
2025-07-26 22:17:39,521 - DEBUG - Loaded collision time for BConcave+gConvex+4100_flipped at IoU 0.7: nan
2025-07-26 22:17:39,522 - DEBUG - Loaded collision time for BConcave+gConvex+4100_flipped at IoU 0.75: nan
2025-07-26 22:17:39,522 - DEBUG - Loaded collision time for BConcave+gConvex+4100_flipped at IoU 0.8: nan
2025-07-26 22:17:39,523 - DEBUG - Loaded collision time for BConcave+gConvex+4100_flipped at IoU 0.85: nan
2025-07-26 22:17:39,524 - DEBUG - Loaded collision time for BConcave+gConvex+4100_flipped at IoU 0.9: nan
2025-07-26 22:17:39,525 - DEBUG - Loaded collision time for BConcave+gConvex+4100_flipped at IoU 0.95: nan
2025-07-26 22:17:39,525 - INFO - Processing video: BConcave+gConvex+4300
2025-07-26 22:17:39,526 - INFO - Video BConcave+gConvex+4300 already processed (found segformer_model-BConcave+gConvex+4300.mp4), skipping video processing...
2025-07-26 22:17:39,535 - INFO - VanillaSegmentationSaver initialized with output dir: /home/projects/bagon/andreyg/Projects/Object_reps_neural/Programming/hugging_face/model_experiments/segformer/exp2TTC_segformer-b1-finetuned-ade-512-512/processed_videos/segformer_model-BConcave+gConvex+4300/org_segmentation
2025-07-26 22:17:39,539 - INFO - All collision results already exist for BConcave+gConvex+4300
2025-07-26 22:17:39,540 - DEBUG - Loaded collision time for BConcave+gConvex+4300 at IoU 0.05: nan
2025-07-26 22:17:39,541 - DEBUG - Loaded collision time for BConcave+gConvex+4300 at IoU 0.1: nan
2025-07-26 22:17:39,542 - DEBUG - Loaded collision time for BConcave+gConvex+4300 at IoU 0.15: nan
2025-07-26 22:17:39,543 - DEBUG - Loaded collision time for BConcave+gConvex+4300 at IoU 0.2: nan
2025-07-26 22:17:39,543 - DEBUG - Loaded collision time for BConcave+gConvex+4300 at IoU 0.25: nan
2025-07-26 22:17:39,544 - DEBUG - Loaded collision time for BConcave+gConvex+4300 at IoU 0.3: nan
2025-07-26 22:17:39,545 - DEBUG - Loaded collision time for BConcave+gConvex+4300 at IoU 0.35: nan
2025-07-26 22:17:39,546 - DEBUG - Loaded collision time for BConcave+gConvex+4300 at IoU 0.4: nan
2025-07-26 22:17:39,547 - DEBUG - Loaded collision time for BConcave+gConvex+4300 at IoU 0.45: nan
2025-07-26 22:17:39,548 - DEBUG - Loaded collision time for BConcave+gConvex+4300 at IoU 0.5: nan
2025-07-26 22:17:39,549 - DEBUG - Loaded collision time for BConcave+gConvex+4300 at IoU 0.55: nan
2025-07-26 22:17:39,550 - DEBUG - Loaded collision time for BConcave+gConvex+4300 at IoU 0.6: nan
2025-07-26 22:17:39,550 - DEBUG - Loaded collision time for BConcave+gConvex+4300 at IoU 0.65: nan
2025-07-26 22:17:39,551 - DEBUG - Loaded collision time for BConcave+gConvex+4300 at IoU 0.7: nan
2025-07-26 22:17:39,552 - DEBUG - Loaded collision time for BConcave+gConvex+4300 at IoU 0.75: nan
2025-07-26 22:17:39,553 - DEBUG - Loaded collision time for BConcave+gConvex+4300 at IoU 0.8: nan
2025-07-26 22:17:39,554 - DEBUG - Loaded collision time for BConcave+gConvex+4300 at IoU 0.85: nan
2025-07-26 22:17:39,555 - DEBUG - Loaded collision time for BConcave+gConvex+4300 at IoU 0.9: nan
2025-07-26 22:17:39,555 - DEBUG - Loaded collision time for BConcave+gConvex+4300 at IoU 0.95: nan
2025-07-26 22:17:39,556 - INFO - Processing video: BConcave+gConvex+4500_flipped
2025-07-26 22:17:39,557 - INFO - Video BConcave+gConvex+4500_flipped already processed (found segformer_model-BConcave+gConvex+4500_flipped.mp4), skipping video processing...
2025-07-26 22:17:39,565 - INFO - VanillaSegmentationSaver initialized with output dir: /home/projects/bagon/andreyg/Projects/Object_reps_neural/Programming/hugging_face/model_experiments/segformer/exp2TTC_segformer-b1-finetuned-ade-512-512/processed_videos/segformer_model-BConcave+gConvex+4500_flipped/org_segmentation
2025-07-26 22:17:39,570 - INFO - All collision results already exist for BConcave+gConvex+4500_flipped
2025-07-26 22:17:39,571 - DEBUG - Loaded collision time for BConcave+gConvex+4500_flipped at IoU 0.05: nan
2025-07-26 22:17:39,572 - DEBUG - Loaded collision time for BConcave+gConvex+4500_flipped at IoU 0.1: nan
2025-07-26 22:17:39,572 - DEBUG - Loaded collision time for BConcave+gConvex+4500_flipped at IoU 0.15: nan
2025-07-26 22:17:39,573 - DEBUG - Loaded collision time for BConcave+gConvex+4500_flipped at IoU 0.2: nan
2025-07-26 22:17:39,574 - DEBUG - Loaded collision time for BConcave+gConvex+4500_flipped at IoU 0.25: nan
2025-07-26 22:17:39,575 - DEBUG - Loaded collision time for BConcave+gConvex+4500_flipped at IoU 0.3: nan
2025-07-26 22:17:39,576 - DEBUG - Loaded collision time for BConcave+gConvex+4500_flipped at IoU 0.35: nan
2025-07-26 22:17:39,577 - DEBUG - Loaded collision time for BConcave+gConvex+4500_flipped at IoU 0.4: nan
2025-07-26 22:17:39,578 - DEBUG - Loaded collision time for BConcave+gConvex+4500_flipped at IoU 0.45: nan
2025-07-26 22:17:39,578 - DEBUG - Loaded collision time for BConcave+gConvex+4500_flipped at IoU 0.5: nan
2025-07-26 22:17:39,579 - DEBUG - Loaded collision time for BConcave+gConvex+4500_flipped at IoU 0.55: nan
2025-07-26 22:17:39,580 - DEBUG - Loaded collision time for BConcave+gConvex+4500_flipped at IoU 0.6: nan
2025-07-26 22:17:39,581 - DEBUG - Loaded collision time for BConcave+gConvex+4500_flipped at IoU 0.65: nan
2025-07-26 22:17:39,582 - DEBUG - Loaded collision time for BConcave+gConvex+4500_flipped at IoU 0.7: nan
2025-07-26 22:17:39,583 - DEBUG - Loaded collision time for BConcave+gConvex+4500_flipped at IoU 0.75: nan
2025-07-26 22:17:39,584 - DEBUG - Loaded collision time for BConcave+gConvex+4500_flipped at IoU 0.8: nan
2025-07-26 22:17:39,585 - DEBUG - Loaded collision time for BConcave+gConvex+4500_flipped at IoU 0.85: nan
2025-07-26 22:17:39,586 - DEBUG - Loaded collision time for BConcave+gConvex+4500_flipped at IoU 0.9: nan
2025-07-26 22:17:39,586 - DEBUG - Loaded collision time for BConcave+gConvex+4500_flipped at IoU 0.95: nan
2025-07-26 22:17:39,586 - INFO - Processing video: BConcave+hConcave+3500_flipped
2025-07-26 22:17:39,588 - INFO - Video BConcave+hConcave+3500_flipped already processed (found segformer_model-BConcave+hConcave+3500_flipped.mp4), skipping video processing...
2025-07-26 22:17:39,597 - INFO - VanillaSegmentationSaver initialized with output dir: /home/projects/bagon/andreyg/Projects/Object_reps_neural/Programming/hugging_face/model_experiments/segformer/exp2TTC_segformer-b1-finetuned-ade-512-512/processed_videos/segformer_model-BConcave+hConcave+3500_flipped/org_segmentation
2025-07-26 22:17:39,601 - INFO - All collision results already exist for BConcave+hConcave+3500_flipped
2025-07-26 22:17:39,602 - DEBUG - Loaded collision time for BConcave+hConcave+3500_flipped at IoU 0.05: 4100.0
2025-07-26 22:17:39,603 - DEBUG - Loaded collision time for BConcave+hConcave+3500_flipped at IoU 0.1: 4266.666666666667
2025-07-26 22:17:39,604 - DEBUG - Loaded collision time for BConcave+hConcave+3500_flipped at IoU 0.15: 4283.333333333333
2025-07-26 22:17:39,605 - DEBUG - Loaded collision time for BConcave+hConcave+3500_flipped at IoU 0.2: 4333.333333333333
2025-07-26 22:17:39,605 - DEBUG - Loaded collision time for BConcave+hConcave+3500_flipped at IoU 0.25: 4466.666666666667
2025-07-26 22:17:39,606 - DEBUG - Loaded collision time for BConcave+hConcave+3500_flipped at IoU 0.3: 4483.333333333333
2025-07-26 22:17:39,607 - DEBUG - Loaded collision time for BConcave+hConcave+3500_flipped at IoU 0.35: nan
2025-07-26 22:17:39,608 - DEBUG - Loaded collision time for BConcave+hConcave+3500_flipped at IoU 0.4: nan
2025-07-26 22:17:39,609 - DEBUG - Loaded collision time for BConcave+hConcave+3500_flipped at IoU 0.45: nan
2025-07-26 22:17:39,610 - DEBUG - Loaded collision time for BConcave+hConcave+3500_flipped at IoU 0.5: nan
2025-07-26 22:17:39,611 - DEBUG - Loaded collision time for BConcave+hConcave+3500_flipped at IoU 0.55: nan
2025-07-26 22:17:39,612 - DEBUG - Loaded collision time for BConcave+hConcave+3500_flipped at IoU 0.6: nan
2025-07-26 22:17:39,613 - DEBUG - Loaded collision time for BConcave+hConcave+3500_flipped at IoU 0.65: nan
2025-07-26 22:17:39,614 - DEBUG - Loaded collision time for BConcave+hConcave+3500_flipped at IoU 0.7: nan
2025-07-26 22:17:39,614 - DEBUG - Loaded collision time for BConcave+hConcave+3500_flipped at IoU 0.75: nan
2025-07-26 22:17:39,615 - DEBUG - Loaded collision time for BConcave+hConcave+3500_flipped at IoU 0.8: nan
2025-07-26 22:17:39,616 - DEBUG - Loaded collision time for BConcave+hConcave+3500_flipped at IoU 0.85: nan
2025-07-26 22:17:39,617 - DEBUG - Loaded collision time for BConcave+hConcave+3500_flipped at IoU 0.9: nan
2025-07-26 22:17:39,618 - DEBUG - Loaded collision time for BConcave+hConcave+3500_flipped at IoU 0.95: nan
2025-07-26 22:17:39,618 - INFO - Processing video: BConcave+hConcave+3700
2025-07-26 22:17:39,620 - INFO - Video BConcave+hConcave+3700 already processed (found segformer_model-BConcave+hConcave+3700.mp4), skipping video processing...
2025-07-26 22:17:39,628 - INFO - VanillaSegmentationSaver initialized with output dir: /home/projects/bagon/andreyg/Projects/Object_reps_neural/Programming/hugging_face/model_experiments/segformer/exp2TTC_segformer-b1-finetuned-ade-512-512/processed_videos/segformer_model-BConcave+hConcave+3700/org_segmentation
2025-07-26 22:17:39,632 - INFO - All collision results already exist for BConcave+hConcave+3700
2025-07-26 22:17:39,633 - DEBUG - Loaded collision time for BConcave+hConcave+3700 at IoU 0.05: nan
2025-07-26 22:17:39,634 - DEBUG - Loaded collision time for BConcave+hConcave+3700 at IoU 0.1: nan
2025-07-26 22:17:39,635 - DEBUG - Loaded collision time for BConcave+hConcave+3700 at IoU 0.15: nan
2025-07-26 22:17:39,635 - DEBUG - Loaded collision time for BConcave+hConcave+3700 at IoU 0.2: nan
2025-07-26 22:17:39,636 - DEBUG - Loaded collision time for BConcave+hConcave+3700 at IoU 0.25: nan
2025-07-26 22:17:39,637 - DEBUG - Loaded collision time for BConcave+hConcave+3700 at IoU 0.3: nan
2025-07-26 22:17:39,638 - DEBUG - Loaded collision time for BConcave+hConcave+3700 at IoU 0.35: nan
2025-07-26 22:17:39,639 - DEBUG - Loaded collision time for BConcave+hConcave+3700 at IoU 0.4: nan
2025-07-26 22:17:39,640 - DEBUG - Loaded collision time for BConcave+hConcave+3700 at IoU 0.45: nan
2025-07-26 22:17:39,641 - DEBUG - Loaded collision time for BConcave+hConcave+3700 at IoU 0.5: nan
2025-07-26 22:17:39,641 - DEBUG - Loaded collision time for BConcave+hConcave+3700 at IoU 0.55: nan
2025-07-26 22:17:39,642 - DEBUG - Loaded collision time for BConcave+hConcave+3700 at IoU 0.6: nan
2025-07-26 22:17:39,643 - DEBUG - Loaded collision time for BConcave+hConcave+3700 at IoU 0.65: nan
2025-07-26 22:17:39,644 - DEBUG - Loaded collision time for BConcave+hConcave+3700 at IoU 0.7: nan
2025-07-26 22:17:39,645 - DEBUG - Loaded collision time for BConcave+hConcave+3700 at IoU 0.75: nan
2025-07-26 22:17:39,646 - DEBUG - Loaded collision time for BConcave+hConcave+3700 at IoU 0.8: nan
2025-07-26 22:17:39,647 - DEBUG - Loaded collision time for BConcave+hConcave+3700 at IoU 0.85: nan
2025-07-26 22:17:39,647 - DEBUG - Loaded collision time for BConcave+hConcave+3700 at IoU 0.9: nan
2025-07-26 22:17:39,648 - DEBUG - Loaded collision time for BConcave+hConcave+3700 at IoU 0.95: nan
2025-07-26 22:17:39,648 - INFO - Processing video: BConcave+hConcave+3900_flipped
2025-07-26 22:17:39,650 - INFO - Video BConcave+hConcave+3900_flipped already processed (found segformer_model-BConcave+hConcave+3900_flipped.mp4), skipping video processing...
2025-07-26 22:17:39,659 - INFO - VanillaSegmentationSaver initialized with output dir: /home/projects/bagon/andreyg/Projects/Object_reps_neural/Programming/hugging_face/model_experiments/segformer/exp2TTC_segformer-b1-finetuned-ade-512-512/processed_videos/segformer_model-BConcave+hConcave+3900_flipped/org_segmentation
2025-07-26 22:17:39,663 - INFO - All collision results already exist for BConcave+hConcave+3900_flipped
2025-07-26 22:17:39,664 - DEBUG - Loaded collision time for BConcave+hConcave+3900_flipped at IoU 0.05: 4166.666666666667
2025-07-26 22:17:39,665 - DEBUG - Loaded collision time for BConcave+hConcave+3900_flipped at IoU 0.1: 4316.666666666666
2025-07-26 22:17:39,665 - DEBUG - Loaded collision time for BConcave+hConcave+3900_flipped at IoU 0.15: 4450.0
2025-07-26 22:17:39,666 - DEBUG - Loaded collision time for BConcave+hConcave+3900_flipped at IoU 0.2: 4550.0
2025-07-26 22:17:39,667 - DEBUG - Loaded collision time for BConcave+hConcave+3900_flipped at IoU 0.25: 4650.0
2025-07-26 22:17:39,668 - DEBUG - Loaded collision time for BConcave+hConcave+3900_flipped at IoU 0.3: 4750.0
2025-07-26 22:17:39,669 - DEBUG - Loaded collision time for BConcave+hConcave+3900_flipped at IoU 0.35: 4866.666666666666
2025-07-26 22:17:39,669 - DEBUG - Loaded collision time for BConcave+hConcave+3900_flipped at IoU 0.4: nan
2025-07-26 22:17:39,670 - DEBUG - Loaded collision time for BConcave+hConcave+3900_flipped at IoU 0.45: nan
2025-07-26 22:17:39,671 - DEBUG - Loaded collision time for BConcave+hConcave+3900_flipped at IoU 0.5: nan
2025-07-26 22:17:39,672 - DEBUG - Loaded collision time for BConcave+hConcave+3900_flipped at IoU 0.55: nan
2025-07-26 22:17:39,673 - DEBUG - Loaded collision time for BConcave+hConcave+3900_flipped at IoU 0.6: nan
2025-07-26 22:17:39,673 - DEBUG - Loaded collision time for BConcave+hConcave+3900_flipped at IoU 0.65: nan
2025-07-26 22:17:39,674 - DEBUG - Loaded collision time for BConcave+hConcave+3900_flipped at IoU 0.7: nan
2025-07-26 22:17:39,675 - DEBUG - Loaded collision time for BConcave+hConcave+3900_flipped at IoU 0.75: nan
2025-07-26 22:17:39,676 - DEBUG - Loaded collision time for BConcave+hConcave+3900_flipped at IoU 0.8: nan
2025-07-26 22:17:39,676 - DEBUG - Loaded collision time for BConcave+hConcave+3900_flipped at IoU 0.85: nan
2025-07-26 22:17:39,677 - DEBUG - Loaded collision time for BConcave+hConcave+3900_flipped at IoU 0.9: nan
2025-07-26 22:17:39,678 - DEBUG - Loaded collision time for BConcave+hConcave+3900_flipped at IoU 0.95: nan
2025-07-26 22:17:39,678 - INFO - Processing video: BConcave+hConcave+4100
2025-07-26 22:17:39,680 - INFO - Video BConcave+hConcave+4100 already processed (found segformer_model-BConcave+hConcave+4100.mp4), skipping video processing...
2025-07-26 22:17:39,688 - INFO - VanillaSegmentationSaver initialized with output dir: /home/projects/bagon/andreyg/Projects/Object_reps_neural/Programming/hugging_face/model_experiments/segformer/exp2TTC_segformer-b1-finetuned-ade-512-512/processed_videos/segformer_model-BConcave+hConcave+4100/org_segmentation
2025-07-26 22:17:39,693 - INFO - All collision results already exist for BConcave+hConcave+4100
2025-07-26 22:17:39,694 - DEBUG - Loaded collision time for BConcave+hConcave+4100 at IoU 0.05: 4433.333333333334
2025-07-26 22:17:39,694 - DEBUG - Loaded collision time for BConcave+hConcave+4100 at IoU 0.1: 4600.0
2025-07-26 22:17:39,695 - DEBUG - Loaded collision time for BConcave+hConcave+4100 at IoU 0.15: 4700.0
2025-07-26 22:17:39,696 - DEBUG - Loaded collision time for BConcave+hConcave+4100 at IoU 0.2: 4833.333333333333
2025-07-26 22:17:39,697 - DEBUG - Loaded collision time for BConcave+hConcave+4100 at IoU 0.25: 4916.666666666667
2025-07-26 22:17:39,698 - DEBUG - Loaded collision time for BConcave+hConcave+4100 at IoU 0.3: 5100.0
2025-07-26 22:17:39,699 - DEBUG - Loaded collision time for BConcave+hConcave+4100 at IoU 0.35: nan
2025-07-26 22:17:39,700 - DEBUG - Loaded collision time for BConcave+hConcave+4100 at IoU 0.4: nan
2025-07-26 22:17:39,701 - DEBUG - Loaded collision time for BConcave+hConcave+4100 at IoU 0.45: nan
2025-07-26 22:17:39,701 - DEBUG - Loaded collision time for BConcave+hConcave+4100 at IoU 0.5: nan
2025-07-26 22:17:39,702 - DEBUG - Loaded collision time for BConcave+hConcave+4100 at IoU 0.55: nan
2025-07-26 22:17:39,703 - DEBUG - Loaded collision time for BConcave+hConcave+4100 at IoU 0.6: nan
2025-07-26 22:17:39,704 - DEBUG - Loaded collision time for BConcave+hConcave+4100 at IoU 0.65: nan
2025-07-26 22:17:39,705 - DEBUG - Loaded collision time for BConcave+hConcave+4100 at IoU 0.7: nan
2025-07-26 22:17:39,706 - DEBUG - Loaded collision time for BConcave+hConcave+4100 at IoU 0.75: nan
2025-07-26 22:17:39,707 - DEBUG - Loaded collision time for BConcave+hConcave+4100 at IoU 0.8: nan
2025-07-26 22:17:39,707 - DEBUG - Loaded collision time for BConcave+hConcave+4100 at IoU 0.85: nan
2025-07-26 22:17:39,708 - DEBUG - Loaded collision time for BConcave+hConcave+4100 at IoU 0.9: nan
2025-07-26 22:17:39,709 - DEBUG - Loaded collision time for BConcave+hConcave+4100 at IoU 0.95: nan
2025-07-26 22:17:39,709 - INFO - Processing video: BConcave+hConcave+4300_flipped
2025-07-26 22:17:39,711 - INFO - Video BConcave+hConcave+4300_flipped already processed (found segformer_model-BConcave+hConcave+4300_flipped.mp4), skipping video processing...
2025-07-26 22:17:39,719 - INFO - VanillaSegmentationSaver initialized with output dir: /home/projects/bagon/andreyg/Projects/Object_reps_neural/Programming/hugging_face/model_experiments/segformer/exp2TTC_segformer-b1-finetuned-ade-512-512/processed_videos/segformer_model-BConcave+hConcave+4300_flipped/org_segmentation
2025-07-26 22:17:39,723 - INFO - All collision results already exist for BConcave+hConcave+4300_flipped
2025-07-26 22:17:39,724 - DEBUG - Loaded collision time for BConcave+hConcave+4300_flipped at IoU 0.05: 4750.0
2025-07-26 22:17:39,727 - DEBUG - Loaded collision time for BConcave+hConcave+4300_flipped at IoU 0.1: 4950.0
2025-07-26 22:17:39,727 - DEBUG - Loaded collision time for BConcave+hConcave+4300_flipped at IoU 0.15: 5050.0
2025-07-26 22:17:39,728 - DEBUG - Loaded collision time for BConcave+hConcave+4300_flipped at IoU 0.2: 5233.333333333333
2025-07-26 22:17:39,729 - DEBUG - Loaded collision time for BConcave+hConcave+4300_flipped at IoU 0.25: nan
2025-07-26 22:17:39,730 - DEBUG - Loaded collision time for BConcave+hConcave+4300_flipped at IoU 0.3: nan
2025-07-26 22:17:39,731 - DEBUG - Loaded collision time for BConcave+hConcave+4300_flipped at IoU 0.35: nan
2025-07-26 22:17:39,732 - DEBUG - Loaded collision time for BConcave+hConcave+4300_flipped at IoU 0.4: nan
2025-07-26 22:17:39,733 - DEBUG - Loaded collision time for BConcave+hConcave+4300_flipped at IoU 0.45: nan
2025-07-26 22:17:39,733 - DEBUG - Loaded collision time for BConcave+hConcave+4300_flipped at IoU 0.5: nan
2025-07-26 22:17:39,734 - DEBUG - Loaded collision time for BConcave+hConcave+4300_flipped at IoU 0.55: nan
2025-07-26 22:17:39,735 - DEBUG - Loaded collision time for BConcave+hConcave+4300_flipped at IoU 0.6: nan
2025-07-26 22:17:39,736 - DEBUG - Loaded collision time for BConcave+hConcave+4300_flipped at IoU 0.65: nan
2025-07-26 22:17:39,737 - DEBUG - Loaded collision time for BConcave+hConcave+4300_flipped at IoU 0.7: nan
2025-07-26 22:17:39,738 - DEBUG - Loaded collision time for BConcave+hConcave+4300_flipped at IoU 0.75: nan
2025-07-26 22:17:39,738 - DEBUG - Loaded collision time for BConcave+hConcave+4300_flipped at IoU 0.8: nan
2025-07-26 22:17:39,739 - DEBUG - Loaded collision time for BConcave+hConcave+4300_flipped at IoU 0.85: nan
2025-07-26 22:17:39,740 - DEBUG - Loaded collision time for BConcave+hConcave+4300_flipped at IoU 0.9: nan
2025-07-26 22:17:39,741 - DEBUG - Loaded collision time for BConcave+hConcave+4300_flipped at IoU 0.95: nan
2025-07-26 22:17:39,741 - INFO - Processing video: BConcave+hConcave+4500
2025-07-26 22:17:39,743 - INFO - Video BConcave+hConcave+4500 already processed (found segformer_model-BConcave+hConcave+4500.mp4), skipping video processing...
2025-07-26 22:17:39,752 - INFO - VanillaSegmentationSaver initialized with output dir: /home/projects/bagon/andreyg/Projects/Object_reps_neural/Programming/hugging_face/model_experiments/segformer/exp2TTC_segformer-b1-finetuned-ade-512-512/processed_videos/segformer_model-BConcave+hConcave+4500/org_segmentation
2025-07-26 22:17:39,757 - INFO - All collision results already exist for BConcave+hConcave+4500
2025-07-26 22:17:39,758 - DEBUG - Loaded collision time for BConcave+hConcave+4500 at IoU 0.05: 5000.0
2025-07-26 22:17:39,758 - DEBUG - Loaded collision time for BConcave+hConcave+4500 at IoU 0.1: 5150.0
2025-07-26 22:17:39,759 - DEBUG - Loaded collision time for BConcave+hConcave+4500 at IoU 0.15: 5350.0
2025-07-26 22:17:39,760 - DEBUG - Loaded collision time for BConcave+hConcave+4500 at IoU 0.2: nan
2025-07-26 22:17:39,761 - DEBUG - Loaded collision time for BConcave+hConcave+4500 at IoU 0.25: nan
2025-07-26 22:17:39,762 - DEBUG - Loaded collision time for BConcave+hConcave+4500 at IoU 0.3: nan
2025-07-26 22:17:39,762 - DEBUG - Loaded collision time for BConcave+hConcave+4500 at IoU 0.35: nan
2025-07-26 22:17:39,763 - DEBUG - Loaded collision time for BConcave+hConcave+4500 at IoU 0.4: nan
2025-07-26 22:17:39,764 - DEBUG - Loaded collision time for BConcave+hConcave+4500 at IoU 0.45: nan
2025-07-26 22:17:39,765 - DEBUG - Loaded collision time for BConcave+hConcave+4500 at IoU 0.5: nan
2025-07-26 22:17:39,766 - DEBUG - Loaded collision time for BConcave+hConcave+4500 at IoU 0.55: nan
2025-07-26 22:17:39,766 - DEBUG - Loaded collision time for BConcave+hConcave+4500 at IoU 0.6: nan
2025-07-26 22:17:39,767 - DEBUG - Loaded collision time for BConcave+hConcave+4500 at IoU 0.65: nan
2025-07-26 22:17:39,768 - DEBUG - Loaded collision time for BConcave+hConcave+4500 at IoU 0.7: nan
2025-07-26 22:17:39,769 - DEBUG - Loaded collision time for BConcave+hConcave+4500 at IoU 0.75: nan
2025-07-26 22:17:39,770 - DEBUG - Loaded collision time for BConcave+hConcave+4500 at IoU 0.8: nan
2025-07-26 22:17:39,770 - DEBUG - Loaded collision time for BConcave+hConcave+4500 at IoU 0.85: nan
2025-07-26 22:17:39,771 - DEBUG - Loaded collision time for BConcave+hConcave+4500 at IoU 0.9: nan
2025-07-26 22:17:39,772 - DEBUG - Loaded collision time for BConcave+hConcave+4500 at IoU 0.95: nan
2025-07-26 22:17:39,772 - INFO - Processing video: BConcave+hConvex+3500
2025-07-26 22:17:39,774 - INFO - Video BConcave+hConvex+3500 already processed (found segformer_model-BConcave+hConvex+3500.mp4), skipping video processing...
2025-07-26 22:17:39,783 - INFO - VanillaSegmentationSaver initialized with output dir: /home/projects/bagon/andreyg/Projects/Object_reps_neural/Programming/hugging_face/model_experiments/segformer/exp2TTC_segformer-b1-finetuned-ade-512-512/processed_videos/segformer_model-BConcave+hConvex+3500/org_segmentation
2025-07-26 22:17:39,787 - INFO - All collision results already exist for BConcave+hConvex+3500
2025-07-26 22:17:39,788 - DEBUG - Loaded collision time for BConcave+hConvex+3500 at IoU 0.05: nan
2025-07-26 22:17:39,788 - DEBUG - Loaded collision time for BConcave+hConvex+3500 at IoU 0.1: nan
2025-07-26 22:17:39,789 - DEBUG - Loaded collision time for BConcave+hConvex+3500 at IoU 0.15: nan
2025-07-26 22:17:39,790 - DEBUG - Loaded collision time for BConcave+hConvex+3500 at IoU 0.2: nan
2025-07-26 22:17:39,791 - DEBUG - Loaded collision time for BConcave+hConvex+3500 at IoU 0.25: nan
2025-07-26 22:17:39,792 - DEBUG - Loaded collision time for BConcave+hConvex+3500 at IoU 0.3: nan
2025-07-26 22:17:39,792 - DEBUG - Loaded collision time for BConcave+hConvex+3500 at IoU 0.35: nan
2025-07-26 22:17:39,793 - DEBUG - Loaded collision time for BConcave+hConvex+3500 at IoU 0.4: nan
2025-07-26 22:17:39,794 - DEBUG - Loaded collision time for BConcave+hConvex+3500 at IoU 0.45: nan
2025-07-26 22:17:39,795 - DEBUG - Loaded collision time for BConcave+hConvex+3500 at IoU 0.5: nan
2025-07-26 22:17:39,796 - DEBUG - Loaded collision time for BConcave+hConvex+3500 at IoU 0.55: nan
2025-07-26 22:17:39,797 - DEBUG - Loaded collision time for BConcave+hConvex+3500 at IoU 0.6: nan
2025-07-26 22:17:39,797 - DEBUG - Loaded collision time for BConcave+hConvex+3500 at IoU 0.65: nan
2025-07-26 22:17:39,798 - DEBUG - Loaded collision time for BConcave+hConvex+3500 at IoU 0.7: nan
2025-07-26 22:17:39,799 - DEBUG - Loaded collision time for BConcave+hConvex+3500 at IoU 0.75: nan
2025-07-26 22:17:39,800 - DEBUG - Loaded collision time for BConcave+hConvex+3500 at IoU 0.8: nan
2025-07-26 22:17:39,801 - DEBUG - Loaded collision time for BConcave+hConvex+3500 at IoU 0.85: nan
2025-07-26 22:17:39,802 - DEBUG - Loaded collision time for BConcave+hConvex+3500 at IoU 0.9: nan
2025-07-26 22:17:39,802 - DEBUG - Loaded collision time for BConcave+hConvex+3500 at IoU 0.95: nan
2025-07-26 22:17:39,802 - INFO - Processing video: BConcave+hConvex+3700_flipped
2025-07-26 22:17:39,804 - INFO - Video BConcave+hConvex+3700_flipped already processed (found segformer_model-BConcave+hConvex+3700_flipped.mp4), skipping video processing...
2025-07-26 22:17:39,811 - INFO - VanillaSegmentationSaver initialized with output dir: /home/projects/bagon/andreyg/Projects/Object_reps_neural/Programming/hugging_face/model_experiments/segformer/exp2TTC_segformer-b1-finetuned-ade-512-512/processed_videos/segformer_model-BConcave+hConvex+3700_flipped/org_segmentation
2025-07-26 22:17:39,816 - INFO - All collision results already exist for BConcave+hConvex+3700_flipped
2025-07-26 22:17:39,817 - DEBUG - Loaded collision time for BConcave+hConvex+3700_flipped at IoU 0.05: 5300.0
2025-07-26 22:17:39,818 - DEBUG - Loaded collision time for BConcave+hConvex+3700_flipped at IoU 0.1: nan
2025-07-26 22:17:39,819 - DEBUG - Loaded collision time for BConcave+hConvex+3700_flipped at IoU 0.15: nan
2025-07-26 22:17:39,820 - DEBUG - Loaded collision time for BConcave+hConvex+3700_flipped at IoU 0.2: nan
2025-07-26 22:17:39,821 - DEBUG - Loaded collision time for BConcave+hConvex+3700_flipped at IoU 0.25: nan
2025-07-26 22:17:39,822 - DEBUG - Loaded collision time for BConcave+hConvex+3700_flipped at IoU 0.3: nan
2025-07-26 22:17:39,823 - DEBUG - Loaded collision time for BConcave+hConvex+3700_flipped at IoU 0.35: nan
2025-07-26 22:17:39,823 - DEBUG - Loaded collision time for BConcave+hConvex+3700_flipped at IoU 0.4: nan
2025-07-26 22:17:39,824 - DEBUG - Loaded collision time for BConcave+hConvex+3700_flipped at IoU 0.45: nan
2025-07-26 22:17:39,825 - DEBUG - Loaded collision time for BConcave+hConvex+3700_flipped at IoU 0.5: nan
2025-07-26 22:17:39,826 - DEBUG - Loaded collision time for BConcave+hConvex+3700_flipped at IoU 0.55: nan
2025-07-26 22:17:39,827 - DEBUG - Loaded collision time for BConcave+hConvex+3700_flipped at IoU 0.6: nan
2025-07-26 22:17:39,828 - DEBUG - Loaded collision time for BConcave+hConvex+3700_flipped at IoU 0.65: nan
2025-07-26 22:17:39,829 - DEBUG - Loaded collision time for BConcave+hConvex+3700_flipped at IoU 0.7: nan
2025-07-26 22:17:39,829 - DEBUG - Loaded collision time for BConcave+hConvex+3700_flipped at IoU 0.75: nan
2025-07-26 22:17:39,830 - DEBUG - Loaded collision time for BConcave+hConvex+3700_flipped at IoU 0.8: nan
2025-07-26 22:17:39,831 - DEBUG - Loaded collision time for BConcave+hConvex+3700_flipped at IoU 0.85: nan
2025-07-26 22:17:39,832 - DEBUG - Loaded collision time for BConcave+hConvex+3700_flipped at IoU 0.9: nan
2025-07-26 22:17:39,833 - DEBUG - Loaded collision time for BConcave+hConvex+3700_flipped at IoU 0.95: nan
2025-07-26 22:17:39,833 - INFO - Processing video: BConcave+hConvex+3900
2025-07-26 22:17:39,835 - INFO - Video BConcave+hConvex+3900 already processed (found segformer_model-BConcave+hConvex+3900.mp4), skipping video processing...
2025-07-26 22:17:39,843 - INFO - VanillaSegmentationSaver initialized with output dir: /home/projects/bagon/andreyg/Projects/Object_reps_neural/Programming/hugging_face/model_experiments/segformer/exp2TTC_segformer-b1-finetuned-ade-512-512/processed_videos/segformer_model-BConcave+hConvex+3900/org_segmentation
2025-07-26 22:17:39,847 - INFO - All collision results already exist for BConcave+hConvex+3900
2025-07-26 22:17:39,848 - DEBUG - Loaded collision time for BConcave+hConvex+3900 at IoU 0.05: nan
2025-07-26 22:17:39,849 - DEBUG - Loaded collision time for BConcave+hConvex+3900 at IoU 0.1: nan
2025-07-26 22:17:39,850 - DEBUG - Loaded collision time for BConcave+hConvex+3900 at IoU 0.15: nan
2025-07-26 22:17:39,851 - DEBUG - Loaded collision time for BConcave+hConvex+3900 at IoU 0.2: nan
2025-07-26 22:17:39,851 - DEBUG - Loaded collision time for BConcave+hConvex+3900 at IoU 0.25: nan
2025-07-26 22:17:39,852 - DEBUG - Loaded collision time for BConcave+hConvex+3900 at IoU 0.3: nan
2025-07-26 22:17:39,853 - DEBUG - Loaded collision time for BConcave+hConvex+3900 at IoU 0.35: nan
2025-07-26 22:17:39,854 - DEBUG - Loaded collision time for BConcave+hConvex+3900 at IoU 0.4: nan
2025-07-26 22:17:39,855 - DEBUG - Loaded collision time for BConcave+hConvex+3900 at IoU 0.45: nan
2025-07-26 22:17:39,856 - DEBUG - Loaded collision time for BConcave+hConvex+3900 at IoU 0.5: nan
2025-07-26 22:17:39,856 - DEBUG - Loaded collision time for BConcave+hConvex+3900 at IoU 0.55: nan
2025-07-26 22:17:39,857 - DEBUG - Loaded collision time for BConcave+hConvex+3900 at IoU 0.6: nan
2025-07-26 22:17:39,858 - DEBUG - Loaded collision time for BConcave+hConvex+3900 at IoU 0.65: nan
2025-07-26 22:17:39,859 - DEBUG - Loaded collision time for BConcave+hConvex+3900 at IoU 0.7: nan
2025-07-26 22:17:39,860 - DEBUG - Loaded collision time for BConcave+hConvex+3900 at IoU 0.75: nan
2025-07-26 22:17:39,860 - DEBUG - Loaded collision time for BConcave+hConvex+3900 at IoU 0.8: nan
2025-07-26 22:17:39,861 - DEBUG - Loaded collision time for BConcave+hConvex+3900 at IoU 0.85: nan
2025-07-26 22:17:39,862 - DEBUG - Loaded collision time for BConcave+hConvex+3900 at IoU 0.9: nan
2025-07-26 22:17:39,863 - DEBUG - Loaded collision time for BConcave+hConvex+3900 at IoU 0.95: nan
2025-07-26 22:17:39,863 - INFO - Processing video: BConcave+hConvex+4100_flipped
2025-07-26 22:17:39,865 - INFO - Video BConcave+hConvex+4100_flipped already processed (found segformer_model-BConcave+hConvex+4100_flipped.mp4), skipping video processing...
2025-07-26 22:17:39,873 - INFO - VanillaSegmentationSaver initialized with output dir: /home/projects/bagon/andreyg/Projects/Object_reps_neural/Programming/hugging_face/model_experiments/segformer/exp2TTC_segformer-b1-finetuned-ade-512-512/processed_videos/segformer_model-BConcave+hConvex+4100_flipped/org_segmentation
2025-07-26 22:17:39,877 - INFO - All collision results already exist for BConcave+hConvex+4100_flipped
2025-07-26 22:17:39,878 - DEBUG - Loaded collision time for BConcave+hConvex+4100_flipped at IoU 0.05: 5233.333333333333
2025-07-26 22:17:39,879 - DEBUG - Loaded collision time for BConcave+hConvex+4100_flipped at IoU 0.1: 5466.666666666667
2025-07-26 22:17:39,880 - DEBUG - Loaded collision time for BConcave+hConvex+4100_flipped at IoU 0.15: nan
2025-07-26 22:17:39,881 - DEBUG - Loaded collision time for BConcave+hConvex+4100_flipped at IoU 0.2: nan
2025-07-26 22:17:39,881 - DEBUG - Loaded collision time for BConcave+hConvex+4100_flipped at IoU 0.25: nan
2025-07-26 22:17:39,882 - DEBUG - Loaded collision time for BConcave+hConvex+4100_flipped at IoU 0.3: nan
2025-07-26 22:17:39,883 - DEBUG - Loaded collision time for BConcave+hConvex+4100_flipped at IoU 0.35: nan
2025-07-26 22:17:39,884 - DEBUG - Loaded collision time for BConcave+hConvex+4100_flipped at IoU 0.4: nan
2025-07-26 22:17:39,885 - DEBUG - Loaded collision time for BConcave+hConvex+4100_flipped at IoU 0.45: nan
2025-07-26 22:17:39,886 - DEBUG - Loaded collision time for BConcave+hConvex+4100_flipped at IoU 0.5: nan
2025-07-26 22:17:39,887 - DEBUG - Loaded collision time for BConcave+hConvex+4100_flipped at IoU 0.55: nan
2025-07-26 22:17:39,887 - DEBUG - Loaded collision time for BConcave+hConvex+4100_flipped at IoU 0.6: nan
2025-07-26 22:17:39,888 - DEBUG - Loaded collision time for BConcave+hConvex+4100_flipped at IoU 0.65: nan
2025-07-26 22:17:39,889 - DEBUG - Loaded collision time for BConcave+hConvex+4100_flipped at IoU 0.7: nan
2025-07-26 22:17:39,890 - DEBUG - Loaded collision time for BConcave+hConvex+4100_flipped at IoU 0.75: nan
2025-07-26 22:17:39,891 - DEBUG - Loaded collision time for BConcave+hConvex+4100_flipped at IoU 0.8: nan
2025-07-26 22:17:39,892 - DEBUG - Loaded collision time for BConcave+hConvex+4100_flipped at IoU 0.85: nan
2025-07-26 22:17:39,893 - DEBUG - Loaded collision time for BConcave+hConvex+4100_flipped at IoU 0.9: nan
2025-07-26 22:17:39,893 - DEBUG - Loaded collision time for BConcave+hConvex+4100_flipped at IoU 0.95: nan
2025-07-26 22:17:39,893 - INFO - Processing video: BConcave+hConvex+4300
2025-07-26 22:17:39,895 - INFO - Video BConcave+hConvex+4300 already processed (found segformer_model-BConcave+hConvex+4300.mp4), skipping video processing...
2025-07-26 22:17:39,904 - INFO - VanillaSegmentationSaver initialized with output dir: /home/projects/bagon/andreyg/Projects/Object_reps_neural/Programming/hugging_face/model_experiments/segformer/exp2TTC_segformer-b1-finetuned-ade-512-512/processed_videos/segformer_model-BConcave+hConvex+4300/org_segmentation
2025-07-26 22:17:39,909 - INFO - All collision results already exist for BConcave+hConvex+4300
2025-07-26 22:17:39,910 - DEBUG - Loaded collision time for BConcave+hConvex+4300 at IoU 0.05: nan
2025-07-26 22:17:39,911 - DEBUG - Loaded collision time for BConcave+hConvex+4300 at IoU 0.1: nan
2025-07-26 22:17:39,912 - DEBUG - Loaded collision time for BConcave+hConvex+4300 at IoU 0.15: nan
2025-07-26 22:17:39,913 - DEBUG - Loaded collision time for BConcave+hConvex+4300 at IoU 0.2: nan
2025-07-26 22:17:39,914 - DEBUG - Loaded collision time for BConcave+hConvex+4300 at IoU 0.25: nan
2025-07-26 22:17:39,914 - DEBUG - Loaded collision time for BConcave+hConvex+4300 at IoU 0.3: nan
2025-07-26 22:17:39,915 - DEBUG - Loaded collision time for BConcave+hConvex+4300 at IoU 0.35: nan
2025-07-26 22:17:39,916 - DEBUG - Loaded collision time for BConcave+hConvex+4300 at IoU 0.4: nan
2025-07-26 22:17:39,917 - DEBUG - Loaded collision time for BConcave+hConvex+4300 at IoU 0.45: nan
2025-07-26 22:17:39,918 - DEBUG - Loaded collision time for BConcave+hConvex+4300 at IoU 0.5: nan
2025-07-26 22:17:39,919 - DEBUG - Loaded collision time for BConcave+hConvex+4300 at IoU 0.55: nan
2025-07-26 22:17:39,920 - DEBUG - Loaded collision time for BConcave+hConvex+4300 at IoU 0.6: nan
2025-07-26 22:17:39,920 - DEBUG - Loaded collision time for BConcave+hConvex+4300 at IoU 0.65: nan
2025-07-26 22:17:39,921 - DEBUG - Loaded collision time for BConcave+hConvex+4300 at IoU 0.7: nan
2025-07-26 22:17:39,922 - DEBUG - Loaded collision time for BConcave+hConvex+4300 at IoU 0.75: nan
2025-07-26 22:17:39,923 - DEBUG - Loaded collision time for BConcave+hConvex+4300 at IoU 0.8: nan
2025-07-26 22:17:39,924 - DEBUG - Loaded collision time for BConcave+hConvex+4300 at IoU 0.85: nan
2025-07-26 22:17:39,924 - DEBUG - Loaded collision time for BConcave+hConvex+4300 at IoU 0.9: nan
2025-07-26 22:17:39,925 - DEBUG - Loaded collision time for BConcave+hConvex+4300 at IoU 0.95: nan
2025-07-26 22:17:39,925 - INFO - Processing video: BConcave+hConvex+4500_flipped
2025-07-26 22:17:39,927 - INFO - Video BConcave+hConvex+4500_flipped already processed (found segformer_model-BConcave+hConvex+4500_flipped.mp4), skipping video processing...
2025-07-26 22:17:39,935 - INFO - VanillaSegmentationSaver initialized with output dir: /home/projects/bagon/andreyg/Projects/Object_reps_neural/Programming/hugging_face/model_experiments/segformer/exp2TTC_segformer-b1-finetuned-ade-512-512/processed_videos/segformer_model-BConcave+hConvex+4500_flipped/org_segmentation
2025-07-26 22:17:39,939 - INFO - All collision results already exist for BConcave+hConvex+4500_flipped
2025-07-26 22:17:39,940 - DEBUG - Loaded collision time for BConcave+hConvex+4500_flipped at IoU 0.05: 5250.0
2025-07-26 22:17:39,941 - DEBUG - Loaded collision time for BConcave+hConvex+4500_flipped at IoU 0.1: nan
2025-07-26 22:17:39,942 - DEBUG - Loaded collision time for BConcave+hConvex+4500_flipped at IoU 0.15: nan
2025-07-26 22:17:39,943 - DEBUG - Loaded collision time for BConcave+hConvex+4500_flipped at IoU 0.2: nan
2025-07-26 22:17:39,944 - DEBUG - Loaded collision time for BConcave+hConvex+4500_flipped at IoU 0.25: nan
2025-07-26 22:17:39,945 - DEBUG - Loaded collision time for BConcave+hConvex+4500_flipped at IoU 0.3: nan
2025-07-26 22:17:39,945 - DEBUG - Loaded collision time for BConcave+hConvex+4500_flipped at IoU 0.35: nan
2025-07-26 22:17:39,946 - DEBUG - Loaded collision time for BConcave+hConvex+4500_flipped at IoU 0.4: nan
2025-07-26 22:17:39,947 - DEBUG - Loaded collision time for BConcave+hConvex+4500_flipped at IoU 0.45: nan
2025-07-26 22:17:39,948 - DEBUG - Loaded collision time for BConcave+hConvex+4500_flipped at IoU 0.5: nan
2025-07-26 22:17:39,949 - DEBUG - Loaded collision time for BConcave+hConvex+4500_flipped at IoU 0.55: nan
2025-07-26 22:17:39,950 - DEBUG - Loaded collision time for BConcave+hConvex+4500_flipped at IoU 0.6: nan
2025-07-26 22:17:39,951 - DEBUG - Loaded collision time for BConcave+hConvex+4500_flipped at IoU 0.65: nan
2025-07-26 22:17:39,951 - DEBUG - Loaded collision time for BConcave+hConvex+4500_flipped at IoU 0.7: nan
2025-07-26 22:17:39,952 - DEBUG - Loaded collision time for BConcave+hConvex+4500_flipped at IoU 0.75: nan
2025-07-26 22:17:39,953 - DEBUG - Loaded collision time for BConcave+hConvex+4500_flipped at IoU 0.8: nan
2025-07-26 22:17:39,954 - DEBUG - Loaded collision time for BConcave+hConvex+4500_flipped at IoU 0.85: nan
2025-07-26 22:17:39,955 - DEBUG - Loaded collision time for BConcave+hConvex+4500_flipped at IoU 0.9: nan
2025-07-26 22:17:39,956 - DEBUG - Loaded collision time for BConcave+hConvex+4500_flipped at IoU 0.95: nan
2025-07-26 22:17:39,956 - INFO - Processing video: squareA+squareP+4433+L
2025-07-26 22:17:39,957 - INFO - Video squareA+squareP+4433+L already processed (found segformer_model-squareA+squareP+4433+L.mp4), skipping video processing...
2025-07-26 22:17:39,966 - INFO - VanillaSegmentationSaver initialized with output dir: /home/projects/bagon/andreyg/Projects/Object_reps_neural/Programming/hugging_face/model_experiments/segformer/exp2TTC_segformer-b1-finetuned-ade-512-512/processed_videos/segformer_model-squareA+squareP+4433+L/org_segmentation
2025-07-26 22:17:39,970 - INFO - All collision results already exist for squareA+squareP+4433+L
2025-07-26 22:17:39,971 - DEBUG - Loaded collision time for squareA+squareP+4433+L at IoU 0.05: 4583.333333333333
2025-07-26 22:17:39,972 - DEBUG - Loaded collision time for squareA+squareP+4433+L at IoU 0.1: 4666.666666666667
2025-07-26 22:17:39,973 - DEBUG - Loaded collision time for squareA+squareP+4433+L at IoU 0.15: 4733.333333333333
2025-07-26 22:17:39,974 - DEBUG - Loaded collision time for squareA+squareP+4433+L at IoU 0.2: 4783.333333333333
2025-07-26 22:17:39,975 - DEBUG - Loaded collision time for squareA+squareP+4433+L at IoU 0.25: 4850.0
2025-07-26 22:17:39,976 - DEBUG - Loaded collision time for squareA+squareP+4433+L at IoU 0.3: 4916.666666666667
2025-07-26 22:17:39,976 - DEBUG - Loaded collision time for squareA+squareP+4433+L at IoU 0.35: 4950.0
2025-07-26 22:17:39,977 - DEBUG - Loaded collision time for squareA+squareP+4433+L at IoU 0.4: 5000.0
2025-07-26 22:17:39,978 - DEBUG - Loaded collision time for squareA+squareP+4433+L at IoU 0.45: 5050.0
2025-07-26 22:17:39,979 - DEBUG - Loaded collision time for squareA+squareP+4433+L at IoU 0.5: 5100.0
2025-07-26 22:17:39,980 - DEBUG - Loaded collision time for squareA+squareP+4433+L at IoU 0.55: 5116.666666666666
2025-07-26 22:17:39,981 - DEBUG - Loaded collision time for squareA+squareP+4433+L at IoU 0.6: 5150.0
2025-07-26 22:17:39,982 - DEBUG - Loaded collision time for squareA+squareP+4433+L at IoU 0.65: 5183.333333333334
2025-07-26 22:17:39,982 - DEBUG - Loaded collision time for squareA+squareP+4433+L at IoU 0.7: 5216.666666666667
2025-07-26 22:17:39,983 - DEBUG - Loaded collision time for squareA+squareP+4433+L at IoU 0.75: 5300.0
2025-07-26 22:17:39,984 - DEBUG - Loaded collision time for squareA+squareP+4433+L at IoU 0.8: 5316.666666666666
2025-07-26 22:17:39,985 - DEBUG - Loaded collision time for squareA+squareP+4433+L at IoU 0.85: 5316.666666666666
2025-07-26 22:17:39,986 - DEBUG - Loaded collision time for squareA+squareP+4433+L at IoU 0.9: nan
2025-07-26 22:17:39,986 - DEBUG - Loaded collision time for squareA+squareP+4433+L at IoU 0.95: nan
2025-07-26 22:17:39,986 - INFO - Processing video: squareA+squareP+4433+R_flipped
2025-07-26 22:17:39,988 - INFO - Video squareA+squareP+4433+R_flipped already processed (found segformer_model-squareA+squareP+4433+R_flipped.mp4), skipping video processing...
2025-07-26 22:17:39,997 - INFO - VanillaSegmentationSaver initialized with output dir: /home/projects/bagon/andreyg/Projects/Object_reps_neural/Programming/hugging_face/model_experiments/segformer/exp2TTC_segformer-b1-finetuned-ade-512-512/processed_videos/segformer_model-squareA+squareP+4433+R_flipped/org_segmentation
2025-07-26 22:17:40,001 - INFO - All collision results already exist for squareA+squareP+4433+R_flipped
2025-07-26 22:17:40,002 - DEBUG - Loaded collision time for squareA+squareP+4433+R_flipped at IoU 0.05: 4600.0
2025-07-26 22:17:40,003 - DEBUG - Loaded collision time for squareA+squareP+4433+R_flipped at IoU 0.1: 4700.0
2025-07-26 22:17:40,004 - DEBUG - Loaded collision time for squareA+squareP+4433+R_flipped at IoU 0.15: 4733.333333333333
2025-07-26 22:17:40,005 - DEBUG - Loaded collision time for squareA+squareP+4433+R_flipped at IoU 0.2: 4833.333333333333
2025-07-26 22:17:40,006 - DEBUG - Loaded collision time for squareA+squareP+4433+R_flipped at IoU 0.25: 4900.0
2025-07-26 22:17:40,007 - DEBUG - Loaded collision time for squareA+squareP+4433+R_flipped at IoU 0.3: 4916.666666666667
2025-07-26 22:17:40,008 - DEBUG - Loaded collision time for squareA+squareP+4433+R_flipped at IoU 0.35: 4916.666666666667
2025-07-26 22:17:40,008 - DEBUG - Loaded collision time for squareA+squareP+4433+R_flipped at IoU 0.4: 5033.333333333333
2025-07-26 22:17:40,009 - DEBUG - Loaded collision time for squareA+squareP+4433+R_flipped at IoU 0.45: 5083.333333333333
2025-07-26 22:17:40,010 - DEBUG - Loaded collision time for squareA+squareP+4433+R_flipped at IoU 0.5: 5116.666666666666
2025-07-26 22:17:40,011 - DEBUG - Loaded collision time for squareA+squareP+4433+R_flipped at IoU 0.55: 5116.666666666666
2025-07-26 22:17:40,012 - DEBUG - Loaded collision time for squareA+squareP+4433+R_flipped at IoU 0.6: 5200.0
2025-07-26 22:17:40,013 - DEBUG - Loaded collision time for squareA+squareP+4433+R_flipped at IoU 0.65: 5216.666666666667
2025-07-26 22:17:40,014 - DEBUG - Loaded collision time for squareA+squareP+4433+R_flipped at IoU 0.7: 5266.666666666667
2025-07-26 22:17:40,015 - DEBUG - Loaded collision time for squareA+squareP+4433+R_flipped at IoU 0.75: 5283.333333333333
2025-07-26 22:17:40,015 - DEBUG - Loaded collision time for squareA+squareP+4433+R_flipped at IoU 0.8: 5283.333333333333
2025-07-26 22:17:40,016 - DEBUG - Loaded collision time for squareA+squareP+4433+R_flipped at IoU 0.85: 5300.0
2025-07-26 22:17:40,017 - DEBUG - Loaded collision time for squareA+squareP+4433+R_flipped at IoU 0.9: nan
2025-07-26 22:17:40,018 - DEBUG - Loaded collision time for squareA+squareP+4433+R_flipped at IoU 0.95: nan
2025-07-26 22:17:40,018 - INFO - Collecting collision data from all videos for analysis...
2025-07-26 22:17:40,019 - DEBUG - Collected collision time for AConcave_FConcave at IoU 0.05: 4383.333333333334
2025-07-26 22:17:40,019 - DEBUG - Collected collision time for AConcave_FConcave at IoU 0.1: nan
2025-07-26 22:17:40,019 - DEBUG - Collected collision time for AConcave_FConcave at IoU 0.15: nan
2025-07-26 22:17:40,019 - DEBUG - Collected collision time for AConcave_FConcave at IoU 0.2: nan
2025-07-26 22:17:40,020 - DEBUG - Collected collision time for AConcave_FConcave at IoU 0.25: nan
2025-07-26 22:17:40,020 - DEBUG - Collected collision time for AConcave_FConcave at IoU 0.3: nan
2025-07-26 22:17:40,020 - DEBUG - Collected collision time for AConcave_FConcave at IoU 0.35: nan
2025-07-26 22:17:40,021 - DEBUG - Collected collision time for AConcave_FConcave at IoU 0.4: nan
2025-07-26 22:17:40,021 - DEBUG - Collected collision time for AConcave_FConcave at IoU 0.45: nan
2025-07-26 22:17:40,021 - DEBUG - Collected collision time for AConcave_FConcave at IoU 0.5: nan
2025-07-26 22:17:40,021 - DEBUG - Collected collision time for AConcave_FConcave at IoU 0.55: nan
2025-07-26 22:17:40,022 - DEBUG - Collected collision time for AConcave_FConcave at IoU 0.6: nan
2025-07-26 22:17:40,022 - DEBUG - Collected collision time for AConcave_FConcave at IoU 0.65: nan
2025-07-26 22:17:40,022 - DEBUG - Collected collision time for AConcave_FConcave at IoU 0.7: nan
2025-07-26 22:17:40,022 - DEBUG - Collected collision time for AConcave_FConcave at IoU 0.75: nan
2025-07-26 22:17:40,023 - DEBUG - Collected collision time for AConcave_FConcave at IoU 0.8: nan
2025-07-26 22:17:40,023 - DEBUG - Collected collision time for AConcave_FConcave at IoU 0.85: nan
2025-07-26 22:17:40,023 - DEBUG - Collected collision time for AConcave_FConcave at IoU 0.9: nan
2025-07-26 22:17:40,024 - DEBUG - Collected collision time for AConcave_FConcave at IoU 0.95: nan
2025-07-26 22:17:40,024 - DEBUG - Collected collision time for BConcave+AConcave+3500 at IoU 0.05: 4100.0
2025-07-26 22:17:40,024 - DEBUG - Collected collision time for BConcave+AConcave+3500 at IoU 0.1: 4183.333333333334
2025-07-26 22:17:40,024 - DEBUG - Collected collision time for BConcave+AConcave+3500 at IoU 0.15: 4250.0
2025-07-26 22:17:40,025 - DEBUG - Collected collision time for BConcave+AConcave+3500 at IoU 0.2: 4316.666666666666
2025-07-26 22:17:40,025 - DEBUG - Collected collision time for BConcave+AConcave+3500 at IoU 0.25: 4383.333333333334
2025-07-26 22:17:40,025 - DEBUG - Collected collision time for BConcave+AConcave+3500 at IoU 0.3: 4433.333333333334
2025-07-26 22:17:40,025 - DEBUG - Collected collision time for BConcave+AConcave+3500 at IoU 0.35: 4483.333333333333
2025-07-26 22:17:40,026 - DEBUG - Collected collision time for BConcave+AConcave+3500 at IoU 0.4: 4533.333333333333
2025-07-26 22:17:40,026 - DEBUG - Collected collision time for BConcave+AConcave+3500 at IoU 0.45: nan
2025-07-26 22:17:40,026 - DEBUG - Collected collision time for BConcave+AConcave+3500 at IoU 0.5: nan
2025-07-26 22:17:40,026 - DEBUG - Collected collision time for BConcave+AConcave+3500 at IoU 0.55: nan
2025-07-26 22:17:40,027 - DEBUG - Collected collision time for BConcave+AConcave+3500 at IoU 0.6: nan
2025-07-26 22:17:40,027 - DEBUG - Collected collision time for BConcave+AConcave+3500 at IoU 0.65: nan
2025-07-26 22:17:40,027 - DEBUG - Collected collision time for BConcave+AConcave+3500 at IoU 0.7: nan
2025-07-26 22:17:40,027 - DEBUG - Collected collision time for BConcave+AConcave+3500 at IoU 0.75: nan
2025-07-26 22:17:40,028 - DEBUG - Collected collision time for BConcave+AConcave+3500 at IoU 0.8: nan
2025-07-26 22:17:40,028 - DEBUG - Collected collision time for BConcave+AConcave+3500 at IoU 0.85: nan
2025-07-26 22:17:40,028 - DEBUG - Collected collision time for BConcave+AConcave+3500 at IoU 0.9: nan
2025-07-26 22:17:40,028 - DEBUG - Collected collision time for BConcave+AConcave+3500 at IoU 0.95: nan
2025-07-26 22:17:40,029 - DEBUG - Collected collision time for BConcave+AConcave+3700_flipped at IoU 0.05: nan
2025-07-26 22:17:40,029 - DEBUG - Collected collision time for BConcave+AConcave+3700_flipped at IoU 0.1: nan
2025-07-26 22:17:40,029 - DEBUG - Collected collision time for BConcave+AConcave+3700_flipped at IoU 0.15: nan
2025-07-26 22:17:40,030 - DEBUG - Collected collision time for BConcave+AConcave+3700_flipped at IoU 0.2: nan
2025-07-26 22:17:40,030 - DEBUG - Collected collision time for BConcave+AConcave+3700_flipped at IoU 0.25: nan
2025-07-26 22:17:40,030 - DEBUG - Collected collision time for BConcave+AConcave+3700_flipped at IoU 0.3: nan
2025-07-26 22:17:40,030 - DEBUG - Collected collision time for BConcave+AConcave+3700_flipped at IoU 0.35: nan
2025-07-26 22:17:40,031 - DEBUG - Collected collision time for BConcave+AConcave+3700_flipped at IoU 0.4: nan
2025-07-26 22:17:40,031 - DEBUG - Collected collision time for BConcave+AConcave+3700_flipped at IoU 0.45: nan
2025-07-26 22:17:40,031 - DEBUG - Collected collision time for BConcave+AConcave+3700_flipped at IoU 0.5: nan
2025-07-26 22:17:40,032 - DEBUG - Collected collision time for BConcave+AConcave+3700_flipped at IoU 0.55: nan
2025-07-26 22:17:40,032 - DEBUG - Collected collision time for BConcave+AConcave+3700_flipped at IoU 0.6: nan
2025-07-26 22:17:40,032 - DEBUG - Collected collision time for BConcave+AConcave+3700_flipped at IoU 0.65: nan
2025-07-26 22:17:40,032 - DEBUG - Collected collision time for BConcave+AConcave+3700_flipped at IoU 0.7: nan
2025-07-26 22:17:40,032 - DEBUG - Collected collision time for BConcave+AConcave+3700_flipped at IoU 0.75: nan
2025-07-26 22:17:40,033 - DEBUG - Collected collision time for BConcave+AConcave+3700_flipped at IoU 0.8: nan
2025-07-26 22:17:40,033 - DEBUG - Collected collision time for BConcave+AConcave+3700_flipped at IoU 0.85: nan
2025-07-26 22:17:40,033 - DEBUG - Collected collision time for BConcave+AConcave+3700_flipped at IoU 0.9: nan
2025-07-26 22:17:40,034 - DEBUG - Collected collision time for BConcave+AConcave+3700_flipped at IoU 0.95: nan
2025-07-26 22:17:40,034 - DEBUG - Collected collision time for BConcave+AConcave+3900 at IoU 0.05: nan
2025-07-26 22:17:40,034 - DEBUG - Collected collision time for BConcave+AConcave+3900 at IoU 0.1: nan
2025-07-26 22:17:40,034 - DEBUG - Collected collision time for BConcave+AConcave+3900 at IoU 0.15: nan
2025-07-26 22:17:40,035 - DEBUG - Collected collision time for BConcave+AConcave+3900 at IoU 0.2: nan
2025-07-26 22:17:40,035 - DEBUG - Collected collision time for BConcave+AConcave+3900 at IoU 0.25: nan
2025-07-26 22:17:40,035 - DEBUG - Collected collision time for BConcave+AConcave+3900 at IoU 0.3: nan
2025-07-26 22:17:40,035 - DEBUG - Collected collision time for BConcave+AConcave+3900 at IoU 0.35: nan
2025-07-26 22:17:40,036 - DEBUG - Collected collision time for BConcave+AConcave+3900 at IoU 0.4: nan
2025-07-26 22:17:40,036 - DEBUG - Collected collision time for BConcave+AConcave+3900 at IoU 0.45: nan
2025-07-26 22:17:40,036 - DEBUG - Collected collision time for BConcave+AConcave+3900 at IoU 0.5: nan
2025-07-26 22:17:40,037 - DEBUG - Collected collision time for BConcave+AConcave+3900 at IoU 0.55: nan
2025-07-26 22:17:40,037 - DEBUG - Collected collision time for BConcave+AConcave+3900 at IoU 0.6: nan
2025-07-26 22:17:40,037 - DEBUG - Collected collision time for BConcave+AConcave+3900 at IoU 0.65: nan
2025-07-26 22:17:40,037 - DEBUG - Collected collision time for BConcave+AConcave+3900 at IoU 0.7: nan
2025-07-26 22:17:40,038 - DEBUG - Collected collision time for BConcave+AConcave+3900 at IoU 0.75: nan
2025-07-26 22:17:40,038 - DEBUG - Collected collision time for BConcave+AConcave+3900 at IoU 0.8: nan
2025-07-26 22:17:40,038 - DEBUG - Collected collision time for BConcave+AConcave+3900 at IoU 0.85: nan
2025-07-26 22:17:40,038 - DEBUG - Collected collision time for BConcave+AConcave+3900 at IoU 0.9: nan
2025-07-26 22:17:40,039 - DEBUG - Collected collision time for BConcave+AConcave+3900 at IoU 0.95: nan
2025-07-26 22:17:40,039 - DEBUG - Collected collision time for BConcave+AConcave+4100_flipped at IoU 0.05: 4466.666666666667
2025-07-26 22:17:40,039 - DEBUG - Collected collision time for BConcave+AConcave+4100_flipped at IoU 0.1: 4566.666666666666
2025-07-26 22:17:40,040 - DEBUG - Collected collision time for BConcave+AConcave+4100_flipped at IoU 0.15: nan
2025-07-26 22:17:40,040 - DEBUG - Collected collision time for BConcave+AConcave+4100_flipped at IoU 0.2: nan
2025-07-26 22:17:40,040 - DEBUG - Collected collision time for BConcave+AConcave+4100_flipped at IoU 0.25: nan
2025-07-26 22:17:40,040 - DEBUG - Collected collision time for BConcave+AConcave+4100_flipped at IoU 0.3: nan
2025-07-26 22:17:40,040 - DEBUG - Collected collision time for BConcave+AConcave+4100_flipped at IoU 0.35: nan
2025-07-26 22:17:40,041 - DEBUG - Collected collision time for BConcave+AConcave+4100_flipped at IoU 0.4: nan
2025-07-26 22:17:40,041 - DEBUG - Collected collision time for BConcave+AConcave+4100_flipped at IoU 0.45: nan
2025-07-26 22:17:40,041 - DEBUG - Collected collision time for BConcave+AConcave+4100_flipped at IoU 0.5: nan
2025-07-26 22:17:40,042 - DEBUG - Collected collision time for BConcave+AConcave+4100_flipped at IoU 0.55: nan
2025-07-26 22:17:40,042 - DEBUG - Collected collision time for BConcave+AConcave+4100_flipped at IoU 0.6: nan
2025-07-26 22:17:40,042 - DEBUG - Collected collision time for BConcave+AConcave+4100_flipped at IoU 0.65: nan
2025-07-26 22:17:40,042 - DEBUG - Collected collision time for BConcave+AConcave+4100_flipped at IoU 0.7: nan
2025-07-26 22:17:40,043 - DEBUG - Collected collision time for BConcave+AConcave+4100_flipped at IoU 0.75: nan
2025-07-26 22:17:40,043 - DEBUG - Collected collision time for BConcave+AConcave+4100_flipped at IoU 0.8: nan
2025-07-26 22:17:40,043 - DEBUG - Collected collision time for BConcave+AConcave+4100_flipped at IoU 0.85: nan
2025-07-26 22:17:40,043 - DEBUG - Collected collision time for BConcave+AConcave+4100_flipped at IoU 0.9: nan
2025-07-26 22:17:40,044 - DEBUG - Collected collision time for BConcave+AConcave+4100_flipped at IoU 0.95: nan
2025-07-26 22:17:40,044 - DEBUG - Collected collision time for BConcave+AConcave+4300 at IoU 0.05: nan
2025-07-26 22:17:40,044 - DEBUG - Collected collision time for BConcave+AConcave+4300 at IoU 0.1: nan
2025-07-26 22:17:40,044 - DEBUG - Collected collision time for BConcave+AConcave+4300 at IoU 0.15: nan
2025-07-26 22:17:40,045 - DEBUG - Collected collision time for BConcave+AConcave+4300 at IoU 0.2: nan
2025-07-26 22:17:40,045 - DEBUG - Collected collision time for BConcave+AConcave+4300 at IoU 0.25: nan
2025-07-26 22:17:40,045 - DEBUG - Collected collision time for BConcave+AConcave+4300 at IoU 0.3: nan
2025-07-26 22:17:40,045 - DEBUG - Collected collision time for BConcave+AConcave+4300 at IoU 0.35: nan
2025-07-26 22:17:40,046 - DEBUG - Collected collision time for BConcave+AConcave+4300 at IoU 0.4: nan
2025-07-26 22:17:40,046 - DEBUG - Collected collision time for BConcave+AConcave+4300 at IoU 0.45: nan
2025-07-26 22:17:40,046 - DEBUG - Collected collision time for BConcave+AConcave+4300 at IoU 0.5: nan
2025-07-26 22:17:40,046 - DEBUG - Collected collision time for BConcave+AConcave+4300 at IoU 0.55: nan
2025-07-26 22:17:40,047 - DEBUG - Collected collision time for BConcave+AConcave+4300 at IoU 0.6: nan
2025-07-26 22:17:40,047 - DEBUG - Collected collision time for BConcave+AConcave+4300 at IoU 0.65: nan
2025-07-26 22:17:40,047 - DEBUG - Collected collision time for BConcave+AConcave+4300 at IoU 0.7: nan
2025-07-26 22:17:40,047 - DEBUG - Collected collision time for BConcave+AConcave+4300 at IoU 0.75: nan
2025-07-26 22:17:40,048 - DEBUG - Collected collision time for BConcave+AConcave+4300 at IoU 0.8: nan
2025-07-26 22:17:40,048 - DEBUG - Collected collision time for BConcave+AConcave+4300 at IoU 0.85: nan
2025-07-26 22:17:40,048 - DEBUG - Collected collision time for BConcave+AConcave+4300 at IoU 0.9: nan
2025-07-26 22:17:40,049 - DEBUG - Collected collision time for BConcave+AConcave+4300 at IoU 0.95: nan
2025-07-26 22:17:40,049 - DEBUG - Collected collision time for BConcave+AConcave+4500_flipped at IoU 0.05: nan
2025-07-26 22:17:40,049 - DEBUG - Collected collision time for BConcave+AConcave+4500_flipped at IoU 0.1: nan
2025-07-26 22:17:40,049 - DEBUG - Collected collision time for BConcave+AConcave+4500_flipped at IoU 0.15: nan
2025-07-26 22:17:40,050 - DEBUG - Collected collision time for BConcave+AConcave+4500_flipped at IoU 0.2: nan
2025-07-26 22:17:40,050 - DEBUG - Collected collision time for BConcave+AConcave+4500_flipped at IoU 0.25: nan
2025-07-26 22:17:40,050 - DEBUG - Collected collision time for BConcave+AConcave+4500_flipped at IoU 0.3: nan
2025-07-26 22:17:40,050 - DEBUG - Collected collision time for BConcave+AConcave+4500_flipped at IoU 0.35: nan
2025-07-26 22:17:40,051 - DEBUG - Collected collision time for BConcave+AConcave+4500_flipped at IoU 0.4: nan
2025-07-26 22:17:40,051 - DEBUG - Collected collision time for BConcave+AConcave+4500_flipped at IoU 0.45: nan
2025-07-26 22:17:40,051 - DEBUG - Collected collision time for BConcave+AConcave+4500_flipped at IoU 0.5: nan
2025-07-26 22:17:40,051 - DEBUG - Collected collision time for BConcave+AConcave+4500_flipped at IoU 0.55: nan
2025-07-26 22:17:40,051 - DEBUG - Collected collision time for BConcave+AConcave+4500_flipped at IoU 0.6: nan
2025-07-26 22:17:40,052 - DEBUG - Collected collision time for BConcave+AConcave+4500_flipped at IoU 0.65: nan
2025-07-26 22:17:40,052 - DEBUG - Collected collision time for BConcave+AConcave+4500_flipped at IoU 0.7: nan
2025-07-26 22:17:40,052 - DEBUG - Collected collision time for BConcave+AConcave+4500_flipped at IoU 0.75: nan
2025-07-26 22:17:40,052 - DEBUG - Collected collision time for BConcave+AConcave+4500_flipped at IoU 0.8: nan
2025-07-26 22:17:40,053 - DEBUG - Collected collision time for BConcave+AConcave+4500_flipped at IoU 0.85: nan
2025-07-26 22:17:40,053 - DEBUG - Collected collision time for BConcave+AConcave+4500_flipped at IoU 0.9: nan
2025-07-26 22:17:40,053 - DEBUG - Collected collision time for BConcave+AConcave+4500_flipped at IoU 0.95: nan
2025-07-26 22:17:40,053 - DEBUG - Collected collision time for BConcave+AConvex+3500_flipped at IoU 0.05: nan
2025-07-26 22:17:40,054 - DEBUG - Collected collision time for BConcave+AConvex+3500_flipped at IoU 0.1: nan
2025-07-26 22:17:40,054 - DEBUG - Collected collision time for BConcave+AConvex+3500_flipped at IoU 0.15: nan
2025-07-26 22:17:40,054 - DEBUG - Collected collision time for BConcave+AConvex+3500_flipped at IoU 0.2: nan
2025-07-26 22:17:40,055 - DEBUG - Collected collision time for BConcave+AConvex+3500_flipped at IoU 0.25: nan
2025-07-26 22:17:40,055 - DEBUG - Collected collision time for BConcave+AConvex+3500_flipped at IoU 0.3: nan
2025-07-26 22:17:40,055 - DEBUG - Collected collision time for BConcave+AConvex+3500_flipped at IoU 0.35: nan
2025-07-26 22:17:40,055 - DEBUG - Collected collision time for BConcave+AConvex+3500_flipped at IoU 0.4: nan
2025-07-26 22:17:40,055 - DEBUG - Collected collision time for BConcave+AConvex+3500_flipped at IoU 0.45: nan
2025-07-26 22:17:40,056 - DEBUG - Collected collision time for BConcave+AConvex+3500_flipped at IoU 0.5: nan
2025-07-26 22:17:40,056 - DEBUG - Collected collision time for BConcave+AConvex+3500_flipped at IoU 0.55: nan
2025-07-26 22:17:40,056 - DEBUG - Collected collision time for BConcave+AConvex+3500_flipped at IoU 0.6: nan
2025-07-26 22:17:40,056 - DEBUG - Collected collision time for BConcave+AConvex+3500_flipped at IoU 0.65: nan
2025-07-26 22:17:40,057 - DEBUG - Collected collision time for BConcave+AConvex+3500_flipped at IoU 0.7: nan
2025-07-26 22:17:40,057 - DEBUG - Collected collision time for BConcave+AConvex+3500_flipped at IoU 0.75: nan
2025-07-26 22:17:40,057 - DEBUG - Collected collision time for BConcave+AConvex+3500_flipped at IoU 0.8: nan
2025-07-26 22:17:40,057 - DEBUG - Collected collision time for BConcave+AConvex+3500_flipped at IoU 0.85: nan
2025-07-26 22:17:40,058 - DEBUG - Collected collision time for BConcave+AConvex+3500_flipped at IoU 0.9: nan
2025-07-26 22:17:40,058 - DEBUG - Collected collision time for BConcave+AConvex+3500_flipped at IoU 0.95: nan
2025-07-26 22:17:40,058 - DEBUG - Collected collision time for BConcave+AConvex+3700 at IoU 0.05: nan
2025-07-26 22:17:40,059 - DEBUG - Collected collision time for BConcave+AConvex+3700 at IoU 0.1: nan
2025-07-26 22:17:40,059 - DEBUG - Collected collision time for BConcave+AConvex+3700 at IoU 0.15: nan
2025-07-26 22:17:40,059 - DEBUG - Collected collision time for BConcave+AConvex+3700 at IoU 0.2: nan
2025-07-26 22:17:40,059 - DEBUG - Collected collision time for BConcave+AConvex+3700 at IoU 0.25: nan
2025-07-26 22:17:40,060 - DEBUG - Collected collision time for BConcave+AConvex+3700 at IoU 0.3: nan
2025-07-26 22:17:40,060 - DEBUG - Collected collision time for BConcave+AConvex+3700 at IoU 0.35: nan
2025-07-26 22:17:40,060 - DEBUG - Collected collision time for BConcave+AConvex+3700 at IoU 0.4: nan
2025-07-26 22:17:40,060 - DEBUG - Collected collision time for BConcave+AConvex+3700 at IoU 0.45: nan
2025-07-26 22:17:40,061 - DEBUG - Collected collision time for BConcave+AConvex+3700 at IoU 0.5: nan
2025-07-26 22:17:40,061 - DEBUG - Collected collision time for BConcave+AConvex+3700 at IoU 0.55: nan
2025-07-26 22:17:40,061 - DEBUG - Collected collision time for BConcave+AConvex+3700 at IoU 0.6: nan
2025-07-26 22:17:40,061 - DEBUG - Collected collision time for BConcave+AConvex+3700 at IoU 0.65: nan
2025-07-26 22:17:40,062 - DEBUG - Collected collision time for BConcave+AConvex+3700 at IoU 0.7: nan
2025-07-26 22:17:40,062 - DEBUG - Collected collision time for BConcave+AConvex+3700 at IoU 0.75: nan
2025-07-26 22:17:40,062 - DEBUG - Collected collision time for BConcave+AConvex+3700 at IoU 0.8: nan
2025-07-26 22:17:40,062 - DEBUG - Collected collision time for BConcave+AConvex+3700 at IoU 0.85: nan
2025-07-26 22:17:40,063 - DEBUG - Collected collision time for BConcave+AConvex+3700 at IoU 0.9: nan
2025-07-26 22:17:40,063 - DEBUG - Collected collision time for BConcave+AConvex+3700 at IoU 0.95: nan
2025-07-26 22:17:40,063 - DEBUG - Collected collision time for BConcave+AConvex+3900_flipped at IoU 0.05: nan
2025-07-26 22:17:40,063 - DEBUG - Collected collision time for BConcave+AConvex+3900_flipped at IoU 0.1: nan
2025-07-26 22:17:40,064 - DEBUG - Collected collision time for BConcave+AConvex+3900_flipped at IoU 0.15: nan
2025-07-26 22:17:40,064 - DEBUG - Collected collision time for BConcave+AConvex+3900_flipped at IoU 0.2: nan
2025-07-26 22:17:40,064 - DEBUG - Collected collision time for BConcave+AConvex+3900_flipped at IoU 0.25: nan
2025-07-26 22:17:40,064 - DEBUG - Collected collision time for BConcave+AConvex+3900_flipped at IoU 0.3: nan
2025-07-26 22:17:40,065 - DEBUG - Collected collision time for BConcave+AConvex+3900_flipped at IoU 0.35: nan
2025-07-26 22:17:40,065 - DEBUG - Collected collision time for BConcave+AConvex+3900_flipped at IoU 0.4: nan
2025-07-26 22:17:40,065 - DEBUG - Collected collision time for BConcave+AConvex+3900_flipped at IoU 0.45: nan
2025-07-26 22:17:40,066 - DEBUG - Collected collision time for BConcave+AConvex+3900_flipped at IoU 0.5: nan
2025-07-26 22:17:40,066 - DEBUG - Collected collision time for BConcave+AConvex+3900_flipped at IoU 0.55: nan
2025-07-26 22:17:40,066 - DEBUG - Collected collision time for BConcave+AConvex+3900_flipped at IoU 0.6: nan
2025-07-26 22:17:40,066 - DEBUG - Collected collision time for BConcave+AConvex+3900_flipped at IoU 0.65: nan
2025-07-26 22:17:40,067 - DEBUG - Collected collision time for BConcave+AConvex+3900_flipped at IoU 0.7: nan
2025-07-26 22:17:40,067 - DEBUG - Collected collision time for BConcave+AConvex+3900_flipped at IoU 0.75: nan
2025-07-26 22:17:40,067 - DEBUG - Collected collision time for BConcave+AConvex+3900_flipped at IoU 0.8: nan
2025-07-26 22:17:40,067 - DEBUG - Collected collision time for BConcave+AConvex+3900_flipped at IoU 0.85: nan
2025-07-26 22:17:40,068 - DEBUG - Collected collision time for BConcave+AConvex+3900_flipped at IoU 0.9: nan
2025-07-26 22:17:40,068 - DEBUG - Collected collision time for BConcave+AConvex+3900_flipped at IoU 0.95: nan
2025-07-26 22:17:40,068 - DEBUG - Collected collision time for BConcave+AConvex+4100 at IoU 0.05: nan
2025-07-26 22:17:40,068 - DEBUG - Collected collision time for BConcave+AConvex+4100 at IoU 0.1: nan
2025-07-26 22:17:40,069 - DEBUG - Collected collision time for BConcave+AConvex+4100 at IoU 0.15: nan
2025-07-26 22:17:40,069 - DEBUG - Collected collision time for BConcave+AConvex+4100 at IoU 0.2: nan
2025-07-26 22:17:40,069 - DEBUG - Collected collision time for BConcave+AConvex+4100 at IoU 0.25: nan
2025-07-26 22:17:40,069 - DEBUG - Collected collision time for BConcave+AConvex+4100 at IoU 0.3: nan
2025-07-26 22:17:40,070 - DEBUG - Collected collision time for BConcave+AConvex+4100 at IoU 0.35: nan
2025-07-26 22:17:40,070 - DEBUG - Collected collision time for BConcave+AConvex+4100 at IoU 0.4: nan
2025-07-26 22:17:40,070 - DEBUG - Collected collision time for BConcave+AConvex+4100 at IoU 0.45: nan
2025-07-26 22:17:40,070 - DEBUG - Collected collision time for BConcave+AConvex+4100 at IoU 0.5: nan
2025-07-26 22:17:40,071 - DEBUG - Collected collision time for BConcave+AConvex+4100 at IoU 0.55: nan
2025-07-26 22:17:40,071 - DEBUG - Collected collision time for BConcave+AConvex+4100 at IoU 0.6: nan
2025-07-26 22:17:40,071 - DEBUG - Collected collision time for BConcave+AConvex+4100 at IoU 0.65: nan
2025-07-26 22:17:40,071 - DEBUG - Collected collision time for BConcave+AConvex+4100 at IoU 0.7: nan
2025-07-26 22:17:40,072 - DEBUG - Collected collision time for BConcave+AConvex+4100 at IoU 0.75: nan
2025-07-26 22:17:40,072 - DEBUG - Collected collision time for BConcave+AConvex+4100 at IoU 0.8: nan
2025-07-26 22:17:40,072 - DEBUG - Collected collision time for BConcave+AConvex+4100 at IoU 0.85: nan
2025-07-26 22:17:40,072 - DEBUG - Collected collision time for BConcave+AConvex+4100 at IoU 0.9: nan
2025-07-26 22:17:40,072 - DEBUG - Collected collision time for BConcave+AConvex+4100 at IoU 0.95: nan
2025-07-26 22:17:40,073 - DEBUG - Collected collision time for BConcave+AConvex+4300_flipped at IoU 0.05: nan
2025-07-26 22:17:40,073 - DEBUG - Collected collision time for BConcave+AConvex+4300_flipped at IoU 0.1: nan
2025-07-26 22:17:40,073 - DEBUG - Collected collision time for BConcave+AConvex+4300_flipped at IoU 0.15: nan
2025-07-26 22:17:40,073 - DEBUG - Collected collision time for BConcave+AConvex+4300_flipped at IoU 0.2: nan
2025-07-26 22:17:40,074 - DEBUG - Collected collision time for BConcave+AConvex+4300_flipped at IoU 0.25: nan
2025-07-26 22:17:40,074 - DEBUG - Collected collision time for BConcave+AConvex+4300_flipped at IoU 0.3: nan
2025-07-26 22:17:40,074 - DEBUG - Collected collision time for BConcave+AConvex+4300_flipped at IoU 0.35: nan
2025-07-26 22:17:40,074 - DEBUG - Collected collision time for BConcave+AConvex+4300_flipped at IoU 0.4: nan
2025-07-26 22:17:40,075 - DEBUG - Collected collision time for BConcave+AConvex+4300_flipped at IoU 0.45: nan
2025-07-26 22:17:40,075 - DEBUG - Collected collision time for BConcave+AConvex+4300_flipped at IoU 0.5: nan
2025-07-26 22:17:40,075 - DEBUG - Collected collision time for BConcave+AConvex+4300_flipped at IoU 0.55: nan
2025-07-26 22:17:40,076 - DEBUG - Collected collision time for BConcave+AConvex+4300_flipped at IoU 0.6: nan
2025-07-26 22:17:40,076 - DEBUG - Collected collision time for BConcave+AConvex+4300_flipped at IoU 0.65: nan
2025-07-26 22:17:40,076 - DEBUG - Collected collision time for BConcave+AConvex+4300_flipped at IoU 0.7: nan
2025-07-26 22:17:40,076 - DEBUG - Collected collision time for BConcave+AConvex+4300_flipped at IoU 0.75: nan
2025-07-26 22:17:40,077 - DEBUG - Collected collision time for BConcave+AConvex+4300_flipped at IoU 0.8: nan
2025-07-26 22:17:40,077 - DEBUG - Collected collision time for BConcave+AConvex+4300_flipped at IoU 0.85: nan
2025-07-26 22:17:40,077 - DEBUG - Collected collision time for BConcave+AConvex+4300_flipped at IoU 0.9: nan
2025-07-26 22:17:40,077 - DEBUG - Collected collision time for BConcave+AConvex+4300_flipped at IoU 0.95: nan
2025-07-26 22:17:40,078 - DEBUG - Collected collision time for BConcave+AConvex+4500 at IoU 0.05: nan
2025-07-26 22:17:40,078 - DEBUG - Collected collision time for BConcave+AConvex+4500 at IoU 0.1: nan
2025-07-26 22:17:40,078 - DEBUG - Collected collision time for BConcave+AConvex+4500 at IoU 0.15: nan
2025-07-26 22:17:40,078 - DEBUG - Collected collision time for BConcave+AConvex+4500 at IoU 0.2: nan
2025-07-26 22:17:40,079 - DEBUG - Collected collision time for BConcave+AConvex+4500 at IoU 0.25: nan
2025-07-26 22:17:40,079 - DEBUG - Collected collision time for BConcave+AConvex+4500 at IoU 0.3: nan
2025-07-26 22:17:40,079 - DEBUG - Collected collision time for BConcave+AConvex+4500 at IoU 0.35: nan
2025-07-26 22:17:40,079 - DEBUG - Collected collision time for BConcave+AConvex+4500 at IoU 0.4: nan
2025-07-26 22:17:40,080 - DEBUG - Collected collision time for BConcave+AConvex+4500 at IoU 0.45: nan
2025-07-26 22:17:40,080 - DEBUG - Collected collision time for BConcave+AConvex+4500 at IoU 0.5: nan
2025-07-26 22:17:40,080 - DEBUG - Collected collision time for BConcave+AConvex+4500 at IoU 0.55: nan
2025-07-26 22:17:40,080 - DEBUG - Collected collision time for BConcave+AConvex+4500 at IoU 0.6: nan
2025-07-26 22:17:40,081 - DEBUG - Collected collision time for BConcave+AConvex+4500 at IoU 0.65: nan
2025-07-26 22:17:40,081 - DEBUG - Collected collision time for BConcave+AConvex+4500 at IoU 0.7: nan
2025-07-26 22:17:40,081 - DEBUG - Collected collision time for BConcave+AConvex+4500 at IoU 0.75: nan
2025-07-26 22:17:40,081 - DEBUG - Collected collision time for BConcave+AConvex+4500 at IoU 0.8: nan
2025-07-26 22:17:40,082 - DEBUG - Collected collision time for BConcave+AConvex+4500 at IoU 0.85: nan
2025-07-26 22:17:40,082 - DEBUG - Collected collision time for BConcave+AConvex+4500 at IoU 0.9: nan
2025-07-26 22:17:40,082 - DEBUG - Collected collision time for BConcave+AConvex+4500 at IoU 0.95: nan
2025-07-26 22:17:40,082 - DEBUG - Collected collision time for BConcave+BConcavePatient+3500 at IoU 0.05: 1683.3333333333333
2025-07-26 22:17:40,083 - DEBUG - Collected collision time for BConcave+BConcavePatient+3500 at IoU 0.1: 1700.0
2025-07-26 22:17:40,083 - DEBUG - Collected collision time for BConcave+BConcavePatient+3500 at IoU 0.15: nan
2025-07-26 22:17:40,083 - DEBUG - Collected collision time for BConcave+BConcavePatient+3500 at IoU 0.2: nan
2025-07-26 22:17:40,083 - DEBUG - Collected collision time for BConcave+BConcavePatient+3500 at IoU 0.25: nan
2025-07-26 22:17:40,084 - DEBUG - Collected collision time for BConcave+BConcavePatient+3500 at IoU 0.3: nan
2025-07-26 22:17:40,084 - DEBUG - Collected collision time for BConcave+BConcavePatient+3500 at IoU 0.35: nan
2025-07-26 22:17:40,084 - DEBUG - Collected collision time for BConcave+BConcavePatient+3500 at IoU 0.4: nan
2025-07-26 22:17:40,084 - DEBUG - Collected collision time for BConcave+BConcavePatient+3500 at IoU 0.45: nan
2025-07-26 22:17:40,085 - DEBUG - Collected collision time for BConcave+BConcavePatient+3500 at IoU 0.5: nan
2025-07-26 22:17:40,085 - DEBUG - Collected collision time for BConcave+BConcavePatient+3500 at IoU 0.55: nan
2025-07-26 22:17:40,085 - DEBUG - Collected collision time for BConcave+BConcavePatient+3500 at IoU 0.6: nan
2025-07-26 22:17:40,085 - DEBUG - Collected collision time for BConcave+BConcavePatient+3500 at IoU 0.65: nan
2025-07-26 22:17:40,086 - DEBUG - Collected collision time for BConcave+BConcavePatient+3500 at IoU 0.7: nan
2025-07-26 22:17:40,086 - DEBUG - Collected collision time for BConcave+BConcavePatient+3500 at IoU 0.75: nan
2025-07-26 22:17:40,086 - DEBUG - Collected collision time for BConcave+BConcavePatient+3500 at IoU 0.8: nan
2025-07-26 22:17:40,086 - DEBUG - Collected collision time for BConcave+BConcavePatient+3500 at IoU 0.85: nan
2025-07-26 22:17:40,087 - DEBUG - Collected collision time for BConcave+BConcavePatient+3500 at IoU 0.9: nan
2025-07-26 22:17:40,087 - DEBUG - Collected collision time for BConcave+BConcavePatient+3500 at IoU 0.95: nan
2025-07-26 22:17:40,087 - DEBUG - Collected collision time for BConcave+BConcavePatient+3700_flipped at IoU 0.05: nan
2025-07-26 22:17:40,087 - DEBUG - Collected collision time for BConcave+BConcavePatient+3700_flipped at IoU 0.1: nan
2025-07-26 22:17:40,088 - DEBUG - Collected collision time for BConcave+BConcavePatient+3700_flipped at IoU 0.15: nan
2025-07-26 22:17:40,088 - DEBUG - Collected collision time for BConcave+BConcavePatient+3700_flipped at IoU 0.2: nan
2025-07-26 22:17:40,088 - DEBUG - Collected collision time for BConcave+BConcavePatient+3700_flipped at IoU 0.25: nan
2025-07-26 22:17:40,088 - DEBUG - Collected collision time for BConcave+BConcavePatient+3700_flipped at IoU 0.3: nan
2025-07-26 22:17:40,089 - DEBUG - Collected collision time for BConcave+BConcavePatient+3700_flipped at IoU 0.35: nan
2025-07-26 22:17:40,089 - DEBUG - Collected collision time for BConcave+BConcavePatient+3700_flipped at IoU 0.4: nan
2025-07-26 22:17:40,089 - DEBUG - Collected collision time for BConcave+BConcavePatient+3700_flipped at IoU 0.45: nan
2025-07-26 22:17:40,089 - DEBUG - Collected collision time for BConcave+BConcavePatient+3700_flipped at IoU 0.5: nan
2025-07-26 22:17:40,090 - DEBUG - Collected collision time for BConcave+BConcavePatient+3700_flipped at IoU 0.55: nan
2025-07-26 22:17:40,090 - DEBUG - Collected collision time for BConcave+BConcavePatient+3700_flipped at IoU 0.6: nan
2025-07-26 22:17:40,090 - DEBUG - Collected collision time for BConcave+BConcavePatient+3700_flipped at IoU 0.65: nan
2025-07-26 22:17:40,090 - DEBUG - Collected collision time for BConcave+BConcavePatient+3700_flipped at IoU 0.7: nan
2025-07-26 22:17:40,091 - DEBUG - Collected collision time for BConcave+BConcavePatient+3700_flipped at IoU 0.75: nan
2025-07-26 22:17:40,091 - DEBUG - Collected collision time for BConcave+BConcavePatient+3700_flipped at IoU 0.8: nan
2025-07-26 22:17:40,091 - DEBUG - Collected collision time for BConcave+BConcavePatient+3700_flipped at IoU 0.85: nan
2025-07-26 22:17:40,091 - DEBUG - Collected collision time for BConcave+BConcavePatient+3700_flipped at IoU 0.9: nan
2025-07-26 22:17:40,092 - DEBUG - Collected collision time for BConcave+BConcavePatient+3700_flipped at IoU 0.95: nan
2025-07-26 22:17:40,092 - DEBUG - Collected collision time for BConcave+BConcavePatient+3900 at IoU 0.05: nan
2025-07-26 22:17:40,092 - DEBUG - Collected collision time for BConcave+BConcavePatient+3900 at IoU 0.1: nan
2025-07-26 22:17:40,092 - DEBUG - Collected collision time for BConcave+BConcavePatient+3900 at IoU 0.15: nan
2025-07-26 22:17:40,093 - DEBUG - Collected collision time for BConcave+BConcavePatient+3900 at IoU 0.2: nan
2025-07-26 22:17:40,093 - DEBUG - Collected collision time for BConcave+BConcavePatient+3900 at IoU 0.25: nan
2025-07-26 22:17:40,093 - DEBUG - Collected collision time for BConcave+BConcavePatient+3900 at IoU 0.3: nan
2025-07-26 22:17:40,093 - DEBUG - Collected collision time for BConcave+BConcavePatient+3900 at IoU 0.35: nan
2025-07-26 22:17:40,094 - DEBUG - Collected collision time for BConcave+BConcavePatient+3900 at IoU 0.4: nan
2025-07-26 22:17:40,094 - DEBUG - Collected collision time for BConcave+BConcavePatient+3900 at IoU 0.45: nan
2025-07-26 22:17:40,094 - DEBUG - Collected collision time for BConcave+BConcavePatient+3900 at IoU 0.5: nan
2025-07-26 22:17:40,094 - DEBUG - Collected collision time for BConcave+BConcavePatient+3900 at IoU 0.55: nan
2025-07-26 22:17:40,095 - DEBUG - Collected collision time for BConcave+BConcavePatient+3900 at IoU 0.6: nan
2025-07-26 22:17:40,095 - DEBUG - Collected collision time for BConcave+BConcavePatient+3900 at IoU 0.65: nan
2025-07-26 22:17:40,095 - DEBUG - Collected collision time for BConcave+BConcavePatient+3900 at IoU 0.7: nan
2025-07-26 22:17:40,095 - DEBUG - Collected collision time for BConcave+BConcavePatient+3900 at IoU 0.75: nan
2025-07-26 22:17:40,096 - DEBUG - Collected collision time for BConcave+BConcavePatient+3900 at IoU 0.8: nan
2025-07-26 22:17:40,096 - DEBUG - Collected collision time for BConcave+BConcavePatient+3900 at IoU 0.85: nan
2025-07-26 22:17:40,096 - DEBUG - Collected collision time for BConcave+BConcavePatient+3900 at IoU 0.9: nan
2025-07-26 22:17:40,096 - DEBUG - Collected collision time for BConcave+BConcavePatient+3900 at IoU 0.95: nan
2025-07-26 22:17:40,097 - DEBUG - Collected collision time for BConcave+BConcavePatient+4100_flipped at IoU 0.05: nan
2025-07-26 22:17:40,097 - DEBUG - Collected collision time for BConcave+BConcavePatient+4100_flipped at IoU 0.1: nan
2025-07-26 22:17:40,097 - DEBUG - Collected collision time for BConcave+BConcavePatient+4100_flipped at IoU 0.15: nan
2025-07-26 22:17:40,098 - DEBUG - Collected collision time for BConcave+BConcavePatient+4100_flipped at IoU 0.2: nan
2025-07-26 22:17:40,098 - DEBUG - Collected collision time for BConcave+BConcavePatient+4100_flipped at IoU 0.25: nan
2025-07-26 22:17:40,098 - DEBUG - Collected collision time for BConcave+BConcavePatient+4100_flipped at IoU 0.3: nan
2025-07-26 22:17:40,098 - DEBUG - Collected collision time for BConcave+BConcavePatient+4100_flipped at IoU 0.35: nan
2025-07-26 22:17:40,099 - DEBUG - Collected collision time for BConcave+BConcavePatient+4100_flipped at IoU 0.4: nan
2025-07-26 22:17:40,099 - DEBUG - Collected collision time for BConcave+BConcavePatient+4100_flipped at IoU 0.45: nan
2025-07-26 22:17:40,099 - DEBUG - Collected collision time for BConcave+BConcavePatient+4100_flipped at IoU 0.5: nan
2025-07-26 22:17:40,099 - DEBUG - Collected collision time for BConcave+BConcavePatient+4100_flipped at IoU 0.55: nan
2025-07-26 22:17:40,100 - DEBUG - Collected collision time for BConcave+BConcavePatient+4100_flipped at IoU 0.6: nan
2025-07-26 22:17:40,100 - DEBUG - Collected collision time for BConcave+BConcavePatient+4100_flipped at IoU 0.65: nan
2025-07-26 22:17:40,100 - DEBUG - Collected collision time for BConcave+BConcavePatient+4100_flipped at IoU 0.7: nan
2025-07-26 22:17:40,100 - DEBUG - Collected collision time for BConcave+BConcavePatient+4100_flipped at IoU 0.75: nan
2025-07-26 22:17:40,101 - DEBUG - Collected collision time for BConcave+BConcavePatient+4100_flipped at IoU 0.8: nan
2025-07-26 22:17:40,101 - DEBUG - Collected collision time for BConcave+BConcavePatient+4100_flipped at IoU 0.85: nan
2025-07-26 22:17:40,101 - DEBUG - Collected collision time for BConcave+BConcavePatient+4100_flipped at IoU 0.9: nan
2025-07-26 22:17:40,101 - DEBUG - Collected collision time for BConcave+BConcavePatient+4100_flipped at IoU 0.95: nan
2025-07-26 22:17:40,102 - DEBUG - Collected collision time for BConcave+BConcavePatient+4300 at IoU 0.05: nan
2025-07-26 22:17:40,102 - DEBUG - Collected collision time for BConcave+BConcavePatient+4300 at IoU 0.1: nan
2025-07-26 22:17:40,102 - DEBUG - Collected collision time for BConcave+BConcavePatient+4300 at IoU 0.15: nan
2025-07-26 22:17:40,103 - DEBUG - Collected collision time for BConcave+BConcavePatient+4300 at IoU 0.2: nan
2025-07-26 22:17:40,103 - DEBUG - Collected collision time for BConcave+BConcavePatient+4300 at IoU 0.25: nan
2025-07-26 22:17:40,103 - DEBUG - Collected collision time for BConcave+BConcavePatient+4300 at IoU 0.3: nan
2025-07-26 22:17:40,103 - DEBUG - Collected collision time for BConcave+BConcavePatient+4300 at IoU 0.35: nan
2025-07-26 22:17:40,104 - DEBUG - Collected collision time for BConcave+BConcavePatient+4300 at IoU 0.4: nan
2025-07-26 22:17:40,104 - DEBUG - Collected collision time for BConcave+BConcavePatient+4300 at IoU 0.45: nan
2025-07-26 22:17:40,104 - DEBUG - Collected collision time for BConcave+BConcavePatient+4300 at IoU 0.5: nan
2025-07-26 22:17:40,104 - DEBUG - Collected collision time for BConcave+BConcavePatient+4300 at IoU 0.55: nan
2025-07-26 22:17:40,105 - DEBUG - Collected collision time for BConcave+BConcavePatient+4300 at IoU 0.6: nan
2025-07-26 22:17:40,105 - DEBUG - Collected collision time for BConcave+BConcavePatient+4300 at IoU 0.65: nan
2025-07-26 22:17:40,105 - DEBUG - Collected collision time for BConcave+BConcavePatient+4300 at IoU 0.7: nan
2025-07-26 22:17:40,105 - DEBUG - Collected collision time for BConcave+BConcavePatient+4300 at IoU 0.75: nan
2025-07-26 22:17:40,106 - DEBUG - Collected collision time for BConcave+BConcavePatient+4300 at IoU 0.8: nan
2025-07-26 22:17:40,106 - DEBUG - Collected collision time for BConcave+BConcavePatient+4300 at IoU 0.85: nan
2025-07-26 22:17:40,106 - DEBUG - Collected collision time for BConcave+BConcavePatient+4300 at IoU 0.9: nan
2025-07-26 22:17:40,106 - DEBUG - Collected collision time for BConcave+BConcavePatient+4300 at IoU 0.95: nan
2025-07-26 22:17:40,107 - DEBUG - Collected collision time for BConcave+BConcavePatient+4500_flipped at IoU 0.05: nan
2025-07-26 22:17:40,107 - DEBUG - Collected collision time for BConcave+BConcavePatient+4500_flipped at IoU 0.1: nan
2025-07-26 22:17:40,107 - DEBUG - Collected collision time for BConcave+BConcavePatient+4500_flipped at IoU 0.15: nan
2025-07-26 22:17:40,107 - DEBUG - Collected collision time for BConcave+BConcavePatient+4500_flipped at IoU 0.2: nan
2025-07-26 22:17:40,108 - DEBUG - Collected collision time for BConcave+BConcavePatient+4500_flipped at IoU 0.25: nan
2025-07-26 22:17:40,108 - DEBUG - Collected collision time for BConcave+BConcavePatient+4500_flipped at IoU 0.3: nan
2025-07-26 22:17:40,108 - DEBUG - Collected collision time for BConcave+BConcavePatient+4500_flipped at IoU 0.35: nan
2025-07-26 22:17:40,108 - DEBUG - Collected collision time for BConcave+BConcavePatient+4500_flipped at IoU 0.4: nan
2025-07-26 22:17:40,108 - DEBUG - Collected collision time for BConcave+BConcavePatient+4500_flipped at IoU 0.45: nan
2025-07-26 22:17:40,109 - DEBUG - Collected collision time for BConcave+BConcavePatient+4500_flipped at IoU 0.5: nan
2025-07-26 22:17:40,109 - DEBUG - Collected collision time for BConcave+BConcavePatient+4500_flipped at IoU 0.55: nan
2025-07-26 22:17:40,109 - DEBUG - Collected collision time for BConcave+BConcavePatient+4500_flipped at IoU 0.6: nan
2025-07-26 22:17:40,109 - DEBUG - Collected collision time for BConcave+BConcavePatient+4500_flipped at IoU 0.65: nan
2025-07-26 22:17:40,110 - DEBUG - Collected collision time for BConcave+BConcavePatient+4500_flipped at IoU 0.7: nan
2025-07-26 22:17:40,110 - DEBUG - Collected collision time for BConcave+BConcavePatient+4500_flipped at IoU 0.75: nan
2025-07-26 22:17:40,110 - DEBUG - Collected collision time for BConcave+BConcavePatient+4500_flipped at IoU 0.8: nan
2025-07-26 22:17:40,111 - DEBUG - Collected collision time for BConcave+BConcavePatient+4500_flipped at IoU 0.85: nan
2025-07-26 22:17:40,111 - DEBUG - Collected collision time for BConcave+BConcavePatient+4500_flipped at IoU 0.9: nan
2025-07-26 22:17:40,111 - DEBUG - Collected collision time for BConcave+BConcavePatient+4500_flipped at IoU 0.95: nan
2025-07-26 22:17:40,111 - DEBUG - Collected collision time for BConcave+BConvex+3500_flipped at IoU 0.05: nan
2025-07-26 22:17:40,111 - DEBUG - Collected collision time for BConcave+BConvex+3500_flipped at IoU 0.1: nan
2025-07-26 22:17:40,112 - DEBUG - Collected collision time for BConcave+BConvex+3500_flipped at IoU 0.15: nan
2025-07-26 22:17:40,112 - DEBUG - Collected collision time for BConcave+BConvex+3500_flipped at IoU 0.2: nan
2025-07-26 22:17:40,112 - DEBUG - Collected collision time for BConcave+BConvex+3500_flipped at IoU 0.25: nan
2025-07-26 22:17:40,113 - DEBUG - Collected collision time for BConcave+BConvex+3500_flipped at IoU 0.3: nan
2025-07-26 22:17:40,113 - DEBUG - Collected collision time for BConcave+BConvex+3500_flipped at IoU 0.35: nan
2025-07-26 22:17:40,113 - DEBUG - Collected collision time for BConcave+BConvex+3500_flipped at IoU 0.4: nan
2025-07-26 22:17:40,113 - DEBUG - Collected collision time for BConcave+BConvex+3500_flipped at IoU 0.45: nan
2025-07-26 22:17:40,114 - DEBUG - Collected collision time for BConcave+BConvex+3500_flipped at IoU 0.5: nan
2025-07-26 22:17:40,114 - DEBUG - Collected collision time for BConcave+BConvex+3500_flipped at IoU 0.55: nan
2025-07-26 22:17:40,114 - DEBUG - Collected collision time for BConcave+BConvex+3500_flipped at IoU 0.6: nan
2025-07-26 22:17:40,114 - DEBUG - Collected collision time for BConcave+BConvex+3500_flipped at IoU 0.65: nan
2025-07-26 22:17:40,115 - DEBUG - Collected collision time for BConcave+BConvex+3500_flipped at IoU 0.7: nan
2025-07-26 22:17:40,115 - DEBUG - Collected collision time for BConcave+BConvex+3500_flipped at IoU 0.75: nan
2025-07-26 22:17:40,115 - DEBUG - Collected collision time for BConcave+BConvex+3500_flipped at IoU 0.8: nan
2025-07-26 22:17:40,115 - DEBUG - Collected collision time for BConcave+BConvex+3500_flipped at IoU 0.85: nan
2025-07-26 22:17:40,116 - DEBUG - Collected collision time for BConcave+BConvex+3500_flipped at IoU 0.9: nan
2025-07-26 22:17:40,116 - DEBUG - Collected collision time for BConcave+BConvex+3500_flipped at IoU 0.95: nan
2025-07-26 22:17:40,116 - DEBUG - Collected collision time for BConcave+BConvex+3700 at IoU 0.05: nan
2025-07-26 22:17:40,116 - DEBUG - Collected collision time for BConcave+BConvex+3700 at IoU 0.1: nan
2025-07-26 22:17:40,117 - DEBUG - Collected collision time for BConcave+BConvex+3700 at IoU 0.15: nan
2025-07-26 22:17:40,117 - DEBUG - Collected collision time for BConcave+BConvex+3700 at IoU 0.2: nan
2025-07-26 22:17:40,117 - DEBUG - Collected collision time for BConcave+BConvex+3700 at IoU 0.25: nan
2025-07-26 22:17:40,117 - DEBUG - Collected collision time for BConcave+BConvex+3700 at IoU 0.3: nan
2025-07-26 22:17:40,118 - DEBUG - Collected collision time for BConcave+BConvex+3700 at IoU 0.35: nan
2025-07-26 22:17:40,118 - DEBUG - Collected collision time for BConcave+BConvex+3700 at IoU 0.4: nan
2025-07-26 22:17:40,118 - DEBUG - Collected collision time for BConcave+BConvex+3700 at IoU 0.45: nan
2025-07-26 22:17:40,118 - DEBUG - Collected collision time for BConcave+BConvex+3700 at IoU 0.5: nan
2025-07-26 22:17:40,119 - DEBUG - Collected collision time for BConcave+BConvex+3700 at IoU 0.55: nan
2025-07-26 22:17:40,119 - DEBUG - Collected collision time for BConcave+BConvex+3700 at IoU 0.6: nan
2025-07-26 22:17:40,119 - DEBUG - Collected collision time for BConcave+BConvex+3700 at IoU 0.65: nan
2025-07-26 22:17:40,119 - DEBUG - Collected collision time for BConcave+BConvex+3700 at IoU 0.7: nan
2025-07-26 22:17:40,120 - DEBUG - Collected collision time for BConcave+BConvex+3700 at IoU 0.75: nan
2025-07-26 22:17:40,120 - DEBUG - Collected collision time for BConcave+BConvex+3700 at IoU 0.8: nan
2025-07-26 22:17:40,120 - DEBUG - Collected collision time for BConcave+BConvex+3700 at IoU 0.85: nan
2025-07-26 22:17:40,120 - DEBUG - Collected collision time for BConcave+BConvex+3700 at IoU 0.9: nan
2025-07-26 22:17:40,121 - DEBUG - Collected collision time for BConcave+BConvex+3700 at IoU 0.95: nan
2025-07-26 22:17:40,121 - DEBUG - Collected collision time for BConcave+BConvex+3900_flipped at IoU 0.05: 4466.666666666667
2025-07-26 22:17:40,121 - DEBUG - Collected collision time for BConcave+BConvex+3900_flipped at IoU 0.1: nan
2025-07-26 22:17:40,121 - DEBUG - Collected collision time for BConcave+BConvex+3900_flipped at IoU 0.15: nan
2025-07-26 22:17:40,121 - DEBUG - Collected collision time for BConcave+BConvex+3900_flipped at IoU 0.2: nan
2025-07-26 22:17:40,122 - DEBUG - Collected collision time for BConcave+BConvex+3900_flipped at IoU 0.25: nan
2025-07-26 22:17:40,122 - DEBUG - Collected collision time for BConcave+BConvex+3900_flipped at IoU 0.3: nan
2025-07-26 22:17:40,122 - DEBUG - Collected collision time for BConcave+BConvex+3900_flipped at IoU 0.35: nan
2025-07-26 22:17:40,122 - DEBUG - Collected collision time for BConcave+BConvex+3900_flipped at IoU 0.4: nan
2025-07-26 22:17:40,123 - DEBUG - Collected collision time for BConcave+BConvex+3900_flipped at IoU 0.45: nan
2025-07-26 22:17:40,123 - DEBUG - Collected collision time for BConcave+BConvex+3900_flipped at IoU 0.5: nan
2025-07-26 22:17:40,123 - DEBUG - Collected collision time for BConcave+BConvex+3900_flipped at IoU 0.55: nan
2025-07-26 22:17:40,123 - DEBUG - Collected collision time for BConcave+BConvex+3900_flipped at IoU 0.6: nan
2025-07-26 22:17:40,124 - DEBUG - Collected collision time for BConcave+BConvex+3900_flipped at IoU 0.65: nan
2025-07-26 22:17:40,124 - DEBUG - Collected collision time for BConcave+BConvex+3900_flipped at IoU 0.7: nan
2025-07-26 22:17:40,124 - DEBUG - Collected collision time for BConcave+BConvex+3900_flipped at IoU 0.75: nan
2025-07-26 22:17:40,124 - DEBUG - Collected collision time for BConcave+BConvex+3900_flipped at IoU 0.8: nan
2025-07-26 22:17:40,125 - DEBUG - Collected collision time for BConcave+BConvex+3900_flipped at IoU 0.85: nan
2025-07-26 22:17:40,125 - DEBUG - Collected collision time for BConcave+BConvex+3900_flipped at IoU 0.9: nan
2025-07-26 22:17:40,125 - DEBUG - Collected collision time for BConcave+BConvex+3900_flipped at IoU 0.95: nan
2025-07-26 22:17:40,125 - DEBUG - Collected collision time for BConcave+BConvex+4100 at IoU 0.05: nan
2025-07-26 22:17:40,126 - DEBUG - Collected collision time for BConcave+BConvex+4100 at IoU 0.1: nan
2025-07-26 22:17:40,126 - DEBUG - Collected collision time for BConcave+BConvex+4100 at IoU 0.15: nan
2025-07-26 22:17:40,126 - DEBUG - Collected collision time for BConcave+BConvex+4100 at IoU 0.2: nan
2025-07-26 22:17:40,127 - DEBUG - Collected collision time for BConcave+BConvex+4100 at IoU 0.25: nan
2025-07-26 22:17:40,127 - DEBUG - Collected collision time for BConcave+BConvex+4100 at IoU 0.3: nan
2025-07-26 22:17:40,127 - DEBUG - Collected collision time for BConcave+BConvex+4100 at IoU 0.35: nan
2025-07-26 22:17:40,127 - DEBUG - Collected collision time for BConcave+BConvex+4100 at IoU 0.4: nan
2025-07-26 22:17:40,127 - DEBUG - Collected collision time for BConcave+BConvex+4100 at IoU 0.45: nan
2025-07-26 22:17:40,128 - DEBUG - Collected collision time for BConcave+BConvex+4100 at IoU 0.5: nan
2025-07-26 22:17:40,128 - DEBUG - Collected collision time for BConcave+BConvex+4100 at IoU 0.55: nan
2025-07-26 22:17:40,128 - DEBUG - Collected collision time for BConcave+BConvex+4100 at IoU 0.6: nan
2025-07-26 22:17:40,129 - DEBUG - Collected collision time for BConcave+BConvex+4100 at IoU 0.65: nan
2025-07-26 22:17:40,129 - DEBUG - Collected collision time for BConcave+BConvex+4100 at IoU 0.7: nan
2025-07-26 22:17:40,129 - DEBUG - Collected collision time for BConcave+BConvex+4100 at IoU 0.75: nan
2025-07-26 22:17:40,129 - DEBUG - Collected collision time for BConcave+BConvex+4100 at IoU 0.8: nan
2025-07-26 22:17:40,129 - DEBUG - Collected collision time for BConcave+BConvex+4100 at IoU 0.85: nan
2025-07-26 22:17:40,130 - DEBUG - Collected collision time for BConcave+BConvex+4100 at IoU 0.9: nan
2025-07-26 22:17:40,130 - DEBUG - Collected collision time for BConcave+BConvex+4100 at IoU 0.95: nan
2025-07-26 22:17:40,130 - DEBUG - Collected collision time for BConcave+BConvex+4300_flipped at IoU 0.05: nan
2025-07-26 22:17:40,130 - DEBUG - Collected collision time for BConcave+BConvex+4300_flipped at IoU 0.1: nan
2025-07-26 22:17:40,131 - DEBUG - Collected collision time for BConcave+BConvex+4300_flipped at IoU 0.15: nan
2025-07-26 22:17:40,131 - DEBUG - Collected collision time for BConcave+BConvex+4300_flipped at IoU 0.2: nan
2025-07-26 22:17:40,131 - DEBUG - Collected collision time for BConcave+BConvex+4300_flipped at IoU 0.25: nan
2025-07-26 22:17:40,131 - DEBUG - Collected collision time for BConcave+BConvex+4300_flipped at IoU 0.3: nan
2025-07-26 22:17:40,132 - DEBUG - Collected collision time for BConcave+BConvex+4300_flipped at IoU 0.35: nan
2025-07-26 22:17:40,132 - DEBUG - Collected collision time for BConcave+BConvex+4300_flipped at IoU 0.4: nan
2025-07-26 22:17:40,132 - DEBUG - Collected collision time for BConcave+BConvex+4300_flipped at IoU 0.45: nan
2025-07-26 22:17:40,133 - DEBUG - Collected collision time for BConcave+BConvex+4300_flipped at IoU 0.5: nan
2025-07-26 22:17:40,133 - DEBUG - Collected collision time for BConcave+BConvex+4300_flipped at IoU 0.55: nan
2025-07-26 22:17:40,133 - DEBUG - Collected collision time for BConcave+BConvex+4300_flipped at IoU 0.6: nan
2025-07-26 22:17:40,133 - DEBUG - Collected collision time for BConcave+BConvex+4300_flipped at IoU 0.65: nan
2025-07-26 22:17:40,134 - DEBUG - Collected collision time for BConcave+BConvex+4300_flipped at IoU 0.7: nan
2025-07-26 22:17:40,134 - DEBUG - Collected collision time for BConcave+BConvex+4300_flipped at IoU 0.75: nan
2025-07-26 22:17:40,134 - DEBUG - Collected collision time for BConcave+BConvex+4300_flipped at IoU 0.8: nan
2025-07-26 22:17:40,134 - DEBUG - Collected collision time for BConcave+BConvex+4300_flipped at IoU 0.85: nan
2025-07-26 22:17:40,135 - DEBUG - Collected collision time for BConcave+BConvex+4300_flipped at IoU 0.9: nan
2025-07-26 22:17:40,135 - DEBUG - Collected collision time for BConcave+BConvex+4300_flipped at IoU 0.95: nan
2025-07-26 22:17:40,135 - DEBUG - Collected collision time for BConcave+BConvex+4500 at IoU 0.05: nan
2025-07-26 22:17:40,135 - DEBUG - Collected collision time for BConcave+BConvex+4500 at IoU 0.1: nan
2025-07-26 22:17:40,136 - DEBUG - Collected collision time for BConcave+BConvex+4500 at IoU 0.15: nan
2025-07-26 22:17:40,136 - DEBUG - Collected collision time for BConcave+BConvex+4500 at IoU 0.2: nan
2025-07-26 22:17:40,136 - DEBUG - Collected collision time for BConcave+BConvex+4500 at IoU 0.25: nan
2025-07-26 22:17:40,136 - DEBUG - Collected collision time for BConcave+BConvex+4500 at IoU 0.3: nan
2025-07-26 22:17:40,137 - DEBUG - Collected collision time for BConcave+BConvex+4500 at IoU 0.35: nan
2025-07-26 22:17:40,137 - DEBUG - Collected collision time for BConcave+BConvex+4500 at IoU 0.4: nan
2025-07-26 22:17:40,137 - DEBUG - Collected collision time for BConcave+BConvex+4500 at IoU 0.45: nan
2025-07-26 22:17:40,137 - DEBUG - Collected collision time for BConcave+BConvex+4500 at IoU 0.5: nan
2025-07-26 22:17:40,138 - DEBUG - Collected collision time for BConcave+BConvex+4500 at IoU 0.55: nan
2025-07-26 22:17:40,138 - DEBUG - Collected collision time for BConcave+BConvex+4500 at IoU 0.6: nan
2025-07-26 22:17:40,138 - DEBUG - Collected collision time for BConcave+BConvex+4500 at IoU 0.65: nan
2025-07-26 22:17:40,138 - DEBUG - Collected collision time for BConcave+BConvex+4500 at IoU 0.7: nan
2025-07-26 22:17:40,139 - DEBUG - Collected collision time for BConcave+BConvex+4500 at IoU 0.75: nan
2025-07-26 22:17:40,139 - DEBUG - Collected collision time for BConcave+BConvex+4500 at IoU 0.8: nan
2025-07-26 22:17:40,139 - DEBUG - Collected collision time for BConcave+BConvex+4500 at IoU 0.85: nan
2025-07-26 22:17:40,139 - DEBUG - Collected collision time for BConcave+BConvex+4500 at IoU 0.9: nan
2025-07-26 22:17:40,140 - DEBUG - Collected collision time for BConcave+BConvex+4500 at IoU 0.95: nan
2025-07-26 22:17:40,140 - DEBUG - Collected collision time for BConcave+CConcave+3500 at IoU 0.05: 3816.666666666667
2025-07-26 22:17:40,140 - DEBUG - Collected collision time for BConcave+CConcave+3500 at IoU 0.1: 3950.0
2025-07-26 22:17:40,140 - DEBUG - Collected collision time for BConcave+CConcave+3500 at IoU 0.15: 4083.333333333333
2025-07-26 22:17:40,141 - DEBUG - Collected collision time for BConcave+CConcave+3500 at IoU 0.2: 4183.333333333334
2025-07-26 22:17:40,141 - DEBUG - Collected collision time for BConcave+CConcave+3500 at IoU 0.25: 4300.0
2025-07-26 22:17:40,141 - DEBUG - Collected collision time for BConcave+CConcave+3500 at IoU 0.3: 4400.0
2025-07-26 22:17:40,141 - DEBUG - Collected collision time for BConcave+CConcave+3500 at IoU 0.35: 4566.666666666666
2025-07-26 22:17:40,142 - DEBUG - Collected collision time for BConcave+CConcave+3500 at IoU 0.4: nan
2025-07-26 22:17:40,142 - DEBUG - Collected collision time for BConcave+CConcave+3500 at IoU 0.45: nan
2025-07-26 22:17:40,142 - DEBUG - Collected collision time for BConcave+CConcave+3500 at IoU 0.5: nan
2025-07-26 22:17:40,142 - DEBUG - Collected collision time for BConcave+CConcave+3500 at IoU 0.55: nan
2025-07-26 22:17:40,143 - DEBUG - Collected collision time for BConcave+CConcave+3500 at IoU 0.6: nan
2025-07-26 22:17:40,143 - DEBUG - Collected collision time for BConcave+CConcave+3500 at IoU 0.65: nan
2025-07-26 22:17:40,143 - DEBUG - Collected collision time for BConcave+CConcave+3500 at IoU 0.7: nan
2025-07-26 22:17:40,143 - DEBUG - Collected collision time for BConcave+CConcave+3500 at IoU 0.75: nan
2025-07-26 22:17:40,144 - DEBUG - Collected collision time for BConcave+CConcave+3500 at IoU 0.8: nan
2025-07-26 22:17:40,144 - DEBUG - Collected collision time for BConcave+CConcave+3500 at IoU 0.85: nan
2025-07-26 22:17:40,144 - DEBUG - Collected collision time for BConcave+CConcave+3500 at IoU 0.9: nan
2025-07-26 22:17:40,144 - DEBUG - Collected collision time for BConcave+CConcave+3500 at IoU 0.95: nan
2025-07-26 22:17:40,145 - DEBUG - Collected collision time for BConcave+CConcave+3700_flipped at IoU 0.05: nan
2025-07-26 22:17:40,145 - DEBUG - Collected collision time for BConcave+CConcave+3700_flipped at IoU 0.1: nan
2025-07-26 22:17:40,145 - DEBUG - Collected collision time for BConcave+CConcave+3700_flipped at IoU 0.15: nan
2025-07-26 22:17:40,145 - DEBUG - Collected collision time for BConcave+CConcave+3700_flipped at IoU 0.2: nan
2025-07-26 22:17:40,146 - DEBUG - Collected collision time for BConcave+CConcave+3700_flipped at IoU 0.25: nan
2025-07-26 22:17:40,146 - DEBUG - Collected collision time for BConcave+CConcave+3700_flipped at IoU 0.3: nan
2025-07-26 22:17:40,146 - DEBUG - Collected collision time for BConcave+CConcave+3700_flipped at IoU 0.35: nan
2025-07-26 22:17:40,146 - DEBUG - Collected collision time for BConcave+CConcave+3700_flipped at IoU 0.4: nan
2025-07-26 22:17:40,147 - DEBUG - Collected collision time for BConcave+CConcave+3700_flipped at IoU 0.45: nan
2025-07-26 22:17:40,147 - DEBUG - Collected collision time for BConcave+CConcave+3700_flipped at IoU 0.5: nan
2025-07-26 22:17:40,147 - DEBUG - Collected collision time for BConcave+CConcave+3700_flipped at IoU 0.55: nan
2025-07-26 22:17:40,147 - DEBUG - Collected collision time for BConcave+CConcave+3700_flipped at IoU 0.6: nan
2025-07-26 22:17:40,148 - DEBUG - Collected collision time for BConcave+CConcave+3700_flipped at IoU 0.65: nan
2025-07-26 22:17:40,148 - DEBUG - Collected collision time for BConcave+CConcave+3700_flipped at IoU 0.7: nan
2025-07-26 22:17:40,148 - DEBUG - Collected collision time for BConcave+CConcave+3700_flipped at IoU 0.75: nan
2025-07-26 22:17:40,149 - DEBUG - Collected collision time for BConcave+CConcave+3700_flipped at IoU 0.8: nan
2025-07-26 22:17:40,149 - DEBUG - Collected collision time for BConcave+CConcave+3700_flipped at IoU 0.85: nan
2025-07-26 22:17:40,149 - DEBUG - Collected collision time for BConcave+CConcave+3700_flipped at IoU 0.9: nan
2025-07-26 22:17:40,149 - DEBUG - Collected collision time for BConcave+CConcave+3700_flipped at IoU 0.95: nan
2025-07-26 22:17:40,150 - DEBUG - Collected collision time for BConcave+CConcave+3900 at IoU 0.05: nan
2025-07-26 22:17:40,150 - DEBUG - Collected collision time for BConcave+CConcave+3900 at IoU 0.1: nan
2025-07-26 22:17:40,150 - DEBUG - Collected collision time for BConcave+CConcave+3900 at IoU 0.15: nan
2025-07-26 22:17:40,150 - DEBUG - Collected collision time for BConcave+CConcave+3900 at IoU 0.2: nan
2025-07-26 22:17:40,151 - DEBUG - Collected collision time for BConcave+CConcave+3900 at IoU 0.25: nan
2025-07-26 22:17:40,151 - DEBUG - Collected collision time for BConcave+CConcave+3900 at IoU 0.3: nan
2025-07-26 22:17:40,151 - DEBUG - Collected collision time for BConcave+CConcave+3900 at IoU 0.35: nan
2025-07-26 22:17:40,151 - DEBUG - Collected collision time for BConcave+CConcave+3900 at IoU 0.4: nan
2025-07-26 22:17:40,152 - DEBUG - Collected collision time for BConcave+CConcave+3900 at IoU 0.45: nan
2025-07-26 22:17:40,152 - DEBUG - Collected collision time for BConcave+CConcave+3900 at IoU 0.5: nan
2025-07-26 22:17:40,152 - DEBUG - Collected collision time for BConcave+CConcave+3900 at IoU 0.55: nan
2025-07-26 22:17:40,153 - DEBUG - Collected collision time for BConcave+CConcave+3900 at IoU 0.6: nan
2025-07-26 22:17:40,153 - DEBUG - Collected collision time for BConcave+CConcave+3900 at IoU 0.65: nan
2025-07-26 22:17:40,153 - DEBUG - Collected collision time for BConcave+CConcave+3900 at IoU 0.7: nan
2025-07-26 22:17:40,153 - DEBUG - Collected collision time for BConcave+CConcave+3900 at IoU 0.75: nan
2025-07-26 22:17:40,154 - DEBUG - Collected collision time for BConcave+CConcave+3900 at IoU 0.8: nan
2025-07-26 22:17:40,154 - DEBUG - Collected collision time for BConcave+CConcave+3900 at IoU 0.85: nan
2025-07-26 22:17:40,154 - DEBUG - Collected collision time for BConcave+CConcave+3900 at IoU 0.9: nan
2025-07-26 22:17:40,154 - DEBUG - Collected collision time for BConcave+CConcave+3900 at IoU 0.95: nan
2025-07-26 22:17:40,155 - DEBUG - Collected collision time for BConcave+CConcave+4100_flipped at IoU 0.05: 1433.3333333333333
2025-07-26 22:17:40,155 - DEBUG - Collected collision time for BConcave+CConcave+4100_flipped at IoU 0.1: 1450.0
2025-07-26 22:17:40,155 - DEBUG - Collected collision time for BConcave+CConcave+4100_flipped at IoU 0.15: nan
2025-07-26 22:17:40,156 - DEBUG - Collected collision time for BConcave+CConcave+4100_flipped at IoU 0.2: nan
2025-07-26 22:17:40,156 - DEBUG - Collected collision time for BConcave+CConcave+4100_flipped at IoU 0.25: nan
2025-07-26 22:17:40,156 - DEBUG - Collected collision time for BConcave+CConcave+4100_flipped at IoU 0.3: nan
2025-07-26 22:17:40,156 - DEBUG - Collected collision time for BConcave+CConcave+4100_flipped at IoU 0.35: nan
2025-07-26 22:17:40,156 - DEBUG - Collected collision time for BConcave+CConcave+4100_flipped at IoU 0.4: nan
2025-07-26 22:17:40,157 - DEBUG - Collected collision time for BConcave+CConcave+4100_flipped at IoU 0.45: nan
2025-07-26 22:17:40,158 - DEBUG - Collected collision time for BConcave+CConcave+4100_flipped at IoU 0.5: nan
2025-07-26 22:17:40,158 - DEBUG - Collected collision time for BConcave+CConcave+4100_flipped at IoU 0.55: nan
2025-07-26 22:17:40,158 - DEBUG - Collected collision time for BConcave+CConcave+4100_flipped at IoU 0.6: nan
2025-07-26 22:17:40,158 - DEBUG - Collected collision time for BConcave+CConcave+4100_flipped at IoU 0.65: nan
2025-07-26 22:17:40,159 - DEBUG - Collected collision time for BConcave+CConcave+4100_flipped at IoU 0.7: nan
2025-07-26 22:17:40,159 - DEBUG - Collected collision time for BConcave+CConcave+4100_flipped at IoU 0.75: nan
2025-07-26 22:17:40,159 - DEBUG - Collected collision time for BConcave+CConcave+4100_flipped at IoU 0.8: nan
2025-07-26 22:17:40,160 - DEBUG - Collected collision time for BConcave+CConcave+4100_flipped at IoU 0.85: nan
2025-07-26 22:17:40,160 - DEBUG - Collected collision time for BConcave+CConcave+4100_flipped at IoU 0.9: nan
2025-07-26 22:17:40,160 - DEBUG - Collected collision time for BConcave+CConcave+4100_flipped at IoU 0.95: nan
2025-07-26 22:17:40,160 - DEBUG - Collected collision time for BConcave+CConcave+4300 at IoU 0.05: 4600.0
2025-07-26 22:17:40,161 - DEBUG - Collected collision time for BConcave+CConcave+4300 at IoU 0.1: 4766.666666666667
2025-07-26 22:17:40,161 - DEBUG - Collected collision time for BConcave+CConcave+4300 at IoU 0.15: 4900.0
2025-07-26 22:17:40,161 - DEBUG - Collected collision time for BConcave+CConcave+4300 at IoU 0.2: 5016.666666666667
2025-07-26 22:17:40,162 - DEBUG - Collected collision time for BConcave+CConcave+4300 at IoU 0.25: 5133.333333333334
2025-07-26 22:17:40,162 - DEBUG - Collected collision time for BConcave+CConcave+4300 at IoU 0.3: 5316.666666666666
2025-07-26 22:17:40,162 - DEBUG - Collected collision time for BConcave+CConcave+4300 at IoU 0.35: nan
2025-07-26 22:17:40,162 - DEBUG - Collected collision time for BConcave+CConcave+4300 at IoU 0.4: nan
2025-07-26 22:17:40,163 - DEBUG - Collected collision time for BConcave+CConcave+4300 at IoU 0.45: nan
2025-07-26 22:17:40,163 - DEBUG - Collected collision time for BConcave+CConcave+4300 at IoU 0.5: nan
2025-07-26 22:17:40,163 - DEBUG - Collected collision time for BConcave+CConcave+4300 at IoU 0.55: nan
2025-07-26 22:17:40,164 - DEBUG - Collected collision time for BConcave+CConcave+4300 at IoU 0.6: nan
2025-07-26 22:17:40,164 - DEBUG - Collected collision time for BConcave+CConcave+4300 at IoU 0.65: nan
2025-07-26 22:17:40,164 - DEBUG - Collected collision time for BConcave+CConcave+4300 at IoU 0.7: nan
2025-07-26 22:17:40,164 - DEBUG - Collected collision time for BConcave+CConcave+4300 at IoU 0.75: nan
2025-07-26 22:17:40,165 - DEBUG - Collected collision time for BConcave+CConcave+4300 at IoU 0.8: nan
2025-07-26 22:17:40,165 - DEBUG - Collected collision time for BConcave+CConcave+4300 at IoU 0.85: nan
2025-07-26 22:17:40,165 - DEBUG - Collected collision time for BConcave+CConcave+4300 at IoU 0.9: nan
2025-07-26 22:17:40,165 - DEBUG - Collected collision time for BConcave+CConcave+4300 at IoU 0.95: nan
2025-07-26 22:17:40,166 - DEBUG - Collected collision time for BConcave+CConcave+4500_flipped at IoU 0.05: 4983.333333333333
2025-07-26 22:17:40,166 - DEBUG - Collected collision time for BConcave+CConcave+4500_flipped at IoU 0.1: 5016.666666666667
2025-07-26 22:17:40,166 - DEBUG - Collected collision time for BConcave+CConcave+4500_flipped at IoU 0.15: 5233.333333333333
2025-07-26 22:17:40,167 - DEBUG - Collected collision time for BConcave+CConcave+4500_flipped at IoU 0.2: 5233.333333333333
2025-07-26 22:17:40,167 - DEBUG - Collected collision time for BConcave+CConcave+4500_flipped at IoU 0.25: 5316.666666666666
2025-07-26 22:17:40,167 - DEBUG - Collected collision time for BConcave+CConcave+4500_flipped at IoU 0.3: nan
2025-07-26 22:17:40,167 - DEBUG - Collected collision time for BConcave+CConcave+4500_flipped at IoU 0.35: nan
2025-07-26 22:17:40,167 - DEBUG - Collected collision time for BConcave+CConcave+4500_flipped at IoU 0.4: nan
2025-07-26 22:17:40,168 - DEBUG - Collected collision time for BConcave+CConcave+4500_flipped at IoU 0.45: nan
2025-07-26 22:17:40,168 - DEBUG - Collected collision time for BConcave+CConcave+4500_flipped at IoU 0.5: nan
2025-07-26 22:17:40,168 - DEBUG - Collected collision time for BConcave+CConcave+4500_flipped at IoU 0.55: nan
2025-07-26 22:17:40,168 - DEBUG - Collected collision time for BConcave+CConcave+4500_flipped at IoU 0.6: nan
2025-07-26 22:17:40,169 - DEBUG - Collected collision time for BConcave+CConcave+4500_flipped at IoU 0.65: nan
2025-07-26 22:17:40,169 - DEBUG - Collected collision time for BConcave+CConcave+4500_flipped at IoU 0.7: nan
2025-07-26 22:17:40,169 - DEBUG - Collected collision time for BConcave+CConcave+4500_flipped at IoU 0.75: nan
2025-07-26 22:17:40,170 - DEBUG - Collected collision time for BConcave+CConcave+4500_flipped at IoU 0.8: nan
2025-07-26 22:17:40,170 - DEBUG - Collected collision time for BConcave+CConcave+4500_flipped at IoU 0.85: nan
2025-07-26 22:17:40,170 - DEBUG - Collected collision time for BConcave+CConcave+4500_flipped at IoU 0.9: nan
2025-07-26 22:17:40,170 - DEBUG - Collected collision time for BConcave+CConcave+4500_flipped at IoU 0.95: nan
2025-07-26 22:17:40,171 - DEBUG - Collected collision time for BConcave+CConvex+3500_flipped at IoU 0.05: nan
2025-07-26 22:17:40,171 - DEBUG - Collected collision time for BConcave+CConvex+3500_flipped at IoU 0.1: nan
2025-07-26 22:17:40,171 - DEBUG - Collected collision time for BConcave+CConvex+3500_flipped at IoU 0.15: nan
2025-07-26 22:17:40,172 - DEBUG - Collected collision time for BConcave+CConvex+3500_flipped at IoU 0.2: nan
2025-07-26 22:17:40,172 - DEBUG - Collected collision time for BConcave+CConvex+3500_flipped at IoU 0.25: nan
2025-07-26 22:17:40,172 - DEBUG - Collected collision time for BConcave+CConvex+3500_flipped at IoU 0.3: nan
2025-07-26 22:17:40,172 - DEBUG - Collected collision time for BConcave+CConvex+3500_flipped at IoU 0.35: nan
2025-07-26 22:17:40,173 - DEBUG - Collected collision time for BConcave+CConvex+3500_flipped at IoU 0.4: nan
2025-07-26 22:17:40,173 - DEBUG - Collected collision time for BConcave+CConvex+3500_flipped at IoU 0.45: nan
2025-07-26 22:17:40,173 - DEBUG - Collected collision time for BConcave+CConvex+3500_flipped at IoU 0.5: nan
2025-07-26 22:17:40,173 - DEBUG - Collected collision time for BConcave+CConvex+3500_flipped at IoU 0.55: nan
2025-07-26 22:17:40,174 - DEBUG - Collected collision time for BConcave+CConvex+3500_flipped at IoU 0.6: nan
2025-07-26 22:17:40,174 - DEBUG - Collected collision time for BConcave+CConvex+3500_flipped at IoU 0.65: nan
2025-07-26 22:17:40,174 - DEBUG - Collected collision time for BConcave+CConvex+3500_flipped at IoU 0.7: nan
2025-07-26 22:17:40,175 - DEBUG - Collected collision time for BConcave+CConvex+3500_flipped at IoU 0.75: nan
2025-07-26 22:17:40,175 - DEBUG - Collected collision time for BConcave+CConvex+3500_flipped at IoU 0.8: nan
2025-07-26 22:17:40,175 - DEBUG - Collected collision time for BConcave+CConvex+3500_flipped at IoU 0.85: nan
2025-07-26 22:17:40,175 - DEBUG - Collected collision time for BConcave+CConvex+3500_flipped at IoU 0.9: nan
2025-07-26 22:17:40,176 - DEBUG - Collected collision time for BConcave+CConvex+3500_flipped at IoU 0.95: nan
2025-07-26 22:17:40,176 - DEBUG - Collected collision time for BConcave+CConvex+3700 at IoU 0.05: 4333.333333333333
2025-07-26 22:17:40,176 - DEBUG - Collected collision time for BConcave+CConvex+3700 at IoU 0.1: 4466.666666666667
2025-07-26 22:17:40,176 - DEBUG - Collected collision time for BConcave+CConvex+3700 at IoU 0.15: nan
2025-07-26 22:17:40,177 - DEBUG - Collected collision time for BConcave+CConvex+3700 at IoU 0.2: nan
2025-07-26 22:17:40,177 - DEBUG - Collected collision time for BConcave+CConvex+3700 at IoU 0.25: nan
2025-07-26 22:17:40,177 - DEBUG - Collected collision time for BConcave+CConvex+3700 at IoU 0.3: nan
2025-07-26 22:17:40,177 - DEBUG - Collected collision time for BConcave+CConvex+3700 at IoU 0.35: nan
2025-07-26 22:17:40,178 - DEBUG - Collected collision time for BConcave+CConvex+3700 at IoU 0.4: nan
2025-07-26 22:17:40,178 - DEBUG - Collected collision time for BConcave+CConvex+3700 at IoU 0.45: nan
2025-07-26 22:17:40,178 - DEBUG - Collected collision time for BConcave+CConvex+3700 at IoU 0.5: nan
2025-07-26 22:17:40,178 - DEBUG - Collected collision time for BConcave+CConvex+3700 at IoU 0.55: nan
2025-07-26 22:17:40,179 - DEBUG - Collected collision time for BConcave+CConvex+3700 at IoU 0.6: nan
2025-07-26 22:17:40,179 - DEBUG - Collected collision time for BConcave+CConvex+3700 at IoU 0.65: nan
2025-07-26 22:17:40,179 - DEBUG - Collected collision time for BConcave+CConvex+3700 at IoU 0.7: nan
2025-07-26 22:17:40,179 - DEBUG - Collected collision time for BConcave+CConvex+3700 at IoU 0.75: nan
2025-07-26 22:17:40,180 - DEBUG - Collected collision time for BConcave+CConvex+3700 at IoU 0.8: nan
2025-07-26 22:17:40,180 - DEBUG - Collected collision time for BConcave+CConvex+3700 at IoU 0.85: nan
2025-07-26 22:17:40,180 - DEBUG - Collected collision time for BConcave+CConvex+3700 at IoU 0.9: nan
2025-07-26 22:17:40,181 - DEBUG - Collected collision time for BConcave+CConvex+3700 at IoU 0.95: nan
2025-07-26 22:17:40,181 - DEBUG - Collected collision time for BConcave+CConvex+3900_flipped at IoU 0.05: 4233.333333333333
2025-07-26 22:17:40,182 - DEBUG - Collected collision time for BConcave+CConvex+3900_flipped at IoU 0.1: 4333.333333333333
2025-07-26 22:17:40,183 - DEBUG - Collected collision time for BConcave+CConvex+3900_flipped at IoU 0.15: 4466.666666666667
2025-07-26 22:17:40,183 - DEBUG - Collected collision time for BConcave+CConvex+3900_flipped at IoU 0.2: 4600.0
2025-07-26 22:17:40,183 - DEBUG - Collected collision time for BConcave+CConvex+3900_flipped at IoU 0.25: nan
2025-07-26 22:17:40,184 - DEBUG - Collected collision time for BConcave+CConvex+3900_flipped at IoU 0.3: nan
2025-07-26 22:17:40,184 - DEBUG - Collected collision time for BConcave+CConvex+3900_flipped at IoU 0.35: nan
2025-07-26 22:17:40,184 - DEBUG - Collected collision time for BConcave+CConvex+3900_flipped at IoU 0.4: nan
2025-07-26 22:17:40,184 - DEBUG - Collected collision time for BConcave+CConvex+3900_flipped at IoU 0.45: nan
2025-07-26 22:17:40,185 - DEBUG - Collected collision time for BConcave+CConvex+3900_flipped at IoU 0.5: nan
2025-07-26 22:17:40,185 - DEBUG - Collected collision time for BConcave+CConvex+3900_flipped at IoU 0.55: nan
2025-07-26 22:17:40,185 - DEBUG - Collected collision time for BConcave+CConvex+3900_flipped at IoU 0.6: nan
2025-07-26 22:17:40,185 - DEBUG - Collected collision time for BConcave+CConvex+3900_flipped at IoU 0.65: nan
2025-07-26 22:17:40,186 - DEBUG - Collected collision time for BConcave+CConvex+3900_flipped at IoU 0.7: nan
2025-07-26 22:17:40,186 - DEBUG - Collected collision time for BConcave+CConvex+3900_flipped at IoU 0.75: nan
2025-07-26 22:17:40,186 - DEBUG - Collected collision time for BConcave+CConvex+3900_flipped at IoU 0.8: nan
2025-07-26 22:17:40,186 - DEBUG - Collected collision time for BConcave+CConvex+3900_flipped at IoU 0.85: nan
2025-07-26 22:17:40,187 - DEBUG - Collected collision time for BConcave+CConvex+3900_flipped at IoU 0.9: nan
2025-07-26 22:17:40,187 - DEBUG - Collected collision time for BConcave+CConvex+3900_flipped at IoU 0.95: nan
2025-07-26 22:17:40,187 - DEBUG - Collected collision time for BConcave+CConvex+4100 at IoU 0.05: nan
2025-07-26 22:17:40,187 - DEBUG - Collected collision time for BConcave+CConvex+4100 at IoU 0.1: nan
2025-07-26 22:17:40,187 - DEBUG - Collected collision time for BConcave+CConvex+4100 at IoU 0.15: nan
2025-07-26 22:17:40,188 - DEBUG - Collected collision time for BConcave+CConvex+4100 at IoU 0.2: nan
2025-07-26 22:17:40,188 - DEBUG - Collected collision time for BConcave+CConvex+4100 at IoU 0.25: nan
2025-07-26 22:17:40,188 - DEBUG - Collected collision time for BConcave+CConvex+4100 at IoU 0.3: nan
2025-07-26 22:17:40,188 - DEBUG - Collected collision time for BConcave+CConvex+4100 at IoU 0.35: nan
2025-07-26 22:17:40,189 - DEBUG - Collected collision time for BConcave+CConvex+4100 at IoU 0.4: nan
2025-07-26 22:17:40,189 - DEBUG - Collected collision time for BConcave+CConvex+4100 at IoU 0.45: nan
2025-07-26 22:17:40,189 - DEBUG - Collected collision time for BConcave+CConvex+4100 at IoU 0.5: nan
2025-07-26 22:17:40,189 - DEBUG - Collected collision time for BConcave+CConvex+4100 at IoU 0.55: nan
2025-07-26 22:17:40,190 - DEBUG - Collected collision time for BConcave+CConvex+4100 at IoU 0.6: nan
2025-07-26 22:17:40,190 - DEBUG - Collected collision time for BConcave+CConvex+4100 at IoU 0.65: nan
2025-07-26 22:17:40,190 - DEBUG - Collected collision time for BConcave+CConvex+4100 at IoU 0.7: nan
2025-07-26 22:17:40,190 - DEBUG - Collected collision time for BConcave+CConvex+4100 at IoU 0.75: nan
2025-07-26 22:17:40,191 - DEBUG - Collected collision time for BConcave+CConvex+4100 at IoU 0.8: nan
2025-07-26 22:17:40,191 - DEBUG - Collected collision time for BConcave+CConvex+4100 at IoU 0.85: nan
2025-07-26 22:17:40,191 - DEBUG - Collected collision time for BConcave+CConvex+4100 at IoU 0.9: nan
2025-07-26 22:17:40,192 - DEBUG - Collected collision time for BConcave+CConvex+4100 at IoU 0.95: nan
2025-07-26 22:17:40,192 - DEBUG - Collected collision time for BConcave+CConvex+4300_flipped at IoU 0.05: nan
2025-07-26 22:17:40,192 - DEBUG - Collected collision time for BConcave+CConvex+4300_flipped at IoU 0.1: nan
2025-07-26 22:17:40,192 - DEBUG - Collected collision time for BConcave+CConvex+4300_flipped at IoU 0.15: nan
2025-07-26 22:17:40,193 - DEBUG - Collected collision time for BConcave+CConvex+4300_flipped at IoU 0.2: nan
2025-07-26 22:17:40,193 - DEBUG - Collected collision time for BConcave+CConvex+4300_flipped at IoU 0.25: nan
2025-07-26 22:17:40,193 - DEBUG - Collected collision time for BConcave+CConvex+4300_flipped at IoU 0.3: nan
2025-07-26 22:17:40,193 - DEBUG - Collected collision time for BConcave+CConvex+4300_flipped at IoU 0.35: nan
2025-07-26 22:17:40,194 - DEBUG - Collected collision time for BConcave+CConvex+4300_flipped at IoU 0.4: nan
2025-07-26 22:17:40,194 - DEBUG - Collected collision time for BConcave+CConvex+4300_flipped at IoU 0.45: nan
2025-07-26 22:17:40,194 - DEBUG - Collected collision time for BConcave+CConvex+4300_flipped at IoU 0.5: nan
2025-07-26 22:17:40,194 - DEBUG - Collected collision time for BConcave+CConvex+4300_flipped at IoU 0.55: nan
2025-07-26 22:17:40,195 - DEBUG - Collected collision time for BConcave+CConvex+4300_flipped at IoU 0.6: nan
2025-07-26 22:17:40,195 - DEBUG - Collected collision time for BConcave+CConvex+4300_flipped at IoU 0.65: nan
2025-07-26 22:17:40,195 - DEBUG - Collected collision time for BConcave+CConvex+4300_flipped at IoU 0.7: nan
2025-07-26 22:17:40,195 - DEBUG - Collected collision time for BConcave+CConvex+4300_flipped at IoU 0.75: nan
2025-07-26 22:17:40,196 - DEBUG - Collected collision time for BConcave+CConvex+4300_flipped at IoU 0.8: nan
2025-07-26 22:17:40,196 - DEBUG - Collected collision time for BConcave+CConvex+4300_flipped at IoU 0.85: nan
2025-07-26 22:17:40,196 - DEBUG - Collected collision time for BConcave+CConvex+4300_flipped at IoU 0.9: nan
2025-07-26 22:17:40,196 - DEBUG - Collected collision time for BConcave+CConvex+4300_flipped at IoU 0.95: nan
2025-07-26 22:17:40,197 - DEBUG - Collected collision time for BConcave+CConvex+4500 at IoU 0.05: nan
2025-07-26 22:17:40,197 - DEBUG - Collected collision time for BConcave+CConvex+4500 at IoU 0.1: nan
2025-07-26 22:17:40,197 - DEBUG - Collected collision time for BConcave+CConvex+4500 at IoU 0.15: nan
2025-07-26 22:17:40,198 - DEBUG - Collected collision time for BConcave+CConvex+4500 at IoU 0.2: nan
2025-07-26 22:17:40,198 - DEBUG - Collected collision time for BConcave+CConvex+4500 at IoU 0.25: nan
2025-07-26 22:17:40,198 - DEBUG - Collected collision time for BConcave+CConvex+4500 at IoU 0.3: nan
2025-07-26 22:17:40,198 - DEBUG - Collected collision time for BConcave+CConvex+4500 at IoU 0.35: nan
2025-07-26 22:17:40,199 - DEBUG - Collected collision time for BConcave+CConvex+4500 at IoU 0.4: nan
2025-07-26 22:17:40,199 - DEBUG - Collected collision time for BConcave+CConvex+4500 at IoU 0.45: nan
2025-07-26 22:17:40,199 - DEBUG - Collected collision time for BConcave+CConvex+4500 at IoU 0.5: nan
2025-07-26 22:17:40,199 - DEBUG - Collected collision time for BConcave+CConvex+4500 at IoU 0.55: nan
2025-07-26 22:17:40,200 - DEBUG - Collected collision time for BConcave+CConvex+4500 at IoU 0.6: nan
2025-07-26 22:17:40,200 - DEBUG - Collected collision time for BConcave+CConvex+4500 at IoU 0.65: nan
2025-07-26 22:17:40,200 - DEBUG - Collected collision time for BConcave+CConvex+4500 at IoU 0.7: nan
2025-07-26 22:17:40,200 - DEBUG - Collected collision time for BConcave+CConvex+4500 at IoU 0.75: nan
2025-07-26 22:17:40,201 - DEBUG - Collected collision time for BConcave+CConvex+4500 at IoU 0.8: nan
2025-07-26 22:17:40,201 - DEBUG - Collected collision time for BConcave+CConvex+4500 at IoU 0.85: nan
2025-07-26 22:17:40,201 - DEBUG - Collected collision time for BConcave+CConvex+4500 at IoU 0.9: nan
2025-07-26 22:17:40,201 - DEBUG - Collected collision time for BConcave+CConvex+4500 at IoU 0.95: nan
2025-07-26 22:17:40,202 - DEBUG - Collected collision time for BConcave+DConcave+3500 at IoU 0.05: 3683.333333333333
2025-07-26 22:17:40,202 - DEBUG - Collected collision time for BConcave+DConcave+3500 at IoU 0.1: 3750.0
2025-07-26 22:17:40,202 - DEBUG - Collected collision time for BConcave+DConcave+3500 at IoU 0.15: 3816.666666666667
2025-07-26 22:17:40,203 - DEBUG - Collected collision time for BConcave+DConcave+3500 at IoU 0.2: 3883.3333333333335
2025-07-26 22:17:40,203 - DEBUG - Collected collision time for BConcave+DConcave+3500 at IoU 0.25: 3933.333333333333
2025-07-26 22:17:40,203 - DEBUG - Collected collision time for BConcave+DConcave+3500 at IoU 0.3: 4000.0
2025-07-26 22:17:40,203 - DEBUG - Collected collision time for BConcave+DConcave+3500 at IoU 0.35: 4050.0
2025-07-26 22:17:40,204 - DEBUG - Collected collision time for BConcave+DConcave+3500 at IoU 0.4: 4150.0
2025-07-26 22:17:40,204 - DEBUG - Collected collision time for BConcave+DConcave+3500 at IoU 0.45: nan
2025-07-26 22:17:40,204 - DEBUG - Collected collision time for BConcave+DConcave+3500 at IoU 0.5: nan
2025-07-26 22:17:40,204 - DEBUG - Collected collision time for BConcave+DConcave+3500 at IoU 0.55: nan
2025-07-26 22:17:40,205 - DEBUG - Collected collision time for BConcave+DConcave+3500 at IoU 0.6: nan
2025-07-26 22:17:40,205 - DEBUG - Collected collision time for BConcave+DConcave+3500 at IoU 0.65: nan
2025-07-26 22:17:40,205 - DEBUG - Collected collision time for BConcave+DConcave+3500 at IoU 0.7: nan
2025-07-26 22:17:40,205 - DEBUG - Collected collision time for BConcave+DConcave+3500 at IoU 0.75: nan
2025-07-26 22:17:40,206 - DEBUG - Collected collision time for BConcave+DConcave+3500 at IoU 0.8: nan
2025-07-26 22:17:40,206 - DEBUG - Collected collision time for BConcave+DConcave+3500 at IoU 0.85: nan
2025-07-26 22:17:40,206 - DEBUG - Collected collision time for BConcave+DConcave+3500 at IoU 0.9: nan
2025-07-26 22:17:40,207 - DEBUG - Collected collision time for BConcave+DConcave+3500 at IoU 0.95: nan
2025-07-26 22:17:40,207 - DEBUG - Collected collision time for BConcave+DConcave+3700_flipped at IoU 0.05: 4033.333333333333
2025-07-26 22:17:40,207 - DEBUG - Collected collision time for BConcave+DConcave+3700_flipped at IoU 0.1: 4100.0
2025-07-26 22:17:40,207 - DEBUG - Collected collision time for BConcave+DConcave+3700_flipped at IoU 0.15: 4200.0
2025-07-26 22:17:40,208 - DEBUG - Collected collision time for BConcave+DConcave+3700_flipped at IoU 0.2: 4283.333333333333
2025-07-26 22:17:40,208 - DEBUG - Collected collision time for BConcave+DConcave+3700_flipped at IoU 0.25: nan
2025-07-26 22:17:40,208 - DEBUG - Collected collision time for BConcave+DConcave+3700_flipped at IoU 0.3: nan
2025-07-26 22:17:40,208 - DEBUG - Collected collision time for BConcave+DConcave+3700_flipped at IoU 0.35: nan
2025-07-26 22:17:40,209 - DEBUG - Collected collision time for BConcave+DConcave+3700_flipped at IoU 0.4: nan
2025-07-26 22:17:40,209 - DEBUG - Collected collision time for BConcave+DConcave+3700_flipped at IoU 0.45: nan
2025-07-26 22:17:40,209 - DEBUG - Collected collision time for BConcave+DConcave+3700_flipped at IoU 0.5: nan
2025-07-26 22:17:40,209 - DEBUG - Collected collision time for BConcave+DConcave+3700_flipped at IoU 0.55: nan
2025-07-26 22:17:40,210 - DEBUG - Collected collision time for BConcave+DConcave+3700_flipped at IoU 0.6: nan
2025-07-26 22:17:40,210 - DEBUG - Collected collision time for BConcave+DConcave+3700_flipped at IoU 0.65: nan
2025-07-26 22:17:40,210 - DEBUG - Collected collision time for BConcave+DConcave+3700_flipped at IoU 0.7: nan
2025-07-26 22:17:40,210 - DEBUG - Collected collision time for BConcave+DConcave+3700_flipped at IoU 0.75: nan
2025-07-26 22:17:40,211 - DEBUG - Collected collision time for BConcave+DConcave+3700_flipped at IoU 0.8: nan
2025-07-26 22:17:40,211 - DEBUG - Collected collision time for BConcave+DConcave+3700_flipped at IoU 0.85: nan
2025-07-26 22:17:40,211 - DEBUG - Collected collision time for BConcave+DConcave+3700_flipped at IoU 0.9: nan
2025-07-26 22:17:40,212 - DEBUG - Collected collision time for BConcave+DConcave+3700_flipped at IoU 0.95: nan
2025-07-26 22:17:40,212 - DEBUG - Collected collision time for BConcave+DConcave+3900 at IoU 0.05: 4050.0
2025-07-26 22:17:40,212 - DEBUG - Collected collision time for BConcave+DConcave+3900 at IoU 0.1: 4116.666666666666
2025-07-26 22:17:40,212 - DEBUG - Collected collision time for BConcave+DConcave+3900 at IoU 0.15: 4183.333333333334
2025-07-26 22:17:40,213 - DEBUG - Collected collision time for BConcave+DConcave+3900 at IoU 0.2: 4283.333333333333
2025-07-26 22:17:40,213 - DEBUG - Collected collision time for BConcave+DConcave+3900 at IoU 0.25: 4383.333333333334
2025-07-26 22:17:40,213 - DEBUG - Collected collision time for BConcave+DConcave+3900 at IoU 0.3: nan
2025-07-26 22:17:40,213 - DEBUG - Collected collision time for BConcave+DConcave+3900 at IoU 0.35: nan
2025-07-26 22:17:40,214 - DEBUG - Collected collision time for BConcave+DConcave+3900 at IoU 0.4: nan
2025-07-26 22:17:40,214 - DEBUG - Collected collision time for BConcave+DConcave+3900 at IoU 0.45: nan
2025-07-26 22:17:40,214 - DEBUG - Collected collision time for BConcave+DConcave+3900 at IoU 0.5: nan
2025-07-26 22:17:40,214 - DEBUG - Collected collision time for BConcave+DConcave+3900 at IoU 0.55: nan
2025-07-26 22:17:40,215 - DEBUG - Collected collision time for BConcave+DConcave+3900 at IoU 0.6: nan
2025-07-26 22:17:40,215 - DEBUG - Collected collision time for BConcave+DConcave+3900 at IoU 0.65: nan
2025-07-26 22:17:40,215 - DEBUG - Collected collision time for BConcave+DConcave+3900 at IoU 0.7: nan
2025-07-26 22:17:40,215 - DEBUG - Collected collision time for BConcave+DConcave+3900 at IoU 0.75: nan
2025-07-26 22:17:40,216 - DEBUG - Collected collision time for BConcave+DConcave+3900 at IoU 0.8: nan
2025-07-26 22:17:40,216 - DEBUG - Collected collision time for BConcave+DConcave+3900 at IoU 0.85: nan
2025-07-26 22:17:40,216 - DEBUG - Collected collision time for BConcave+DConcave+3900 at IoU 0.9: nan
2025-07-26 22:17:40,217 - DEBUG - Collected collision time for BConcave+DConcave+3900 at IoU 0.95: nan
2025-07-26 22:17:40,217 - DEBUG - Collected collision time for BConcave+DConcave+4100_flipped at IoU 0.05: 4383.333333333334
2025-07-26 22:17:40,217 - DEBUG - Collected collision time for BConcave+DConcave+4100_flipped at IoU 0.1: 4466.666666666667
2025-07-26 22:17:40,217 - DEBUG - Collected collision time for BConcave+DConcave+4100_flipped at IoU 0.15: 4500.0
2025-07-26 22:17:40,218 - DEBUG - Collected collision time for BConcave+DConcave+4100_flipped at IoU 0.2: 4566.666666666666
2025-07-26 22:17:40,218 - DEBUG - Collected collision time for BConcave+DConcave+4100_flipped at IoU 0.25: 4633.333333333334
2025-07-26 22:17:40,218 - DEBUG - Collected collision time for BConcave+DConcave+4100_flipped at IoU 0.3: 4783.333333333333
2025-07-26 22:17:40,218 - DEBUG - Collected collision time for BConcave+DConcave+4100_flipped at IoU 0.35: nan
2025-07-26 22:17:40,219 - DEBUG - Collected collision time for BConcave+DConcave+4100_flipped at IoU 0.4: nan
2025-07-26 22:17:40,219 - DEBUG - Collected collision time for BConcave+DConcave+4100_flipped at IoU 0.45: nan
2025-07-26 22:17:40,219 - DEBUG - Collected collision time for BConcave+DConcave+4100_flipped at IoU 0.5: nan
2025-07-26 22:17:40,219 - DEBUG - Collected collision time for BConcave+DConcave+4100_flipped at IoU 0.55: nan
2025-07-26 22:17:40,219 - DEBUG - Collected collision time for BConcave+DConcave+4100_flipped at IoU 0.6: nan
2025-07-26 22:17:40,220 - DEBUG - Collected collision time for BConcave+DConcave+4100_flipped at IoU 0.65: nan
2025-07-26 22:17:40,220 - DEBUG - Collected collision time for BConcave+DConcave+4100_flipped at IoU 0.7: nan
2025-07-26 22:17:40,220 - DEBUG - Collected collision time for BConcave+DConcave+4100_flipped at IoU 0.75: nan
2025-07-26 22:17:40,220 - DEBUG - Collected collision time for BConcave+DConcave+4100_flipped at IoU 0.8: nan
2025-07-26 22:17:40,221 - DEBUG - Collected collision time for BConcave+DConcave+4100_flipped at IoU 0.85: nan
2025-07-26 22:17:40,221 - DEBUG - Collected collision time for BConcave+DConcave+4100_flipped at IoU 0.9: nan
2025-07-26 22:17:40,221 - DEBUG - Collected collision time for BConcave+DConcave+4100_flipped at IoU 0.95: nan
2025-07-26 22:17:40,221 - DEBUG - Collected collision time for BConcave+DConcave+4300 at IoU 0.05: 4833.333333333333
2025-07-26 22:17:40,222 - DEBUG - Collected collision time for BConcave+DConcave+4300 at IoU 0.1: 4900.0
2025-07-26 22:17:40,222 - DEBUG - Collected collision time for BConcave+DConcave+4300 at IoU 0.15: 4950.0
2025-07-26 22:17:40,222 - DEBUG - Collected collision time for BConcave+DConcave+4300 at IoU 0.2: 4983.333333333333
2025-07-26 22:17:40,223 - DEBUG - Collected collision time for BConcave+DConcave+4300 at IoU 0.25: 5050.0
2025-07-26 22:17:40,223 - DEBUG - Collected collision time for BConcave+DConcave+4300 at IoU 0.3: 5100.0
2025-07-26 22:17:40,223 - DEBUG - Collected collision time for BConcave+DConcave+4300 at IoU 0.35: 5133.333333333334
2025-07-26 22:17:40,223 - DEBUG - Collected collision time for BConcave+DConcave+4300 at IoU 0.4: nan
2025-07-26 22:17:40,224 - DEBUG - Collected collision time for BConcave+DConcave+4300 at IoU 0.45: nan
2025-07-26 22:17:40,224 - DEBUG - Collected collision time for BConcave+DConcave+4300 at IoU 0.5: nan
2025-07-26 22:17:40,224 - DEBUG - Collected collision time for BConcave+DConcave+4300 at IoU 0.55: nan
2025-07-26 22:17:40,224 - DEBUG - Collected collision time for BConcave+DConcave+4300 at IoU 0.6: nan
2025-07-26 22:17:40,225 - DEBUG - Collected collision time for BConcave+DConcave+4300 at IoU 0.65: nan
2025-07-26 22:17:40,225 - DEBUG - Collected collision time for BConcave+DConcave+4300 at IoU 0.7: nan
2025-07-26 22:17:40,225 - DEBUG - Collected collision time for BConcave+DConcave+4300 at IoU 0.75: nan
2025-07-26 22:17:40,225 - DEBUG - Collected collision time for BConcave+DConcave+4300 at IoU 0.8: nan
2025-07-26 22:17:40,226 - DEBUG - Collected collision time for BConcave+DConcave+4300 at IoU 0.85: nan
2025-07-26 22:17:40,226 - DEBUG - Collected collision time for BConcave+DConcave+4300 at IoU 0.9: nan
2025-07-26 22:17:40,226 - DEBUG - Collected collision time for BConcave+DConcave+4300 at IoU 0.95: nan
2025-07-26 22:17:40,226 - DEBUG - Collected collision time for BConcave+DConcave+4500_flipped at IoU 0.05: 4933.333333333334
2025-07-26 22:17:40,227 - DEBUG - Collected collision time for BConcave+DConcave+4500_flipped at IoU 0.1: 5066.666666666666
2025-07-26 22:17:40,227 - DEBUG - Collected collision time for BConcave+DConcave+4500_flipped at IoU 0.15: 5083.333333333333
2025-07-26 22:17:40,227 - DEBUG - Collected collision time for BConcave+DConcave+4500_flipped at IoU 0.2: 5150.0
2025-07-26 22:17:40,227 - DEBUG - Collected collision time for BConcave+DConcave+4500_flipped at IoU 0.25: nan
2025-07-26 22:17:40,228 - DEBUG - Collected collision time for BConcave+DConcave+4500_flipped at IoU 0.3: nan
2025-07-26 22:17:40,228 - DEBUG - Collected collision time for BConcave+DConcave+4500_flipped at IoU 0.35: nan
2025-07-26 22:17:40,228 - DEBUG - Collected collision time for BConcave+DConcave+4500_flipped at IoU 0.4: nan
2025-07-26 22:17:40,228 - DEBUG - Collected collision time for BConcave+DConcave+4500_flipped at IoU 0.45: nan
2025-07-26 22:17:40,228 - DEBUG - Collected collision time for BConcave+DConcave+4500_flipped at IoU 0.5: nan
2025-07-26 22:17:40,229 - DEBUG - Collected collision time for BConcave+DConcave+4500_flipped at IoU 0.55: nan
2025-07-26 22:17:40,229 - DEBUG - Collected collision time for BConcave+DConcave+4500_flipped at IoU 0.6: nan
2025-07-26 22:17:40,229 - DEBUG - Collected collision time for BConcave+DConcave+4500_flipped at IoU 0.65: nan
2025-07-26 22:17:40,230 - DEBUG - Collected collision time for BConcave+DConcave+4500_flipped at IoU 0.7: nan
2025-07-26 22:17:40,230 - DEBUG - Collected collision time for BConcave+DConcave+4500_flipped at IoU 0.75: nan
2025-07-26 22:17:40,230 - DEBUG - Collected collision time for BConcave+DConcave+4500_flipped at IoU 0.8: nan
2025-07-26 22:17:40,230 - DEBUG - Collected collision time for BConcave+DConcave+4500_flipped at IoU 0.85: nan
2025-07-26 22:17:40,231 - DEBUG - Collected collision time for BConcave+DConcave+4500_flipped at IoU 0.9: nan
2025-07-26 22:17:40,231 - DEBUG - Collected collision time for BConcave+DConcave+4500_flipped at IoU 0.95: nan
2025-07-26 22:17:40,231 - DEBUG - Collected collision time for BConcave+DConvex+3500_flipped at IoU 0.05: nan
2025-07-26 22:17:40,231 - DEBUG - Collected collision time for BConcave+DConvex+3500_flipped at IoU 0.1: nan
2025-07-26 22:17:40,232 - DEBUG - Collected collision time for BConcave+DConvex+3500_flipped at IoU 0.15: nan
2025-07-26 22:17:40,232 - DEBUG - Collected collision time for BConcave+DConvex+3500_flipped at IoU 0.2: nan
2025-07-26 22:17:40,232 - DEBUG - Collected collision time for BConcave+DConvex+3500_flipped at IoU 0.25: nan
2025-07-26 22:17:40,232 - DEBUG - Collected collision time for BConcave+DConvex+3500_flipped at IoU 0.3: nan
2025-07-26 22:17:40,233 - DEBUG - Collected collision time for BConcave+DConvex+3500_flipped at IoU 0.35: nan
2025-07-26 22:17:40,233 - DEBUG - Collected collision time for BConcave+DConvex+3500_flipped at IoU 0.4: nan
2025-07-26 22:17:40,233 - DEBUG - Collected collision time for BConcave+DConvex+3500_flipped at IoU 0.45: nan
2025-07-26 22:17:40,233 - DEBUG - Collected collision time for BConcave+DConvex+3500_flipped at IoU 0.5: nan
2025-07-26 22:17:40,234 - DEBUG - Collected collision time for BConcave+DConvex+3500_flipped at IoU 0.55: nan
2025-07-26 22:17:40,234 - DEBUG - Collected collision time for BConcave+DConvex+3500_flipped at IoU 0.6: nan
2025-07-26 22:17:40,234 - DEBUG - Collected collision time for BConcave+DConvex+3500_flipped at IoU 0.65: nan
2025-07-26 22:17:40,234 - DEBUG - Collected collision time for BConcave+DConvex+3500_flipped at IoU 0.7: nan
2025-07-26 22:17:40,235 - DEBUG - Collected collision time for BConcave+DConvex+3500_flipped at IoU 0.75: nan
2025-07-26 22:17:40,235 - DEBUG - Collected collision time for BConcave+DConvex+3500_flipped at IoU 0.8: nan
2025-07-26 22:17:40,235 - DEBUG - Collected collision time for BConcave+DConvex+3500_flipped at IoU 0.85: nan
2025-07-26 22:17:40,235 - DEBUG - Collected collision time for BConcave+DConvex+3500_flipped at IoU 0.9: nan
2025-07-26 22:17:40,236 - DEBUG - Collected collision time for BConcave+DConvex+3500_flipped at IoU 0.95: nan
2025-07-26 22:17:40,236 - DEBUG - Collected collision time for BConcave+DConvex+3700 at IoU 0.05: nan
2025-07-26 22:17:40,236 - DEBUG - Collected collision time for BConcave+DConvex+3700 at IoU 0.1: nan
2025-07-26 22:17:40,237 - DEBUG - Collected collision time for BConcave+DConvex+3700 at IoU 0.15: nan
2025-07-26 22:17:40,237 - DEBUG - Collected collision time for BConcave+DConvex+3700 at IoU 0.2: nan
2025-07-26 22:17:40,237 - DEBUG - Collected collision time for BConcave+DConvex+3700 at IoU 0.25: nan
2025-07-26 22:17:40,237 - DEBUG - Collected collision time for BConcave+DConvex+3700 at IoU 0.3: nan
2025-07-26 22:17:40,237 - DEBUG - Collected collision time for BConcave+DConvex+3700 at IoU 0.35: nan
2025-07-26 22:17:40,238 - DEBUG - Collected collision time for BConcave+DConvex+3700 at IoU 0.4: nan
2025-07-26 22:17:40,238 - DEBUG - Collected collision time for BConcave+DConvex+3700 at IoU 0.45: nan
2025-07-26 22:17:40,238 - DEBUG - Collected collision time for BConcave+DConvex+3700 at IoU 0.5: nan
2025-07-26 22:17:40,238 - DEBUG - Collected collision time for BConcave+DConvex+3700 at IoU 0.55: nan
2025-07-26 22:17:40,239 - DEBUG - Collected collision time for BConcave+DConvex+3700 at IoU 0.6: nan
2025-07-26 22:17:40,239 - DEBUG - Collected collision time for BConcave+DConvex+3700 at IoU 0.65: nan
2025-07-26 22:17:40,239 - DEBUG - Collected collision time for BConcave+DConvex+3700 at IoU 0.7: nan
2025-07-26 22:17:40,239 - DEBUG - Collected collision time for BConcave+DConvex+3700 at IoU 0.75: nan
2025-07-26 22:17:40,240 - DEBUG - Collected collision time for BConcave+DConvex+3700 at IoU 0.8: nan
2025-07-26 22:17:40,240 - DEBUG - Collected collision time for BConcave+DConvex+3700 at IoU 0.85: nan
2025-07-26 22:17:40,240 - DEBUG - Collected collision time for BConcave+DConvex+3700 at IoU 0.9: nan
2025-07-26 22:17:40,240 - DEBUG - Collected collision time for BConcave+DConvex+3700 at IoU 0.95: nan
2025-07-26 22:17:40,241 - DEBUG - Collected collision time for BConcave+DConvex+3900_flipped at IoU 0.05: 4483.333333333333
2025-07-26 22:17:40,241 - DEBUG - Collected collision time for BConcave+DConvex+3900_flipped at IoU 0.1: 4766.666666666667
2025-07-26 22:17:40,241 - DEBUG - Collected collision time for BConcave+DConvex+3900_flipped at IoU 0.15: 4866.666666666666
2025-07-26 22:17:40,242 - DEBUG - Collected collision time for BConcave+DConvex+3900_flipped at IoU 0.2: 4866.666666666666
2025-07-26 22:17:40,242 - DEBUG - Collected collision time for BConcave+DConvex+3900_flipped at IoU 0.25: 5033.333333333333
2025-07-26 22:17:40,242 - DEBUG - Collected collision time for BConcave+DConvex+3900_flipped at IoU 0.3: 5033.333333333333
2025-07-26 22:17:40,242 - DEBUG - Collected collision time for BConcave+DConvex+3900_flipped at IoU 0.35: 5050.0
2025-07-26 22:17:40,243 - DEBUG - Collected collision time for BConcave+DConvex+3900_flipped at IoU 0.4: 5050.0
2025-07-26 22:17:40,243 - DEBUG - Collected collision time for BConcave+DConvex+3900_flipped at IoU 0.45: nan
2025-07-26 22:17:40,243 - DEBUG - Collected collision time for BConcave+DConvex+3900_flipped at IoU 0.5: nan
2025-07-26 22:17:40,243 - DEBUG - Collected collision time for BConcave+DConvex+3900_flipped at IoU 0.55: nan
2025-07-26 22:17:40,244 - DEBUG - Collected collision time for BConcave+DConvex+3900_flipped at IoU 0.6: nan
2025-07-26 22:17:40,244 - DEBUG - Collected collision time for BConcave+DConvex+3900_flipped at IoU 0.65: nan
2025-07-26 22:17:40,244 - DEBUG - Collected collision time for BConcave+DConvex+3900_flipped at IoU 0.7: nan
2025-07-26 22:17:40,244 - DEBUG - Collected collision time for BConcave+DConvex+3900_flipped at IoU 0.75: nan
2025-07-26 22:17:40,244 - DEBUG - Collected collision time for BConcave+DConvex+3900_flipped at IoU 0.8: nan
2025-07-26 22:17:40,245 - DEBUG - Collected collision time for BConcave+DConvex+3900_flipped at IoU 0.85: nan
2025-07-26 22:17:40,245 - DEBUG - Collected collision time for BConcave+DConvex+3900_flipped at IoU 0.9: nan
2025-07-26 22:17:40,245 - DEBUG - Collected collision time for BConcave+DConvex+3900_flipped at IoU 0.95: nan
2025-07-26 22:17:40,246 - DEBUG - Collected collision time for BConcave+DConvex+4100 at IoU 0.05: nan
2025-07-26 22:17:40,246 - DEBUG - Collected collision time for BConcave+DConvex+4100 at IoU 0.1: nan
2025-07-26 22:17:40,246 - DEBUG - Collected collision time for BConcave+DConvex+4100 at IoU 0.15: nan
2025-07-26 22:17:40,246 - DEBUG - Collected collision time for BConcave+DConvex+4100 at IoU 0.2: nan
2025-07-26 22:17:40,247 - DEBUG - Collected collision time for BConcave+DConvex+4100 at IoU 0.25: nan
2025-07-26 22:17:40,247 - DEBUG - Collected collision time for BConcave+DConvex+4100 at IoU 0.3: nan
2025-07-26 22:17:40,247 - DEBUG - Collected collision time for BConcave+DConvex+4100 at IoU 0.35: nan
2025-07-26 22:17:40,247 - DEBUG - Collected collision time for BConcave+DConvex+4100 at IoU 0.4: nan
2025-07-26 22:17:40,248 - DEBUG - Collected collision time for BConcave+DConvex+4100 at IoU 0.45: nan
2025-07-26 22:17:40,248 - DEBUG - Collected collision time for BConcave+DConvex+4100 at IoU 0.5: nan
2025-07-26 22:17:40,248 - DEBUG - Collected collision time for BConcave+DConvex+4100 at IoU 0.55: nan
2025-07-26 22:17:40,249 - DEBUG - Collected collision time for BConcave+DConvex+4100 at IoU 0.6: nan
2025-07-26 22:17:40,249 - DEBUG - Collected collision time for BConcave+DConvex+4100 at IoU 0.65: nan
2025-07-26 22:17:40,249 - DEBUG - Collected collision time for BConcave+DConvex+4100 at IoU 0.7: nan
2025-07-26 22:17:40,249 - DEBUG - Collected collision time for BConcave+DConvex+4100 at IoU 0.75: nan
2025-07-26 22:17:40,250 - DEBUG - Collected collision time for BConcave+DConvex+4100 at IoU 0.8: nan
2025-07-26 22:17:40,250 - DEBUG - Collected collision time for BConcave+DConvex+4100 at IoU 0.85: nan
2025-07-26 22:17:40,250 - DEBUG - Collected collision time for BConcave+DConvex+4100 at IoU 0.9: nan
2025-07-26 22:17:40,250 - DEBUG - Collected collision time for BConcave+DConvex+4100 at IoU 0.95: nan
2025-07-26 22:17:40,251 - DEBUG - Collected collision time for BConcave+DConvex+4300_flipped at IoU 0.05: 5233.333333333333
2025-07-26 22:17:40,251 - DEBUG - Collected collision time for BConcave+DConvex+4300_flipped at IoU 0.1: 5250.0
2025-07-26 22:17:40,251 - DEBUG - Collected collision time for BConcave+DConvex+4300_flipped at IoU 0.15: 5333.333333333333
2025-07-26 22:17:40,251 - DEBUG - Collected collision time for BConcave+DConvex+4300_flipped at IoU 0.2: 5416.666666666667
2025-07-26 22:17:40,252 - DEBUG - Collected collision time for BConcave+DConvex+4300_flipped at IoU 0.25: 5450.0
2025-07-26 22:17:40,252 - DEBUG - Collected collision time for BConcave+DConvex+4300_flipped at IoU 0.3: nan
2025-07-26 22:17:40,252 - DEBUG - Collected collision time for BConcave+DConvex+4300_flipped at IoU 0.35: nan
2025-07-26 22:17:40,252 - DEBUG - Collected collision time for BConcave+DConvex+4300_flipped at IoU 0.4: nan
2025-07-26 22:17:40,253 - DEBUG - Collected collision time for BConcave+DConvex+4300_flipped at IoU 0.45: nan
2025-07-26 22:17:40,253 - DEBUG - Collected collision time for BConcave+DConvex+4300_flipped at IoU 0.5: nan
2025-07-26 22:17:40,253 - DEBUG - Collected collision time for BConcave+DConvex+4300_flipped at IoU 0.55: nan
2025-07-26 22:17:40,254 - DEBUG - Collected collision time for BConcave+DConvex+4300_flipped at IoU 0.6: nan
2025-07-26 22:17:40,254 - DEBUG - Collected collision time for BConcave+DConvex+4300_flipped at IoU 0.65: nan
2025-07-26 22:17:40,254 - DEBUG - Collected collision time for BConcave+DConvex+4300_flipped at IoU 0.7: nan
2025-07-26 22:17:40,254 - DEBUG - Collected collision time for BConcave+DConvex+4300_flipped at IoU 0.75: nan
2025-07-26 22:17:40,254 - DEBUG - Collected collision time for BConcave+DConvex+4300_flipped at IoU 0.8: nan
2025-07-26 22:17:40,255 - DEBUG - Collected collision time for BConcave+DConvex+4300_flipped at IoU 0.85: nan
2025-07-26 22:17:40,255 - DEBUG - Collected collision time for BConcave+DConvex+4300_flipped at IoU 0.9: nan
2025-07-26 22:17:40,255 - DEBUG - Collected collision time for BConcave+DConvex+4300_flipped at IoU 0.95: nan
2025-07-26 22:17:40,256 - DEBUG - Collected collision time for BConcave+DConvex+4500 at IoU 0.05: 5166.666666666667
2025-07-26 22:17:40,256 - DEBUG - Collected collision time for BConcave+DConvex+4500 at IoU 0.1: 5350.0
2025-07-26 22:17:40,256 - DEBUG - Collected collision time for BConcave+DConvex+4500 at IoU 0.15: nan
2025-07-26 22:17:40,256 - DEBUG - Collected collision time for BConcave+DConvex+4500 at IoU 0.2: nan
2025-07-26 22:17:40,257 - DEBUG - Collected collision time for BConcave+DConvex+4500 at IoU 0.25: nan
2025-07-26 22:17:40,257 - DEBUG - Collected collision time for BConcave+DConvex+4500 at IoU 0.3: nan
2025-07-26 22:17:40,257 - DEBUG - Collected collision time for BConcave+DConvex+4500 at IoU 0.35: nan
2025-07-26 22:17:40,257 - DEBUG - Collected collision time for BConcave+DConvex+4500 at IoU 0.4: nan
2025-07-26 22:17:40,258 - DEBUG - Collected collision time for BConcave+DConvex+4500 at IoU 0.45: nan
2025-07-26 22:17:40,258 - DEBUG - Collected collision time for BConcave+DConvex+4500 at IoU 0.5: nan
2025-07-26 22:17:40,258 - DEBUG - Collected collision time for BConcave+DConvex+4500 at IoU 0.55: nan
2025-07-26 22:17:40,258 - DEBUG - Collected collision time for BConcave+DConvex+4500 at IoU 0.6: nan
2025-07-26 22:17:40,259 - DEBUG - Collected collision time for BConcave+DConvex+4500 at IoU 0.65: nan
2025-07-26 22:17:40,259 - DEBUG - Collected collision time for BConcave+DConvex+4500 at IoU 0.7: nan
2025-07-26 22:17:40,259 - DEBUG - Collected collision time for BConcave+DConvex+4500 at IoU 0.75: nan
2025-07-26 22:17:40,259 - DEBUG - Collected collision time for BConcave+DConvex+4500 at IoU 0.8: nan
2025-07-26 22:17:40,260 - DEBUG - Collected collision time for BConcave+DConvex+4500 at IoU 0.85: nan
2025-07-26 22:17:40,260 - DEBUG - Collected collision time for BConcave+DConvex+4500 at IoU 0.9: nan
2025-07-26 22:17:40,260 - DEBUG - Collected collision time for BConcave+DConvex+4500 at IoU 0.95: nan
2025-07-26 22:17:40,260 - DEBUG - Collected collision time for BConcave+EConcave+3500_flipped at IoU 0.05: 3750.0
2025-07-26 22:17:40,261 - DEBUG - Collected collision time for BConcave+EConcave+3500_flipped at IoU 0.1: 3883.3333333333335
2025-07-26 22:17:40,261 - DEBUG - Collected collision time for BConcave+EConcave+3500_flipped at IoU 0.15: 3983.3333333333335
2025-07-26 22:17:40,261 - DEBUG - Collected collision time for BConcave+EConcave+3500_flipped at IoU 0.2: nan
2025-07-26 22:17:40,261 - DEBUG - Collected collision time for BConcave+EConcave+3500_flipped at IoU 0.25: nan
2025-07-26 22:17:40,262 - DEBUG - Collected collision time for BConcave+EConcave+3500_flipped at IoU 0.3: nan
2025-07-26 22:17:40,262 - DEBUG - Collected collision time for BConcave+EConcave+3500_flipped at IoU 0.35: nan
2025-07-26 22:17:40,262 - DEBUG - Collected collision time for BConcave+EConcave+3500_flipped at IoU 0.4: nan
2025-07-26 22:17:40,262 - DEBUG - Collected collision time for BConcave+EConcave+3500_flipped at IoU 0.45: nan
2025-07-26 22:17:40,262 - DEBUG - Collected collision time for BConcave+EConcave+3500_flipped at IoU 0.5: nan
2025-07-26 22:17:40,263 - DEBUG - Collected collision time for BConcave+EConcave+3500_flipped at IoU 0.55: nan
2025-07-26 22:17:40,263 - DEBUG - Collected collision time for BConcave+EConcave+3500_flipped at IoU 0.6: nan
2025-07-26 22:17:40,263 - DEBUG - Collected collision time for BConcave+EConcave+3500_flipped at IoU 0.65: nan
2025-07-26 22:17:40,263 - DEBUG - Collected collision time for BConcave+EConcave+3500_flipped at IoU 0.7: nan
2025-07-26 22:17:40,264 - DEBUG - Collected collision time for BConcave+EConcave+3500_flipped at IoU 0.75: nan
2025-07-26 22:17:40,264 - DEBUG - Collected collision time for BConcave+EConcave+3500_flipped at IoU 0.8: nan
2025-07-26 22:17:40,264 - DEBUG - Collected collision time for BConcave+EConcave+3500_flipped at IoU 0.85: nan
2025-07-26 22:17:40,264 - DEBUG - Collected collision time for BConcave+EConcave+3500_flipped at IoU 0.9: nan
2025-07-26 22:17:40,265 - DEBUG - Collected collision time for BConcave+EConcave+3500_flipped at IoU 0.95: nan
2025-07-26 22:17:40,265 - DEBUG - Collected collision time for BConcave+EConcave+3700 at IoU 0.05: 3950.0
2025-07-26 22:17:40,265 - DEBUG - Collected collision time for BConcave+EConcave+3700 at IoU 0.1: 4050.0
2025-07-26 22:17:40,265 - DEBUG - Collected collision time for BConcave+EConcave+3700 at IoU 0.15: 4150.0
2025-07-26 22:17:40,266 - DEBUG - Collected collision time for BConcave+EConcave+3700 at IoU 0.2: nan
2025-07-26 22:17:40,266 - DEBUG - Collected collision time for BConcave+EConcave+3700 at IoU 0.25: nan
2025-07-26 22:17:40,266 - DEBUG - Collected collision time for BConcave+EConcave+3700 at IoU 0.3: nan
2025-07-26 22:17:40,266 - DEBUG - Collected collision time for BConcave+EConcave+3700 at IoU 0.35: nan
2025-07-26 22:17:40,267 - DEBUG - Collected collision time for BConcave+EConcave+3700 at IoU 0.4: nan
2025-07-26 22:17:40,267 - DEBUG - Collected collision time for BConcave+EConcave+3700 at IoU 0.45: nan
2025-07-26 22:17:40,267 - DEBUG - Collected collision time for BConcave+EConcave+3700 at IoU 0.5: nan
2025-07-26 22:17:40,267 - DEBUG - Collected collision time for BConcave+EConcave+3700 at IoU 0.55: nan
2025-07-26 22:17:40,268 - DEBUG - Collected collision time for BConcave+EConcave+3700 at IoU 0.6: nan
2025-07-26 22:17:40,268 - DEBUG - Collected collision time for BConcave+EConcave+3700 at IoU 0.65: nan
2025-07-26 22:17:40,268 - DEBUG - Collected collision time for BConcave+EConcave+3700 at IoU 0.7: nan
2025-07-26 22:17:40,268 - DEBUG - Collected collision time for BConcave+EConcave+3700 at IoU 0.75: nan
2025-07-26 22:17:40,269 - DEBUG - Collected collision time for BConcave+EConcave+3700 at IoU 0.8: nan
2025-07-26 22:17:40,269 - DEBUG - Collected collision time for BConcave+EConcave+3700 at IoU 0.85: nan
2025-07-26 22:17:40,269 - DEBUG - Collected collision time for BConcave+EConcave+3700 at IoU 0.9: nan
2025-07-26 22:17:40,269 - DEBUG - Collected collision time for BConcave+EConcave+3700 at IoU 0.95: nan
2025-07-26 22:17:40,270 - DEBUG - Collected collision time for BConcave+EConcave+3900_flipped at IoU 0.05: 4366.666666666666
2025-07-26 22:17:40,270 - DEBUG - Collected collision time for BConcave+EConcave+3900_flipped at IoU 0.1: nan
2025-07-26 22:17:40,270 - DEBUG - Collected collision time for BConcave+EConcave+3900_flipped at IoU 0.15: nan
2025-07-26 22:17:40,270 - DEBUG - Collected collision time for BConcave+EConcave+3900_flipped at IoU 0.2: nan
2025-07-26 22:17:40,271 - DEBUG - Collected collision time for BConcave+EConcave+3900_flipped at IoU 0.25: nan
2025-07-26 22:17:40,271 - DEBUG - Collected collision time for BConcave+EConcave+3900_flipped at IoU 0.3: nan
2025-07-26 22:17:40,271 - DEBUG - Collected collision time for BConcave+EConcave+3900_flipped at IoU 0.35: nan
2025-07-26 22:17:40,271 - DEBUG - Collected collision time for BConcave+EConcave+3900_flipped at IoU 0.4: nan
2025-07-26 22:17:40,272 - DEBUG - Collected collision time for BConcave+EConcave+3900_flipped at IoU 0.45: nan
2025-07-26 22:17:40,272 - DEBUG - Collected collision time for BConcave+EConcave+3900_flipped at IoU 0.5: nan
2025-07-26 22:17:40,272 - DEBUG - Collected collision time for BConcave+EConcave+3900_flipped at IoU 0.55: nan
2025-07-26 22:17:40,273 - DEBUG - Collected collision time for BConcave+EConcave+3900_flipped at IoU 0.6: nan
2025-07-26 22:17:40,273 - DEBUG - Collected collision time for BConcave+EConcave+3900_flipped at IoU 0.65: nan
2025-07-26 22:17:40,273 - DEBUG - Collected collision time for BConcave+EConcave+3900_flipped at IoU 0.7: nan
2025-07-26 22:17:40,273 - DEBUG - Collected collision time for BConcave+EConcave+3900_flipped at IoU 0.75: nan
2025-07-26 22:17:40,274 - DEBUG - Collected collision time for BConcave+EConcave+3900_flipped at IoU 0.8: nan
2025-07-26 22:17:40,274 - DEBUG - Collected collision time for BConcave+EConcave+3900_flipped at IoU 0.85: nan
2025-07-26 22:17:40,274 - DEBUG - Collected collision time for BConcave+EConcave+3900_flipped at IoU 0.9: nan
2025-07-26 22:17:40,274 - DEBUG - Collected collision time for BConcave+EConcave+3900_flipped at IoU 0.95: nan
2025-07-26 22:17:40,275 - DEBUG - Collected collision time for BConcave+EConcave+4100 at IoU 0.05: 4316.666666666666
2025-07-26 22:17:40,275 - DEBUG - Collected collision time for BConcave+EConcave+4100 at IoU 0.1: 4400.0
2025-07-26 22:17:40,275 - DEBUG - Collected collision time for BConcave+EConcave+4100 at IoU 0.15: nan
2025-07-26 22:17:40,275 - DEBUG - Collected collision time for BConcave+EConcave+4100 at IoU 0.2: nan
2025-07-26 22:17:40,276 - DEBUG - Collected collision time for BConcave+EConcave+4100 at IoU 0.25: nan
2025-07-26 22:17:40,276 - DEBUG - Collected collision time for BConcave+EConcave+4100 at IoU 0.3: nan
2025-07-26 22:17:40,276 - DEBUG - Collected collision time for BConcave+EConcave+4100 at IoU 0.35: nan
2025-07-26 22:17:40,276 - DEBUG - Collected collision time for BConcave+EConcave+4100 at IoU 0.4: nan
2025-07-26 22:17:40,277 - DEBUG - Collected collision time for BConcave+EConcave+4100 at IoU 0.45: nan
2025-07-26 22:17:40,277 - DEBUG - Collected collision time for BConcave+EConcave+4100 at IoU 0.5: nan
2025-07-26 22:17:40,277 - DEBUG - Collected collision time for BConcave+EConcave+4100 at IoU 0.55: nan
2025-07-26 22:17:40,277 - DEBUG - Collected collision time for BConcave+EConcave+4100 at IoU 0.6: nan
2025-07-26 22:17:40,278 - DEBUG - Collected collision time for BConcave+EConcave+4100 at IoU 0.65: nan
2025-07-26 22:17:40,278 - DEBUG - Collected collision time for BConcave+EConcave+4100 at IoU 0.7: nan
2025-07-26 22:17:40,278 - DEBUG - Collected collision time for BConcave+EConcave+4100 at IoU 0.75: nan
2025-07-26 22:17:40,278 - DEBUG - Collected collision time for BConcave+EConcave+4100 at IoU 0.8: nan
2025-07-26 22:17:40,279 - DEBUG - Collected collision time for BConcave+EConcave+4100 at IoU 0.85: nan
2025-07-26 22:17:40,279 - DEBUG - Collected collision time for BConcave+EConcave+4100 at IoU 0.9: nan
2025-07-26 22:17:40,279 - DEBUG - Collected collision time for BConcave+EConcave+4100 at IoU 0.95: nan
2025-07-26 22:17:40,279 - DEBUG - Collected collision time for BConcave+EConcave+4300_flipped at IoU 0.05: nan
2025-07-26 22:17:40,280 - DEBUG - Collected collision time for BConcave+EConcave+4300_flipped at IoU 0.1: nan
2025-07-26 22:17:40,280 - DEBUG - Collected collision time for BConcave+EConcave+4300_flipped at IoU 0.15: nan
2025-07-26 22:17:40,280 - DEBUG - Collected collision time for BConcave+EConcave+4300_flipped at IoU 0.2: nan
2025-07-26 22:17:40,281 - DEBUG - Collected collision time for BConcave+EConcave+4300_flipped at IoU 0.25: nan
2025-07-26 22:17:40,281 - DEBUG - Collected collision time for BConcave+EConcave+4300_flipped at IoU 0.3: nan
2025-07-26 22:17:40,281 - DEBUG - Collected collision time for BConcave+EConcave+4300_flipped at IoU 0.35: nan
2025-07-26 22:17:40,281 - DEBUG - Collected collision time for BConcave+EConcave+4300_flipped at IoU 0.4: nan
2025-07-26 22:17:40,281 - DEBUG - Collected collision time for BConcave+EConcave+4300_flipped at IoU 0.45: nan
2025-07-26 22:17:40,282 - DEBUG - Collected collision time for BConcave+EConcave+4300_flipped at IoU 0.5: nan
2025-07-26 22:17:40,282 - DEBUG - Collected collision time for BConcave+EConcave+4300_flipped at IoU 0.55: nan
2025-07-26 22:17:40,282 - DEBUG - Collected collision time for BConcave+EConcave+4300_flipped at IoU 0.6: nan
2025-07-26 22:17:40,282 - DEBUG - Collected collision time for BConcave+EConcave+4300_flipped at IoU 0.65: nan
2025-07-26 22:17:40,283 - DEBUG - Collected collision time for BConcave+EConcave+4300_flipped at IoU 0.7: nan
2025-07-26 22:17:40,283 - DEBUG - Collected collision time for BConcave+EConcave+4300_flipped at IoU 0.75: nan
2025-07-26 22:17:40,283 - DEBUG - Collected collision time for BConcave+EConcave+4300_flipped at IoU 0.8: nan
2025-07-26 22:17:40,284 - DEBUG - Collected collision time for BConcave+EConcave+4300_flipped at IoU 0.85: nan
2025-07-26 22:17:40,284 - DEBUG - Collected collision time for BConcave+EConcave+4300_flipped at IoU 0.9: nan
2025-07-26 22:17:40,284 - DEBUG - Collected collision time for BConcave+EConcave+4300_flipped at IoU 0.95: nan
2025-07-26 22:17:40,285 - DEBUG - Collected collision time for BConcave+EConcave+4500 at IoU 0.05: 4716.666666666667
2025-07-26 22:17:40,285 - DEBUG - Collected collision time for BConcave+EConcave+4500 at IoU 0.1: 4816.666666666666
2025-07-26 22:17:40,285 - DEBUG - Collected collision time for BConcave+EConcave+4500 at IoU 0.15: 4933.333333333334
2025-07-26 22:17:40,285 - DEBUG - Collected collision time for BConcave+EConcave+4500 at IoU 0.2: nan
2025-07-26 22:17:40,286 - DEBUG - Collected collision time for BConcave+EConcave+4500 at IoU 0.25: nan
2025-07-26 22:17:40,286 - DEBUG - Collected collision time for BConcave+EConcave+4500 at IoU 0.3: nan
2025-07-26 22:17:40,286 - DEBUG - Collected collision time for BConcave+EConcave+4500 at IoU 0.35: nan
2025-07-26 22:17:40,286 - DEBUG - Collected collision time for BConcave+EConcave+4500 at IoU 0.4: nan
2025-07-26 22:17:40,287 - DEBUG - Collected collision time for BConcave+EConcave+4500 at IoU 0.45: nan
2025-07-26 22:17:40,287 - DEBUG - Collected collision time for BConcave+EConcave+4500 at IoU 0.5: nan
2025-07-26 22:17:40,287 - DEBUG - Collected collision time for BConcave+EConcave+4500 at IoU 0.55: nan
2025-07-26 22:17:40,288 - DEBUG - Collected collision time for BConcave+EConcave+4500 at IoU 0.6: nan
2025-07-26 22:17:40,288 - DEBUG - Collected collision time for BConcave+EConcave+4500 at IoU 0.65: nan
2025-07-26 22:17:40,288 - DEBUG - Collected collision time for BConcave+EConcave+4500 at IoU 0.7: nan
2025-07-26 22:17:40,288 - DEBUG - Collected collision time for BConcave+EConcave+4500 at IoU 0.75: nan
2025-07-26 22:17:40,289 - DEBUG - Collected collision time for BConcave+EConcave+4500 at IoU 0.8: nan
2025-07-26 22:17:40,289 - DEBUG - Collected collision time for BConcave+EConcave+4500 at IoU 0.85: nan
2025-07-26 22:17:40,289 - DEBUG - Collected collision time for BConcave+EConcave+4500 at IoU 0.9: nan
2025-07-26 22:17:40,290 - DEBUG - Collected collision time for BConcave+EConcave+4500 at IoU 0.95: nan
2025-07-26 22:17:40,290 - DEBUG - Collected collision time for BConcave+EConvex+3500 at IoU 0.05: 3783.333333333333
2025-07-26 22:17:40,290 - DEBUG - Collected collision time for BConcave+EConvex+3500 at IoU 0.1: 3883.3333333333335
2025-07-26 22:17:40,290 - DEBUG - Collected collision time for BConcave+EConvex+3500 at IoU 0.15: 3966.666666666667
2025-07-26 22:17:40,291 - DEBUG - Collected collision time for BConcave+EConvex+3500 at IoU 0.2: 4050.0
2025-07-26 22:17:40,291 - DEBUG - Collected collision time for BConcave+EConvex+3500 at IoU 0.25: 4133.333333333334
2025-07-26 22:17:40,291 - DEBUG - Collected collision time for BConcave+EConvex+3500 at IoU 0.3: nan
2025-07-26 22:17:40,292 - DEBUG - Collected collision time for BConcave+EConvex+3500 at IoU 0.35: nan
2025-07-26 22:17:40,292 - DEBUG - Collected collision time for BConcave+EConvex+3500 at IoU 0.4: nan
2025-07-26 22:17:40,292 - DEBUG - Collected collision time for BConcave+EConvex+3500 at IoU 0.45: nan
2025-07-26 22:17:40,292 - DEBUG - Collected collision time for BConcave+EConvex+3500 at IoU 0.5: nan
2025-07-26 22:17:40,292 - DEBUG - Collected collision time for BConcave+EConvex+3500 at IoU 0.55: nan
2025-07-26 22:17:40,293 - DEBUG - Collected collision time for BConcave+EConvex+3500 at IoU 0.6: nan
2025-07-26 22:17:40,293 - DEBUG - Collected collision time for BConcave+EConvex+3500 at IoU 0.65: nan
2025-07-26 22:17:40,293 - DEBUG - Collected collision time for BConcave+EConvex+3500 at IoU 0.7: nan
2025-07-26 22:17:40,293 - DEBUG - Collected collision time for BConcave+EConvex+3500 at IoU 0.75: nan
2025-07-26 22:17:40,294 - DEBUG - Collected collision time for BConcave+EConvex+3500 at IoU 0.8: nan
2025-07-26 22:17:40,294 - DEBUG - Collected collision time for BConcave+EConvex+3500 at IoU 0.85: nan
2025-07-26 22:17:40,294 - DEBUG - Collected collision time for BConcave+EConvex+3500 at IoU 0.9: nan
2025-07-26 22:17:40,295 - DEBUG - Collected collision time for BConcave+EConvex+3500 at IoU 0.95: nan
2025-07-26 22:17:40,295 - DEBUG - Collected collision time for BConcave+EConvex+3700_flipped at IoU 0.05: 4283.333333333333
2025-07-26 22:17:40,295 - DEBUG - Collected collision time for BConcave+EConvex+3700_flipped at IoU 0.1: nan
2025-07-26 22:17:40,295 - DEBUG - Collected collision time for BConcave+EConvex+3700_flipped at IoU 0.15: nan
2025-07-26 22:17:40,296 - DEBUG - Collected collision time for BConcave+EConvex+3700_flipped at IoU 0.2: nan
2025-07-26 22:17:40,296 - DEBUG - Collected collision time for BConcave+EConvex+3700_flipped at IoU 0.25: nan
2025-07-26 22:17:40,296 - DEBUG - Collected collision time for BConcave+EConvex+3700_flipped at IoU 0.3: nan
2025-07-26 22:17:40,296 - DEBUG - Collected collision time for BConcave+EConvex+3700_flipped at IoU 0.35: nan
2025-07-26 22:17:40,297 - DEBUG - Collected collision time for BConcave+EConvex+3700_flipped at IoU 0.4: nan
2025-07-26 22:17:40,297 - DEBUG - Collected collision time for BConcave+EConvex+3700_flipped at IoU 0.45: nan
2025-07-26 22:17:40,297 - DEBUG - Collected collision time for BConcave+EConvex+3700_flipped at IoU 0.5: nan
2025-07-26 22:17:40,297 - DEBUG - Collected collision time for BConcave+EConvex+3700_flipped at IoU 0.55: nan
2025-07-26 22:17:40,298 - DEBUG - Collected collision time for BConcave+EConvex+3700_flipped at IoU 0.6: nan
2025-07-26 22:17:40,298 - DEBUG - Collected collision time for BConcave+EConvex+3700_flipped at IoU 0.65: nan
2025-07-26 22:17:40,298 - DEBUG - Collected collision time for BConcave+EConvex+3700_flipped at IoU 0.7: nan
2025-07-26 22:17:40,298 - DEBUG - Collected collision time for BConcave+EConvex+3700_flipped at IoU 0.75: nan
2025-07-26 22:17:40,299 - DEBUG - Collected collision time for BConcave+EConvex+3700_flipped at IoU 0.8: nan
2025-07-26 22:17:40,299 - DEBUG - Collected collision time for BConcave+EConvex+3700_flipped at IoU 0.85: nan
2025-07-26 22:17:40,299 - DEBUG - Collected collision time for BConcave+EConvex+3700_flipped at IoU 0.9: nan
2025-07-26 22:17:40,299 - DEBUG - Collected collision time for BConcave+EConvex+3700_flipped at IoU 0.95: nan
2025-07-26 22:17:40,300 - DEBUG - Collected collision time for BConcave+EConvex+3900 at IoU 0.05: 4116.666666666666
2025-07-26 22:17:40,300 - DEBUG - Collected collision time for BConcave+EConvex+3900 at IoU 0.1: 4250.0
2025-07-26 22:17:40,300 - DEBUG - Collected collision time for BConcave+EConvex+3900 at IoU 0.15: 4350.0
2025-07-26 22:17:40,301 - DEBUG - Collected collision time for BConcave+EConvex+3900 at IoU 0.2: 4483.333333333333
2025-07-26 22:17:40,301 - DEBUG - Collected collision time for BConcave+EConvex+3900 at IoU 0.25: 4666.666666666667
2025-07-26 22:17:40,301 - DEBUG - Collected collision time for BConcave+EConvex+3900 at IoU 0.3: nan
2025-07-26 22:17:40,301 - DEBUG - Collected collision time for BConcave+EConvex+3900 at IoU 0.35: nan
2025-07-26 22:17:40,302 - DEBUG - Collected collision time for BConcave+EConvex+3900 at IoU 0.4: nan
2025-07-26 22:17:40,302 - DEBUG - Collected collision time for BConcave+EConvex+3900 at IoU 0.45: nan
2025-07-26 22:17:40,302 - DEBUG - Collected collision time for BConcave+EConvex+3900 at IoU 0.5: nan
2025-07-26 22:17:40,302 - DEBUG - Collected collision time for BConcave+EConvex+3900 at IoU 0.55: nan
2025-07-26 22:17:40,303 - DEBUG - Collected collision time for BConcave+EConvex+3900 at IoU 0.6: nan
2025-07-26 22:17:40,303 - DEBUG - Collected collision time for BConcave+EConvex+3900 at IoU 0.65: nan
2025-07-26 22:17:40,303 - DEBUG - Collected collision time for BConcave+EConvex+3900 at IoU 0.7: nan
2025-07-26 22:17:40,303 - DEBUG - Collected collision time for BConcave+EConvex+3900 at IoU 0.75: nan
2025-07-26 22:17:40,304 - DEBUG - Collected collision time for BConcave+EConvex+3900 at IoU 0.8: nan
2025-07-26 22:17:40,304 - DEBUG - Collected collision time for BConcave+EConvex+3900 at IoU 0.85: nan
2025-07-26 22:17:40,304 - DEBUG - Collected collision time for BConcave+EConvex+3900 at IoU 0.9: nan
2025-07-26 22:17:40,305 - DEBUG - Collected collision time for BConcave+EConvex+3900 at IoU 0.95: nan
2025-07-26 22:17:40,305 - DEBUG - Collected collision time for BConcave+EConvex+4100_flipped at IoU 0.05: 4366.666666666666
2025-07-26 22:17:40,305 - DEBUG - Collected collision time for BConcave+EConvex+4100_flipped at IoU 0.1: 4466.666666666667
2025-07-26 22:17:40,305 - DEBUG - Collected collision time for BConcave+EConvex+4100_flipped at IoU 0.15: 4550.0
2025-07-26 22:17:40,306 - DEBUG - Collected collision time for BConcave+EConvex+4100_flipped at IoU 0.2: 4650.0
2025-07-26 22:17:40,306 - DEBUG - Collected collision time for BConcave+EConvex+4100_flipped at IoU 0.25: 4683.333333333334
2025-07-26 22:17:40,306 - DEBUG - Collected collision time for BConcave+EConvex+4100_flipped at IoU 0.3: 4816.666666666666
2025-07-26 22:17:40,306 - DEBUG - Collected collision time for BConcave+EConvex+4100_flipped at IoU 0.35: nan
2025-07-26 22:17:40,307 - DEBUG - Collected collision time for BConcave+EConvex+4100_flipped at IoU 0.4: nan
2025-07-26 22:17:40,307 - DEBUG - Collected collision time for BConcave+EConvex+4100_flipped at IoU 0.45: nan
2025-07-26 22:17:40,307 - DEBUG - Collected collision time for BConcave+EConvex+4100_flipped at IoU 0.5: nan
2025-07-26 22:17:40,307 - DEBUG - Collected collision time for BConcave+EConvex+4100_flipped at IoU 0.55: nan
2025-07-26 22:17:40,308 - DEBUG - Collected collision time for BConcave+EConvex+4100_flipped at IoU 0.6: nan
2025-07-26 22:17:40,308 - DEBUG - Collected collision time for BConcave+EConvex+4100_flipped at IoU 0.65: nan
2025-07-26 22:17:40,308 - DEBUG - Collected collision time for BConcave+EConvex+4100_flipped at IoU 0.7: nan
2025-07-26 22:17:40,309 - DEBUG - Collected collision time for BConcave+EConvex+4100_flipped at IoU 0.75: nan
2025-07-26 22:17:40,309 - DEBUG - Collected collision time for BConcave+EConvex+4100_flipped at IoU 0.8: nan
2025-07-26 22:17:40,309 - DEBUG - Collected collision time for BConcave+EConvex+4100_flipped at IoU 0.85: nan
2025-07-26 22:17:40,309 - DEBUG - Collected collision time for BConcave+EConvex+4100_flipped at IoU 0.9: nan
2025-07-26 22:17:40,310 - DEBUG - Collected collision time for BConcave+EConvex+4100_flipped at IoU 0.95: nan
2025-07-26 22:17:40,310 - DEBUG - Collected collision time for BConcave+EConvex+4300 at IoU 0.05: 4783.333333333333
2025-07-26 22:17:40,310 - DEBUG - Collected collision time for BConcave+EConvex+4300 at IoU 0.1: 4950.0
2025-07-26 22:17:40,311 - DEBUG - Collected collision time for BConcave+EConvex+4300 at IoU 0.15: 4983.333333333333
2025-07-26 22:17:40,311 - DEBUG - Collected collision time for BConcave+EConvex+4300 at IoU 0.2: 5100.0
2025-07-26 22:17:40,311 - DEBUG - Collected collision time for BConcave+EConvex+4300 at IoU 0.25: 5133.333333333334
2025-07-26 22:17:40,312 - DEBUG - Collected collision time for BConcave+EConvex+4300 at IoU 0.3: 5216.666666666667
2025-07-26 22:17:40,312 - DEBUG - Collected collision time for BConcave+EConvex+4300 at IoU 0.35: 5316.666666666666
2025-07-26 22:17:40,312 - DEBUG - Collected collision time for BConcave+EConvex+4300 at IoU 0.4: nan
2025-07-26 22:17:40,312 - DEBUG - Collected collision time for BConcave+EConvex+4300 at IoU 0.45: nan
2025-07-26 22:17:40,313 - DEBUG - Collected collision time for BConcave+EConvex+4300 at IoU 0.5: nan
2025-07-26 22:17:40,313 - DEBUG - Collected collision time for BConcave+EConvex+4300 at IoU 0.55: nan
2025-07-26 22:17:40,313 - DEBUG - Collected collision time for BConcave+EConvex+4300 at IoU 0.6: nan
2025-07-26 22:17:40,313 - DEBUG - Collected collision time for BConcave+EConvex+4300 at IoU 0.65: nan
2025-07-26 22:17:40,313 - DEBUG - Collected collision time for BConcave+EConvex+4300 at IoU 0.7: nan
2025-07-26 22:17:40,314 - DEBUG - Collected collision time for BConcave+EConvex+4300 at IoU 0.75: nan
2025-07-26 22:17:40,314 - DEBUG - Collected collision time for BConcave+EConvex+4300 at IoU 0.8: nan
2025-07-26 22:17:40,314 - DEBUG - Collected collision time for BConcave+EConvex+4300 at IoU 0.85: nan
2025-07-26 22:17:40,314 - DEBUG - Collected collision time for BConcave+EConvex+4300 at IoU 0.9: nan
2025-07-26 22:17:40,315 - DEBUG - Collected collision time for BConcave+EConvex+4300 at IoU 0.95: nan
2025-07-26 22:17:40,315 - DEBUG - Collected collision time for BConcave+EConvex+4500_flipped at IoU 0.05: 5266.666666666667
2025-07-26 22:17:40,315 - DEBUG - Collected collision time for BConcave+EConvex+4500_flipped at IoU 0.1: 5266.666666666667
2025-07-26 22:17:40,316 - DEBUG - Collected collision time for BConcave+EConvex+4500_flipped at IoU 0.15: nan
2025-07-26 22:17:40,316 - DEBUG - Collected collision time for BConcave+EConvex+4500_flipped at IoU 0.2: nan
2025-07-26 22:17:40,316 - DEBUG - Collected collision time for BConcave+EConvex+4500_flipped at IoU 0.25: nan
2025-07-26 22:17:40,316 - DEBUG - Collected collision time for BConcave+EConvex+4500_flipped at IoU 0.3: nan
2025-07-26 22:17:40,317 - DEBUG - Collected collision time for BConcave+EConvex+4500_flipped at IoU 0.35: nan
2025-07-26 22:17:40,317 - DEBUG - Collected collision time for BConcave+EConvex+4500_flipped at IoU 0.4: nan
2025-07-26 22:17:40,317 - DEBUG - Collected collision time for BConcave+EConvex+4500_flipped at IoU 0.45: nan
2025-07-26 22:17:40,318 - DEBUG - Collected collision time for BConcave+EConvex+4500_flipped at IoU 0.5: nan
2025-07-26 22:17:40,318 - DEBUG - Collected collision time for BConcave+EConvex+4500_flipped at IoU 0.55: nan
2025-07-26 22:17:40,318 - DEBUG - Collected collision time for BConcave+EConvex+4500_flipped at IoU 0.6: nan
2025-07-26 22:17:40,318 - DEBUG - Collected collision time for BConcave+EConvex+4500_flipped at IoU 0.65: nan
2025-07-26 22:17:40,319 - DEBUG - Collected collision time for BConcave+EConvex+4500_flipped at IoU 0.7: nan
2025-07-26 22:17:40,319 - DEBUG - Collected collision time for BConcave+EConvex+4500_flipped at IoU 0.75: nan
2025-07-26 22:17:40,319 - DEBUG - Collected collision time for BConcave+EConvex+4500_flipped at IoU 0.8: nan
2025-07-26 22:17:40,319 - DEBUG - Collected collision time for BConcave+EConvex+4500_flipped at IoU 0.85: nan
2025-07-26 22:17:40,320 - DEBUG - Collected collision time for BConcave+EConvex+4500_flipped at IoU 0.9: nan
2025-07-26 22:17:40,320 - DEBUG - Collected collision time for BConcave+EConvex+4500_flipped at IoU 0.95: nan
2025-07-26 22:17:40,320 - DEBUG - Collected collision time for BConcave+FConcave+3500_flipped at IoU 0.05: nan
2025-07-26 22:17:40,321 - DEBUG - Collected collision time for BConcave+FConcave+3500_flipped at IoU 0.1: nan
2025-07-26 22:17:40,321 - DEBUG - Collected collision time for BConcave+FConcave+3500_flipped at IoU 0.15: nan
2025-07-26 22:17:40,321 - DEBUG - Collected collision time for BConcave+FConcave+3500_flipped at IoU 0.2: nan
2025-07-26 22:17:40,321 - DEBUG - Collected collision time for BConcave+FConcave+3500_flipped at IoU 0.25: nan
2025-07-26 22:17:40,322 - DEBUG - Collected collision time for BConcave+FConcave+3500_flipped at IoU 0.3: nan
2025-07-26 22:17:40,322 - DEBUG - Collected collision time for BConcave+FConcave+3500_flipped at IoU 0.35: nan
2025-07-26 22:17:40,322 - DEBUG - Collected collision time for BConcave+FConcave+3500_flipped at IoU 0.4: nan
2025-07-26 22:17:40,322 - DEBUG - Collected collision time for BConcave+FConcave+3500_flipped at IoU 0.45: nan
2025-07-26 22:17:40,323 - DEBUG - Collected collision time for BConcave+FConcave+3500_flipped at IoU 0.5: nan
2025-07-26 22:17:40,323 - DEBUG - Collected collision time for BConcave+FConcave+3500_flipped at IoU 0.55: nan
2025-07-26 22:17:40,323 - DEBUG - Collected collision time for BConcave+FConcave+3500_flipped at IoU 0.6: nan
2025-07-26 22:17:40,323 - DEBUG - Collected collision time for BConcave+FConcave+3500_flipped at IoU 0.65: nan
2025-07-26 22:17:40,324 - DEBUG - Collected collision time for BConcave+FConcave+3500_flipped at IoU 0.7: nan
2025-07-26 22:17:40,324 - DEBUG - Collected collision time for BConcave+FConcave+3500_flipped at IoU 0.75: nan
2025-07-26 22:17:40,324 - DEBUG - Collected collision time for BConcave+FConcave+3500_flipped at IoU 0.8: nan
2025-07-26 22:17:40,324 - DEBUG - Collected collision time for BConcave+FConcave+3500_flipped at IoU 0.85: nan
2025-07-26 22:17:40,325 - DEBUG - Collected collision time for BConcave+FConcave+3500_flipped at IoU 0.9: nan
2025-07-26 22:17:40,325 - DEBUG - Collected collision time for BConcave+FConcave+3500_flipped at IoU 0.95: nan
2025-07-26 22:17:40,325 - DEBUG - Collected collision time for BConcave+FConcave+3700 at IoU 0.05: 4016.6666666666665
2025-07-26 22:17:40,326 - DEBUG - Collected collision time for BConcave+FConcave+3700 at IoU 0.1: 4183.333333333334
2025-07-26 22:17:40,326 - DEBUG - Collected collision time for BConcave+FConcave+3700 at IoU 0.15: 4300.0
2025-07-26 22:17:40,326 - DEBUG - Collected collision time for BConcave+FConcave+3700 at IoU 0.2: 4400.0
2025-07-26 22:17:40,326 - DEBUG - Collected collision time for BConcave+FConcave+3700 at IoU 0.25: 4516.666666666667
2025-07-26 22:17:40,327 - DEBUG - Collected collision time for BConcave+FConcave+3700 at IoU 0.3: 4633.333333333334
2025-07-26 22:17:40,327 - DEBUG - Collected collision time for BConcave+FConcave+3700 at IoU 0.35: 4716.666666666667
2025-07-26 22:17:40,327 - DEBUG - Collected collision time for BConcave+FConcave+3700 at IoU 0.4: nan
2025-07-26 22:17:40,327 - DEBUG - Collected collision time for BConcave+FConcave+3700 at IoU 0.45: nan
2025-07-26 22:17:40,327 - DEBUG - Collected collision time for BConcave+FConcave+3700 at IoU 0.5: nan
2025-07-26 22:17:40,328 - DEBUG - Collected collision time for BConcave+FConcave+3700 at IoU 0.55: nan
2025-07-26 22:17:40,328 - DEBUG - Collected collision time for BConcave+FConcave+3700 at IoU 0.6: nan
2025-07-26 22:17:40,328 - DEBUG - Collected collision time for BConcave+FConcave+3700 at IoU 0.65: nan
2025-07-26 22:17:40,328 - DEBUG - Collected collision time for BConcave+FConcave+3700 at IoU 0.7: nan
2025-07-26 22:17:40,329 - DEBUG - Collected collision time for BConcave+FConcave+3700 at IoU 0.75: nan
2025-07-26 22:17:40,329 - DEBUG - Collected collision time for BConcave+FConcave+3700 at IoU 0.8: nan
2025-07-26 22:17:40,329 - DEBUG - Collected collision time for BConcave+FConcave+3700 at IoU 0.85: nan
2025-07-26 22:17:40,329 - DEBUG - Collected collision time for BConcave+FConcave+3700 at IoU 0.9: nan
2025-07-26 22:17:40,330 - DEBUG - Collected collision time for BConcave+FConcave+3700 at IoU 0.95: nan
2025-07-26 22:17:40,330 - DEBUG - Collected collision time for BConcave+FConcave+3900_flipped at IoU 0.05: nan
2025-07-26 22:17:40,330 - DEBUG - Collected collision time for BConcave+FConcave+3900_flipped at IoU 0.1: nan
2025-07-26 22:17:40,331 - DEBUG - Collected collision time for BConcave+FConcave+3900_flipped at IoU 0.15: nan
2025-07-26 22:17:40,331 - DEBUG - Collected collision time for BConcave+FConcave+3900_flipped at IoU 0.2: nan
2025-07-26 22:17:40,331 - DEBUG - Collected collision time for BConcave+FConcave+3900_flipped at IoU 0.25: nan
2025-07-26 22:17:40,331 - DEBUG - Collected collision time for BConcave+FConcave+3900_flipped at IoU 0.3: nan
2025-07-26 22:17:40,332 - DEBUG - Collected collision time for BConcave+FConcave+3900_flipped at IoU 0.35: nan
2025-07-26 22:17:40,332 - DEBUG - Collected collision time for BConcave+FConcave+3900_flipped at IoU 0.4: nan
2025-07-26 22:17:40,332 - DEBUG - Collected collision time for BConcave+FConcave+3900_flipped at IoU 0.45: nan
2025-07-26 22:17:40,332 - DEBUG - Collected collision time for BConcave+FConcave+3900_flipped at IoU 0.5: nan
2025-07-26 22:17:40,333 - DEBUG - Collected collision time for BConcave+FConcave+3900_flipped at IoU 0.55: nan
2025-07-26 22:17:40,333 - DEBUG - Collected collision time for BConcave+FConcave+3900_flipped at IoU 0.6: nan
2025-07-26 22:17:40,333 - DEBUG - Collected collision time for BConcave+FConcave+3900_flipped at IoU 0.65: nan
2025-07-26 22:17:40,333 - DEBUG - Collected collision time for BConcave+FConcave+3900_flipped at IoU 0.7: nan
2025-07-26 22:17:40,334 - DEBUG - Collected collision time for BConcave+FConcave+3900_flipped at IoU 0.75: nan
2025-07-26 22:17:40,334 - DEBUG - Collected collision time for BConcave+FConcave+3900_flipped at IoU 0.8: nan
2025-07-26 22:17:40,334 - DEBUG - Collected collision time for BConcave+FConcave+3900_flipped at IoU 0.85: nan
2025-07-26 22:17:40,335 - DEBUG - Collected collision time for BConcave+FConcave+3900_flipped at IoU 0.9: nan
2025-07-26 22:17:40,335 - DEBUG - Collected collision time for BConcave+FConcave+3900_flipped at IoU 0.95: nan
2025-07-26 22:17:40,335 - DEBUG - Collected collision time for BConcave+FConcave+4100 at IoU 0.05: 4783.333333333333
2025-07-26 22:17:40,335 - DEBUG - Collected collision time for BConcave+FConcave+4100 at IoU 0.1: nan
2025-07-26 22:17:40,336 - DEBUG - Collected collision time for BConcave+FConcave+4100 at IoU 0.15: nan
2025-07-26 22:17:40,336 - DEBUG - Collected collision time for BConcave+FConcave+4100 at IoU 0.2: nan
2025-07-26 22:17:40,336 - DEBUG - Collected collision time for BConcave+FConcave+4100 at IoU 0.25: nan
2025-07-26 22:17:40,337 - DEBUG - Collected collision time for BConcave+FConcave+4100 at IoU 0.3: nan
2025-07-26 22:17:40,337 - DEBUG - Collected collision time for BConcave+FConcave+4100 at IoU 0.35: nan
2025-07-26 22:17:40,337 - DEBUG - Collected collision time for BConcave+FConcave+4100 at IoU 0.4: nan
2025-07-26 22:17:40,337 - DEBUG - Collected collision time for BConcave+FConcave+4100 at IoU 0.45: nan
2025-07-26 22:17:40,338 - DEBUG - Collected collision time for BConcave+FConcave+4100 at IoU 0.5: nan
2025-07-26 22:17:40,338 - DEBUG - Collected collision time for BConcave+FConcave+4100 at IoU 0.55: nan
2025-07-26 22:17:40,338 - DEBUG - Collected collision time for BConcave+FConcave+4100 at IoU 0.6: nan
2025-07-26 22:17:40,339 - DEBUG - Collected collision time for BConcave+FConcave+4100 at IoU 0.65: nan
2025-07-26 22:17:40,339 - DEBUG - Collected collision time for BConcave+FConcave+4100 at IoU 0.7: nan
2025-07-26 22:17:40,339 - DEBUG - Collected collision time for BConcave+FConcave+4100 at IoU 0.75: nan
2025-07-26 22:17:40,339 - DEBUG - Collected collision time for BConcave+FConcave+4100 at IoU 0.8: nan
2025-07-26 22:17:40,340 - DEBUG - Collected collision time for BConcave+FConcave+4100 at IoU 0.85: nan
2025-07-26 22:17:40,340 - DEBUG - Collected collision time for BConcave+FConcave+4100 at IoU 0.9: nan
2025-07-26 22:17:40,340 - DEBUG - Collected collision time for BConcave+FConcave+4100 at IoU 0.95: nan
2025-07-26 22:17:40,341 - DEBUG - Collected collision time for BConcave+FConcave+4300_flipped at IoU 0.05: 4700.0
2025-07-26 22:17:40,341 - DEBUG - Collected collision time for BConcave+FConcave+4300_flipped at IoU 0.1: 4833.333333333333
2025-07-26 22:17:40,341 - DEBUG - Collected collision time for BConcave+FConcave+4300_flipped at IoU 0.15: 4966.666666666667
2025-07-26 22:17:40,341 - DEBUG - Collected collision time for BConcave+FConcave+4300_flipped at IoU 0.2: nan
2025-07-26 22:17:40,342 - DEBUG - Collected collision time for BConcave+FConcave+4300_flipped at IoU 0.25: nan
2025-07-26 22:17:40,342 - DEBUG - Collected collision time for BConcave+FConcave+4300_flipped at IoU 0.3: nan
2025-07-26 22:17:40,342 - DEBUG - Collected collision time for BConcave+FConcave+4300_flipped at IoU 0.35: nan
2025-07-26 22:17:40,342 - DEBUG - Collected collision time for BConcave+FConcave+4300_flipped at IoU 0.4: nan
2025-07-26 22:17:40,343 - DEBUG - Collected collision time for BConcave+FConcave+4300_flipped at IoU 0.45: nan
2025-07-26 22:17:40,343 - DEBUG - Collected collision time for BConcave+FConcave+4300_flipped at IoU 0.5: nan
2025-07-26 22:17:40,343 - DEBUG - Collected collision time for BConcave+FConcave+4300_flipped at IoU 0.55: nan
2025-07-26 22:17:40,344 - DEBUG - Collected collision time for BConcave+FConcave+4300_flipped at IoU 0.6: nan
2025-07-26 22:17:40,344 - DEBUG - Collected collision time for BConcave+FConcave+4300_flipped at IoU 0.65: nan
2025-07-26 22:17:40,344 - DEBUG - Collected collision time for BConcave+FConcave+4300_flipped at IoU 0.7: nan
2025-07-26 22:17:40,344 - DEBUG - Collected collision time for BConcave+FConcave+4300_flipped at IoU 0.75: nan
2025-07-26 22:17:40,345 - DEBUG - Collected collision time for BConcave+FConcave+4300_flipped at IoU 0.8: nan
2025-07-26 22:17:40,345 - DEBUG - Collected collision time for BConcave+FConcave+4300_flipped at IoU 0.85: nan
2025-07-26 22:17:40,345 - DEBUG - Collected collision time for BConcave+FConcave+4300_flipped at IoU 0.9: nan
2025-07-26 22:17:40,345 - DEBUG - Collected collision time for BConcave+FConcave+4300_flipped at IoU 0.95: nan
2025-07-26 22:17:40,346 - DEBUG - Collected collision time for BConcave+FConcave+4500 at IoU 0.05: 5166.666666666667
2025-07-26 22:17:40,346 - DEBUG - Collected collision time for BConcave+FConcave+4500 at IoU 0.1: nan
2025-07-26 22:17:40,346 - DEBUG - Collected collision time for BConcave+FConcave+4500 at IoU 0.15: nan
2025-07-26 22:17:40,347 - DEBUG - Collected collision time for BConcave+FConcave+4500 at IoU 0.2: nan
2025-07-26 22:17:40,347 - DEBUG - Collected collision time for BConcave+FConcave+4500 at IoU 0.25: nan
2025-07-26 22:17:40,347 - DEBUG - Collected collision time for BConcave+FConcave+4500 at IoU 0.3: nan
2025-07-26 22:17:40,347 - DEBUG - Collected collision time for BConcave+FConcave+4500 at IoU 0.35: nan
2025-07-26 22:17:40,348 - DEBUG - Collected collision time for BConcave+FConcave+4500 at IoU 0.4: nan
2025-07-26 22:17:40,348 - DEBUG - Collected collision time for BConcave+FConcave+4500 at IoU 0.45: nan
2025-07-26 22:17:40,348 - DEBUG - Collected collision time for BConcave+FConcave+4500 at IoU 0.5: nan
2025-07-26 22:17:40,348 - DEBUG - Collected collision time for BConcave+FConcave+4500 at IoU 0.55: nan
2025-07-26 22:17:40,349 - DEBUG - Collected collision time for BConcave+FConcave+4500 at IoU 0.6: nan
2025-07-26 22:17:40,349 - DEBUG - Collected collision time for BConcave+FConcave+4500 at IoU 0.65: nan
2025-07-26 22:17:40,349 - DEBUG - Collected collision time for BConcave+FConcave+4500 at IoU 0.7: nan
2025-07-26 22:17:40,349 - DEBUG - Collected collision time for BConcave+FConcave+4500 at IoU 0.75: nan
2025-07-26 22:17:40,349 - DEBUG - Collected collision time for BConcave+FConcave+4500 at IoU 0.8: nan
2025-07-26 22:17:40,350 - DEBUG - Collected collision time for BConcave+FConcave+4500 at IoU 0.85: nan
2025-07-26 22:17:40,350 - DEBUG - Collected collision time for BConcave+FConcave+4500 at IoU 0.9: nan
2025-07-26 22:17:40,350 - DEBUG - Collected collision time for BConcave+FConcave+4500 at IoU 0.95: nan
2025-07-26 22:17:40,351 - DEBUG - Collected collision time for BConcave+FConvex+3500 at IoU 0.05: nan
2025-07-26 22:17:40,351 - DEBUG - Collected collision time for BConcave+FConvex+3500 at IoU 0.1: nan
2025-07-26 22:17:40,351 - DEBUG - Collected collision time for BConcave+FConvex+3500 at IoU 0.15: nan
2025-07-26 22:17:40,351 - DEBUG - Collected collision time for BConcave+FConvex+3500 at IoU 0.2: nan
2025-07-26 22:17:40,352 - DEBUG - Collected collision time for BConcave+FConvex+3500 at IoU 0.25: nan
2025-07-26 22:17:40,352 - DEBUG - Collected collision time for BConcave+FConvex+3500 at IoU 0.3: nan
2025-07-26 22:17:40,352 - DEBUG - Collected collision time for BConcave+FConvex+3500 at IoU 0.35: nan
2025-07-26 22:17:40,352 - DEBUG - Collected collision time for BConcave+FConvex+3500 at IoU 0.4: nan
2025-07-26 22:17:40,353 - DEBUG - Collected collision time for BConcave+FConvex+3500 at IoU 0.45: nan
2025-07-26 22:17:40,353 - DEBUG - Collected collision time for BConcave+FConvex+3500 at IoU 0.5: nan
2025-07-26 22:17:40,353 - DEBUG - Collected collision time for BConcave+FConvex+3500 at IoU 0.55: nan
2025-07-26 22:17:40,354 - DEBUG - Collected collision time for BConcave+FConvex+3500 at IoU 0.6: nan
2025-07-26 22:17:40,354 - DEBUG - Collected collision time for BConcave+FConvex+3500 at IoU 0.65: nan
2025-07-26 22:17:40,354 - DEBUG - Collected collision time for BConcave+FConvex+3500 at IoU 0.7: nan
2025-07-26 22:17:40,354 - DEBUG - Collected collision time for BConcave+FConvex+3500 at IoU 0.75: nan
2025-07-26 22:17:40,355 - DEBUG - Collected collision time for BConcave+FConvex+3500 at IoU 0.8: nan
2025-07-26 22:17:40,355 - DEBUG - Collected collision time for BConcave+FConvex+3500 at IoU 0.85: nan
2025-07-26 22:17:40,355 - DEBUG - Collected collision time for BConcave+FConvex+3500 at IoU 0.9: nan
2025-07-26 22:17:40,355 - DEBUG - Collected collision time for BConcave+FConvex+3500 at IoU 0.95: nan
2025-07-26 22:17:40,356 - DEBUG - Collected collision time for BConcave+FConvex+3700_flipped at IoU 0.05: 4133.333333333334
2025-07-26 22:17:40,356 - DEBUG - Collected collision time for BConcave+FConvex+3700_flipped at IoU 0.1: 4283.333333333333
2025-07-26 22:17:40,356 - DEBUG - Collected collision time for BConcave+FConvex+3700_flipped at IoU 0.15: 4366.666666666666
2025-07-26 22:17:40,357 - DEBUG - Collected collision time for BConcave+FConvex+3700_flipped at IoU 0.2: 4466.666666666667
2025-07-26 22:17:40,357 - DEBUG - Collected collision time for BConcave+FConvex+3700_flipped at IoU 0.25: 4483.333333333333
2025-07-26 22:17:40,357 - DEBUG - Collected collision time for BConcave+FConvex+3700_flipped at IoU 0.3: 4566.666666666666
2025-07-26 22:17:40,357 - DEBUG - Collected collision time for BConcave+FConvex+3700_flipped at IoU 0.35: 4650.0
2025-07-26 22:17:40,358 - DEBUG - Collected collision time for BConcave+FConvex+3700_flipped at IoU 0.4: 4716.666666666667
2025-07-26 22:17:40,358 - DEBUG - Collected collision time for BConcave+FConvex+3700_flipped at IoU 0.45: 4866.666666666666
2025-07-26 22:17:40,358 - DEBUG - Collected collision time for BConcave+FConvex+3700_flipped at IoU 0.5: nan
2025-07-26 22:17:40,358 - DEBUG - Collected collision time for BConcave+FConvex+3700_flipped at IoU 0.55: nan
2025-07-26 22:17:40,359 - DEBUG - Collected collision time for BConcave+FConvex+3700_flipped at IoU 0.6: nan
2025-07-26 22:17:40,359 - DEBUG - Collected collision time for BConcave+FConvex+3700_flipped at IoU 0.65: nan
2025-07-26 22:17:40,359 - DEBUG - Collected collision time for BConcave+FConvex+3700_flipped at IoU 0.7: nan
2025-07-26 22:17:40,359 - DEBUG - Collected collision time for BConcave+FConvex+3700_flipped at IoU 0.75: nan
2025-07-26 22:17:40,360 - DEBUG - Collected collision time for BConcave+FConvex+3700_flipped at IoU 0.8: nan
2025-07-26 22:17:40,360 - DEBUG - Collected collision time for BConcave+FConvex+3700_flipped at IoU 0.85: nan
2025-07-26 22:17:40,360 - DEBUG - Collected collision time for BConcave+FConvex+3700_flipped at IoU 0.9: nan
2025-07-26 22:17:40,361 - DEBUG - Collected collision time for BConcave+FConvex+3700_flipped at IoU 0.95: nan
2025-07-26 22:17:40,361 - DEBUG - Collected collision time for BConcave+FConvex+3900 at IoU 0.05: nan
2025-07-26 22:17:40,361 - DEBUG - Collected collision time for BConcave+FConvex+3900 at IoU 0.1: nan
2025-07-26 22:17:40,361 - DEBUG - Collected collision time for BConcave+FConvex+3900 at IoU 0.15: nan
2025-07-26 22:17:40,362 - DEBUG - Collected collision time for BConcave+FConvex+3900 at IoU 0.2: nan
2025-07-26 22:17:40,362 - DEBUG - Collected collision time for BConcave+FConvex+3900 at IoU 0.25: nan
2025-07-26 22:17:40,362 - DEBUG - Collected collision time for BConcave+FConvex+3900 at IoU 0.3: nan
2025-07-26 22:17:40,362 - DEBUG - Collected collision time for BConcave+FConvex+3900 at IoU 0.35: nan
2025-07-26 22:17:40,363 - DEBUG - Collected collision time for BConcave+FConvex+3900 at IoU 0.4: nan
2025-07-26 22:17:40,363 - DEBUG - Collected collision time for BConcave+FConvex+3900 at IoU 0.45: nan
2025-07-26 22:17:40,363 - DEBUG - Collected collision time for BConcave+FConvex+3900 at IoU 0.5: nan
2025-07-26 22:17:40,364 - DEBUG - Collected collision time for BConcave+FConvex+3900 at IoU 0.55: nan
2025-07-26 22:17:40,364 - DEBUG - Collected collision time for BConcave+FConvex+3900 at IoU 0.6: nan
2025-07-26 22:17:40,364 - DEBUG - Collected collision time for BConcave+FConvex+3900 at IoU 0.65: nan
2025-07-26 22:17:40,364 - DEBUG - Collected collision time for BConcave+FConvex+3900 at IoU 0.7: nan
2025-07-26 22:17:40,365 - DEBUG - Collected collision time for BConcave+FConvex+3900 at IoU 0.75: nan
2025-07-26 22:17:40,365 - DEBUG - Collected collision time for BConcave+FConvex+3900 at IoU 0.8: nan
2025-07-26 22:17:40,365 - DEBUG - Collected collision time for BConcave+FConvex+3900 at IoU 0.85: nan
2025-07-26 22:17:40,365 - DEBUG - Collected collision time for BConcave+FConvex+3900 at IoU 0.9: nan
2025-07-26 22:17:40,366 - DEBUG - Collected collision time for BConcave+FConvex+3900 at IoU 0.95: nan
2025-07-26 22:17:40,366 - DEBUG - Collected collision time for BConcave+FConvex+4100_flipped at IoU 0.05: nan
2025-07-26 22:17:40,366 - DEBUG - Collected collision time for BConcave+FConvex+4100_flipped at IoU 0.1: nan
2025-07-26 22:17:40,367 - DEBUG - Collected collision time for BConcave+FConvex+4100_flipped at IoU 0.15: nan
2025-07-26 22:17:40,367 - DEBUG - Collected collision time for BConcave+FConvex+4100_flipped at IoU 0.2: nan
2025-07-26 22:17:40,367 - DEBUG - Collected collision time for BConcave+FConvex+4100_flipped at IoU 0.25: nan
2025-07-26 22:17:40,367 - DEBUG - Collected collision time for BConcave+FConvex+4100_flipped at IoU 0.3: nan
2025-07-26 22:17:40,368 - DEBUG - Collected collision time for BConcave+FConvex+4100_flipped at IoU 0.35: nan
2025-07-26 22:17:40,368 - DEBUG - Collected collision time for BConcave+FConvex+4100_flipped at IoU 0.4: nan
2025-07-26 22:17:40,368 - DEBUG - Collected collision time for BConcave+FConvex+4100_flipped at IoU 0.45: nan
2025-07-26 22:17:40,368 - DEBUG - Collected collision time for BConcave+FConvex+4100_flipped at IoU 0.5: nan
2025-07-26 22:17:40,369 - DEBUG - Collected collision time for BConcave+FConvex+4100_flipped at IoU 0.55: nan
2025-07-26 22:17:40,369 - DEBUG - Collected collision time for BConcave+FConvex+4100_flipped at IoU 0.6: nan
2025-07-26 22:17:40,369 - DEBUG - Collected collision time for BConcave+FConvex+4100_flipped at IoU 0.65: nan
2025-07-26 22:17:40,369 - DEBUG - Collected collision time for BConcave+FConvex+4100_flipped at IoU 0.7: nan
2025-07-26 22:17:40,369 - DEBUG - Collected collision time for BConcave+FConvex+4100_flipped at IoU 0.75: nan
2025-07-26 22:17:40,370 - DEBUG - Collected collision time for BConcave+FConvex+4100_flipped at IoU 0.8: nan
2025-07-26 22:17:40,370 - DEBUG - Collected collision time for BConcave+FConvex+4100_flipped at IoU 0.85: nan
2025-07-26 22:17:40,370 - DEBUG - Collected collision time for BConcave+FConvex+4100_flipped at IoU 0.9: nan
2025-07-26 22:17:40,370 - DEBUG - Collected collision time for BConcave+FConvex+4100_flipped at IoU 0.95: nan
2025-07-26 22:17:40,371 - DEBUG - Collected collision time for BConcave+FConvex+4300 at IoU 0.05: 4700.0
2025-07-26 22:17:40,371 - DEBUG - Collected collision time for BConcave+FConvex+4300 at IoU 0.1: nan
2025-07-26 22:17:40,371 - DEBUG - Collected collision time for BConcave+FConvex+4300 at IoU 0.15: nan
2025-07-26 22:17:40,371 - DEBUG - Collected collision time for BConcave+FConvex+4300 at IoU 0.2: nan
2025-07-26 22:17:40,372 - DEBUG - Collected collision time for BConcave+FConvex+4300 at IoU 0.25: nan
2025-07-26 22:17:40,372 - DEBUG - Collected collision time for BConcave+FConvex+4300 at IoU 0.3: nan
2025-07-26 22:17:40,372 - DEBUG - Collected collision time for BConcave+FConvex+4300 at IoU 0.35: nan
2025-07-26 22:17:40,372 - DEBUG - Collected collision time for BConcave+FConvex+4300 at IoU 0.4: nan
2025-07-26 22:17:40,373 - DEBUG - Collected collision time for BConcave+FConvex+4300 at IoU 0.45: nan
2025-07-26 22:17:40,373 - DEBUG - Collected collision time for BConcave+FConvex+4300 at IoU 0.5: nan
2025-07-26 22:17:40,373 - DEBUG - Collected collision time for BConcave+FConvex+4300 at IoU 0.55: nan
2025-07-26 22:17:40,374 - DEBUG - Collected collision time for BConcave+FConvex+4300 at IoU 0.6: nan
2025-07-26 22:17:40,374 - DEBUG - Collected collision time for BConcave+FConvex+4300 at IoU 0.65: nan
2025-07-26 22:17:40,374 - DEBUG - Collected collision time for BConcave+FConvex+4300 at IoU 0.7: nan
2025-07-26 22:17:40,374 - DEBUG - Collected collision time for BConcave+FConvex+4300 at IoU 0.75: nan
2025-07-26 22:17:40,375 - DEBUG - Collected collision time for BConcave+FConvex+4300 at IoU 0.8: nan
2025-07-26 22:17:40,375 - DEBUG - Collected collision time for BConcave+FConvex+4300 at IoU 0.85: nan
2025-07-26 22:17:40,375 - DEBUG - Collected collision time for BConcave+FConvex+4300 at IoU 0.9: nan
2025-07-26 22:17:40,375 - DEBUG - Collected collision time for BConcave+FConvex+4300 at IoU 0.95: nan
2025-07-26 22:17:40,376 - DEBUG - Collected collision time for BConcave+FConvex+4500_flipped at IoU 0.05: nan
2025-07-26 22:17:40,376 - DEBUG - Collected collision time for BConcave+FConvex+4500_flipped at IoU 0.1: nan
2025-07-26 22:17:40,376 - DEBUG - Collected collision time for BConcave+FConvex+4500_flipped at IoU 0.15: nan
2025-07-26 22:17:40,376 - DEBUG - Collected collision time for BConcave+FConvex+4500_flipped at IoU 0.2: nan
2025-07-26 22:17:40,377 - DEBUG - Collected collision time for BConcave+FConvex+4500_flipped at IoU 0.25: nan
2025-07-26 22:17:40,377 - DEBUG - Collected collision time for BConcave+FConvex+4500_flipped at IoU 0.3: nan
2025-07-26 22:17:40,377 - DEBUG - Collected collision time for BConcave+FConvex+4500_flipped at IoU 0.35: nan
2025-07-26 22:17:40,377 - DEBUG - Collected collision time for BConcave+FConvex+4500_flipped at IoU 0.4: nan
2025-07-26 22:17:40,378 - DEBUG - Collected collision time for BConcave+FConvex+4500_flipped at IoU 0.45: nan
2025-07-26 22:17:40,378 - DEBUG - Collected collision time for BConcave+FConvex+4500_flipped at IoU 0.5: nan
2025-07-26 22:17:40,378 - DEBUG - Collected collision time for BConcave+FConvex+4500_flipped at IoU 0.55: nan
2025-07-26 22:17:40,378 - DEBUG - Collected collision time for BConcave+FConvex+4500_flipped at IoU 0.6: nan
2025-07-26 22:17:40,379 - DEBUG - Collected collision time for BConcave+FConvex+4500_flipped at IoU 0.65: nan
2025-07-26 22:17:40,379 - DEBUG - Collected collision time for BConcave+FConvex+4500_flipped at IoU 0.7: nan
2025-07-26 22:17:40,379 - DEBUG - Collected collision time for BConcave+FConvex+4500_flipped at IoU 0.75: nan
2025-07-26 22:17:40,380 - DEBUG - Collected collision time for BConcave+FConvex+4500_flipped at IoU 0.8: nan
2025-07-26 22:17:40,380 - DEBUG - Collected collision time for BConcave+FConvex+4500_flipped at IoU 0.85: nan
2025-07-26 22:17:40,380 - DEBUG - Collected collision time for BConcave+FConvex+4500_flipped at IoU 0.9: nan
2025-07-26 22:17:40,380 - DEBUG - Collected collision time for BConcave+FConvex+4500_flipped at IoU 0.95: nan
2025-07-26 22:17:40,381 - DEBUG - Collected collision time for BConcave+gConcave+3500_flipped at IoU 0.05: 3933.333333333333
2025-07-26 22:17:40,381 - DEBUG - Collected collision time for BConcave+gConcave+3500_flipped at IoU 0.1: 4016.6666666666665
2025-07-26 22:17:40,381 - DEBUG - Collected collision time for BConcave+gConcave+3500_flipped at IoU 0.15: 4100.0
2025-07-26 22:17:40,381 - DEBUG - Collected collision time for BConcave+gConcave+3500_flipped at IoU 0.2: 4133.333333333334
2025-07-26 22:17:40,382 - DEBUG - Collected collision time for BConcave+gConcave+3500_flipped at IoU 0.25: 4200.0
2025-07-26 22:17:40,382 - DEBUG - Collected collision time for BConcave+gConcave+3500_flipped at IoU 0.3: 4300.0
2025-07-26 22:17:40,382 - DEBUG - Collected collision time for BConcave+gConcave+3500_flipped at IoU 0.35: nan
2025-07-26 22:17:40,382 - DEBUG - Collected collision time for BConcave+gConcave+3500_flipped at IoU 0.4: nan
2025-07-26 22:17:40,383 - DEBUG - Collected collision time for BConcave+gConcave+3500_flipped at IoU 0.45: nan
2025-07-26 22:17:40,383 - DEBUG - Collected collision time for BConcave+gConcave+3500_flipped at IoU 0.5: nan
2025-07-26 22:17:40,383 - DEBUG - Collected collision time for BConcave+gConcave+3500_flipped at IoU 0.55: nan
2025-07-26 22:17:40,383 - DEBUG - Collected collision time for BConcave+gConcave+3500_flipped at IoU 0.6: nan
2025-07-26 22:17:40,384 - DEBUG - Collected collision time for BConcave+gConcave+3500_flipped at IoU 0.65: nan
2025-07-26 22:17:40,384 - DEBUG - Collected collision time for BConcave+gConcave+3500_flipped at IoU 0.7: nan
2025-07-26 22:17:40,384 - DEBUG - Collected collision time for BConcave+gConcave+3500_flipped at IoU 0.75: nan
2025-07-26 22:17:40,385 - DEBUG - Collected collision time for BConcave+gConcave+3500_flipped at IoU 0.8: nan
2025-07-26 22:17:40,385 - DEBUG - Collected collision time for BConcave+gConcave+3500_flipped at IoU 0.85: nan
2025-07-26 22:17:40,385 - DEBUG - Collected collision time for BConcave+gConcave+3500_flipped at IoU 0.9: nan
2025-07-26 22:17:40,385 - DEBUG - Collected collision time for BConcave+gConcave+3500_flipped at IoU 0.95: nan
2025-07-26 22:17:40,386 - DEBUG - Collected collision time for BConcave+gConcave+3700 at IoU 0.05: 3816.666666666667
2025-07-26 22:17:40,386 - DEBUG - Collected collision time for BConcave+gConcave+3700 at IoU 0.1: 4000.0
2025-07-26 22:17:40,386 - DEBUG - Collected collision time for BConcave+gConcave+3700 at IoU 0.15: 4133.333333333334
2025-07-26 22:17:40,386 - DEBUG - Collected collision time for BConcave+gConcave+3700 at IoU 0.2: 4650.0
2025-07-26 22:17:40,387 - DEBUG - Collected collision time for BConcave+gConcave+3700 at IoU 0.25: 4650.0
2025-07-26 22:17:40,387 - DEBUG - Collected collision time for BConcave+gConcave+3700 at IoU 0.3: 4650.0
2025-07-26 22:17:40,387 - DEBUG - Collected collision time for BConcave+gConcave+3700 at IoU 0.35: nan
2025-07-26 22:17:40,387 - DEBUG - Collected collision time for BConcave+gConcave+3700 at IoU 0.4: nan
2025-07-26 22:17:40,388 - DEBUG - Collected collision time for BConcave+gConcave+3700 at IoU 0.45: nan
2025-07-26 22:17:40,388 - DEBUG - Collected collision time for BConcave+gConcave+3700 at IoU 0.5: nan
2025-07-26 22:17:40,388 - DEBUG - Collected collision time for BConcave+gConcave+3700 at IoU 0.55: nan
2025-07-26 22:17:40,389 - DEBUG - Collected collision time for BConcave+gConcave+3700 at IoU 0.6: nan
2025-07-26 22:17:40,389 - DEBUG - Collected collision time for BConcave+gConcave+3700 at IoU 0.65: nan
2025-07-26 22:17:40,389 - DEBUG - Collected collision time for BConcave+gConcave+3700 at IoU 0.7: nan
2025-07-26 22:17:40,389 - DEBUG - Collected collision time for BConcave+gConcave+3700 at IoU 0.75: nan
2025-07-26 22:17:40,390 - DEBUG - Collected collision time for BConcave+gConcave+3700 at IoU 0.8: nan
2025-07-26 22:17:40,390 - DEBUG - Collected collision time for BConcave+gConcave+3700 at IoU 0.85: nan
2025-07-26 22:17:40,390 - DEBUG - Collected collision time for BConcave+gConcave+3700 at IoU 0.9: nan
2025-07-26 22:17:40,391 - DEBUG - Collected collision time for BConcave+gConcave+3700 at IoU 0.95: nan
2025-07-26 22:17:40,391 - DEBUG - Collected collision time for BConcave+gConcave+3900_flipped at IoU 0.05: nan
2025-07-26 22:17:40,391 - DEBUG - Collected collision time for BConcave+gConcave+3900_flipped at IoU 0.1: nan
2025-07-26 22:17:40,391 - DEBUG - Collected collision time for BConcave+gConcave+3900_flipped at IoU 0.15: nan
2025-07-26 22:17:40,392 - DEBUG - Collected collision time for BConcave+gConcave+3900_flipped at IoU 0.2: nan
2025-07-26 22:17:40,392 - DEBUG - Collected collision time for BConcave+gConcave+3900_flipped at IoU 0.25: nan
2025-07-26 22:17:40,392 - DEBUG - Collected collision time for BConcave+gConcave+3900_flipped at IoU 0.3: nan
2025-07-26 22:17:40,392 - DEBUG - Collected collision time for BConcave+gConcave+3900_flipped at IoU 0.35: nan
2025-07-26 22:17:40,393 - DEBUG - Collected collision time for BConcave+gConcave+3900_flipped at IoU 0.4: nan
2025-07-26 22:17:40,393 - DEBUG - Collected collision time for BConcave+gConcave+3900_flipped at IoU 0.45: nan
2025-07-26 22:17:40,393 - DEBUG - Collected collision time for BConcave+gConcave+3900_flipped at IoU 0.5: nan
2025-07-26 22:17:40,393 - DEBUG - Collected collision time for BConcave+gConcave+3900_flipped at IoU 0.55: nan
2025-07-26 22:17:40,394 - DEBUG - Collected collision time for BConcave+gConcave+3900_flipped at IoU 0.6: nan
2025-07-26 22:17:40,394 - DEBUG - Collected collision time for BConcave+gConcave+3900_flipped at IoU 0.65: nan
2025-07-26 22:17:40,394 - DEBUG - Collected collision time for BConcave+gConcave+3900_flipped at IoU 0.7: nan
2025-07-26 22:17:40,394 - DEBUG - Collected collision time for BConcave+gConcave+3900_flipped at IoU 0.75: nan
2025-07-26 22:17:40,395 - DEBUG - Collected collision time for BConcave+gConcave+3900_flipped at IoU 0.8: nan
2025-07-26 22:17:40,395 - DEBUG - Collected collision time for BConcave+gConcave+3900_flipped at IoU 0.85: nan
2025-07-26 22:17:40,395 - DEBUG - Collected collision time for BConcave+gConcave+3900_flipped at IoU 0.9: nan
2025-07-26 22:17:40,395 - DEBUG - Collected collision time for BConcave+gConcave+3900_flipped at IoU 0.95: nan
2025-07-26 22:17:40,396 - DEBUG - Collected collision time for BConcave+gConcave+4100 at IoU 0.05: 4516.666666666667
2025-07-26 22:17:40,396 - DEBUG - Collected collision time for BConcave+gConcave+4100 at IoU 0.1: 4633.333333333334
2025-07-26 22:17:40,396 - DEBUG - Collected collision time for BConcave+gConcave+4100 at IoU 0.15: 4800.0
2025-07-26 22:17:40,397 - DEBUG - Collected collision time for BConcave+gConcave+4100 at IoU 0.2: nan
2025-07-26 22:17:40,397 - DEBUG - Collected collision time for BConcave+gConcave+4100 at IoU 0.25: nan
2025-07-26 22:17:40,397 - DEBUG - Collected collision time for BConcave+gConcave+4100 at IoU 0.3: nan
2025-07-26 22:17:40,397 - DEBUG - Collected collision time for BConcave+gConcave+4100 at IoU 0.35: nan
2025-07-26 22:17:40,398 - DEBUG - Collected collision time for BConcave+gConcave+4100 at IoU 0.4: nan
2025-07-26 22:17:40,398 - DEBUG - Collected collision time for BConcave+gConcave+4100 at IoU 0.45: nan
2025-07-26 22:17:40,398 - DEBUG - Collected collision time for BConcave+gConcave+4100 at IoU 0.5: nan
2025-07-26 22:17:40,398 - DEBUG - Collected collision time for BConcave+gConcave+4100 at IoU 0.55: nan
2025-07-26 22:17:40,399 - DEBUG - Collected collision time for BConcave+gConcave+4100 at IoU 0.6: nan
2025-07-26 22:17:40,399 - DEBUG - Collected collision time for BConcave+gConcave+4100 at IoU 0.65: nan
2025-07-26 22:17:40,399 - DEBUG - Collected collision time for BConcave+gConcave+4100 at IoU 0.7: nan
2025-07-26 22:17:40,400 - DEBUG - Collected collision time for BConcave+gConcave+4100 at IoU 0.75: nan
2025-07-26 22:17:40,400 - DEBUG - Collected collision time for BConcave+gConcave+4100 at IoU 0.8: nan
2025-07-26 22:17:40,400 - DEBUG - Collected collision time for BConcave+gConcave+4100 at IoU 0.85: nan
2025-07-26 22:17:40,400 - DEBUG - Collected collision time for BConcave+gConcave+4100 at IoU 0.9: nan
2025-07-26 22:17:40,401 - DEBUG - Collected collision time for BConcave+gConcave+4100 at IoU 0.95: nan
2025-07-26 22:17:40,401 - DEBUG - Collected collision time for BConcave+gConcave+4300_flipped at IoU 0.05: nan
2025-07-26 22:17:40,401 - DEBUG - Collected collision time for BConcave+gConcave+4300_flipped at IoU 0.1: nan
2025-07-26 22:17:40,401 - DEBUG - Collected collision time for BConcave+gConcave+4300_flipped at IoU 0.15: nan
2025-07-26 22:17:40,402 - DEBUG - Collected collision time for BConcave+gConcave+4300_flipped at IoU 0.2: nan
2025-07-26 22:17:40,402 - DEBUG - Collected collision time for BConcave+gConcave+4300_flipped at IoU 0.25: nan
2025-07-26 22:17:40,402 - DEBUG - Collected collision time for BConcave+gConcave+4300_flipped at IoU 0.3: nan
2025-07-26 22:17:40,402 - DEBUG - Collected collision time for BConcave+gConcave+4300_flipped at IoU 0.35: nan
2025-07-26 22:17:40,403 - DEBUG - Collected collision time for BConcave+gConcave+4300_flipped at IoU 0.4: nan
2025-07-26 22:17:40,403 - DEBUG - Collected collision time for BConcave+gConcave+4300_flipped at IoU 0.45: nan
2025-07-26 22:17:40,403 - DEBUG - Collected collision time for BConcave+gConcave+4300_flipped at IoU 0.5: nan
2025-07-26 22:17:40,403 - DEBUG - Collected collision time for BConcave+gConcave+4300_flipped at IoU 0.55: nan
2025-07-26 22:17:40,404 - DEBUG - Collected collision time for BConcave+gConcave+4300_flipped at IoU 0.6: nan
2025-07-26 22:17:40,404 - DEBUG - Collected collision time for BConcave+gConcave+4300_flipped at IoU 0.65: nan
2025-07-26 22:17:40,404 - DEBUG - Collected collision time for BConcave+gConcave+4300_flipped at IoU 0.7: nan
2025-07-26 22:17:40,404 - DEBUG - Collected collision time for BConcave+gConcave+4300_flipped at IoU 0.75: nan
2025-07-26 22:17:40,405 - DEBUG - Collected collision time for BConcave+gConcave+4300_flipped at IoU 0.8: nan
2025-07-26 22:17:40,405 - DEBUG - Collected collision time for BConcave+gConcave+4300_flipped at IoU 0.85: nan
2025-07-26 22:17:40,405 - DEBUG - Collected collision time for BConcave+gConcave+4300_flipped at IoU 0.9: nan
2025-07-26 22:17:40,406 - DEBUG - Collected collision time for BConcave+gConcave+4300_flipped at IoU 0.95: nan
2025-07-26 22:17:40,406 - DEBUG - Collected collision time for BConcave+gConcave+4500 at IoU 0.05: nan
2025-07-26 22:17:40,406 - DEBUG - Collected collision time for BConcave+gConcave+4500 at IoU 0.1: nan
2025-07-26 22:17:40,406 - DEBUG - Collected collision time for BConcave+gConcave+4500 at IoU 0.15: nan
2025-07-26 22:17:40,407 - DEBUG - Collected collision time for BConcave+gConcave+4500 at IoU 0.2: nan
2025-07-26 22:17:40,407 - DEBUG - Collected collision time for BConcave+gConcave+4500 at IoU 0.25: nan
2025-07-26 22:17:40,407 - DEBUG - Collected collision time for BConcave+gConcave+4500 at IoU 0.3: nan
2025-07-26 22:17:40,408 - DEBUG - Collected collision time for BConcave+gConcave+4500 at IoU 0.35: nan
2025-07-26 22:17:40,408 - DEBUG - Collected collision time for BConcave+gConcave+4500 at IoU 0.4: nan
2025-07-26 22:17:40,408 - DEBUG - Collected collision time for BConcave+gConcave+4500 at IoU 0.45: nan
2025-07-26 22:17:40,408 - DEBUG - Collected collision time for BConcave+gConcave+4500 at IoU 0.5: nan
2025-07-26 22:17:40,409 - DEBUG - Collected collision time for BConcave+gConcave+4500 at IoU 0.55: nan
2025-07-26 22:17:40,409 - DEBUG - Collected collision time for BConcave+gConcave+4500 at IoU 0.6: nan
2025-07-26 22:17:40,409 - DEBUG - Collected collision time for BConcave+gConcave+4500 at IoU 0.65: nan
2025-07-26 22:17:40,409 - DEBUG - Collected collision time for BConcave+gConcave+4500 at IoU 0.7: nan
2025-07-26 22:17:40,410 - DEBUG - Collected collision time for BConcave+gConcave+4500 at IoU 0.75: nan
2025-07-26 22:17:40,410 - DEBUG - Collected collision time for BConcave+gConcave+4500 at IoU 0.8: nan
2025-07-26 22:17:40,410 - DEBUG - Collected collision time for BConcave+gConcave+4500 at IoU 0.85: nan
2025-07-26 22:17:40,410 - DEBUG - Collected collision time for BConcave+gConcave+4500 at IoU 0.9: nan
2025-07-26 22:17:40,411 - DEBUG - Collected collision time for BConcave+gConcave+4500 at IoU 0.95: nan
2025-07-26 22:17:40,411 - DEBUG - Collected collision time for BConcave+gConvex+3500 at IoU 0.05: nan
2025-07-26 22:17:40,411 - DEBUG - Collected collision time for BConcave+gConvex+3500 at IoU 0.1: nan
2025-07-26 22:17:40,411 - DEBUG - Collected collision time for BConcave+gConvex+3500 at IoU 0.15: nan
2025-07-26 22:17:40,412 - DEBUG - Collected collision time for BConcave+gConvex+3500 at IoU 0.2: nan
2025-07-26 22:17:40,412 - DEBUG - Collected collision time for BConcave+gConvex+3500 at IoU 0.25: nan
2025-07-26 22:17:40,412 - DEBUG - Collected collision time for BConcave+gConvex+3500 at IoU 0.3: nan
2025-07-26 22:17:40,413 - DEBUG - Collected collision time for BConcave+gConvex+3500 at IoU 0.35: nan
2025-07-26 22:17:40,413 - DEBUG - Collected collision time for BConcave+gConvex+3500 at IoU 0.4: nan
2025-07-26 22:17:40,413 - DEBUG - Collected collision time for BConcave+gConvex+3500 at IoU 0.45: nan
2025-07-26 22:17:40,413 - DEBUG - Collected collision time for BConcave+gConvex+3500 at IoU 0.5: nan
2025-07-26 22:17:40,414 - DEBUG - Collected collision time for BConcave+gConvex+3500 at IoU 0.55: nan
2025-07-26 22:17:40,414 - DEBUG - Collected collision time for BConcave+gConvex+3500 at IoU 0.6: nan
2025-07-26 22:17:40,414 - DEBUG - Collected collision time for BConcave+gConvex+3500 at IoU 0.65: nan
2025-07-26 22:17:40,415 - DEBUG - Collected collision time for BConcave+gConvex+3500 at IoU 0.7: nan
2025-07-26 22:17:40,415 - DEBUG - Collected collision time for BConcave+gConvex+3500 at IoU 0.75: nan
2025-07-26 22:17:40,415 - DEBUG - Collected collision time for BConcave+gConvex+3500 at IoU 0.8: nan
2025-07-26 22:17:40,415 - DEBUG - Collected collision time for BConcave+gConvex+3500 at IoU 0.85: nan
2025-07-26 22:17:40,415 - DEBUG - Collected collision time for BConcave+gConvex+3500 at IoU 0.9: nan
2025-07-26 22:17:40,416 - DEBUG - Collected collision time for BConcave+gConvex+3500 at IoU 0.95: nan
2025-07-26 22:17:40,416 - DEBUG - Collected collision time for BConcave+gConvex+3700_flipped at IoU 0.05: nan
2025-07-26 22:17:40,416 - DEBUG - Collected collision time for BConcave+gConvex+3700_flipped at IoU 0.1: nan
2025-07-26 22:17:40,416 - DEBUG - Collected collision time for BConcave+gConvex+3700_flipped at IoU 0.15: nan
2025-07-26 22:17:40,417 - DEBUG - Collected collision time for BConcave+gConvex+3700_flipped at IoU 0.2: nan
2025-07-26 22:17:40,417 - DEBUG - Collected collision time for BConcave+gConvex+3700_flipped at IoU 0.25: nan
2025-07-26 22:17:40,417 - DEBUG - Collected collision time for BConcave+gConvex+3700_flipped at IoU 0.3: nan
2025-07-26 22:17:40,418 - DEBUG - Collected collision time for BConcave+gConvex+3700_flipped at IoU 0.35: nan
2025-07-26 22:17:40,418 - DEBUG - Collected collision time for BConcave+gConvex+3700_flipped at IoU 0.4: nan
2025-07-26 22:17:40,418 - DEBUG - Collected collision time for BConcave+gConvex+3700_flipped at IoU 0.45: nan
2025-07-26 22:17:40,418 - DEBUG - Collected collision time for BConcave+gConvex+3700_flipped at IoU 0.5: nan
2025-07-26 22:17:40,419 - DEBUG - Collected collision time for BConcave+gConvex+3700_flipped at IoU 0.55: nan
2025-07-26 22:17:40,419 - DEBUG - Collected collision time for BConcave+gConvex+3700_flipped at IoU 0.6: nan
2025-07-26 22:17:40,419 - DEBUG - Collected collision time for BConcave+gConvex+3700_flipped at IoU 0.65: nan
2025-07-26 22:17:40,419 - DEBUG - Collected collision time for BConcave+gConvex+3700_flipped at IoU 0.7: nan
2025-07-26 22:17:40,420 - DEBUG - Collected collision time for BConcave+gConvex+3700_flipped at IoU 0.75: nan
2025-07-26 22:17:40,420 - DEBUG - Collected collision time for BConcave+gConvex+3700_flipped at IoU 0.8: nan
2025-07-26 22:17:40,420 - DEBUG - Collected collision time for BConcave+gConvex+3700_flipped at IoU 0.85: nan
2025-07-26 22:17:40,421 - DEBUG - Collected collision time for BConcave+gConvex+3700_flipped at IoU 0.9: nan
2025-07-26 22:17:40,421 - DEBUG - Collected collision time for BConcave+gConvex+3700_flipped at IoU 0.95: nan
2025-07-26 22:17:40,421 - DEBUG - Collected collision time for BConcave+gConvex+3900 at IoU 0.05: 1616.6666666666667
2025-07-26 22:17:40,421 - DEBUG - Collected collision time for BConcave+gConvex+3900 at IoU 0.1: 1616.6666666666667
2025-07-26 22:17:40,422 - DEBUG - Collected collision time for BConcave+gConvex+3900 at IoU 0.15: 1616.6666666666667
2025-07-26 22:17:40,422 - DEBUG - Collected collision time for BConcave+gConvex+3900 at IoU 0.2: 1616.6666666666667
2025-07-26 22:17:40,422 - DEBUG - Collected collision time for BConcave+gConvex+3900 at IoU 0.25: 1616.6666666666667
2025-07-26 22:17:40,423 - DEBUG - Collected collision time for BConcave+gConvex+3900 at IoU 0.3: 1616.6666666666667
2025-07-26 22:17:40,423 - DEBUG - Collected collision time for BConcave+gConvex+3900 at IoU 0.35: nan
2025-07-26 22:17:40,423 - DEBUG - Collected collision time for BConcave+gConvex+3900 at IoU 0.4: nan
2025-07-26 22:17:40,423 - DEBUG - Collected collision time for BConcave+gConvex+3900 at IoU 0.45: nan
2025-07-26 22:17:40,424 - DEBUG - Collected collision time for BConcave+gConvex+3900 at IoU 0.5: nan
2025-07-26 22:17:40,424 - DEBUG - Collected collision time for BConcave+gConvex+3900 at IoU 0.55: nan
2025-07-26 22:17:40,424 - DEBUG - Collected collision time for BConcave+gConvex+3900 at IoU 0.6: nan
2025-07-26 22:17:40,424 - DEBUG - Collected collision time for BConcave+gConvex+3900 at IoU 0.65: nan
2025-07-26 22:17:40,424 - DEBUG - Collected collision time for BConcave+gConvex+3900 at IoU 0.7: nan
2025-07-26 22:17:40,425 - DEBUG - Collected collision time for BConcave+gConvex+3900 at IoU 0.75: nan
2025-07-26 22:17:40,425 - DEBUG - Collected collision time for BConcave+gConvex+3900 at IoU 0.8: nan
2025-07-26 22:17:40,425 - DEBUG - Collected collision time for BConcave+gConvex+3900 at IoU 0.85: nan
2025-07-26 22:17:40,426 - DEBUG - Collected collision time for BConcave+gConvex+3900 at IoU 0.9: nan
2025-07-26 22:17:40,426 - DEBUG - Collected collision time for BConcave+gConvex+3900 at IoU 0.95: nan
2025-07-26 22:17:40,426 - DEBUG - Collected collision time for BConcave+gConvex+4100_flipped at IoU 0.05: 4450.0
2025-07-26 22:17:40,426 - DEBUG - Collected collision time for BConcave+gConvex+4100_flipped at IoU 0.1: 4583.333333333333
2025-07-26 22:17:40,427 - DEBUG - Collected collision time for BConcave+gConvex+4100_flipped at IoU 0.15: 4733.333333333333
2025-07-26 22:17:40,427 - DEBUG - Collected collision time for BConcave+gConvex+4100_flipped at IoU 0.2: nan
2025-07-26 22:17:40,427 - DEBUG - Collected collision time for BConcave+gConvex+4100_flipped at IoU 0.25: nan
2025-07-26 22:17:40,427 - DEBUG - Collected collision time for BConcave+gConvex+4100_flipped at IoU 0.3: nan
2025-07-26 22:17:40,428 - DEBUG - Collected collision time for BConcave+gConvex+4100_flipped at IoU 0.35: nan
2025-07-26 22:17:40,428 - DEBUG - Collected collision time for BConcave+gConvex+4100_flipped at IoU 0.4: nan
2025-07-26 22:17:40,428 - DEBUG - Collected collision time for BConcave+gConvex+4100_flipped at IoU 0.45: nan
2025-07-26 22:17:40,428 - DEBUG - Collected collision time for BConcave+gConvex+4100_flipped at IoU 0.5: nan
2025-07-26 22:17:40,429 - DEBUG - Collected collision time for BConcave+gConvex+4100_flipped at IoU 0.55: nan
2025-07-26 22:17:40,429 - DEBUG - Collected collision time for BConcave+gConvex+4100_flipped at IoU 0.6: nan
2025-07-26 22:17:40,429 - DEBUG - Collected collision time for BConcave+gConvex+4100_flipped at IoU 0.65: nan
2025-07-26 22:17:40,429 - DEBUG - Collected collision time for BConcave+gConvex+4100_flipped at IoU 0.7: nan
2025-07-26 22:17:40,430 - DEBUG - Collected collision time for BConcave+gConvex+4100_flipped at IoU 0.75: nan
2025-07-26 22:17:40,430 - DEBUG - Collected collision time for BConcave+gConvex+4100_flipped at IoU 0.8: nan
2025-07-26 22:17:40,430 - DEBUG - Collected collision time for BConcave+gConvex+4100_flipped at IoU 0.85: nan
2025-07-26 22:17:40,430 - DEBUG - Collected collision time for BConcave+gConvex+4100_flipped at IoU 0.9: nan
2025-07-26 22:17:40,431 - DEBUG - Collected collision time for BConcave+gConvex+4100_flipped at IoU 0.95: nan
2025-07-26 22:17:40,431 - DEBUG - Collected collision time for BConcave+gConvex+4300 at IoU 0.05: nan
2025-07-26 22:17:40,431 - DEBUG - Collected collision time for BConcave+gConvex+4300 at IoU 0.1: nan
2025-07-26 22:17:40,431 - DEBUG - Collected collision time for BConcave+gConvex+4300 at IoU 0.15: nan
2025-07-26 22:17:40,432 - DEBUG - Collected collision time for BConcave+gConvex+4300 at IoU 0.2: nan
2025-07-26 22:17:40,432 - DEBUG - Collected collision time for BConcave+gConvex+4300 at IoU 0.25: nan
2025-07-26 22:17:40,432 - DEBUG - Collected collision time for BConcave+gConvex+4300 at IoU 0.3: nan
2025-07-26 22:17:40,432 - DEBUG - Collected collision time for BConcave+gConvex+4300 at IoU 0.35: nan
2025-07-26 22:17:40,433 - DEBUG - Collected collision time for BConcave+gConvex+4300 at IoU 0.4: nan
2025-07-26 22:17:40,433 - DEBUG - Collected collision time for BConcave+gConvex+4300 at IoU 0.45: nan
2025-07-26 22:17:40,433 - DEBUG - Collected collision time for BConcave+gConvex+4300 at IoU 0.5: nan
2025-07-26 22:17:40,434 - DEBUG - Collected collision time for BConcave+gConvex+4300 at IoU 0.55: nan
2025-07-26 22:17:40,434 - DEBUG - Collected collision time for BConcave+gConvex+4300 at IoU 0.6: nan
2025-07-26 22:17:40,434 - DEBUG - Collected collision time for BConcave+gConvex+4300 at IoU 0.65: nan
2025-07-26 22:17:40,434 - DEBUG - Collected collision time for BConcave+gConvex+4300 at IoU 0.7: nan
2025-07-26 22:17:40,435 - DEBUG - Collected collision time for BConcave+gConvex+4300 at IoU 0.75: nan
2025-07-26 22:17:40,435 - DEBUG - Collected collision time for BConcave+gConvex+4300 at IoU 0.8: nan
2025-07-26 22:17:40,435 - DEBUG - Collected collision time for BConcave+gConvex+4300 at IoU 0.85: nan
2025-07-26 22:17:40,435 - DEBUG - Collected collision time for BConcave+gConvex+4300 at IoU 0.9: nan
2025-07-26 22:17:40,436 - DEBUG - Collected collision time for BConcave+gConvex+4300 at IoU 0.95: nan
2025-07-26 22:17:40,436 - DEBUG - Collected collision time for BConcave+gConvex+4500_flipped at IoU 0.05: nan
2025-07-26 22:17:40,436 - DEBUG - Collected collision time for BConcave+gConvex+4500_flipped at IoU 0.1: nan
2025-07-26 22:17:40,437 - DEBUG - Collected collision time for BConcave+gConvex+4500_flipped at IoU 0.15: nan
2025-07-26 22:17:40,437 - DEBUG - Collected collision time for BConcave+gConvex+4500_flipped at IoU 0.2: nan
2025-07-26 22:17:40,437 - DEBUG - Collected collision time for BConcave+gConvex+4500_flipped at IoU 0.25: nan
2025-07-26 22:17:40,437 - DEBUG - Collected collision time for BConcave+gConvex+4500_flipped at IoU 0.3: nan
2025-07-26 22:17:40,438 - DEBUG - Collected collision time for BConcave+gConvex+4500_flipped at IoU 0.35: nan
2025-07-26 22:17:40,438 - DEBUG - Collected collision time for BConcave+gConvex+4500_flipped at IoU 0.4: nan
2025-07-26 22:17:40,438 - DEBUG - Collected collision time for BConcave+gConvex+4500_flipped at IoU 0.45: nan
2025-07-26 22:17:40,438 - DEBUG - Collected collision time for BConcave+gConvex+4500_flipped at IoU 0.5: nan
2025-07-26 22:17:40,439 - DEBUG - Collected collision time for BConcave+gConvex+4500_flipped at IoU 0.55: nan
2025-07-26 22:17:40,439 - DEBUG - Collected collision time for BConcave+gConvex+4500_flipped at IoU 0.6: nan
2025-07-26 22:17:40,439 - DEBUG - Collected collision time for BConcave+gConvex+4500_flipped at IoU 0.65: nan
2025-07-26 22:17:40,440 - DEBUG - Collected collision time for BConcave+gConvex+4500_flipped at IoU 0.7: nan
2025-07-26 22:17:40,440 - DEBUG - Collected collision time for BConcave+gConvex+4500_flipped at IoU 0.75: nan
2025-07-26 22:17:40,440 - DEBUG - Collected collision time for BConcave+gConvex+4500_flipped at IoU 0.8: nan
2025-07-26 22:17:40,440 - DEBUG - Collected collision time for BConcave+gConvex+4500_flipped at IoU 0.85: nan
2025-07-26 22:17:40,441 - DEBUG - Collected collision time for BConcave+gConvex+4500_flipped at IoU 0.9: nan
2025-07-26 22:17:40,441 - DEBUG - Collected collision time for BConcave+gConvex+4500_flipped at IoU 0.95: nan
2025-07-26 22:17:40,441 - DEBUG - Collected collision time for BConcave+hConcave+3500_flipped at IoU 0.05: 4100.0
2025-07-26 22:17:40,442 - DEBUG - Collected collision time for BConcave+hConcave+3500_flipped at IoU 0.1: 4266.666666666667
2025-07-26 22:17:40,442 - DEBUG - Collected collision time for BConcave+hConcave+3500_flipped at IoU 0.15: 4283.333333333333
2025-07-26 22:17:40,442 - DEBUG - Collected collision time for BConcave+hConcave+3500_flipped at IoU 0.2: 4333.333333333333
2025-07-26 22:17:40,442 - DEBUG - Collected collision time for BConcave+hConcave+3500_flipped at IoU 0.25: 4466.666666666667
2025-07-26 22:17:40,443 - DEBUG - Collected collision time for BConcave+hConcave+3500_flipped at IoU 0.3: 4483.333333333333
2025-07-26 22:17:40,443 - DEBUG - Collected collision time for BConcave+hConcave+3500_flipped at IoU 0.35: nan
2025-07-26 22:17:40,443 - DEBUG - Collected collision time for BConcave+hConcave+3500_flipped at IoU 0.4: nan
2025-07-26 22:17:40,443 - DEBUG - Collected collision time for BConcave+hConcave+3500_flipped at IoU 0.45: nan
2025-07-26 22:17:40,444 - DEBUG - Collected collision time for BConcave+hConcave+3500_flipped at IoU 0.5: nan
2025-07-26 22:17:40,444 - DEBUG - Collected collision time for BConcave+hConcave+3500_flipped at IoU 0.55: nan
2025-07-26 22:17:40,444 - DEBUG - Collected collision time for BConcave+hConcave+3500_flipped at IoU 0.6: nan
2025-07-26 22:17:40,444 - DEBUG - Collected collision time for BConcave+hConcave+3500_flipped at IoU 0.65: nan
2025-07-26 22:17:40,445 - DEBUG - Collected collision time for BConcave+hConcave+3500_flipped at IoU 0.7: nan
2025-07-26 22:17:40,445 - DEBUG - Collected collision time for BConcave+hConcave+3500_flipped at IoU 0.75: nan
2025-07-26 22:17:40,445 - DEBUG - Collected collision time for BConcave+hConcave+3500_flipped at IoU 0.8: nan
2025-07-26 22:17:40,445 - DEBUG - Collected collision time for BConcave+hConcave+3500_flipped at IoU 0.85: nan
2025-07-26 22:17:40,446 - DEBUG - Collected collision time for BConcave+hConcave+3500_flipped at IoU 0.9: nan
2025-07-26 22:17:40,446 - DEBUG - Collected collision time for BConcave+hConcave+3500_flipped at IoU 0.95: nan
2025-07-26 22:17:40,446 - DEBUG - Collected collision time for BConcave+hConcave+3700 at IoU 0.05: nan
2025-07-26 22:17:40,447 - DEBUG - Collected collision time for BConcave+hConcave+3700 at IoU 0.1: nan
2025-07-26 22:17:40,447 - DEBUG - Collected collision time for BConcave+hConcave+3700 at IoU 0.15: nan
2025-07-26 22:17:40,447 - DEBUG - Collected collision time for BConcave+hConcave+3700 at IoU 0.2: nan
2025-07-26 22:17:40,448 - DEBUG - Collected collision time for BConcave+hConcave+3700 at IoU 0.25: nan
2025-07-26 22:17:40,448 - DEBUG - Collected collision time for BConcave+hConcave+3700 at IoU 0.3: nan
2025-07-26 22:17:40,448 - DEBUG - Collected collision time for BConcave+hConcave+3700 at IoU 0.35: nan
2025-07-26 22:17:40,448 - DEBUG - Collected collision time for BConcave+hConcave+3700 at IoU 0.4: nan
2025-07-26 22:17:40,449 - DEBUG - Collected collision time for BConcave+hConcave+3700 at IoU 0.45: nan
2025-07-26 22:17:40,449 - DEBUG - Collected collision time for BConcave+hConcave+3700 at IoU 0.5: nan
2025-07-26 22:17:40,449 - DEBUG - Collected collision time for BConcave+hConcave+3700 at IoU 0.55: nan
2025-07-26 22:17:40,449 - DEBUG - Collected collision time for BConcave+hConcave+3700 at IoU 0.6: nan
2025-07-26 22:17:40,450 - DEBUG - Collected collision time for BConcave+hConcave+3700 at IoU 0.65: nan
2025-07-26 22:17:40,450 - DEBUG - Collected collision time for BConcave+hConcave+3700 at IoU 0.7: nan
2025-07-26 22:17:40,450 - DEBUG - Collected collision time for BConcave+hConcave+3700 at IoU 0.75: nan
2025-07-26 22:17:40,450 - DEBUG - Collected collision time for BConcave+hConcave+3700 at IoU 0.8: nan
2025-07-26 22:17:40,451 - DEBUG - Collected collision time for BConcave+hConcave+3700 at IoU 0.85: nan
2025-07-26 22:17:40,451 - DEBUG - Collected collision time for BConcave+hConcave+3700 at IoU 0.9: nan
2025-07-26 22:17:40,451 - DEBUG - Collected collision time for BConcave+hConcave+3700 at IoU 0.95: nan
2025-07-26 22:17:40,452 - DEBUG - Collected collision time for BConcave+hConcave+3900_flipped at IoU 0.05: 4166.666666666667
2025-07-26 22:17:40,452 - DEBUG - Collected collision time for BConcave+hConcave+3900_flipped at IoU 0.1: 4316.666666666666
2025-07-26 22:17:40,453 - DEBUG - Collected collision time for BConcave+hConcave+3900_flipped at IoU 0.15: 4450.0
2025-07-26 22:17:40,453 - DEBUG - Collected collision time for BConcave+hConcave+3900_flipped at IoU 0.2: 4550.0
2025-07-26 22:17:40,453 - DEBUG - Collected collision time for BConcave+hConcave+3900_flipped at IoU 0.25: 4650.0
2025-07-26 22:17:40,453 - DEBUG - Collected collision time for BConcave+hConcave+3900_flipped at IoU 0.3: 4750.0
2025-07-26 22:17:40,454 - DEBUG - Collected collision time for BConcave+hConcave+3900_flipped at IoU 0.35: 4866.666666666666
2025-07-26 22:17:40,454 - DEBUG - Collected collision time for BConcave+hConcave+3900_flipped at IoU 0.4: nan
2025-07-26 22:17:40,454 - DEBUG - Collected collision time for BConcave+hConcave+3900_flipped at IoU 0.45: nan
2025-07-26 22:17:40,454 - DEBUG - Collected collision time for BConcave+hConcave+3900_flipped at IoU 0.5: nan
2025-07-26 22:17:40,455 - DEBUG - Collected collision time for BConcave+hConcave+3900_flipped at IoU 0.55: nan
2025-07-26 22:17:40,455 - DEBUG - Collected collision time for BConcave+hConcave+3900_flipped at IoU 0.6: nan
2025-07-26 22:17:40,455 - DEBUG - Collected collision time for BConcave+hConcave+3900_flipped at IoU 0.65: nan
2025-07-26 22:17:40,455 - DEBUG - Collected collision time for BConcave+hConcave+3900_flipped at IoU 0.7: nan
2025-07-26 22:17:40,456 - DEBUG - Collected collision time for BConcave+hConcave+3900_flipped at IoU 0.75: nan
2025-07-26 22:17:40,456 - DEBUG - Collected collision time for BConcave+hConcave+3900_flipped at IoU 0.8: nan
2025-07-26 22:17:40,456 - DEBUG - Collected collision time for BConcave+hConcave+3900_flipped at IoU 0.85: nan
2025-07-26 22:17:40,456 - DEBUG - Collected collision time for BConcave+hConcave+3900_flipped at IoU 0.9: nan
2025-07-26 22:17:40,457 - DEBUG - Collected collision time for BConcave+hConcave+3900_flipped at IoU 0.95: nan
2025-07-26 22:17:40,457 - DEBUG - Collected collision time for BConcave+hConcave+4100 at IoU 0.05: 4433.333333333334
2025-07-26 22:17:40,457 - DEBUG - Collected collision time for BConcave+hConcave+4100 at IoU 0.1: 4600.0
2025-07-26 22:17:40,457 - DEBUG - Collected collision time for BConcave+hConcave+4100 at IoU 0.15: 4700.0
2025-07-26 22:17:40,458 - DEBUG - Collected collision time for BConcave+hConcave+4100 at IoU 0.2: 4833.333333333333
2025-07-26 22:17:40,458 - DEBUG - Collected collision time for BConcave+hConcave+4100 at IoU 0.25: 4916.666666666667
2025-07-26 22:17:40,458 - DEBUG - Collected collision time for BConcave+hConcave+4100 at IoU 0.3: 5100.0
2025-07-26 22:17:40,459 - DEBUG - Collected collision time for BConcave+hConcave+4100 at IoU 0.35: nan
2025-07-26 22:17:40,459 - DEBUG - Collected collision time for BConcave+hConcave+4100 at IoU 0.4: nan
2025-07-26 22:17:40,459 - DEBUG - Collected collision time for BConcave+hConcave+4100 at IoU 0.45: nan
2025-07-26 22:17:40,459 - DEBUG - Collected collision time for BConcave+hConcave+4100 at IoU 0.5: nan
2025-07-26 22:17:40,460 - DEBUG - Collected collision time for BConcave+hConcave+4100 at IoU 0.55: nan
2025-07-26 22:17:40,460 - DEBUG - Collected collision time for BConcave+hConcave+4100 at IoU 0.6: nan
2025-07-26 22:17:40,460 - DEBUG - Collected collision time for BConcave+hConcave+4100 at IoU 0.65: nan
2025-07-26 22:17:40,460 - DEBUG - Collected collision time for BConcave+hConcave+4100 at IoU 0.7: nan
2025-07-26 22:17:40,460 - DEBUG - Collected collision time for BConcave+hConcave+4100 at IoU 0.75: nan
2025-07-26 22:17:40,461 - DEBUG - Collected collision time for BConcave+hConcave+4100 at IoU 0.8: nan
2025-07-26 22:17:40,461 - DEBUG - Collected collision time for BConcave+hConcave+4100 at IoU 0.85: nan
2025-07-26 22:17:40,461 - DEBUG - Collected collision time for BConcave+hConcave+4100 at IoU 0.9: nan
2025-07-26 22:17:40,462 - DEBUG - Collected collision time for BConcave+hConcave+4100 at IoU 0.95: nan
2025-07-26 22:17:40,462 - DEBUG - Collected collision time for BConcave+hConcave+4300_flipped at IoU 0.05: 4750.0
2025-07-26 22:17:40,462 - DEBUG - Collected collision time for BConcave+hConcave+4300_flipped at IoU 0.1: 4950.0
2025-07-26 22:17:40,463 - DEBUG - Collected collision time for BConcave+hConcave+4300_flipped at IoU 0.15: 5050.0
2025-07-26 22:17:40,463 - DEBUG - Collected collision time for BConcave+hConcave+4300_flipped at IoU 0.2: 5233.333333333333
2025-07-26 22:17:40,463 - DEBUG - Collected collision time for BConcave+hConcave+4300_flipped at IoU 0.25: nan
2025-07-26 22:17:40,463 - DEBUG - Collected collision time for BConcave+hConcave+4300_flipped at IoU 0.3: nan
2025-07-26 22:17:40,464 - DEBUG - Collected collision time for BConcave+hConcave+4300_flipped at IoU 0.35: nan
2025-07-26 22:17:40,464 - DEBUG - Collected collision time for BConcave+hConcave+4300_flipped at IoU 0.4: nan
2025-07-26 22:17:40,464 - DEBUG - Collected collision time for BConcave+hConcave+4300_flipped at IoU 0.45: nan
2025-07-26 22:17:40,464 - DEBUG - Collected collision time for BConcave+hConcave+4300_flipped at IoU 0.5: nan
2025-07-26 22:17:40,464 - DEBUG - Collected collision time for BConcave+hConcave+4300_flipped at IoU 0.55: nan
2025-07-26 22:17:40,465 - DEBUG - Collected collision time for BConcave+hConcave+4300_flipped at IoU 0.6: nan
2025-07-26 22:17:40,465 - DEBUG - Collected collision time for BConcave+hConcave+4300_flipped at IoU 0.65: nan
2025-07-26 22:17:40,465 - DEBUG - Collected collision time for BConcave+hConcave+4300_flipped at IoU 0.7: nan
2025-07-26 22:17:40,466 - DEBUG - Collected collision time for BConcave+hConcave+4300_flipped at IoU 0.75: nan
2025-07-26 22:17:40,466 - DEBUG - Collected collision time for BConcave+hConcave+4300_flipped at IoU 0.8: nan
2025-07-26 22:17:40,466 - DEBUG - Collected collision time for BConcave+hConcave+4300_flipped at IoU 0.85: nan
2025-07-26 22:17:40,467 - DEBUG - Collected collision time for BConcave+hConcave+4300_flipped at IoU 0.9: nan
2025-07-26 22:17:40,467 - DEBUG - Collected collision time for BConcave+hConcave+4300_flipped at IoU 0.95: nan
2025-07-26 22:17:40,467 - DEBUG - Collected collision time for BConcave+hConcave+4500 at IoU 0.05: 5000.0
2025-07-26 22:17:40,467 - DEBUG - Collected collision time for BConcave+hConcave+4500 at IoU 0.1: 5150.0
2025-07-26 22:17:40,468 - DEBUG - Collected collision time for BConcave+hConcave+4500 at IoU 0.15: 5350.0
2025-07-26 22:17:40,468 - DEBUG - Collected collision time for BConcave+hConcave+4500 at IoU 0.2: nan
2025-07-26 22:17:40,468 - DEBUG - Collected collision time for BConcave+hConcave+4500 at IoU 0.25: nan
2025-07-26 22:17:40,468 - DEBUG - Collected collision time for BConcave+hConcave+4500 at IoU 0.3: nan
2025-07-26 22:17:40,469 - DEBUG - Collected collision time for BConcave+hConcave+4500 at IoU 0.35: nan
2025-07-26 22:17:40,469 - DEBUG - Collected collision time for BConcave+hConcave+4500 at IoU 0.4: nan
2025-07-26 22:17:40,469 - DEBUG - Collected collision time for BConcave+hConcave+4500 at IoU 0.45: nan
2025-07-26 22:17:40,470 - DEBUG - Collected collision time for BConcave+hConcave+4500 at IoU 0.5: nan
2025-07-26 22:17:40,470 - DEBUG - Collected collision time for BConcave+hConcave+4500 at IoU 0.55: nan
2025-07-26 22:17:40,470 - DEBUG - Collected collision time for BConcave+hConcave+4500 at IoU 0.6: nan
2025-07-26 22:17:40,471 - DEBUG - Collected collision time for BConcave+hConcave+4500 at IoU 0.65: nan
2025-07-26 22:17:40,471 - DEBUG - Collected collision time for BConcave+hConcave+4500 at IoU 0.7: nan
2025-07-26 22:17:40,471 - DEBUG - Collected collision time for BConcave+hConcave+4500 at IoU 0.75: nan
2025-07-26 22:17:40,471 - DEBUG - Collected collision time for BConcave+hConcave+4500 at IoU 0.8: nan
2025-07-26 22:17:40,472 - DEBUG - Collected collision time for BConcave+hConcave+4500 at IoU 0.85: nan
2025-07-26 22:17:40,472 - DEBUG - Collected collision time for BConcave+hConcave+4500 at IoU 0.9: nan
2025-07-26 22:17:40,472 - DEBUG - Collected collision time for BConcave+hConcave+4500 at IoU 0.95: nan
2025-07-26 22:17:40,472 - DEBUG - Collected collision time for BConcave+hConvex+3500 at IoU 0.05: nan
2025-07-26 22:17:40,473 - DEBUG - Collected collision time for BConcave+hConvex+3500 at IoU 0.1: nan
2025-07-26 22:17:40,473 - DEBUG - Collected collision time for BConcave+hConvex+3500 at IoU 0.15: nan
2025-07-26 22:17:40,473 - DEBUG - Collected collision time for BConcave+hConvex+3500 at IoU 0.2: nan
2025-07-26 22:17:40,473 - DEBUG - Collected collision time for BConcave+hConvex+3500 at IoU 0.25: nan
2025-07-26 22:17:40,474 - DEBUG - Collected collision time for BConcave+hConvex+3500 at IoU 0.3: nan
2025-07-26 22:17:40,474 - DEBUG - Collected collision time for BConcave+hConvex+3500 at IoU 0.35: nan
2025-07-26 22:17:40,474 - DEBUG - Collected collision time for BConcave+hConvex+3500 at IoU 0.4: nan
2025-07-26 22:17:40,474 - DEBUG - Collected collision time for BConcave+hConvex+3500 at IoU 0.45: nan
2025-07-26 22:17:40,475 - DEBUG - Collected collision time for BConcave+hConvex+3500 at IoU 0.5: nan
2025-07-26 22:17:40,475 - DEBUG - Collected collision time for BConcave+hConvex+3500 at IoU 0.55: nan
2025-07-26 22:17:40,475 - DEBUG - Collected collision time for BConcave+hConvex+3500 at IoU 0.6: nan
2025-07-26 22:17:40,475 - DEBUG - Collected collision time for BConcave+hConvex+3500 at IoU 0.65: nan
2025-07-26 22:17:40,476 - DEBUG - Collected collision time for BConcave+hConvex+3500 at IoU 0.7: nan
2025-07-26 22:17:40,476 - DEBUG - Collected collision time for BConcave+hConvex+3500 at IoU 0.75: nan
2025-07-26 22:17:40,476 - DEBUG - Collected collision time for BConcave+hConvex+3500 at IoU 0.8: nan
2025-07-26 22:17:40,477 - DEBUG - Collected collision time for BConcave+hConvex+3500 at IoU 0.85: nan
2025-07-26 22:17:40,477 - DEBUG - Collected collision time for BConcave+hConvex+3500 at IoU 0.9: nan
2025-07-26 22:17:40,477 - DEBUG - Collected collision time for BConcave+hConvex+3500 at IoU 0.95: nan
2025-07-26 22:17:40,477 - DEBUG - Collected collision time for BConcave+hConvex+3700_flipped at IoU 0.05: 5300.0
2025-07-26 22:17:40,478 - DEBUG - Collected collision time for BConcave+hConvex+3700_flipped at IoU 0.1: nan
2025-07-26 22:17:40,478 - DEBUG - Collected collision time for BConcave+hConvex+3700_flipped at IoU 0.15: nan
2025-07-26 22:17:40,478 - DEBUG - Collected collision time for BConcave+hConvex+3700_flipped at IoU 0.2: nan
2025-07-26 22:17:40,478 - DEBUG - Collected collision time for BConcave+hConvex+3700_flipped at IoU 0.25: nan
2025-07-26 22:17:40,479 - DEBUG - Collected collision time for BConcave+hConvex+3700_flipped at IoU 0.3: nan
2025-07-26 22:17:40,479 - DEBUG - Collected collision time for BConcave+hConvex+3700_flipped at IoU 0.35: nan
2025-07-26 22:17:40,479 - DEBUG - Collected collision time for BConcave+hConvex+3700_flipped at IoU 0.4: nan
2025-07-26 22:17:40,479 - DEBUG - Collected collision time for BConcave+hConvex+3700_flipped at IoU 0.45: nan
2025-07-26 22:17:40,480 - DEBUG - Collected collision time for BConcave+hConvex+3700_flipped at IoU 0.5: nan
2025-07-26 22:17:40,480 - DEBUG - Collected collision time for BConcave+hConvex+3700_flipped at IoU 0.55: nan
2025-07-26 22:17:40,480 - DEBUG - Collected collision time for BConcave+hConvex+3700_flipped at IoU 0.6: nan
2025-07-26 22:17:40,481 - DEBUG - Collected collision time for BConcave+hConvex+3700_flipped at IoU 0.65: nan
2025-07-26 22:17:40,481 - DEBUG - Collected collision time for BConcave+hConvex+3700_flipped at IoU 0.7: nan
2025-07-26 22:17:40,481 - DEBUG - Collected collision time for BConcave+hConvex+3700_flipped at IoU 0.75: nan
2025-07-26 22:17:40,481 - DEBUG - Collected collision time for BConcave+hConvex+3700_flipped at IoU 0.8: nan
2025-07-26 22:17:40,481 - DEBUG - Collected collision time for BConcave+hConvex+3700_flipped at IoU 0.85: nan
2025-07-26 22:17:40,482 - DEBUG - Collected collision time for BConcave+hConvex+3700_flipped at IoU 0.9: nan
2025-07-26 22:17:40,482 - DEBUG - Collected collision time for BConcave+hConvex+3700_flipped at IoU 0.95: nan
2025-07-26 22:17:40,482 - DEBUG - Collected collision time for BConcave+hConvex+3900 at IoU 0.05: nan
2025-07-26 22:17:40,483 - DEBUG - Collected collision time for BConcave+hConvex+3900 at IoU 0.1: nan
2025-07-26 22:17:40,483 - DEBUG - Collected collision time for BConcave+hConvex+3900 at IoU 0.15: nan
2025-07-26 22:17:40,483 - DEBUG - Collected collision time for BConcave+hConvex+3900 at IoU 0.2: nan
2025-07-26 22:17:40,483 - DEBUG - Collected collision time for BConcave+hConvex+3900 at IoU 0.25: nan
2025-07-26 22:17:40,484 - DEBUG - Collected collision time for BConcave+hConvex+3900 at IoU 0.3: nan
2025-07-26 22:17:40,484 - DEBUG - Collected collision time for BConcave+hConvex+3900 at IoU 0.35: nan
2025-07-26 22:17:40,484 - DEBUG - Collected collision time for BConcave+hConvex+3900 at IoU 0.4: nan
2025-07-26 22:17:40,484 - DEBUG - Collected collision time for BConcave+hConvex+3900 at IoU 0.45: nan
2025-07-26 22:17:40,484 - DEBUG - Collected collision time for BConcave+hConvex+3900 at IoU 0.5: nan
2025-07-26 22:17:40,485 - DEBUG - Collected collision time for BConcave+hConvex+3900 at IoU 0.55: nan
2025-07-26 22:17:40,485 - DEBUG - Collected collision time for BConcave+hConvex+3900 at IoU 0.6: nan
2025-07-26 22:17:40,485 - DEBUG - Collected collision time for BConcave+hConvex+3900 at IoU 0.65: nan
2025-07-26 22:17:40,485 - DEBUG - Collected collision time for BConcave+hConvex+3900 at IoU 0.7: nan
2025-07-26 22:17:40,486 - DEBUG - Collected collision time for BConcave+hConvex+3900 at IoU 0.75: nan
2025-07-26 22:17:40,486 - DEBUG - Collected collision time for BConcave+hConvex+3900 at IoU 0.8: nan
2025-07-26 22:17:40,486 - DEBUG - Collected collision time for BConcave+hConvex+3900 at IoU 0.85: nan
2025-07-26 22:17:40,486 - DEBUG - Collected collision time for BConcave+hConvex+3900 at IoU 0.9: nan
2025-07-26 22:17:40,487 - DEBUG - Collected collision time for BConcave+hConvex+3900 at IoU 0.95: nan
2025-07-26 22:17:40,487 - DEBUG - Collected collision time for BConcave+hConvex+4100_flipped at IoU 0.05: 5233.333333333333
2025-07-26 22:17:40,487 - DEBUG - Collected collision time for BConcave+hConvex+4100_flipped at IoU 0.1: 5466.666666666667
2025-07-26 22:17:40,487 - DEBUG - Collected collision time for BConcave+hConvex+4100_flipped at IoU 0.15: nan
2025-07-26 22:17:40,488 - DEBUG - Collected collision time for BConcave+hConvex+4100_flipped at IoU 0.2: nan
2025-07-26 22:17:40,488 - DEBUG - Collected collision time for BConcave+hConvex+4100_flipped at IoU 0.25: nan
2025-07-26 22:17:40,488 - DEBUG - Collected collision time for BConcave+hConvex+4100_flipped at IoU 0.3: nan
2025-07-26 22:17:40,488 - DEBUG - Collected collision time for BConcave+hConvex+4100_flipped at IoU 0.35: nan
2025-07-26 22:17:40,489 - DEBUG - Collected collision time for BConcave+hConvex+4100_flipped at IoU 0.4: nan
2025-07-26 22:17:40,489 - DEBUG - Collected collision time for BConcave+hConvex+4100_flipped at IoU 0.45: nan
2025-07-26 22:17:40,489 - DEBUG - Collected collision time for BConcave+hConvex+4100_flipped at IoU 0.5: nan
2025-07-26 22:17:40,489 - DEBUG - Collected collision time for BConcave+hConvex+4100_flipped at IoU 0.55: nan
2025-07-26 22:17:40,490 - DEBUG - Collected collision time for BConcave+hConvex+4100_flipped at IoU 0.6: nan
2025-07-26 22:17:40,490 - DEBUG - Collected collision time for BConcave+hConvex+4100_flipped at IoU 0.65: nan
2025-07-26 22:17:40,490 - DEBUG - Collected collision time for BConcave+hConvex+4100_flipped at IoU 0.7: nan
2025-07-26 22:17:40,490 - DEBUG - Collected collision time for BConcave+hConvex+4100_flipped at IoU 0.75: nan
2025-07-26 22:17:40,491 - DEBUG - Collected collision time for BConcave+hConvex+4100_flipped at IoU 0.8: nan
2025-07-26 22:17:40,491 - DEBUG - Collected collision time for BConcave+hConvex+4100_flipped at IoU 0.85: nan
2025-07-26 22:17:40,491 - DEBUG - Collected collision time for BConcave+hConvex+4100_flipped at IoU 0.9: nan
2025-07-26 22:17:40,492 - DEBUG - Collected collision time for BConcave+hConvex+4100_flipped at IoU 0.95: nan
2025-07-26 22:17:40,492 - DEBUG - Collected collision time for BConcave+hConvex+4300 at IoU 0.05: nan
2025-07-26 22:17:40,492 - DEBUG - Collected collision time for BConcave+hConvex+4300 at IoU 0.1: nan
2025-07-26 22:17:40,492 - DEBUG - Collected collision time for BConcave+hConvex+4300 at IoU 0.15: nan
2025-07-26 22:17:40,492 - DEBUG - Collected collision time for BConcave+hConvex+4300 at IoU 0.2: nan
2025-07-26 22:17:40,493 - DEBUG - Collected collision time for BConcave+hConvex+4300 at IoU 0.25: nan
2025-07-26 22:17:40,493 - DEBUG - Collected collision time for BConcave+hConvex+4300 at IoU 0.3: nan
2025-07-26 22:17:40,493 - DEBUG - Collected collision time for BConcave+hConvex+4300 at IoU 0.35: nan
2025-07-26 22:17:40,494 - DEBUG - Collected collision time for BConcave+hConvex+4300 at IoU 0.4: nan
2025-07-26 22:17:40,494 - DEBUG - Collected collision time for BConcave+hConvex+4300 at IoU 0.45: nan
2025-07-26 22:17:40,494 - DEBUG - Collected collision time for BConcave+hConvex+4300 at IoU 0.5: nan
2025-07-26 22:17:40,494 - DEBUG - Collected collision time for BConcave+hConvex+4300 at IoU 0.55: nan
2025-07-26 22:17:40,495 - DEBUG - Collected collision time for BConcave+hConvex+4300 at IoU 0.6: nan
2025-07-26 22:17:40,495 - DEBUG - Collected collision time for BConcave+hConvex+4300 at IoU 0.65: nan
2025-07-26 22:17:40,495 - DEBUG - Collected collision time for BConcave+hConvex+4300 at IoU 0.7: nan
2025-07-26 22:17:40,495 - DEBUG - Collected collision time for BConcave+hConvex+4300 at IoU 0.75: nan
2025-07-26 22:17:40,496 - DEBUG - Collected collision time for BConcave+hConvex+4300 at IoU 0.8: nan
2025-07-26 22:17:40,496 - DEBUG - Collected collision time for BConcave+hConvex+4300 at IoU 0.85: nan
2025-07-26 22:17:40,496 - DEBUG - Collected collision time for BConcave+hConvex+4300 at IoU 0.9: nan
2025-07-26 22:17:40,496 - DEBUG - Collected collision time for BConcave+hConvex+4300 at IoU 0.95: nan
2025-07-26 22:17:40,497 - DEBUG - Collected collision time for BConcave+hConvex+4500_flipped at IoU 0.05: 5250.0
2025-07-26 22:17:40,497 - DEBUG - Collected collision time for BConcave+hConvex+4500_flipped at IoU 0.1: nan
2025-07-26 22:17:40,497 - DEBUG - Collected collision time for BConcave+hConvex+4500_flipped at IoU 0.15: nan
2025-07-26 22:17:40,497 - DEBUG - Collected collision time for BConcave+hConvex+4500_flipped at IoU 0.2: nan
2025-07-26 22:17:40,498 - DEBUG - Collected collision time for BConcave+hConvex+4500_flipped at IoU 0.25: nan
2025-07-26 22:17:40,498 - DEBUG - Collected collision time for BConcave+hConvex+4500_flipped at IoU 0.3: nan
2025-07-26 22:17:40,498 - DEBUG - Collected collision time for BConcave+hConvex+4500_flipped at IoU 0.35: nan
2025-07-26 22:17:40,498 - DEBUG - Collected collision time for BConcave+hConvex+4500_flipped at IoU 0.4: nan
2025-07-26 22:17:40,499 - DEBUG - Collected collision time for BConcave+hConvex+4500_flipped at IoU 0.45: nan
2025-07-26 22:17:40,499 - DEBUG - Collected collision time for BConcave+hConvex+4500_flipped at IoU 0.5: nan
2025-07-26 22:17:40,499 - DEBUG - Collected collision time for BConcave+hConvex+4500_flipped at IoU 0.55: nan
2025-07-26 22:17:40,500 - DEBUG - Collected collision time for BConcave+hConvex+4500_flipped at IoU 0.6: nan
2025-07-26 22:17:40,500 - DEBUG - Collected collision time for BConcave+hConvex+4500_flipped at IoU 0.65: nan
2025-07-26 22:17:40,500 - DEBUG - Collected collision time for BConcave+hConvex+4500_flipped at IoU 0.7: nan
2025-07-26 22:17:40,500 - DEBUG - Collected collision time for BConcave+hConvex+4500_flipped at IoU 0.75: nan
2025-07-26 22:17:40,501 - DEBUG - Collected collision time for BConcave+hConvex+4500_flipped at IoU 0.8: nan
2025-07-26 22:17:40,501 - DEBUG - Collected collision time for BConcave+hConvex+4500_flipped at IoU 0.85: nan
2025-07-26 22:17:40,501 - DEBUG - Collected collision time for BConcave+hConvex+4500_flipped at IoU 0.9: nan
2025-07-26 22:17:40,501 - DEBUG - Collected collision time for BConcave+hConvex+4500_flipped at IoU 0.95: nan
2025-07-26 22:17:40,502 - DEBUG - Collected collision time for squareA+squareP+4433+L at IoU 0.05: 4583.333333333333
2025-07-26 22:17:40,502 - DEBUG - Collected collision time for squareA+squareP+4433+L at IoU 0.1: 4666.666666666667
2025-07-26 22:17:40,502 - DEBUG - Collected collision time for squareA+squareP+4433+L at IoU 0.15: 4733.333333333333
2025-07-26 22:17:40,502 - DEBUG - Collected collision time for squareA+squareP+4433+L at IoU 0.2: 4783.333333333333
2025-07-26 22:17:40,503 - DEBUG - Collected collision time for squareA+squareP+4433+L at IoU 0.25: 4850.0
2025-07-26 22:17:40,503 - DEBUG - Collected collision time for squareA+squareP+4433+L at IoU 0.3: 4916.666666666667
2025-07-26 22:17:40,503 - DEBUG - Collected collision time for squareA+squareP+4433+L at IoU 0.35: 4950.0
2025-07-26 22:17:40,504 - DEBUG - Collected collision time for squareA+squareP+4433+L at IoU 0.4: 5000.0
2025-07-26 22:17:40,504 - DEBUG - Collected collision time for squareA+squareP+4433+L at IoU 0.45: 5050.0
2025-07-26 22:17:40,504 - DEBUG - Collected collision time for squareA+squareP+4433+L at IoU 0.5: 5100.0
2025-07-26 22:17:40,504 - DEBUG - Collected collision time for squareA+squareP+4433+L at IoU 0.55: 5116.666666666666
2025-07-26 22:17:40,504 - DEBUG - Collected collision time for squareA+squareP+4433+L at IoU 0.6: 5150.0
2025-07-26 22:17:40,505 - DEBUG - Collected collision time for squareA+squareP+4433+L at IoU 0.65: 5183.333333333334
2025-07-26 22:17:40,505 - DEBUG - Collected collision time for squareA+squareP+4433+L at IoU 0.7: 5216.666666666667
2025-07-26 22:17:40,505 - DEBUG - Collected collision time for squareA+squareP+4433+L at IoU 0.75: 5300.0
2025-07-26 22:17:40,505 - DEBUG - Collected collision time for squareA+squareP+4433+L at IoU 0.8: 5316.666666666666
2025-07-26 22:17:40,506 - DEBUG - Collected collision time for squareA+squareP+4433+L at IoU 0.85: 5316.666666666666
2025-07-26 22:17:40,506 - DEBUG - Collected collision time for squareA+squareP+4433+L at IoU 0.9: nan
2025-07-26 22:17:40,506 - DEBUG - Collected collision time for squareA+squareP+4433+L at IoU 0.95: nan
2025-07-26 22:17:40,507 - DEBUG - Collected collision time for squareA+squareP+4433+R_flipped at IoU 0.05: 4600.0
2025-07-26 22:17:40,507 - DEBUG - Collected collision time for squareA+squareP+4433+R_flipped at IoU 0.1: 4700.0
2025-07-26 22:17:40,507 - DEBUG - Collected collision time for squareA+squareP+4433+R_flipped at IoU 0.15: 4733.333333333333
2025-07-26 22:17:40,507 - DEBUG - Collected collision time for squareA+squareP+4433+R_flipped at IoU 0.2: 4833.333333333333
2025-07-26 22:17:40,508 - DEBUG - Collected collision time for squareA+squareP+4433+R_flipped at IoU 0.25: 4900.0
2025-07-26 22:17:40,508 - DEBUG - Collected collision time for squareA+squareP+4433+R_flipped at IoU 0.3: 4916.666666666667
2025-07-26 22:17:40,508 - DEBUG - Collected collision time for squareA+squareP+4433+R_flipped at IoU 0.35: 4916.666666666667
2025-07-26 22:17:40,508 - DEBUG - Collected collision time for squareA+squareP+4433+R_flipped at IoU 0.4: 5033.333333333333
2025-07-26 22:17:40,509 - DEBUG - Collected collision time for squareA+squareP+4433+R_flipped at IoU 0.45: 5083.333333333333
2025-07-26 22:17:40,509 - DEBUG - Collected collision time for squareA+squareP+4433+R_flipped at IoU 0.5: 5116.666666666666
2025-07-26 22:17:40,509 - DEBUG - Collected collision time for squareA+squareP+4433+R_flipped at IoU 0.55: 5116.666666666666
2025-07-26 22:17:40,509 - DEBUG - Collected collision time for squareA+squareP+4433+R_flipped at IoU 0.6: 5200.0
2025-07-26 22:17:40,510 - DEBUG - Collected collision time for squareA+squareP+4433+R_flipped at IoU 0.65: 5216.666666666667
2025-07-26 22:17:40,510 - DEBUG - Collected collision time for squareA+squareP+4433+R_flipped at IoU 0.7: 5266.666666666667
2025-07-26 22:17:40,510 - DEBUG - Collected collision time for squareA+squareP+4433+R_flipped at IoU 0.75: 5283.333333333333
2025-07-26 22:17:40,510 - DEBUG - Collected collision time for squareA+squareP+4433+R_flipped at IoU 0.8: 5283.333333333333
2025-07-26 22:17:40,511 - DEBUG - Collected collision time for squareA+squareP+4433+R_flipped at IoU 0.85: 5300.0
2025-07-26 22:17:40,511 - DEBUG - Collected collision time for squareA+squareP+4433+R_flipped at IoU 0.9: nan
2025-07-26 22:17:40,511 - DEBUG - Collected collision time for squareA+squareP+4433+R_flipped at IoU 0.95: nan
2025-07-26 22:17:40,511 - INFO - Collected collision data for 99 videos
2025-07-26 22:17:40,511 - INFO - Analyzing participant correlations with proper name mapping...
2025-07-26 22:18:03,943 - INFO - Convex vs Concave analysis completed for IoU 0.05
2025-07-26 22:18:27,694 - INFO - Convex vs Concave analysis completed for IoU 0.1
2025-07-26 22:18:50,685 - INFO - Convex vs Concave analysis completed for IoU 0.15
2025-07-26 22:19:13,351 - INFO - Convex vs Concave analysis completed for IoU 0.2
2025-07-26 22:19:35,939 - INFO - Convex vs Concave analysis completed for IoU 0.25
2025-07-26 22:19:59,240 - INFO - Convex vs Concave analysis completed for IoU 0.3
2025-07-26 22:20:20,185 - INFO - Convex vs Concave analysis completed for IoU 0.35
2025-07-26 22:20:40,213 - INFO - Convex vs Concave analysis completed for IoU 0.4
2025-07-26 22:21:00,868 - INFO - Convex vs Concave analysis completed for IoU 0.45
2025-07-26 22:21:19,157 - INFO - Convex vs Concave analysis completed for IoU 0.5
2025-07-26 22:21:37,719 - INFO - Convex vs Concave analysis completed for IoU 0.55
2025-07-26 22:21:55,771 - INFO - Convex vs Concave analysis completed for IoU 0.6
2025-07-26 22:22:13,525 - INFO - Convex vs Concave analysis completed for IoU 0.65
2025-07-26 22:22:31,495 - INFO - Convex vs Concave analysis completed for IoU 0.7
2025-07-26 22:22:49,140 - INFO - Convex vs Concave analysis completed for IoU 0.75
2025-07-26 22:23:07,078 - INFO - Convex vs Concave analysis completed for IoU 0.8
2025-07-26 22:23:24,753 - INFO - Convex vs Concave analysis completed for IoU 0.85
2025-07-26 22:23:42,225 - INFO - Convex vs Concave analysis completed for IoU 0.9
2025-07-26 22:23:59,367 - INFO - Convex vs Concave analysis completed for IoU 0.95
2025-07-26 22:23:59,368 - INFO - TTC experiment completed successfully
