{
    "test_gqa_loss": 1419.1266250223073,
    "test_gqa_loss_answer_attr": 1.0104567978890415,
    "test_gqa_loss_answer_cat": 1.3071527407965147,
    "test_gqa_loss_answer_global": 0.15257208962505728,
    "test_gqa_loss_answer_obj": 0.14904851238981687,
    "test_gqa_loss_answer_rel": 2.4224796512254,
    "test_gqa_loss_answer_type": 0.0007352560788565936,
    "test_gqa_loss_bbox": 0.0,
    "test_gqa_loss_bbox_0": 0.0,
    "test_gqa_loss_bbox_1": 0.0,
    "test_gqa_loss_bbox_2": 0.0,
    "test_gqa_loss_bbox_3": 0.0,
    "test_gqa_loss_bbox_4": 0.0,
    "test_gqa_loss_ce": 9.111643113460637,
    "test_gqa_loss_ce_0": 589.5611010711206,
    "test_gqa_loss_ce_1": 396.11969040614093,
    "test_gqa_loss_ce_2": 55.998236254387095,
    "test_gqa_loss_ce_3": 75.39607250387898,
    "test_gqa_loss_ce_4": 287.8974381655001,
    "test_gqa_loss_giou": 0.0,
    "test_gqa_loss_giou_0": 0.0,
    "test_gqa_loss_giou_1": 0.0,
    "test_gqa_loss_giou_2": 0.0,
    "test_gqa_loss_giou_3": 0.0,
    "test_gqa_loss_giou_4": 0.0,
    "test_gqa_accuracy_answer_attr_unscaled": 0.6605722834616143,
    "test_gqa_accuracy_answer_cat_unscaled": 0.7332910337688656,
    "test_gqa_accuracy_answer_global_unscaled": 0.9562182741116751,
    "test_gqa_accuracy_answer_obj_unscaled": 0.9436336719445165,
    "test_gqa_accuracy_answer_rel_unscaled": 0.4853743708829589,
    "test_gqa_accuracy_answer_total_unscaled": 0.5723350253807107,
    "test_gqa_accuracy_answer_type_unscaled": 0.9998413705583756,
    "test_gqa_cardinality_error_unscaled": 2.2260152289104944,
    "test_gqa_cardinality_error_0_unscaled": 94.17834708896385,
    "test_gqa_cardinality_error_1_unscaled": 99.99992068527919,
    "test_gqa_cardinality_error_2_unscaled": 19.798619928698855,
    "test_gqa_cardinality_error_3_unscaled": 29.819210023444317,
    "test_gqa_cardinality_error_4_unscaled": 69.06170687215582,
    "test_gqa_loss_answer_attr_unscaled": 1.0104567978890415,
    "test_gqa_loss_answer_cat_unscaled": 1.3071527407965147,
    "test_gqa_loss_answer_global_unscaled": 0.15257208962505728,
    "test_gqa_loss_answer_obj_unscaled": 0.14904851238981687,
    "test_gqa_loss_answer_rel_unscaled": 2.4224796512254,
    "test_gqa_loss_answer_type_unscaled": 0.0007352560788565936,
    "test_gqa_loss_bbox_unscaled": 0.0,
    "test_gqa_loss_bbox_0_unscaled": 0.0,
    "test_gqa_loss_bbox_1_unscaled": 0.0,
    "test_gqa_loss_bbox_2_unscaled": 0.0,
    "test_gqa_loss_bbox_3_unscaled": 0.0,
    "test_gqa_loss_bbox_4_unscaled": 0.0,
    "test_gqa_loss_ce_unscaled": 9.111643113460637,
    "test_gqa_loss_ce_0_unscaled": 589.5611010711206,
    "test_gqa_loss_ce_1_unscaled": 396.11969040614093,
    "test_gqa_loss_ce_2_unscaled": 55.998236254387095,
    "test_gqa_loss_ce_3_unscaled": 75.39607250387898,
    "test_gqa_loss_ce_4_unscaled": 287.8974381655001,
    "test_gqa_loss_giou_unscaled": 0.0,
    "test_gqa_loss_giou_0_unscaled": 0.0,
    "test_gqa_loss_giou_1_unscaled": 0.0,
    "test_gqa_loss_giou_2_unscaled": 0.0,
    "test_gqa_loss_giou_3_unscaled": 0.0,
    "test_gqa_loss_giou_4_unscaled": 0.0,
    "test_gqa_coco_eval_bbox": [
        -1.0,
        -1.0,
        -1.0,
        -1.0,
        -1.0,
        -1.0,
        -1.0,
        -1.0,
        -1.0,
        -1.0,
        -1.0,
        -1.0
    ],
    "n_parameters": 185847022
}