{
    "test_gqa_loss": 1426.7896344334947,
    "test_gqa_loss_answer_attr": 0.9939679961821755,
    "test_gqa_loss_answer_cat": 1.2486820025163434,
    "test_gqa_loss_answer_global": 0.14690798311054779,
    "test_gqa_loss_answer_obj": 0.14089862364319508,
    "test_gqa_loss_answer_rel": 2.342058774896987,
    "test_gqa_loss_answer_type": 0.0007245060130744929,
    "test_gqa_loss_bbox": 0.0,
    "test_gqa_loss_bbox_0": 0.0,
    "test_gqa_loss_bbox_1": 0.0,
    "test_gqa_loss_bbox_2": 0.0,
    "test_gqa_loss_bbox_3": 0.0,
    "test_gqa_loss_bbox_4": 0.0,
    "test_gqa_loss_ce": 8.947750686994059,
    "test_gqa_loss_ce_0": 599.7864988685259,
    "test_gqa_loss_ce_1": 393.5955232726741,
    "test_gqa_loss_ce_2": 56.269365426852616,
    "test_gqa_loss_ce_3": 77.55698365729472,
    "test_gqa_loss_ce_4": 285.7602753615016,
    "test_gqa_loss_giou": 0.0,
    "test_gqa_loss_giou_0": 0.0,
    "test_gqa_loss_giou_1": 0.0,
    "test_gqa_loss_giou_2": 0.0,
    "test_gqa_loss_giou_3": 0.0,
    "test_gqa_loss_giou_4": 0.0,
    "test_gqa_accuracy_answer_attr_unscaled": 0.6666742269762882,
    "test_gqa_accuracy_answer_cat_unscaled": 0.7405985622350032,
    "test_gqa_accuracy_answer_global_unscaled": 0.9546319796954315,
    "test_gqa_accuracy_answer_obj_unscaled": 0.9498730964467005,
    "test_gqa_accuracy_answer_rel_unscaled": 0.5020433038775691,
    "test_gqa_accuracy_answer_total_unscaled": 0.5838039341916893,
    "test_gqa_accuracy_answer_type_unscaled": 0.9996827411167513,
    "test_gqa_cardinality_error_unscaled": 2.3002696702928107,
    "test_gqa_cardinality_error_0_unscaled": 94.57595174566744,
    "test_gqa_cardinality_error_1_unscaled": 100.0,
    "test_gqa_cardinality_error_2_unscaled": 19.900301395939085,
    "test_gqa_cardinality_error_3_unscaled": 30.51426079067482,
    "test_gqa_cardinality_error_4_unscaled": 67.91670370343978,
    "test_gqa_loss_answer_attr_unscaled": 0.9939679961821755,
    "test_gqa_loss_answer_cat_unscaled": 1.2486820025163434,
    "test_gqa_loss_answer_global_unscaled": 0.14690798311054779,
    "test_gqa_loss_answer_obj_unscaled": 0.14089862364319508,
    "test_gqa_loss_answer_rel_unscaled": 2.342058774896987,
    "test_gqa_loss_answer_type_unscaled": 0.0007245060130744929,
    "test_gqa_loss_bbox_unscaled": 0.0,
    "test_gqa_loss_bbox_0_unscaled": 0.0,
    "test_gqa_loss_bbox_1_unscaled": 0.0,
    "test_gqa_loss_bbox_2_unscaled": 0.0,
    "test_gqa_loss_bbox_3_unscaled": 0.0,
    "test_gqa_loss_bbox_4_unscaled": 0.0,
    "test_gqa_loss_ce_unscaled": 8.947750686994059,
    "test_gqa_loss_ce_0_unscaled": 599.7864988685259,
    "test_gqa_loss_ce_1_unscaled": 393.5955232726741,
    "test_gqa_loss_ce_2_unscaled": 56.269365426852616,
    "test_gqa_loss_ce_3_unscaled": 77.55698365729472,
    "test_gqa_loss_ce_4_unscaled": 285.7602753615016,
    "test_gqa_loss_giou_unscaled": 0.0,
    "test_gqa_loss_giou_0_unscaled": 0.0,
    "test_gqa_loss_giou_1_unscaled": 0.0,
    "test_gqa_loss_giou_2_unscaled": 0.0,
    "test_gqa_loss_giou_3_unscaled": 0.0,
    "test_gqa_loss_giou_4_unscaled": 0.0,
    "test_gqa_coco_eval_bbox": [
        -1.0,
        -1.0,
        -1.0,
        -1.0,
        -1.0,
        -1.0,
        -1.0,
        -1.0,
        -1.0,
        -1.0,
        -1.0,
        -1.0
    ],
    "n_parameters": 185847022
}