{
    "test_gqa_loss": 1435.6603842798224,
    "test_gqa_loss_answer_attr": 0.9940103014108493,
    "test_gqa_loss_answer_cat": 1.263094574806194,
    "test_gqa_loss_answer_global": 0.147288670877665,
    "test_gqa_loss_answer_obj": 0.13421064872248656,
    "test_gqa_loss_answer_rel": 2.331297315657139,
    "test_gqa_loss_answer_type": 0.0007191122427369512,
    "test_gqa_loss_bbox": 0.0,
    "test_gqa_loss_bbox_0": 0.0,
    "test_gqa_loss_bbox_1": 0.0,
    "test_gqa_loss_bbox_2": 0.0,
    "test_gqa_loss_bbox_3": 0.0,
    "test_gqa_loss_bbox_4": 0.0,
    "test_gqa_loss_ce": 8.791485735607631,
    "test_gqa_loss_ce_0": 611.6366732060002,
    "test_gqa_loss_ce_1": 391.1368502699179,
    "test_gqa_loss_ce_2": 55.992082131090505,
    "test_gqa_loss_ce_3": 78.6876030936459,
    "test_gqa_loss_ce_4": 284.54506764678183,
    "test_gqa_loss_giou": 0.0,
    "test_gqa_loss_giou_0": 0.0,
    "test_gqa_loss_giou_1": 0.0,
    "test_gqa_loss_giou_2": 0.0,
    "test_gqa_loss_giou_3": 0.0,
    "test_gqa_loss_giou_4": 0.0,
    "test_gqa_accuracy_answer_attr_unscaled": 0.6726500258833019,
    "test_gqa_accuracy_answer_cat_unscaled": 0.749270306247745,
    "test_gqa_accuracy_answer_global_unscaled": 0.9546319796954315,
    "test_gqa_accuracy_answer_obj_unscaled": 0.9545262268352025,
    "test_gqa_accuracy_answer_rel_unscaled": 0.5131088407511638,
    "test_gqa_accuracy_answer_total_unscaled": 0.5918781727098571,
    "test_gqa_accuracy_answer_type_unscaled": 0.9996827411167513,
    "test_gqa_cardinality_error_unscaled": 2.3654505068880654,
    "test_gqa_cardinality_error_0_unscaled": 95.01064405102416,
    "test_gqa_cardinality_error_1_unscaled": 100.0,
    "test_gqa_cardinality_error_2_unscaled": 19.717465100554644,
    "test_gqa_cardinality_error_3_unscaled": 30.9382614193834,
    "test_gqa_cardinality_error_4_unscaled": 67.00893082594509,
    "test_gqa_loss_answer_attr_unscaled": 0.9940103014108493,
    "test_gqa_loss_answer_cat_unscaled": 1.263094574806194,
    "test_gqa_loss_answer_global_unscaled": 0.147288670877665,
    "test_gqa_loss_answer_obj_unscaled": 0.13421064872248656,
    "test_gqa_loss_answer_rel_unscaled": 2.331297315657139,
    "test_gqa_loss_answer_type_unscaled": 0.0007191122427369512,
    "test_gqa_loss_bbox_unscaled": 0.0,
    "test_gqa_loss_bbox_0_unscaled": 0.0,
    "test_gqa_loss_bbox_1_unscaled": 0.0,
    "test_gqa_loss_bbox_2_unscaled": 0.0,
    "test_gqa_loss_bbox_3_unscaled": 0.0,
    "test_gqa_loss_bbox_4_unscaled": 0.0,
    "test_gqa_loss_ce_unscaled": 8.791485735607631,
    "test_gqa_loss_ce_0_unscaled": 611.6366732060002,
    "test_gqa_loss_ce_1_unscaled": 391.1368502699179,
    "test_gqa_loss_ce_2_unscaled": 55.992082131090505,
    "test_gqa_loss_ce_3_unscaled": 78.6876030936459,
    "test_gqa_loss_ce_4_unscaled": 284.54506764678183,
    "test_gqa_loss_giou_unscaled": 0.0,
    "test_gqa_loss_giou_0_unscaled": 0.0,
    "test_gqa_loss_giou_1_unscaled": 0.0,
    "test_gqa_loss_giou_2_unscaled": 0.0,
    "test_gqa_loss_giou_3_unscaled": 0.0,
    "test_gqa_loss_giou_4_unscaled": 0.0,
    "test_gqa_coco_eval_bbox": [
        -1.0,
        -1.0,
        -1.0,
        -1.0,
        -1.0,
        -1.0,
        -1.0,
        -1.0,
        -1.0,
        -1.0,
        -1.0,
        -1.0
    ],
    "n_parameters": 185847022
}