{
    "test_gqa_loss": 1432.9117044361715,
    "test_gqa_loss_answer_attr": 0.986561560010547,
    "test_gqa_loss_answer_cat": 1.2504909488159655,
    "test_gqa_loss_answer_global": 0.1492039694907002,
    "test_gqa_loss_answer_obj": 0.13257988853503486,
    "test_gqa_loss_answer_rel": 2.32986006152055,
    "test_gqa_loss_answer_type": 0.0007233521240885257,
    "test_gqa_loss_bbox": 0.0,
    "test_gqa_loss_bbox_0": 0.0,
    "test_gqa_loss_bbox_1": 0.0,
    "test_gqa_loss_bbox_2": 0.0,
    "test_gqa_loss_bbox_3": 0.0,
    "test_gqa_loss_bbox_4": 0.0,
    "test_gqa_loss_ce": 8.793508587754923,
    "test_gqa_loss_ce_0": 608.3320496844761,
    "test_gqa_loss_ce_1": 391.622504219791,
    "test_gqa_loss_ce_2": 56.04334486559563,
    "test_gqa_loss_ce_3": 78.62245036865853,
    "test_gqa_loss_ce_4": 284.648425416898,
    "test_gqa_loss_giou": 0.0,
    "test_gqa_loss_giou_0": 0.0,
    "test_gqa_loss_giou_1": 0.0,
    "test_gqa_loss_giou_2": 0.0,
    "test_gqa_loss_giou_3": 0.0,
    "test_gqa_loss_giou_4": 0.0,
    "test_gqa_accuracy_answer_attr_unscaled": 0.6778863075420941,
    "test_gqa_accuracy_answer_cat_unscaled": 0.7467005087185632,
    "test_gqa_accuracy_answer_global_unscaled": 0.9555837563451777,
    "test_gqa_accuracy_answer_obj_unscaled": 0.9527284260933775,
    "test_gqa_accuracy_answer_rel_unscaled": 0.5063270542222231,
    "test_gqa_accuracy_answer_total_unscaled": 0.5906567258883249,
    "test_gqa_accuracy_answer_type_unscaled": 0.9996827411167513,
    "test_gqa_cardinality_error_unscaled": 2.3562182744747493,
    "test_gqa_cardinality_error_0_unscaled": 94.8945113825919,
    "test_gqa_cardinality_error_1_unscaled": 100.0,
    "test_gqa_cardinality_error_2_unscaled": 19.76974937032322,
    "test_gqa_cardinality_error_3_unscaled": 30.94530456078234,
    "test_gqa_cardinality_error_4_unscaled": 67.13497779575096,
    "test_gqa_loss_answer_attr_unscaled": 0.986561560010547,
    "test_gqa_loss_answer_cat_unscaled": 1.2504909488159655,
    "test_gqa_loss_answer_global_unscaled": 0.1492039694907002,
    "test_gqa_loss_answer_obj_unscaled": 0.13257988853503486,
    "test_gqa_loss_answer_rel_unscaled": 2.32986006152055,
    "test_gqa_loss_answer_type_unscaled": 0.0007233521240885257,
    "test_gqa_loss_bbox_unscaled": 0.0,
    "test_gqa_loss_bbox_0_unscaled": 0.0,
    "test_gqa_loss_bbox_1_unscaled": 0.0,
    "test_gqa_loss_bbox_2_unscaled": 0.0,
    "test_gqa_loss_bbox_3_unscaled": 0.0,
    "test_gqa_loss_bbox_4_unscaled": 0.0,
    "test_gqa_loss_ce_unscaled": 8.793508587754923,
    "test_gqa_loss_ce_0_unscaled": 608.3320496844761,
    "test_gqa_loss_ce_1_unscaled": 391.622504219791,
    "test_gqa_loss_ce_2_unscaled": 56.04334486559563,
    "test_gqa_loss_ce_3_unscaled": 78.62245036865853,
    "test_gqa_loss_ce_4_unscaled": 284.648425416898,
    "test_gqa_loss_giou_unscaled": 0.0,
    "test_gqa_loss_giou_0_unscaled": 0.0,
    "test_gqa_loss_giou_1_unscaled": 0.0,
    "test_gqa_loss_giou_2_unscaled": 0.0,
    "test_gqa_loss_giou_3_unscaled": 0.0,
    "test_gqa_loss_giou_4_unscaled": 0.0,
    "test_gqa_coco_eval_bbox": [
        -1.0,
        -1.0,
        -1.0,
        -1.0,
        -1.0,
        -1.0,
        -1.0,
        -1.0,
        -1.0,
        -1.0,
        -1.0,
        -1.0
    ],
    "n_parameters": 185847022
}