{
    "test_gqa_loss": 1430.4069886183377,
    "test_gqa_loss_answer_attr": 1.0074442452585637,
    "test_gqa_loss_answer_cat": 1.2865183671324512,
    "test_gqa_loss_answer_global": 0.15143293782157943,
    "test_gqa_loss_answer_obj": 0.13577216988062676,
    "test_gqa_loss_answer_rel": 2.387048781977087,
    "test_gqa_loss_answer_type": 0.0006912109225453522,
    "test_gqa_loss_bbox": 0.0,
    "test_gqa_loss_bbox_0": 0.0,
    "test_gqa_loss_bbox_1": 0.0,
    "test_gqa_loss_bbox_2": 0.0,
    "test_gqa_loss_bbox_3": 0.0,
    "test_gqa_loss_bbox_4": 0.0,
    "test_gqa_loss_ce": 8.916897805209087,
    "test_gqa_loss_ce_0": 604.6686585711949,
    "test_gqa_loss_ce_1": 393.4318951446998,
    "test_gqa_loss_ce_2": 55.83670982128473,
    "test_gqa_loss_ce_3": 76.85877198737285,
    "test_gqa_loss_ce_4": 285.725143510073,
    "test_gqa_loss_giou": 0.0,
    "test_gqa_loss_giou_0": 0.0,
    "test_gqa_loss_giou_1": 0.0,
    "test_gqa_loss_giou_2": 0.0,
    "test_gqa_loss_giou_3": 0.0,
    "test_gqa_loss_giou_4": 0.0,
    "test_gqa_accuracy_answer_attr_unscaled": 0.6630340629271444,
    "test_gqa_accuracy_answer_cat_unscaled": 0.7421319806938849,
    "test_gqa_accuracy_answer_global_unscaled": 0.958756345177665,
    "test_gqa_accuracy_answer_obj_unscaled": 0.9499788490043679,
    "test_gqa_accuracy_answer_rel_unscaled": 0.5035872980574061,
    "test_gqa_accuracy_answer_total_unscaled": 0.5851205587387085,
    "test_gqa_accuracy_answer_type_unscaled": 0.9999206852791879,
    "test_gqa_cardinality_error_unscaled": 2.2944321063569353,
    "test_gqa_cardinality_error_0_unscaled": 94.81039022068082,
    "test_gqa_cardinality_error_1_unscaled": 100.0,
    "test_gqa_cardinality_error_2_unscaled": 19.753632618085987,
    "test_gqa_cardinality_error_3_unscaled": 30.250428291746807,
    "test_gqa_cardinality_error_4_unscaled": 67.73072654220658,
    "test_gqa_loss_answer_attr_unscaled": 1.0074442452585637,
    "test_gqa_loss_answer_cat_unscaled": 1.2865183671324512,
    "test_gqa_loss_answer_global_unscaled": 0.15143293782157943,
    "test_gqa_loss_answer_obj_unscaled": 0.13577216988062676,
    "test_gqa_loss_answer_rel_unscaled": 2.387048781977087,
    "test_gqa_loss_answer_type_unscaled": 0.0006912109225453522,
    "test_gqa_loss_bbox_unscaled": 0.0,
    "test_gqa_loss_bbox_0_unscaled": 0.0,
    "test_gqa_loss_bbox_1_unscaled": 0.0,
    "test_gqa_loss_bbox_2_unscaled": 0.0,
    "test_gqa_loss_bbox_3_unscaled": 0.0,
    "test_gqa_loss_bbox_4_unscaled": 0.0,
    "test_gqa_loss_ce_unscaled": 8.916897805209087,
    "test_gqa_loss_ce_0_unscaled": 604.6686585711949,
    "test_gqa_loss_ce_1_unscaled": 393.4318951446998,
    "test_gqa_loss_ce_2_unscaled": 55.83670982128473,
    "test_gqa_loss_ce_3_unscaled": 76.85877198737285,
    "test_gqa_loss_ce_4_unscaled": 285.725143510073,
    "test_gqa_loss_giou_unscaled": 0.0,
    "test_gqa_loss_giou_0_unscaled": 0.0,
    "test_gqa_loss_giou_1_unscaled": 0.0,
    "test_gqa_loss_giou_2_unscaled": 0.0,
    "test_gqa_loss_giou_3_unscaled": 0.0,
    "test_gqa_loss_giou_4_unscaled": 0.0,
    "test_gqa_coco_eval_bbox": [
        -1.0,
        -1.0,
        -1.0,
        -1.0,
        -1.0,
        -1.0,
        -1.0,
        -1.0,
        -1.0,
        -1.0,
        -1.0,
        -1.0
    ],
    "n_parameters": 185847022
}