{
    "test_gqa_loss": 1411.9270806481995,
    "test_gqa_loss_answer_attr": 1.0415552949088478,
    "test_gqa_loss_answer_cat": 1.4321102107949137,
    "test_gqa_loss_answer_global": 0.16179811137354697,
    "test_gqa_loss_answer_obj": 0.16247217256577318,
    "test_gqa_loss_answer_rel": 2.5871216201691456,
    "test_gqa_loss_answer_type": 0.0007384742488830174,
    "test_gqa_loss_bbox": 0.0,
    "test_gqa_loss_bbox_0": 0.0,
    "test_gqa_loss_bbox_1": 0.0,
    "test_gqa_loss_bbox_2": 0.0,
    "test_gqa_loss_bbox_3": 0.0,
    "test_gqa_loss_bbox_4": 0.0,
    "test_gqa_loss_ce": 9.484910722916501,
    "test_gqa_loss_ce_0": 577.7256416282073,
    "test_gqa_loss_ce_1": 402.0319357934942,
    "test_gqa_loss_ce_2": 55.15556613321837,
    "test_gqa_loss_ce_3": 71.0476295935926,
    "test_gqa_loss_ce_4": 291.0955985596942,
    "test_gqa_loss_giou": 0.0,
    "test_gqa_loss_giou_0": 0.0,
    "test_gqa_loss_giou_1": 0.0,
    "test_gqa_loss_giou_2": 0.0,
    "test_gqa_loss_giou_3": 0.0,
    "test_gqa_loss_giou_4": 0.0,
    "test_gqa_accuracy_answer_attr_unscaled": 0.6400675350034297,
    "test_gqa_accuracy_answer_cat_unscaled": 0.7181260582002892,
    "test_gqa_accuracy_answer_global_unscaled": 0.9536802030456852,
    "test_gqa_accuracy_answer_obj_unscaled": 0.9309433163120057,
    "test_gqa_accuracy_answer_rel_unscaled": 0.4509208112728172,
    "test_gqa_accuracy_answer_total_unscaled": 0.5424651016438673,
    "test_gqa_accuracy_answer_type_unscaled": 0.9998413705583756,
    "test_gqa_cardinality_error_unscaled": 2.0905615484653994,
    "test_gqa_cardinality_error_0_unscaled": 93.63899114773358,
    "test_gqa_cardinality_error_1_unscaled": 99.99904822335026,
    "test_gqa_cardinality_error_2_unscaled": 19.51124682644297,
    "test_gqa_cardinality_error_3_unscaled": 28.459137069392327,
    "test_gqa_cardinality_error_4_unscaled": 71.3069796876859,
    "test_gqa_loss_answer_attr_unscaled": 1.0415552949088478,
    "test_gqa_loss_answer_cat_unscaled": 1.4321102107949137,
    "test_gqa_loss_answer_global_unscaled": 0.16179811137354697,
    "test_gqa_loss_answer_obj_unscaled": 0.16247217256577318,
    "test_gqa_loss_answer_rel_unscaled": 2.5871216201691456,
    "test_gqa_loss_answer_type_unscaled": 0.0007384742488830174,
    "test_gqa_loss_bbox_unscaled": 0.0,
    "test_gqa_loss_bbox_0_unscaled": 0.0,
    "test_gqa_loss_bbox_1_unscaled": 0.0,
    "test_gqa_loss_bbox_2_unscaled": 0.0,
    "test_gqa_loss_bbox_3_unscaled": 0.0,
    "test_gqa_loss_bbox_4_unscaled": 0.0,
    "test_gqa_loss_ce_unscaled": 9.484910722916501,
    "test_gqa_loss_ce_0_unscaled": 577.7256416282073,
    "test_gqa_loss_ce_1_unscaled": 402.0319357934942,
    "test_gqa_loss_ce_2_unscaled": 55.15556613321837,
    "test_gqa_loss_ce_3_unscaled": 71.0476295935926,
    "test_gqa_loss_ce_4_unscaled": 291.0955985596942,
    "test_gqa_loss_giou_unscaled": 0.0,
    "test_gqa_loss_giou_0_unscaled": 0.0,
    "test_gqa_loss_giou_1_unscaled": 0.0,
    "test_gqa_loss_giou_2_unscaled": 0.0,
    "test_gqa_loss_giou_3_unscaled": 0.0,
    "test_gqa_loss_giou_4_unscaled": 0.0,
    "test_gqa_coco_eval_bbox": [
        -1.0,
        -1.0,
        -1.0,
        -1.0,
        -1.0,
        -1.0,
        -1.0,
        -1.0,
        -1.0,
        -1.0,
        -1.0,
        -1.0
    ],
    "n_parameters": 185847022
}